"variable","x","y"
"species_0_bathy_extrap_only",-22.4101971507073,0.828340888023376
"species_0_bathy_extrap_only",-21.8446017467499,0.828340888023376
"species_0_bathy_extrap_only",-21.2790063427925,0.828340888023376
"species_0_bathy_extrap_only",-20.7134109388352,0.828340888023376
"species_0_bathy_extrap_only",-20.1478155348778,0.828340888023376
"species_0_bathy_extrap_only",-19.5822201309204,0.828340888023376
"species_0_bathy_extrap_only",-19.0166247269631,0.828340888023376
"species_0_bathy_extrap_only",-18.4510293230057,0.828340888023376
"species_0_bathy_extrap_only",-17.8854339190483,0.828340888023376
"species_0_bathy_extrap_only",-17.319838515091,0.828340888023376
"species_0_bathy_extrap_only",-16.7542431111336,0.828340888023376
"species_0_bathy_extrap_only",-16.1886477071762,0.828340888023376
"species_0_bathy_extrap_only",-15.6230523032189,0.828340888023376
"species_0_bathy_extrap_only",-15.0574568992615,0.828340888023376
"species_0_bathy_extrap_only",-14.4918614953041,0.828340888023376
"species_0_bathy_extrap_only",-13.9262660913467,0.828340888023376
"species_0_bathy_extrap_only",-13.3606706873894,0.828340888023376
"species_0_bathy_extrap_only",-12.795075283432,0.828340888023376
"species_0_bathy_extrap_only",-12.2294798794746,0.828340888023376
"species_0_bathy_extrap_only",-11.6638844755173,0.828340888023376
"species_0_bathy_extrap_only",-11.0982890715599,0.828340888023376
"species_0_bathy_extrap_only",-10.5326936676025,0.828340888023376
"species_0_bathy_extrap_only",-9.96709826364518,0.828340888023376
"species_0_bathy_extrap_only",-9.40150285968781,0.828340888023376
"species_0_bathy_extrap_only",-8.83590745573045,0.828340888023376
"species_0_bathy_extrap_only",-8.27031205177308,0.828340888023376
"species_0_bathy_extrap_only",-7.70471664781571,0.828340888023376
"species_0_bathy_extrap_only",-7.13912124385834,0.828340888023376
"species_0_bathy_extrap_only",-6.57352583990098,0.828340888023376
"species_0_bathy_extrap_only",-6.00793043594361,0.828340888023376
"species_0_bathy_extrap_only",-5.44233503198624,0.828340888023376
"species_0_bathy_extrap_only",-4.87673962802888,0.828340888023376
"species_0_bathy_extrap_only",-4.31114422407151,0.828340888023376
"species_0_bathy_extrap_only",-3.74554882011414,0.828340888023376
"species_0_bathy_extrap_only",-3.17995341615678,0.828340888023376
"species_0_bathy_extrap_only",-2.61435801219941,0.828340888023376
"species_0_bathy_extrap_only",-2.04876260824204,0.828340888023376
"species_0_bathy_extrap_only",-1.48316720428468,0.828340888023376
"species_0_bathy_extrap_only",-0.917571800327309,0.828340888023376
"species_0_bathy_extrap_only",-0.351976396369938,0.828340888023376
"species_0_bathy_extrap_only",0.213619007587425,0.828340888023376
"species_0_bathy_extrap_only",0.779214411544793,0.828340888023376
"species_0_bathy_extrap_only",1.34480981550216,0.826498210430145
"species_0_bathy_extrap_only",1.91040521945953,0.82087641954422
"species_0_bathy_extrap_only",2.47600062341689,0.815113186836243
"species_0_bathy_extrap_only",3.04159602737426,0.809207677841187
"species_0_bathy_extrap_only",3.60719143133163,0.80315899848938
"species_0_bathy_extrap_only",4.17278683528899,0.78875321149826
"species_0_bathy_extrap_only",4.73838223924636,0.762556552886963
"species_0_bathy_extrap_only",5.30397764320373,0.734206020832062
"species_0_bathy_extrap_only",5.8695730471611,0.703785300254822
"species_0_bathy_extrap_only",6.43516845111846,0.671440958976746
"species_0_bathy_extrap_only",7.00076385507583,0.638147056102753
"species_0_bathy_extrap_only",7.5663592590332,0.619937598705292
"species_0_bathy_extrap_only",8.13195466299057,0.602178990840912
"species_0_bathy_extrap_only",8.69755006694793,0.584147214889526
"species_0_bathy_extrap_only",9.2631454709053,0.565887331962585
"species_0_bathy_extrap_only",9.82874087486266,0.547446846961975
"species_0_bathy_extrap_only",10.39433627882,0.528875172138214
"species_0_bathy_extrap_only",10.9599316827774,0.510223209857941
"species_0_bathy_extrap_only",11.5255270867348,0.491542726755142
"species_0_bathy_extrap_only",12.0911224906921,0.472885847091675
"species_0_bathy_extrap_only",12.6567178946495,0.454304367303848
"species_0_bathy_extrap_only",13.2223132986069,0.435849368572235
"species_0_bathy_extrap_only",13.7879087025642,0.417570322751999
"species_0_bathy_extrap_only",14.3535041065216,0.399515002965927
"species_0_bathy_extrap_only",14.919099510479,0.381728708744049
"species_0_bathy_extrap_only",15.4846949144363,0.364253968000412
"species_0_bathy_extrap_only",16.0502903183937,0.347129970788956
"species_0_bathy_extrap_only",16.6158857223511,0.330392718315125
"species_0_bathy_extrap_only",17.1814811263084,0.31407418847084
"species_0_bathy_extrap_only",17.7470765302658,0.298202723264694
"species_0_bathy_extrap_only",18.3126719342232,0.282802611589432
"species_0_bathy_extrap_only",18.8782673381805,0.267894238233566
"species_0_bathy_extrap_only",19.4438627421379,0.253493994474411
"species_0_bathy_extrap_only",20.0094581460953,0.239614456892014
"species_0_bathy_extrap_only",20.5750535500526,0.226264536380768
"species_0_bathy_extrap_only",21.14064895401,0.213782325387001
"species_0_bathy_extrap_only",21.7062443579674,0.204559773206711
"species_0_bathy_extrap_only",22.2718397619247,0.195636868476868
"species_0_bathy_extrap_only",22.8374351658821,0.187011688947678
"species_0_bathy_extrap_only",23.4030305698395,0.178682282567024
"species_0_bathy_extrap_only",23.9686259737968,0.170646011829376
"species_0_bathy_extrap_only",24.5342213777542,0.162899479269981
"species_0_bathy_extrap_only",25.0998167817116,0.15543869137764
"species_0_bathy_extrap_only",25.6654121856689,0.148259103298187
"species_0_bathy_extrap_only",26.2310075896263,0.141355618834496
"species_0_bathy_extrap_only",26.7966029935837,0.134722769260406
"species_0_bathy_extrap_only",27.362198397541,0.128354594111443
"species_0_bathy_extrap_only",27.9277938014984,0.12224492430687
"species_0_bathy_extrap_only",28.4933892054558,0.116387233138084
"species_0_bathy_extrap_only",29.0589846094131,0.110774807631969
"species_0_bathy_extrap_only",29.6245800133705,0.105400741100311
"species_0_bathy_extrap_only",30.1901754173279,0.100257992744446
"species_0_bathy_extrap_only",30.7557708212852,0.0953394323587418
"species_0_bathy_extrap_only",31.3213662252426,0.0906378775835037
"species_0_bathy_extrap_only",31.8869616292,0.0861460790038109
"species_0_bathy_extrap_only",32.4525570331573,0.0818568468093872
"species_0_bathy_extrap_only",33.0181524371147,0.0777629986405373
"species_0_bathy_extrap_only",33.5837478410721,0.0738574415445328
"species_0_bathy_extrap_only",34.1493432450294,0.0701331198215485
"species_0_bathy_extrap_only",34.7149386489868,0.0665830746293068
"species_0_bathy_extrap_only",35.2805340529442,0.0632005408406258
"species_0_bathy_extrap_only",35.8461294569016,0.0599787756800652
"species_0_bathy_extrap_only",36.4117248608589,0.0569112934172153
"species_0_bathy_extrap_only",36.9773202648163,0.0539916604757309
"species_0_bathy_extrap_only",37.5429156687737,0.0512136928737164
"species_0_bathy_extrap_only",38.108511072731,0.0485712997615337
"species_0_bathy_extrap_only",38.6741064766884,0.0460586398839951
"species_0_bathy_extrap_only",39.2397018806457,0.0436699986457825
"species_0_bathy_extrap_only",39.8052972846031,0.0413998439908028
"species_0_bathy_extrap_only",40.3708926885605,0.0392428711056709
"species_0_bathy_extrap_only",40.9364880925178,0.0371939092874527
"species_0_bathy_extrap_only",41.5020834964752,0.0352480113506317
"species_0_bathy_extrap_only",42.0676789004326,0.0334003753960133
"species_0_bathy_extrap_only",42.63327430439,0.0316464267671108
"species_0_bathy_extrap_only",43.1988697083473,0.0299817137420177
"species_0_bathy_extrap_only",43.7644651123047,0.0284020118415356
"species_0_bathy_extrap_only",44.3300605162621,0.0269032325595617
"species_0_bathy_extrap_only",44.8956559202194,0.0254814624786377
"species_0_bathy_extrap_only",45.4612513241768,0.0241329744458199
"species_0_bathy_extrap_only",46.0268467281342,0.0228541679680347
"species_0_bathy_extrap_only",46.5924421320915,0.0216416288167238
"species_0_bathy_extrap_only",47.1580375360489,0.0204920656979084
"species_0_bathy_extrap_only",47.7236329400063,0.0194023624062538
"species_0_bathy_extrap_only",48.2892283439636,0.0183695182204246
"species_0_bathy_extrap_only",48.854823747921,0.0173906739801168
"species_0_bathy_extrap_only",49.4204191518784,0.0164631195366383
"species_0_bathy_extrap_only",49.9860145558357,0.0155842481181026
"species_0_bathy_extrap_only",50.5516099597931,0.0147515954449773
"species_0_bathy_extrap_only",51.1172053637505,0.0139627950266004
"species_0_bathy_extrap_only",51.6828007677078,0.0132156126201153
"species_0_bathy_extrap_only",52.2483961716652,0.0125079015269876
"species_0_bathy_extrap_only",52.8139915756226,0.0118376398459077
"species_0_bathy_extrap_only",53.3795869795799,0.0112028867006302
"species_0_bathy_extrap_only",53.9451823835373,0.0106018017977476
"species_0_bathy_extrap_only",54.5107777874947,0.010032644495368
"species_0_bathy_extrap_only",55.076373191452,0.00949374493211508
"species_0_bathy_extrap_only",55.6419685954094,0.00898353289812803
"species_0_bathy_extrap_only",56.2075639993668,0.00850050244480371
"species_0_bathy_extrap_only",56.7731594033241,0.00804323609918356
"species_0_bathy_extrap_only",57.3387548072815,0.00761037552729249
"species_0_bathy_extrap_only",57.9043502112389,0.00720064388588071
"species_0_bathy_extrap_only",58.4699456151962,0.00681281974539161
"species_0_bathy_extrap_only",59.0355410191536,0.00644574593752623
"species_0_bathy_extrap_only",59.601136423111,0.00609833095222712
"species_0_bathy_extrap_only",60.1667318270683,0.00576953031122684
"species_0_bathy_extrap_only",60.7323272310257,0.00545836193487048
"species_0_bathy_extrap_only",61.2979226349831,0.00516388658434153
"species_0_bathy_extrap_only",61.8635180389404,0.00488522183150053
"species_0_bathy_extrap_only",62.4291134428978,0.0046215234324336
"species_0_bathy_extrap_only",62.9947088468552,0.00437199836596847
"species_0_bathy_extrap_only",63.5603042508125,0.00413588946685195
"species_0_bathy_extrap_only",64.1258996547699,0.00391248008236289
"species_0_bathy_extrap_only",64.6914950587273,0.00370109383948147
"species_0_bathy_extrap_only",65.2570904626846,0.00350109115242958
"species_0_bathy_extrap_only",65.822685866642,0.00331185781396925
"species_0_bathy_extrap_only",66.3882812705994,0.00313282036222517
"species_0_bathy_extrap_only",66.9538766745567,0.00296343280933797
"species_0_bathy_extrap_only",67.5194720785141,0.00280318013392389
"species_0_bathy_extrap_only",68.0850674824715,0.00265156850218773
"species_0_bathy_extrap_only",68.6506628864288,0.00250813597813249
"species_0_bathy_extrap_only",69.2162582903862,0.00237244577147067
"species_0_bathy_extrap_only",69.7818536943436,0.00224407808855176
"species_0_bathy_extrap_only",70.3474490983009,0.00212264130823314
"species_0_bathy_extrap_only",70.9130445022583,0.00200776290148497
"species_0_bathy_extrap_only",71.4786399062157,0.00189909129403532
"species_0_bathy_extrap_only",72.044235310173,0.00179628969635814
"species_0_bathy_extrap_only",72.6098307141304,0.00169904343783855
"species_0_bathy_extrap_only",73.1754261180878,0.00160705461166799
"species_0_bathy_extrap_only",73.7410215220451,0.00152003741823137
"species_0_bathy_extrap_only",74.3066169260025,0.0014377252664417
"species_0_bathy_extrap_only",74.8722123299599,0.00135986425448209
"species_0_bathy_extrap_only",75.4378077339172,0.00128621538169682
"species_0_bathy_extrap_only",76.0034031378746,0.00121654954273254
"species_0_bathy_extrap_only",76.568998541832,0.00115065276622772
"species_0_bathy_extrap_only",77.1345939457893,0.00108832225669175
"species_0_bathy_extrap_only",77.7001893497467,0.00102936383336782
"species_0_bathy_extrap_only",78.2657847537041,0.000973596412222832
"species_0_bathy_extrap_only",78.8313801576614,0.00092084746574983
"species_0_bathy_extrap_only",79.3969755616188,0.000870954594574869
"species_0_bathy_extrap_only",79.9625709655762,0.000823762151412666
"species_0_bathy_extrap_only",80.5281663695335,0.000779124849941581
"species_0_bathy_extrap_only",81.0937617734909,0.000736904505174607
"species_0_bathy_extrap_only",81.6593571774483,0.00069697096478194
"species_0_bathy_extrap_only",82.2249525814056,0.000659199547953904
"species_0_bathy_extrap_only",82.790547985363,0.000623473839368671
"species_0_bathy_extrap_only",83.3561433893204,0.000589683593716472
"species_0_bathy_extrap_only",83.9217387932777,0.00055772322230041
"species_0_bathy_extrap_only",84.4873341972351,0.000527494179550558
"species_0_bathy_extrap_only",85.0529296011925,0.000498902751132846
"species_0_bathy_extrap_only",85.6185250051498,0.000471860665129498
"species_0_bathy_extrap_only",86.1841204091072,0.000446283345809206
"species_0_bathy_extrap_only",86.7497158130646,0.000422091892687604
"species_0_bathy_extrap_only",87.315311217022,0.000399211538024247
"species_0_bathy_extrap_only",87.8809066209793,0.000377570686396211
"species_0_bathy_extrap_only",88.4465020249367,0.00035710257361643
"species_0_bathy_extrap_only",89.0120974288941,0.000337743636919186
"species_0_bathy_extrap_only",89.5776928328514,0.000319434097036719
"species_0_bathy_extrap_only",90.1432882368088,0.000302116619423032
"species_0_bathy_extrap_only",90.7088836407662,0.000285737682133913
"species_0_bathy_extrap_only",91.2744790447235,0.000270246469881386
"species_0_bathy_extrap_only",91.8400744486809,0.000255595106864348
"species_0_bathy_extrap_only",92.4056698526382,0.00024173769634217
"species_0_bathy_extrap_only",92.9712652565956,0.00022863139747642
"species_0_bathy_extrap_only",93.536860660553,0.000216235697735101
"species_0_bathy_extrap_only",94.1024560645104,0.000204511758056469
"species_0_bathy_extrap_only",94.6680514684677,0.000193423344171606
"species_0_bathy_extrap_only",95.2336468724251,0.000182936026249081
"species_0_bathy_extrap_only",95.7992422763824,0.00017301736806985
"species_0_bathy_extrap_only",96.3648376803398,0.00016363627219107
"species_0_bathy_extrap_only",96.9304330842972,0.000154763736645691
"species_0_bathy_extrap_only",97.4960284882546,0.000146372331073508
"species_0_bathy_extrap_only",98.0616238922119,0.000138435745611787
"species_0_bathy_extrap_only",98.6272192961693,0.000130929445731454
"species_0_bathy_extrap_only",99.1928147001267,0.000123830090160482
"species_0_bathy_extrap_only",99.758410104084,0.000117115734610707
"species_0_bathy_extrap_only",100.324005508041,0.000110765322460793
"species_0_bathy_extrap_only",100.889600911999,0.000104759208625183
"species_0_bathy_extrap_only",101.455196315956,9.90788175840862e-05
"species_0_bathy_extrap_only",102.020791719913,9.37063305173069e-05
"species_0_bathy_extrap_only",102.586387123871,8.86251436895691e-05
"species_0_bathy_extrap_only",103.151982527828,8.38194609968923e-05
"species_0_bathy_extrap_only",103.717577931786,7.9274395829998e-05
"species_0_bathy_extrap_only",104.283173335743,7.49757164157927e-05
"species_0_bathy_extrap_only",104.8487687397,7.09101150278002e-05
"species_0_bathy_extrap_only",105.414364143658,6.70649606036022e-05
"species_0_bathy_extrap_only",105.979959547615,6.34283424005844e-05
"species_0_bathy_extrap_only",106.545554951572,5.99888699071016e-05
"species_0_bathy_extrap_only",107.11115035553,5.67358911212068e-05
"species_0_bathy_extrap_only",107.676745759487,5.36593433935195e-05
"species_0_bathy_extrap_only",108.242341163445,5.07495751662645e-05
"species_0_bathy_extrap_only",108.807936567402,4.7997589717852e-05
"species_0_bathy_extrap_only",109.373531971359,4.53948268841486e-05
"species_0_bathy_extrap_only",109.939127375317,4.29332285420969e-05
"species_0_bathy_extrap_only",110.504722779274,4.06050785386469e-05
"species_0_bathy_extrap_only",111.070318183231,3.84031736757606e-05
"species_0_bathy_extrap_only",111.635913587189,3.63206963811535e-05
"species_0_bathy_extrap_only",112.201508991146,3.43511128448881e-05
"species_0_bathy_extrap_only",112.767104395103,3.24883330904413e-05
"species_0_bathy_extrap_only",113.332699799061,3.07265618175734e-05
"species_0_bathy_extrap_only",113.898295203018,2.90603493340313e-05
"species_0_bathy_extrap_only",114.463890606976,2.74844678642694e-05
"species_0_bathy_extrap_only",115.029486010933,2.59940406976966e-05
"species_0_bathy_extrap_only",115.59508141489,2.45844330493128e-05
"species_0_bathy_extrap_only",116.160676818848,2.32512811635388e-05
"species_0_bathy_extrap_only",116.726272222805,2.19904068217147e-05
"species_0_bathy_extrap_only",117.291867626762,2.07979046535911e-05
"species_0_bathy_extrap_only",117.85746303072,1.96700839296682e-05
"species_0_bathy_extrap_only",118.423058434677,1.8603406715556e-05
"species_0_bathy_extrap_only",118.988653838634,1.75945715454873e-05
"species_0_bathy_extrap_only",119.554249242592,1.66404443007195e-05
"species_0_bathy_extrap_only",120.119844646549,1.57380691234721e-05
"species_0_bathy_extrap_only",120.685440050507,1.4884615666233e-05
"species_0_bathy_extrap_only",121.251035454464,1.40774427563883e-05
"species_0_bathy_extrap_only",121.816630858421,1.33140511024976e-05
"species_0_bathy_extrap_only",122.382226262379,1.25920469145058e-05
"species_0_bathy_extrap_only",122.947821666336,1.19091964734253e-05
"species_0_bathy_extrap_only",123.513417070293,1.1263374290138e-05
"species_0_bathy_extrap_only",124.079012474251,1.0652583114279e-05
"species_0_bathy_extrap_only",124.644607878208,1.00749057310168e-05
"species_0_bathy_extrap_only",125.210203282166,9.52855407376774e-06
"species_0_bathy_extrap_only",125.775798686123,9.01183830137597e-06
"species_0_bathy_extrap_only",126.34139409008,8.52313496579882e-06
"species_0_bathy_extrap_only",126.906989494038,8.06093430583132e-06
"species_0_bathy_extrap_only",127.472584897995,7.62379795560264e-06
"species_0_bathy_extrap_only",128.038180301952,7.21037213224918e-06
"species_0_bathy_extrap_only",128.60377570591,6.81936080582091e-06
"species_0_bathy_extrap_only",129.169371109867,6.44955298412242e-06
"species_0_bathy_extrap_only",129.734966513824,6.09979997534538e-06
"species_0_bathy_extrap_only",130.300561917782,5.76901311433176e-06
"species_0_bathy_extrap_only",130.866157321739,5.45617285752087e-06
"species_0_bathy_extrap_only",131.431752725697,5.16028921992984e-06
"species_0_bathy_extrap_only",131.997348129654,4.88045134261483e-06
"species_0_bathy_extrap_only",132.562943533611,4.61578838439891e-06
"species_0_bathy_extrap_only",133.128538937569,4.36547816207167e-06
"species_0_bathy_extrap_only",133.694134341526,4.12874169342103e-06
"species_0_bathy_extrap_only",134.259729745483,3.90484319723328e-06
"species_0_bathy_extrap_only",134.825325149441,3.69308668268786e-06
"species_0_bathy_extrap_only",135.390920553398,3.49281867784157e-06
"species_0_bathy_extrap_only",135.956515957356,3.30340594700829e-06
"species_0_bathy_extrap_only",136.522111361313,3.12426459458948e-06
"species_0_bathy_extrap_only",137.08770676527,2.95483800982765e-06
"species_0_bathy_extrap_only",137.653302169228,2.79459936791682e-06
"species_0_bathy_extrap_only",138.218897573185,2.64305026576039e-06
"species_0_bathy_extrap_only",138.784492977142,2.49971958510287e-06
"species_0_bathy_extrap_only",139.3500883811,2.3641650841455e-06
"species_0_bathy_extrap_only",139.915683785057,2.23595816351008e-06
"species_0_bathy_extrap_only",140.481279189014,2.11470364774868e-06
"species_0_bathy_extrap_only",141.046874592972,2.00002477868111e-06
"species_0_bathy_extrap_only",141.612469996929,1.89156480701058e-06
"species_0_bathy_extrap_only",142.178065400887,1.78898653757642e-06
"species_0_bathy_extrap_only",142.743660804844,1.69197096511198e-06
"species_0_bathy_extrap_only",143.309256208801,1.60021897954721e-06
"species_0_bathy_extrap_only",143.874851612759,1.51344011101173e-06
"species_0_bathy_extrap_only",144.440447016716,1.43136730912374e-06
"species_0_bathy_extrap_only",145.006042420673,1.35374523324572e-06
"species_0_bathy_extrap_only",145.571637824631,1.28033252622117e-06
"species_0_bathy_extrap_only",146.137233228588,1.21090090487996e-06
"species_0_bathy_extrap_only",146.702828632545,1.14523447791726e-06
"species_0_bathy_extrap_only",147.268424036503,1.08313076907507e-06
"species_0_bathy_extrap_only",147.83401944046,1.02439332749782e-06
"species_0_bathy_extrap_only",148.399614844418,9.68841163739853e-07
"species_0_bathy_extrap_only",148.965210248375,9.16301473807835e-07
"species_0_bathy_extrap_only",149.530805652332,8.66611060246214e-07
"species_0_bathy_extrap_only",150.09640105629,8.19615252112271e-07
"species_0_bathy_extrap_only",150.661996460247,7.75168075506372e-07
"species_0_bathy_extrap_only",151.227591864204,7.33132253571966e-07
"species_0_bathy_extrap_only",151.793187268162,6.93374943239178e-07
"species_0_bathy_extrap_only",152.358782672119,6.55773646940361e-07
"species_0_bathy_extrap_only",152.924378076077,6.20211494606338e-07
"species_0_bathy_extrap_only",153.489973480034,5.86577812100586e-07
"species_0_bathy_extrap_only",154.055568883991,5.54768007532402e-07
"species_0_bathy_extrap_only",154.621164287949,5.24683287039807e-07
"species_0_bathy_extrap_only",155.186759691906,4.9623076847638e-07
"species_0_bathy_extrap_only",155.752355095863,4.69320497131775e-07
"species_0_bathy_extrap_only",156.317950499821,4.43869538457875e-07
"species_0_bathy_extrap_only",156.883545903778,4.19798766415624e-07
"species_0_bathy_extrap_only",157.449141307735,3.97033318222384e-07
"species_0_bathy_extrap_only",158.014736711693,3.75502452243381e-07
"species_0_bathy_extrap_only",158.58033211565,3.55139178509489e-07
"species_0_bathy_extrap_only",159.145927519608,3.35880201873806e-07
"species_0_bathy_extrap_only",159.711522923565,3.17666092541913e-07
"species_0_bathy_extrap_only",160.277118327522,3.00439268130503e-07
"species_0_bathy_extrap_only",160.84271373148,2.84146608464653e-07
"species_0_bathy_extrap_only",161.408309135437,2.68737522901574e-07
"species_0_bathy_extrap_only",161.973904539394,2.5416403559575e-07
"species_0_bathy_extrap_only",162.539499943352,2.40380870764056e-07
"species_0_bathy_extrap_only",163.105095347309,2.27345168468673e-07
"species_0_bathy_extrap_only",163.670690751266,2.15016697779902e-07
"species_0_bathy_extrap_only",164.236286155224,2.03356464112403e-07
"species_0_bathy_extrap_only",164.801881559181,1.92328570847167e-07
"species_0_bathy_extrap_only",165.367476963139,1.81898698770055e-07
"species_0_bathy_extrap_only",165.933072367096,1.72034447132319e-07
"species_0_bathy_extrap_only",166.498667771053,1.62705120487772e-07
"species_0_bathy_extrap_only",167.064263175011,1.5388171448194e-07
"species_0_bathy_extrap_only",167.629858578968,1.455370295389e-07
"species_0_bathy_extrap_only",168.195453982925,1.37644633468881e-07
"species_0_bathy_extrap_only",168.761049386883,1.30180254132028e-07
"species_0_bathy_extrap_only",169.32664479084,1.23120656780884e-07
"species_0_bathy_extrap_only",169.892240194798,1.1644389275034e-07
"species_0_bathy_extrap_only",170.457835598755,1.10129207087084e-07
"species_0_bathy_extrap_only",171.023431002712,1.04156967495328e-07
"species_0_bathy_extrap_only",171.58902640667,9.85087424965059e-08
"species_0_bathy_extrap_only",172.154621810627,9.31666761516681e-08
"species_0_bathy_extrap_only",172.720217214584,8.81142980801997e-08
"species_0_bathy_extrap_only",173.285812618542,8.33359123930677e-08
"species_0_bathy_extrap_only",173.851408022499,7.88166545362401e-08
"species_0_bathy_extrap_only",174.417003426456,7.45424770798309e-08
"species_0_bathy_extrap_only",174.982598830414,7.05000786638266e-08
"species_0_bathy_extrap_only",175.548194234371,6.66770034740694e-08
"species_0_bathy_extrap_only",176.113789638329,6.30611509677692e-08
"species_0_bathy_extrap_only",176.679385042286,5.96413798348294e-08
"species_0_bathy_extrap_only",177.244980446243,5.6407060355923e-08
"species_0_bathy_extrap_only",177.810575850201,5.33481419040527e-08
"species_0_bathy_extrap_only",178.376171254158,5.04551032065592e-08
"species_0_bathy_extrap_only",178.941766658115,4.77189523451216e-08
"species_0_bathy_extrap_only",179.507362062073,4.51312480720389e-08
"species_0_bathy_extrap_only",180.07295746603,4.2683808487709e-08
"species_0_bathy_extrap_only",180.638552869987,4.03690911809918e-08
"species_0_bathy_extrap_only",181.204148273945,3.81798983539738e-08
"species_0_bathy_extrap_only",181.769743677902,3.61094230072467e-08
"species_0_bathy_extrap_only",182.33533908186,3.41512311763381e-08
"species_0_bathy_extrap_only",182.900934485817,3.22992299572888e-08
"species_0_bathy_extrap_only",183.466529889774,3.05476604012256e-08
"species_0_bathy_extrap_only",184.032125293732,2.88911241597134e-08
"species_0_bathy_extrap_only",184.597720697689,2.73243756510055e-08
"species_0_bathy_extrap_only",185.163316101646,2.58425902899262e-08
"species_0_bathy_extrap_only",185.728911505604,2.44411619831908e-08
"species_0_bathy_extrap_only",186.294506909561,2.31157315511155e-08
"species_0_bathy_extrap_only",186.860102313518,2.18621796221896e-08
"species_0_bathy_extrap_only",187.425697717476,2.06766053167939e-08
"species_0_bathy_extrap_only",187.991293121433,1.95553546689098e-08
"species_0_bathy_extrap_only",188.556888525391,1.84948802939289e-08
"species_0_bathy_extrap_only",189.122483929348,1.74919136952667e-08
"species_0_bathy_extrap_only",189.688079333305,1.65433373666701e-08
"species_0_bathy_extrap_only",190.253674737263,1.56462007794289e-08
"species_0_bathy_extrap_only",190.81927014122,1.4797716829662e-08
"species_0_bathy_extrap_only",191.384865545177,1.39952458511061e-08
"species_0_bathy_extrap_only",191.950460949135,1.32363116023271e-08
"species_0_bathy_extrap_only",192.516056353092,1.25185142252349e-08
"species_0_bathy_extrap_only",193.08165175705,1.18396421555644e-08
"species_0_bathy_extrap_only",193.647247161007,1.1197585969569e-08
"species_0_bathy_extrap_only",194.212842564964,1.05903472658042e-08
"species_0_bathy_extrap_only",194.778437968922,1.00160386651282e-08
"species_0_bathy_extrap_only",195.344033372879,9.47287492891746e-09
"species_0_bathy_extrap_only",195.909628776836,8.95918006449392e-09
"species_0_bathy_extrap_only",196.475224180794,8.47332870534956e-09
"species_0_bathy_extrap_only",197.040819584751,8.0138251590256e-09
"species_0_bathy_extrap_only",197.606414988709,7.57924034644475e-09
"species_0_bathy_extrap_only",198.172010392666,7.16822246005222e-09
"species_0_bathy_extrap_only",198.737605796623,6.77949385519128e-09
"species_0_bathy_extrap_only",199.303201200581,6.4118457210327e-09
"species_0_bathy_extrap_only",199.868796604538,6.06414429782376e-09
"species_0_bathy_extrap_only",200.434392008495,5.73528957659164e-09
"species_0_bathy_extrap_only",200.999987412453,5.42426814575947e-09
"species_0_bathy_extrap_only",201.56558281641,5.13011322311741e-09
"species_0_bathy_extrap_only",202.131178220367,4.85190998489316e-09
"species_0_bathy_extrap_only",202.696773624325,4.58879378939514e-09
"species_0_bathy_extrap_only",203.262369028282,4.33994618020961e-09
"species_0_bathy_extrap_only",203.82796443224,4.10459977118194e-09
"species_0_bathy_extrap_only",204.393559836197,3.88200982470721e-09
"species_0_bathy_extrap_only",204.959155240154,3.67149044500081e-09
"species_0_bathy_extrap_only",205.524750644112,3.47238771070124e-09
"species_0_bathy_extrap_only",206.090346048069,3.28408211736075e-09
"species_0_bathy_extrap_only",206.655941452026,3.10598835540077e-09
"species_0_bathy_extrap_only",207.221536855984,2.937552423532e-09
"species_0_bathy_extrap_only",207.787132259941,2.77825473737892e-09
"species_0_bathy_extrap_only",208.352727663898,2.62759169977755e-09
"species_0_bathy_extrap_only",208.918323067856,2.48509901545901e-09
"species_0_bathy_extrap_only",209.483918471813,2.35033348339186e-09
"species_0_bathy_extrap_only",210.049513875771,2.22287632745122e-09
"species_0_bathy_extrap_only",210.615109279728,2.10233097597268e-09
"species_0_bathy_extrap_only",211.180704683685,1.98832283970773e-09
"species_0_bathy_extrap_only",211.746300087643,1.88049731342232e-09
"species_0_bathy_extrap_only",212.3118954916,1.77852166327597e-09
"species_0_bathy_extrap_only",212.877490895557,1.68207348050231e-09
"species_0_bathy_extrap_only",213.443086299515,1.59085555839766e-09
"species_0_bathy_extrap_only",214.008681703472,1.50458445702384e-09
"species_0_bathy_extrap_only",214.57427710743,1.42299172445348e-09
"species_0_bathy_extrap_only",215.139872511387,1.34582367472547e-09
"species_0_bathy_extrap_only",215.705467915344,1.27284049966647e-09
"species_0_bathy_extrap_only",216.271063319302,1.2038169350248e-09
"species_0_bathy_extrap_only",216.836658723259,1.13853459993152e-09
"species_0_bathy_extrap_only",217.402254127216,1.07679254401916e-09
"species_0_bathy_extrap_only",217.967849531174,1.01839869870446e-09
"species_0_bathy_extrap_only",218.533444935131,9.631715425229e-10
"species_0_bathy_extrap_only",219.099040339088,9.1093932397257e-10
"species_0_bathy_extrap_only",219.664635743046,8.61539617424967e-10
"species_0_bathy_extrap_only",220.230231147003,8.14820044769959e-10
"species_0_bathy_extrap_only",220.795826550961,7.70632835322971e-10
"species_0_bathy_extrap_only",221.361421954918,7.28841875741182e-10
"species_0_bathy_extrap_only",221.927017358875,6.8931721441956e-10
"species_0_bathy_extrap_only",222.492612762833,6.5193594966928e-10
"species_0_bathy_extrap_only",223.05820816679,6.16581841139663e-10
"species_0_bathy_extrap_only",223.623803570747,5.83144976751271e-10
"species_0_bathy_extrap_only",224.189398974705,5.51522161273965e-10
"species_0_bathy_extrap_only",224.754994378662,5.21613474635529e-10
"species_0_bathy_extrap_only",225.32058978262,4.93326657302617e-10
"species_0_bathy_extrap_only",225.886185186577,4.6657383512283e-10
"species_0_bathy_extrap_only",226.451780590534,4.41271824636047e-10
"species_0_bathy_extrap_only",227.017375994492,4.17341911029823e-10
"species_0_bathy_extrap_only",227.582971398449,3.94709681605931e-10
"species_0_bathy_extrap_only",228.148566802406,3.73305386602851e-10
"species_0_bathy_extrap_only",228.714162206364,3.53061246904929e-10
"species_0_bathy_extrap_only",229.279757610321,3.33914951244907e-10
"species_0_bathy_extrap_only",229.845353014278,3.15806936157514e-10
"species_0_bathy_extrap_only",230.410948418236,2.98680913335403e-10
"species_0_bathy_extrap_only",230.976543822193,2.82483619828966e-10
"species_0_bathy_extrap_only",231.54213922615,2.67164707024037e-10
"species_0_bathy_extrap_only",232.107734630108,2.52676879419766e-10
"species_0_bathy_extrap_only",232.673330034065,2.38974368071965e-10
"species_0_bathy_extrap_only",233.238925438023,2.26014928994545e-10
"species_0_bathy_extrap_only",233.80452084198,2.137582749695e-10
"species_0_bathy_extrap_only",234.370116245937,2.02166283713723e-10
"species_0_bathy_extrap_only",234.935711649895,1.91202928490064e-10
"species_0_bathy_extrap_only",235.501307053852,1.80834097696092e-10
"species_0_bathy_extrap_only",236.066902457809,1.71027580986305e-10
"species_0_bathy_extrap_only",236.632497861767,1.61753097027706e-10
"species_0_bathy_extrap_only",237.198093265724,1.58774576819454e-10
"species_0_bathy_extrap_only",237.763688669682,1.58774576819454e-10
"species_0_bathy_extrap_only",238.329284073639,1.58774576819454e-10
"species_0_bathy_extrap_only",238.894879477596,1.58774576819454e-10
"species_0_bathy_extrap_only",239.460474881554,1.58774576819454e-10
"species_0_bathy_extrap_only",240.026070285511,1.58774576819454e-10
"species_0_bathy_extrap_only",240.591665689468,1.58774576819454e-10
"species_0_bathy_extrap_only",241.157261093426,1.58774576819454e-10
"species_0_bathy_extrap_only",241.722856497383,1.58774576819454e-10
"species_0_bathy_extrap_only",242.28845190134,1.58774576819454e-10
"species_0_bathy_extrap_only",242.854047305298,1.58774576819454e-10
"species_0_bathy_extrap_only",243.419642709255,1.58774576819454e-10
"species_0_bathy_extrap_only",243.985238113213,1.58774576819454e-10
"species_0_bathy_extrap_only",244.55083351717,1.58774576819454e-10
"species_0_bathy_extrap_only",245.116428921127,1.58774576819454e-10
"species_0_bathy_extrap_only",245.682024325085,1.58774576819454e-10
"species_0_bathy_extrap_only",246.247619729042,1.58774576819454e-10
"species_0_bathy_extrap_only",246.813215132999,1.58774576819454e-10
"species_0_bathy_extrap_only",247.378810536957,1.58774576819454e-10
"species_0_bathy_extrap_only",247.944405940914,1.58774576819454e-10
"species_0_bathy_extrap_only",248.510001344872,1.58774576819454e-10
"species_0_bathy_extrap_only",249.075596748829,1.58774576819454e-10
"species_0_bathy_extrap_only",249.641192152786,1.58774576819454e-10
"species_0_bathy_extrap_only",250.206787556744,1.58774576819454e-10
"species_0_bathy_extrap_only",250.772382960701,1.58774576819454e-10
"species_0_bathy_extrap_only",251.337978364658,1.58774576819454e-10
"species_0_bathy_extrap_only",251.903573768616,1.58774576819454e-10
"species_0_bathy_extrap_only",252.469169172573,1.58774576819454e-10
"species_0_bathy_extrap_only",253.03476457653,1.58774576819454e-10
"species_0_bathy_extrap_only",253.600359980488,1.58774576819454e-10
"species_0_bathy_extrap_only",254.165955384445,1.58774576819454e-10
"species_0_bathy_extrap_only",254.731550788403,1.58774576819454e-10
"species_0_bathy_extrap_only",255.29714619236,1.58774576819454e-10
"species_0_bathy_extrap_only",255.862741596317,1.58774576819454e-10
"species_0_bathy_extrap_only",256.428337000275,1.58774576819454e-10
"species_0_bathy_extrap_only",256.993932404232,1.58774576819454e-10
"species_0_bathy_extrap_only",257.559527808189,1.58774576819454e-10
"species_0_bathy_extrap_only",258.125123212147,1.58774576819454e-10
"species_0_bathy_extrap_only",258.690718616104,1.58774576819454e-10
"species_0_bathy_extrap_only",259.256314020062,1.58774576819454e-10
"species_0_bathy_extrap_only",259.821909424019,1.58774576819454e-10
"species_0_bathy_extrap_only",260.387504827976,1.58774576819454e-10
"species_0_bathy_extrap",-22.4101971507073,0.620577812194824
"species_0_bathy_extrap",-21.8446017467499,0.620577812194824
"species_0_bathy_extrap",-21.2790063427925,0.620577812194824
"species_0_bathy_extrap",-20.7134109388352,0.620577812194824
"species_0_bathy_extrap",-20.1478155348778,0.620577812194824
"species_0_bathy_extrap",-19.5822201309204,0.620577812194824
"species_0_bathy_extrap",-19.0166247269631,0.620577812194824
"species_0_bathy_extrap",-18.4510293230057,0.620577812194824
"species_0_bathy_extrap",-17.8854339190483,0.620577812194824
"species_0_bathy_extrap",-17.319838515091,0.620577812194824
"species_0_bathy_extrap",-16.7542431111336,0.620577812194824
"species_0_bathy_extrap",-16.1886477071762,0.620577812194824
"species_0_bathy_extrap",-15.6230523032189,0.620577812194824
"species_0_bathy_extrap",-15.0574568992615,0.620577812194824
"species_0_bathy_extrap",-14.4918614953041,0.620577812194824
"species_0_bathy_extrap",-13.9262660913467,0.620577812194824
"species_0_bathy_extrap",-13.3606706873894,0.620577812194824
"species_0_bathy_extrap",-12.795075283432,0.620577812194824
"species_0_bathy_extrap",-12.2294798794746,0.620577812194824
"species_0_bathy_extrap",-11.6638844755173,0.620577812194824
"species_0_bathy_extrap",-11.0982890715599,0.620577812194824
"species_0_bathy_extrap",-10.5326936676025,0.620577812194824
"species_0_bathy_extrap",-9.96709826364518,0.620577812194824
"species_0_bathy_extrap",-9.40150285968781,0.620577812194824
"species_0_bathy_extrap",-8.83590745573045,0.620577812194824
"species_0_bathy_extrap",-8.27031205177308,0.620577812194824
"species_0_bathy_extrap",-7.70471664781571,0.620577812194824
"species_0_bathy_extrap",-7.13912124385834,0.620577812194824
"species_0_bathy_extrap",-6.57352583990098,0.620577812194824
"species_0_bathy_extrap",-6.00793043594361,0.620577812194824
"species_0_bathy_extrap",-5.44233503198624,0.620577812194824
"species_0_bathy_extrap",-4.87673962802888,0.620577812194824
"species_0_bathy_extrap",-4.31114422407151,0.620577812194824
"species_0_bathy_extrap",-3.74554882011414,0.620577812194824
"species_0_bathy_extrap",-3.17995341615678,0.620577812194824
"species_0_bathy_extrap",-2.61435801219941,0.620577812194824
"species_0_bathy_extrap",-2.04876260824204,0.620577812194824
"species_0_bathy_extrap",-1.48316720428468,0.620577812194824
"species_0_bathy_extrap",-0.917571800327309,0.620577812194824
"species_0_bathy_extrap",-0.351976396369938,0.620577812194824
"species_0_bathy_extrap",0.213619007587425,0.620577812194824
"species_0_bathy_extrap",0.779214411544793,0.620577812194824
"species_0_bathy_extrap",1.34480981550216,0.614506363868713
"species_0_bathy_extrap",1.91040521945953,0.596083760261536
"species_0_bathy_extrap",2.47600062341689,0.577386260032654
"species_0_bathy_extrap",3.04159602737426,0.558464348316193
"species_0_bathy_extrap",3.60719143133163,0.539371073246002
"species_0_bathy_extrap",4.17278683528899,0.520161628723145
"species_0_bathy_extrap",4.73838223924636,0.500892341136932
"species_0_bathy_extrap",5.30397764320373,0.48162043094635
"species_0_bathy_extrap",5.8695730471611,0.463110566139221
"species_0_bathy_extrap",6.43516845111846,0.445947170257568
"species_0_bathy_extrap",7.00076385507583,0.428911685943604
"species_0_bathy_extrap",7.5663592590332,0.412043005228043
"species_0_bathy_extrap",8.13195466299057,0.395378470420837
"species_0_bathy_extrap",8.69755006694793,0.378953486680984
"species_0_bathy_extrap",9.2631454709053,0.362801402807236
"species_0_bathy_extrap",9.82874087486266,0.34695315361023
"species_0_bathy_extrap",10.39433627882,0.331437110900879
"species_0_bathy_extrap",10.9599316827774,0.316278904676437
"species_0_bathy_extrap",11.5255270867348,0.301501333713531
"species_0_bathy_extrap",12.0911224906921,0.287124246358871
"species_0_bathy_extrap",12.6567178946495,0.273164600133896
"species_0_bathy_extrap",13.2223132986069,0.259636521339417
"species_0_bathy_extrap",13.7879087025642,0.246551111340523
"species_0_bathy_extrap",14.3535041065216,0.233916819095612
"species_0_bathy_extrap",14.919099510479,0.221739426255226
"species_0_bathy_extrap",15.4846949144363,0.210022196173668
"species_0_bathy_extrap",16.0502903183937,0.198765963315964
"species_0_bathy_extrap",16.6158857223511,0.187969520688057
"species_0_bathy_extrap",17.1814811263084,0.177629470825195
"species_0_bathy_extrap",17.7470765302658,0.167740717530251
"species_0_bathy_extrap",18.3126719342232,0.158296510577202
"species_0_bathy_extrap",18.8782673381805,0.149288654327393
"species_0_bathy_extrap",19.4438627421379,0.140707701444626
"species_0_bathy_extrap",20.0094581460953,0.132543116807938
"species_0_bathy_extrap",20.5750535500526,0.124783501029015
"species_0_bathy_extrap",21.14064895401,0.117416672408581
"species_0_bathy_extrap",21.7062443579674,0.110429905354977
"species_0_bathy_extrap",22.2718397619247,0.103809952735901
"species_0_bathy_extrap",22.8374351658821,0.0975433364510536
"species_0_bathy_extrap",23.4030305698395,0.0916163399815559
"species_0_bathy_extrap",23.9686259737968,0.0860151574015617
"species_0_bathy_extrap",24.5342213777542,0.0807259827852249
"species_0_bathy_extrap",25.0998167817116,0.0757350996136665
"species_0_bathy_extrap",25.6654121856689,0.071028932929039
"species_0_bathy_extrap",26.2310075896263,0.0665941312909126
"species_0_bathy_extrap",26.7966029935837,0.0624176412820816
"species_0_bathy_extrap",27.362198397541,0.0584866516292095
"species_0_bathy_extrap",27.9277938014984,0.0547887682914734
"species_0_bathy_extrap",28.4933892054558,0.051311943680048
"species_0_bathy_extrap",29.0589846094131,0.0480445362627506
"species_0_bathy_extrap",29.6245800133705,0.0449753291904926
"species_0_bathy_extrap",30.1901754173279,0.0420935191214085
"species_0_bathy_extrap",30.7557708212852,0.0393887460231781
"species_0_bathy_extrap",31.3213662252426,0.0368510968983173
"species_0_bathy_extrap",31.8869616292,0.0344710573554039
"species_0_bathy_extrap",32.4525570331573,0.032239593565464
"species_0_bathy_extrap",33.0181524371147,0.0301480628550053
"species_0_bathy_extrap",33.5837478410721,0.0281882788985968
"species_0_bathy_extrap",34.1493432450294,0.0263524316251278
"species_0_bathy_extrap",34.7149386489868,0.0246331058442593
"species_0_bathy_extrap",35.2805340529442,0.0230233147740364
"species_0_bathy_extrap",35.8461294569016,0.0215163920074701
"species_0_bathy_extrap",36.4117248608589,0.0201060809195042
"species_0_bathy_extrap",36.9773202648163,0.0187864266335964
"species_0_bathy_extrap",37.5429156687737,0.0175518449395895
"species_0_bathy_extrap",38.108511072731,0.0163970310240984
"species_0_bathy_extrap",38.6741064766884,0.0153170200064778
"species_0_bathy_extrap",39.2397018806457,0.0143071105703712
"species_0_bathy_extrap",39.8052972846031,0.0133628789335489
"species_0_bathy_extrap",40.3708926885605,0.0124801807105541
"species_0_bathy_extrap",40.9364880925178,0.0116550959646702
"species_0_bathy_extrap",41.5020834964752,0.0108839618042111
"species_0_bathy_extrap",42.0676789004326,0.0101633202284575
"species_0_bathy_extrap",42.63327430439,0.00948993861675262
"species_0_bathy_extrap",43.1988697083473,0.00886076968163252
"species_0_bathy_extrap",43.7644651123047,0.00827296916395426
"species_0_bathy_extrap",44.3300605162621,0.00772385764867067
"species_0_bathy_extrap",44.8956559202194,0.00721092522144318
"species_0_bathy_extrap",45.4612513241768,0.00673182727769017
"species_0_bathy_extrap",46.0268467281342,0.00628435704857111
"species_0_bathy_extrap",46.5924421320915,0.00586645724251866
"species_0_bathy_extrap",47.1580375360489,0.00547619163990021
"species_0_bathy_extrap",47.7236329400063,0.00511175720021129
"species_0_bathy_extrap",48.2892283439636,0.00477145938202739
"species_0_bathy_extrap",48.854823747921,0.00445371214300394
"species_0_bathy_extrap",49.4204191518784,0.00415703793987632
"species_0_bathy_extrap",49.9860145558357,0.00388004747219384
"species_0_bathy_extrap",50.5516099597931,0.00362144783139229
"species_0_bathy_extrap",51.1172053637505,0.00338002340868115
"species_0_bathy_extrap",51.6828007677078,0.00315464427694678
"species_0_bathy_extrap",52.2483961716652,0.0029442475643009
"species_0_bathy_extrap",52.8139915756226,0.00274784560315311
"species_0_bathy_extrap",53.3795869795799,0.0025645112618804
"species_0_bathy_extrap",53.9451823835373,0.00239337864331901
"species_0_bathy_extrap",54.5107777874947,0.00223364122211933
"species_0_bathy_extrap",55.076373191452,0.00208454160019755
"species_0_bathy_extrap",55.6419685954094,0.00194537616334856
"species_0_bathy_extrap",56.2075639993668,0.00181548378895968
"species_0_bathy_extrap",56.7731594033241,0.0016942503862083
"species_0_bathy_extrap",57.3387548072815,0.00158109900075942
"species_0_bathy_extrap",57.9043502112389,0.00147549412213266
"species_0_bathy_extrap",58.4699456151962,0.00137693295255303
"species_0_bathy_extrap",59.0355410191536,0.00128494657110423
"species_0_bathy_extrap",59.601136423111,0.00119909853674471
"species_0_bathy_extrap",60.1667318270683,0.00111897906754166
"species_0_bathy_extrap",60.7323272310257,0.00104420783463866
"species_0_bathy_extrap",61.2979226349831,0.000974427559413016
"species_0_bathy_extrap",61.8635180389404,0.000909306574612856
"species_0_bathy_extrap",62.4291134428978,0.000848533527459949
"species_0_bathy_extrap",62.9947088468552,0.00079181941691786
"species_0_bathy_extrap",63.5603042508125,0.000738893111702055
"species_0_bathy_extrap",64.1258996547699,0.000689501699525863
"species_0_bathy_extrap",64.6914950587273,0.00064340973040089
"species_0_bathy_extrap",65.2570904626846,0.000600397703237832
"species_0_bathy_extrap",65.822685866642,0.000560258806217462
"species_0_bathy_extrap",66.3882812705994,0.000522802001796663
"species_0_bathy_extrap",66.9538766745567,0.000487848214106634
"species_0_bathy_extrap",67.5194720785141,0.00045523070730269
"species_0_bathy_extrap",68.0850674824715,0.000424792699050158
"species_0_bathy_extrap",68.6506628864288,0.000396389048546553
"species_0_bathy_extrap",69.2162582903862,0.000369884248357266
"species_0_bathy_extrap",69.7818536943436,0.000345150765497237
"species_0_bathy_extrap",70.3474490983009,0.000322070642141625
"species_0_bathy_extrap",70.9130445022583,0.000300533400150016
"species_0_bathy_extrap",71.4786399062157,0.000280436273897067
"species_0_bathy_extrap",72.044235310173,0.000261682434938848
"species_0_bathy_extrap",72.6098307141304,0.000244182447204366
"species_0_bathy_extrap",73.1754261180878,0.00022785272449255
"species_0_bathy_extrap",73.7410215220451,0.000212614613701589
"species_0_bathy_extrap",74.3066169260025,0.000198395369807258
"species_0_bathy_extrap",74.8722123299599,0.000185126918950118
"species_0_bathy_extrap",75.4378077339172,0.000172745843883604
"species_0_bathy_extrap",76.0034031378746,0.000161192525411025
"species_0_bathy_extrap",76.568998541832,0.000150411782669835
"species_0_bathy_extrap",77.1345939457893,0.00014035208732821
"species_0_bathy_extrap",77.7001893497467,0.000130964996060356
"species_0_bathy_extrap",78.2657847537041,0.000122205659863539
"species_0_bathy_extrap",78.8313801576614,0.000114032103738282
"species_0_bathy_extrap",79.3969755616188,0.000106405263068154
"species_0_bathy_extrap",79.9625709655762,9.92883869912475e-05
"species_0_bathy_extrap",80.5281663695335,9.26474822335876e-05
"species_0_bathy_extrap",81.0937617734909,8.64507092046551e-05
"species_0_bathy_extrap",81.6593571774483,8.06684620329179e-05
"species_0_bathy_extrap",82.2249525814056,7.52728519728407e-05
"species_0_bathy_extrap",82.790547985363,7.02381075825542e-05
"species_0_bathy_extrap",83.3561433893204,6.55401672702283e-05
"species_0_bathy_extrap",83.9217387932777,6.11563737038523e-05
"species_0_bathy_extrap",84.4873341972351,5.70657794014551e-05
"species_0_bathy_extrap",85.0529296011925,5.3248782933224e-05
"species_0_bathy_extrap",85.6185250051498,4.96871289215051e-05
"species_0_bathy_extrap",86.1841204091072,4.63636497443076e-05
"species_0_bathy_extrap",86.7497158130646,4.32624619861599e-05
"species_0_bathy_extrap",87.315311217022,4.03687336074654e-05
"species_0_bathy_extrap",87.8809066209793,3.76685238734353e-05
"species_0_bathy_extrap",88.4465020249367,3.51489179593045e-05
"species_0_bathy_extrap",89.0120974288941,3.27978377754334e-05
"species_0_bathy_extrap",89.5776928328514,3.0604045605287e-05
"species_0_bathy_extrap",90.1432882368088,2.85569622064941e-05
"species_0_bathy_extrap",90.7088836407662,2.66468032350531e-05
"species_0_bathy_extrap",91.2744790447235,2.48644100793172e-05
"species_0_bathy_extrap",91.8400744486809,2.32012589549413e-05
"species_0_bathy_extrap",92.4056698526382,2.16493317566346e-05
"species_0_bathy_extrap",92.9712652565956,2.02012088266201e-05
"species_0_bathy_extrap",93.536860660553,1.88499689102173e-05
"species_0_bathy_extrap",94.1024560645104,1.75890927494038e-05
"species_0_bathy_extrap",94.6680514684677,1.64125558512751e-05
"species_0_bathy_extrap",95.2336468724251,1.53147175296908e-05
"species_0_bathy_extrap",95.7992422763824,1.42903245432535e-05
"species_0_bathy_extrap",96.3648376803398,1.33344392452273e-05
"species_0_bathy_extrap",96.9304330842972,1.2442493243725e-05
"species_0_bathy_extrap",97.4960284882546,1.16102200991008e-05
"species_0_bathy_extrap",98.0616238922119,1.08336062112357e-05
"species_0_bathy_extrap",98.6272192961693,1.01089408417465e-05
"species_0_bathy_extrap",99.1928147001267,9.43274699238828e-06
"species_0_bathy_extrap",99.758410104084,8.80179322848562e-06
"species_0_bathy_extrap",100.324005508041,8.21303456177702e-06
"species_0_bathy_extrap",100.889600911999,7.66365883464459e-06
"species_0_bathy_extrap",101.455196315956,7.15103760740021e-06
"species_0_bathy_extrap",102.020791719913,6.67269887344446e-06
"species_0_bathy_extrap",102.586387123871,6.22635661784443e-06
"species_0_bathy_extrap",103.151982527828,5.8098703448195e-06
"species_0_bathy_extrap",103.717577931786,5.42124826097279e-06
"species_0_bathy_extrap",104.283173335743,5.05861589772394e-06
"species_0_bathy_extrap",104.8487687397,4.72024066766608e-06
"species_0_bathy_extrap",105.414364143658,4.40449912275653e-06
"species_0_bathy_extrap",105.979959547615,4.10988195653772e-06
"species_0_bathy_extrap",106.545554951572,3.83496762879076e-06
"species_0_bathy_extrap",107.11115035553,3.57844282916631e-06
"species_0_bathy_extrap",107.676745759487,3.3390801945643e-06
"species_0_bathy_extrap",108.242341163445,3.11572580358188e-06
"species_0_bathy_extrap",108.807936567402,2.90731168206548e-06
"species_0_bathy_extrap",109.373531971359,2.71283852271154e-06
"species_0_bathy_extrap",109.939127375317,2.5313761398138e-06
"species_0_bathy_extrap",110.504722779274,2.36204959946917e-06
"species_0_bathy_extrap",111.070318183231,2.20404967876675e-06
"species_0_bathy_extrap",111.635913587189,2.05662013286201e-06
"species_0_bathy_extrap",112.201508991146,1.91905064639286e-06
"species_0_bathy_extrap",112.767104395103,1.79068308625574e-06
"species_0_bathy_extrap",113.332699799061,1.67090229297173e-06
"species_0_bathy_extrap",113.898295203018,1.55913517119188e-06
"species_0_bathy_extrap",114.463890606976,1.45484284530539e-06
"species_0_bathy_extrap",115.029486010933,1.35752679852885e-06
"species_0_bathy_extrap",115.59508141489,1.26672023270658e-06
"species_0_bathy_extrap",116.160676818848,1.1819889778053e-06
"species_0_bathy_extrap",116.726272222805,1.10292432964343e-06
"species_0_bathy_extrap",117.291867626762,1.02914839317236e-06
"species_0_bathy_extrap",117.85746303072,9.60308398134657e-07
"species_0_bathy_extrap",118.423058434677,8.96072208433907e-07
"species_0_bathy_extrap",118.988653838634,8.36132869608264e-07
"species_0_bathy_extrap",119.554249242592,7.80202981331968e-07
"species_0_bathy_extrap",120.119844646549,7.28014924789022e-07
"species_0_bathy_extrap",120.685440050507,6.79317167850968e-07
"species_0_bathy_extrap",121.251035454464,6.33876823030732e-07
"species_0_bathy_extrap",121.816630858421,5.9147657793801e-07
"species_0_bathy_extrap",122.382226262379,5.51912023638579e-07
"species_0_bathy_extrap",122.947821666336,5.1499392839105e-07
"species_0_bathy_extrap",123.513417070293,4.80545395475929e-07
"species_0_bathy_extrap",124.079012474251,4.484015221351e-07
"species_0_bathy_extrap",124.644607878208,4.18407410052168e-07
"species_0_bathy_extrap",125.210203282166,3.90419614859638e-07
"species_0_bathy_extrap",125.775798686123,3.64304327149512e-07
"species_0_bathy_extrap",126.34139409008,3.39935553483883e-07
"species_0_bathy_extrap",126.906989494038,3.17196850119217e-07
"species_0_bathy_extrap",127.472584897995,2.95979162956428e-07
"species_0_bathy_extrap",128.038180301952,2.7618102649285e-07
"species_0_bathy_extrap",128.60377570591,2.57706943784797e-07
"species_0_bathy_extrap",129.169371109867,2.40468608581068e-07
"species_0_bathy_extrap",129.734966513824,2.2438337055064e-07
"species_0_bathy_extrap",130.300561917782,2.09374078963265e-07
"species_0_bathy_extrap",130.866157321739,1.95369153743741e-07
"species_0_bathy_extrap",131.431752725697,1.82300681217384e-07
"species_0_bathy_extrap",131.997348129654,1.70106360997124e-07
"species_0_bathy_extrap",132.562943533611,1.58727743837517e-07
"species_0_bathy_extrap",133.128538937569,1.48110245845601e-07
"species_0_bathy_extrap",133.694134341526,1.38202963739786e-07
"species_0_bathy_extrap",134.259729745483,1.28958404843615e-07
"species_0_bathy_extrap",134.825325149441,1.20332217079522e-07
"species_0_bathy_extrap",135.390920553398,1.12283252917678e-07
"species_0_bathy_extrap",135.956515957356,1.04772489351035e-07
"species_0_bathy_extrap",136.522111361313,9.77641292365661e-08
"species_0_bathy_extrap",137.08770676527,9.12245639028697e-08
"species_0_bathy_extrap",137.653302169228,8.51224370990167e-08
"species_0_bathy_extrap",138.218897573185,7.94284957805758e-08
"species_0_bathy_extrap",138.784492977142,7.41154266847843e-08
"species_0_bathy_extrap",139.3500883811,6.91578847522578e-08
"species_0_bathy_extrap",139.915683785057,6.45318252168181e-08
"species_0_bathy_extrap",140.481279189014,6.02152141482293e-08
"species_0_bathy_extrap",141.046874592972,5.61873427784576e-08
"species_0_bathy_extrap",141.612469996929,5.24289021086588e-08
"species_0_bathy_extrap",142.178065400887,4.89218656696266e-08
"species_0_bathy_extrap",142.743660804844,4.5649422020233e-08
"species_0_bathy_extrap",143.309256208801,4.25959569838597e-08
"species_0_bathy_extrap",143.874851612759,3.97466592971796e-08
"species_0_bathy_extrap",144.440447016716,3.70879575939398e-08
"species_0_bathy_extrap",145.006042420673,3.46070976320334e-08
"species_0_bathy_extrap",145.571637824631,3.22921849260638e-08
"species_0_bathy_extrap",146.137233228588,3.01321207984984e-08
"species_0_bathy_extrap",146.702828632545,2.81165455362498e-08
"species_0_bathy_extrap",147.268424036503,2.62358437197463e-08
"species_0_bathy_extrap",147.83401944046,2.44808955329745e-08
"species_0_bathy_extrap",148.399614844418,2.28433396642913e-08
"species_0_bathy_extrap",148.965210248375,2.1315319287396e-08
"species_0_bathy_extrap",149.530805652332,1.98895122593967e-08
"species_0_bathy_extrap",150.09640105629,1.85590778301048e-08
"species_0_bathy_extrap",150.661996460247,1.731763710211e-08
"species_0_bathy_extrap",151.227591864204,1.61592694780666e-08
"species_0_bathy_extrap",151.793187268162,1.50783563412915e-08
"species_0_bathy_extrap",152.358782672119,1.40697462569506e-08
"species_0_bathy_extrap",152.924378076077,1.31286030935485e-08
"species_0_bathy_extrap",153.489973480034,1.22504149047131e-08
"species_0_bathy_extrap",154.055568883991,1.14309690601999e-08
"species_0_bathy_extrap",154.621164287949,1.06663380350369e-08
"species_0_bathy_extrap",155.186759691906,9.95287141591916e-09
"species_0_bathy_extrap",155.752355095863,9.28711152425876e-09
"species_0_bathy_extrap",156.317950499821,8.66588489856213e-09
"species_0_bathy_extrap",156.883545903778,8.086213476588e-09
"species_0_bathy_extrap",157.449141307735,7.5453163717043e-09
"species_0_bathy_extrap",158.014736711693,7.04060099110393e-09
"species_0_bathy_extrap",158.58033211565,6.56964660450399e-09
"species_0_bathy_extrap",159.145927519608,6.13019457418318e-09
"species_0_bathy_extrap",159.711522923565,5.72014924316022e-09
"species_0_bathy_extrap",160.277118327522,5.33752109177499e-09
"species_0_bathy_extrap",160.84271373148,4.98048757791025e-09
"species_0_bathy_extrap",161.408309135437,4.64733673766204e-09
"species_0_bathy_extrap",161.973904539394,4.33647073805332e-09
"species_0_bathy_extrap",162.539499943352,4.04639877160662e-09
"species_0_bathy_extrap",163.105095347309,3.77572995091668e-09
"species_0_bathy_extrap",163.670690751266,3.52317353069509e-09
"species_0_bathy_extrap",164.236286155224,3.28750404676725e-09
"species_0_bathy_extrap",164.801881559181,3.06759884161067e-09
"species_0_bathy_extrap",165.367476963139,2.86240320335196e-09
"species_0_bathy_extrap",165.933072367096,2.67093347439129e-09
"species_0_bathy_extrap",166.498667771053,2.4922715002873e-09
"species_0_bathy_extrap",167.064263175011,2.32556041090959e-09
"species_0_bathy_extrap",167.629858578968,2.17000484248331e-09
"species_0_bathy_extrap",168.195453982925,2.02485050948553e-09
"species_0_bathy_extrap",168.761049386883,1.88940574297192e-09
"species_0_bathy_extrap",169.32664479084,1.76302106247306e-09
"species_0_bathy_extrap",169.892240194798,1.64509039723981e-09
"species_0_bathy_extrap",170.457835598755,1.53504819966344e-09
"species_0_bathy_extrap",171.023431002712,1.43236700278493e-09
"species_0_bathy_extrap",171.58902640667,1.33655664313892e-09
"species_0_bathy_extrap",172.154621810627,1.24715271443421e-09
"species_0_bathy_extrap",172.720217214584,1.16372911307394e-09
"species_0_bathy_extrap",173.285812618542,1.08588582570235e-09
"species_0_bathy_extrap",173.851408022499,1.01324959533855e-09
"species_0_bathy_extrap",174.417003426456,9.45472033997419e-10
"species_0_bathy_extrap",174.982598830414,8.82228290421949e-10
"species_0_bathy_extrap",175.548194234371,8.23216439460594e-10
"species_0_bathy_extrap",176.113789638329,7.68150487662211e-10
"species_0_bathy_extrap",176.679385042286,7.16767978303778e-10
"species_0_bathy_extrap",177.244980446243,6.68822441873829e-10
"species_0_bathy_extrap",177.810575850201,6.24084117717416e-10
"species_0_bathy_extrap",178.376171254158,5.8233834421273e-10
"species_0_bathy_extrap",178.941766658115,5.4338500365958e-10
"species_0_bathy_extrap",179.507362062073,5.07038244723645e-10
"species_0_bathy_extrap",180.07295746603,4.73121819499767e-10
"species_0_bathy_extrap",180.638552869987,4.41474135026709e-10
"species_0_bathy_extrap",181.204148273945,4.11943368305856e-10
"species_0_bathy_extrap",181.769743677902,3.84387965901567e-10
"species_0_bathy_extrap",182.33533908186,3.58675783518336e-10
"species_0_bathy_extrap",182.900934485817,3.34683503133704e-10
"species_0_bathy_extrap",183.466529889774,3.12296105642318e-10
"species_0_bathy_extrap",184.032125293732,2.9140678758921e-10
"species_0_bathy_extrap",184.597720697689,2.71914213367808e-10
"species_0_bathy_extrap",185.163316101646,2.53725540577676e-10
"species_0_bathy_extrap",185.728911505604,2.36753533444656e-10
"species_0_bathy_extrap",186.294506909561,2.20916798743254e-10
"species_0_bathy_extrap",186.860102313518,2.06139397218585e-10
"species_0_bathy_extrap",187.425697717476,1.92350468886104e-10
"species_0_bathy_extrap",187.991293121433,1.79484246909389e-10
"species_0_bathy_extrap",188.556888525391,1.67478322876669e-10
"species_0_bathy_extrap",189.122483929348,1.56275492546598e-10
"species_0_bathy_extrap",189.688079333305,1.45822035002574e-10
"species_0_bathy_extrap",190.253674737263,1.36067809797247e-10
"species_0_bathy_extrap",190.81927014122,1.26966062663492e-10
"species_0_bathy_extrap",191.384865545177,1.18473147958653e-10
"species_0_bathy_extrap",191.950460949135,1.10548542542332e-10
"species_0_bathy_extrap",192.516056353092,1.03153811881196e-10
"species_0_bathy_extrap",193.08165175705,9.62537272108932e-11
"species_0_bathy_extrap",193.647247161007,8.98151969463967e-11
"species_0_bathy_extrap",194.212842564964,8.3807343009834e-11
"species_0_bathy_extrap",194.778437968922,7.8201368991504e-11
"species_0_bathy_extrap",195.344033372879,7.2970379738635e-11
"species_0_bathy_extrap",195.909628776836,6.80894299276424e-11
"species_0_bathy_extrap",196.475224180794,6.35348440525263e-11
"species_0_bathy_extrap",197.040819584751,5.92849172531551e-11
"species_0_bathy_extrap",197.606414988709,5.5319276937027e-11
"species_0_bathy_extrap",198.172010392666,5.16189001265044e-11
"species_0_bathy_extrap",198.737605796623,4.8166047539322e-11
"species_0_bathy_extrap",199.303201200581,4.4944162974625e-11
"species_0_bathy_extrap",199.868796604538,4.19378698435224e-11
"species_0_bathy_extrap",200.434392008495,3.91325929993691e-11
"species_0_bathy_extrap",200.999987412453,3.65149646630591e-11
"species_0_bathy_extrap",201.56558281641,3.40724358449673e-11
"species_0_bathy_extrap",202.131178220367,3.179328675329e-11
"species_0_bathy_extrap",202.696773624325,2.96665955690223e-11
"species_0_bathy_extrap",203.262369028282,2.76821586486786e-11
"species_0_bathy_extrap",203.82796443224,2.58305130756975e-11
"species_0_bathy_extrap",204.393559836197,2.41026781866438e-11
"species_0_bathy_extrap",204.959155240154,2.24904209839005e-11
"species_0_bathy_extrap",205.524750644112,2.09860080702118e-11
"species_0_bathy_extrap",206.090346048069,1.95822282000879e-11
"species_0_bathy_extrap",206.655941452026,1.82723489117187e-11
"species_0_bathy_extrap",207.221536855984,1.70500887713976e-11
"species_0_bathy_extrap",207.787132259941,1.59096156387983e-11
"species_0_bathy_extrap",208.352727663898,1.48454026849265e-11
"species_0_bathy_extrap",208.918323067856,1.38523749762531e-11
"species_0_bathy_extrap",209.483918471813,1.29257724315601e-11
"species_0_bathy_extrap",210.049513875771,1.20611515566638e-11
"species_0_bathy_extrap",210.615109279728,1.12543663624565e-11
"species_0_bathy_extrap",211.180704683685,1.05015475482251e-11
"species_0_bathy_extrap",211.746300087643,9.79908602177781e-12
"species_0_bathy_extrap",212.3118954916,9.1436302973591e-12
"species_0_bathy_extrap",212.877490895557,8.53200149419919e-12
"species_0_bathy_extrap",213.443086299515,7.96128527685847e-12
"species_0_bathy_extrap",214.008681703472,7.42874511905356e-12
"species_0_bathy_extrap",214.57427710743,6.93182707414697e-12
"species_0_bathy_extrap",215.139872511387,6.46814849944444e-12
"species_0_bathy_extrap",215.705467915344,6.03548591313063e-12
"species_0_bathy_extrap",216.271063319302,5.63177542795001e-12
"species_0_bathy_extrap",216.836658723259,5.25505897477907e-12
"species_0_bathy_extrap",217.402254127216,4.90354154850103e-12
"species_0_bathy_extrap",217.967849531174,4.57553743157812e-12
"species_0_bathy_extrap",218.533444935131,4.26947409717937e-12
"species_0_bathy_extrap",219.099040339088,3.98388353556323e-12
"species_0_bathy_extrap",219.664635743046,3.71739661622628e-12
"species_0_bathy_extrap",220.230231147003,3.46874200370106e-12
"species_0_bathy_extrap",220.795826550961,3.23671363149092e-12
"species_0_bathy_extrap",221.361421954918,3.02020583022033e-12
"species_0_bathy_extrap",221.927017358875,2.81818036788894e-12
"species_0_bathy_extrap",222.492612762833,2.62966883511628e-12
"species_0_bathy_extrap",223.05820816679,2.4537670072905e-12
"species_0_bathy_extrap",223.623803570747,2.28963159196183e-12
"species_0_bathy_extrap",224.189398974705,2.13647914464043e-12
"species_0_bathy_extrap",224.754994378662,1.99356742051904e-12
"species_0_bathy_extrap",225.32058978262,1.86021532379288e-12
"species_0_bathy_extrap",225.886185186577,1.73578317518019e-12
"species_0_bathy_extrap",226.451780590534,1.61967444664568e-12
"species_0_bathy_extrap",227.017375994492,1.51133240037377e-12
"species_0_bathy_extrap",227.582971398449,1.41023759510361e-12
"species_0_bathy_extrap",228.148566802406,1.31590745244825e-12
"species_0_bathy_extrap",228.714162206364,1.22788476435154e-12
"species_0_bathy_extrap",229.279757610321,1.14575005299294e-12
"species_0_bathy_extrap",229.845353014278,1.0691094277232e-12
"species_0_bathy_extrap",230.410948418236,9.97595344005842e-13
"species_0_bathy_extrap",230.976543822193,9.30864977113921e-13
"species_0_bathy_extrap",231.54213922615,8.68598270566123e-13
"species_0_bathy_extrap",232.107734630108,8.10498152967187e-13
"species_0_bathy_extrap",232.673330034065,7.56282894382593e-13
"species_0_bathy_extrap",233.238925438023,7.05694237854854e-13
"species_0_bathy_extrap",233.80452084198,6.5848943051755e-13
"species_0_bathy_extrap",234.370116245937,6.14442253587394e-13
"species_0_bathy_extrap",234.935711649895,5.73341450271075e-13
"species_0_bathy_extrap",235.501307053852,5.34989966823746e-13
"species_0_bathy_extrap",236.066902457809,4.99203814136734e-13
"species_0_bathy_extrap",236.632497861767,4.65812338788091e-13
"species_0_bathy_extrap",237.198093265724,4.55185205933822e-13
"species_0_bathy_extrap",237.763688669682,4.55185205933822e-13
"species_0_bathy_extrap",238.329284073639,4.55185205933822e-13
"species_0_bathy_extrap",238.894879477596,4.55185205933822e-13
"species_0_bathy_extrap",239.460474881554,4.55185205933822e-13
"species_0_bathy_extrap",240.026070285511,4.55185205933822e-13
"species_0_bathy_extrap",240.591665689468,4.55185205933822e-13
"species_0_bathy_extrap",241.157261093426,4.55185205933822e-13
"species_0_bathy_extrap",241.722856497383,4.55185205933822e-13
"species_0_bathy_extrap",242.28845190134,4.55185205933822e-13
"species_0_bathy_extrap",242.854047305298,4.55185205933822e-13
"species_0_bathy_extrap",243.419642709255,4.55185205933822e-13
"species_0_bathy_extrap",243.985238113213,4.55185205933822e-13
"species_0_bathy_extrap",244.55083351717,4.55185205933822e-13
"species_0_bathy_extrap",245.116428921127,4.55185205933822e-13
"species_0_bathy_extrap",245.682024325085,4.55185205933822e-13
"species_0_bathy_extrap",246.247619729042,4.55185205933822e-13
"species_0_bathy_extrap",246.813215132999,4.55185205933822e-13
"species_0_bathy_extrap",247.378810536957,4.55185205933822e-13
"species_0_bathy_extrap",247.944405940914,4.55185205933822e-13
"species_0_bathy_extrap",248.510001344872,4.55185205933822e-13
"species_0_bathy_extrap",249.075596748829,4.55185205933822e-13
"species_0_bathy_extrap",249.641192152786,4.55185205933822e-13
"species_0_bathy_extrap",250.206787556744,4.55185205933822e-13
"species_0_bathy_extrap",250.772382960701,4.55185205933822e-13
"species_0_bathy_extrap",251.337978364658,4.55185205933822e-13
"species_0_bathy_extrap",251.903573768616,4.55185205933822e-13
"species_0_bathy_extrap",252.469169172573,4.55185205933822e-13
"species_0_bathy_extrap",253.03476457653,4.55185205933822e-13
"species_0_bathy_extrap",253.600359980488,4.55185205933822e-13
"species_0_bathy_extrap",254.165955384445,4.55185205933822e-13
"species_0_bathy_extrap",254.731550788403,4.55185205933822e-13
"species_0_bathy_extrap",255.29714619236,4.55185205933822e-13
"species_0_bathy_extrap",255.862741596317,4.55185205933822e-13
"species_0_bathy_extrap",256.428337000275,4.55185205933822e-13
"species_0_bathy_extrap",256.993932404232,4.55185205933822e-13
"species_0_bathy_extrap",257.559527808189,4.55185205933822e-13
"species_0_bathy_extrap",258.125123212147,4.55185205933822e-13
"species_0_bathy_extrap",258.690718616104,4.55185205933822e-13
"species_0_bathy_extrap",259.256314020062,4.55185205933822e-13
"species_0_bathy_extrap",259.821909424019,4.55185205933822e-13
"species_0_bathy_extrap",260.387504827976,4.55185205933822e-13
"species_0_hist_ice_extrap_only",-11.2926040649414,0.00353729049675167
"species_0_hist_ice_extrap_only",-11.0215815673828,0.00353729049675167
"species_0_hist_ice_extrap_only",-10.7505590698242,0.00353729049675167
"species_0_hist_ice_extrap_only",-10.4795365722656,0.00353729049675167
"species_0_hist_ice_extrap_only",-10.208514074707,0.00353729049675167
"species_0_hist_ice_extrap_only",-9.93749157714843,0.00353729049675167
"species_0_hist_ice_extrap_only",-9.66646907958984,0.00353729049675167
"species_0_hist_ice_extrap_only",-9.39544658203124,0.00353729049675167
"species_0_hist_ice_extrap_only",-9.12442408447265,0.00353729049675167
"species_0_hist_ice_extrap_only",-8.85340158691406,0.00353729049675167
"species_0_hist_ice_extrap_only",-8.58237908935546,0.00353729049675167
"species_0_hist_ice_extrap_only",-8.31135659179687,0.00353729049675167
"species_0_hist_ice_extrap_only",-8.04033409423828,0.00353729049675167
"species_0_hist_ice_extrap_only",-7.76931159667968,0.00353729049675167
"species_0_hist_ice_extrap_only",-7.49828909912109,0.00353729049675167
"species_0_hist_ice_extrap_only",-7.2272666015625,0.00353729049675167
"species_0_hist_ice_extrap_only",-6.9562441040039,0.00353729049675167
"species_0_hist_ice_extrap_only",-6.68522160644531,0.00353729049675167
"species_0_hist_ice_extrap_only",-6.41419910888672,0.00353729049675167
"species_0_hist_ice_extrap_only",-6.14317661132812,0.00353729049675167
"species_0_hist_ice_extrap_only",-5.87215411376953,0.00353729049675167
"species_0_hist_ice_extrap_only",-5.60113161621094,0.00353729049675167
"species_0_hist_ice_extrap_only",-5.33010911865234,0.00353729049675167
"species_0_hist_ice_extrap_only",-5.05908662109375,0.00353729049675167
"species_0_hist_ice_extrap_only",-4.78806412353515,0.00353729049675167
"species_0_hist_ice_extrap_only",-4.51704162597656,0.00353729049675167
"species_0_hist_ice_extrap_only",-4.24601912841797,0.00353729049675167
"species_0_hist_ice_extrap_only",-3.97499663085937,0.00353729049675167
"species_0_hist_ice_extrap_only",-3.70397413330078,0.00353729049675167
"species_0_hist_ice_extrap_only",-3.43295163574219,0.00353729049675167
"species_0_hist_ice_extrap_only",-3.16192913818359,0.00353729049675167
"species_0_hist_ice_extrap_only",-2.890906640625,0.00353729049675167
"species_0_hist_ice_extrap_only",-2.61988414306641,0.00353729049675167
"species_0_hist_ice_extrap_only",-2.34886164550781,0.00353729049675167
"species_0_hist_ice_extrap_only",-2.07783914794922,0.00353729049675167
"species_0_hist_ice_extrap_only",-1.80681665039062,0.00353729049675167
"species_0_hist_ice_extrap_only",-1.53579415283203,0.00353729049675167
"species_0_hist_ice_extrap_only",-1.26477165527344,0.00353729049675167
"species_0_hist_ice_extrap_only",-0.993749157714843,0.00353729049675167
"species_0_hist_ice_extrap_only",-0.722726660156249,0.00353729049675167
"species_0_hist_ice_extrap_only",-0.451704162597656,0.00353729049675167
"species_0_hist_ice_extrap_only",-0.180681665039062,0.00353729049675167
"species_0_hist_ice_extrap_only",0.0903408325195301,0.00365967303514481
"species_0_hist_ice_extrap_only",0.361363330078124,0.0040527400560677
"species_0_hist_ice_extrap_only",0.632385827636719,0.00448788283392787
"species_0_hist_ice_extrap_only",0.903408325195313,0.00496956799179316
"species_0_hist_ice_extrap_only",1.17443082275391,0.00550272641703486
"species_0_hist_ice_extrap_only",1.4454533203125,0.00609280029311776
"species_0_hist_ice_extrap_only",1.71647581787109,0.00674579385668039
"species_0_hist_ice_extrap_only",1.98749831542969,0.00746832648292184
"species_0_hist_ice_extrap_only",2.25852081298828,0.00826769415289164
"species_0_hist_ice_extrap_only",2.52954331054687,0.00915193278342485
"species_0_hist_ice_extrap_only",2.80056580810547,0.010129882954061
"species_0_hist_ice_extrap_only",3.07158830566406,0.0112112751230597
"species_0_hist_ice_extrap_only",3.34261080322266,0.0124067952856421
"species_0_hist_ice_extrap_only",3.61363330078125,0.0137281781062484
"species_0_hist_ice_extrap_only",3.88465579833984,0.0151882926002145
"species_0_hist_ice_extrap_only",4.15567829589843,0.0168012399226427
"species_0_hist_ice_extrap_only",4.42670079345703,0.0185824409127235
"species_0_hist_ice_extrap_only",4.69772329101562,0.0205487571656704
"species_0_hist_ice_extrap_only",4.96874578857422,0.0227185618132353
"species_0_hist_ice_extrap_only",5.23976828613281,0.0251118801534176
"species_0_hist_ice_extrap_only",5.5107907836914,0.0277504548430443
"species_0_hist_ice_extrap_only",5.78181328125,0.0306578800082207
"species_0_hist_ice_extrap_only",6.05283577880859,0.0338596738874912
"species_0_hist_ice_extrap_only",6.32385827636719,0.0373833402991295
"species_0_hist_ice_extrap_only",6.59488077392578,0.0412584729492664
"species_0_hist_ice_extrap_only",6.86590327148437,0.0455167926847935
"species_0_hist_ice_extrap_only",7.13692576904296,0.05019211769104
"species_0_hist_ice_extrap_only",7.40794826660156,0.0553204230964184
"species_0_hist_ice_extrap_only",7.67897076416015,0.0609397031366825
"species_0_hist_ice_extrap_only",7.94999326171875,0.0670899227261543
"species_0_hist_ice_extrap_only",8.22101575927734,0.0738128051161766
"species_0_hist_ice_extrap_only",8.49203825683593,0.081151582300663
"species_0_hist_ice_extrap_only",8.76306075439453,0.08915064483881
"species_0_hist_ice_extrap_only",9.03408325195312,0.0978551879525185
"species_0_hist_ice_extrap_only",9.30510574951171,0.107310555875301
"species_0_hist_ice_extrap_only",9.57612824707031,0.117561593651772
"species_0_hist_ice_extrap_only",9.8471507446289,0.128652021288872
"species_0_hist_ice_extrap_only",10.1181732421875,0.140623286366463
"species_0_hist_ice_extrap_only",10.3891957397461,0.153513610363007
"species_0_hist_ice_extrap_only",10.6602182373047,0.167356997728348
"species_0_hist_ice_extrap_only",10.9312407348633,0.18218170106411
"species_0_hist_ice_extrap_only",11.2022632324219,0.198008999228477
"species_0_hist_ice_extrap_only",11.4732857299805,0.214851975440979
"species_0_hist_ice_extrap_only",11.7443082275391,0.232713878154755
"species_0_hist_ice_extrap_only",12.0153307250976,0.2515869140625
"species_0_hist_ice_extrap_only",12.2863532226562,0.261432886123657
"species_0_hist_ice_extrap_only",12.5573757202148,0.267372280359268
"species_0_hist_ice_extrap_only",12.8283982177734,0.273398816585541
"species_0_hist_ice_extrap_only",13.099420715332,0.279511600732803
"species_0_hist_ice_extrap_only",13.3704432128906,0.28570955991745
"species_0_hist_ice_extrap_only",13.6414657104492,0.291991502046585
"species_0_hist_ice_extrap_only",13.9124882080078,0.295479029417038
"species_0_hist_ice_extrap_only",14.1835107055664,0.297943592071533
"species_0_hist_ice_extrap_only",14.454533203125,0.299438863992691
"species_0_hist_ice_extrap_only",14.7255557006836,0.299562245607376
"species_0_hist_ice_extrap_only",14.9965781982422,0.299687951803207
"species_0_hist_ice_extrap_only",15.2676006958008,0.299815982580185
"species_0_hist_ice_extrap_only",15.5386231933594,0.299946337938309
"species_0_hist_ice_extrap_only",15.809645690918,0.300079017877579
"species_0_hist_ice_extrap_only",16.0806681884766,0.300214022397995
"species_0_hist_ice_extrap_only",16.3516906860351,0.300351351499557
"species_0_hist_ice_extrap_only",16.6227131835937,0.300491034984589
"species_0_hist_ice_extrap_only",16.8937356811523,0.300633013248444
"species_0_hist_ice_extrap_only",17.1647581787109,0.30077737569809
"species_0_hist_ice_extrap_only",17.4357806762695,0.300924032926559
"species_0_hist_ice_extrap_only",17.7068031738281,0.30107307434082
"species_0_hist_ice_extrap_only",17.9778256713867,0.301224410533905
"species_0_hist_ice_extrap_only",18.2488481689453,0.301378130912781
"species_0_hist_ice_extrap_only",18.5198706665039,0.301534175872803
"species_0_hist_ice_extrap_only",18.7908931640625,0.301692545413971
"species_0_hist_ice_extrap_only",19.0619156616211,0.30185329914093
"species_0_hist_ice_extrap_only",19.3329381591797,0.302016407251358
"species_0_hist_ice_extrap_only",19.6039606567383,0.302181839942932
"species_0_hist_ice_extrap_only",19.8749831542969,0.302349656820297
"species_0_hist_ice_extrap_only",20.1460056518555,0.302519798278809
"species_0_hist_ice_extrap_only",20.417028149414,0.302692323923111
"species_0_hist_ice_extrap_only",20.6880506469726,0.302867203950882
"species_0_hist_ice_extrap_only",20.9590731445312,0.303044468164444
"species_0_hist_ice_extrap_only",21.2300956420898,0.303224086761475
"species_0_hist_ice_extrap_only",21.5011181396484,0.303406059741974
"species_0_hist_ice_extrap_only",21.772140637207,0.303590416908264
"species_0_hist_ice_extrap_only",22.0431631347656,0.303777158260345
"species_0_hist_ice_extrap_only",22.3141856323242,0.303966253995895
"species_0_hist_ice_extrap_only",22.5852081298828,0.304157733917236
"species_0_hist_ice_extrap_only",22.8562306274414,0.304351598024368
"species_0_hist_ice_extrap_only",23.127253125,0.304547846317291
"species_0_hist_ice_extrap_only",23.3982756225586,0.304746478796005
"species_0_hist_ice_extrap_only",23.6692981201172,0.30494749546051
"species_0_hist_ice_extrap_only",23.9403206176758,0.305150926113129
"species_0_hist_ice_extrap_only",24.2113431152344,0.305356711149216
"species_0_hist_ice_extrap_only",24.482365612793,0.305564910173416
"species_0_hist_ice_extrap_only",24.7533881103516,0.30577552318573
"species_0_hist_ice_extrap_only",25.0244106079101,0.305988520383835
"species_0_hist_ice_extrap_only",25.2954331054687,0.306203931570053
"species_0_hist_ice_extrap_only",25.5664556030273,0.306421726942062
"species_0_hist_ice_extrap_only",25.8374781005859,0.306641966104507
"species_0_hist_ice_extrap_only",26.1085005981445,0.306864589452744
"species_0_hist_ice_extrap_only",26.3795230957031,0.307089626789093
"species_0_hist_ice_extrap_only",26.6505455932617,0.307317107915878
"species_0_hist_ice_extrap_only",26.9215680908203,0.307546973228455
"species_0_hist_ice_extrap_only",27.1925905883789,0.307779282331467
"species_0_hist_ice_extrap_only",27.4636130859375,0.308014035224914
"species_0_hist_ice_extrap_only",27.7346355834961,0.308251172304153
"species_0_hist_ice_extrap_only",28.0056580810547,0.30849078297615
"species_0_hist_ice_extrap_only",28.2766805786133,0.308732807636261
"species_0_hist_ice_extrap_only",28.5477030761719,0.308977276086807
"species_0_hist_ice_extrap_only",28.8187255737305,0.309224188327789
"species_0_hist_ice_extrap_only",29.089748071289,0.309473514556885
"species_0_hist_ice_extrap_only",29.3607705688476,0.309725314378738
"species_0_hist_ice_extrap_only",29.6317930664062,0.309979557991028
"species_0_hist_ice_extrap_only",29.9028155639648,0.310236275196075
"species_0_hist_ice_extrap_only",30.1738380615234,0.310495406389236
"species_0_hist_ice_extrap_only",30.444860559082,0.310757040977478
"species_0_hist_ice_extrap_only",30.7158830566406,0.311021089553833
"species_0_hist_ice_extrap_only",30.9869055541992,0.311287641525268
"species_0_hist_ice_extrap_only",31.2579280517578,0.31155663728714
"species_0_hist_ice_extrap_only",31.5289505493164,0.311828136444092
"species_0_hist_ice_extrap_only",31.799973046875,0.31210207939148
"species_0_hist_ice_extrap_only",32.0709955444336,0.312378495931625
"species_0_hist_ice_extrap_only",32.3420180419922,0.312657415866852
"species_0_hist_ice_extrap_only",32.6130405395508,0.312938809394836
"species_0_hist_ice_extrap_only",32.8840630371094,0.313222706317902
"species_0_hist_ice_extrap_only",33.155085534668,0.313509076833725
"species_0_hist_ice_extrap_only",33.4261080322265,0.313797950744629
"species_0_hist_ice_extrap_only",33.6971305297851,0.314089328050613
"species_0_hist_ice_extrap_only",33.9681530273437,0.314383178949356
"species_0_hist_ice_extrap_only",34.2391755249023,0.314679563045502
"species_0_hist_ice_extrap_only",34.5101980224609,0.314978450536728
"species_0_hist_ice_extrap_only",34.7812205200195,0.315279841423035
"species_0_hist_ice_extrap_only",35.0522430175781,0.315583735704422
"species_0_hist_ice_extrap_only",35.3232655151367,0.315890163183212
"species_0_hist_ice_extrap_only",35.5942880126953,0.316199123859406
"species_0_hist_ice_extrap_only",35.8653105102539,0.316510587930679
"species_0_hist_ice_extrap_only",36.1363330078125,0.316824615001678
"species_0_hist_ice_extrap_only",36.4073555053711,0.317141145467758
"species_0_hist_ice_extrap_only",36.6783780029297,0.317460209131241
"species_0_hist_ice_extrap_only",36.9494005004883,0.317781835794449
"species_0_hist_ice_extrap_only",37.2204229980469,0.31810599565506
"species_0_hist_ice_extrap_only",37.4914454956055,0.318432688713074
"species_0_hist_ice_extrap_only",37.762467993164,0.318761944770813
"species_0_hist_ice_extrap_only",38.0334904907226,0.319093763828278
"species_0_hist_ice_extrap_only",38.3045129882812,0.319428116083145
"species_0_hist_ice_extrap_only",38.5755354858398,0.31976506114006
"species_0_hist_ice_extrap_only",38.8465579833984,0.320104539394379
"species_0_hist_ice_extrap_only",39.117580480957,0.320446610450745
"species_0_hist_ice_extrap_only",39.3886029785156,0.320791244506836
"species_0_hist_ice_extrap_only",39.6596254760742,0.321138471364975
"species_0_hist_ice_extrap_only",39.9306479736328,0.321488261222839
"species_0_hist_ice_extrap_only",40.2016704711914,0.321840643882751
"species_0_hist_ice_extrap_only",40.47269296875,0.322195619344711
"species_0_hist_ice_extrap_only",40.7437154663086,0.322553187608719
"species_0_hist_ice_extrap_only",41.0147379638672,0.322913348674774
"species_0_hist_ice_extrap_only",41.2857604614258,0.323276102542877
"species_0_hist_ice_extrap_only",41.5567829589843,0.323641449213028
"species_0_hist_ice_extrap_only",41.827805456543,0.324009448289871
"species_0_hist_ice_extrap_only",42.0988279541015,0.32438001036644
"species_0_hist_ice_extrap_only",42.3698504516601,0.324753224849701
"species_0_hist_ice_extrap_only",42.6408729492187,0.32512903213501
"species_0_hist_ice_extrap_only",42.9118954467773,0.325507491827011
"species_0_hist_ice_extrap_only",43.1829179443359,0.32588854432106
"species_0_hist_ice_extrap_only",43.4539404418945,0.326272249221802
"species_0_hist_ice_extrap_only",43.7249629394531,0.326658576726913
"species_0_hist_ice_extrap_only",43.9959854370117,0.327047556638718
"species_0_hist_ice_extrap_only",44.2670079345703,0.327439188957214
"species_0_hist_ice_extrap_only",44.5380304321289,0.327833443880081
"species_0_hist_ice_extrap_only",44.8090529296875,0.328230381011963
"species_0_hist_ice_extrap_only",45.0800754272461,0.328629940748215
"species_0_hist_ice_extrap_only",45.3510979248047,0.329032182693481
"species_0_hist_ice_extrap_only",45.6221204223633,0.329437077045441
"species_0_hist_ice_extrap_only",45.8931429199218,0.329844653606415
"species_0_hist_ice_extrap_only",46.1641654174804,0.330254882574081
"species_0_hist_ice_extrap_only",46.435187915039,0.330667823553085
"species_0_hist_ice_extrap_only",46.7062104125976,0.331083416938782
"species_0_hist_ice_extrap_only",46.9772329101562,0.331501692533493
"species_0_hist_ice_extrap_only",47.2482554077148,0.331922650337219
"species_0_hist_ice_extrap_only",47.5192779052734,0.332346320152283
"species_0_hist_ice_extrap_only",47.790300402832,0.332772672176361
"species_0_hist_ice_extrap_only",48.0613229003906,0.333201736211777
"species_0_hist_ice_extrap_only",48.3323453979492,0.33363351225853
"species_0_hist_ice_extrap_only",48.6033678955078,0.334067970514297
"species_0_hist_ice_extrap_only",48.8743903930664,0.334505170583725
"species_0_hist_ice_extrap_only",49.145412890625,0.33494508266449
"species_0_hist_ice_extrap_only",49.4164353881836,0.335387706756592
"species_0_hist_ice_extrap_only",49.6874578857422,0.335833072662354
"species_0_hist_ice_extrap_only",49.9584803833008,0.336281150579453
"species_0_hist_ice_extrap_only",50.2295028808594,0.336731970310211
"species_0_hist_ice_extrap_only",50.5005253784179,0.33718553185463
"species_0_hist_ice_extrap_only",50.7715478759765,0.337641835212708
"species_0_hist_ice_extrap_only",51.0425703735351,0.338100880384445
"species_0_hist_ice_extrap_only",51.3135928710937,0.338562667369843
"species_0_hist_ice_extrap_only",51.5846153686523,0.339027225971222
"species_0_hist_ice_extrap_only",51.8556378662109,0.339494556188583
"species_0_hist_ice_extrap_only",52.1266603637695,0.339964628219604
"species_0_hist_ice_extrap_only",52.3976828613281,0.340437471866608
"species_0_hist_ice_extrap_only",52.6687053588867,0.340913116931915
"species_0_hist_ice_extrap_only",52.9397278564453,0.341391503810883
"species_0_hist_ice_extrap_only",53.2107503540039,0.341872692108154
"species_0_hist_ice_extrap_only",53.4817728515625,0.342356652021408
"species_0_hist_ice_extrap_only",53.7527953491211,0.342843413352966
"species_0_hist_ice_extrap_only",54.0238178466797,0.343332946300507
"species_0_hist_ice_extrap_only",54.2948403442383,0.343825310468674
"species_0_hist_ice_extrap_only",54.5658628417968,0.344320446252823
"species_0_hist_ice_extrap_only",54.8368853393554,0.344818413257599
"species_0_hist_ice_extrap_only",55.107907836914,0.345319151878357
"species_0_hist_ice_extrap_only",55.3789303344726,0.345822751522064
"species_0_hist_ice_extrap_only",55.6499528320312,0.346329152584076
"species_0_hist_ice_extrap_only",55.9209753295898,0.346838355064392
"species_0_hist_ice_extrap_only",56.1919978271484,0.347350418567657
"species_0_hist_ice_extrap_only",56.463020324707,0.34786531329155
"species_0_hist_ice_extrap_only",56.7340428222656,0.348383009433746
"species_0_hist_ice_extrap_only",57.0050653198242,0.348903566598892
"species_0_hist_ice_extrap_only",57.2760878173828,0.349426984786987
"species_0_hist_ice_extrap_only",57.5471103149414,0.349953234195709
"species_0_hist_ice_extrap_only",57.8181328125,0.350482314825058
"species_0_hist_ice_extrap_only",58.0891553100586,0.351014286279678
"species_0_hist_ice_extrap_only",58.3601778076171,0.351549088954926
"species_0_hist_ice_extrap_only",58.6312003051758,0.352086782455444
"species_0_hist_ice_extrap_only",58.9022228027343,0.352627336978912
"species_0_hist_ice_extrap_only",59.173245300293,0.35317075252533
"species_0_hist_ice_extrap_only",59.4442677978515,0.353717058897018
"species_0_hist_ice_extrap_only",59.7152902954101,0.354266256093979
"species_0_hist_ice_extrap_only",59.9863127929687,0.354818314313888
"species_0_hist_ice_extrap_only",60.2573352905273,0.35537326335907
"species_0_hist_ice_extrap_only",60.5283577880859,0.355931133031845
"species_0_hist_ice_extrap_only",60.7993802856445,0.356491893529892
"species_0_hist_ice_extrap_only",61.0704027832031,0.35705554485321
"species_0_hist_ice_extrap_only",61.3414252807617,0.357622087001801
"species_0_hist_ice_extrap_only",61.6124477783203,0.358191549777985
"species_0_hist_ice_extrap_only",61.8834702758789,0.358763933181763
"species_0_hist_ice_extrap_only",62.1544927734375,0.359339237213135
"species_0_hist_ice_extrap_only",62.4255152709961,0.359917461872101
"species_0_hist_ice_extrap_only",62.6965377685547,0.360498607158661
"species_0_hist_ice_extrap_only",62.9675602661133,0.361082673072815
"species_0_hist_ice_extrap_only",63.2385827636718,0.361669659614563
"species_0_hist_ice_extrap_only",63.5096052612304,0.36225962638855
"species_0_hist_ice_extrap_only",63.780627758789,0.362852513790131
"species_0_hist_ice_extrap_only",64.0516502563476,0.363448321819305
"species_0_hist_ice_extrap_only",64.3226727539062,0.364047110080719
"species_0_hist_ice_extrap_only",64.5936952514648,0.364648848772049
"species_0_hist_ice_extrap_only",64.8647177490234,0.365253508090973
"species_0_hist_ice_extrap_only",65.135740246582,0.365861177444458
"species_0_hist_ice_extrap_only",65.4067627441406,0.366471767425537
"species_0_hist_ice_extrap_only",65.6777852416992,0.367085367441177
"species_0_hist_ice_extrap_only",65.9488077392578,0.367701917886734
"species_0_hist_ice_extrap_only",66.2198302368164,0.368321448564529
"species_0_hist_ice_extrap_only",66.490852734375,0.368943929672241
"species_0_hist_ice_extrap_only",66.7618752319336,0.369569420814514
"species_0_hist_ice_extrap_only",67.0328977294921,0.370197892189026
"species_0_hist_ice_extrap_only",67.3039202270507,0.370829313993454
"species_0_hist_ice_extrap_only",67.5749427246093,0.371463775634766
"species_0_hist_ice_extrap_only",67.8459652221679,0.372101217508316
"species_0_hist_ice_extrap_only",68.1169877197265,0.372741669416428
"species_0_hist_ice_extrap_only",68.3880102172851,0.373385101556778
"species_0_hist_ice_extrap_only",68.6590327148437,0.374031573534012
"species_0_hist_ice_extrap_only",68.9300552124023,0.374681025743484
"species_0_hist_ice_extrap_only",69.2010777099609,0.375333517789841
"species_0_hist_ice_extrap_only",69.4721002075195,0.375988990068436
"species_0_hist_ice_extrap_only",69.7431227050781,0.376647531986237
"species_0_hist_ice_extrap_only",70.0141452026367,0.377309054136276
"species_0_hist_ice_extrap_only",70.2851677001953,0.377973616123199
"species_0_hist_ice_extrap_only",70.5561901977539,0.378641188144684
"species_0_hist_ice_extrap_only",70.8272126953125,0.379311800003052
"species_0_hist_ice_extrap_only",71.0982351928711,0.379985481500626
"species_0_hist_ice_extrap_only",71.3692576904296,0.380662143230438
"species_0_hist_ice_extrap_only",71.6402801879883,0.381341904401779
"species_0_hist_ice_extrap_only",71.9113026855468,0.382024675607681
"species_0_hist_ice_extrap_only",72.1823251831054,0.382710516452789
"species_0_hist_ice_extrap_only",72.453347680664,0.383399367332458
"species_0_hist_ice_extrap_only",72.7243701782226,0.384091317653656
"species_0_hist_ice_extrap_only",72.9953926757812,0.384823173284531
"species_0_hist_ice_extrap_only",73.2664151733398,0.3858502805233
"species_0_hist_ice_extrap_only",73.5374376708984,0.388578832149506
"species_0_hist_ice_extrap_only",73.808460168457,0.392637103796005
"species_0_hist_ice_extrap_only",74.0794826660156,0.396782964468002
"species_0_hist_ice_extrap_only",74.3505051635742,0.402687847614288
"species_0_hist_ice_extrap_only",74.6215276611328,0.410043895244598
"species_0_hist_ice_extrap_only",74.8925501586914,0.418088525533676
"species_0_hist_ice_extrap_only",75.16357265625,0.426334530115128
"species_0_hist_ice_extrap_only",75.4345951538086,0.434911847114563
"species_0_hist_ice_extrap_only",75.7056176513671,0.443552285432816
"species_0_hist_ice_extrap_only",75.9766401489258,0.452229470014572
"species_0_hist_ice_extrap_only",76.2476626464843,0.460938781499863
"species_0_hist_ice_extrap_only",76.5186851440429,0.469674438238144
"species_0_hist_ice_extrap_only",76.7897076416015,0.478431731462479
"species_0_hist_ice_extrap_only",77.0607301391601,0.487204760313034
"species_0_hist_ice_extrap_only",77.3317526367187,0.49598839879036
"species_0_hist_ice_extrap_only",77.6027751342773,0.504777491092682
"species_0_hist_ice_extrap_only",77.8737976318359,0.513566136360168
"species_0_hist_ice_extrap_only",78.1448201293945,0.52234935760498
"species_0_hist_ice_extrap_only",78.4158426269531,0.53112131357193
"species_0_hist_ice_extrap_only",78.6868651245117,0.539876937866211
"species_0_hist_ice_extrap_only",78.9578876220703,0.54861056804657
"species_0_hist_ice_extrap_only",79.2289101196289,0.55731725692749
"species_0_hist_ice_extrap_only",79.4999326171875,0.565991282463074
"species_0_hist_ice_extrap_only",79.770955114746,0.574627995491028
"species_0_hist_ice_extrap_only",80.0419776123046,0.583221852779388
"species_0_hist_ice_extrap_only",80.3130001098632,0.591768264770508
"species_0_hist_ice_extrap_only",80.5840226074218,0.600261926651001
"species_0_hist_ice_extrap_only",80.8550451049804,0.60869836807251
"species_0_hist_ice_extrap_only",81.126067602539,0.617073118686676
"species_0_hist_ice_extrap_only",81.3970901000976,0.625381290912628
"species_0_hist_ice_extrap_only",81.6681125976562,0.633619010448456
"species_0_hist_ice_extrap_only",81.9391350952148,0.641781568527222
"species_0_hist_ice_extrap_only",82.2101575927734,0.649865567684174
"species_0_hist_ice_extrap_only",82.481180090332,0.657866537570953
"species_0_hist_ice_extrap_only",82.7522025878906,0.665781438350677
"species_0_hist_ice_extrap_only",83.0232250854492,0.673606216907501
"species_0_hist_ice_extrap_only",83.2942475830078,0.68133807182312
"species_0_hist_ice_extrap_only",83.5652700805664,0.688973486423492
"species_0_hist_ice_extrap_only",83.836292578125,0.696509897708893
"species_0_hist_ice_extrap_only",84.1073150756836,0.703944325447083
"species_0_hist_ice_extrap_only",84.3783375732421,0.711274325847626
"species_0_hist_ice_extrap_only",84.6493600708007,0.718497812747955
"species_0_hist_ice_extrap_only",84.9203825683593,0.725612342357635
"species_0_hist_ice_extrap_only",85.1914050659179,0.732616245746613
"species_0_hist_ice_extrap_only",85.4624275634765,0.739507496356964
"species_0_hist_ice_extrap_only",85.7334500610351,0.746284902095795
"species_0_hist_ice_extrap_only",86.0044725585937,0.752946734428406
"species_0_hist_ice_extrap_only",86.2754950561523,0.75949215888977
"species_0_hist_ice_extrap_only",86.5465175537109,0.765919864177704
"species_0_hist_ice_extrap_only",86.8175400512695,0.772229433059692
"species_0_hist_ice_extrap_only",87.0885625488281,0.778419852256775
"species_0_hist_ice_extrap_only",87.3595850463867,0.784491002559662
"species_0_hist_ice_extrap_only",87.6306075439453,0.790442168712616
"species_0_hist_ice_extrap_only",87.9016300415039,0.796273529529572
"species_0_hist_ice_extrap_only",88.1726525390625,0.801985085010529
"species_0_hist_ice_extrap_only",88.4436750366211,0.807576835155487
"species_0_hist_ice_extrap_only",88.7146975341796,0.813049256801605
"species_0_hist_ice_extrap_only",88.9857200317382,0.818402528762817
"species_0_hist_ice_extrap_only",89.2567425292968,0.82363748550415
"species_0_hist_ice_extrap_only",89.5277650268554,0.828754484653473
"species_0_hist_ice_extrap_only",89.798787524414,0.833754658699036
"species_0_hist_ice_extrap_only",90.0698100219726,0.838638663291931
"species_0_hist_ice_extrap_only",90.3408325195312,0.84340763092041
"species_0_hist_ice_extrap_only",90.6118550170898,0.848062515258789
"species_0_hist_ice_extrap_only",90.8828775146484,0.852604687213898
"species_0_hist_ice_extrap_only",91.153900012207,0.857035160064697
"species_0_hist_ice_extrap_only",91.4249225097656,0.861355423927307
"species_0_hist_ice_extrap_only",91.6959450073242,0.865567028522491
"species_0_hist_ice_extrap_only",91.9669675048828,0.869671165943146
"species_0_hist_ice_extrap_only",92.2379900024414,0.873669624328613
"species_0_hist_ice_extrap_only",92.5090125,0.877563774585724
"species_0_hist_ice_extrap_only",92.7800349975585,0.881355345249176
"species_0_hist_ice_extrap_only",93.0510574951171,0.885045945644379
"species_0_hist_ice_extrap_only",93.3220799926757,0.88863742351532
"species_0_hist_ice_extrap_only",93.5931024902343,0.892131328582764
"species_0_hist_ice_extrap_only",93.8641249877929,0.895529627799988
"species_0_hist_ice_extrap_only",94.1351474853515,0.898833930492401
"species_0_hist_ice_extrap_only",94.4061699829101,0.902046144008636
"species_0_hist_ice_extrap_only",94.6771924804687,0.905167996883392
"species_0_hist_ice_extrap_only",94.9482149780273,0.908201456069946
"species_0_hist_ice_extrap_only",95.2192374755859,0.911148309707642
"species_0_hist_ice_extrap_only",95.4902599731445,0.914010286331177
"species_0_hist_ice_extrap_only",95.7612824707031,0.916789412498474
"species_0_hist_ice_extrap_only",96.0323049682617,0.919487416744232
"species_0_hist_ice_extrap_only",96.3033274658203,0.922106206417084
"species_0_hist_ice_extrap_only",96.5743499633788,0.924647450447082
"species_0_hist_ice_extrap_only",96.8453724609374,0.927113175392151
"species_0_hist_ice_extrap_only",97.116394958496,0.929505050182342
"species_0_hist_ice_extrap_only",97.3874174560546,0.931824922561646
"species_0_hist_ice_extrap_only",97.6584399536132,0.934074461460114
"species_0_hist_ice_extrap_only",97.9294624511718,0.936255574226379
"species_0_hist_ice_extrap_only",98.2004849487304,0.938369870185852
"species_0_hist_ice_extrap_only",98.471507446289,0.940419137477875
"species_0_hist_ice_extrap_only",98.7425299438476,0.942405104637146
"species_0_hist_ice_extrap_only",99.0135524414062,0.944329261779785
"species_0_hist_ice_extrap_only",99.2845749389648,0.94619345664978
"species_0_hist_ice_extrap_only",99.5555974365234,0.947999119758606
"species_0_hist_ice_extrap_only",99.826619934082,0.949747979640961
"species_0_hist_ice_extrap_only",100.097642431641,0.951441526412964
"species_0_hist_ice_extrap_only",100.368664929199,0.95308130979538
"species_0_hist_ice_extrap_only",100.639687426758,0.954668819904327
"species_0_hist_ice_extrap_only",100.910709924316,0.956205546855926
"species_0_hist_ice_extrap_only",101.181732421875,0.957692921161652
"species_0_hist_ice_extrap_only",101.452754919434,0.959132373332977
"species_0_hist_ice_extrap_only",101.723777416992,0.960525274276733
"species_0_hist_ice_extrap_only",101.994799914551,0.96187299489975
"species_0_hist_ice_extrap_only",102.265822412109,0.963176846504211
"species_0_hist_ice_extrap_only",102.536844909668,0.964438140392304
"species_0_hist_ice_extrap_only",102.807867407227,0.965658187866211
"species_0_hist_ice_extrap_only",103.078889904785,0.96683806180954
"species_0_hist_ice_extrap_only",103.349912402344,0.967979192733765
"species_0_hist_ice_extrap_only",103.620934899902,0.969082534313202
"species_0_hist_ice_extrap_only",103.891957397461,0.970149457454681
"species_0_hist_ice_extrap_only",104.162979895019,0.971180856227875
"species_0_hist_ice_extrap_only",104.434002392578,0.972177982330322
"species_0_hist_ice_extrap_only",104.705024890137,0.973141849040985
"species_0_hist_ice_extrap_only",104.976047387695,0.974073469638824
"species_0_hist_ice_extrap_only",105.247069885254,0.974973917007446
"species_0_hist_ice_extrap_only",105.518092382812,0.975844085216522
"species_0_hist_ice_extrap_only",105.789114880371,0.976684987545013
"species_0_hist_ice_extrap_only",106.06013737793,0.977497518062592
"species_0_hist_ice_extrap_only",106.331159875488,0.978282630443573
"species_0_hist_ice_extrap_only",106.602182373047,0.97904109954834
"species_0_hist_ice_extrap_only",106.873204870605,0.979773879051208
"species_0_hist_ice_extrap_only",107.144227368164,0.980481803417206
"species_0_hist_ice_extrap_only",107.415249865723,0.981165587902069
"species_0_hist_ice_extrap_only",107.686272363281,0.98182600736618
"species_0_hist_ice_extrap_only",107.95729486084,0.982463955879211
"species_0_hist_ice_extrap_only",108.228317358398,0.98308002948761
"species_0_hist_ice_extrap_only",108.499339855957,0.983675003051758
"species_0_hist_ice_extrap_only",108.770362353516,0.984249532222748
"species_0_hist_ice_extrap_only",109.041384851074,0.984804332256317
"species_0_hist_ice_extrap_only",109.312407348633,0.985340058803558
"species_0_hist_ice_extrap_only",109.583429846191,0.985857307910919
"species_0_hist_ice_extrap_only",109.85445234375,0.986356735229492
"species_0_hist_ice_extrap_only",110.125474841309,0.98683887720108
"species_0_hist_ice_extrap_only",110.396497338867,0.987304329872131
"species_0_hist_ice_extrap_only",110.667519836426,0.987753689289093
"species_0_hist_ice_extrap_only",110.938542333984,0.988187432289124
"species_0_hist_ice_extrap_only",111.209564831543,0.988606095314026
"species_0_hist_ice_extrap_only",111.480587329102,0.989010274410248
"species_0_hist_ice_extrap_only",111.75160982666,0.989400327205658
"species_0_hist_ice_extrap_only",112.022632324219,0.989776790142059
"species_0_hist_ice_extrap_only",112.293654821777,0.99014014005661
"species_0_hist_ice_extrap_only",112.564677319336,0.990490794181824
"species_0_hist_ice_extrap_only",112.835699816894,0.990829229354858
"species_0_hist_ice_extrap_only",113.106722314453,0.990939378738403
"species_0_hist_ice_extrap_only",113.377744812012,0.990939378738403
"species_0_hist_ice_extrap_only",113.64876730957,0.990939378738403
"species_0_hist_ice_extrap_only",113.919789807129,0.990939378738403
"species_0_hist_ice_extrap_only",114.190812304687,0.990939378738403
"species_0_hist_ice_extrap_only",114.461834802246,0.990939378738403
"species_0_hist_ice_extrap_only",114.732857299805,0.990939378738403
"species_0_hist_ice_extrap_only",115.003879797363,0.990939378738403
"species_0_hist_ice_extrap_only",115.274902294922,0.990939378738403
"species_0_hist_ice_extrap_only",115.54592479248,0.990939378738403
"species_0_hist_ice_extrap_only",115.816947290039,0.990939378738403
"species_0_hist_ice_extrap_only",116.087969787598,0.990939378738403
"species_0_hist_ice_extrap_only",116.358992285156,0.990939378738403
"species_0_hist_ice_extrap_only",116.630014782715,0.990939378738403
"species_0_hist_ice_extrap_only",116.901037280273,0.990939378738403
"species_0_hist_ice_extrap_only",117.172059777832,0.990939378738403
"species_0_hist_ice_extrap_only",117.443082275391,0.990939378738403
"species_0_hist_ice_extrap_only",117.714104772949,0.990939378738403
"species_0_hist_ice_extrap_only",117.985127270508,0.990939378738403
"species_0_hist_ice_extrap_only",118.256149768066,0.990939378738403
"species_0_hist_ice_extrap_only",118.527172265625,0.990939378738403
"species_0_hist_ice_extrap_only",118.798194763184,0.990939378738403
"species_0_hist_ice_extrap_only",119.069217260742,0.990939378738403
"species_0_hist_ice_extrap_only",119.340239758301,0.990939378738403
"species_0_hist_ice_extrap_only",119.611262255859,0.990939378738403
"species_0_hist_ice_extrap_only",119.882284753418,0.990939378738403
"species_0_hist_ice_extrap_only",120.153307250976,0.990939378738403
"species_0_hist_ice_extrap_only",120.424329748535,0.990939378738403
"species_0_hist_ice_extrap_only",120.695352246094,0.990939378738403
"species_0_hist_ice_extrap_only",120.966374743652,0.990939378738403
"species_0_hist_ice_extrap_only",121.237397241211,0.990939378738403
"species_0_hist_ice_extrap_only",121.508419738769,0.990939378738403
"species_0_hist_ice_extrap_only",121.779442236328,0.990939378738403
"species_0_hist_ice_extrap_only",122.050464733887,0.990939378738403
"species_0_hist_ice_extrap_only",122.321487231445,0.990939378738403
"species_0_hist_ice_extrap_only",122.592509729004,0.990939378738403
"species_0_hist_ice_extrap_only",122.863532226562,0.990939378738403
"species_0_hist_ice_extrap_only",123.134554724121,0.990939378738403
"species_0_hist_ice_extrap_only",123.40557722168,0.990939378738403
"species_0_hist_ice_extrap_only",123.676599719238,0.990939378738403
"species_0_hist_ice_extrap_only",123.947622216797,0.990939378738403
"species_0_hist_ice_extrap_only",124.218644714355,0.990939378738403
"species_0_hist_ice_extrap",-11.2926040649414,0.88565057516098
"species_0_hist_ice_extrap",-11.0215815673828,0.88565057516098
"species_0_hist_ice_extrap",-10.7505590698242,0.88565057516098
"species_0_hist_ice_extrap",-10.4795365722656,0.88565057516098
"species_0_hist_ice_extrap",-10.208514074707,0.88565057516098
"species_0_hist_ice_extrap",-9.93749157714843,0.88565057516098
"species_0_hist_ice_extrap",-9.66646907958984,0.88565057516098
"species_0_hist_ice_extrap",-9.39544658203124,0.88565057516098
"species_0_hist_ice_extrap",-9.12442408447265,0.88565057516098
"species_0_hist_ice_extrap",-8.85340158691406,0.88565057516098
"species_0_hist_ice_extrap",-8.58237908935546,0.88565057516098
"species_0_hist_ice_extrap",-8.31135659179687,0.88565057516098
"species_0_hist_ice_extrap",-8.04033409423828,0.88565057516098
"species_0_hist_ice_extrap",-7.76931159667968,0.88565057516098
"species_0_hist_ice_extrap",-7.49828909912109,0.88565057516098
"species_0_hist_ice_extrap",-7.2272666015625,0.88565057516098
"species_0_hist_ice_extrap",-6.9562441040039,0.88565057516098
"species_0_hist_ice_extrap",-6.68522160644531,0.88565057516098
"species_0_hist_ice_extrap",-6.41419910888672,0.88565057516098
"species_0_hist_ice_extrap",-6.14317661132812,0.88565057516098
"species_0_hist_ice_extrap",-5.87215411376953,0.88565057516098
"species_0_hist_ice_extrap",-5.60113161621094,0.88565057516098
"species_0_hist_ice_extrap",-5.33010911865234,0.88565057516098
"species_0_hist_ice_extrap",-5.05908662109375,0.88565057516098
"species_0_hist_ice_extrap",-4.78806412353515,0.88565057516098
"species_0_hist_ice_extrap",-4.51704162597656,0.88565057516098
"species_0_hist_ice_extrap",-4.24601912841797,0.88565057516098
"species_0_hist_ice_extrap",-3.97499663085937,0.88565057516098
"species_0_hist_ice_extrap",-3.70397413330078,0.88565057516098
"species_0_hist_ice_extrap",-3.43295163574219,0.88565057516098
"species_0_hist_ice_extrap",-3.16192913818359,0.88565057516098
"species_0_hist_ice_extrap",-2.890906640625,0.88565057516098
"species_0_hist_ice_extrap",-2.61988414306641,0.88565057516098
"species_0_hist_ice_extrap",-2.34886164550781,0.88565057516098
"species_0_hist_ice_extrap",-2.07783914794922,0.88565057516098
"species_0_hist_ice_extrap",-1.80681665039062,0.88565057516098
"species_0_hist_ice_extrap",-1.53579415283203,0.88565057516098
"species_0_hist_ice_extrap",-1.26477165527344,0.88565057516098
"species_0_hist_ice_extrap",-0.993749157714843,0.88565057516098
"species_0_hist_ice_extrap",-0.722726660156249,0.88565057516098
"species_0_hist_ice_extrap",-0.451704162597656,0.88565057516098
"species_0_hist_ice_extrap",-0.180681665039062,0.88565057516098
"species_0_hist_ice_extrap",0.0903408325195301,0.88460773229599
"species_0_hist_ice_extrap",0.361363330078124,0.881429553031921
"species_0_hist_ice_extrap",0.632385827636719,0.878176033496857
"species_0_hist_ice_extrap",0.903408325195313,0.874846041202545
"species_0_hist_ice_extrap",1.17443082275391,0.871438503265381
"species_0_hist_ice_extrap",1.4454533203125,0.867952346801758
"species_0_hist_ice_extrap",1.71647581787109,0.86438649892807
"species_0_hist_ice_extrap",1.98749831542969,0.860739946365356
"species_0_hist_ice_extrap",2.25852081298828,0.857011795043945
"species_0_hist_ice_extrap",2.52954331054687,0.853200912475586
"species_0_hist_ice_extrap",2.80056580810547,0.849306583404541
"species_0_hist_ice_extrap",3.07158830566406,0.845327794551849
"species_0_hist_ice_extrap",3.34261080322266,0.841263771057129
"species_0_hist_ice_extrap",3.61363330078125,0.837113678455353
"species_0_hist_ice_extrap",3.88465579833984,0.832876861095428
"species_0_hist_ice_extrap",4.15567829589843,0.828552544116974
"species_0_hist_ice_extrap",4.42670079345703,0.824140191078186
"species_0_hist_ice_extrap",4.69772329101562,0.819639146327972
"species_0_hist_ice_extrap",4.96874578857422,0.81504899263382
"species_0_hist_ice_extrap",5.23976828613281,0.810369193553925
"species_0_hist_ice_extrap",5.5107907836914,0.805599510669708
"species_0_hist_ice_extrap",5.78181328125,0.800739467144012
"species_0_hist_ice_extrap",6.05283577880859,0.795788943767548
"species_0_hist_ice_extrap",6.32385827636719,0.790747821331024
"species_0_hist_ice_extrap",6.59488077392578,0.785615980625153
"species_0_hist_ice_extrap",6.86590327148437,0.780393481254578
"species_0_hist_ice_extrap",7.13692576904296,0.775080323219299
"species_0_hist_ice_extrap",7.40794826660156,0.769676864147186
"species_0_hist_ice_extrap",7.67897076416015,0.764183282852173
"species_0_hist_ice_extrap",7.94999326171875,0.758599996566772
"species_0_hist_ice_extrap",8.22101575927734,0.752927482128143
"species_0_hist_ice_extrap",8.49203825683593,0.747166395187378
"species_0_hist_ice_extrap",8.76306075439453,0.741317331790924
"species_0_hist_ice_extrap",9.03408325195312,0.735381126403809
"species_0_hist_ice_extrap",9.30510574951171,0.729358673095703
"species_0_hist_ice_extrap",9.57612824707031,0.723251044750214
"species_0_hist_ice_extrap",9.8471507446289,0.717059254646301
"species_0_hist_ice_extrap",10.1181732421875,0.710784614086151
"species_0_hist_ice_extrap",10.3891957397461,0.704428434371948
"species_0_hist_ice_extrap",10.6602182373047,0.697992205619812
"species_0_hist_ice_extrap",10.9312407348633,0.691477477550507
"species_0_hist_ice_extrap",11.2022632324219,0.684885919094086
"species_0_hist_ice_extrap",11.4732857299805,0.678219377994537
"species_0_hist_ice_extrap",11.7443082275391,0.67147970199585
"species_0_hist_ice_extrap",12.0153307250976,0.66466897726059
"species_0_hist_ice_extrap",12.2863532226562,0.65778923034668
"species_0_hist_ice_extrap",12.5573757202148,0.650842845439911
"species_0_hist_ice_extrap",12.8283982177734,0.643832087516785
"species_0_hist_ice_extrap",13.099420715332,0.636759400367737
"species_0_hist_ice_extrap",13.3704432128906,0.629627346992493
"species_0_hist_ice_extrap",13.6414657104492,0.622438609600067
"species_0_hist_ice_extrap",13.9124882080078,0.61519593000412
"species_0_hist_ice_extrap",14.1835107055664,0.607902109622955
"species_0_hist_ice_extrap",14.454533203125,0.600560128688812
"species_0_hist_ice_extrap",14.7255557006836,0.59317296743393
"species_0_hist_ice_extrap",14.9965781982422,0.58574378490448
"species_0_hist_ice_extrap",15.2676006958008,0.578275620937347
"species_0_hist_ice_extrap",15.5386231933594,0.570771872997284
"species_0_hist_ice_extrap",15.809645690918,0.563235700130463
"species_0_hist_ice_extrap",16.0806681884766,0.555670619010925
"species_0_hist_ice_extrap",16.3516906860351,0.54807984828949
"species_0_hist_ice_extrap",16.6227131835937,0.540467023849487
"species_0_hist_ice_extrap",16.8937356811523,0.53283554315567
"species_0_hist_ice_extrap",17.1647581787109,0.52518904209137
"species_0_hist_ice_extrap",17.4357806762695,0.517530977725983
"species_0_hist_ice_extrap",17.7068031738281,0.509865045547485
"species_0_hist_ice_extrap",17.9778256713867,0.502194762229919
"species_0_hist_ice_extrap",18.2488481689453,0.494523704051971
"species_0_hist_ice_extrap",18.5198706665039,0.48685559630394
"species_0_hist_ice_extrap",18.7908931640625,0.479193985462189
"species_0_hist_ice_extrap",19.0619156616211,0.471542447805405
"species_0_hist_ice_extrap",19.3329381591797,0.463904649019241
"species_0_hist_ice_extrap",19.6039606567383,0.456283986568451
"species_0_hist_ice_extrap",19.8749831542969,0.448684066534042
"species_0_hist_ice_extrap",20.1460056518555,0.441108345985413
"species_0_hist_ice_extrap",20.417028149414,0.433560281991959
"species_0_hist_ice_extrap",20.6880506469726,0.426043212413788
"species_0_hist_ice_extrap",20.9590731445312,0.418560475111008
"species_0_hist_ice_extrap",21.2300956420898,0.411115378141403
"species_0_hist_ice_extrap",21.5011181396484,0.403711020946503
"species_0_hist_ice_extrap",21.772140637207,0.396350592374802
"species_0_hist_ice_extrap",22.0431631347656,0.389037072658539
"species_0_hist_ice_extrap",22.3141856323242,0.381773471832275
"species_0_hist_ice_extrap",22.5852081298828,0.374562650918961
"species_0_hist_ice_extrap",22.8562306274414,0.367407441139221
"species_0_hist_ice_extrap",23.127253125,0.360310405492783
"species_0_hist_ice_extrap",23.3982756225586,0.353274166584015
"species_0_hist_ice_extrap",23.6692981201172,0.346301257610321
"species_0_hist_ice_extrap",23.9403206176758,0.339394062757492
"species_0_hist_ice_extrap",24.2113431152344,0.332554817199707
"species_0_hist_ice_extrap",24.482365612793,0.3257856965065
"species_0_hist_ice_extrap",24.7533881103516,0.319088816642761
"species_0_hist_ice_extrap",25.0244106079101,0.312466025352478
"species_0_hist_ice_extrap",25.2954331054687,0.305919200181961
"species_0_hist_ice_extrap",25.5664556030273,0.299450069665909
"species_0_hist_ice_extrap",25.8374781005859,0.293917655944824
"species_0_hist_ice_extrap",26.1085005981445,0.290686249732971
"species_0_hist_ice_extrap",26.3795230957031,0.29071170091629
"species_0_hist_ice_extrap",26.6505455932617,0.290737450122833
"species_0_hist_ice_extrap",26.9215680908203,0.290763437747955
"species_0_hist_ice_extrap",27.1925905883789,0.290789693593979
"species_0_hist_ice_extrap",27.4636130859375,0.290816217660904
"species_0_hist_ice_extrap",27.7346355834961,0.29084300994873
"species_0_hist_ice_extrap",28.0056580810547,0.290870070457458
"species_0_hist_ice_extrap",28.2766805786133,0.290897399187088
"species_0_hist_ice_extrap",28.5477030761719,0.290924966335297
"species_0_hist_ice_extrap",28.8187255737305,0.290952831506729
"species_0_hist_ice_extrap",29.089748071289,0.290980935096741
"species_0_hist_ice_extrap",29.3607705688476,0.291009306907654
"species_0_hist_ice_extrap",29.6317930664062,0.291037946939468
"species_0_hist_ice_extrap",29.9028155639648,0.291066855192184
"species_0_hist_ice_extrap",30.1738380615234,0.291096031665802
"species_0_hist_ice_extrap",30.444860559082,0.291125476360321
"species_0_hist_ice_extrap",30.7158830566406,0.291155159473419
"species_0_hist_ice_extrap",30.9869055541992,0.291185140609741
"species_0_hist_ice_extrap",31.2579280517578,0.291215360164642
"species_0_hist_ice_extrap",31.5289505493164,0.291245877742767
"species_0_hist_ice_extrap",31.799973046875,0.291276633739471
"species_0_hist_ice_extrap",32.0709955444336,0.291307657957077
"species_0_hist_ice_extrap",32.3420180419922,0.291338950395584
"species_0_hist_ice_extrap",32.6130405395508,0.291370511054993
"species_0_hist_ice_extrap",32.8840630371094,0.291402339935303
"species_0_hist_ice_extrap",33.155085534668,0.291434437036514
"species_0_hist_ice_extrap",33.4261080322265,0.291466772556305
"species_0_hist_ice_extrap",33.6971305297851,0.291499406099319
"species_0_hist_ice_extrap",33.9681530273437,0.291532278060913
"species_0_hist_ice_extrap",34.2391755249023,0.291565448045731
"species_0_hist_ice_extrap",34.5101980224609,0.291598856449127
"species_0_hist_ice_extrap",34.7812205200195,0.291632533073425
"species_0_hist_ice_extrap",35.0522430175781,0.291666477918625
"species_0_hist_ice_extrap",35.3232655151367,0.291700690984726
"species_0_hist_ice_extrap",35.5942880126953,0.291735172271729
"species_0_hist_ice_extrap",35.8653105102539,0.291769921779633
"species_0_hist_ice_extrap",36.1363330078125,0.291804939508438
"species_0_hist_ice_extrap",36.4073555053711,0.291840225458145
"species_0_hist_ice_extrap",36.6783780029297,0.291875779628754
"species_0_hist_ice_extrap",36.9494005004883,0.291911572217941
"species_0_hist_ice_extrap",37.2204229980469,0.291947662830353
"species_0_hist_ice_extrap",37.4914454956055,0.291983991861343
"species_0_hist_ice_extrap",37.762467993164,0.292020618915558
"species_0_hist_ice_extrap",38.0334904907226,0.292057484388351
"species_0_hist_ice_extrap",38.3045129882812,0.292094647884369
"species_0_hist_ice_extrap",38.5755354858398,0.292132049798965
"species_0_hist_ice_extrap",38.8465579833984,0.292169719934464
"species_0_hist_ice_extrap",39.117580480957,0.292207658290863
"species_0_hist_ice_extrap",39.3886029785156,0.292245864868164
"species_0_hist_ice_extrap",39.6596254760742,0.292284339666367
"species_0_hist_ice_extrap",39.9306479736328,0.292323082685471
"species_0_hist_ice_extrap",40.2016704711914,0.292362093925476
"species_0_hist_ice_extrap",40.47269296875,0.292401373386383
"species_0_hist_ice_extrap",40.7437154663086,0.292440921068192
"species_0_hist_ice_extrap",41.0147379638672,0.292480736970901
"species_0_hist_ice_extrap",41.2857604614258,0.292520821094513
"species_0_hist_ice_extrap",41.5567829589843,0.292561173439026
"species_0_hist_ice_extrap",41.827805456543,0.292601764202118
"species_0_hist_ice_extrap",42.0988279541015,0.292642652988434
"species_0_hist_ice_extrap",42.3698504516601,0.292683809995651
"species_0_hist_ice_extrap",42.6408729492187,0.292725205421448
"species_0_hist_ice_extrap",42.9118954467773,0.292766898870468
"species_0_hist_ice_extrap",43.1829179443359,0.29280886054039
"species_0_hist_ice_extrap",43.4539404418945,0.292851060628891
"species_0_hist_ice_extrap",43.7249629394531,0.292893558740616
"species_0_hist_ice_extrap",43.9959854370117,0.29293629527092
"species_0_hist_ice_extrap",44.2670079345703,0.292979329824448
"species_0_hist_ice_extrap",44.5380304321289,0.293022632598877
"species_0_hist_ice_extrap",44.8090529296875,0.293066173791885
"species_0_hist_ice_extrap",45.0800754272461,0.293110013008118
"species_0_hist_ice_extrap",45.3510979248047,0.293154090642929
"species_0_hist_ice_extrap",45.6221204223633,0.293198466300964
"species_0_hist_ice_extrap",45.8931429199218,0.293243080377579
"species_0_hist_ice_extrap",46.1641654174804,0.293287992477417
"species_0_hist_ice_extrap",46.435187915039,0.293333142995834
"species_0_hist_ice_extrap",46.7062104125976,0.293378591537476
"species_0_hist_ice_extrap",46.9772329101562,0.293424308300018
"species_0_hist_ice_extrap",47.2482554077148,0.29347026348114
"species_0_hist_ice_extrap",47.5192779052734,0.293516516685486
"species_0_hist_ice_extrap",47.790300402832,0.293563008308411
"species_0_hist_ice_extrap",48.0613229003906,0.293609797954559
"species_0_hist_ice_extrap",48.3323453979492,0.29365685582161
"species_0_hist_ice_extrap",48.6033678955078,0.293704152107239
"species_0_hist_ice_extrap",48.8743903930664,0.293751746416092
"species_0_hist_ice_extrap",49.145412890625,0.293799608945847
"species_0_hist_ice_extrap",49.4164353881836,0.293847739696503
"species_0_hist_ice_extrap",49.6874578857422,0.293896108865738
"species_0_hist_ice_extrap",49.9584803833008,0.293944776058197
"species_0_hist_ice_extrap",50.2295028808594,0.293993711471558
"species_0_hist_ice_extrap",50.5005253784179,0.29404291510582
"species_0_hist_ice_extrap",50.7715478759765,0.294092386960983
"species_0_hist_ice_extrap",51.0425703735351,0.294142127037048
"species_0_hist_ice_extrap",51.3135928710937,0.294192135334015
"species_0_hist_ice_extrap",51.5846153686523,0.294242411851883
"species_0_hist_ice_extrap",51.8556378662109,0.294292986392975
"species_0_hist_ice_extrap",52.1266603637695,0.294343799352646
"species_0_hist_ice_extrap",52.3976828613281,0.294394880533218
"species_0_hist_ice_extrap",52.6687053588867,0.294446259737015
"species_0_hist_ice_extrap",52.9397278564453,0.29449787735939
"species_0_hist_ice_extrap",53.2107503540039,0.29454979300499
"species_0_hist_ice_extrap",53.4817728515625,0.294601947069168
"species_0_hist_ice_extrap",53.7527953491211,0.29465439915657
"species_0_hist_ice_extrap",54.0238178466797,0.294707119464874
"species_0_hist_ice_extrap",54.2948403442383,0.294760078191757
"species_0_hist_ice_extrap",54.5658628417968,0.294813334941864
"species_0_hist_ice_extrap",54.8368853393554,0.294866859912872
"species_0_hist_ice_extrap",55.107907836914,0.294920682907104
"species_0_hist_ice_extrap",55.3789303344726,0.294974744319916
"species_0_hist_ice_extrap",55.6499528320312,0.295029073953629
"species_0_hist_ice_extrap",55.9209753295898,0.295083671808243
"species_0_hist_ice_extrap",56.1919978271484,0.295138567686081
"species_0_hist_ice_extrap",56.463020324707,0.295193701982498
"species_0_hist_ice_extrap",56.7340428222656,0.295249134302139
"species_0_hist_ice_extrap",57.0050653198242,0.295304834842682
"species_0_hist_ice_extrap",57.2760878173828,0.295360803604126
"species_0_hist_ice_extrap",57.5471103149414,0.295417040586472
"species_0_hist_ice_extrap",57.8181328125,0.295473545789719
"species_0_hist_ice_extrap",58.0891553100586,0.295530319213867
"species_0_hist_ice_extrap",58.3601778076171,0.29558739066124
"species_0_hist_ice_extrap",58.6312003051758,0.295644700527191
"species_0_hist_ice_extrap",58.9022228027343,0.295702308416367
"species_0_hist_ice_extrap",59.173245300293,0.295760184526443
"species_0_hist_ice_extrap",59.4442677978515,0.295818328857422
"species_0_hist_ice_extrap",59.7152902954101,0.295876741409302
"species_0_hist_ice_extrap",59.9863127929687,0.295935422182083
"species_0_hist_ice_extrap",60.2573352905273,0.295994371175766
"species_0_hist_ice_extrap",60.5283577880859,0.296053618192673
"species_0_hist_ice_extrap",60.7993802856445,0.296113103628159
"species_0_hist_ice_extrap",61.0704027832031,0.296172887086868
"species_0_hist_ice_extrap",61.3414252807617,0.29623293876648
"species_0_hist_ice_extrap",61.6124477783203,0.296293258666992
"species_0_hist_ice_extrap",61.8834702758789,0.296353876590729
"species_0_hist_ice_extrap",62.1544927734375,0.296414732933044
"species_0_hist_ice_extrap",62.4255152709961,0.296475887298584
"species_0_hist_ice_extrap",62.6965377685547,0.296537280082703
"species_0_hist_ice_extrap",62.9675602661133,0.296598970890045
"species_0_hist_ice_extrap",63.2385827636718,0.296660959720612
"species_0_hist_ice_extrap",63.5096052612304,0.296723186969757
"species_0_hist_ice_extrap",63.780627758789,0.296785682439804
"species_0_hist_ice_extrap",64.0516502563476,0.296848475933075
"species_0_hist_ice_extrap",64.3226727539062,0.296911537647247
"species_0_hist_ice_extrap",64.5936952514648,0.296974867582321
"species_0_hist_ice_extrap",64.8647177490234,0.297038465738297
"species_0_hist_ice_extrap",65.135740246582,0.297102361917496
"species_0_hist_ice_extrap",65.4067627441406,0.297166526317596
"species_0_hist_ice_extrap",65.6777852416992,0.297230958938599
"species_0_hist_ice_extrap",65.9488077392578,0.297295659780502
"species_0_hist_ice_extrap",66.2198302368164,0.297360628843307
"species_0_hist_ice_extrap",66.490852734375,0.297425895929336
"species_0_hist_ice_extrap",66.7618752319336,0.297491401433945
"species_0_hist_ice_extrap",67.0328977294921,0.297557204961777
"species_0_hist_ice_extrap",67.3039202270507,0.297623306512833
"species_0_hist_ice_extrap",67.5749427246093,0.297689646482468
"species_0_hist_ice_extrap",67.8459652221679,0.297756284475327
"species_0_hist_ice_extrap",68.1169877197265,0.297823190689087
"species_0_hist_ice_extrap",68.3880102172851,0.297890365123749
"species_0_hist_ice_extrap",68.6590327148437,0.297957807779312
"species_0_hist_ice_extrap",68.9300552124023,0.298025548458099
"species_0_hist_ice_extrap",69.2010777099609,0.298093557357788
"species_0_hist_ice_extrap",69.4721002075195,0.298161834478378
"species_0_hist_ice_extrap",69.7431227050781,0.298230409622192
"species_0_hist_ice_extrap",70.0141452026367,0.298299223184586
"species_0_hist_ice_extrap",70.2851677001953,0.298368334770203
"species_0_hist_ice_extrap",70.5561901977539,0.298437714576721
"species_0_hist_ice_extrap",70.8272126953125,0.298507392406464
"species_0_hist_ice_extrap",71.0982351928711,0.298577338457108
"species_0_hist_ice_extrap",71.3692576904296,0.298647552728653
"species_0_hist_ice_extrap",71.6402801879883,0.2987180352211
"species_0_hist_ice_extrap",71.9113026855468,0.298788815736771
"species_0_hist_ice_extrap",72.1823251831054,0.298859864473343
"species_0_hist_ice_extrap",72.453347680664,0.298931181430817
"species_0_hist_ice_extrap",72.7243701782226,0.299002796411514
"species_0_hist_ice_extrap",72.9953926757812,0.299074649810791
"species_0_hist_ice_extrap",73.2664151733398,0.299146801233292
"species_0_hist_ice_extrap",73.5374376708984,0.299219250679016
"species_0_hist_ice_extrap",73.808460168457,0.299291968345642
"species_0_hist_ice_extrap",74.0794826660156,0.29936495423317
"species_0_hist_ice_extrap",74.3505051635742,0.299438208341599
"species_0_hist_ice_extrap",74.6215276611328,0.299511760473251
"species_0_hist_ice_extrap",74.8925501586914,0.299585580825806
"species_0_hist_ice_extrap",75.16357265625,0.299659669399261
"species_0_hist_ice_extrap",75.4345951538086,0.299734055995941
"species_0_hist_ice_extrap",75.7056176513671,0.299808710813522
"species_0_hist_ice_extrap",75.9766401489258,0.299883633852005
"species_0_hist_ice_extrap",76.2476626464843,0.299958854913712
"species_0_hist_ice_extrap",76.5186851440429,0.30003434419632
"species_0_hist_ice_extrap",76.7897076416015,0.300120294094086
"species_0_hist_ice_extrap",77.0607301391601,0.300298988819122
"species_0_hist_ice_extrap",77.3317526367187,0.300841957330704
"species_0_hist_ice_extrap",77.6027751342773,0.302663236856461
"species_0_hist_ice_extrap",77.8737976318359,0.306401491165161
"species_0_hist_ice_extrap",78.1448201293945,0.310777544975281
"species_0_hist_ice_extrap",78.4158426269531,0.315446317195892
"species_0_hist_ice_extrap",78.6868651245117,0.320624381303787
"species_0_hist_ice_extrap",78.9578876220703,0.326313465833664
"species_0_hist_ice_extrap",79.2289101196289,0.332097381353378
"species_0_hist_ice_extrap",79.4999326171875,0.337979197502136
"species_0_hist_ice_extrap",79.770955114746,0.343927621841431
"species_0_hist_ice_extrap",80.0419776123046,0.349925518035889
"species_0_hist_ice_extrap",80.3130001098632,0.355971723794937
"species_0_hist_ice_extrap",80.5840226074218,0.362064331769943
"species_0_hist_ice_extrap",80.8550451049804,0.36820188164711
"species_0_hist_ice_extrap",81.126067602539,0.37438291311264
"species_0_hist_ice_extrap",81.3970901000976,0.380605310201645
"species_0_hist_ice_extrap",81.6681125976562,0.386867642402649
"species_0_hist_ice_extrap",81.9391350952148,0.393167763948441
"species_0_hist_ice_extrap",82.2101575927734,0.399504095315933
"species_0_hist_ice_extrap",82.481180090332,0.405874371528625
"species_0_hist_ice_extrap",82.7522025878906,0.412276983261108
"species_0_hist_ice_extrap",83.0232250854492,0.418709546327591
"species_0_hist_ice_extrap",83.2942475830078,0.425170361995697
"species_0_hist_ice_extrap",83.5652700805664,0.431656956672668
"species_0_hist_ice_extrap",83.836292578125,0.438167601823807
"species_0_hist_ice_extrap",84.1073150756836,0.444699704647064
"species_0_hist_ice_extrap",84.3783375732421,0.451251327991486
"species_0_hist_ice_extrap",84.6493600708007,0.457820385694504
"species_0_hist_ice_extrap",84.9203825683593,0.464404255151749
"species_0_hist_ice_extrap",85.1914050659179,0.47100105881691
"species_0_hist_ice_extrap",85.4624275634765,0.477608174085617
"species_0_hist_ice_extrap",85.7334500610351,0.48422360420227
"species_0_hist_ice_extrap",86.0044725585937,0.4908447265625
"species_0_hist_ice_extrap",86.2754950561523,0.497469544410706
"species_0_hist_ice_extrap",86.5465175537109,0.504095375537872
"species_0_hist_ice_extrap",86.8175400512695,0.510720312595367
"species_0_hist_ice_extrap",87.0885625488281,0.517341613769531
"species_0_hist_ice_extrap",87.3595850463867,0.523957312107086
"species_0_hist_ice_extrap",87.6306075439453,0.530564725399017
"species_0_hist_ice_extrap",87.9016300415039,0.537161827087402
"species_0_hist_ice_extrap",88.1726525390625,0.543746411800385
"species_0_hist_ice_extrap",88.4436750366211,0.550315856933594
"species_0_hist_ice_extrap",88.7146975341796,0.556868255138397
"species_0_hist_ice_extrap",88.9857200317382,0.563401162624359
"species_0_hist_ice_extrap",89.2567425292968,0.569912552833557
"species_0_hist_ice_extrap",89.5277650268554,0.576399981975555
"species_0_hist_ice_extrap",89.798787524414,0.582861721515656
"species_0_hist_ice_extrap",90.0698100219726,0.589295208454132
"species_0_hist_ice_extrap",90.3408325195312,0.595698833465576
"species_0_hist_ice_extrap",90.6118550170898,0.602070093154907
"species_0_hist_ice_extrap",90.8828775146484,0.608407497406006
"species_0_hist_ice_extrap",91.153900012207,0.614708662033081
"species_0_hist_ice_extrap",91.4249225097656,0.620971858501434
"species_0_hist_ice_extrap",91.6959450073242,0.627195537090302
"species_0_hist_ice_extrap",91.9669675048828,0.633377432823181
"species_0_hist_ice_extrap",92.2379900024414,0.639516234397888
"species_0_hist_ice_extrap",92.5090125,0.645609855651855
"species_0_hist_ice_extrap",92.7800349975585,0.651657044887543
"species_0_hist_ice_extrap",93.0510574951171,0.657655835151672
"species_0_hist_ice_extrap",93.3220799926757,0.663605153560638
"species_0_hist_ice_extrap",93.5931024902343,0.669503152370453
"species_0_hist_ice_extrap",93.8641249877929,0.67534875869751
"species_0_hist_ice_extrap",94.1351474853515,0.6811403632164
"species_0_hist_ice_extrap",94.4061699829101,0.686876952648163
"species_0_hist_ice_extrap",94.6771924804687,0.692557036876678
"species_0_hist_ice_extrap",94.9482149780273,0.698179662227631
"species_0_hist_ice_extrap",95.2192374755859,0.703743815422058
"species_0_hist_ice_extrap",95.4902599731445,0.709248244762421
"species_0_hist_ice_extrap",95.7612824707031,0.714692294597626
"species_0_hist_ice_extrap",96.0323049682617,0.720074713230133
"species_0_hist_ice_extrap",96.3033274658203,0.725395023822784
"species_0_hist_ice_extrap",96.5743499633788,0.730652153491974
"species_0_hist_ice_extrap",96.8453724609374,0.735845685005188
"species_0_hist_ice_extrap",97.116394958496,0.74097466468811
"species_0_hist_ice_extrap",97.3874174560546,0.746038794517517
"species_0_hist_ice_extrap",97.6584399536132,0.751037299633026
"species_0_hist_ice_extrap",97.9294624511718,0.755970001220703
"species_0_hist_ice_extrap",98.2004849487304,0.760836184024811
"species_0_hist_ice_extrap",98.471507446289,0.76563560962677
"species_0_hist_ice_extrap",98.7425299438476,0.770368158817291
"species_0_hist_ice_extrap",99.0135524414062,0.775033295154572
"species_0_hist_ice_extrap",99.2845749389648,0.7796311378479
"species_0_hist_ice_extrap",99.5555974365234,0.784161269664764
"species_0_hist_ice_extrap",99.826619934082,0.788623869419098
"species_0_hist_ice_extrap",100.097642431641,0.793018639087677
"species_0_hist_ice_extrap",100.368664929199,0.797345876693726
"species_0_hist_ice_extrap",100.639687426758,0.80160528421402
"species_0_hist_ice_extrap",100.910709924316,0.805797338485718
"species_0_hist_ice_extrap",101.181732421875,0.80992192029953
"species_0_hist_ice_extrap",101.452754919434,0.813979268074036
"species_0_hist_ice_extrap",101.723777416992,0.817969799041748
"species_0_hist_ice_extrap",101.994799914551,0.821893513202667
"species_0_hist_ice_extrap",102.265822412109,0.825751006603241
"species_0_hist_ice_extrap",102.536844909668,0.829542338848114
"species_0_hist_ice_extrap",102.807867407227,0.833268105983734
"species_0_hist_ice_extrap",103.078889904785,0.836928486824036
"species_0_hist_ice_extrap",103.349912402344,0.840524196624756
"species_0_hist_ice_extrap",103.620934899902,0.844055473804474
"species_0_hist_ice_extrap",103.891957397461,0.847522974014282
"species_0_hist_ice_extrap",104.162979895019,0.85092705488205
"species_0_hist_ice_extrap",104.434002392578,0.854268491268158
"species_0_hist_ice_extrap",104.705024890137,0.857547581195831
"species_0_hist_ice_extrap",104.976047387695,0.860765099525452
"species_0_hist_ice_extrap",105.247069885254,0.863921761512756
"species_0_hist_ice_extrap",105.518092382812,0.867017924785614
"species_0_hist_ice_extrap",105.789114880371,0.870054483413696
"species_0_hist_ice_extrap",106.06013737793,0.873031854629517
"species_0_hist_ice_extrap",106.331159875488,0.875951051712036
"species_0_hist_ice_extrap",106.602182373047,0.878812432289124
"species_0_hist_ice_extrap",106.873204870605,0.881616950035095
"species_0_hist_ice_extrap",107.144227368164,0.884365200996399
"species_0_hist_ice_extrap",107.415249865723,0.887058019638062
"species_0_hist_ice_extrap",107.686272363281,0.889695942401886
"species_0_hist_ice_extrap",107.95729486084,0.892279982566833
"species_0_hist_ice_extrap",108.228317358398,0.894810676574707
"species_0_hist_ice_extrap",108.499339855957,0.897288918495178
"species_0_hist_ice_extrap",108.770362353516,0.899715423583984
"species_0_hist_ice_extrap",109.041384851074,0.902090966701508
"species_0_hist_ice_extrap",109.312407348633,0.904416382312775
"species_0_hist_ice_extrap",109.583429846191,0.906692326068878
"species_0_hist_ice_extrap",109.85445234375,0.90891969203949
"species_0_hist_ice_extrap",110.125474841309,0.911099135875702
"species_0_hist_ice_extrap",110.396497338867,0.913231551647186
"species_0_hist_ice_extrap",110.667519836426,0.91531765460968
"species_0_hist_ice_extrap",110.938542333984,0.91735827922821
"species_0_hist_ice_extrap",111.209564831543,0.91935408115387
"species_0_hist_ice_extrap",111.480587329102,0.921306014060974
"species_0_hist_ice_extrap",111.75160982666,0.923214614391327
"species_0_hist_ice_extrap",112.022632324219,0.925080835819244
"species_0_hist_ice_extrap",112.293654821777,0.926905393600464
"species_0_hist_ice_extrap",112.564677319336,0.928689002990723
"species_0_hist_ice_extrap",112.835699816894,0.930432498455048
"species_0_hist_ice_extrap",113.106722314453,0.931004822254181
"species_0_hist_ice_extrap",113.377744812012,0.931004822254181
"species_0_hist_ice_extrap",113.64876730957,0.931004822254181
"species_0_hist_ice_extrap",113.919789807129,0.931004822254181
"species_0_hist_ice_extrap",114.190812304687,0.931004822254181
"species_0_hist_ice_extrap",114.461834802246,0.931004822254181
"species_0_hist_ice_extrap",114.732857299805,0.931004822254181
"species_0_hist_ice_extrap",115.003879797363,0.931004822254181
"species_0_hist_ice_extrap",115.274902294922,0.931004822254181
"species_0_hist_ice_extrap",115.54592479248,0.931004822254181
"species_0_hist_ice_extrap",115.816947290039,0.931004822254181
"species_0_hist_ice_extrap",116.087969787598,0.931004822254181
"species_0_hist_ice_extrap",116.358992285156,0.931004822254181
"species_0_hist_ice_extrap",116.630014782715,0.931004822254181
"species_0_hist_ice_extrap",116.901037280273,0.931004822254181
"species_0_hist_ice_extrap",117.172059777832,0.931004822254181
"species_0_hist_ice_extrap",117.443082275391,0.931004822254181
"species_0_hist_ice_extrap",117.714104772949,0.931004822254181
"species_0_hist_ice_extrap",117.985127270508,0.931004822254181
"species_0_hist_ice_extrap",118.256149768066,0.931004822254181
"species_0_hist_ice_extrap",118.527172265625,0.931004822254181
"species_0_hist_ice_extrap",118.798194763184,0.931004822254181
"species_0_hist_ice_extrap",119.069217260742,0.931004822254181
"species_0_hist_ice_extrap",119.340239758301,0.931004822254181
"species_0_hist_ice_extrap",119.611262255859,0.931004822254181
"species_0_hist_ice_extrap",119.882284753418,0.931004822254181
"species_0_hist_ice_extrap",120.153307250976,0.931004822254181
"species_0_hist_ice_extrap",120.424329748535,0.931004822254181
"species_0_hist_ice_extrap",120.695352246094,0.931004822254181
"species_0_hist_ice_extrap",120.966374743652,0.931004822254181
"species_0_hist_ice_extrap",121.237397241211,0.931004822254181
"species_0_hist_ice_extrap",121.508419738769,0.931004822254181
"species_0_hist_ice_extrap",121.779442236328,0.931004822254181
"species_0_hist_ice_extrap",122.050464733887,0.931004822254181
"species_0_hist_ice_extrap",122.321487231445,0.931004822254181
"species_0_hist_ice_extrap",122.592509729004,0.931004822254181
"species_0_hist_ice_extrap",122.863532226562,0.931004822254181
"species_0_hist_ice_extrap",123.134554724121,0.931004822254181
"species_0_hist_ice_extrap",123.40557722168,0.931004822254181
"species_0_hist_ice_extrap",123.676599719238,0.931004822254181
"species_0_hist_ice_extrap",123.947622216797,0.931004822254181
"species_0_hist_ice_extrap",124.218644714355,0.931004822254181
"species_1_bathy_extrap_only",-22.4101971507073,0.840389430522919
"species_1_bathy_extrap_only",-21.8446017467499,0.840389430522919
"species_1_bathy_extrap_only",-21.2790063427925,0.840389430522919
"species_1_bathy_extrap_only",-20.7134109388352,0.840389430522919
"species_1_bathy_extrap_only",-20.1478155348778,0.840389430522919
"species_1_bathy_extrap_only",-19.5822201309204,0.840389430522919
"species_1_bathy_extrap_only",-19.0166247269631,0.840389430522919
"species_1_bathy_extrap_only",-18.4510293230057,0.840389430522919
"species_1_bathy_extrap_only",-17.8854339190483,0.840389430522919
"species_1_bathy_extrap_only",-17.319838515091,0.840389430522919
"species_1_bathy_extrap_only",-16.7542431111336,0.840389430522919
"species_1_bathy_extrap_only",-16.1886477071762,0.840389430522919
"species_1_bathy_extrap_only",-15.6230523032189,0.840389430522919
"species_1_bathy_extrap_only",-15.0574568992615,0.840389430522919
"species_1_bathy_extrap_only",-14.4918614953041,0.840389430522919
"species_1_bathy_extrap_only",-13.9262660913467,0.840389430522919
"species_1_bathy_extrap_only",-13.3606706873894,0.840389430522919
"species_1_bathy_extrap_only",-12.795075283432,0.840389430522919
"species_1_bathy_extrap_only",-12.2294798794746,0.840389430522919
"species_1_bathy_extrap_only",-11.6638844755173,0.840389430522919
"species_1_bathy_extrap_only",-11.0982890715599,0.840389430522919
"species_1_bathy_extrap_only",-10.5326936676025,0.840389430522919
"species_1_bathy_extrap_only",-9.96709826364518,0.840389430522919
"species_1_bathy_extrap_only",-9.40150285968781,0.840389430522919
"species_1_bathy_extrap_only",-8.83590745573045,0.840389430522919
"species_1_bathy_extrap_only",-8.27031205177308,0.840389430522919
"species_1_bathy_extrap_only",-7.70471664781571,0.840389430522919
"species_1_bathy_extrap_only",-7.13912124385834,0.840389430522919
"species_1_bathy_extrap_only",-6.57352583990098,0.840389430522919
"species_1_bathy_extrap_only",-6.00793043594361,0.840389430522919
"species_1_bathy_extrap_only",-5.44233503198624,0.840389430522919
"species_1_bathy_extrap_only",-4.87673962802888,0.840389430522919
"species_1_bathy_extrap_only",-4.31114422407151,0.840389430522919
"species_1_bathy_extrap_only",-3.74554882011414,0.840389430522919
"species_1_bathy_extrap_only",-3.17995341615678,0.840389430522919
"species_1_bathy_extrap_only",-2.61435801219941,0.840389430522919
"species_1_bathy_extrap_only",-2.04876260824204,0.840389430522919
"species_1_bathy_extrap_only",-1.48316720428468,0.840389430522919
"species_1_bathy_extrap_only",-0.917571800327309,0.840389430522919
"species_1_bathy_extrap_only",-0.351976396369938,0.840389430522919
"species_1_bathy_extrap_only",0.213619007587425,0.840389430522919
"species_1_bathy_extrap_only",0.779214411544793,0.840389430522919
"species_1_bathy_extrap_only",1.34480981550216,0.836227655410767
"species_1_bathy_extrap_only",1.91040521945953,0.823218703269958
"species_1_bathy_extrap_only",2.47600062341689,0.809411942958832
"species_1_bathy_extrap_only",3.04159602737426,0.79479569196701
"species_1_bathy_extrap_only",3.60719143133163,0.779364049434662
"species_1_bathy_extrap_only",4.17278683528899,0.763117790222168
"species_1_bathy_extrap_only",4.73838223924636,0.746065020561218
"species_1_bathy_extrap_only",5.30397764320373,0.728221893310547
"species_1_bathy_extrap_only",5.8695730471611,0.709612965583801
"species_1_bathy_extrap_only",6.43516845111846,0.69027179479599
"species_1_bathy_extrap_only",7.00076385507583,0.670240998268127
"species_1_bathy_extrap_only",7.5663592590332,0.649572491645813
"species_1_bathy_extrap_only",8.13195466299057,0.628326892852783
"species_1_bathy_extrap_only",8.69755006694793,0.607400238513947
"species_1_bathy_extrap_only",9.2631454709053,0.58729362487793
"species_1_bathy_extrap_only",9.82874087486266,0.566891610622406
"species_1_bathy_extrap_only",10.39433627882,0.546260178089142
"species_1_bathy_extrap_only",10.9599316827774,0.525468707084656
"species_1_bathy_extrap_only",11.5255270867348,0.504588484764099
"species_1_bathy_extrap_only",12.0911224906921,0.48369225859642
"species_1_bathy_extrap_only",12.6567178946495,0.462852895259857
"species_1_bathy_extrap_only",13.2223132986069,0.44214254617691
"species_1_bathy_extrap_only",13.7879087025642,0.421631455421448
"species_1_bathy_extrap_only",14.3535041065216,0.401387244462967
"species_1_bathy_extrap_only",14.919099510479,0.381473928689957
"species_1_bathy_extrap_only",15.4846949144363,0.361951231956482
"species_1_bathy_extrap_only",16.0502903183937,0.342873722314835
"species_1_bathy_extrap_only",16.6158857223511,0.324290782213211
"species_1_bathy_extrap_only",17.1814811263084,0.306245565414429
"species_1_bathy_extrap_only",17.7470765302658,0.288775324821472
"species_1_bathy_extrap_only",18.3126719342232,0.271911114454269
"species_1_bathy_extrap_only",18.8782673381805,0.255677700042725
"species_1_bathy_extrap_only",19.4438627421379,0.240093842148781
"species_1_bathy_extrap_only",20.0094581460953,0.225172504782677
"species_1_bathy_extrap_only",20.5750535500526,0.210921093821526
"species_1_bathy_extrap_only",21.14064895401,0.198076173663139
"species_1_bathy_extrap_only",21.7062443579674,0.18948133289814
"species_1_bathy_extrap_only",22.2718397619247,0.181967124342918
"species_1_bathy_extrap_only",22.8374351658821,0.174686670303345
"species_1_bathy_extrap_only",23.4030305698395,0.167637810111046
"species_1_bathy_extrap_only",23.9686259737968,0.160817950963974
"species_1_bathy_extrap_only",24.5342213777542,0.154224142432213
"species_1_bathy_extrap_only",25.0998167817116,0.147853061556816
"species_1_bathy_extrap_only",25.6654121856689,0.141701072454453
"species_1_bathy_extrap_only",26.2310075896263,0.135764271020889
"species_1_bathy_extrap_only",26.7966029935837,0.130038544535637
"species_1_bathy_extrap_only",27.362198397541,0.124519489705563
"species_1_bathy_extrap_only",27.9277938014984,0.119202569127083
"species_1_bathy_extrap_only",28.4933892054558,0.114083096385002
"species_1_bathy_extrap_only",29.0589846094131,0.109156243503094
"species_1_bathy_extrap_only",29.6245800133705,0.104417085647583
"species_1_bathy_extrap_only",30.1901754173279,0.0998606234788895
"species_1_bathy_extrap_only",30.7557708212852,0.0954817906022072
"species_1_bathy_extrap_only",31.3213662252426,0.0912755131721497
"species_1_bathy_extrap_only",31.8869616292,0.087236650288105
"species_1_bathy_extrap_only",32.4525570331573,0.083360105752945
"species_1_bathy_extrap_only",33.0181524371147,0.0796407833695412
"species_1_bathy_extrap_only",33.5837478410721,0.0760736614465714
"species_1_bathy_extrap_only",34.1493432450294,0.072653703391552
"species_1_bathy_extrap_only",34.7149386489868,0.0693759173154831
"species_1_bathy_extrap_only",35.2805340529442,0.0662354752421379
"species_1_bathy_extrap_only",35.8461294569016,0.063227504491806
"species_1_bathy_extrap_only",36.4117248608589,0.0603473335504532
"species_1_bathy_extrap_only",36.9773202648163,0.0575902760028839
"species_1_bathy_extrap_only",37.5429156687737,0.0549518279731274
"species_1_bathy_extrap_only",38.108511072731,0.0524275191128254
"species_1_bathy_extrap_only",38.6741064766884,0.0500130467116833
"species_1_bathy_extrap_only",39.2397018806457,0.0477041713893414
"species_1_bathy_extrap_only",39.8052972846031,0.0454967692494392
"species_1_bathy_extrap_only",40.3708926885605,0.0433868654072285
"species_1_bathy_extrap_only",40.9364880925178,0.0413705557584763
"species_1_bathy_extrap_only",41.5020834964752,0.039444100111723
"species_1_bathy_extrap_only",42.0676789004326,0.037603821605444
"species_1_bathy_extrap_only",42.63327430439,0.0358462072908878
"species_1_bathy_extrap_only",43.1988697083473,0.0341678149998188
"species_1_bathy_extrap_only",43.7644651123047,0.0325653664767742
"species_1_bathy_extrap_only",44.3300605162621,0.0310356579720974
"species_1_bathy_extrap_only",44.8956559202194,0.0295755974948406
"species_1_bathy_extrap_only",45.4612513241768,0.0281822364777327
"species_1_bathy_extrap_only",46.0268467281342,0.0268526952713728
"species_1_bathy_extrap_only",46.5924421320915,0.0255842320621014
"species_1_bathy_extrap_only",47.1580375360489,0.0243741814047098
"species_1_bathy_extrap_only",47.7236329400063,0.0232200063765049
"species_1_bathy_extrap_only",48.2892283439636,0.0221192426979542
"species_1_bathy_extrap_only",48.854823747921,0.0210695322602987
"species_1_bathy_extrap_only",49.4204191518784,0.0200686194002628
"species_1_bathy_extrap_only",49.9860145558357,0.0191143210977316
"species_1_bathy_extrap_only",50.5516099597931,0.0182045660912991
"species_1_bathy_extrap_only",51.1172053637505,0.0173373389989138
"species_1_bathy_extrap_only",51.6828007677078,0.016510734334588
"species_1_bathy_extrap_only",52.2483961716652,0.015722906216979
"species_1_bathy_extrap_only",52.8139915756226,0.0149721018970013
"species_1_bathy_extrap_only",53.3795869795799,0.0142566310241818
"species_1_bathy_extrap_only",53.9451823835373,0.0135748749598861
"species_1_bathy_extrap_only",54.5107777874947,0.0129252970218658
"species_1_bathy_extrap_only",55.076373191452,0.0123064108192921
"species_1_bathy_extrap_only",55.6419685954094,0.0117168100550771
"species_1_bathy_extrap_only",56.2075639993668,0.0111551349982619
"species_1_bathy_extrap_only",56.7731594033241,0.0106200985610485
"species_1_bathy_extrap_only",57.3387548072815,0.0101104583591223
"species_1_bathy_extrap_only",57.9043502112389,0.00962504092603922
"species_1_bathy_extrap_only",58.4699456151962,0.00916271284222603
"species_1_bathy_extrap_only",59.0355410191536,0.00872239377349615
"species_1_bathy_extrap_only",59.601136423111,0.00830306019634008
"species_1_bathy_extrap_only",60.1667318270683,0.00790372211486101
"species_1_bathy_extrap_only",60.7323272310257,0.00752344820648432
"species_1_bathy_extrap_only",61.2979226349831,0.00716133555397391
"species_1_bathy_extrap_only",61.8635180389404,0.00681653432548046
"species_1_bathy_extrap_only",62.4291134428978,0.00648822402581573
"species_1_bathy_extrap_only",62.9947088468552,0.00617562979459763
"species_1_bathy_extrap_only",63.5603042508125,0.00587800703942776
"species_1_bathy_extrap_only",64.1258996547699,0.00559464516118169
"species_1_bathy_extrap_only",64.6914950587273,0.0053248698823154
"species_1_bathy_extrap_only",65.2570904626846,0.00506804045289755
"species_1_bathy_extrap_only",65.822685866642,0.00482353521510959
"species_1_bathy_extrap_only",66.3882812705994,0.00459077162668109
"species_1_bathy_extrap_only",66.9538766745567,0.00436919089406729
"species_1_bathy_extrap_only",67.5194720785141,0.00415826309472322
"species_1_bathy_extrap_only",68.0850674824715,0.00395747506991029
"species_1_bathy_extrap_only",68.6506628864288,0.00376634555868804
"species_1_bathy_extrap_only",69.2162582903862,0.00358441611751914
"species_1_bathy_extrap_only",69.7818536943436,0.00341124227270484
"species_1_bathy_extrap_only",70.3474490983009,0.00324640749022365
"species_1_bathy_extrap_only",70.9130445022583,0.00308951316401362
"species_1_bathy_extrap_only",71.4786399062157,0.00294018094427884
"species_1_bathy_extrap_only",72.044235310173,0.00279804458841681
"species_1_bathy_extrap_only",72.6098307141304,0.00266276113688946
"species_1_bathy_extrap_only",73.1754261180878,0.00253400346264243
"species_1_bathy_extrap_only",73.7410215220451,0.00241145538166165
"species_1_bathy_extrap_only",74.3066169260025,0.00229482026770711
"species_1_bathy_extrap_only",74.8722123299599,0.00218381406739354
"species_1_bathy_extrap_only",75.4378077339172,0.00207816762849689
"species_1_bathy_extrap_only",76.0034031378746,0.00197762064635754
"species_1_bathy_extrap_only",76.568998541832,0.00188192923087627
"species_1_bathy_extrap_only",77.1345939457893,0.00179086101707071
"species_1_bathy_extrap_only",77.7001893497467,0.00170419085770845
"species_1_bathy_extrap_only",78.2657847537041,0.00162170850671828
"species_1_bathy_extrap_only",78.8313801576614,0.00154321198351681
"species_1_bathy_extrap_only",79.3969755616188,0.00146851048339158
"species_1_bathy_extrap_only",79.9625709655762,0.00139741890598089
"species_1_bathy_extrap_only",80.5281663695335,0.00132976437453181
"species_1_bathy_extrap_only",81.0937617734909,0.00126538111362606
"species_1_bathy_extrap_only",81.6593571774483,0.00120411219540983
"species_1_bathy_extrap_only",82.2249525814056,0.00114580569788814
"species_1_bathy_extrap_only",82.790547985363,0.00109031947795302
"species_1_bathy_extrap_only",83.3561433893204,0.00103751802816987
"species_1_bathy_extrap_only",83.9217387932777,0.000987270497716963
"species_1_bathy_extrap_only",84.4873341972351,0.00093945418484509
"species_1_bathy_extrap_only",85.0529296011925,0.000893951684702188
"species_1_bathy_extrap_only",85.6185250051498,0.000850651820655912
"species_1_bathy_extrap_only",86.1841204091072,0.000809446966741234
"species_1_bathy_extrap_only",86.7497158130646,0.000770236540120095
"species_1_bathy_extrap_only",87.315311217022,0.000732924556359649
"species_1_bathy_extrap_only",87.8809066209793,0.000697418348863721
"species_1_bathy_extrap_only",88.4465020249367,0.000663631071802229
"species_1_bathy_extrap_only",89.0120974288941,0.000631479662843049
"species_1_bathy_extrap_only",89.5776928328514,0.000600885308813304
"species_1_bathy_extrap_only",90.1432882368088,0.000571772048715502
"species_1_bathy_extrap_only",90.7088836407662,0.000544068519957364
"species_1_bathy_extrap_only",91.2744790447235,0.00051770661957562
"species_1_bathy_extrap_only",91.8400744486809,0.000492621737066656
"species_1_bathy_extrap_only",92.4056698526382,0.000468751444714144
"species_1_bathy_extrap_only",92.9712652565956,0.000446037272922695
"species_1_bathy_extrap_only",93.536860660553,0.000424423575168476
"species_1_bathy_extrap_only",94.1024560645104,0.000403856509365141
"species_1_bathy_extrap_only",94.6680514684677,0.000384285725886002
"species_1_bathy_extrap_only",95.2336468724251,0.000365662970580161
"species_1_bathy_extrap_only",95.7992422763824,0.000347942637745291
"species_1_bathy_extrap_only",96.3648376803398,0.00033108051866293
"species_1_bathy_extrap_only",96.9304330842972,0.000315035344101489
"species_1_bathy_extrap_only",97.4960284882546,0.00029976770747453
"species_1_bathy_extrap_only",98.0616238922119,0.000285239599179476
"species_1_bathy_extrap_only",98.6272192961693,0.00027141539612785
"species_1_bathy_extrap_only",99.1928147001267,0.000258261017734185
"species_1_bathy_extrap_only",99.758410104084,0.000245744187850505
"species_1_bathy_extrap_only",100.324005508041,0.000233833692618646
"species_1_bathy_extrap_only",100.889600911999,0.000222500340896659
"species_1_bathy_extrap_only",101.455196315956,0.000211716309422627
"species_1_bathy_extrap_only",102.020791719913,0.000201454720809124
"species_1_bathy_extrap_only",102.586387123871,0.00019169038569089
"species_1_bathy_extrap_only",103.151982527828,0.000182399249752052
"species_1_bathy_extrap_only",103.717577931786,0.000173558481037617
"species_1_bathy_extrap_only",104.283173335743,0.000165146033396013
"species_1_bathy_extrap_only",104.8487687397,0.000157141286763363
"species_1_bathy_extrap_only",105.414364143658,0.00014952446508687
"species_1_bathy_extrap_only",105.979959547615,0.000142276883707382
"species_1_bathy_extrap_only",106.545554951572,0.000135380469146185
"species_1_bathy_extrap_only",107.11115035553,0.000128818282973953
"species_1_bathy_extrap_only",107.676745759487,0.000122574230772443
"species_1_bathy_extrap_only",108.242341163445,0.000116632727440447
"species_1_bathy_extrap_only",108.807936567402,0.000110979191958904
"species_1_bathy_extrap_only",109.373531971359,0.000105599669041112
"species_1_bathy_extrap_only",109.939127375317,0.000100480945548043
"species_1_bathy_extrap_only",110.504722779274,9.56102594500408e-05
"species_1_bathy_extrap_only",111.070318183231,9.09756490727887e-05
"species_1_bathy_extrap_only",111.635913587189,8.65657420945354e-05
"species_1_bathy_extrap_only",112.201508991146,8.23695154394954e-05
"species_1_bathy_extrap_only",112.767104395103,7.837668817956e-05
"species_1_bathy_extrap_only",113.332699799061,7.45774013921618e-05
"species_1_bathy_extrap_only",113.898295203018,7.09623127477244e-05
"species_1_bathy_extrap_only",114.463890606976,6.75224073347636e-05
"species_1_bathy_extrap_only",115.029486010933,6.42492377664894e-05
"species_1_bathy_extrap_only",115.59508141489,6.11347350059077e-05
"species_1_bathy_extrap_only",116.160676818848,5.81712301936932e-05
"species_1_bathy_extrap_only",116.726272222805,5.53513382328674e-05
"species_1_bathy_extrap_only",117.291867626762,5.26681396877393e-05
"species_1_bathy_extrap_only",117.85746303072,5.01150352647528e-05
"species_1_bathy_extrap_only",118.423058434677,4.76856548630167e-05
"species_1_bathy_extrap_only",118.988653838634,4.53740358352661e-05
"species_1_bathy_extrap_only",119.554249242592,4.31744701927528e-05
"species_1_bathy_extrap_only",120.119844646549,4.10815555369481e-05
"species_1_bathy_extrap_only",120.685440050507,3.90900677302852e-05
"species_1_bathy_extrap_only",121.251035454464,3.71951136912685e-05
"species_1_bathy_extrap_only",121.816630858421,3.53920440829825e-05
"species_1_bathy_extrap_only",122.382226262379,3.36763514496852e-05
"species_1_bathy_extrap_only",122.947821666336,3.20438302878756e-05
"species_1_bathy_extrap_only",123.513417070293,3.04904442600673e-05
"species_1_bathy_extrap_only",124.079012474251,2.9012378945481e-05
"species_1_bathy_extrap_only",124.644607878208,2.76059454336064e-05
"species_1_bathy_extrap_only",125.210203282166,2.62676876445767e-05
"species_1_bathy_extrap_only",125.775798686123,2.49943223025184e-05
"species_1_bathy_extrap_only",126.34139409008,2.37826661759755e-05
"species_1_bathy_extrap_only",126.906989494038,2.26297470362624e-05
"species_1_bathy_extrap_only",127.472584897995,2.15327181649627e-05
"species_1_bathy_extrap_only",128.038180301952,2.04888820007909e-05
"species_1_bathy_extrap_only",128.60377570591,1.94956337509211e-05
"species_1_bathy_extrap_only",129.169371109867,1.85505341505632e-05
"species_1_bathy_extrap_only",129.734966513824,1.76512512553018e-05
"species_1_bathy_extrap_only",130.300561917782,1.67955604410963e-05
"species_1_bathy_extrap_only",130.866157321739,1.59813735081116e-05
"species_1_bathy_extrap_only",131.431752725697,1.52066340888268e-05
"species_1_bathy_extrap_only",131.997348129654,1.44694522532518e-05
"species_1_bathy_extrap_only",132.562943533611,1.37680062834988e-05
"species_1_bathy_extrap_only",133.128538937569,1.31005645016558e-05
"species_1_bathy_extrap_only",133.694134341526,1.24654779938282e-05
"species_1_bathy_extrap_only",134.259729745483,1.18611787911505e-05
"species_1_bathy_extrap_only",134.825325149441,1.12861753223115e-05
"species_1_bathy_extrap_only",135.390920553398,1.07390596895129e-05
"species_1_bathy_extrap_only",135.956515957356,1.0218453098787e-05
"species_1_bathy_extrap_only",136.522111361313,9.72308407654054e-06
"species_1_bathy_extrap_only",137.08770676527,9.251728442905e-06
"species_1_bathy_extrap_only",137.653302169228,8.80322386365151e-06
"species_1_bathy_extrap_only",138.218897573185,8.3764616647386e-06
"species_1_bathy_extrap_only",138.784492977142,7.97038774180692e-06
"species_1_bathy_extrap_only",139.3500883811,7.58400892664213e-06
"species_1_bathy_extrap_only",139.915683785057,7.21635115041863e-06
"species_1_bathy_extrap_only",140.481279189014,6.86651674186578e-06
"species_1_bathy_extrap_only",141.046874592972,6.53364122626954e-06
"species_1_bathy_extrap_only",141.612469996929,6.21690287516685e-06
"species_1_bathy_extrap_only",142.178065400887,5.91551906836685e-06
"species_1_bathy_extrap_only",142.743660804844,5.62874629395083e-06
"species_1_bathy_extrap_only",143.309256208801,5.35588242200902e-06
"species_1_bathy_extrap_only",143.874851612759,5.09623896505218e-06
"species_1_bathy_extrap_only",144.440447016716,4.84918291476788e-06
"species_1_bathy_extrap_only",145.006042420673,4.61410354546388e-06
"species_1_bathy_extrap_only",145.571637824631,4.39042014477309e-06
"species_1_bathy_extrap_only",146.137233228588,4.17758064941154e-06
"species_1_bathy_extrap_only",146.702828632545,3.97505891669425e-06
"species_1_bathy_extrap_only",147.268424036503,3.78236040887714e-06
"species_1_bathy_extrap_only",147.83401944046,3.59899854629475e-06
"species_1_bathy_extrap_only",148.399614844418,3.42452540280647e-06
"species_1_bathy_extrap_only",148.965210248375,3.25851056004467e-06
"species_1_bathy_extrap_only",149.530805652332,3.10054383589886e-06
"species_1_bathy_extrap_only",150.09640105629,2.95023482976831e-06
"species_1_bathy_extrap_only",150.661996460247,2.80721269518835e-06
"species_1_bathy_extrap_only",151.227591864204,2.6711275040725e-06
"species_1_bathy_extrap_only",151.793187268162,2.54163592217083e-06
"species_1_bathy_extrap_only",152.358782672119,2.41842190007446e-06
"species_1_bathy_extrap_only",152.924378076077,2.30118098443199e-06
"species_1_bathy_extrap_only",153.489973480034,2.18962372855458e-06
"species_1_bathy_extrap_only",154.055568883991,2.08347455554758e-06
"species_1_bathy_extrap_only",154.621164287949,1.98247107618954e-06
"species_1_bathy_extrap_only",155.186759691906,1.88636693110311e-06
"species_1_bathy_extrap_only",155.752355095863,1.79491905782925e-06
"species_1_bathy_extrap_only",156.317950499821,1.70790440279234e-06
"species_1_bathy_extrap_only",156.883545903778,1.62510809786909e-06
"species_1_bathy_extrap_only",157.449141307735,1.54632562043844e-06
"species_1_bathy_extrap_only",158.014736711693,1.47136245232105e-06
"species_1_bathy_extrap_only",158.58033211565,1.40003328397142e-06
"species_1_bathy_extrap_only",159.145927519608,1.33216201447794e-06
"species_1_bathy_extrap_only",159.711522923565,1.26758277474437e-06
"species_1_bathy_extrap_only",160.277118327522,1.20613242415857e-06
"species_1_bathy_extrap_only",160.84271373148,1.14766112346842e-06
"species_1_bathy_extrap_only",161.408309135437,1.09202449039003e-06
"species_1_bathy_extrap_only",161.973904539394,1.03908496384975e-06
"species_1_bathy_extrap_only",162.539499943352,9.88711803984188e-07
"species_1_bathy_extrap_only",163.105095347309,9.40780751079728e-07
"species_1_bathy_extrap_only",163.670690751266,8.95174480319838e-07
"species_1_bathy_extrap_only",164.236286155224,8.51777883781324e-07
"species_1_bathy_extrap_only",164.801881559181,8.10485119018267e-07
"species_1_bathy_extrap_only",165.367476963139,7.71194152093813e-07
"species_1_bathy_extrap_only",165.933072367096,7.33807951291965e-07
"species_1_bathy_extrap_only",166.498667771053,6.98234146057075e-07
"species_1_bathy_extrap_only",167.064263175011,6.64384913307003e-07
"species_1_bathy_extrap_only",167.629858578968,6.32177489023888e-07
"species_1_bathy_extrap_only",168.195453982925,6.0153053027534e-07
"species_1_bathy_extrap_only",168.761049386883,5.72369344808976e-07
"species_1_bathy_extrap_only",169.32664479084,5.44621798326261e-07
"species_1_bathy_extrap_only",169.892240194798,5.18219451350888e-07
"species_1_bathy_extrap_only",170.457835598755,4.93097047638003e-07
"species_1_bathy_extrap_only",171.023431002712,4.69192485752501e-07
"species_1_bathy_extrap_only",171.58902640667,4.46447415924922e-07
"species_1_bathy_extrap_only",172.154621810627,4.24804369458798e-07
"species_1_bathy_extrap_only",172.720217214584,4.04210567239716e-07
"species_1_bathy_extrap_only",173.285812618542,3.84615105986086e-07
"species_1_bathy_extrap_only",173.851408022499,3.65969583526749e-07
"species_1_bathy_extrap_only",174.417003426456,3.48227985114136e-07
"species_1_bathy_extrap_only",174.982598830414,3.31346456050596e-07
"species_1_bathy_extrap_only",175.548194234371,3.15283756435747e-07
"species_1_bathy_extrap_only",176.113789638329,2.99999300068521e-07
"species_1_bathy_extrap_only",176.679385042286,2.85455826087855e-07
"species_1_bathy_extrap_only",177.244980446243,2.71617409453029e-07
"species_1_bathy_extrap_only",177.810575850201,2.58449830425889e-07
"species_1_bathy_extrap_only",178.376171254158,2.45920602992555e-07
"species_1_bathy_extrap_only",178.941766658115,2.33998775911459e-07
"species_1_bathy_extrap_only",179.507362062073,2.22655202719579e-07
"species_1_bathy_extrap_only",180.07295746603,2.1186123433381e-07
"species_1_bathy_extrap_only",180.638552869987,2.01590552251218e-07
"species_1_bathy_extrap_only",181.204148273945,1.91817761674429e-07
"species_1_bathy_extrap_only",181.769743677902,1.82518760993844e-07
"species_1_bathy_extrap_only",182.33533908186,1.7367054283568e-07
"species_1_bathy_extrap_only",182.900934485817,1.65251279327094e-07
"species_1_bathy_extrap_only",183.466529889774,1.57240165776784e-07
"species_1_bathy_extrap_only",184.032125293732,1.49617619626952e-07
"species_1_bathy_extrap_only",184.597720697689,1.42364399380313e-07
"species_1_bathy_extrap_only",185.163316101646,1.35462812522746e-07
"species_1_bathy_extrap_only",185.728911505604,1.2889579181774e-07
"species_1_bathy_extrap_only",186.294506909561,1.22647136890919e-07
"species_1_bathy_extrap_only",186.860102313518,1.16701400543207e-07
"species_1_bathy_extrap_only",187.425697717476,1.11043902961683e-07
"species_1_bathy_extrap_only",187.991293121433,1.0566081698471e-07
"species_1_bathy_extrap_only",188.556888525391,1.00538557035179e-07
"species_1_bathy_extrap_only",189.122483929348,9.56646104555148e-08
"species_1_bathy_extrap_only",189.688079333305,9.10269477572001e-08
"species_1_bathy_extrap_only",190.253674737263,8.66141078859073e-08
"species_1_bathy_extrap_only",190.81927014122,8.24151982214971e-08
"species_1_bathy_extrap_only",191.384865545177,7.84198377346002e-08
"species_1_bathy_extrap_only",191.950460949135,7.46182777788818e-08
"species_1_bathy_extrap_only",192.516056353092,7.10009047111271e-08
"species_1_bathy_extrap_only",193.08165175705,6.7558893590558e-08
"species_1_bathy_extrap_only",193.647247161007,6.42837463260548e-08
"species_1_bathy_extrap_only",194.212842564964,6.11673769412846e-08
"species_1_bathy_extrap_only",194.778437968922,5.8202079600278e-08
"species_1_bathy_extrap_only",195.344033372879,5.53805392655704e-08
"species_1_bathy_extrap_only",195.909628776836,5.26958494617702e-08
"species_1_bathy_extrap_only",196.475224180794,5.01412422693193e-08
"species_1_bathy_extrap_only",197.040819584751,4.7710475570284e-08
"species_1_bathy_extrap_only",197.606414988709,4.53975488312608e-08
"species_1_bathy_extrap_only",198.172010392666,4.31967492886542e-08
"species_1_bathy_extrap_only",198.737605796623,4.11026412905358e-08
"species_1_bathy_extrap_only",199.303201200581,3.9110052085789e-08
"species_1_bathy_extrap_only",199.868796604538,3.72141109039603e-08
"species_1_bathy_extrap_only",200.434392008495,3.54100322397244e-08
"species_1_bathy_extrap_only",200.999987412453,3.36934107281195e-08
"species_1_bathy_extrap_only",201.56558281641,3.20600079817268e-08
"species_1_bathy_extrap_only",202.131178220367,3.05057916705209e-08
"species_1_bathy_extrap_only",202.696773624325,2.90269195346582e-08
"species_1_bathy_extrap_only",203.262369028282,2.76197411608337e-08
"species_1_bathy_extrap_only",203.82796443224,2.62808175222062e-08
"species_1_bathy_extrap_only",204.393559836197,2.50067664353537e-08
"species_1_bathy_extrap_only",204.959155240154,2.37944774994503e-08
"species_1_bathy_extrap_only",205.524750644112,2.26409611059353e-08
"species_1_bathy_extrap_only",206.090346048069,2.15433644257246e-08
"species_1_bathy_extrap_only",206.655941452026,2.04989767382813e-08
"species_1_bathy_extrap_only",207.221536855984,1.95052187734746e-08
"species_1_bathy_extrap_only",207.787132259941,1.8559662251505e-08
"species_1_bathy_extrap_only",208.352727663898,1.76599197487803e-08
"species_1_bathy_extrap_only",208.918323067856,1.68037956882472e-08
"species_1_bathy_extrap_only",209.483918471813,1.59891762052666e-08
"species_1_bathy_extrap_only",210.049513875771,1.52140469111828e-08
"species_1_bathy_extrap_only",210.615109279728,1.44764937815012e-08
"species_1_bathy_extrap_only",211.180704683685,1.37746969386399e-08
"species_1_bathy_extrap_only",211.746300087643,1.31069217701452e-08
"species_1_bathy_extrap_only",212.3118954916,1.24715366922601e-08
"species_1_bathy_extrap_only",212.877490895557,1.18669367665802e-08
"species_1_bathy_extrap_only",213.443086299515,1.12916467287505e-08
"species_1_bathy_extrap_only",214.008681703472,1.07442463814778e-08
"species_1_bathy_extrap_only",214.57427710743,1.02233821408504e-08
"species_1_bathy_extrap_only",215.139872511387,9.72776970087352e-09
"species_1_bathy_extrap_only",215.705467915344,9.25618248714954e-09
"species_1_bathy_extrap_only",216.271063319302,8.80747030862494e-09
"species_1_bathy_extrap_only",216.836658723259,8.38049807327934e-09
"species_1_bathy_extrap_only",217.402254127216,7.97422483600485e-09
"species_1_bathy_extrap_only",217.967849531174,7.58764784336563e-09
"species_1_bathy_extrap_only",218.533444935131,7.21981097129287e-09
"species_1_bathy_extrap_only",219.099040339088,6.86980605735243e-09
"species_1_bathy_extrap_only",219.664635743046,6.53676890394195e-09
"species_1_bathy_extrap_only",220.230231147003,6.21988549553976e-09
"species_1_bathy_extrap_only",220.795826550961,5.91835558338971e-09
"species_1_bathy_extrap_only",221.361421954918,5.63144331167109e-09
"species_1_bathy_extrap_only",221.927017358875,5.35843991400498e-09
"species_1_bathy_extrap_only",222.492612762833,5.09867170706002e-09
"species_1_bathy_extrap_only",223.05820816679,4.85149609374957e-09
"species_1_bathy_extrap_only",223.623803570747,4.61630333958851e-09
"species_1_bathy_extrap_only",224.189398974705,4.39251834905008e-09
"species_1_bathy_extrap_only",224.754994378662,4.17957624065934e-09
"species_1_bathy_extrap_only",225.32058978262,3.97695743004078e-09
"species_1_bathy_extrap_only",225.886185186577,3.78416098456569e-09
"species_1_bathy_extrap_only",226.451780590534,3.6007108406011e-09
"species_1_bathy_extrap_only",227.017375994492,3.42615424919757e-09
"species_1_bathy_extrap_only",227.582971398449,3.26005977768773e-09
"species_1_bathy_extrap_only",228.148566802406,3.10202152853378e-09
"species_1_bathy_extrap_only",228.714162206364,2.95164070962528e-09
"species_1_bathy_extrap_only",229.279757610321,2.80854983714107e-09
"species_1_bathy_extrap_only",229.845353014278,2.67239586015933e-09
"species_1_bathy_extrap_only",230.410948418236,2.54284260314819e-09
"species_1_bathy_extrap_only",230.976543822193,2.41956965574275e-09
"species_1_bathy_extrap_only",231.54213922615,2.30227281683426e-09
"species_1_bathy_extrap_only",232.107734630108,2.19066520479316e-09
"species_1_bathy_extrap_only",232.673330034065,2.08446548910501e-09
"species_1_bathy_extrap_only",233.238925438023,1.98341387758205e-09
"species_1_bathy_extrap_only",233.80452084198,1.88726123617755e-09
"species_1_bathy_extrap_only",234.370116245937,1.79576986614194e-09
"species_1_bathy_extrap_only",234.935711649895,1.7087138370897e-09
"species_1_bathy_extrap_only",235.501307053852,1.62587820984328e-09
"species_1_bathy_extrap_only",236.066902457809,1.54705825927692e-09
"species_1_bathy_extrap_only",236.632497861767,1.47206136169586e-09
"species_1_bathy_extrap_only",237.198093265724,1.44787781763966e-09
"species_1_bathy_extrap_only",237.763688669682,1.44787781763966e-09
"species_1_bathy_extrap_only",238.329284073639,1.44787781763966e-09
"species_1_bathy_extrap_only",238.894879477596,1.44787781763966e-09
"species_1_bathy_extrap_only",239.460474881554,1.44787781763966e-09
"species_1_bathy_extrap_only",240.026070285511,1.44787781763966e-09
"species_1_bathy_extrap_only",240.591665689468,1.44787781763966e-09
"species_1_bathy_extrap_only",241.157261093426,1.44787781763966e-09
"species_1_bathy_extrap_only",241.722856497383,1.44787781763966e-09
"species_1_bathy_extrap_only",242.28845190134,1.44787781763966e-09
"species_1_bathy_extrap_only",242.854047305298,1.44787781763966e-09
"species_1_bathy_extrap_only",243.419642709255,1.44787781763966e-09
"species_1_bathy_extrap_only",243.985238113213,1.44787781763966e-09
"species_1_bathy_extrap_only",244.55083351717,1.44787781763966e-09
"species_1_bathy_extrap_only",245.116428921127,1.44787781763966e-09
"species_1_bathy_extrap_only",245.682024325085,1.44787781763966e-09
"species_1_bathy_extrap_only",246.247619729042,1.44787781763966e-09
"species_1_bathy_extrap_only",246.813215132999,1.44787781763966e-09
"species_1_bathy_extrap_only",247.378810536957,1.44787781763966e-09
"species_1_bathy_extrap_only",247.944405940914,1.44787781763966e-09
"species_1_bathy_extrap_only",248.510001344872,1.44787781763966e-09
"species_1_bathy_extrap_only",249.075596748829,1.44787781763966e-09
"species_1_bathy_extrap_only",249.641192152786,1.44787781763966e-09
"species_1_bathy_extrap_only",250.206787556744,1.44787781763966e-09
"species_1_bathy_extrap_only",250.772382960701,1.44787781763966e-09
"species_1_bathy_extrap_only",251.337978364658,1.44787781763966e-09
"species_1_bathy_extrap_only",251.903573768616,1.44787781763966e-09
"species_1_bathy_extrap_only",252.469169172573,1.44787781763966e-09
"species_1_bathy_extrap_only",253.03476457653,1.44787781763966e-09
"species_1_bathy_extrap_only",253.600359980488,1.44787781763966e-09
"species_1_bathy_extrap_only",254.165955384445,1.44787781763966e-09
"species_1_bathy_extrap_only",254.731550788403,1.44787781763966e-09
"species_1_bathy_extrap_only",255.29714619236,1.44787781763966e-09
"species_1_bathy_extrap_only",255.862741596317,1.44787781763966e-09
"species_1_bathy_extrap_only",256.428337000275,1.44787781763966e-09
"species_1_bathy_extrap_only",256.993932404232,1.44787781763966e-09
"species_1_bathy_extrap_only",257.559527808189,1.44787781763966e-09
"species_1_bathy_extrap_only",258.125123212147,1.44787781763966e-09
"species_1_bathy_extrap_only",258.690718616104,1.44787781763966e-09
"species_1_bathy_extrap_only",259.256314020062,1.44787781763966e-09
"species_1_bathy_extrap_only",259.821909424019,1.44787781763966e-09
"species_1_bathy_extrap_only",260.387504827976,1.44787781763966e-09
"species_1_bathy_extrap",-22.4101971507073,0.645971596240997
"species_1_bathy_extrap",-21.8446017467499,0.645971596240997
"species_1_bathy_extrap",-21.2790063427925,0.645971596240997
"species_1_bathy_extrap",-20.7134109388352,0.645971596240997
"species_1_bathy_extrap",-20.1478155348778,0.645971596240997
"species_1_bathy_extrap",-19.5822201309204,0.645971596240997
"species_1_bathy_extrap",-19.0166247269631,0.645971596240997
"species_1_bathy_extrap",-18.4510293230057,0.645971596240997
"species_1_bathy_extrap",-17.8854339190483,0.645971596240997
"species_1_bathy_extrap",-17.319838515091,0.645971596240997
"species_1_bathy_extrap",-16.7542431111336,0.645971596240997
"species_1_bathy_extrap",-16.1886477071762,0.645971596240997
"species_1_bathy_extrap",-15.6230523032189,0.645971596240997
"species_1_bathy_extrap",-15.0574568992615,0.645971596240997
"species_1_bathy_extrap",-14.4918614953041,0.645971596240997
"species_1_bathy_extrap",-13.9262660913467,0.645971596240997
"species_1_bathy_extrap",-13.3606706873894,0.645971596240997
"species_1_bathy_extrap",-12.795075283432,0.645971596240997
"species_1_bathy_extrap",-12.2294798794746,0.645971596240997
"species_1_bathy_extrap",-11.6638844755173,0.645971596240997
"species_1_bathy_extrap",-11.0982890715599,0.645971596240997
"species_1_bathy_extrap",-10.5326936676025,0.645971596240997
"species_1_bathy_extrap",-9.96709826364518,0.645971596240997
"species_1_bathy_extrap",-9.40150285968781,0.645971596240997
"species_1_bathy_extrap",-8.83590745573045,0.645971596240997
"species_1_bathy_extrap",-8.27031205177308,0.645971596240997
"species_1_bathy_extrap",-7.70471664781571,0.645971596240997
"species_1_bathy_extrap",-7.13912124385834,0.645971596240997
"species_1_bathy_extrap",-6.57352583990098,0.645971596240997
"species_1_bathy_extrap",-6.00793043594361,0.645971596240997
"species_1_bathy_extrap",-5.44233503198624,0.645971596240997
"species_1_bathy_extrap",-4.87673962802888,0.645971596240997
"species_1_bathy_extrap",-4.31114422407151,0.645971596240997
"species_1_bathy_extrap",-3.74554882011414,0.645971596240997
"species_1_bathy_extrap",-3.17995341615678,0.645971596240997
"species_1_bathy_extrap",-2.61435801219941,0.645971596240997
"species_1_bathy_extrap",-2.04876260824204,0.645971596240997
"species_1_bathy_extrap",-1.48316720428468,0.645971596240997
"species_1_bathy_extrap",-0.917571800327309,0.645971596240997
"species_1_bathy_extrap",-0.351976396369938,0.645971596240997
"species_1_bathy_extrap",0.213619007587425,0.645971596240997
"species_1_bathy_extrap",0.779214411544793,0.645971596240997
"species_1_bathy_extrap",1.34480981550216,0.640900075435638
"species_1_bathy_extrap",1.91040521945953,0.625499308109283
"species_1_bathy_extrap",2.47600062341689,0.609840154647827
"species_1_bathy_extrap",3.04159602737426,0.593951225280762
"species_1_bathy_extrap",3.60719143133163,0.577863216400146
"species_1_bathy_extrap",4.17278683528899,0.561608195304871
"species_1_bathy_extrap",4.73838223924636,0.545219898223877
"species_1_bathy_extrap",5.30397764320373,0.528733015060425
"species_1_bathy_extrap",5.8695730471611,0.51218318939209
"species_1_bathy_extrap",6.43516845111846,0.495606690645218
"species_1_bathy_extrap",7.00076385507583,0.479039788246155
"species_1_bathy_extrap",7.5663592590332,0.462518870830536
"species_1_bathy_extrap",8.13195466299057,0.446079850196838
"species_1_bathy_extrap",8.69755006694793,0.429757922887802
"species_1_bathy_extrap",9.2631454709053,0.413587301969528
"species_1_bathy_extrap",9.82874087486266,0.397600889205933
"species_1_bathy_extrap",10.39433627882,0.381830036640167
"species_1_bathy_extrap",10.9599316827774,0.366304397583008
"species_1_bathy_extrap",11.5255270867348,0.351051509380341
"species_1_bathy_extrap",12.0911224906921,0.336096912622452
"species_1_bathy_extrap",12.6567178946495,0.321463763713837
"species_1_bathy_extrap",13.2223132986069,0.307173013687134
"species_1_bathy_extrap",13.7879087025642,0.293242961168289
"species_1_bathy_extrap",14.3535041065216,0.279689610004425
"species_1_bathy_extrap",14.919099510479,0.266526430845261
"species_1_bathy_extrap",15.4846949144363,0.253764539957047
"species_1_bathy_extrap",16.0502903183937,0.241412550210953
"species_1_bathy_extrap",16.6158857223511,0.229476973414421
"species_1_bathy_extrap",17.1814811263084,0.21796190738678
"species_1_bathy_extrap",17.7470765302658,0.206869512796402
"species_1_bathy_extrap",18.3126719342232,0.196200013160706
"species_1_bathy_extrap",18.8782673381805,0.185951799154282
"species_1_bathy_extrap",19.4438627421379,0.176121577620506
"species_1_bathy_extrap",20.0094581460953,0.16670460999012
"species_1_bathy_extrap",20.5750535500526,0.157694771885872
"species_1_bathy_extrap",21.14064895401,0.149084776639938
"species_1_bathy_extrap",21.7062443579674,0.140939369797707
"species_1_bathy_extrap",22.2718397619247,0.133602574467659
"species_1_bathy_extrap",22.8374351658821,0.126791819930077
"species_1_bathy_extrap",23.4030305698395,0.12028007209301
"species_1_bathy_extrap",23.9686259737968,0.114059060811996
"species_1_bathy_extrap",24.5342213777542,0.108120270073414
"species_1_bathy_extrap",25.0998167817116,0.1024549305439
"species_1_bathy_extrap",25.6654121856689,0.0970541536808014
"species_1_bathy_extrap",26.2310075896263,0.0919089093804359
"species_1_bathy_extrap",26.7966029935837,0.0870101675391197
"species_1_bathy_extrap",27.362198397541,0.0823488384485245
"species_1_bathy_extrap",27.9277938014984,0.0779159143567085
"species_1_bathy_extrap",28.4933892054558,0.0737024545669556
"species_1_bathy_extrap",29.0589846094131,0.0696996226906776
"species_1_bathy_extrap",29.6245800133705,0.0658987239003181
"species_1_bathy_extrap",30.1901754173279,0.0622912161052227
"species_1_bathy_extrap",30.7557708212852,0.0588687509298325
"species_1_bathy_extrap",31.3213662252426,0.0556231811642647
"species_1_bathy_extrap",31.8869616292,0.0525465458631516
"species_1_bathy_extrap",32.4525570331573,0.0496311448514462
"species_1_bathy_extrap",33.0181524371147,0.046869482845068
"species_1_bathy_extrap",33.5837478410721,0.0442543551325798
"species_1_bathy_extrap",34.1493432450294,0.0417787432670593
"species_1_bathy_extrap",34.7149386489868,0.0394358858466148
"species_1_bathy_extrap",35.2805340529442,0.0372193269431591
"species_1_bathy_extrap",35.8461294569016,0.0351227819919586
"species_1_bathy_extrap",36.4117248608589,0.0331402830779552
"species_1_bathy_extrap",36.9773202648163,0.0312660448253155
"species_1_bathy_extrap",37.5429156687737,0.02949458360672
"species_1_bathy_extrap",38.108511072731,0.0278205964714289
"species_1_bathy_extrap",38.6741064766884,0.0262390580028296
"species_1_bathy_extrap",39.2397018806457,0.0247451383620501
"species_1_bathy_extrap",39.8052972846031,0.0233342293649912
"species_1_bathy_extrap",40.3708926885605,0.0220019593834877
"species_1_bathy_extrap",40.9364880925178,0.0207441318780184
"species_1_bathy_extrap",41.5020834964752,0.0195567812770605
"species_1_bathy_extrap",42.0676789004326,0.0184361077845097
"species_1_bathy_extrap",42.63327430439,0.0173785202205181
"species_1_bathy_extrap",43.1988697083473,0.0163805820047855
"species_1_bathy_extrap",43.7644651123047,0.01543905492872
"species_1_bathy_extrap",44.3300605162621,0.0145508451387286
"species_1_bathy_extrap",44.8956559202194,0.0137130171060562
"species_1_bathy_extrap",45.4612513241768,0.0129228020086884
"species_1_bathy_extrap",46.0268467281342,0.0121775567531586
"species_1_bathy_extrap",46.5924421320915,0.0114747947081923
"species_1_bathy_extrap",47.1580375360489,0.0108121400699019
"species_1_bathy_extrap",47.7236329400063,0.0101873623207211
"species_1_bathy_extrap",48.2892283439636,0.00959833711385727
"species_1_bathy_extrap",48.854823747921,0.00904305372387171
"species_1_bathy_extrap",49.4204191518784,0.00851962249726057
"species_1_bathy_extrap",49.9860145558357,0.00802623946219683
"species_1_bathy_extrap",50.5516099597931,0.00756121426820755
"species_1_bathy_extrap",51.1172053637505,0.00712293526157737
"species_1_bathy_extrap",51.6828007677078,0.00670989137142897
"species_1_bathy_extrap",52.2483961716652,0.00632064463570714
"species_1_bathy_extrap",52.8139915756226,0.00595384510233998
"species_1_bathy_extrap",53.3795869795799,0.00560821173712611
"species_1_bathy_extrap",53.9451823835373,0.00528253382071853
"species_1_bathy_extrap",54.5107777874947,0.00497567653656006
"species_1_bathy_extrap",55.076373191452,0.00468655815348029
"species_1_bathy_extrap",55.6419685954094,0.00441416678950191
"species_1_bathy_extrap",56.2075639993668,0.00415753945708275
"species_1_bathy_extrap",56.7731594033241,0.00391577463597059
"species_1_bathy_extrap",57.3387548072815,0.00368801481090486
"species_1_bathy_extrap",57.9043502112389,0.00347345811314881
"species_1_bathy_extrap",58.4699456151962,0.00327134248800576
"species_1_bathy_extrap",59.0355410191536,0.00308095011860132
"species_1_bathy_extrap",59.601136423111,0.00290160765871406
"species_1_bathy_extrap",60.1667318270683,0.00273267482407391
"species_1_bathy_extrap",60.7323272310257,0.00257355300709605
"species_1_bathy_extrap",61.2979226349831,0.00242367340251803
"species_1_bathy_extrap",61.8635180389404,0.00228250329382718
"species_1_bathy_extrap",62.4291134428978,0.00214953743852675
"species_1_bathy_extrap",62.9947088468552,0.00202430225908756
"species_1_bathy_extrap",63.5603042508125,0.00190634978935122
"species_1_bathy_extrap",64.1258996547699,0.00179525697603822
"species_1_bathy_extrap",64.6914950587273,0.00169062719214708
"species_1_bathy_extrap",65.2570904626846,0.00159208697732538
"species_1_bathy_extrap",65.822685866642,0.00149928033351898
"species_1_bathy_extrap",66.3882812705994,0.00141187605913728
"species_1_bathy_extrap",66.9538766745567,0.00132956041488796
"species_1_bathy_extrap",67.5194720785141,0.00125203898642212
"species_1_bathy_extrap",68.0850674824715,0.00117903121281415
"species_1_bathy_extrap",68.6506628864288,0.00111027585808188
"species_1_bathy_extrap",69.2162582903862,0.00104552658740431
"species_1_bathy_extrap",69.7818536943436,0.000984548940323293
"species_1_bathy_extrap",70.3474490983009,0.000927124347072095
"species_1_bathy_extrap",70.9130445022583,0.000873046112246811
"species_1_bathy_extrap",71.4786399062157,0.00082212028792128
"species_1_bathy_extrap",72.044235310173,0.00077416212297976
"species_1_bathy_extrap",72.6098307141304,0.000728999555576593
"species_1_bathy_extrap",73.1754261180878,0.000686470360960811
"species_1_bathy_extrap",73.7410215220451,0.000646420172415674
"species_1_bathy_extrap",74.3066169260025,0.000608705217018723
"species_1_bathy_extrap",74.8722123299599,0.000573189405258745
"species_1_bathy_extrap",75.4378077339172,0.000539745145943016
"species_1_bathy_extrap",76.0034031378746,0.000508250843267888
"species_1_bathy_extrap",76.568998541832,0.000478593399748206
"species_1_bathy_extrap",77.1345939457893,0.000450666120741516
"species_1_bathy_extrap",77.7001893497467,0.000424367433879524
"species_1_bathy_extrap",78.2657847537041,0.000399602780817077
"species_1_bathy_extrap",78.8313801576614,0.00037628278369084
"species_1_bathy_extrap",79.3969755616188,0.000354323477949947
"species_1_bathy_extrap",79.9625709655762,0.000333645002683625
"species_1_bathy_extrap",80.5281663695335,0.000314172939397395
"species_1_bathy_extrap",81.0937617734909,0.000295836973236874
"species_1_bathy_extrap",81.6593571774483,0.000278571067610756
"species_1_bathy_extrap",82.2249525814056,0.000262312387349084
"species_1_bathy_extrap",82.790547985363,0.00024700237554498
"species_1_bathy_extrap",83.3561433893204,0.000232585938647389
"species_1_bathy_extrap",83.9217387932777,0.000219010558794253
"species_1_bathy_extrap",84.4873341972351,0.000206227370654233
"species_1_bathy_extrap",85.0529296011925,0.00019419017189648
"species_1_bathy_extrap",85.6185250051498,0.000182855583261698
"species_1_bathy_extrap",86.1841204091072,0.000172182320966385
"species_1_bathy_extrap",86.7497158130646,0.000162131953402422
"species_1_bathy_extrap",87.315311217022,0.000152668275404721
"species_1_bathy_extrap",87.8809066209793,0.000143756798934191
"species_1_bathy_extrap",88.4465020249367,0.000135365422465838
"species_1_bathy_extrap",89.0120974288941,0.000127463805256411
"species_1_bathy_extrap",89.5776928328514,0.000120023461931851
"species_1_bathy_extrap",90.1432882368088,0.000113017289550044
"species_1_bathy_extrap",90.7088836407662,0.000106420055089984
"species_1_bathy_extrap",91.2744790447235,0.000100207878858782
"species_1_bathy_extrap",91.8400744486809,9.43583800108172e-05
"species_1_bathy_extrap",92.4056698526382,8.88502327143215e-05
"species_1_bathy_extrap",92.9712652565956,8.36635954328813e-05
"species_1_bathy_extrap",93.536860660553,7.87797689554282e-05
"species_1_bathy_extrap",94.1024560645104,7.41809490136802e-05
"species_1_bathy_extrap",94.6680514684677,6.98505755281076e-05
"species_1_bathy_extrap",95.2336468724251,6.57729688100517e-05
"species_1_bathy_extrap",95.7992422763824,6.19334387010895e-05
"species_1_bathy_extrap",96.3648376803398,5.83179789828137e-05
"species_1_bathy_extrap",96.9304330842972,5.49135656910948e-05
"species_1_bathy_extrap",97.4960284882546,5.17079242854379e-05
"species_1_bathy_extrap",98.0616238922119,4.86893659399357e-05
"species_1_bathy_extrap",98.6272192961693,4.58470130979549e-05
"species_1_bathy_extrap",99.1928147001267,4.31705848313868e-05
"species_1_bathy_extrap",99.758410104084,4.06504223064985e-05
"species_1_bathy_extrap",100.324005508041,3.82773432647809e-05
"species_1_bathy_extrap",100.889600911999,3.60427948180586e-05
"species_1_bathy_extrap",101.455196315956,3.39387188432738e-05
"species_1_bathy_extrap",102.020791719913,3.19574428431224e-05
"species_1_bathy_extrap",102.586387123871,3.00918254652061e-05
"species_1_bathy_extrap",103.151982527828,2.83351164398482e-05
"species_1_bathy_extrap",103.717577931786,2.66809802269563e-05
"species_1_bathy_extrap",104.283173335743,2.51233850576682e-05
"species_1_bathy_extrap",104.8487687397,2.36567175306845e-05
"species_1_bathy_extrap",105.414364143658,2.22756716539152e-05
"species_1_bathy_extrap",105.979959547615,2.09752633963944e-05
"species_1_bathy_extrap",106.545554951572,1.97507524717366e-05
"species_1_bathy_extrap",107.11115035553,1.85977260116488e-05
"species_1_bathy_extrap",107.676745759487,1.75120258063544e-05
"species_1_bathy_extrap",108.242341163445,1.64896919159219e-05
"species_1_bathy_extrap",108.807936567402,1.55270390678197e-05
"species_1_bathy_extrap",109.373531971359,1.46205848068348e-05
"species_1_bathy_extrap",109.939127375317,1.37670594995143e-05
"species_1_bathy_extrap",110.504722779274,1.2963349945494e-05
"species_1_bathy_extrap",111.070318183231,1.22065594041487e-05
"species_1_bathy_extrap",111.635913587189,1.14939584818785e-05
"species_1_bathy_extrap",112.201508991146,1.08229496618151e-05
"species_1_bathy_extrap",112.767104395103,1.0191112778557e-05
"species_1_bathy_extrap",113.332699799061,9.59616227191873e-06
"species_1_bathy_extrap",113.898295203018,9.03595082490938e-06
"species_1_bathy_extrap",114.463890606976,8.50843753141817e-06
"species_1_bathy_extrap",115.029486010933,8.01171972852899e-06
"species_1_bathy_extrap",115.59508141489,7.54399934521643e-06
"species_1_bathy_extrap",116.160676818848,7.10358972355607e-06
"species_1_bathy_extrap",116.726272222805,6.68888560539926e-06
"species_1_bathy_extrap",117.291867626762,6.29839132670895e-06
"species_1_bathy_extrap",117.85746303072,5.93069853493944e-06
"species_1_bathy_extrap",118.423058434677,5.58446663490031e-06
"species_1_bathy_extrap",118.988653838634,5.25844779986073e-06
"species_1_bathy_extrap",119.554249242592,4.95146150569781e-06
"species_1_bathy_extrap",120.119844646549,4.66240044261212e-06
"species_1_bathy_extrap",120.685440050507,4.39021096099168e-06
"species_1_bathy_extrap",121.251035454464,4.13391171605326e-06
"species_1_bathy_extrap",121.816630858421,3.89257866117987e-06
"species_1_bathy_extrap",122.382226262379,3.66533095075283e-06
"species_1_bathy_extrap",122.947821666336,3.45134981216688e-06
"species_1_bathy_extrap",123.513417070293,3.24986081068346e-06
"species_1_bathy_extrap",124.079012474251,3.06013726003584e-06
"species_1_bathy_extrap",124.644607878208,2.88148726212967e-06
"species_1_bathy_extrap",125.210203282166,2.7132666673424e-06
"species_1_bathy_extrap",125.775798686123,2.55486884270795e-06
"species_1_bathy_extrap",126.34139409008,2.40571603171702e-06
"species_1_bathy_extrap",126.906989494038,2.26527072300087e-06
"species_1_bathy_extrap",127.472584897995,2.13302473639487e-06
"species_1_bathy_extrap",128.038180301952,2.00850081455428e-06
"species_1_bathy_extrap",128.60377570591,1.89124489224923e-06
"species_1_bathy_extrap",129.169371109867,1.78083428181708e-06
"species_1_bathy_extrap",129.734966513824,1.67686948771006e-06
"species_1_bathy_extrap",130.300561917782,1.57897409280849e-06
"species_1_bathy_extrap",130.866157321739,1.48679623634962e-06
"species_1_bathy_extrap",131.431752725697,1.39999724524387e-06
"species_1_bathy_extrap",131.997348129654,1.31826561755588e-06
"species_1_bathy_extrap",132.562943533611,1.24130554013391e-06
"species_1_bathy_extrap",133.128538937569,1.16883825285186e-06
"species_1_bathy_extrap",133.694134341526,1.10060159386194e-06
"species_1_bathy_extrap",134.259729745483,1.03634863535262e-06
"species_1_bathy_extrap",134.825325149441,9.75846774053934e-07
"species_1_bathy_extrap",135.390920553398,9.1887841335847e-07
"species_1_bathy_extrap",135.956515957356,8.65234369484824e-07
"species_1_bathy_extrap",136.522111361313,8.14722113773314e-07
"species_1_bathy_extrap",137.08770676527,7.67158724102046e-07
"species_1_bathy_extrap",137.653302169228,7.2237207859871e-07
"species_1_bathy_extrap",138.218897573185,6.80200059832714e-07
"species_1_bathy_extrap",138.784492977142,6.40490043224418e-07
"species_1_bathy_extrap",139.3500883811,6.03099294949061e-07
"species_1_bathy_extrap",139.915683785057,5.67890424463258e-07
"species_1_bathy_extrap",140.481279189014,5.34737012003461e-07
"species_1_bathy_extrap",141.046874592972,5.03519117955875e-07
"species_1_bathy_extrap",141.612469996929,4.74123737603804e-07
"species_1_bathy_extrap",142.178065400887,4.46444431645432e-07
"species_1_bathy_extrap",142.743660804844,4.20381041976725e-07
"species_1_bathy_extrap",143.309256208801,3.95839862221692e-07
"species_1_bathy_extrap",143.874851612759,3.72730767139728e-07
"species_1_bathy_extrap",144.440447016716,3.50970793761007e-07
"species_1_bathy_extrap",145.006042420673,3.30481128685278e-07
"species_1_bathy_extrap",145.571637824631,3.11187676516056e-07
"species_1_bathy_extrap",146.137233228588,2.93020576691561e-07
"species_1_bathy_extrap",146.702828632545,2.7591406137617e-07
"species_1_bathy_extrap",147.268424036503,2.59806625990677e-07
"species_1_bathy_extrap",147.83401944046,2.44639153379467e-07
"species_1_bathy_extrap",148.399614844418,2.30357130703851e-07
"species_1_bathy_extrap",148.965210248375,2.1690890150694e-07
"species_1_bathy_extrap",149.530805652332,2.0424577940048e-07
"species_1_bathy_extrap",150.09640105629,1.9232192016716e-07
"species_1_bathy_extrap",150.661996460247,1.81094179652064e-07
"species_1_bathy_extrap",151.227591864204,1.70522199027801e-07
"species_1_bathy_extrap",151.793187268162,1.60567125817579e-07
"species_1_bathy_extrap",152.358782672119,1.5119321972179e-07
"species_1_bathy_extrap",152.924378076077,1.42366573641084e-07
"species_1_bathy_extrap",153.489973480034,1.34055227363206e-07
"species_1_bathy_extrap",154.055568883991,1.26229096508723e-07
"species_1_bathy_extrap",154.621164287949,1.18859844633334e-07
"species_1_bathy_extrap",155.186759691906,1.11920996914705e-07
"species_1_bathy_extrap",155.752355095863,1.05387059079476e-07
"species_1_bathy_extrap",156.317950499821,9.92345690065122e-08
"species_1_bathy_extrap",156.883545903778,9.34412582864752e-08
"species_1_bathy_extrap",157.449141307735,8.798616590866e-08
"species_1_bathy_extrap",158.014736711693,8.28495387850126e-08
"species_1_bathy_extrap",158.58033211565,7.80127891175653e-08
"species_1_bathy_extrap",159.145927519608,7.3458409133309e-08
"species_1_bathy_extrap",159.711522923565,6.9170027927612e-08
"species_1_bathy_extrap",160.277118327522,6.51318856625949e-08
"species_1_bathy_extrap",160.84271373148,6.13294872664483e-08
"species_1_bathy_extrap",161.408309135437,5.77490766318078e-08
"species_1_bathy_extrap",161.973904539394,5.43776899064596e-08
"species_1_bathy_extrap",162.539499943352,5.1203123518917e-08
"species_1_bathy_extrap",163.105095347309,4.82138879931426e-08
"species_1_bathy_extrap",163.670690751266,4.53992399229719e-08
"species_1_bathy_extrap",164.236286155224,4.27488338061721e-08
"species_1_bathy_extrap",164.801881559181,4.02531590282251e-08
"species_1_bathy_extrap",165.367476963139,3.79031845909594e-08
"species_1_bathy_extrap",165.933072367096,3.56903981924006e-08
"species_1_bathy_extrap",166.498667771053,3.36067955686303e-08
"species_1_bathy_extrap",167.064263175011,3.16448343085085e-08
"species_1_bathy_extrap",167.629858578968,2.9797458722669e-08
"species_1_bathy_extrap",168.195453982925,2.80578849043422e-08
"species_1_bathy_extrap",168.761049386883,2.64198671828808e-08
"species_1_bathy_extrap",169.32664479084,2.48774760791548e-08
"species_1_bathy_extrap",169.892240194798,2.34251320563317e-08
"species_1_bathy_extrap",170.457835598755,2.20575735454531e-08
"species_1_bathy_extrap",171.023431002712,2.07698533927214e-08
"species_1_bathy_extrap",171.58902640667,1.95573424122131e-08
"species_1_bathy_extrap",172.154621810627,1.84155872773317e-08
"species_1_bathy_extrap",172.720217214584,1.73404863801352e-08
"species_1_bathy_extrap",173.285812618542,1.63281494991452e-08
"species_1_bathy_extrap",173.851408022499,1.53749137865589e-08
"species_1_bathy_extrap",174.417003426456,1.44773268928589e-08
"species_1_bathy_extrap",174.982598830414,1.36321416377427e-08
"species_1_bathy_extrap",175.548194234371,1.28363186746583e-08
"species_1_bathy_extrap",176.113789638329,1.20869350084263e-08
"species_1_bathy_extrap",176.679385042286,1.13813012347919e-08
"species_1_bathy_extrap",177.244980446243,1.07168611762631e-08
"species_1_bathy_extrap",177.810575850201,1.00912114220364e-08
"species_1_bathy_extrap",178.376171254158,9.5020871171414e-09
"species_1_bathy_extrap",178.941766658115,8.94735574519245e-09
"species_1_bathy_extrap",179.507362062073,8.42502334563733e-09
"species_1_bathy_extrap",180.07295746603,7.93317145308947e-09
"species_1_bathy_extrap",180.638552869987,7.4700334806721e-09
"species_1_bathy_extrap",181.204148273945,7.03393343570724e-09
"species_1_bathy_extrap",181.769743677902,6.62329258105387e-09
"species_1_bathy_extrap",182.33533908186,6.23662543830505e-09
"species_1_bathy_extrap",182.900934485817,5.87253179418212e-09
"species_1_bathy_extrap",183.466529889774,5.52969359191025e-09
"species_1_bathy_extrap",184.032125293732,5.2068789280213e-09
"species_1_bathy_extrap",184.597720697689,4.90290164023577e-09
"species_1_bathy_extrap",185.163316101646,4.61667060136506e-09
"species_1_bathy_extrap",185.728911505604,4.34714975128259e-09
"species_1_bathy_extrap",186.294506909561,4.09336342599431e-09
"species_1_bathy_extrap",186.860102313518,3.85439324901427e-09
"species_1_bathy_extrap",187.425697717476,3.62937391251705e-09
"species_1_bathy_extrap",187.991293121433,3.41749673005154e-09
"species_1_bathy_extrap",188.556888525391,3.21798343527746e-09
"species_1_bathy_extrap",189.122483929348,3.03011793434393e-09
"species_1_bathy_extrap",189.688079333305,2.85321966053686e-09
"species_1_bathy_extrap",190.253674737263,2.68664890334946e-09
"species_1_bathy_extrap",190.81927014122,2.52980258963476e-09
"species_1_bathy_extrap",191.384865545177,2.38211295133794e-09
"species_1_bathy_extrap",191.950460949135,2.24304885776405e-09
"species_1_bathy_extrap",192.516056353092,2.11209982836635e-09
"species_1_bathy_extrap",193.08165175705,1.98879557267162e-09
"species_1_bathy_extrap",193.647247161007,1.87268978102395e-09
"species_1_bathy_extrap",194.212842564964,1.76336234503083e-09
"species_1_bathy_extrap",194.778437968922,1.66041735916167e-09
"species_1_bathy_extrap",195.344033372879,1.56348234359172e-09
"species_1_bathy_extrap",195.909628776836,1.47220868829123e-09
"species_1_bathy_extrap",196.475224180794,1.38626121692909e-09
"species_1_bathy_extrap",197.040819584751,1.30533139852673e-09
"species_1_bathy_extrap",197.606414988709,1.22912624522797e-09
"species_1_bathy_extrap",198.172010392666,1.15736997763349e-09
"species_1_bathy_extrap",198.737605796623,1.08980280355553e-09
"species_1_bathy_extrap",199.303201200581,1.02618014086175e-09
"species_1_bathy_extrap",199.868796604538,9.66273394631401e-10
"species_1_bathy_extrap",200.434392008495,9.09862407638684e-10
"species_1_bathy_extrap",200.999987412453,8.56744675203913e-10
"species_1_bathy_extrap",201.56558281641,8.06728017721525e-10
"species_1_bathy_extrap",202.131178220367,7.59631246793901e-10
"species_1_bathy_extrap",202.696773624325,7.15284054209064e-10
"species_1_bathy_extrap",203.262369028282,6.73525790695351e-10
"species_1_bathy_extrap",203.82796443224,6.34206465122133e-10
"species_1_bathy_extrap",204.393559836197,5.97181526451607e-10
"species_1_bathy_extrap",204.959155240154,5.62318080987723e-10
"species_1_bathy_extrap",205.524750644112,5.29490007394884e-10
"species_1_bathy_extrap",206.090346048069,4.98578400787153e-10
"species_1_bathy_extrap",206.655941452026,4.6947146170595e-10
"species_1_bathy_extrap",207.221536855984,4.42063718963936e-10
"species_1_bathy_extrap",207.787132259941,4.16256751289978e-10
"species_1_bathy_extrap",208.352727663898,3.91955717882197e-10
"species_1_bathy_extrap",208.918323067856,3.69073355210858e-10
"species_1_bathy_extrap",209.483918471813,3.47526868393899e-10
"species_1_bathy_extrap",210.049513875771,3.27238292019416e-10
"species_1_bathy_extrap",210.615109279728,3.08134129323179e-10
"species_1_bathy_extrap",211.180704683685,2.9014529667748e-10
"species_1_bathy_extrap",211.746300087643,2.73206623990774e-10
"species_1_bathy_extrap",212.3118954916,2.57257243285736e-10
"species_1_bathy_extrap",212.877490895557,2.42238590297816e-10
"species_1_bathy_extrap",213.443086299515,2.28096722065807e-10
"species_1_bathy_extrap",214.008681703472,2.14780443430484e-10
"species_1_bathy_extrap",214.57427710743,2.02241584590368e-10
"species_1_bathy_extrap",215.139872511387,1.90434723545962e-10
"species_1_bathy_extrap",215.705467915344,1.79317158344183e-10
"species_1_bathy_extrap",216.271063319302,1.68848907078356e-10
"species_1_bathy_extrap",216.836658723259,1.58991528276253e-10
"species_1_bathy_extrap",217.402254127216,1.49709605823389e-10
"species_1_bathy_extrap",217.967849531174,1.40969569351057e-10
"species_1_bathy_extrap",218.533444935131,1.32739777503055e-10
"species_1_bathy_extrap",219.099040339088,1.24990434668959e-10
"species_1_bathy_extrap",219.664635743046,1.17693507717398e-10
"species_1_bathy_extrap",220.230231147003,1.10822746812733e-10
"species_1_bathy_extrap",220.795826550961,1.0435292213673e-10
"species_1_bathy_extrap",221.361421954918,9.82608022725984e-11
"species_1_bathy_extrap",221.927017358875,9.25243423544053e-11
"species_1_bathy_extrap",222.492612762833,8.71227812115904e-11
"species_1_bathy_extrap",223.05820816679,8.20365581022386e-11
"species_1_bathy_extrap",223.623803570747,7.72472710797167e-11
"species_1_bathy_extrap",224.189398974705,7.27376978093552e-11
"species_1_bathy_extrap",224.754994378662,6.84912751514055e-11
"species_1_bathy_extrap",225.32058978262,6.44927583559607e-11
"species_1_bathy_extrap",225.886185186577,6.07276728903372e-11
"species_1_bathy_extrap",226.451780590534,5.71823977058017e-11
"species_1_bathy_extrap",227.017375994492,5.3844092379185e-11
"species_1_bathy_extrap",227.582971398449,5.07006762962003e-11
"species_1_bathy_extrap",228.148566802406,4.77408529375722e-11
"species_1_bathy_extrap",228.714162206364,4.49537455871063e-11
"species_1_bathy_extrap",229.279757610321,4.23293483597931e-11
"species_1_bathy_extrap",229.845353014278,3.98581619098781e-11
"species_1_bathy_extrap",230.410948418236,3.75312454725663e-11
"species_1_bathy_extrap",230.976543822193,3.53401752306581e-11
"species_1_bathy_extrap",231.54213922615,3.32770165589746e-11
"species_1_bathy_extrap",232.107734630108,3.13343587188264e-11
"species_1_bathy_extrap",232.673330034065,2.95050615883863e-11
"species_1_bathy_extrap",233.238925438023,2.77825575045743e-11
"species_1_bathy_extrap",233.80452084198,2.61606136059411e-11
"species_1_bathy_extrap",234.370116245937,2.46333578535207e-11
"species_1_bathy_extrap",234.935711649895,2.3195265153042e-11
"species_1_bathy_extrap",235.501307053852,2.18411261299067e-11
"species_1_bathy_extrap",236.066902457809,2.05660436597421e-11
"species_1_bathy_extrap",236.632497861767,1.93654293989542e-11
"species_1_bathy_extrap",237.198093265724,1.89809886558256e-11
"species_1_bathy_extrap",237.763688669682,1.89809886558256e-11
"species_1_bathy_extrap",238.329284073639,1.89809886558256e-11
"species_1_bathy_extrap",238.894879477596,1.89809886558256e-11
"species_1_bathy_extrap",239.460474881554,1.89809886558256e-11
"species_1_bathy_extrap",240.026070285511,1.89809886558256e-11
"species_1_bathy_extrap",240.591665689468,1.89809886558256e-11
"species_1_bathy_extrap",241.157261093426,1.89809886558256e-11
"species_1_bathy_extrap",241.722856497383,1.89809886558256e-11
"species_1_bathy_extrap",242.28845190134,1.89809886558256e-11
"species_1_bathy_extrap",242.854047305298,1.89809886558256e-11
"species_1_bathy_extrap",243.419642709255,1.89809886558256e-11
"species_1_bathy_extrap",243.985238113213,1.89809886558256e-11
"species_1_bathy_extrap",244.55083351717,1.89809886558256e-11
"species_1_bathy_extrap",245.116428921127,1.89809886558256e-11
"species_1_bathy_extrap",245.682024325085,1.89809886558256e-11
"species_1_bathy_extrap",246.247619729042,1.89809886558256e-11
"species_1_bathy_extrap",246.813215132999,1.89809886558256e-11
"species_1_bathy_extrap",247.378810536957,1.89809886558256e-11
"species_1_bathy_extrap",247.944405940914,1.89809886558256e-11
"species_1_bathy_extrap",248.510001344872,1.89809886558256e-11
"species_1_bathy_extrap",249.075596748829,1.89809886558256e-11
"species_1_bathy_extrap",249.641192152786,1.89809886558256e-11
"species_1_bathy_extrap",250.206787556744,1.89809886558256e-11
"species_1_bathy_extrap",250.772382960701,1.89809886558256e-11
"species_1_bathy_extrap",251.337978364658,1.89809886558256e-11
"species_1_bathy_extrap",251.903573768616,1.89809886558256e-11
"species_1_bathy_extrap",252.469169172573,1.89809886558256e-11
"species_1_bathy_extrap",253.03476457653,1.89809886558256e-11
"species_1_bathy_extrap",253.600359980488,1.89809886558256e-11
"species_1_bathy_extrap",254.165955384445,1.89809886558256e-11
"species_1_bathy_extrap",254.731550788403,1.89809886558256e-11
"species_1_bathy_extrap",255.29714619236,1.89809886558256e-11
"species_1_bathy_extrap",255.862741596317,1.89809886558256e-11
"species_1_bathy_extrap",256.428337000275,1.89809886558256e-11
"species_1_bathy_extrap",256.993932404232,1.89809886558256e-11
"species_1_bathy_extrap",257.559527808189,1.89809886558256e-11
"species_1_bathy_extrap",258.125123212147,1.89809886558256e-11
"species_1_bathy_extrap",258.690718616104,1.89809886558256e-11
"species_1_bathy_extrap",259.256314020062,1.89809886558256e-11
"species_1_bathy_extrap",259.821909424019,1.89809886558256e-11
"species_1_bathy_extrap",260.387504827976,1.89809886558256e-11
"species_1_hist_ice_extrap_only",-11.2926040649414,0.00317312823608518
"species_1_hist_ice_extrap_only",-11.0215815673828,0.00317312823608518
"species_1_hist_ice_extrap_only",-10.7505590698242,0.00317312823608518
"species_1_hist_ice_extrap_only",-10.4795365722656,0.00317312823608518
"species_1_hist_ice_extrap_only",-10.208514074707,0.00317312823608518
"species_1_hist_ice_extrap_only",-9.93749157714843,0.00317312823608518
"species_1_hist_ice_extrap_only",-9.66646907958984,0.00317312823608518
"species_1_hist_ice_extrap_only",-9.39544658203124,0.00317312823608518
"species_1_hist_ice_extrap_only",-9.12442408447265,0.00317312823608518
"species_1_hist_ice_extrap_only",-8.85340158691406,0.00317312823608518
"species_1_hist_ice_extrap_only",-8.58237908935546,0.00317312823608518
"species_1_hist_ice_extrap_only",-8.31135659179687,0.00317312823608518
"species_1_hist_ice_extrap_only",-8.04033409423828,0.00317312823608518
"species_1_hist_ice_extrap_only",-7.76931159667968,0.00317312823608518
"species_1_hist_ice_extrap_only",-7.49828909912109,0.00317312823608518
"species_1_hist_ice_extrap_only",-7.2272666015625,0.00317312823608518
"species_1_hist_ice_extrap_only",-6.9562441040039,0.00317312823608518
"species_1_hist_ice_extrap_only",-6.68522160644531,0.00317312823608518
"species_1_hist_ice_extrap_only",-6.41419910888672,0.00317312823608518
"species_1_hist_ice_extrap_only",-6.14317661132812,0.00317312823608518
"species_1_hist_ice_extrap_only",-5.87215411376953,0.00317312823608518
"species_1_hist_ice_extrap_only",-5.60113161621094,0.00317312823608518
"species_1_hist_ice_extrap_only",-5.33010911865234,0.00317312823608518
"species_1_hist_ice_extrap_only",-5.05908662109375,0.00317312823608518
"species_1_hist_ice_extrap_only",-4.78806412353515,0.00317312823608518
"species_1_hist_ice_extrap_only",-4.51704162597656,0.00317312823608518
"species_1_hist_ice_extrap_only",-4.24601912841797,0.00317312823608518
"species_1_hist_ice_extrap_only",-3.97499663085937,0.00317312823608518
"species_1_hist_ice_extrap_only",-3.70397413330078,0.00317312823608518
"species_1_hist_ice_extrap_only",-3.43295163574219,0.00317312823608518
"species_1_hist_ice_extrap_only",-3.16192913818359,0.00317312823608518
"species_1_hist_ice_extrap_only",-2.890906640625,0.00317312823608518
"species_1_hist_ice_extrap_only",-2.61988414306641,0.00317312823608518
"species_1_hist_ice_extrap_only",-2.34886164550781,0.00317312823608518
"species_1_hist_ice_extrap_only",-2.07783914794922,0.00317312823608518
"species_1_hist_ice_extrap_only",-1.80681665039062,0.00317312823608518
"species_1_hist_ice_extrap_only",-1.53579415283203,0.00317312823608518
"species_1_hist_ice_extrap_only",-1.26477165527344,0.00317312823608518
"species_1_hist_ice_extrap_only",-0.993749157714843,0.00317312823608518
"species_1_hist_ice_extrap_only",-0.722726660156249,0.00317312823608518
"species_1_hist_ice_extrap_only",-0.451704162597656,0.00317312823608518
"species_1_hist_ice_extrap_only",-0.180681665039062,0.00317312823608518
"species_1_hist_ice_extrap_only",0.0903408325195301,0.00326549937017262
"species_1_hist_ice_extrap_only",0.361363330078124,0.00355906179174781
"species_1_hist_ice_extrap_only",0.632385827636719,0.00387900928035378
"species_1_hist_ice_extrap_only",0.903408325195313,0.00422770204022527
"species_1_hist_ice_extrap_only",1.17443082275391,0.00460770959034562
"species_1_hist_ice_extrap_only",1.4454533203125,0.00502182636409998
"species_1_hist_ice_extrap_only",1.71647581787109,0.00547309406101704
"species_1_hist_ice_extrap_only",1.98749831542969,0.0059648179449141
"species_1_hist_ice_extrap_only",2.25852081298828,0.00650059338659048
"species_1_hist_ice_extrap_only",2.52954331054687,0.00708432635292411
"species_1_hist_ice_extrap_only",2.80056580810547,0.00772026088088751
"species_1_hist_ice_extrap_only",3.07158830566406,0.00841300655156374
"species_1_hist_ice_extrap_only",3.34261080322266,0.00916756503283978
"species_1_hist_ice_extrap_only",3.61363330078125,0.00998936593532562
"species_1_hist_ice_extrap_only",3.88465579833984,0.0108842942863703
"species_1_hist_ice_extrap_only",4.15567829589843,0.011858731508255
"species_1_hist_ice_extrap_only",4.42670079345703,0.0129195852205157
"species_1_hist_ice_extrap_only",4.69772329101562,0.0140743386000395
"species_1_hist_ice_extrap_only",4.96874578857422,0.0153310755267739
"species_1_hist_ice_extrap_only",5.23976828613281,0.0166985429823399
"species_1_hist_ice_extrap_only",5.5107907836914,0.0181861743330956
"species_1_hist_ice_extrap_only",5.78181328125,0.0198041498661041
"species_1_hist_ice_extrap_only",6.05283577880859,0.0215634442865849
"species_1_hist_ice_extrap_only",6.32385827636719,0.0234758518636227
"species_1_hist_ice_extrap_only",6.59488077392578,0.025554059073329
"species_1_hist_ice_extrap_only",6.86590327148437,0.0278116799890995
"species_1_hist_ice_extrap_only",7.13692576904296,0.0302632916718721
"species_1_hist_ice_extrap_only",7.40794826660156,0.0329244956374168
"species_1_hist_ice_extrap_only",7.67897076416015,0.0358119308948517
"species_1_hist_ice_extrap_only",7.94999326171875,0.0389433279633522
"species_1_hist_ice_extrap_only",8.22101575927734,0.0423375368118286
"species_1_hist_ice_extrap_only",8.49203825683593,0.0460145063698292
"species_1_hist_ice_extrap_only",8.76306075439453,0.0499953217804432
"species_1_hist_ice_extrap_only",9.03408325195312,0.0543022230267525
"species_1_hist_ice_extrap_only",9.30510574951171,0.0589585117995739
"species_1_hist_ice_extrap_only",9.57612824707031,0.0639885291457176
"species_1_hist_ice_extrap_only",9.8471507446289,0.0694176629185677
"species_1_hist_ice_extrap_only",10.1181732421875,0.0752721354365349
"species_1_hist_ice_extrap_only",10.3891957397461,0.0815789178013802
"species_1_hist_ice_extrap_only",10.6602182373047,0.0883656740188599
"species_1_hist_ice_extrap_only",10.9312407348633,0.095660388469696
"species_1_hist_ice_extrap_only",11.2022632324219,0.103491231799126
"species_1_hist_ice_extrap_only",11.4732857299805,0.111886322498322
"species_1_hist_ice_extrap_only",11.7443082275391,0.120873250067234
"species_1_hist_ice_extrap_only",12.0153307250976,0.130478784441948
"species_1_hist_ice_extrap_only",12.2863532226562,0.140728518366814
"species_1_hist_ice_extrap_only",12.5573757202148,0.151646226644516
"species_1_hist_ice_extrap_only",12.8283982177734,0.163253381848335
"species_1_hist_ice_extrap_only",13.099420715332,0.175568774342537
"species_1_hist_ice_extrap_only",13.3704432128906,0.1886076182127
"species_1_hist_ice_extrap_only",13.6414657104492,0.202381148934364
"species_1_hist_ice_extrap_only",13.9124882080078,0.21689584851265
"species_1_hist_ice_extrap_only",14.1835107055664,0.232153072953224
"species_1_hist_ice_extrap_only",14.454533203125,0.248148143291473
"species_1_hist_ice_extrap_only",14.7255557006836,0.250564724206924
"species_1_hist_ice_extrap_only",14.9965781982422,0.252978354692459
"species_1_hist_ice_extrap_only",15.2676006958008,0.255412042140961
"species_1_hist_ice_extrap_only",15.5386231933594,0.257865875959396
"species_1_hist_ice_extrap_only",15.809645690918,0.258544415235519
"species_1_hist_ice_extrap_only",16.0806681884766,0.258826702833176
"species_1_hist_ice_extrap_only",16.3516906860351,0.259113967418671
"species_1_hist_ice_extrap_only",16.6227131835937,0.259406268596649
"species_1_hist_ice_extrap_only",16.8937356811523,0.259703576564789
"species_1_hist_ice_extrap_only",17.1647581787109,0.260005950927734
"species_1_hist_ice_extrap_only",17.4357806762695,0.260313332080841
"species_1_hist_ice_extrap_only",17.7068031738281,0.260625779628754
"species_1_hist_ice_extrap_only",17.9778256713867,0.260943293571472
"species_1_hist_ice_extrap_only",18.2488481689453,0.261265903711319
"species_1_hist_ice_extrap_only",18.5198706665039,0.261593610048294
"species_1_hist_ice_extrap_only",18.7908931640625,0.261926382780075
"species_1_hist_ice_extrap_only",19.0619156616211,0.262264281511307
"species_1_hist_ice_extrap_only",19.3329381591797,0.262607336044312
"species_1_hist_ice_extrap_only",19.6039606567383,0.262955486774445
"species_1_hist_ice_extrap_only",19.8749831542969,0.263308823108673
"species_1_hist_ice_extrap_only",20.1460056518555,0.263667285442352
"species_1_hist_ice_extrap_only",20.417028149414,0.264030963182449
"species_1_hist_ice_extrap_only",20.6880506469726,0.264399796724319
"species_1_hist_ice_extrap_only",20.9590731445312,0.264773845672607
"species_1_hist_ice_extrap_only",21.2300956420898,0.265153110027313
"species_1_hist_ice_extrap_only",21.5011181396484,0.265537589788437
"species_1_hist_ice_extrap_only",21.772140637207,0.265927314758301
"species_1_hist_ice_extrap_only",22.0431631347656,0.266322284936905
"species_1_hist_ice_extrap_only",22.3141856323242,0.266722530126572
"species_1_hist_ice_extrap_only",22.5852081298828,0.267128050327301
"species_1_hist_ice_extrap_only",22.8562306274414,0.267538875341415
"species_1_hist_ice_extrap_only",23.127253125,0.267955005168915
"species_1_hist_ice_extrap_only",23.3982756225586,0.268376439809799
"species_1_hist_ice_extrap_only",23.6692981201172,0.268803238868713
"species_1_hist_ice_extrap_only",23.9403206176758,0.269235372543335
"species_1_hist_ice_extrap_only",24.2113431152344,0.269672870635986
"species_1_hist_ice_extrap_only",24.482365612793,0.27011576294899
"species_1_hist_ice_extrap_only",24.7533881103516,0.270564019680023
"species_1_hist_ice_extrap_only",25.0244106079101,0.271017730236053
"species_1_hist_ice_extrap_only",25.2954331054687,0.271476835012436
"species_1_hist_ice_extrap_only",25.5664556030273,0.271941393613815
"species_1_hist_ice_extrap_only",25.8374781005859,0.272411406040192
"species_1_hist_ice_extrap_only",26.1085005981445,0.272886902093887
"species_1_hist_ice_extrap_only",26.3795230957031,0.273367881774902
"species_1_hist_ice_extrap_only",26.6505455932617,0.273854345083237
"species_1_hist_ice_extrap_only",26.9215680908203,0.274346351623535
"species_1_hist_ice_extrap_only",27.1925905883789,0.274843871593475
"species_1_hist_ice_extrap_only",27.4636130859375,0.275346964597702
"species_1_hist_ice_extrap_only",27.7346355834961,0.275855630636215
"species_1_hist_ice_extrap_only",28.0056580810547,0.276369869709015
"species_1_hist_ice_extrap_only",28.2766805786133,0.276889711618423
"species_1_hist_ice_extrap_only",28.5477030761719,0.277415156364441
"species_1_hist_ice_extrap_only",28.8187255737305,0.277946263551712
"species_1_hist_ice_extrap_only",29.089748071289,0.278483003377914
"species_1_hist_ice_extrap_only",29.3607705688476,0.27902540564537
"species_1_hist_ice_extrap_only",29.6317930664062,0.279573500156403
"species_1_hist_ice_extrap_only",29.9028155639648,0.280127316713333
"species_1_hist_ice_extrap_only",30.1738380615234,0.280686855316162
"species_1_hist_ice_extrap_only",30.444860559082,0.28125211596489
"species_1_hist_ice_extrap_only",30.7158830566406,0.281823128461838
"species_1_hist_ice_extrap_only",30.9869055541992,0.282399922609329
"species_1_hist_ice_extrap_only",31.2579280517578,0.282982498407364
"species_1_hist_ice_extrap_only",31.5289505493164,0.283570885658264
"species_1_hist_ice_extrap_only",31.799973046875,0.284165114164352
"species_1_hist_ice_extrap_only",32.0709955444336,0.284765183925629
"species_1_hist_ice_extrap_only",32.3420180419922,0.285371124744415
"species_1_hist_ice_extrap_only",32.6130405395508,0.285982936620712
"species_1_hist_ice_extrap_only",32.8840630371094,0.286600649356842
"species_1_hist_ice_extrap_only",33.155085534668,0.287224292755127
"species_1_hist_ice_extrap_only",33.4261080322265,0.287853866815567
"species_1_hist_ice_extrap_only",33.6971305297851,0.288489401340485
"species_1_hist_ice_extrap_only",33.9681530273437,0.289130926132202
"species_1_hist_ice_extrap_only",34.2391755249023,0.289778411388397
"species_1_hist_ice_extrap_only",34.5101980224609,0.290431916713715
"species_1_hist_ice_extrap_only",34.7812205200195,0.291091471910477
"species_1_hist_ice_extrap_only",35.0522430175781,0.291757076978683
"species_1_hist_ice_extrap_only",35.3232655151367,0.292428761720657
"species_1_hist_ice_extrap_only",35.5942880126953,0.293106526136398
"species_1_hist_ice_extrap_only",35.8653105102539,0.293790370225906
"species_1_hist_ice_extrap_only",36.1363330078125,0.294480383396149
"species_1_hist_ice_extrap_only",36.4073555053711,0.295176535844803
"species_1_hist_ice_extrap_only",36.6783780029297,0.295878857374191
"species_1_hist_ice_extrap_only",36.9494005004883,0.296587347984314
"species_1_hist_ice_extrap_only",37.2204229980469,0.297302067279816
"species_1_hist_ice_extrap_only",37.4914454956055,0.298022985458374
"species_1_hist_ice_extrap_only",37.762467993164,0.298750191926956
"species_1_hist_ice_extrap_only",38.0334904907226,0.299483627080917
"species_1_hist_ice_extrap_only",38.3045129882812,0.300223380327225
"species_1_hist_ice_extrap_only",38.5755354858398,0.300969421863556
"species_1_hist_ice_extrap_only",38.8465579833984,0.301721781492233
"species_1_hist_ice_extrap_only",39.117580480957,0.302480489015579
"species_1_hist_ice_extrap_only",39.3886029785156,0.303245574235916
"species_1_hist_ice_extrap_only",39.6596254760742,0.304017037153244
"species_1_hist_ice_extrap_only",39.9306479736328,0.304794907569885
"species_1_hist_ice_extrap_only",40.2016704711914,0.305579215288162
"species_1_hist_ice_extrap_only",40.47269296875,0.306369960308075
"species_1_hist_ice_extrap_only",40.7437154663086,0.307167142629623
"species_1_hist_ice_extrap_only",41.0147379638672,0.307970821857452
"species_1_hist_ice_extrap_only",41.2857604614258,0.308781027793884
"species_1_hist_ice_extrap_only",41.5567829589843,0.309597760438919
"species_1_hist_ice_extrap_only",41.827805456543,0.310421019792557
"species_1_hist_ice_extrap_only",42.0988279541015,0.311250865459442
"species_1_hist_ice_extrap_only",42.3698504516601,0.312087297439575
"species_1_hist_ice_extrap_only",42.6408729492187,0.312930315732956
"species_1_hist_ice_extrap_only",42.9118954467773,0.313779950141907
"species_1_hist_ice_extrap_only",43.1829179443359,0.314636260271072
"species_1_hist_ice_extrap_only",43.4539404418945,0.31549921631813
"species_1_hist_ice_extrap_only",43.7249629394531,0.316368877887726
"species_1_hist_ice_extrap_only",43.9959854370117,0.317245244979858
"species_1_hist_ice_extrap_only",44.2670079345703,0.318128317594528
"species_1_hist_ice_extrap_only",44.5380304321289,0.319018125534058
"species_1_hist_ice_extrap_only",44.8090529296875,0.319914698600769
"species_1_hist_ice_extrap_only",45.0800754272461,0.320818096399307
"species_1_hist_ice_extrap_only",45.3510979248047,0.321728259325027
"species_1_hist_ice_extrap_only",45.6221204223633,0.322645276784897
"species_1_hist_ice_extrap_only",45.8931429199218,0.323569118976593
"species_1_hist_ice_extrap_only",46.1641654174804,0.324499815702438
"species_1_hist_ice_extrap_only",46.435187915039,0.325437396764755
"species_1_hist_ice_extrap_only",46.7062104125976,0.326381891965866
"species_1_hist_ice_extrap_only",46.9772329101562,0.327333301305771
"species_1_hist_ice_extrap_only",47.2482554077148,0.328291654586792
"species_1_hist_ice_extrap_only",47.5192779052734,0.329256951808929
"species_1_hist_ice_extrap_only",47.790300402832,0.330229222774506
"species_1_hist_ice_extrap_only",48.0613229003906,0.331208497285843
"species_1_hist_ice_extrap_only",48.3323453979492,0.332194775342941
"species_1_hist_ice_extrap_only",48.6033678955078,0.333188116550446
"species_1_hist_ice_extrap_only",48.8743903930664,0.334188491106033
"species_1_hist_ice_extrap_only",49.145412890625,0.335195928812027
"species_1_hist_ice_extrap_only",49.4164353881836,0.336210459470749
"species_1_hist_ice_extrap_only",49.6874578857422,0.337232083082199
"species_1_hist_ice_extrap_only",49.9584803833008,0.3382608294487
"species_1_hist_ice_extrap_only",50.2295028808594,0.339296728372574
"species_1_hist_ice_extrap_only",50.5005253784179,0.340339809656143
"species_1_hist_ice_extrap_only",50.7715478759765,0.341390013694763
"species_1_hist_ice_extrap_only",51.0425703735351,0.342447459697723
"species_1_hist_ice_extrap_only",51.3135928710937,0.343512058258057
"species_1_hist_ice_extrap_only",51.5846153686523,0.344583928585052
"species_1_hist_ice_extrap_only",51.8556378662109,0.345663040876388
"species_1_hist_ice_extrap_only",52.1266603637695,0.346749395132065
"species_1_hist_ice_extrap_only",52.3976828613281,0.347843021154404
"species_1_hist_ice_extrap_only",52.6687053588867,0.348943948745728
"species_1_hist_ice_extrap_only",52.9397278564453,0.350052177906036
"species_1_hist_ice_extrap_only",53.2107503540039,0.351167738437653
"species_1_hist_ice_extrap_only",53.4817728515625,0.352290630340576
"species_1_hist_ice_extrap_only",53.7527953491211,0.353420853614807
"species_1_hist_ice_extrap_only",54.0238178466797,0.35455846786499
"species_1_hist_ice_extrap_only",54.2948403442383,0.355703473091125
"species_1_hist_ice_extrap_only",54.5658628417968,0.35685583949089
"species_1_hist_ice_extrap_only",54.8368853393554,0.35801562666893
"species_1_hist_ice_extrap_only",55.107907836914,0.359182834625244
"species_1_hist_ice_extrap_only",55.3789303344726,0.360357493162155
"species_1_hist_ice_extrap_only",55.6499528320312,0.361539602279663
"species_1_hist_ice_extrap_only",55.9209753295898,0.362729161977768
"species_1_hist_ice_extrap_only",56.1919978271484,0.363926202058792
"species_1_hist_ice_extrap_only",56.463020324707,0.365130722522736
"species_1_hist_ice_extrap_only",56.7340428222656,0.366342753171921
"species_1_hist_ice_extrap_only",57.0050653198242,0.367562294006348
"species_1_hist_ice_extrap_only",57.2760878173828,0.368789345026016
"species_1_hist_ice_extrap_only",57.5471103149414,0.370023936033249
"species_1_hist_ice_extrap_only",57.8181328125,0.371266067028046
"species_1_hist_ice_extrap_only",58.0891553100586,0.372515738010406
"species_1_hist_ice_extrap_only",58.3601778076171,0.373772978782654
"species_1_hist_ice_extrap_only",58.6312003051758,0.375037789344788
"species_1_hist_ice_extrap_only",58.9022228027343,0.376310169696808
"species_1_hist_ice_extrap_only",59.173245300293,0.377590179443359
"species_1_hist_ice_extrap_only",59.4442677978515,0.378877758979797
"species_1_hist_ice_extrap_only",59.7152902954101,0.380172938108444
"species_1_hist_ice_extrap_only",59.9863127929687,0.381475746631622
"species_1_hist_ice_extrap_only",60.2573352905273,0.382786154747009
"species_1_hist_ice_extrap_only",60.5283577880859,0.384104192256927
"species_1_hist_ice_extrap_only",60.7993802856445,0.385429859161377
"species_1_hist_ice_extrap_only",61.0704027832031,0.386763155460358
"species_1_hist_ice_extrap_only",61.3414252807617,0.388104110956192
"species_1_hist_ice_extrap_only",61.6124477783203,0.389452695846558
"species_1_hist_ice_extrap_only",61.8834702758789,0.390808939933777
"species_1_hist_ice_extrap_only",62.1544927734375,0.39217284321785
"species_1_hist_ice_extrap_only",62.4255152709961,0.393544375896454
"species_1_hist_ice_extrap_only",62.6965377685547,0.394923597574234
"species_1_hist_ice_extrap_only",62.9675602661133,0.396310478448868
"species_1_hist_ice_extrap_only",63.2385827636718,0.397705018520355
"species_1_hist_ice_extrap_only",63.5096052612304,0.399107217788696
"species_1_hist_ice_extrap_only",63.780627758789,0.400517076253891
"species_1_hist_ice_extrap_only",64.0516502563476,0.401934593915939
"species_1_hist_ice_extrap_only",64.3226727539062,0.403359770774841
"species_1_hist_ice_extrap_only",64.5936952514648,0.404792636632919
"species_1_hist_ice_extrap_only",64.8647177490234,0.406233102083206
"species_1_hist_ice_extrap_only",65.135740246582,0.407681286334991
"species_1_hist_ice_extrap_only",65.4067627441406,0.409137099981308
"species_1_hist_ice_extrap_only",65.6777852416992,0.410600572824478
"species_1_hist_ice_extrap_only",65.9488077392578,0.41207167506218
"species_1_hist_ice_extrap_only",66.2198302368164,0.413550466299057
"species_1_hist_ice_extrap_only",66.490852734375,0.415036827325821
"species_1_hist_ice_extrap_only",66.7618752319336,0.416530847549438
"species_1_hist_ice_extrap_only",67.0328977294921,0.418032467365265
"species_1_hist_ice_extrap_only",67.3039202270507,0.419541716575623
"species_1_hist_ice_extrap_only",67.5749427246093,0.421058595180511
"species_1_hist_ice_extrap_only",67.8459652221679,0.422583013772964
"species_1_hist_ice_extrap_only",68.1169877197265,0.424115091562271
"species_1_hist_ice_extrap_only",68.3880102172851,0.425654679536819
"species_1_hist_ice_extrap_only",68.6590327148437,0.427201867103577
"species_1_hist_ice_extrap_only",68.9300552124023,0.428756594657898
"species_1_hist_ice_extrap_only",69.2010777099609,0.430318892002106
"species_1_hist_ice_extrap_only",69.4721002075195,0.431888669729233
"species_1_hist_ice_extrap_only",69.7431227050781,0.433466017246246
"species_1_hist_ice_extrap_only",70.0141452026367,0.435050815343857
"species_1_hist_ice_extrap_only",70.2851677001953,0.436643123626709
"species_1_hist_ice_extrap_only",70.5561901977539,0.438242882490158
"species_1_hist_ice_extrap_only",70.8272126953125,0.439850062131882
"species_1_hist_ice_extrap_only",71.0982351928711,0.441464751958847
"species_1_hist_ice_extrap_only",71.3692576904296,0.44308677315712
"species_1_hist_ice_extrap_only",71.6402801879883,0.444716244935989
"species_1_hist_ice_extrap_only",71.9113026855468,0.446353048086166
"species_1_hist_ice_extrap_only",72.1823251831054,0.447997242212296
"species_1_hist_ice_extrap_only",72.453347680664,0.44964873790741
"species_1_hist_ice_extrap_only",72.7243701782226,0.451307564973831
"species_1_hist_ice_extrap_only",72.9953926757812,0.452973634004593
"species_1_hist_ice_extrap_only",73.2664151733398,0.45464700460434
"species_1_hist_ice_extrap_only",73.5374376708984,0.456327557563782
"species_1_hist_ice_extrap_only",73.808460168457,0.458015322685242
"species_1_hist_ice_extrap_only",74.0794826660156,0.459710329771042
"species_1_hist_ice_extrap_only",74.3505051635742,0.46141242980957
"species_1_hist_ice_extrap_only",74.6215276611328,0.463121682405472
"species_1_hist_ice_extrap_only",74.8925501586914,0.464837968349457
"species_1_hist_ice_extrap_only",75.16357265625,0.466582387685776
"species_1_hist_ice_extrap_only",75.4345951538086,0.469155848026276
"species_1_hist_ice_extrap_only",75.7056176513671,0.47177729010582
"species_1_hist_ice_extrap_only",75.9766401489258,0.474406480789185
"species_1_hist_ice_extrap_only",76.2476626464843,0.477043390274048
"species_1_hist_ice_extrap_only",76.5186851440429,0.479687750339508
"species_1_hist_ice_extrap_only",76.7897076416015,0.482791095972061
"species_1_hist_ice_extrap_only",77.0607301391601,0.486880600452423
"species_1_hist_ice_extrap_only",77.3317526367187,0.493004351854324
"species_1_hist_ice_extrap_only",77.6027751342773,0.501192152500153
"species_1_hist_ice_extrap_only",77.8737976318359,0.509498536586761
"species_1_hist_ice_extrap_only",78.1448201293945,0.517806172370911
"species_1_hist_ice_extrap_only",78.4158426269531,0.526109993457794
"species_1_hist_ice_extrap_only",78.6868651245117,0.534405887126923
"species_1_hist_ice_extrap_only",78.9578876220703,0.542688727378845
"species_1_hist_ice_extrap_only",79.2289101196289,0.550954461097717
"species_1_hist_ice_extrap_only",79.4999326171875,0.559198081493378
"species_1_hist_ice_extrap_only",79.770955114746,0.567415535449982
"species_1_hist_ice_extrap_only",80.0419776123046,0.575601994991302
"species_1_hist_ice_extrap_only",80.3130001098632,0.58375346660614
"species_1_hist_ice_extrap_only",80.5840226074218,0.591865181922913
"species_1_hist_ice_extrap_only",80.8550451049804,0.599933207035065
"species_1_hist_ice_extrap_only",81.126067602539,0.607953548431396
"species_1_hist_ice_extrap_only",81.3970901000976,0.61592173576355
"species_1_hist_ice_extrap_only",81.6681125976562,0.623834311962128
"species_1_hist_ice_extrap_only",81.9391350952148,0.631686925888062
"species_1_hist_ice_extrap_only",82.2101575927734,0.639476299285889
"species_1_hist_ice_extrap_only",82.481180090332,0.647198498249054
"species_1_hist_ice_extrap_only",82.7522025878906,0.654850423336029
"species_1_hist_ice_extrap_only",83.0232250854492,0.662428319454193
"species_1_hist_ice_extrap_only",83.2942475830078,0.669929444789886
"species_1_hist_ice_extrap_only",83.5652700805664,0.677350342273712
"species_1_hist_ice_extrap_only",83.836292578125,0.684688568115234
"species_1_hist_ice_extrap_only",84.1073150756836,0.691940903663635
"species_1_hist_ice_extrap_only",84.3783375732421,0.699104964733124
"species_1_hist_ice_extrap_only",84.6493600708007,0.706178605556488
"species_1_hist_ice_extrap_only",84.9203825683593,0.713159084320068
"species_1_hist_ice_extrap_only",85.1914050659179,0.720044732093811
"species_1_hist_ice_extrap_only",85.4624275634765,0.726833164691925
"species_1_hist_ice_extrap_only",85.7334500610351,0.733522951602936
"species_1_hist_ice_extrap_only",86.0044725585937,0.74011218547821
"species_1_hist_ice_extrap_only",86.2754950561523,0.746599614620209
"species_1_hist_ice_extrap_only",86.5465175537109,0.752983689308167
"species_1_hist_ice_extrap_only",86.8175400512695,0.759263515472412
"species_1_hist_ice_extrap_only",87.0885625488281,0.765437722206116
"species_1_hist_ice_extrap_only",87.3595850463867,0.771505832672119
"species_1_hist_ice_extrap_only",87.6306075439453,0.777466773986816
"species_1_hist_ice_extrap_only",87.9016300415039,0.783320128917694
"species_1_hist_ice_extrap_only",88.1726525390625,0.789065599441528
"species_1_hist_ice_extrap_only",88.4436750366211,0.794702589511871
"species_1_hist_ice_extrap_only",88.7146975341796,0.800231218338013
"species_1_hist_ice_extrap_only",88.9857200317382,0.805651128292084
"species_1_hist_ice_extrap_only",89.2567425292968,0.810962736606598
"species_1_hist_ice_extrap_only",89.5277650268554,0.816165924072266
"species_1_hist_ice_extrap_only",89.798787524414,0.82126122713089
"species_1_hist_ice_extrap_only",90.0698100219726,0.82624888420105
"species_1_hist_ice_extrap_only",90.3408325195312,0.831129550933838
"species_1_hist_ice_extrap_only",90.6118550170898,0.835903704166412
"species_1_hist_ice_extrap_only",90.8828775146484,0.840572237968445
"species_1_hist_ice_extrap_only",91.153900012207,0.845135748386383
"species_1_hist_ice_extrap_only",91.4249225097656,0.849595189094543
"species_1_hist_ice_extrap_only",91.6959450073242,0.853951632976532
"species_1_hist_ice_extrap_only",91.9669675048828,0.858205854892731
"species_1_hist_ice_extrap_only",92.2379900024414,0.86235922574997
"species_1_hist_ice_extrap_only",92.5090125,0.866412699222565
"species_1_hist_ice_extrap_only",92.7800349975585,0.870367646217346
"species_1_hist_ice_extrap_only",93.0510574951171,0.87422513961792
"species_1_hist_ice_extrap_only",93.3220799926757,0.87798672914505
"species_1_hist_ice_extrap_only",93.5931024902343,0.881653547286987
"species_1_hist_ice_extrap_only",93.8641249877929,0.885227262973785
"species_1_hist_ice_extrap_only",94.1351474853515,0.888709008693695
"species_1_hist_ice_extrap_only",94.4061699829101,0.89210057258606
"species_1_hist_ice_extrap_only",94.6771924804687,0.895403146743774
"species_1_hist_ice_extrap_only",94.9482149780273,0.898618400096893
"species_1_hist_ice_extrap_only",95.2192374755859,0.901747941970825
"species_1_hist_ice_extrap_only",95.4902599731445,0.90479326248169
"species_1_hist_ice_extrap_only",95.7612824707031,0.907755970954895
"species_1_hist_ice_extrap_only",96.0323049682617,0.910637557506561
"species_1_hist_ice_extrap_only",96.3033274658203,0.913439750671387
"species_1_hist_ice_extrap_only",96.5743499633788,0.916164040565491
"species_1_hist_ice_extrap_only",96.8453724609374,0.918812155723572
"species_1_hist_ice_extrap_only",97.116394958496,0.921385526657104
"species_1_hist_ice_extrap_only",97.3874174560546,0.923885881900787
"species_1_hist_ice_extrap_only",97.6584399536132,0.926314771175384
"species_1_hist_ice_extrap_only",97.9294624511718,0.928673803806305
"species_1_hist_ice_extrap_only",98.2004849487304,0.930964529514313
"species_1_hist_ice_extrap_only",98.471507446289,0.933188498020172
"species_1_hist_ice_extrap_only",98.7425299438476,0.935347437858582
"species_1_hist_ice_extrap_only",99.0135524414062,0.937442660331726
"species_1_hist_ice_extrap_only",99.2845749389648,0.939475834369659
"species_1_hist_ice_extrap_only",99.5555974365234,0.941448390483856
"species_1_hist_ice_extrap_only",99.826619934082,0.943361937999725
"species_1_hist_ice_extrap_only",100.097642431641,0.945217847824097
"species_1_hist_ice_extrap_only",100.368664929199,0.94701761007309
"species_1_hist_ice_extrap_only",100.639687426758,0.948762655258179
"species_1_hist_ice_extrap_only",100.910709924316,0.950454473495483
"species_1_hist_ice_extrap_only",101.181732421875,0.952094316482544
"species_1_hist_ice_extrap_only",101.452754919434,0.953683614730835
"species_1_hist_ice_extrap_only",101.723777416992,0.955223798751831
"species_1_hist_ice_extrap_only",101.994799914551,0.956716120243072
"species_1_hist_ice_extrap_only",102.265822412109,0.958161890506744
"species_1_hist_ice_extrap_only",102.536844909668,0.959562361240387
"species_1_hist_ice_extrap_only",102.807867407227,0.960918843746185
"species_1_hist_ice_extrap_only",103.078889904785,0.96223247051239
"species_1_hist_ice_extrap_only",103.349912402344,0.963504552841186
"species_1_hist_ice_extrap_only",103.620934899902,0.96473616361618
"species_1_hist_ice_extrap_only",103.891957397461,0.965928494930267
"species_1_hist_ice_extrap_only",104.162979895019,0.967082679271698
"species_1_hist_ice_extrap_only",104.434002392578,0.968199908733368
"species_1_hist_ice_extrap_only",104.705024890137,0.969281077384949
"species_1_hist_ice_extrap_only",104.976047387695,0.970327377319336
"species_1_hist_ice_extrap_only",105.247069885254,0.971339762210846
"species_1_hist_ice_extrap_only",105.518092382812,0.972319304943085
"species_1_hist_ice_extrap_only",105.789114880371,0.973266899585724
"species_1_hist_ice_extrap_only",106.06013737793,0.974183559417725
"species_1_hist_ice_extrap_only",106.331159875488,0.975070238113403
"species_1_hist_ice_extrap_only",106.602182373047,0.975927770137787
"species_1_hist_ice_extrap_only",106.873204870605,0.976757049560547
"species_1_hist_ice_extrap_only",107.144227368164,0.977559030056
"species_1_hist_ice_extrap_only",107.415249865723,0.978334426879883
"species_1_hist_ice_extrap_only",107.686272363281,0.979084134101868
"species_1_hist_ice_extrap_only",107.95729486084,0.979808926582336
"species_1_hist_ice_extrap_only",108.228317358398,0.980509579181671
"species_1_hist_ice_extrap_only",108.499339855957,0.981186866760254
"species_1_hist_ice_extrap_only",108.770362353516,0.981841504573822
"species_1_hist_ice_extrap_only",109.041384851074,0.982474148273468
"species_1_hist_ice_extrap_only",109.312407348633,0.983085632324219
"species_1_hist_ice_extrap_only",109.583429846191,0.983676493167877
"species_1_hist_ice_extrap_only",109.85445234375,0.984247386455536
"species_1_hist_ice_extrap_only",110.125474841309,0.984799087047577
"species_1_hist_ice_extrap_only",110.396497338867,0.985332071781158
"species_1_hist_ice_extrap_only",110.667519836426,0.985846936702728
"species_1_hist_ice_extrap_only",110.938542333984,0.986344397068024
"species_1_hist_ice_extrap_only",111.209564831543,0.986824870109558
"species_1_hist_ice_extrap_only",111.480587329102,0.987289011478424
"species_1_hist_ice_extrap_only",111.75160982666,0.98773729801178
"species_1_hist_ice_extrap_only",112.022632324219,0.988170206546783
"species_1_hist_ice_extrap_only",112.293654821777,0.988588392734528
"species_1_hist_ice_extrap_only",112.564677319336,0.988992154598236
"species_1_hist_ice_extrap_only",112.835699816894,0.989382088184357
"species_1_hist_ice_extrap_only",113.106722314453,0.989509046077728
"species_1_hist_ice_extrap_only",113.377744812012,0.989509046077728
"species_1_hist_ice_extrap_only",113.64876730957,0.989509046077728
"species_1_hist_ice_extrap_only",113.919789807129,0.989509046077728
"species_1_hist_ice_extrap_only",114.190812304687,0.989509046077728
"species_1_hist_ice_extrap_only",114.461834802246,0.989509046077728
"species_1_hist_ice_extrap_only",114.732857299805,0.989509046077728
"species_1_hist_ice_extrap_only",115.003879797363,0.989509046077728
"species_1_hist_ice_extrap_only",115.274902294922,0.989509046077728
"species_1_hist_ice_extrap_only",115.54592479248,0.989509046077728
"species_1_hist_ice_extrap_only",115.816947290039,0.989509046077728
"species_1_hist_ice_extrap_only",116.087969787598,0.989509046077728
"species_1_hist_ice_extrap_only",116.358992285156,0.989509046077728
"species_1_hist_ice_extrap_only",116.630014782715,0.989509046077728
"species_1_hist_ice_extrap_only",116.901037280273,0.989509046077728
"species_1_hist_ice_extrap_only",117.172059777832,0.989509046077728
"species_1_hist_ice_extrap_only",117.443082275391,0.989509046077728
"species_1_hist_ice_extrap_only",117.714104772949,0.989509046077728
"species_1_hist_ice_extrap_only",117.985127270508,0.989509046077728
"species_1_hist_ice_extrap_only",118.256149768066,0.989509046077728
"species_1_hist_ice_extrap_only",118.527172265625,0.989509046077728
"species_1_hist_ice_extrap_only",118.798194763184,0.989509046077728
"species_1_hist_ice_extrap_only",119.069217260742,0.989509046077728
"species_1_hist_ice_extrap_only",119.340239758301,0.989509046077728
"species_1_hist_ice_extrap_only",119.611262255859,0.989509046077728
"species_1_hist_ice_extrap_only",119.882284753418,0.989509046077728
"species_1_hist_ice_extrap_only",120.153307250976,0.989509046077728
"species_1_hist_ice_extrap_only",120.424329748535,0.989509046077728
"species_1_hist_ice_extrap_only",120.695352246094,0.989509046077728
"species_1_hist_ice_extrap_only",120.966374743652,0.989509046077728
"species_1_hist_ice_extrap_only",121.237397241211,0.989509046077728
"species_1_hist_ice_extrap_only",121.508419738769,0.989509046077728
"species_1_hist_ice_extrap_only",121.779442236328,0.989509046077728
"species_1_hist_ice_extrap_only",122.050464733887,0.989509046077728
"species_1_hist_ice_extrap_only",122.321487231445,0.989509046077728
"species_1_hist_ice_extrap_only",122.592509729004,0.989509046077728
"species_1_hist_ice_extrap_only",122.863532226562,0.989509046077728
"species_1_hist_ice_extrap_only",123.134554724121,0.989509046077728
"species_1_hist_ice_extrap_only",123.40557722168,0.989509046077728
"species_1_hist_ice_extrap_only",123.676599719238,0.989509046077728
"species_1_hist_ice_extrap_only",123.947622216797,0.989509046077728
"species_1_hist_ice_extrap_only",124.218644714355,0.989509046077728
"species_1_hist_ice_extrap",-11.2926040649414,0.722754716873169
"species_1_hist_ice_extrap",-11.0215815673828,0.722754716873169
"species_1_hist_ice_extrap",-10.7505590698242,0.722754716873169
"species_1_hist_ice_extrap",-10.4795365722656,0.722754716873169
"species_1_hist_ice_extrap",-10.208514074707,0.722754716873169
"species_1_hist_ice_extrap",-9.93749157714843,0.722754716873169
"species_1_hist_ice_extrap",-9.66646907958984,0.722754716873169
"species_1_hist_ice_extrap",-9.39544658203124,0.722754716873169
"species_1_hist_ice_extrap",-9.12442408447265,0.722754716873169
"species_1_hist_ice_extrap",-8.85340158691406,0.722754716873169
"species_1_hist_ice_extrap",-8.58237908935546,0.722754716873169
"species_1_hist_ice_extrap",-8.31135659179687,0.722754716873169
"species_1_hist_ice_extrap",-8.04033409423828,0.722754716873169
"species_1_hist_ice_extrap",-7.76931159667968,0.722754716873169
"species_1_hist_ice_extrap",-7.49828909912109,0.722754716873169
"species_1_hist_ice_extrap",-7.2272666015625,0.722754716873169
"species_1_hist_ice_extrap",-6.9562441040039,0.722754716873169
"species_1_hist_ice_extrap",-6.68522160644531,0.722754716873169
"species_1_hist_ice_extrap",-6.41419910888672,0.722754716873169
"species_1_hist_ice_extrap",-6.14317661132812,0.722754716873169
"species_1_hist_ice_extrap",-5.87215411376953,0.722754716873169
"species_1_hist_ice_extrap",-5.60113161621094,0.722754716873169
"species_1_hist_ice_extrap",-5.33010911865234,0.722754716873169
"species_1_hist_ice_extrap",-5.05908662109375,0.722754716873169
"species_1_hist_ice_extrap",-4.78806412353515,0.722754716873169
"species_1_hist_ice_extrap",-4.51704162597656,0.722754716873169
"species_1_hist_ice_extrap",-4.24601912841797,0.722754716873169
"species_1_hist_ice_extrap",-3.97499663085937,0.722754716873169
"species_1_hist_ice_extrap",-3.70397413330078,0.722754716873169
"species_1_hist_ice_extrap",-3.43295163574219,0.722754716873169
"species_1_hist_ice_extrap",-3.16192913818359,0.722754716873169
"species_1_hist_ice_extrap",-2.890906640625,0.722754716873169
"species_1_hist_ice_extrap",-2.61988414306641,0.722754716873169
"species_1_hist_ice_extrap",-2.34886164550781,0.722754716873169
"species_1_hist_ice_extrap",-2.07783914794922,0.722754716873169
"species_1_hist_ice_extrap",-1.80681665039062,0.722754716873169
"species_1_hist_ice_extrap",-1.53579415283203,0.722754716873169
"species_1_hist_ice_extrap",-1.26477165527344,0.722754716873169
"species_1_hist_ice_extrap",-0.993749157714843,0.722754716873169
"species_1_hist_ice_extrap",-0.722726660156249,0.722754716873169
"species_1_hist_ice_extrap",-0.451704162597656,0.722754716873169
"species_1_hist_ice_extrap",-0.180681665039062,0.722754716873169
"species_1_hist_ice_extrap",0.0903408325195301,0.721609532833099
"species_1_hist_ice_extrap",0.361363330078124,0.718158304691315
"species_1_hist_ice_extrap",0.632385827636719,0.714683592319489
"species_1_hist_ice_extrap",0.903408325195313,0.711185693740845
"species_1_hist_ice_extrap",1.17443082275391,0.707664966583252
"species_1_hist_ice_extrap",1.4454533203125,0.704121708869934
"species_1_hist_ice_extrap",1.71647581787109,0.700556099414825
"species_1_hist_ice_extrap",1.98749831542969,0.69696855545044
"species_1_hist_ice_extrap",2.25852081298828,0.693359375
"species_1_hist_ice_extrap",2.52954331054687,0.689728915691376
"species_1_hist_ice_extrap",2.80056580810547,0.686077535152435
"species_1_hist_ice_extrap",3.07158830566406,0.682405471801758
"species_1_hist_ice_extrap",3.34261080322266,0.678713262081146
"species_1_hist_ice_extrap",3.61363330078125,0.67500114440918
"species_1_hist_ice_extrap",3.88465579833984,0.671269536018372
"species_1_hist_ice_extrap",4.15567829589843,0.667518854141235
"species_1_hist_ice_extrap",4.42670079345703,0.66374945640564
"species_1_hist_ice_extrap",4.69772329101562,0.659961760044098
"species_1_hist_ice_extrap",4.96874578857422,0.656156241893768
"species_1_hist_ice_extrap",5.23976828613281,0.65233325958252
"species_1_hist_ice_extrap",5.5107907836914,0.648493230342865
"species_1_hist_ice_extrap",5.78181328125,0.644636631011963
"species_1_hist_ice_extrap",6.05283577880859,0.640763938426971
"species_1_hist_ice_extrap",6.32385827636719,0.636875569820404
"species_1_hist_ice_extrap",6.59488077392578,0.632972002029419
"species_1_hist_ice_extrap",6.86590327148437,0.62905365228653
"species_1_hist_ice_extrap",7.13692576904296,0.625121057033539
"species_1_hist_ice_extrap",7.40794826660156,0.621174693107605
"species_1_hist_ice_extrap",7.67897076416015,0.617215037345886
"species_1_hist_ice_extrap",7.94999326171875,0.613242626190186
"species_1_hist_ice_extrap",8.22101575927734,0.609257876873016
"species_1_hist_ice_extrap",8.49203825683593,0.605261385440826
"species_1_hist_ice_extrap",8.76306075439453,0.601253628730774
"species_1_hist_ice_extrap",9.03408325195312,0.597235143184662
"species_1_hist_ice_extrap",9.30510574951171,0.593206405639648
"species_1_hist_ice_extrap",9.57612824707031,0.589167952537537
"species_1_hist_ice_extrap",9.8471507446289,0.585120379924774
"species_1_hist_ice_extrap",10.1181732421875,0.581064224243164
"species_1_hist_ice_extrap",10.3891957397461,0.576999962329865
"species_1_hist_ice_extrap",10.6602182373047,0.572928130626678
"species_1_hist_ice_extrap",10.9312407348633,0.568849384784698
"species_1_hist_ice_extrap",11.2022632324219,0.564764201641083
"species_1_hist_ice_extrap",11.4732857299805,0.560673117637634
"species_1_hist_ice_extrap",11.7443082275391,0.556576728820801
"species_1_hist_ice_extrap",12.0153307250976,0.552475571632385
"species_1_hist_ice_extrap",12.2863532226562,0.548370182514191
"species_1_hist_ice_extrap",12.5573757202148,0.54426121711731
"species_1_hist_ice_extrap",12.8283982177734,0.5401491522789
"species_1_hist_ice_extrap",13.099420715332,0.53603458404541
"species_1_hist_ice_extrap",13.3704432128906,0.531918108463287
"species_1_hist_ice_extrap",13.6414657104492,0.52780020236969
"species_1_hist_ice_extrap",13.9124882080078,0.52368152141571
"species_1_hist_ice_extrap",14.1835107055664,0.519562602043152
"species_1_hist_ice_extrap",14.454533203125,0.515443980693817
"species_1_hist_ice_extrap",14.7255557006836,0.511326253414154
"species_1_hist_ice_extrap",14.9965781982422,0.507209956645966
"species_1_hist_ice_extrap",15.2676006958008,0.503095686435699
"species_1_hist_ice_extrap",15.5386231933594,0.498983979225159
"species_1_hist_ice_extrap",15.809645690918,0.494875371456146
"species_1_hist_ice_extrap",16.0806681884766,0.49077045917511
"species_1_hist_ice_extrap",16.3516906860351,0.48666974902153
"species_1_hist_ice_extrap",16.6227131835937,0.482573807239532
"species_1_hist_ice_extrap",16.8937356811523,0.478483200073242
"species_1_hist_ice_extrap",17.1647581787109,0.47439843416214
"species_1_hist_ice_extrap",17.4357806762695,0.470320075750351
"species_1_hist_ice_extrap",17.7068031738281,0.466248661279678
"species_1_hist_ice_extrap",17.9778256713867,0.462184697389603
"species_1_hist_ice_extrap",18.2488481689453,0.458128690719604
"species_1_hist_ice_extrap",18.5198706665039,0.454081207513809
"species_1_hist_ice_extrap",18.7908931640625,0.450042724609375
"species_1_hist_ice_extrap",19.0619156616211,0.446013778448105
"species_1_hist_ice_extrap",19.3329381591797,0.441994875669479
"species_1_hist_ice_extrap",19.6039606567383,0.437986433506012
"species_1_hist_ice_extrap",19.8749831542969,0.43398904800415
"species_1_hist_ice_extrap",20.1460056518555,0.430003136396408
"species_1_hist_ice_extrap",20.417028149414,0.426029175519943
"species_1_hist_ice_extrap",20.6880506469726,0.422067672014237
"species_1_hist_ice_extrap",20.9590731445312,0.418119102716446
"species_1_hist_ice_extrap",21.2300956420898,0.414183884859085
"species_1_hist_ice_extrap",21.5011181396484,0.41026246547699
"species_1_hist_ice_extrap",21.772140637207,0.406355291604996
"species_1_hist_ice_extrap",22.0431631347656,0.402462810277939
"species_1_hist_ice_extrap",22.3141856323242,0.398585438728333
"species_1_hist_ice_extrap",22.5852081298828,0.39472359418869
"species_1_hist_ice_extrap",22.8562306274414,0.390877723693848
"species_1_hist_ice_extrap",23.127253125,0.387048155069351
"species_1_hist_ice_extrap",23.3982756225586,0.383235335350037
"species_1_hist_ice_extrap",23.6692981201172,0.379439622163773
"species_1_hist_ice_extrap",23.9403206176758,0.37566140294075
"species_1_hist_ice_extrap",24.2113431152344,0.37190106511116
"species_1_hist_ice_extrap",24.482365612793,0.368158936500549
"species_1_hist_ice_extrap",24.7533881103516,0.364435404539108
"species_1_hist_ice_extrap",25.0244106079101,0.360730737447739
"species_1_hist_ice_extrap",25.2954331054687,0.357045322656631
"species_1_hist_ice_extrap",25.5664556030273,0.353379487991333
"species_1_hist_ice_extrap",25.8374781005859,0.349733531475067
"species_1_hist_ice_extrap",26.1085005981445,0.346107751131058
"species_1_hist_ice_extrap",26.3795230957031,0.342502444982529
"species_1_hist_ice_extrap",26.6505455932617,0.338917911052704
"species_1_hist_ice_extrap",26.9215680908203,0.335354417562485
"species_1_hist_ice_extrap",27.1925905883789,0.331812232732773
"species_1_hist_ice_extrap",27.4636130859375,0.328291594982147
"species_1_hist_ice_extrap",27.7346355834961,0.324792772531509
"species_1_hist_ice_extrap",28.0056580810547,0.321316033601761
"species_1_hist_ice_extrap",28.2766805786133,0.317861557006836
"species_1_hist_ice_extrap",28.5477030761719,0.314429581165314
"species_1_hist_ice_extrap",28.8187255737305,0.311774045228958
"species_1_hist_ice_extrap",29.089748071289,0.309670686721802
"species_1_hist_ice_extrap",29.3607705688476,0.307726681232452
"species_1_hist_ice_extrap",29.6317930664062,0.306048661470413
"species_1_hist_ice_extrap",29.9028155639648,0.305246651172638
"species_1_hist_ice_extrap",30.1738380615234,0.305527150630951
"species_1_hist_ice_extrap",30.444860559082,0.305810332298279
"species_1_hist_ice_extrap",30.7158830566406,0.306096225976944
"species_1_hist_ice_extrap",30.9869055541992,0.306384772062302
"species_1_hist_ice_extrap",31.2579280517578,0.306676000356674
"species_1_hist_ice_extrap",31.5289505493164,0.306969940662384
"species_1_hist_ice_extrap",31.799973046875,0.307266563177109
"species_1_hist_ice_extrap",32.0709955444336,0.307565897703171
"species_1_hist_ice_extrap",32.3420180419922,0.30786794424057
"species_1_hist_ice_extrap",32.6130405395508,0.308172702789307
"species_1_hist_ice_extrap",32.8840630371094,0.308480143547058
"species_1_hist_ice_extrap",33.155085534668,0.308790326118469
"species_1_hist_ice_extrap",33.4261080322265,0.309103220701218
"species_1_hist_ice_extrap",33.6971305297851,0.309418827295303
"species_1_hist_ice_extrap",33.9681530273437,0.309737175703049
"species_1_hist_ice_extrap",34.2391755249023,0.310058265924454
"species_1_hist_ice_extrap",34.5101980224609,0.310382068157196
"species_1_hist_ice_extrap",34.7812205200195,0.31070864200592
"species_1_hist_ice_extrap",35.0522430175781,0.311037927865982
"species_1_hist_ice_extrap",35.3232655151367,0.311369985342026
"species_1_hist_ice_extrap",35.5942880126953,0.311704814434052
"species_1_hist_ice_extrap",35.8653105102539,0.312042355537414
"species_1_hist_ice_extrap",36.1363330078125,0.312382698059082
"species_1_hist_ice_extrap",36.4073555053711,0.312725782394409
"species_1_hist_ice_extrap",36.6783780029297,0.313071668148041
"species_1_hist_ice_extrap",36.9494005004883,0.313420295715332
"species_1_hist_ice_extrap",37.2204229980469,0.313771724700928
"species_1_hist_ice_extrap",37.4914454956055,0.314125925302505
"species_1_hist_ice_extrap",37.762467993164,0.314482927322388
"species_1_hist_ice_extrap",38.0334904907226,0.314842700958252
"species_1_hist_ice_extrap",38.3045129882812,0.315205305814743
"species_1_hist_ice_extrap",38.5755354858398,0.315570682287216
"species_1_hist_ice_extrap",38.8465579833984,0.315938889980316
"species_1_hist_ice_extrap",39.117580480957,0.316309869289398
"species_1_hist_ice_extrap",39.3886029785156,0.316683709621429
"species_1_hist_ice_extrap",39.6596254760742,0.317060351371765
"species_1_hist_ice_extrap",39.9306479736328,0.317439824342728
"species_1_hist_ice_extrap",40.2016704711914,0.317822098731995
"species_1_hist_ice_extrap",40.47269296875,0.318207234144211
"species_1_hist_ice_extrap",40.7437154663086,0.318595200777054
"species_1_hist_ice_extrap",41.0147379638672,0.318986028432846
"species_1_hist_ice_extrap",41.2857604614258,0.319379687309265
"species_1_hist_ice_extrap",41.5567829589843,0.319776207208633
"species_1_hist_ice_extrap",41.827805456543,0.320175558328629
"species_1_hist_ice_extrap",42.0988279541015,0.320577800273895
"species_1_hist_ice_extrap",42.3698504516601,0.320982903242111
"species_1_hist_ice_extrap",42.6408729492187,0.321390897035599
"species_1_hist_ice_extrap",42.9118954467773,0.321801722049713
"species_1_hist_ice_extrap",43.1829179443359,0.322215467691422
"species_1_hist_ice_extrap",43.4539404418945,0.322632074356079
"species_1_hist_ice_extrap",43.7249629394531,0.323051601648331
"species_1_hist_ice_extrap",43.9959854370117,0.323473989963531
"species_1_hist_ice_extrap",44.2670079345703,0.323899298906326
"species_1_hist_ice_extrap",44.5380304321289,0.324327528476715
"species_1_hist_ice_extrap",44.8090529296875,0.324758648872375
"species_1_hist_ice_extrap",45.0800754272461,0.32519268989563
"species_1_hist_ice_extrap",45.3510979248047,0.325629651546478
"species_1_hist_ice_extrap",45.6221204223633,0.326069533824921
"species_1_hist_ice_extrap",45.8931429199218,0.326512336730957
"species_1_hist_ice_extrap",46.1641654174804,0.32695809006691
"species_1_hist_ice_extrap",46.435187915039,0.327406764030457
"species_1_hist_ice_extrap",46.7062104125976,0.327858418226242
"species_1_hist_ice_extrap",46.9772329101562,0.328312993049622
"species_1_hist_ice_extrap",47.2482554077148,0.32877054810524
"species_1_hist_ice_extrap",47.5192779052734,0.329231023788452
"species_1_hist_ice_extrap",47.790300402832,0.329694509506226
"species_1_hist_ice_extrap",48.0613229003906,0.330160915851593
"species_1_hist_ice_extrap",48.3323453979492,0.330630332231522
"species_1_hist_ice_extrap",48.6033678955078,0.331102728843689
"species_1_hist_ice_extrap",48.8743903930664,0.331578105688095
"species_1_hist_ice_extrap",49.145412890625,0.33205646276474
"species_1_hist_ice_extrap",49.4164353881836,0.332537829875946
"species_1_hist_ice_extrap",49.6874578857422,0.333022177219391
"species_1_hist_ice_extrap",49.9584803833008,0.333509564399719
"species_1_hist_ice_extrap",50.2295028808594,0.333999931812286
"species_1_hist_ice_extrap",50.5005253784179,0.334493309259415
"species_1_hist_ice_extrap",50.7715478759765,0.334989726543427
"species_1_hist_ice_extrap",51.0425703735351,0.335489153862
"species_1_hist_ice_extrap",51.3135928710937,0.335991621017456
"species_1_hist_ice_extrap",51.5846153686523,0.336497128009796
"species_1_hist_ice_extrap",51.8556378662109,0.33700567483902
"species_1_hist_ice_extrap",52.1266603637695,0.337517261505127
"species_1_hist_ice_extrap",52.3976828613281,0.338031888008118
"species_1_hist_ice_extrap",52.6687053588867,0.338549584150314
"species_1_hist_ice_extrap",52.9397278564453,0.339070349931717
"species_1_hist_ice_extrap",53.2107503540039,0.339594155550003
"species_1_hist_ice_extrap",53.4817728515625,0.340121060609818
"species_1_hist_ice_extrap",53.7527953491211,0.340651005506516
"species_1_hist_ice_extrap",54.0238178466797,0.341184049844742
"species_1_hist_ice_extrap",54.2948403442383,0.341720193624496
"species_1_hist_ice_extrap",54.5658628417968,0.342259407043457
"species_1_hist_ice_extrap",54.8368853393554,0.342801719903946
"species_1_hist_ice_extrap",55.107907836914,0.343347132205963
"species_1_hist_ice_extrap",55.3789303344726,0.343895673751831
"species_1_hist_ice_extrap",55.6499528320312,0.344447314739227
"species_1_hist_ice_extrap",55.9209753295898,0.345002055168152
"species_1_hist_ice_extrap",56.1919978271484,0.345559924840927
"species_1_hist_ice_extrap",56.463020324707,0.346120923757553
"species_1_hist_ice_extrap",56.7340428222656,0.34668505191803
"species_1_hist_ice_extrap",57.0050653198242,0.347252309322357
"species_1_hist_ice_extrap",57.2760878173828,0.347822725772858
"species_1_hist_ice_extrap",57.5471103149414,0.348396271467209
"species_1_hist_ice_extrap",57.8181328125,0.348972976207733
"species_1_hist_ice_extrap",58.0891553100586,0.349552839994431
"species_1_hist_ice_extrap",58.3601778076171,0.350135833024979
"species_1_hist_ice_extrap",58.6312003051758,0.350722014904022
"species_1_hist_ice_extrap",58.9022228027343,0.351311355829239
"species_1_hist_ice_extrap",59.173245300293,0.351903885602951
"species_1_hist_ice_extrap",59.4442677978515,0.352499604225159
"species_1_hist_ice_extrap",59.7152902954101,0.353098481893539
"species_1_hist_ice_extrap",59.9863127929687,0.353700578212738
"species_1_hist_ice_extrap",60.2573352905273,0.35430583357811
"species_1_hist_ice_extrap",60.5283577880859,0.354914307594299
"species_1_hist_ice_extrap",60.7993802856445,0.355525970458984
"species_1_hist_ice_extrap",61.0704027832031,0.356140851974487
"species_1_hist_ice_extrap",61.3414252807617,0.356758952140808
"species_1_hist_ice_extrap",61.6124477783203,0.357380270957947
"species_1_hist_ice_extrap",61.8834702758789,0.358004808425903
"species_1_hist_ice_extrap",62.1544927734375,0.358632564544678
"species_1_hist_ice_extrap",62.4255152709961,0.35926353931427
"species_1_hist_ice_extrap",62.6965377685547,0.359897792339325
"species_1_hist_ice_extrap",62.9675602661133,0.360535234212875
"species_1_hist_ice_extrap",63.2385827636718,0.361175954341888
"species_1_hist_ice_extrap",63.5096052612304,0.361819922924042
"species_1_hist_ice_extrap",63.780627758789,0.362467139959335
"species_1_hist_ice_extrap",64.0516502563476,0.363117605447769
"species_1_hist_ice_extrap",64.3226727539062,0.363771349191666
"species_1_hist_ice_extrap",64.5936952514648,0.364428371191025
"species_1_hist_ice_extrap",64.8647177490234,0.365088641643524
"species_1_hist_ice_extrap",65.135740246582,0.365752190351486
"species_1_hist_ice_extrap",65.4067627441406,0.366419017314911
"species_1_hist_ice_extrap",65.6777852416992,0.367089122533798
"species_1_hist_ice_extrap",65.9488077392578,0.367762535810471
"species_1_hist_ice_extrap",66.2198302368164,0.368439227342606
"species_1_hist_ice_extrap",66.490852734375,0.369119226932526
"species_1_hist_ice_extrap",66.7618752319336,0.369802534580231
"species_1_hist_ice_extrap",67.0328977294921,0.370489120483398
"species_1_hist_ice_extrap",67.3039202270507,0.371179014444351
"species_1_hist_ice_extrap",67.5749427246093,0.371872246265411
"species_1_hist_ice_extrap",67.8459652221679,0.372568756341934
"species_1_hist_ice_extrap",68.1169877197265,0.373268634080887
"species_1_hist_ice_extrap",68.3880102172851,0.373971819877625
"species_1_hist_ice_extrap",68.6590327148437,0.37467834353447
"species_1_hist_ice_extrap",68.9300552124023,0.3753881752491
"species_1_hist_ice_extrap",69.2010777099609,0.376101344823837
"species_1_hist_ice_extrap",69.4721002075195,0.376817852258682
"species_1_hist_ice_extrap",69.7431227050781,0.377537727355957
"species_1_hist_ice_extrap",70.0141452026367,0.378260910511017
"species_1_hist_ice_extrap",70.2851677001953,0.378987491130829
"species_1_hist_ice_extrap",70.5561901977539,0.379717379808426
"species_1_hist_ice_extrap",70.8272126953125,0.380450636148453
"species_1_hist_ice_extrap",71.0982351928711,0.381187289953232
"species_1_hist_ice_extrap",71.3692576904296,0.381927251815796
"species_1_hist_ice_extrap",71.6402801879883,0.382670640945435
"species_1_hist_ice_extrap",71.9113026855468,0.383417338132858
"species_1_hist_ice_extrap",72.1823251831054,0.384167462587357
"species_1_hist_ice_extrap",72.453347680664,0.384920924901962
"species_1_hist_ice_extrap",72.7243701782226,0.38567778468132
"species_1_hist_ice_extrap",72.9953926757812,0.386438012123108
"species_1_hist_ice_extrap",73.2664151733398,0.387201637029648
"species_1_hist_ice_extrap",73.5374376708984,0.38796865940094
"species_1_hist_ice_extrap",73.808460168457,0.388739049434662
"species_1_hist_ice_extrap",74.0794826660156,0.389512836933136
"species_1_hist_ice_extrap",74.3505051635742,0.390290021896362
"species_1_hist_ice_extrap",74.6215276611328,0.391070634126663
"species_1_hist_ice_extrap",74.8925501586914,0.391854614019394
"species_1_hist_ice_extrap",75.16357265625,0.392642021179199
"species_1_hist_ice_extrap",75.4345951538086,0.393432796001434
"species_1_hist_ice_extrap",75.7056176513671,0.394227027893066
"species_1_hist_ice_extrap",75.9766401489258,0.395024627447128
"species_1_hist_ice_extrap",76.2476626464843,0.395825654268265
"species_1_hist_ice_extrap",76.5186851440429,0.396630108356476
"species_1_hist_ice_extrap",76.7897076416015,0.397437989711761
"species_1_hist_ice_extrap",77.0607301391601,0.398249238729477
"species_1_hist_ice_extrap",77.3317526367187,0.399063944816589
"species_1_hist_ice_extrap",77.6027751342773,0.399882078170776
"species_1_hist_ice_extrap",77.8737976318359,0.400703608989716
"species_1_hist_ice_extrap",78.1448201293945,0.401528596878052
"species_1_hist_ice_extrap",78.4158426269531,0.40235698223114
"species_1_hist_ice_extrap",78.6868651245117,0.403188824653625
"species_1_hist_ice_extrap",78.9578876220703,0.404029101133347
"species_1_hist_ice_extrap",79.2289101196289,0.406057685613632
"species_1_hist_ice_extrap",79.4999326171875,0.409652024507523
"species_1_hist_ice_extrap",79.770955114746,0.413873583078384
"species_1_hist_ice_extrap",80.0419776123046,0.418158799409866
"species_1_hist_ice_extrap",80.3130001098632,0.422459453344345
"species_1_hist_ice_extrap",80.5840226074218,0.426774680614471
"species_1_hist_ice_extrap",80.8550451049804,0.431104004383087
"species_1_hist_ice_extrap",81.126067602539,0.435446947813034
"species_1_hist_ice_extrap",81.3970901000976,0.43980261683464
"species_1_hist_ice_extrap",81.6681125976562,0.44417068362236
"species_1_hist_ice_extrap",81.9391350952148,0.448550194501877
"species_1_hist_ice_extrap",82.2101575927734,0.452940791845322
"species_1_hist_ice_extrap",82.481180090332,0.457341551780701
"species_1_hist_ice_extrap",82.7522025878906,0.4617520570755
"species_1_hist_ice_extrap",83.0232250854492,0.466171443462372
"species_1_hist_ice_extrap",83.2942475830078,0.470599204301834
"species_1_hist_ice_extrap",83.5652700805664,0.475034475326538
"species_1_hist_ice_extrap",83.836292578125,0.479476779699326
"species_1_hist_ice_extrap",84.1073150756836,0.48392516374588
"species_1_hist_ice_extrap",84.3783375732421,0.488379120826721
"species_1_hist_ice_extrap",84.6493600708007,0.492837995290756
"species_1_hist_ice_extrap",84.9203825683593,0.497300893068314
"species_1_hist_ice_extrap",85.1914050659179,0.501767337322235
"species_1_hist_ice_extrap",85.4624275634765,0.50623631477356
"species_1_hist_ice_extrap",85.7334500610351,0.510707437992096
"species_1_hist_ice_extrap",86.0044725585937,0.515179693698883
"species_1_hist_ice_extrap",86.2754950561523,0.519652605056763
"species_1_hist_ice_extrap",86.5465175537109,0.524125218391418
"species_1_hist_ice_extrap",86.8175400512695,0.528597116470337
"species_1_hist_ice_extrap",87.0885625488281,0.533067226409912
"species_1_hist_ice_extrap",87.3595850463867,0.537535130977631
"species_1_hist_ice_extrap",87.6306075439453,0.541999816894531
"species_1_hist_ice_extrap",87.9016300415039,0.546460807323456
"species_1_hist_ice_extrap",88.1726525390625,0.550917387008667
"species_1_hist_ice_extrap",88.4436750366211,0.555368602275848
"species_1_hist_ice_extrap",88.7146975341796,0.559814035892487
"species_1_hist_ice_extrap",88.9857200317382,0.56425267457962
"species_1_hist_ice_extrap",89.2567425292968,0.568684160709381
"species_1_hist_ice_extrap",89.5277650268554,0.573118805885315
"species_1_hist_ice_extrap",89.798787524414,0.577557146549225
"species_1_hist_ice_extrap",90.0698100219726,0.581985771656036
"species_1_hist_ice_extrap",90.3408325195312,0.586404263973236
"species_1_hist_ice_extrap",90.6118550170898,0.590811610221863
"species_1_hist_ice_extrap",90.8828775146484,0.595207452774048
"species_1_hist_ice_extrap",91.153900012207,0.59959077835083
"species_1_hist_ice_extrap",91.4249225097656,0.603961050510406
"species_1_hist_ice_extrap",91.6959450073242,0.608317792415619
"species_1_hist_ice_extrap",91.9669675048828,0.612660050392151
"species_1_hist_ice_extrap",92.2379900024414,0.616987407207489
"species_1_hist_ice_extrap",92.5090125,0.621299028396606
"species_1_hist_ice_extrap",92.7800349975585,0.625594437122345
"species_1_hist_ice_extrap",93.0510574951171,0.629872798919678
"species_1_hist_ice_extrap",93.3220799926757,0.634133756160736
"species_1_hist_ice_extrap",93.5931024902343,0.638376533985138
"species_1_hist_ice_extrap",93.8641249877929,0.64260059595108
"species_1_hist_ice_extrap",94.1351474853515,0.646805286407471
"species_1_hist_ice_extrap",94.4061699829101,0.650990188121796
"species_1_hist_ice_extrap",94.6771924804687,0.655154526233673
"species_1_hist_ice_extrap",94.9482149780273,0.65929788351059
"species_1_hist_ice_extrap",95.2192374755859,0.663419783115387
"species_1_hist_ice_extrap",95.4902599731445,0.667519450187683
"species_1_hist_ice_extrap",95.7612824707031,0.671596705913544
"species_1_hist_ice_extrap",96.0323049682617,0.675650775432587
"species_1_hist_ice_extrap",96.3033274658203,0.679681360721588
"species_1_hist_ice_extrap",96.5743499633788,0.683687746524811
"species_1_hist_ice_extrap",96.8453724609374,0.68766975402832
"species_1_hist_ice_extrap",97.116394958496,0.692228376865387
"species_1_hist_ice_extrap",97.3874174560546,0.697044730186462
"species_1_hist_ice_extrap",97.6584399536132,0.701820552349091
"species_1_hist_ice_extrap",97.9294624511718,0.706555366516113
"species_1_hist_ice_extrap",98.2004849487304,0.711248219013214
"species_1_hist_ice_extrap",98.471507446289,0.71589869260788
"species_1_hist_ice_extrap",98.7425299438476,0.722907364368439
"species_1_hist_ice_extrap",99.0135524414062,0.730173051357269
"species_1_hist_ice_extrap",99.2845749389648,0.737319946289062
"species_1_hist_ice_extrap",99.5555974365234,0.744345903396606
"species_1_hist_ice_extrap",99.826619934082,0.75124979019165
"species_1_hist_ice_extrap",100.097642431641,0.758029818534851
"species_1_hist_ice_extrap",100.368664929199,0.764685273170471
"species_1_hist_ice_extrap",100.639687426758,0.771214783191681
"species_1_hist_ice_extrap",100.910709924316,0.777618110179901
"species_1_hist_ice_extrap",101.181732421875,0.783894300460815
"species_1_hist_ice_extrap",101.452754919434,0.790043115615845
"species_1_hist_ice_extrap",101.723777416992,0.796064615249634
"species_1_hist_ice_extrap",101.994799914551,0.801958441734314
"species_1_hist_ice_extrap",102.265822412109,0.807725071907043
"species_1_hist_ice_extrap",102.536844909668,0.813364565372467
"species_1_hist_ice_extrap",102.807867407227,0.818877637386322
"species_1_hist_ice_extrap",103.078889904785,0.824264645576477
"species_1_hist_ice_extrap",103.349912402344,0.829526603221893
"species_1_hist_ice_extrap",103.620934899902,0.834664106369019
"species_1_hist_ice_extrap",103.891957397461,0.839678406715393
"species_1_hist_ice_extrap",104.162979895019,0.844570457935333
"species_1_hist_ice_extrap",104.434002392578,0.849341630935669
"species_1_hist_ice_extrap",104.705024890137,0.853993058204651
"species_1_hist_ice_extrap",104.976047387695,0.858526229858398
"species_1_hist_ice_extrap",105.247069885254,0.86294275522232
"species_1_hist_ice_extrap",105.518092382812,0.867244005203247
"species_1_hist_ice_extrap",105.789114880371,0.871431827545166
"species_1_hist_ice_extrap",106.06013737793,0.875507712364197
"species_1_hist_ice_extrap",106.331159875488,0.879473626613617
"species_1_hist_ice_extrap",106.602182373047,0.883331120014191
"species_1_hist_ice_extrap",106.873204870605,0.88708233833313
"species_1_hist_ice_extrap",107.144227368164,0.890728890895844
"species_1_hist_ice_extrap",107.415249865723,0.894272983074188
"species_1_hist_ice_extrap",107.686272363281,0.897716343402863
"species_1_hist_ice_extrap",107.95729486084,0.901061058044434
"species_1_hist_ice_extrap",108.228317358398,0.904309034347534
"species_1_hist_ice_extrap",108.499339855957,0.907462358474731
"species_1_hist_ice_extrap",108.770362353516,0.910523116588592
"species_1_hist_ice_extrap",109.041384851074,0.913493096828461
"species_1_hist_ice_extrap",109.312407348633,0.916374564170837
"species_1_hist_ice_extrap",109.583429846191,0.919169366359711
"species_1_hist_ice_extrap",109.85445234375,0.921879649162292
"species_1_hist_ice_extrap",110.125474841309,0.924507260322571
"species_1_hist_ice_extrap",110.396497338867,0.927054405212402
"species_1_hist_ice_extrap",110.667519836426,0.92952287197113
"species_1_hist_ice_extrap",110.938542333984,0.931914746761322
"species_1_hist_ice_extrap",111.209564831543,0.934231877326965
"species_1_hist_ice_extrap",111.480587329102,0.936476230621338
"species_1_hist_ice_extrap",111.75160982666,0.938649713993072
"species_1_hist_ice_extrap",112.022632324219,0.940754175186157
"species_1_hist_ice_extrap",112.293654821777,0.94279158115387
"species_1_hist_ice_extrap",112.564677319336,0.944763600826263
"species_1_hist_ice_extrap",112.835699816894,0.946672081947327
"species_1_hist_ice_extrap",113.106722314453,0.947294414043426
"species_1_hist_ice_extrap",113.377744812012,0.947294414043426
"species_1_hist_ice_extrap",113.64876730957,0.947294414043426
"species_1_hist_ice_extrap",113.919789807129,0.947294414043426
"species_1_hist_ice_extrap",114.190812304687,0.947294414043426
"species_1_hist_ice_extrap",114.461834802246,0.947294414043426
"species_1_hist_ice_extrap",114.732857299805,0.947294414043426
"species_1_hist_ice_extrap",115.003879797363,0.947294414043426
"species_1_hist_ice_extrap",115.274902294922,0.947294414043426
"species_1_hist_ice_extrap",115.54592479248,0.947294414043426
"species_1_hist_ice_extrap",115.816947290039,0.947294414043426
"species_1_hist_ice_extrap",116.087969787598,0.947294414043426
"species_1_hist_ice_extrap",116.358992285156,0.947294414043426
"species_1_hist_ice_extrap",116.630014782715,0.947294414043426
"species_1_hist_ice_extrap",116.901037280273,0.947294414043426
"species_1_hist_ice_extrap",117.172059777832,0.947294414043426
"species_1_hist_ice_extrap",117.443082275391,0.947294414043426
"species_1_hist_ice_extrap",117.714104772949,0.947294414043426
"species_1_hist_ice_extrap",117.985127270508,0.947294414043426
"species_1_hist_ice_extrap",118.256149768066,0.947294414043426
"species_1_hist_ice_extrap",118.527172265625,0.947294414043426
"species_1_hist_ice_extrap",118.798194763184,0.947294414043426
"species_1_hist_ice_extrap",119.069217260742,0.947294414043426
"species_1_hist_ice_extrap",119.340239758301,0.947294414043426
"species_1_hist_ice_extrap",119.611262255859,0.947294414043426
"species_1_hist_ice_extrap",119.882284753418,0.947294414043426
"species_1_hist_ice_extrap",120.153307250976,0.947294414043426
"species_1_hist_ice_extrap",120.424329748535,0.947294414043426
"species_1_hist_ice_extrap",120.695352246094,0.947294414043426
"species_1_hist_ice_extrap",120.966374743652,0.947294414043426
"species_1_hist_ice_extrap",121.237397241211,0.947294414043426
"species_1_hist_ice_extrap",121.508419738769,0.947294414043426
"species_1_hist_ice_extrap",121.779442236328,0.947294414043426
"species_1_hist_ice_extrap",122.050464733887,0.947294414043426
"species_1_hist_ice_extrap",122.321487231445,0.947294414043426
"species_1_hist_ice_extrap",122.592509729004,0.947294414043426
"species_1_hist_ice_extrap",122.863532226562,0.947294414043426
"species_1_hist_ice_extrap",123.134554724121,0.947294414043426
"species_1_hist_ice_extrap",123.40557722168,0.947294414043426
"species_1_hist_ice_extrap",123.676599719238,0.947294414043426
"species_1_hist_ice_extrap",123.947622216797,0.947294414043426
"species_1_hist_ice_extrap",124.218644714355,0.947294414043426
"species_2_bathy_extrap_only",-22.4101971507073,0.702238082885742
"species_2_bathy_extrap_only",-21.8446017467499,0.702238082885742
"species_2_bathy_extrap_only",-21.2790063427925,0.702238082885742
"species_2_bathy_extrap_only",-20.7134109388352,0.702238082885742
"species_2_bathy_extrap_only",-20.1478155348778,0.702238082885742
"species_2_bathy_extrap_only",-19.5822201309204,0.702238082885742
"species_2_bathy_extrap_only",-19.0166247269631,0.702238082885742
"species_2_bathy_extrap_only",-18.4510293230057,0.702238082885742
"species_2_bathy_extrap_only",-17.8854339190483,0.702238082885742
"species_2_bathy_extrap_only",-17.319838515091,0.702238082885742
"species_2_bathy_extrap_only",-16.7542431111336,0.702238082885742
"species_2_bathy_extrap_only",-16.1886477071762,0.702238082885742
"species_2_bathy_extrap_only",-15.6230523032189,0.702238082885742
"species_2_bathy_extrap_only",-15.0574568992615,0.702238082885742
"species_2_bathy_extrap_only",-14.4918614953041,0.702238082885742
"species_2_bathy_extrap_only",-13.9262660913467,0.702238082885742
"species_2_bathy_extrap_only",-13.3606706873894,0.702238082885742
"species_2_bathy_extrap_only",-12.795075283432,0.702238082885742
"species_2_bathy_extrap_only",-12.2294798794746,0.702238082885742
"species_2_bathy_extrap_only",-11.6638844755173,0.702238082885742
"species_2_bathy_extrap_only",-11.0982890715599,0.702238082885742
"species_2_bathy_extrap_only",-10.5326936676025,0.702238082885742
"species_2_bathy_extrap_only",-9.96709826364518,0.702238082885742
"species_2_bathy_extrap_only",-9.40150285968781,0.702238082885742
"species_2_bathy_extrap_only",-8.83590745573045,0.702238082885742
"species_2_bathy_extrap_only",-8.27031205177308,0.702238082885742
"species_2_bathy_extrap_only",-7.70471664781571,0.702238082885742
"species_2_bathy_extrap_only",-7.13912124385834,0.702238082885742
"species_2_bathy_extrap_only",-6.57352583990098,0.702238082885742
"species_2_bathy_extrap_only",-6.00793043594361,0.702238082885742
"species_2_bathy_extrap_only",-5.44233503198624,0.702238082885742
"species_2_bathy_extrap_only",-4.87673962802888,0.702238082885742
"species_2_bathy_extrap_only",-4.31114422407151,0.702238082885742
"species_2_bathy_extrap_only",-3.74554882011414,0.702238082885742
"species_2_bathy_extrap_only",-3.17995341615678,0.702238082885742
"species_2_bathy_extrap_only",-2.61435801219941,0.702238082885742
"species_2_bathy_extrap_only",-2.04876260824204,0.702238082885742
"species_2_bathy_extrap_only",-1.48316720428468,0.702238082885742
"species_2_bathy_extrap_only",-0.917571800327309,0.702238082885742
"species_2_bathy_extrap_only",-0.351976396369938,0.702238082885742
"species_2_bathy_extrap_only",0.213619007587425,0.702238082885742
"species_2_bathy_extrap_only",0.779214411544793,0.702238082885742
"species_2_bathy_extrap_only",1.34480981550216,0.709909439086914
"species_2_bathy_extrap_only",1.91040521945953,0.732205629348755
"species_2_bathy_extrap_only",2.47600062341689,0.753383457660675
"species_2_bathy_extrap_only",3.04159602737426,0.773404836654663
"species_2_bathy_extrap_only",3.60719143133163,0.792248964309692
"species_2_bathy_extrap_only",4.17278683528899,0.788141250610352
"species_2_bathy_extrap_only",4.73838223924636,0.756010413169861
"species_2_bathy_extrap_only",5.30397764320373,0.720733225345612
"species_2_bathy_extrap_only",5.8695730471611,0.682497620582581
"species_2_bathy_extrap_only",6.43516845111846,0.641680181026459
"species_2_bathy_extrap_only",7.00076385507583,0.621575653553009
"species_2_bathy_extrap_only",7.5663592590332,0.601607739925385
"species_2_bathy_extrap_only",8.13195466299057,0.581295967102051
"species_2_bathy_extrap_only",8.69755006694793,0.56070476770401
"species_2_bathy_extrap_only",9.2631454709053,0.53990238904953
"species_2_bathy_extrap_only",9.82874087486266,0.518960118293762
"species_2_bathy_extrap_only",10.39433627882,0.497950971126556
"species_2_bathy_extrap_only",10.9599316827774,0.476949095726013
"species_2_bathy_extrap_only",11.5255270867348,0.456028401851654
"species_2_bathy_extrap_only",12.0911224906921,0.435261696577072
"species_2_bathy_extrap_only",12.6567178946495,0.414719730615616
"species_2_bathy_extrap_only",13.2223132986069,0.394470065832138
"species_2_bathy_extrap_only",13.7879087025642,0.374576330184937
"species_2_bathy_extrap_only",14.3535041065216,0.355097502470016
"species_2_bathy_extrap_only",14.919099510479,0.336087316274643
"species_2_bathy_extrap_only",15.4846949144363,0.317593663930893
"species_2_bathy_extrap_only",16.0502903183937,0.299658298492432
"species_2_bathy_extrap_only",16.6158857223511,0.282316833734512
"species_2_bathy_extrap_only",17.1814811263084,0.265598267316818
"species_2_bathy_extrap_only",17.7470765302658,0.249525561928749
"species_2_bathy_extrap_only",18.3126719342232,0.234115421772003
"species_2_bathy_extrap_only",18.8782673381805,0.219378784298897
"species_2_bathy_extrap_only",19.4438627421379,0.205321088433266
"species_2_bathy_extrap_only",20.0094581460953,0.191942691802978
"species_2_bathy_extrap_only",20.5750535500526,0.17923940718174
"species_2_bathy_extrap_only",21.14064895401,0.167202889919281
"species_2_bathy_extrap_only",21.7062443579674,0.155821248888969
"species_2_bathy_extrap_only",22.2718397619247,0.145079359412193
"species_2_bathy_extrap_only",22.8374351658821,0.134959608316422
"species_2_bathy_extrap_only",23.4030305698395,0.125442162156105
"species_2_bathy_extrap_only",23.9686259737968,0.116505496203899
"species_2_bathy_extrap_only",24.5342213777542,0.108126781880856
"species_2_bathy_extrap_only",25.0998167817116,0.100282236933708
"species_2_bathy_extrap_only",25.6654121856689,0.0929474979639053
"species_2_bathy_extrap_only",26.2310075896263,0.0860978960990906
"species_2_bathy_extrap_only",26.7966029935837,0.0797087252140045
"species_2_bathy_extrap_only",27.362198397541,0.0737553983926773
"species_2_bathy_extrap_only",27.9277938014984,0.0682137608528137
"species_2_bathy_extrap_only",28.4933892054558,0.0630601495504379
"species_2_bathy_extrap_only",29.0589846094131,0.0582715459167957
"species_2_bathy_extrap_only",29.6245800133705,0.0538256876170635
"species_2_bathy_extrap_only",30.1901754173279,0.0497011244297028
"species_2_bathy_extrap_only",30.7557708212852,0.0458772927522659
"species_2_bathy_extrap_only",31.3213662252426,0.0423345640301704
"species_2_bathy_extrap_only",31.8869616292,0.039054200053215
"species_2_bathy_extrap_only",32.4525570331573,0.0360184572637081
"species_2_bathy_extrap_only",33.0181524371147,0.033210527151823
"species_2_bathy_extrap_only",33.5837478410721,0.0306145623326302
"species_2_bathy_extrap_only",34.1493432450294,0.0282155927270651
"species_2_bathy_extrap_only",34.7149386489868,0.0259995516389608
"species_2_bathy_extrap_only",35.2805340529442,0.0239532813429832
"species_2_bathy_extrap_only",35.8461294569016,0.0220643989741802
"species_2_bathy_extrap_only",36.4117248608589,0.0203213784843683
"species_2_bathy_extrap_only",36.9773202648163,0.0187134072184563
"species_2_bathy_extrap_only",37.5429156687737,0.0172304399311543
"species_2_bathy_extrap_only",38.108511072731,0.0158630851656199
"species_2_bathy_extrap_only",38.6741064766884,0.0146026350557804
"species_2_bathy_extrap_only",39.2397018806457,0.0134409694001079
"species_2_bathy_extrap_only",39.8052972846031,0.0123705500736833
"species_2_bathy_extrap_only",40.3708926885605,0.0113843996077776
"species_2_bathy_extrap_only",40.9364880925178,0.0104760229587555
"species_2_bathy_extrap_only",41.5020834964752,0.00963942613452673
"species_2_bathy_extrap_only",42.0676789004326,0.00886903423815966
"species_2_bathy_extrap_only",42.63327430439,0.0081597100943327
"species_2_bathy_extrap_only",43.1988697083473,0.00750668160617352
"species_2_bathy_extrap_only",43.7644651123047,0.00690555619075894
"species_2_bathy_extrap_only",44.3300605162621,0.00635225977748632
"species_2_bathy_extrap_only",44.8956559202194,0.00584303122013807
"species_2_bathy_extrap_only",45.4612513241768,0.00537440739572048
"species_2_bathy_extrap_only",46.0268467281342,0.00494317850098014
"species_2_bathy_extrap_only",46.5924421320915,0.00454639457166195
"species_2_bathy_extrap_only",47.1580375360489,0.00418132403865457
"species_2_bathy_extrap_only",47.7236329400063,0.0038454569876194
"species_2_bathy_extrap_only",48.2892283439636,0.0035364730283618
"species_2_bathy_extrap_only",48.854823747921,0.00325223314575851
"species_2_bathy_extrap_only",49.4204191518784,0.00299077178351581
"species_2_bathy_extrap_only",49.9860145558357,0.00275027076713741
"species_2_bathy_extrap_only",50.5516099597931,0.00252906209789217
"species_2_bathy_extrap_only",51.1172053637505,0.00232560257427394
"species_2_bathy_extrap_only",51.6828007677078,0.00213847728446126
"species_2_bathy_extrap_only",52.2483961716652,0.00196637795306742
"species_2_bathy_extrap_only",52.8139915756226,0.00180810468737036
"species_2_bathy_extrap_only",53.3795869795799,0.00166254944633693
"species_2_bathy_extrap_only",53.9451823835373,0.0015286928974092
"species_2_bathy_extrap_only",54.5107777874947,0.00140559917781502
"species_2_bathy_extrap_only",55.076373191452,0.00129240367095917
"species_2_bathy_extrap_only",55.6419685954094,0.00118831370491534
"species_2_bathy_extrap_only",56.2075639993668,0.00109259749297053
"species_2_bathy_extrap_only",56.7731594033241,0.00100458378437907
"species_2_bathy_extrap_only",57.3387548072815,0.000923652842175216
"species_2_bathy_extrap_only",57.9043502112389,0.000849236850626767
"species_2_bathy_extrap_only",58.4699456151962,0.000780811591539532
"species_2_bathy_extrap_only",59.0355410191536,0.00071789522189647
"species_2_bathy_extrap_only",59.601136423111,0.00066004553809762
"species_2_bathy_extrap_only",60.1667318270683,0.000606854329816997
"species_2_bathy_extrap_only",60.7323272310257,0.000557947612833232
"species_2_bathy_extrap_only",61.2979226349831,0.000512979982886463
"species_2_bathy_extrap_only",61.8635180389404,0.000471635023131967
"species_2_bathy_extrap_only",62.4291134428978,0.000433620705734938
"species_2_bathy_extrap_only",62.9947088468552,0.000398669391870499
"species_2_bathy_extrap_only",63.5603042508125,0.000366534251952544
"species_2_bathy_extrap_only",64.1258996547699,0.000336988334311172
"species_2_bathy_extrap_only",64.6914950587273,0.000309823313727975
"species_2_bathy_extrap_only",65.2570904626846,0.000284847803413868
"species_2_bathy_extrap_only",65.822685866642,0.000261884822975844
"species_2_bathy_extrap_only",66.3882812705994,0.000240772526012734
"species_2_bathy_extrap_only",66.9538766745567,0.000221361871808767
"species_2_bathy_extrap_only",67.5194720785141,0.000203515985049307
"species_2_bathy_extrap_only",68.0850674824715,0.000187108322279528
"species_2_bathy_extrap_only",68.6506628864288,0.000172023224877194
"species_2_bathy_extrap_only",69.2162582903862,0.000158154318341985
"species_2_bathy_extrap_only",69.7818536943436,0.000145403231726959
"species_2_bathy_extrap_only",70.3474490983009,0.00013368004874792
"species_2_bathy_extrap_only",70.9130445022583,0.000122901939903386
"species_2_bathy_extrap_only",71.4786399062157,0.000112992849608418
"species_2_bathy_extrap_only",72.044235310173,0.000103882499388419
"species_2_bathy_extrap_only",72.6098307141304,9.55066207097843e-05
"species_2_bathy_extrap_only",73.1754261180878,8.78061109688133e-05
"species_2_bathy_extrap_only",73.7410215220451,8.07263422757387e-05
"species_2_bathy_extrap_only",74.3066169260025,7.42173651815392e-05
"species_2_bathy_extrap_only",74.8722123299599,6.82331810821779e-05
"species_2_bathy_extrap_only",75.4378077339172,6.27315384917893e-05
"species_2_bathy_extrap_only",76.0034031378746,5.76734018977731e-05
"species_2_bathy_extrap_only",76.568998541832,5.30230936419685e-05
"species_2_bathy_extrap_only",77.1345939457893,4.87477809656411e-05
"species_2_bathy_extrap_only",77.7001893497467,4.48171267635189e-05
"species_2_bathy_extrap_only",78.2657847537041,4.12033987231553e-05
"species_2_bathy_extrap_only",78.8313801576614,3.78810436814092e-05
"species_2_bathy_extrap_only",79.3969755616188,3.48266075889114e-05
"species_2_bathy_extrap_only",79.9625709655762,3.20184153679293e-05
"species_2_bathy_extrap_only",80.5281663695335,2.94366527668899e-05
"species_2_bathy_extrap_only",81.0937617734909,2.70630607701605e-05
"species_2_bathy_extrap_only",81.6593571774483,2.48808828473557e-05
"species_2_bathy_extrap_only",82.2249525814056,2.28746321226936e-05
"species_2_bathy_extrap_only",82.790547985363,2.1030149582657e-05
"species_2_bathy_extrap_only",83.3561433893204,1.93344149010954e-05
"species_2_bathy_extrap_only",83.9217387932777,1.77753918251256e-05
"species_2_bathy_extrap_only",84.4873341972351,1.63420772878453e-05
"species_2_bathy_extrap_only",85.0529296011925,1.50243349708035e-05
"species_2_bathy_extrap_only",85.6185250051498,1.38128643811797e-05
"species_2_bathy_extrap_only",86.1841204091072,1.26990626085899e-05
"species_2_bathy_extrap_only",86.7497158130646,1.16750716188108e-05
"species_2_bathy_extrap_only",87.315311217022,1.07336618384579e-05
"species_2_bathy_extrap_only",87.8809066209793,9.86815030046273e-06
"species_2_bathy_extrap_only",88.4465020249367,9.07242792891338e-06
"species_2_bathy_extrap_only",89.0120974288941,8.34086949907942e-06
"species_2_bathy_extrap_only",89.5776928328514,7.66830817156006e-06
"species_2_bathy_extrap_only",90.1432882368088,7.0499700086657e-06
"species_2_bathy_extrap_only",90.7088836407662,6.48149125481723e-06
"species_2_bathy_extrap_only",91.2744790447235,5.95885239818017e-06
"species_2_bathy_extrap_only",91.8400744486809,5.47836270925472e-06
"species_2_bathy_extrap_only",92.4056698526382,5.03661112816189e-06
"species_2_bathy_extrap_only",92.9712652565956,4.63048036181135e-06
"species_2_bathy_extrap_only",93.536860660553,4.25710277340841e-06
"species_2_bathy_extrap_only",94.1024560645104,3.91382809539209e-06
"species_2_bathy_extrap_only",94.6680514684677,3.59823343387689e-06
"species_2_bathy_extrap_only",95.2336468724251,3.30808688886464e-06
"species_2_bathy_extrap_only",95.7992422763824,3.04134005091328e-06
"species_2_bathy_extrap_only",96.3648376803398,2.79609889730636e-06
"species_2_bathy_extrap_only",96.9304330842972,2.5706328870001e-06
"species_2_bathy_extrap_only",97.4960284882546,2.36335040426638e-06
"species_2_bathy_extrap_only",98.0616238922119,2.17277943193039e-06
"species_2_bathy_extrap_only",98.6272192961693,1.99757528207556e-06
"species_2_bathy_extrap_only",99.1928147001267,1.83649899554439e-06
"species_2_bathy_extrap_only",99.758410104084,1.68841302183864e-06
"species_2_bathy_extrap_only",100.324005508041,1.55226621245674e-06
"species_2_bathy_extrap_only",100.889600911999,1.42709768624627e-06
"species_2_bathy_extrap_only",101.455196315956,1.31202375541761e-06
"species_2_bathy_extrap_only",102.020791719913,1.2062274663549e-06
"species_2_bathy_extrap_only",102.586387123871,1.10896201022115e-06
"species_2_bathy_extrap_only",103.151982527828,1.01953980902181e-06
"species_2_bathy_extrap_only",103.717577931786,9.373292186865e-07
"species_2_bathy_extrap_only",104.283173335743,8.61746741520619e-07
"species_2_bathy_extrap_only",104.8487687397,7.92258902038157e-07
"species_2_bathy_extrap_only",105.414364143658,7.2837428888306e-07
"species_2_bathy_extrap_only",105.979959547615,6.69641792683251e-07
"species_2_bathy_extrap_only",106.545554951572,6.15644523804804e-07
"species_2_bathy_extrap_only",107.11115035553,5.66001403967675e-07
"species_2_bathy_extrap_only",107.676745759487,5.20361879807751e-07
"species_2_bathy_extrap_only",108.242341163445,4.78401943837525e-07
"species_2_bathy_extrap_only",108.807936567402,4.39825498688151e-07
"species_2_bathy_extrap_only",109.373531971359,4.04359695949097e-07
"species_2_bathy_extrap_only",109.939127375317,3.71754140360281e-07
"species_2_bathy_extrap_only",110.504722779274,3.41777365520102e-07
"species_2_bathy_extrap_only",111.070318183231,3.1421777180185e-07
"species_2_bathy_extrap_only",111.635913587189,2.88880812604475e-07
"species_2_bathy_extrap_only",112.201508991146,2.65586606928991e-07
"species_2_bathy_extrap_only",112.767104395103,2.44170735186344e-07
"species_2_bathy_extrap_only",113.332699799061,2.24481766508688e-07
"species_2_bathy_extrap_only",113.898295203018,2.06380676104345e-07
"species_2_bathy_extrap_only",114.463890606976,1.8973894100327e-07
"species_2_bathy_extrap_only",115.029486010933,1.74439136912952e-07
"species_2_bathy_extrap_only",115.59508141489,1.60373048174733e-07
"species_2_bathy_extrap_only",116.160676818848,1.47441369335866e-07
"species_2_bathy_extrap_only",116.726272222805,1.35552269853179e-07
"species_2_bathy_extrap_only",117.291867626762,1.24621863051289e-07
"species_2_bathy_extrap_only",117.85746303072,1.14572976883665e-07
"species_2_bathy_extrap_only",118.423058434677,1.05334258648782e-07
"species_2_bathy_extrap_only",118.988653838634,9.68405160506336e-08
"species_2_bathy_extrap_only",119.554249242592,8.90316798063395e-08
"species_2_bathy_extrap_only",120.119844646549,8.1852604694177e-08
"species_2_bathy_extrap_only",120.685440050507,7.52523305891373e-08
"species_2_bathy_extrap_only",121.251035454464,6.91842814148913e-08
"species_2_bathy_extrap_only",121.816630858421,6.36056043390454e-08
"species_2_bathy_extrap_only",122.382226262379,5.84766937095083e-08
"species_2_bathy_extrap_only",122.947821666336,5.37613615847477e-08
"species_2_bathy_extrap_only",123.513417070293,4.9426255088747e-08
"species_2_bathy_extrap_only",124.079012474251,4.54407675931634e-08
"species_2_bathy_extrap_only",124.644607878208,4.17766017335453e-08
"species_2_bathy_extrap_only",125.210203282166,3.84079008597382e-08
"species_2_bathy_extrap_only",125.775798686123,3.53108760009491e-08
"species_2_bathy_extrap_only",126.34139409008,3.2463546517647e-08
"species_2_bathy_extrap_only",126.906989494038,2.98458111558375e-08
"species_2_bathy_extrap_only",127.472584897995,2.74391620536107e-08
"species_2_bathy_extrap_only",128.038180301952,2.52266048050842e-08
"species_2_bathy_extrap_only",128.60377570591,2.31924293103702e-08
"species_2_bathy_extrap_only",129.169371109867,2.13222826062065e-08
"species_2_bathy_extrap_only",129.734966513824,1.96029379395668e-08
"species_2_bathy_extrap_only",130.300561917782,1.80222325951718e-08
"species_2_bathy_extrap_only",130.866157321739,1.65690288156384e-08
"species_2_bathy_extrap_only",131.431752725697,1.52329668878792e-08
"species_2_bathy_extrap_only",131.997348129654,1.40046401142513e-08
"species_2_bathy_extrap_only",132.562943533611,1.2875360333453e-08
"species_2_bathy_extrap_only",133.128538937569,1.1837141933313e-08
"species_2_bathy_extrap_only",133.694134341526,1.08826405664786e-08
"species_2_bathy_extrap_only",134.259729745483,1.00051069651386e-08
"species_2_bathy_extrap_only",134.825325149441,9.19833453849606e-09
"species_2_bathy_extrap_only",135.390920553398,8.4566353919513e-09
"species_2_bathy_extrap_only",135.956515957356,7.77472575208549e-09
"species_2_bathy_extrap_only",136.522111361313,7.1478023500049e-09
"species_2_bathy_extrap_only",137.08770676527,6.57143139903837e-09
"species_2_bathy_extrap_only",137.653302169228,6.04153660432871e-09
"species_2_bathy_extrap_only",138.218897573185,5.55437074112319e-09
"species_2_bathy_extrap_only",138.784492977142,5.10648812124259e-09
"species_2_bathy_extrap_only",139.3500883811,4.69473171449408e-09
"species_2_bathy_extrap_only",139.915683785057,4.31616653528977e-09
"species_2_bathy_extrap_only",140.481279189014,3.96812804837055e-09
"species_2_bathy_extrap_only",141.046874592972,3.64815355702319e-09
"species_2_bathy_extrap_only",141.612469996929,3.35398064876813e-09
"species_2_bathy_extrap_only",142.178065400887,3.08352876565721e-09
"species_2_bathy_extrap_only",142.743660804844,2.834884993419e-09
"species_2_bathy_extrap_only",143.309256208801,2.60629695603143e-09
"species_2_bathy_extrap_only",143.874851612759,2.39613529018356e-09
"species_2_bathy_extrap_only",144.440447016716,2.20292029062818e-09
"species_2_bathy_extrap_only",145.006042420673,2.02528549486658e-09
"species_2_bathy_extrap_only",145.571637824631,1.86197435247948e-09
"species_2_bathy_extrap_only",146.137233228588,1.71183200947667e-09
"species_2_bathy_extrap_only",146.702828632545,1.57379653753509e-09
"species_2_bathy_extrap_only",147.268424036503,1.44689504821827e-09
"species_2_bathy_extrap_only",147.83401944046,1.33022304282804e-09
"species_2_bathy_extrap_only",148.399614844418,1.22295906734848e-09
"species_2_bathy_extrap_only",148.965210248375,1.12434439536457e-09
"species_2_bathy_extrap_only",149.530805652332,1.03368169579454e-09
"species_2_bathy_extrap_only",150.09640105629,9.50329592797061e-10
"species_2_bathy_extrap_only",150.661996460247,8.73698779990661e-10
"species_2_bathy_extrap_only",151.227591864204,8.03248967340409e-10
"species_2_bathy_extrap_only",151.793187268162,7.38478111994567e-10
"species_2_bathy_extrap_only",152.358782672119,6.7893007882347e-10
"species_2_bathy_extrap_only",152.924378076077,6.24183815745027e-10
"species_2_bathy_extrap_only",153.489973480034,5.73852076968251e-10
"species_2_bathy_extrap_only",154.055568883991,5.27578869480294e-10
"species_2_bathy_extrap_only",154.621164287949,4.850370105558e-10
"species_2_bathy_extrap_only",155.186759691906,4.45926517933515e-10
"species_2_bathy_extrap_only",155.752355095863,4.09968753389833e-10
"species_2_bathy_extrap_only",156.317950499821,3.76910475052838e-10
"species_2_bathy_extrap_only",156.883545903778,3.46517869953544e-10
"species_2_bathy_extrap_only",157.449141307735,3.18576026669959e-10
"species_2_bathy_extrap_only",158.014736711693,2.92887297748123e-10
"species_2_bathy_extrap_only",158.58033211565,2.69270022945633e-10
"species_2_bathy_extrap_only",159.145927519608,2.47557141452859e-10
"species_2_bathy_extrap_only",159.711522923565,2.27595609025855e-10
"species_2_bathy_extrap_only",160.277118327522,2.09243192217379e-10
"species_2_bathy_extrap_only",160.84271373148,1.92370633311789e-10
"species_2_bathy_extrap_only",161.408309135437,1.76858624967302e-10
"species_2_bathy_extrap_only",161.973904539394,1.62597435515721e-10
"species_2_bathy_extrap_only",162.539499943352,1.49486215073047e-10
"species_2_bathy_extrap_only",163.105095347309,1.3743221838336e-10
"species_2_bathy_extrap_only",163.670690751266,1.26350513385276e-10
"species_2_bathy_extrap_only",164.236286155224,1.161621007717e-10
"species_2_bathy_extrap_only",164.801881559181,1.06795246257452e-10
"species_2_bathy_extrap_only",165.367476963139,9.81836903446442e-11
"species_2_bathy_extrap_only",165.933072367096,9.02665442392703e-11
"species_2_bathy_extrap_only",166.498667771053,8.29878041286314e-11
"species_2_bathy_extrap_only",167.064263175011,7.62959903588545e-11
"species_2_bathy_extrap_only",167.629858578968,7.01439392680747e-11
"species_2_bathy_extrap_only",168.195453982925,6.44878039857133e-11
"species_2_bathy_extrap_only",168.761049386883,5.92877621996557e-11
"species_2_bathy_extrap_only",169.32664479084,5.45070273638704e-11
"species_2_bathy_extrap_only",169.892240194798,5.01117931872574e-11
"species_2_bathy_extrap_only",170.457835598755,4.60709734251274e-11
"species_2_bathy_extrap_only",171.023431002712,4.23559902429371e-11
"species_2_bathy_extrap_only",171.58902640667,3.89406562550931e-11
"species_2_bathy_extrap_only",172.154621810627,3.58006332912275e-11
"species_2_bathy_extrap_only",172.720217214584,3.29138105659155e-11
"species_2_bathy_extrap_only",173.285812618542,3.02597703838447e-11
"species_2_bathy_extrap_only",173.851408022499,2.78197413022818e-11
"species_2_bathy_extrap_only",174.417003426456,2.55764662920876e-11
"species_2_bathy_extrap_only",174.982598830414,2.3514079572351e-11
"species_2_bathy_extrap_only",175.548194234371,2.16180441603431e-11
"species_2_bathy_extrap_only",176.113789638329,1.98748500296331e-11
"species_2_bathy_extrap_only",176.679385042286,1.82722205421815e-11
"species_2_bathy_extrap_only",177.244980446243,1.67988192800728e-11
"species_2_bathy_extrap_only",177.810575850201,1.54442274941102e-11
"species_2_bathy_extrap_only",178.376171254158,1.41988660412595e-11
"species_2_bathy_extrap_only",178.941766658115,1.30539251283479e-11
"species_2_bathy_extrap_only",179.507362062073,1.20013348217651e-11
"species_2_bathy_extrap_only",180.07295746603,1.10335941772011e-11
"species_2_bathy_extrap_only",180.638552869987,1.01438883334803e-11
"species_2_bathy_extrap_only",181.204148273945,9.32592458119386e-12
"species_2_bathy_extrap_only",181.769743677902,8.57391848491096e-12
"species_2_bathy_extrap_only",182.33533908186,7.8825513824543e-12
"species_2_bathy_extrap_only",182.900934485817,7.24693308834512e-12
"species_2_bathy_extrap_only",183.466529889774,6.66256850037628e-12
"species_2_bathy_extrap_only",184.032125293732,6.12533895133494e-12
"species_2_bathy_extrap_only",184.597720697689,5.63141547282875e-12
"species_2_bathy_extrap_only",185.163316101646,5.17732037796925e-12
"species_2_bathy_extrap_only",185.728911505604,4.7598413925598e-12
"species_2_bathy_extrap_only",186.294506909561,4.37602645092516e-12
"species_2_bathy_extrap_only",186.860102313518,4.02316071082542e-12
"species_2_bathy_extrap_only",187.425697717476,3.69874877254039e-12
"species_2_bathy_extrap_only",187.991293121433,3.40050383684787e-12
"species_2_bathy_extrap_only",188.556888525391,3.1263004338089e-12
"species_2_bathy_extrap_only",189.122483929348,2.87420781619474e-12
"species_2_bathy_extrap_only",189.688079333305,2.64244290511251e-12
"species_2_bathy_extrap_only",190.253674737263,2.42936660371784e-12
"species_2_bathy_extrap_only",190.81927014122,2.23347208783142e-12
"species_2_bathy_extrap_only",191.384865545177,2.05337353023638e-12
"species_2_bathy_extrap_only",191.950460949135,1.8878017638696e-12
"species_2_bathy_extrap_only",192.516056353092,1.73557685150677e-12
"species_2_bathy_extrap_only",193.08165175705,1.59562673403973e-12
"species_2_bathy_extrap_only",193.647247161007,1.46696164330523e-12
"species_2_bathy_extrap_only",194.212842564964,1.34867149999968e-12
"species_2_bathy_extrap_only",194.778437968922,1.23991995056721e-12
"species_2_bathy_extrap_only",195.344033372879,1.13993764514625e-12
"species_2_bathy_extrap_only",195.909628776836,1.04801985232467e-12
"species_2_bathy_extrap_only",196.475224180794,9.63511713990284e-13
"species_2_bathy_extrap_only",197.040819584751,8.85817840520081e-13
"species_2_bathy_extrap_only",197.606414988709,8.14388975093477e-13
"species_2_bathy_extrap_only",198.172010392666,7.48719825287986e-13
"species_2_bathy_extrap_only",198.737605796623,6.88345973103022e-13
"species_2_bathy_extrap_only",199.303201200581,6.32840459723061e-13
"species_2_bathy_extrap_only",199.868796604538,5.81811996584053e-13
"species_2_bathy_extrap_only",200.434392008495,5.34896942277346e-13
"species_2_bathy_extrap_only",200.999987412453,4.91764940400985e-13
"species_2_bathy_extrap_only",201.56558281641,4.52110923568685e-13
"species_2_bathy_extrap_only",202.131178220367,4.15654489993589e-13
"species_2_bathy_extrap_only",202.696773624325,3.82137735083915e-13
"species_2_bathy_extrap_only",203.262369028282,3.51323625139704e-13
"species_2_bathy_extrap_only",203.82796443224,3.22994994465808e-13
"species_2_bathy_extrap_only",204.393559836197,2.96949937512656e-13
"species_2_bathy_extrap_only",204.959155240154,2.7300506148277e-13
"species_2_bathy_extrap_only",205.524750644112,2.50990986891755e-13
"species_2_bathy_extrap_only",206.090346048069,2.30752076517751e-13
"species_2_bathy_extrap_only",206.655941452026,2.12145120806299e-13
"species_2_bathy_extrap_only",207.221536855984,1.95038565376296e-13
"species_2_bathy_extrap_only",207.787132259941,1.79311819841106e-13
"species_2_bathy_extrap_only",208.352727663898,1.64852818353677e-13
"species_2_bathy_extrap_only",208.918323067856,1.51559727224956e-13
"species_2_bathy_extrap_only",209.483918471813,1.39338546126591e-13
"species_2_bathy_extrap_only",210.049513875771,1.28102837040379e-13
"species_2_bathy_extrap_only",210.615109279728,1.17773114394551e-13
"species_2_bathy_extrap_only",211.180704683685,1.08276357172789e-13
"species_2_bathy_extrap_only",211.746300087643,9.95453719454531e-14
"species_2_bathy_extrap_only",212.3118954916,9.15186302392554e-14
"species_2_bathy_extrap_only",212.877490895557,8.41389268370699e-14
"species_2_bathy_extrap_only",213.443086299515,7.73542945735166e-14
"species_2_bathy_extrap_only",214.008681703472,7.11167439499359e-14
"species_2_bathy_extrap_only",214.57427710743,6.53821682666984e-14
"species_2_bathy_extrap_only",215.139872511387,6.0110004810026e-14
"species_2_bathy_extrap_only",215.705467915344,5.52629671895805e-14
"species_2_bathy_extrap_only",216.271063319302,5.08068928725333e-14
"species_2_bathy_extrap_only",216.836658723259,4.67100248996259e-14
"species_2_bathy_extrap_only",217.402254127216,4.29435099405431e-14
"species_2_bathy_extrap_only",217.967849531174,3.94807138912913e-14
"species_2_bathy_extrap_only",218.533444935131,3.62971439471678e-14
"species_2_bathy_extrap_only",219.099040339088,3.33702825843028e-14
"species_2_bathy_extrap_only",219.664635743046,3.06794350937289e-14
"species_2_bathy_extrap_only",220.230231147003,2.82056279374276e-14
"species_2_bathy_extrap_only",220.795826550961,2.59312360538326e-14
"species_2_bathy_extrap_only",221.361421954918,2.38402437439771e-14
"species_2_bathy_extrap_only",221.927017358875,2.19178584244702e-14
"species_2_bathy_extrap_only",222.492612762833,2.01504886046403e-14
"species_2_bathy_extrap_only",223.05820816679,1.85256320781859e-14
"species_2_bathy_extrap_only",223.623803570747,1.70317979961447e-14
"species_2_bathy_extrap_only",224.189398974705,1.56584543508503e-14
"species_2_bathy_extrap_only",224.754994378662,1.43958179117621e-14
"species_2_bathy_extrap_only",225.32058978262,1.32349956799669e-14
"species_2_bathy_extrap_only",225.886185186577,1.21677773651067e-14
"species_2_bathy_extrap_only",226.451780590534,1.11866159036218e-14
"species_2_bathy_extrap_only",227.017375994492,1.02845707075422e-14
"species_2_bathy_extrap_only",227.582971398449,9.45526277174209e-15
"species_2_bathy_extrap_only",228.148566802406,8.69284756888555e-15
"species_2_bathy_extrap_only",228.714162206364,7.99188968854999e-15
"species_2_bathy_extrap_only",229.279757610321,7.34745516381766e-15
"species_2_bathy_extrap_only",229.845353014278,6.75498526336643e-15
"species_2_bathy_extrap_only",230.410948418236,6.21028929168976e-15
"species_2_bathy_extrap_only",230.976543822193,5.70951621349297e-15
"species_2_bathy_extrap_only",231.54213922615,5.24912288995768e-15
"species_2_bathy_extrap_only",232.107734630108,4.82586518489592e-15
"species_2_bathy_extrap_only",232.673330034065,4.43672639046603e-15
"species_2_bathy_extrap_only",233.238925438023,4.07896593156718e-15
"species_2_bathy_extrap_only",233.80452084198,3.75005414430239e-15
"species_2_bathy_extrap_only",234.370116245937,3.44766444092379e-15
"species_2_bathy_extrap_only",234.935711649895,3.16965827499779e-15
"species_2_bathy_extrap_only",235.501307053852,2.91406925953736e-15
"species_2_bathy_extrap_only",236.066902457809,2.67909024974952e-15
"species_2_bathy_extrap_only",236.632497861767,2.46306444918944e-15
"species_2_bathy_extrap_only",237.198093265724,2.39499476396572e-15
"species_2_bathy_extrap_only",237.763688669682,2.39499476396572e-15
"species_2_bathy_extrap_only",238.329284073639,2.39499476396572e-15
"species_2_bathy_extrap_only",238.894879477596,2.39499476396572e-15
"species_2_bathy_extrap_only",239.460474881554,2.39499476396572e-15
"species_2_bathy_extrap_only",240.026070285511,2.39499476396572e-15
"species_2_bathy_extrap_only",240.591665689468,2.39499476396572e-15
"species_2_bathy_extrap_only",241.157261093426,2.39499476396572e-15
"species_2_bathy_extrap_only",241.722856497383,2.39499476396572e-15
"species_2_bathy_extrap_only",242.28845190134,2.39499476396572e-15
"species_2_bathy_extrap_only",242.854047305298,2.39499476396572e-15
"species_2_bathy_extrap_only",243.419642709255,2.39499476396572e-15
"species_2_bathy_extrap_only",243.985238113213,2.39499476396572e-15
"species_2_bathy_extrap_only",244.55083351717,2.39499476396572e-15
"species_2_bathy_extrap_only",245.116428921127,2.39499476396572e-15
"species_2_bathy_extrap_only",245.682024325085,2.39499476396572e-15
"species_2_bathy_extrap_only",246.247619729042,2.39499476396572e-15
"species_2_bathy_extrap_only",246.813215132999,2.39499476396572e-15
"species_2_bathy_extrap_only",247.378810536957,2.39499476396572e-15
"species_2_bathy_extrap_only",247.944405940914,2.39499476396572e-15
"species_2_bathy_extrap_only",248.510001344872,2.39499476396572e-15
"species_2_bathy_extrap_only",249.075596748829,2.39499476396572e-15
"species_2_bathy_extrap_only",249.641192152786,2.39499476396572e-15
"species_2_bathy_extrap_only",250.206787556744,2.39499476396572e-15
"species_2_bathy_extrap_only",250.772382960701,2.39499476396572e-15
"species_2_bathy_extrap_only",251.337978364658,2.39499476396572e-15
"species_2_bathy_extrap_only",251.903573768616,2.39499476396572e-15
"species_2_bathy_extrap_only",252.469169172573,2.39499476396572e-15
"species_2_bathy_extrap_only",253.03476457653,2.39499476396572e-15
"species_2_bathy_extrap_only",253.600359980488,2.39499476396572e-15
"species_2_bathy_extrap_only",254.165955384445,2.39499476396572e-15
"species_2_bathy_extrap_only",254.731550788403,2.39499476396572e-15
"species_2_bathy_extrap_only",255.29714619236,2.39499476396572e-15
"species_2_bathy_extrap_only",255.862741596317,2.39499476396572e-15
"species_2_bathy_extrap_only",256.428337000275,2.39499476396572e-15
"species_2_bathy_extrap_only",256.993932404232,2.39499476396572e-15
"species_2_bathy_extrap_only",257.559527808189,2.39499476396572e-15
"species_2_bathy_extrap_only",258.125123212147,2.39499476396572e-15
"species_2_bathy_extrap_only",258.690718616104,2.39499476396572e-15
"species_2_bathy_extrap_only",259.256314020062,2.39499476396572e-15
"species_2_bathy_extrap_only",259.821909424019,2.39499476396572e-15
"species_2_bathy_extrap_only",260.387504827976,2.39499476396572e-15
"species_2_bathy_extrap",-22.4101971507073,0.632856667041779
"species_2_bathy_extrap",-21.8446017467499,0.632856667041779
"species_2_bathy_extrap",-21.2790063427925,0.632856667041779
"species_2_bathy_extrap",-20.7134109388352,0.632856667041779
"species_2_bathy_extrap",-20.1478155348778,0.632856667041779
"species_2_bathy_extrap",-19.5822201309204,0.632856667041779
"species_2_bathy_extrap",-19.0166247269631,0.632856667041779
"species_2_bathy_extrap",-18.4510293230057,0.632856667041779
"species_2_bathy_extrap",-17.8854339190483,0.632856667041779
"species_2_bathy_extrap",-17.319838515091,0.632856667041779
"species_2_bathy_extrap",-16.7542431111336,0.632856667041779
"species_2_bathy_extrap",-16.1886477071762,0.632856667041779
"species_2_bathy_extrap",-15.6230523032189,0.632856667041779
"species_2_bathy_extrap",-15.0574568992615,0.632856667041779
"species_2_bathy_extrap",-14.4918614953041,0.632856667041779
"species_2_bathy_extrap",-13.9262660913467,0.632856667041779
"species_2_bathy_extrap",-13.3606706873894,0.632856667041779
"species_2_bathy_extrap",-12.795075283432,0.632856667041779
"species_2_bathy_extrap",-12.2294798794746,0.632856667041779
"species_2_bathy_extrap",-11.6638844755173,0.632856667041779
"species_2_bathy_extrap",-11.0982890715599,0.632856667041779
"species_2_bathy_extrap",-10.5326936676025,0.632856667041779
"species_2_bathy_extrap",-9.96709826364518,0.632856667041779
"species_2_bathy_extrap",-9.40150285968781,0.632856667041779
"species_2_bathy_extrap",-8.83590745573045,0.632856667041779
"species_2_bathy_extrap",-8.27031205177308,0.632856667041779
"species_2_bathy_extrap",-7.70471664781571,0.632856667041779
"species_2_bathy_extrap",-7.13912124385834,0.632856667041779
"species_2_bathy_extrap",-6.57352583990098,0.632856667041779
"species_2_bathy_extrap",-6.00793043594361,0.632856667041779
"species_2_bathy_extrap",-5.44233503198624,0.632856667041779
"species_2_bathy_extrap",-4.87673962802888,0.632856667041779
"species_2_bathy_extrap",-4.31114422407151,0.632856667041779
"species_2_bathy_extrap",-3.74554882011414,0.632856667041779
"species_2_bathy_extrap",-3.17995341615678,0.632856667041779
"species_2_bathy_extrap",-2.61435801219941,0.632856667041779
"species_2_bathy_extrap",-2.04876260824204,0.632856667041779
"species_2_bathy_extrap",-1.48316720428468,0.632856667041779
"species_2_bathy_extrap",-0.917571800327309,0.632856667041779
"species_2_bathy_extrap",-0.351976396369938,0.632856667041779
"species_2_bathy_extrap",0.213619007587425,0.632856667041779
"species_2_bathy_extrap",0.779214411544793,0.632856667041779
"species_2_bathy_extrap",1.34480981550216,0.626639425754547
"species_2_bathy_extrap",1.91040521945953,0.607742190361023
"species_2_bathy_extrap",2.47600062341689,0.588516592979431
"species_2_bathy_extrap",3.04159602737426,0.569016933441162
"species_2_bathy_extrap",3.60719143133163,0.549300849437714
"species_2_bathy_extrap",4.17278683528899,0.529428720474243
"species_2_bathy_extrap",4.73838223924636,0.509462893009186
"species_2_bathy_extrap",5.30397764320373,0.489466786384583
"species_2_bathy_extrap",5.8695730471611,0.469504356384277
"species_2_bathy_extrap",6.43516845111846,0.449639022350311
"species_2_bathy_extrap",7.00076385507583,0.42993301153183
"species_2_bathy_extrap",7.5663592590332,0.410446584224701
"species_2_bathy_extrap",8.13195466299057,0.39123722910881
"species_2_bathy_extrap",8.69755006694793,0.372359037399292
"species_2_bathy_extrap",9.2631454709053,0.353862285614014
"species_2_bathy_extrap",9.82874087486266,0.335792750120163
"species_2_bathy_extrap",10.39433627882,0.318191558122635
"species_2_bathy_extrap",10.9599316827774,0.301094770431518
"species_2_bathy_extrap",11.5255270867348,0.284533202648163
"species_2_bathy_extrap",12.0911224906921,0.268532574176788
"species_2_bathy_extrap",12.6567178946495,0.253113448619843
"species_2_bathy_extrap",13.2223132986069,0.238291248679161
"species_2_bathy_extrap",13.7879087025642,0.224076628684998
"species_2_bathy_extrap",14.3535041065216,0.210475623607635
"species_2_bathy_extrap",14.919099510479,0.19749005138874
"species_2_bathy_extrap",15.4846949144363,0.185117825865746
"species_2_bathy_extrap",16.0502903183937,0.173353210091591
"species_2_bathy_extrap",16.6158857223511,0.162187516689301
"species_2_bathy_extrap",17.1814811263084,0.151609063148499
"species_2_bathy_extrap",17.7470765302658,0.141603961586952
"species_2_bathy_extrap",18.3126719342232,0.132156267762184
"species_2_bathy_extrap",18.8782673381805,0.123248420655727
"species_2_bathy_extrap",19.4438627421379,0.114861525595188
"species_2_bathy_extrap",20.0094581460953,0.106975711882114
"species_2_bathy_extrap",20.5750535500526,0.0995703935623169
"species_2_bathy_extrap",21.14064895401,0.0926245301961899
"species_2_bathy_extrap",21.7062443579674,0.0861168876290321
"species_2_bathy_extrap",22.2718397619247,0.0800261124968529
"species_2_bathy_extrap",22.8374351658821,0.0743310824036598
"species_2_bathy_extrap",23.4030305698395,0.0690109357237816
"species_2_bathy_extrap",23.9686259737968,0.0640452206134796
"species_2_bathy_extrap",24.5342213777542,0.059414017945528
"species_2_bathy_extrap",25.0998167817116,0.0550979897379875
"species_2_bathy_extrap",25.6654121856689,0.0510784648358822
"species_2_bathy_extrap",26.2310075896263,0.0473374836146832
"species_2_bathy_extrap",26.7966029935837,0.0438578389585018
"species_2_bathy_extrap",27.362198397541,0.0406230539083481
"species_2_bathy_extrap",27.9277938014984,0.0376174710690975
"species_2_bathy_extrap",28.4933892054558,0.0348261892795563
"species_2_bathy_extrap",29.0589846094131,0.0322350859642029
"species_2_bathy_extrap",29.6245800133705,0.0298308059573174
"species_2_bathy_extrap",30.1901754173279,0.0276007372885942
"species_2_bathy_extrap",30.7557708212852,0.0255329944193363
"species_2_bathy_extrap",31.3213662252426,0.0236164033412933
"species_2_bathy_extrap",31.8869616292,0.0218404475599527
"species_2_bathy_extrap",32.4525570331573,0.0201952811330557
"species_2_bathy_extrap",33.0181524371147,0.0186716690659523
"species_2_bathy_extrap",33.5837478410721,0.0172609891742468
"species_2_bathy_extrap",34.1493432450294,0.0159551557153463
"species_2_bathy_extrap",34.7149386489868,0.0147466212511063
"species_2_bathy_extrap",35.2805340529442,0.0136283673346043
"species_2_bathy_extrap",35.8461294569016,0.0125938216224313
"species_2_bathy_extrap",36.4117248608589,0.0116368886083364
"species_2_bathy_extrap",36.9773202648163,0.0107518704608083
"species_2_bathy_extrap",37.5429156687737,0.00993348937481642
"species_2_bathy_extrap",38.108511072731,0.009176816791296
"species_2_bathy_extrap",38.6741064766884,0.0084772938862443
"species_2_bathy_extrap",39.2397018806457,0.0078306719660759
"species_2_bathy_extrap",39.8052972846031,0.00723300920799375
"species_2_bathy_extrap",40.3708926885605,0.00668065808713436
"species_2_bathy_extrap",40.9364880925178,0.00617022207006812
"species_2_bathy_extrap",41.5020834964752,0.00569856492802501
"species_2_bathy_extrap",42.0676789004326,0.00526276836171746
"species_2_bathy_extrap",42.63327430439,0.0048601389862597
"species_2_bathy_extrap",43.1988697083473,0.00448817107826471
"species_2_bathy_extrap",43.7644651123047,0.00414455542340875
"species_2_bathy_extrap",44.3300605162621,0.00382714602164924
"species_2_bathy_extrap",44.8956559202194,0.00353395706042647
"species_2_bathy_extrap",45.4612513241768,0.00326315686106682
"species_2_bathy_extrap",46.0268467281342,0.00301304296590388
"species_2_bathy_extrap",46.5924421320915,0.00278204795904458
"species_2_bathy_extrap",47.1580375360489,0.00256871525198221
"species_2_bathy_extrap",47.7236329400063,0.0023717035073787
"species_2_bathy_extrap",48.2892283439636,0.00218976871110499
"species_2_bathy_extrap",48.854823747921,0.00202176091261208
"species_2_bathy_extrap",49.4204191518784,0.00186662026681006
"species_2_bathy_extrap",49.9860145558357,0.00172336294781417
"species_2_bathy_extrap",50.5516099597931,0.00159108347725123
"species_2_bathy_extrap",51.1172053637505,0.00146894156932831
"species_2_bathy_extrap",51.6828007677078,0.00135616410989314
"species_2_bathy_extrap",52.2483961716652,0.001252033514902
"species_2_bathy_extrap",52.8139915756226,0.00115588982589543
"species_2_bathy_extrap",53.3795869795799,0.0010671210475266
"species_2_bathy_extrap",53.9451823835373,0.000985162216238678
"species_2_bathy_extrap",54.5107777874947,0.00090949289733544
"species_2_bathy_extrap",55.076373191452,0.000839630316477269
"species_2_bathy_extrap",55.6419685954094,0.000775130523834378
"species_2_bathy_extrap",56.2075639993668,0.000715581583790481
"species_2_bathy_extrap",56.7731594033241,0.000660604797303677
"species_2_bathy_extrap",57.3387548072815,0.00060984882293269
"species_2_bathy_extrap",57.9043502112389,0.000562990724574775
"species_2_bathy_extrap",58.4699456151962,0.00051973108202219
"species_2_bathy_extrap",59.0355410191536,0.000479793641716242
"species_2_bathy_extrap",59.601136423111,0.000442923948867247
"species_2_bathy_extrap",60.1667318270683,0.000408886146033183
"species_2_bathy_extrap",60.7323272310257,0.000377463293261826
"species_2_bathy_extrap",61.2979226349831,0.00034845425398089
"species_2_bathy_extrap",61.8635180389404,0.000321674073347822
"species_2_bathy_extrap",62.4291134428978,0.000296951300697401
"species_2_bathy_extrap",62.9947088468552,0.000274128251476213
"species_2_bathy_extrap",63.5603042508125,0.000253058911766857
"species_2_bathy_extrap",64.1258996547699,0.000233608428970911
"species_2_bathy_extrap",64.6914950587273,0.000215652631595731
"species_2_bathy_extrap",65.2570904626846,0.000199076894205064
"species_2_bathy_extrap",65.822685866642,0.000183774798642844
"species_2_bathy_extrap",66.3882812705994,0.000169648687005974
"species_2_bathy_extrap",66.9538766745567,0.000156608235556632
"species_2_bathy_extrap",67.5194720785141,0.000144570192787796
"species_2_bathy_extrap",68.0850674824715,0.000133457200718112
"species_2_bathy_extrap",68.6506628864288,0.000123198347864673
"species_2_bathy_extrap",69.2162582903862,0.000113728136057034
"species_2_bathy_extrap",69.7818536943436,0.000104985701909754
"species_2_bathy_extrap",70.3474490983009,9.69152388279326e-05
"species_2_bathy_extrap",70.9130445022583,8.94651238922961e-05
"species_2_bathy_extrap",71.4786399062157,8.25877505121753e-05
"species_2_bathy_extrap",72.044235310173,7.62389390729368e-05
"species_2_bathy_extrap",72.6098307141304,7.03781479387544e-05
"species_2_bathy_extrap",73.1754261180878,6.49679350317456e-05
"species_2_bathy_extrap",73.7410215220451,5.99735394644085e-05
"species_2_bathy_extrap",74.3066169260025,5.53630634385627e-05
"species_2_bathy_extrap",74.8722123299599,5.11069993081037e-05
"species_2_bathy_extrap",75.4378077339172,4.71781604574062e-05
"species_2_bathy_extrap",76.0034031378746,4.35512883996125e-05
"species_2_bathy_extrap",76.568998541832,4.02032237616368e-05
"species_2_bathy_extrap",77.1345939457893,3.7112578866072e-05
"species_2_bathy_extrap",77.7001893497467,3.42594830726739e-05
"species_2_bathy_extrap",78.2657847537041,3.16257173835766e-05
"species_2_bathy_extrap",78.8313801576614,2.91944215859985e-05
"species_2_bathy_extrap",79.3969755616188,2.69500615104334e-05
"species_2_bathy_extrap",79.9625709655762,2.48782089329325e-05
"species_2_bathy_extrap",80.5281663695335,2.29656307055848e-05
"species_2_bathy_extrap",81.0937617734909,2.12000832107151e-05
"species_2_bathy_extrap",81.6593571774483,1.9570286895032e-05
"species_2_bathy_extrap",82.2249525814056,1.80657607415924e-05
"species_2_bathy_extrap",82.790547985363,1.6676898667356e-05
"species_2_bathy_extrap",83.3561433893204,1.5394825823023e-05
"species_2_bathy_extrap",83.9217387932777,1.42112967296271e-05
"species_2_bathy_extrap",84.4873341972351,1.31187553051859e-05
"species_2_bathy_extrap",85.0529296011925,1.21102048069588e-05
"species_2_bathy_extrap",85.6185250051498,1.11792014649836e-05
"species_2_bathy_extrap",86.1841204091072,1.03197598946281e-05
"species_2_bathy_extrap",86.7497158130646,9.52639038587222e-06
"species_2_bathy_extrap",87.315311217022,8.79402341524838e-06
"species_2_bathy_extrap",87.8809066209793,8.11794961919077e-06
"species_2_bathy_extrap",88.4465020249367,7.49385071685538e-06
"species_2_bathy_extrap",89.0120974288941,6.91773175276467e-06
"species_2_bathy_extrap",89.5776928328514,6.38591109236586e-06
"species_2_bathy_extrap",90.1432882368088,5.89496858083294e-06
"species_2_bathy_extrap",90.7088836407662,5.44176964467624e-06
"species_2_bathy_extrap",91.2744790447235,5.02341163155506e-06
"species_2_bathy_extrap",91.8400744486809,4.63722153654089e-06
"species_2_bathy_extrap",92.4056698526382,4.28071598435054e-06
"species_2_bathy_extrap",92.9712652565956,3.95161850974546e-06
"species_2_bathy_extrap",93.536860660553,3.64782522410678e-06
"species_2_bathy_extrap",94.1024560645104,3.3673834423098e-06
"species_2_bathy_extrap",94.6680514684677,3.10850191453937e-06
"species_2_bathy_extrap",95.2336468724251,2.86952263195417e-06
"species_2_bathy_extrap",95.7992422763824,2.64891900769726e-06
"species_2_bathy_extrap",96.3648376803398,2.4452720026602e-06
"species_2_bathy_extrap",96.9304330842972,2.25728149416682e-06
"species_2_bathy_extrap",97.4960284882546,2.08374558496871e-06
"species_2_bathy_extrap",98.0616238922119,1.92354877981415e-06
"species_2_bathy_extrap",98.6272192961693,1.77566766978998e-06
"species_2_bathy_extrap",99.1928147001267,1.63915558459848e-06
"species_2_bathy_extrap",99.758410104084,1.51314009144699e-06
"species_2_bathy_extrap",100.324005508041,1.39681094424304e-06
"species_2_bathy_extrap",100.889600911999,1.28942508581531e-06
"species_2_bathy_extrap",101.455196315956,1.19029618872446e-06
"species_2_bathy_extrap",102.020791719913,1.09878703824506e-06
"species_2_bathy_extrap",102.586387123871,1.01431305665756e-06
"species_2_bathy_extrap",103.151982527828,9.36333321988059e-07
"species_2_bathy_extrap",103.717577931786,8.64349544826837e-07
"species_2_bathy_extrap",104.283173335743,7.97898906057526e-07
"species_2_bathy_extrap",104.8487687397,7.36556955871492e-07
"species_2_bathy_extrap",105.414364143658,6.79930906244408e-07
"species_2_bathy_extrap",105.979959547615,6.27658948815224e-07
"species_2_bathy_extrap",106.545554951572,5.79404911604797e-07
"species_2_bathy_extrap",107.11115035553,5.34860646439483e-07
"species_2_bathy_extrap",107.676745759487,4.93741424634209e-07
"species_2_bathy_extrap",108.242341163445,4.55782867447851e-07
"species_2_bathy_extrap",108.807936567402,4.2074256612068e-07
"species_2_bathy_extrap",109.373531971359,3.88396131256741e-07
"species_2_bathy_extrap",109.939127375317,3.58536851763347e-07
"species_2_bathy_extrap",110.504722779274,3.30972767415005e-07
"species_2_bathy_extrap",111.070318183231,3.05527777300085e-07
"species_2_bathy_extrap",111.635913587189,2.82039280818935e-07
"species_2_bathy_extrap",112.201508991146,2.60356273429352e-07
"species_2_bathy_extrap",112.767104395103,2.4034025614128e-07
"species_2_bathy_extrap",113.332699799061,2.21863032834335e-07
"species_2_bathy_extrap",113.898295203018,2.04806553938397e-07
"species_2_bathy_extrap",114.463890606976,1.89061154287629e-07
"species_2_bathy_extrap",115.029486010933,1.74526235241501e-07
"species_2_bathy_extrap",115.59508141489,1.61108772545049e-07
"species_2_bathy_extrap",116.160676818848,1.48722989479211e-07
"species_2_bathy_extrap",116.726272222805,1.37289248414163e-07
"species_2_bathy_extrap",117.291867626762,1.26734533978379e-07
"species_2_bathy_extrap",117.85746303072,1.16991380139098e-07
"species_2_bathy_extrap",118.423058434677,1.07997152554162e-07
"species_2_bathy_extrap",118.988653838634,9.96943967379593e-08
"species_2_bathy_extrap",119.554249242592,9.20299498829991e-08
"species_2_bathy_extrap",120.119844646549,8.49548342785056e-08
"species_2_bathy_extrap",120.685440050507,7.84235538731082e-08
"species_2_bathy_extrap",121.251035454464,7.23943998082177e-08
"species_2_bathy_extrap",121.816630858421,6.68288322458466e-08
"species_2_bathy_extrap",122.382226262379,6.16910682538219e-08
"species_2_bathy_extrap",122.947821666336,5.69482985213199e-08
"species_2_bathy_extrap",123.513417070293,5.25701473463869e-08
"species_2_bathy_extrap",124.079012474251,4.85286371088023e-08
"species_2_bathy_extrap",124.644607878208,4.47977832607194e-08
"species_2_bathy_extrap",125.210203282166,4.13537577514944e-08
"species_2_bathy_extrap",125.775798686123,3.81745444144599e-08
"species_2_bathy_extrap",126.34139409008,3.52397080405353e-08
"species_2_bathy_extrap",126.906989494038,3.25305009596377e-08
"species_2_bathy_extrap",127.472584897995,3.00295752708735e-08
"species_2_bathy_extrap",128.038180301952,2.77209473154016e-08
"species_2_bathy_extrap",128.60377570591,2.55897774081859e-08
"species_2_bathy_extrap",129.169371109867,2.36224497740523e-08
"species_2_bathy_extrap",129.734966513824,2.18063700430093e-08
"species_2_bathy_extrap",130.300561917782,2.01299101831864e-08
"species_2_bathy_extrap",130.866157321739,1.85823729736967e-08
"species_2_bathy_extrap",131.431752725697,1.7153771736389e-08
"species_2_bathy_extrap",131.997348129654,1.58349990897477e-08
"species_2_bathy_extrap",132.562943533611,1.46176137860721e-08
"species_2_bathy_extrap",133.128538937569,1.34938202833723e-08
"species_2_bathy_extrap",133.694134341526,1.24564234482705e-08
"species_2_bathy_extrap",134.259729745483,1.14987805943656e-08
"species_2_bathy_extrap",134.825325149441,1.06147615142049e-08
"species_2_bathy_extrap",135.390920553398,9.79872627482337e-09
"species_2_bathy_extrap",135.956515957356,9.04540531365683e-09
"species_2_bathy_extrap",136.522111361313,8.34999980270368e-09
"species_2_bathy_extrap",137.08770676527,7.70805730354596e-09
"species_2_bathy_extrap",137.653302169228,7.11546599418966e-09
"species_2_bathy_extrap",138.218897573185,6.56843290869347e-09
"species_2_bathy_extrap",138.784492977142,6.06345595954849e-09
"species_2_bathy_extrap",139.3500883811,5.59731283544807e-09
"species_2_bathy_extrap",139.915683785057,5.16699483199545e-09
"species_2_bathy_extrap",140.481279189014,4.76975925423062e-09
"species_2_bathy_extrap",141.046874592972,4.40306280324876e-09
"species_2_bathy_extrap",141.612469996929,4.0645580234866e-09
"species_2_bathy_extrap",142.178065400887,3.75207731551086e-09
"species_2_bathy_extrap",142.743660804844,3.46361961334196e-09
"species_2_bathy_extrap",143.309256208801,3.1973454994727e-09
"species_2_bathy_extrap",143.874851612759,2.95153546048255e-09
"species_2_bathy_extrap",144.440447016716,2.72462319372835e-09
"species_2_bathy_extrap",145.006042420673,2.51515563931548e-09
"species_2_bathy_extrap",145.571637824631,2.32179209191941e-09
"species_2_bathy_extrap",146.137233228588,2.14329398673385e-09
"species_2_bathy_extrap",146.702828632545,1.97851868222187e-09
"species_2_bathy_extrap",147.268424036503,1.82641535229067e-09
"species_2_bathy_extrap",147.83401944046,1.68600156058574e-09
"species_2_bathy_extrap",148.399614844418,1.55638280041615e-09
"species_2_bathy_extrap",148.965210248375,1.43672895802638e-09
"species_2_bathy_extrap",149.530805652332,1.32627409055175e-09
"species_2_bathy_extrap",150.09640105629,1.22431087490327e-09
"species_2_bathy_extrap",150.661996460247,1.13018661096476e-09
"species_2_bathy_extrap",151.227591864204,1.0433007791022e-09
"species_2_bathy_extrap",151.793187268162,9.63092383621245e-10
"species_2_bathy_extrap",152.358782672119,8.89050444374817e-10
"species_2_bathy_extrap",152.924378076077,8.20700729597945e-10
"species_2_bathy_extrap",153.489973480034,7.57605755907775e-10
"species_2_bathy_extrap",154.055568883991,6.99361457634495e-10
"species_2_bathy_extrap",154.621164287949,6.45594966375285e-10
"species_2_bathy_extrap",155.186759691906,5.95963278726685e-10
"species_2_bathy_extrap",155.752355095863,5.50145984323791e-10
"species_2_bathy_extrap",156.317950499821,5.07851094511125e-10
"species_2_bathy_extrap",156.883545903778,4.68807770381829e-10
"species_2_bathy_extrap",157.449141307735,4.32766100733062e-10
"species_2_bathy_extrap",158.014736711693,3.99495297953578e-10
"species_2_bathy_extrap",158.58033211565,3.68782338000528e-10
"species_2_bathy_extrap",159.145927519608,3.40430572620676e-10
"species_2_bathy_extrap",159.711522923565,3.14259146483309e-10
"species_2_bathy_extrap",160.277118327522,2.9009908364408e-10
"species_2_bathy_extrap",160.84271373148,2.67796423925048e-10
"species_2_bathy_extrap",161.408309135437,2.47208392645248e-10
"species_2_bathy_extrap",161.973904539394,2.28203164698293e-10
"species_2_bathy_extrap",162.539499943352,2.10659031885108e-10
"species_2_bathy_extrap",163.105095347309,1.94463695146752e-10
"species_2_bathy_extrap",163.670690751266,1.79513820475208e-10
"species_2_bathy_extrap",164.236286155224,1.65712901734061e-10
"species_2_bathy_extrap",164.801881559181,1.52972995381972e-10
"species_2_bathy_extrap",165.367476963139,1.41212513904421e-10
"species_2_bathy_extrap",165.933072367096,1.30356184180336e-10
"species_2_bathy_extrap",166.498667771053,1.20334478492801e-10
"species_2_bathy_extrap",167.064263175011,1.11083232889886e-10
"species_2_bathy_extrap",167.629858578968,1.02543439017833e-10
"species_2_bathy_extrap",168.195453982925,9.46599604256804e-11
"species_2_bathy_extrap",168.761049386883,8.73825595215649e-11
"species_2_bathy_extrap",169.32664479084,8.06646346940276e-11
"species_2_bathy_extrap",169.892240194798,7.44631856175459e-11
"species_2_bathy_extrap",170.457835598755,6.87385010023078e-11
"species_2_bathy_extrap",171.023431002712,6.34539226718189e-11
"species_2_bathy_extrap",171.58902640667,5.8575748418388e-11
"species_2_bathy_extrap",172.154621810627,5.40724791331382e-11
"species_2_bathy_extrap",172.720217214584,4.99154190203299e-11
"species_2_bathy_extrap",173.285812618542,4.60779504829478e-11
"species_2_bathy_extrap",173.851408022499,4.25355063671251e-11
"species_2_bathy_extrap",174.417003426456,3.92653999592429e-11
"species_2_bathy_extrap",174.982598830414,3.62467000858402e-11
"species_2_bathy_extrap",175.548194234371,3.34601478468866e-11
"species_2_bathy_extrap",176.113789638329,3.08877506904892e-11
"species_2_bathy_extrap",176.679385042286,2.85131172145237e-11
"species_2_bathy_extrap",177.244980446243,2.63210460371699e-11
"species_2_bathy_extrap",177.810575850201,2.42974997760603e-11
"species_2_bathy_extrap",178.376171254158,2.24295217815529e-11
"species_2_bathy_extrap",178.941766658115,2.07051528700042e-11
"species_2_bathy_extrap",179.507362062073,1.91133948945765e-11
"species_2_bathy_extrap",180.07295746603,1.76439678839513e-11
"species_2_bathy_extrap",180.638552869987,1.62875095355286e-11
"species_2_bathy_extrap",181.204148273945,1.50353358235877e-11
"species_2_bathy_extrap",181.769743677902,1.3879427988861e-11
"species_2_bathy_extrap",182.33533908186,1.28123857009999e-11
"species_2_bathy_extrap",182.900934485817,1.18273767515942e-11
"species_2_bathy_extrap",183.466529889774,1.09180945534471e-11
"species_2_bathy_extrap",184.032125293732,1.00787399259783e-11
"species_2_bathy_extrap",184.597720697689,9.30389185832548e-12
"species_2_bathy_extrap",185.163316101646,8.5886141948377e-12
"species_2_bathy_extrap",185.728911505604,7.92832639817664e-12
"species_2_bathy_extrap",186.294506909561,7.3188018145931e-12
"species_2_bathy_extrap",186.860102313518,6.75613644890438e-12
"species_2_bathy_extrap",187.425697717476,6.23672858149349e-12
"species_2_bathy_extrap",187.991293121433,5.75726489052131e-12
"species_2_bathy_extrap",188.556888525391,5.31464976194496e-12
"species_2_bathy_extrap",189.122483929348,4.9060625353925e-12
"species_2_bathy_extrap",189.688079333305,4.52888724786216e-12
"species_2_bathy_extrap",190.253674737263,4.18070916427538e-12
"species_2_bathy_extrap",190.81927014122,3.85929873128465e-12
"species_2_bathy_extrap",191.384865545177,3.56259791632618e-12
"species_2_bathy_extrap",191.950460949135,3.28871456976854e-12
"species_2_bathy_extrap",192.516056353092,3.03588014102796e-12
"species_2_bathy_extrap",193.08165175705,2.80248350567613e-12
"species_2_bathy_extrap",193.647247161007,2.58703019943851e-12
"species_2_bathy_extrap",194.212842564964,2.38814090031125e-12
"species_2_bathy_extrap",194.778437968922,2.20454188758212e-12
"species_2_bathy_extrap",195.344033372879,2.03505810293658e-12
"species_2_bathy_extrap",195.909628776836,1.87860794628736e-12
"species_2_bathy_extrap",196.475224180794,1.73418170015122e-12
"species_2_bathy_extrap",197.040819584751,1.60085887688371e-12
"species_2_bathy_extrap",197.606414988709,1.47778577569424e-12
"species_2_bathy_extrap",198.172010392666,1.36417439844383e-12
"species_2_bathy_extrap",198.737605796623,1.25929746231518e-12
"species_2_bathy_extrap",199.303201200581,1.16248341248265e-12
"species_2_bathy_extrap",199.868796604538,1.0731146873888e-12
"species_2_bathy_extrap",200.434392008495,9.90614274637425e-13
"species_2_bathy_extrap",200.999987412453,9.14456444595091e-13
"species_2_bathy_extrap",201.56558281641,8.44153577334722e-13
"species_2_bathy_extrap",202.131178220367,7.79255512114302e-13
"species_2_bathy_extrap",202.696773624325,7.19346836871443e-13
"species_2_bathy_extrap",203.262369028282,6.64043852457302e-13
"species_2_bathy_extrap",203.82796443224,6.1299386790517e-13
"species_2_bathy_extrap",204.393559836197,5.65867231544504e-13
"species_2_bathy_extrap",204.959155240154,5.2236372779374e-13
"species_2_bathy_extrap",205.524750644112,4.82204716694551e-13
"species_2_bathy_extrap",206.090346048069,4.45133079701732e-13
"species_2_bathy_extrap",206.655941452026,4.10911512064779e-13
"species_2_bathy_extrap",207.221536855984,3.7932086941958e-13
"species_2_bathy_extrap",207.787132259941,3.50159652792378e-13
"species_2_bathy_extrap",208.352727663898,3.23239590475921e-13
"species_2_bathy_extrap",208.918323067856,2.98389107476413e-13
"species_2_bathy_extrap",209.483918471813,2.75449124230095e-13
"species_2_bathy_extrap",210.049513875771,2.54272758447652e-13
"species_2_bathy_extrap",210.615109279728,2.34724430647412e-13
"species_2_bathy_extrap",211.180704683685,2.16678942583509e-13
"species_2_bathy_extrap",211.746300087643,2.00020799619519e-13
"species_2_bathy_extrap",212.3118954916,1.84643709284955e-13
"species_2_bathy_extrap",212.877490895557,1.70448412870929e-13
"species_2_bathy_extrap",213.443086299515,1.57344433706144e-13
"species_2_bathy_extrap",214.008681703472,1.45247881647506e-13
"species_2_bathy_extrap",214.57427710743,1.34081317554845e-13
"species_2_bathy_extrap",215.139872511387,1.23773224742357e-13
"species_2_bathy_extrap",215.705467915344,1.14257602402794e-13
"species_2_bathy_extrap",216.271063319302,1.05473775872077e-13
"species_2_bathy_extrap",216.836658723259,9.73650142715304e-14
"species_2_bathy_extrap",217.402254127216,8.98796485913726e-14
"species_2_bathy_extrap",217.967849531174,8.29697570955794e-14
"species_2_bathy_extrap",218.533444935131,7.65910907829862e-14
"species_2_bathy_extrap",219.099040339088,7.07028091130081e-14
"species_2_bathy_extrap",219.664635743046,6.52672157313607e-14
"species_2_bathy_extrap",220.230231147003,6.02496432735786e-14
"species_2_bathy_extrap",220.795826550961,5.56176842590999e-14
"species_2_bathy_extrap",221.361421954918,5.13418314481741e-14
"species_2_bathy_extrap",221.927017358875,4.73947019596823e-14
"species_2_bathy_extrap",222.492612762833,4.37510237186103e-14
"species_2_bathy_extrap",223.05820816679,4.03874694375906e-14
"species_2_bathy_extrap",223.623803570747,3.72825041509723e-14
"species_2_bathy_extrap",224.189398974705,3.44163208403168e-14
"species_2_bathy_extrap",224.754994378662,3.17704169179242e-14
"species_2_bathy_extrap",225.32058978262,2.93279228756171e-14
"species_2_bathy_extrap",225.886185186577,2.70732109555185e-14
"species_2_bathy_extrap",226.451780590534,2.4991837551812e-14
"species_2_bathy_extrap",227.017375994492,2.30704805303031e-14
"species_2_bathy_extrap",227.582971398449,2.1296834196334e-14
"species_2_bathy_extrap",228.148566802406,1.96595889659932e-14
"species_2_bathy_extrap",228.714162206364,1.81481721740328e-14
"species_2_bathy_extrap",229.279757610321,1.67529513617768e-14
"species_2_bathy_extrap",229.845353014278,1.54649937197634e-14
"species_2_bathy_extrap",230.410948418236,1.4276054229284e-14
"species_2_bathy_extrap",230.976543822193,1.31785189111757e-14
"species_2_bathy_extrap",231.54213922615,1.21653624741741e-14
"species_2_bathy_extrap",232.107734630108,1.12301203628257e-14
"species_2_bathy_extrap",232.673330034065,1.03667557733154e-14
"species_2_bathy_extrap",233.238925438023,9.56976553258488e-15
"species_2_bathy_extrap",233.80452084198,8.8340471141599e-15
"species_2_bathy_extrap",234.370116245937,8.15489101485371e-15
"species_2_bathy_extrap",234.935711649895,7.52794772048218e-15
"species_2_bathy_extrap",235.501307053852,6.94920356542473e-15
"species_2_bathy_extrap",236.066902457809,6.41495278053713e-15
"species_2_bathy_extrap",236.632497861767,5.92178775227258e-15
"species_2_bathy_extrap",237.198093265724,5.76596503019684e-15
"species_2_bathy_extrap",237.763688669682,5.76596503019684e-15
"species_2_bathy_extrap",238.329284073639,5.76596503019684e-15
"species_2_bathy_extrap",238.894879477596,5.76596503019684e-15
"species_2_bathy_extrap",239.460474881554,5.76596503019684e-15
"species_2_bathy_extrap",240.026070285511,5.76596503019684e-15
"species_2_bathy_extrap",240.591665689468,5.76596503019684e-15
"species_2_bathy_extrap",241.157261093426,5.76596503019684e-15
"species_2_bathy_extrap",241.722856497383,5.76596503019684e-15
"species_2_bathy_extrap",242.28845190134,5.76596503019684e-15
"species_2_bathy_extrap",242.854047305298,5.76596503019684e-15
"species_2_bathy_extrap",243.419642709255,5.76596503019684e-15
"species_2_bathy_extrap",243.985238113213,5.76596503019684e-15
"species_2_bathy_extrap",244.55083351717,5.76596503019684e-15
"species_2_bathy_extrap",245.116428921127,5.76596503019684e-15
"species_2_bathy_extrap",245.682024325085,5.76596503019684e-15
"species_2_bathy_extrap",246.247619729042,5.76596503019684e-15
"species_2_bathy_extrap",246.813215132999,5.76596503019684e-15
"species_2_bathy_extrap",247.378810536957,5.76596503019684e-15
"species_2_bathy_extrap",247.944405940914,5.76596503019684e-15
"species_2_bathy_extrap",248.510001344872,5.76596503019684e-15
"species_2_bathy_extrap",249.075596748829,5.76596503019684e-15
"species_2_bathy_extrap",249.641192152786,5.76596503019684e-15
"species_2_bathy_extrap",250.206787556744,5.76596503019684e-15
"species_2_bathy_extrap",250.772382960701,5.76596503019684e-15
"species_2_bathy_extrap",251.337978364658,5.76596503019684e-15
"species_2_bathy_extrap",251.903573768616,5.76596503019684e-15
"species_2_bathy_extrap",252.469169172573,5.76596503019684e-15
"species_2_bathy_extrap",253.03476457653,5.76596503019684e-15
"species_2_bathy_extrap",253.600359980488,5.76596503019684e-15
"species_2_bathy_extrap",254.165955384445,5.76596503019684e-15
"species_2_bathy_extrap",254.731550788403,5.76596503019684e-15
"species_2_bathy_extrap",255.29714619236,5.76596503019684e-15
"species_2_bathy_extrap",255.862741596317,5.76596503019684e-15
"species_2_bathy_extrap",256.428337000275,5.76596503019684e-15
"species_2_bathy_extrap",256.993932404232,5.76596503019684e-15
"species_2_bathy_extrap",257.559527808189,5.76596503019684e-15
"species_2_bathy_extrap",258.125123212147,5.76596503019684e-15
"species_2_bathy_extrap",258.690718616104,5.76596503019684e-15
"species_2_bathy_extrap",259.256314020062,5.76596503019684e-15
"species_2_bathy_extrap",259.821909424019,5.76596503019684e-15
"species_2_bathy_extrap",260.387504827976,5.76596503019684e-15
"species_2_hist_ice_extrap_only",-11.2926040649414,0.00291722849942744
"species_2_hist_ice_extrap_only",-11.0215815673828,0.00291722849942744
"species_2_hist_ice_extrap_only",-10.7505590698242,0.00291722849942744
"species_2_hist_ice_extrap_only",-10.4795365722656,0.00291722849942744
"species_2_hist_ice_extrap_only",-10.208514074707,0.00291722849942744
"species_2_hist_ice_extrap_only",-9.93749157714843,0.00291722849942744
"species_2_hist_ice_extrap_only",-9.66646907958984,0.00291722849942744
"species_2_hist_ice_extrap_only",-9.39544658203124,0.00291722849942744
"species_2_hist_ice_extrap_only",-9.12442408447265,0.00291722849942744
"species_2_hist_ice_extrap_only",-8.85340158691406,0.00291722849942744
"species_2_hist_ice_extrap_only",-8.58237908935546,0.00291722849942744
"species_2_hist_ice_extrap_only",-8.31135659179687,0.00291722849942744
"species_2_hist_ice_extrap_only",-8.04033409423828,0.00291722849942744
"species_2_hist_ice_extrap_only",-7.76931159667968,0.00291722849942744
"species_2_hist_ice_extrap_only",-7.49828909912109,0.00291722849942744
"species_2_hist_ice_extrap_only",-7.2272666015625,0.00291722849942744
"species_2_hist_ice_extrap_only",-6.9562441040039,0.00291722849942744
"species_2_hist_ice_extrap_only",-6.68522160644531,0.00291722849942744
"species_2_hist_ice_extrap_only",-6.41419910888672,0.00291722849942744
"species_2_hist_ice_extrap_only",-6.14317661132812,0.00291722849942744
"species_2_hist_ice_extrap_only",-5.87215411376953,0.00291722849942744
"species_2_hist_ice_extrap_only",-5.60113161621094,0.00291722849942744
"species_2_hist_ice_extrap_only",-5.33010911865234,0.00291722849942744
"species_2_hist_ice_extrap_only",-5.05908662109375,0.00291722849942744
"species_2_hist_ice_extrap_only",-4.78806412353515,0.00291722849942744
"species_2_hist_ice_extrap_only",-4.51704162597656,0.00291722849942744
"species_2_hist_ice_extrap_only",-4.24601912841797,0.00291722849942744
"species_2_hist_ice_extrap_only",-3.97499663085937,0.00291722849942744
"species_2_hist_ice_extrap_only",-3.70397413330078,0.00291722849942744
"species_2_hist_ice_extrap_only",-3.43295163574219,0.00291722849942744
"species_2_hist_ice_extrap_only",-3.16192913818359,0.00291722849942744
"species_2_hist_ice_extrap_only",-2.890906640625,0.00291722849942744
"species_2_hist_ice_extrap_only",-2.61988414306641,0.00291722849942744
"species_2_hist_ice_extrap_only",-2.34886164550781,0.00291722849942744
"species_2_hist_ice_extrap_only",-2.07783914794922,0.00291722849942744
"species_2_hist_ice_extrap_only",-1.80681665039062,0.00291722849942744
"species_2_hist_ice_extrap_only",-1.53579415283203,0.00291722849942744
"species_2_hist_ice_extrap_only",-1.26477165527344,0.00291722849942744
"species_2_hist_ice_extrap_only",-0.993749157714843,0.00291722849942744
"species_2_hist_ice_extrap_only",-0.722726660156249,0.00291722849942744
"species_2_hist_ice_extrap_only",-0.451704162597656,0.00291722849942744
"species_2_hist_ice_extrap_only",-0.180681665039062,0.00291722849942744
"species_2_hist_ice_extrap_only",0.0903408325195301,0.00301847467198968
"species_2_hist_ice_extrap_only",0.361363330078124,0.00334377540275455
"species_2_hist_ice_extrap_only",0.632385827636719,0.00370410201139748
"species_2_hist_ice_extrap_only",0.903408325195313,0.00410320609807968
"species_2_hist_ice_extrap_only",1.17443082275391,0.00454523647204041
"species_2_hist_ice_extrap_only",1.4454533203125,0.00503477826714516
"species_2_hist_ice_extrap_only",1.71647581787109,0.00557689880952239
"species_2_hist_ice_extrap_only",1.98749831542969,0.00617719255387783
"species_2_hist_ice_extrap_only",2.25852081298828,0.00684183789417148
"species_2_hist_ice_extrap_only",2.52954331054687,0.00757765164598823
"species_2_hist_ice_extrap_only",2.80056580810547,0.00839215144515038
"species_2_hist_ice_extrap_only",3.07158830566406,0.009293626062572
"species_2_hist_ice_extrap_only",3.34261080322266,0.0102912010625005
"species_2_hist_ice_extrap_only",3.61363330078125,0.0113949244841933
"species_2_hist_ice_extrap_only",3.88465579833984,0.0126158427447081
"species_2_hist_ice_extrap_only",4.15567829589843,0.0139660956338048
"species_2_hist_ice_extrap_only",4.42670079345703,0.015459006652236
"species_2_hist_ice_extrap_only",4.69772329101562,0.0171091835945845
"species_2_hist_ice_extrap_only",4.96874578857422,0.0189326126128435
"species_2_hist_ice_extrap_only",5.23976828613281,0.0209467839449644
"species_2_hist_ice_extrap_only",5.5107907836914,0.0231707710772753
"species_2_hist_ice_extrap_only",5.78181328125,0.0256253723055124
"species_2_hist_ice_extrap_only",6.05283577880859,0.0283331982791424
"species_2_hist_ice_extrap_only",6.32385827636719,0.031318761408329
"species_2_hist_ice_extrap_only",6.59488077392578,0.0346086099743843
"species_2_hist_ice_extrap_only",6.86590327148437,0.0382313840091228
"species_2_hist_ice_extrap_only",7.13692576904296,0.0422178655862808
"species_2_hist_ice_extrap_only",7.40794826660156,0.0466010794043541
"species_2_hist_ice_extrap_only",7.67897076416015,0.0514162369072437
"species_2_hist_ice_extrap_only",7.94999326171875,0.0567007586359978
"species_2_hist_ice_extrap_only",8.22101575927734,0.0624942108988762
"species_2_hist_ice_extrap_only",8.49203825683593,0.0688381269574165
"species_2_hist_ice_extrap_only",8.76306075439453,0.0757758095860481
"species_2_hist_ice_extrap_only",9.03408325195312,0.0833521634340286
"species_2_hist_ice_extrap_only",9.30510574951171,0.091613158583641
"species_2_hist_ice_extrap_only",9.57612824707031,0.10060541331768
"species_2_hist_ice_extrap_only",9.8471507446289,0.110375702381134
"species_2_hist_ice_extrap_only",10.1181732421875,0.120970048010349
"species_2_hist_ice_extrap_only",10.3891957397461,0.132432922720909
"species_2_hist_ice_extrap_only",10.6602182373047,0.144806399941444
"species_2_hist_ice_extrap_only",10.9312407348633,0.158128798007965
"species_2_hist_ice_extrap_only",11.2022632324219,0.172433495521545
"species_2_hist_ice_extrap_only",11.4732857299805,0.187747746706009
"species_2_hist_ice_extrap_only",11.7443082275391,0.204091012477875
"species_2_hist_ice_extrap_only",12.0153307250976,0.221473559737206
"species_2_hist_ice_extrap_only",12.2863532226562,0.226887509226799
"species_2_hist_ice_extrap_only",12.5573757202148,0.227101489901543
"species_2_hist_ice_extrap_only",12.8283982177734,0.227320283651352
"species_2_hist_ice_extrap_only",13.099420715332,0.227543905377388
"species_2_hist_ice_extrap_only",13.3704432128906,0.227772355079651
"species_2_hist_ice_extrap_only",13.6414657104492,0.228005647659302
"species_2_hist_ice_extrap_only",13.9124882080078,0.228243798017502
"species_2_hist_ice_extrap_only",14.1835107055664,0.228486821055412
"species_2_hist_ice_extrap_only",14.454533203125,0.228734716773033
"species_2_hist_ice_extrap_only",14.7255557006836,0.228987500071526
"species_2_hist_ice_extrap_only",14.9965781982422,0.22924517095089
"species_2_hist_ice_extrap_only",15.2676006958008,0.229507759213448
"species_2_hist_ice_extrap_only",15.5386231933594,0.2297752648592
"species_2_hist_ice_extrap_only",15.809645690918,0.230047702789307
"species_2_hist_ice_extrap_only",16.0806681884766,0.23032508790493
"species_2_hist_ice_extrap_only",16.3516906860351,0.23060742020607
"species_2_hist_ice_extrap_only",16.6227131835937,0.230894714593887
"species_2_hist_ice_extrap_only",16.8937356811523,0.231187000870705
"species_2_hist_ice_extrap_only",17.1647581787109,0.231484279036522
"species_2_hist_ice_extrap_only",17.4357806762695,0.231786549091339
"species_2_hist_ice_extrap_only",17.7068031738281,0.232093840837479
"species_2_hist_ice_extrap_only",17.9778256713867,0.232406169176102
"species_2_hist_ice_extrap_only",18.2488481689453,0.232723549008369
"species_2_hist_ice_extrap_only",18.5198706665039,0.233045965433121
"species_2_hist_ice_extrap_only",18.7908931640625,0.233373463153839
"species_2_hist_ice_extrap_only",19.0619156616211,0.233706057071686
"species_2_hist_ice_extrap_only",19.3329381591797,0.2340437322855
"species_2_hist_ice_extrap_only",19.6039606567383,0.234386518597603
"species_2_hist_ice_extrap_only",19.8749831542969,0.234734445810318
"species_2_hist_ice_extrap_only",20.1460056518555,0.235087513923645
"species_2_hist_ice_extrap_only",20.417028149414,0.235445737838745
"species_2_hist_ice_extrap_only",20.6880506469726,0.235809132456779
"species_2_hist_ice_extrap_only",20.9590731445312,0.236177712678909
"species_2_hist_ice_extrap_only",21.2300956420898,0.236551493406296
"species_2_hist_ice_extrap_only",21.5011181396484,0.2369304895401
"species_2_hist_ice_extrap_only",21.772140637207,0.237314730882645
"species_2_hist_ice_extrap_only",22.0431631347656,0.237704217433929
"species_2_hist_ice_extrap_only",22.3141856323242,0.238098978996277
"species_2_hist_ice_extrap_only",22.5852081298828,0.238499015569687
"species_2_hist_ice_extrap_only",22.8562306274414,0.238904342055321
"species_2_hist_ice_extrap_only",23.127253125,0.239314988255501
"species_2_hist_ice_extrap_only",23.3982756225586,0.239730969071388
"species_2_hist_ice_extrap_only",23.6692981201172,0.240152314305305
"species_2_hist_ice_extrap_only",23.9403206176758,0.240579009056091
"species_2_hist_ice_extrap_only",24.2113431152344,0.241011098027229
"species_2_hist_ice_extrap_only",24.482365612793,0.241448581218719
"species_2_hist_ice_extrap_only",24.7533881103516,0.241891488432884
"species_2_hist_ice_extrap_only",25.0244106079101,0.242339834570885
"species_2_hist_ice_extrap_only",25.2954331054687,0.242793634533882
"species_2_hist_ice_extrap_only",25.5664556030273,0.243252918124199
"species_2_hist_ice_extrap_only",25.8374781005859,0.243717685341835
"species_2_hist_ice_extrap_only",26.1085005981445,0.244187965989113
"species_2_hist_ice_extrap_only",26.3795230957031,0.244663774967194
"species_2_hist_ice_extrap_only",26.6505455932617,0.2451451420784
"species_2_hist_ice_extrap_only",26.9215680908203,0.245632067322731
"species_2_hist_ice_extrap_only",27.1925905883789,0.246124595403671
"species_2_hist_ice_extrap_only",27.4636130859375,0.246622711420059
"species_2_hist_ice_extrap_only",27.7346355834961,0.24712647497654
"species_2_hist_ice_extrap_only",28.0056580810547,0.247635871171951
"species_2_hist_ice_extrap_only",28.2766805786133,0.248150944709778
"species_2_hist_ice_extrap_only",28.5477030761719,0.24867171049118
"species_2_hist_ice_extrap_only",28.8187255737305,0.24919818341732
"species_2_hist_ice_extrap_only",29.089748071289,0.249730378389358
"species_2_hist_ice_extrap_only",29.3607705688476,0.250268310308456
"species_2_hist_ice_extrap_only",29.6317930664062,0.25081205368042
"species_2_hist_ice_extrap_only",29.9028155639648,0.251361548900604
"species_2_hist_ice_extrap_only",30.1738380615234,0.251916885375977
"species_2_hist_ice_extrap_only",30.444860559082,0.252478033304214
"species_2_hist_ice_extrap_only",30.7158830566406,0.253045052289963
"species_2_hist_ice_extrap_only",30.9869055541992,0.253617942333221
"species_2_hist_ice_extrap_only",31.2579280517578,0.254196733236313
"species_2_hist_ice_extrap_only",31.5289505493164,0.254781454801559
"species_2_hist_ice_extrap_only",31.799973046875,0.255372107028961
"species_2_hist_ice_extrap_only",32.0709955444336,0.25596871972084
"species_2_hist_ice_extrap_only",32.3420180419922,0.256571352481842
"species_2_hist_ice_extrap_only",32.6130405395508,0.257179975509644
"species_2_hist_ice_extrap_only",32.8840630371094,0.257794618606567
"species_2_hist_ice_extrap_only",33.155085534668,0.258415341377258
"species_2_hist_ice_extrap_only",33.4261080322265,0.259042143821716
"species_2_hist_ice_extrap_only",33.6971305297851,0.259675025939941
"species_2_hist_ice_extrap_only",33.9681530273437,0.260314047336578
"species_2_hist_ice_extrap_only",34.2391755249023,0.260959208011627
"species_2_hist_ice_extrap_only",34.5101980224609,0.261610567569733
"species_2_hist_ice_extrap_only",34.7812205200195,0.262268096208572
"species_2_hist_ice_extrap_only",35.0522430175781,0.262931853532791
"species_2_hist_ice_extrap_only",35.3232655151367,0.263601869344711
"species_2_hist_ice_extrap_only",35.5942880126953,0.264278143644333
"species_2_hist_ice_extrap_only",35.8653105102539,0.264960706233978
"species_2_hist_ice_extrap_only",36.1363330078125,0.26564958691597
"species_2_hist_ice_extrap_only",36.4073555053711,0.26634481549263
"species_2_hist_ice_extrap_only",36.6783780029297,0.267046421766281
"species_2_hist_ice_extrap_only",36.9494005004883,0.267754405736923
"species_2_hist_ice_extrap_only",37.2204229980469,0.268468797206879
"species_2_hist_ice_extrap_only",37.4914454956055,0.26918962597847
"species_2_hist_ice_extrap_only",37.762467993164,0.269916921854019
"species_2_hist_ice_extrap_only",38.0334904907226,0.270650714635849
"species_2_hist_ice_extrap_only",38.3045129882812,0.271391004323959
"species_2_hist_ice_extrap_only",38.5755354858398,0.272137850522995
"species_2_hist_ice_extrap_only",38.8465579833984,0.272891283035278
"species_2_hist_ice_extrap_only",39.117580480957,0.273651272058487
"species_2_hist_ice_extrap_only",39.3886029785156,0.274417877197266
"species_2_hist_ice_extrap_only",39.6596254760742,0.275191128253937
"species_2_hist_ice_extrap_only",39.9306479736328,0.275971055030823
"species_2_hist_ice_extrap_only",40.2016704711914,0.276757657527924
"species_2_hist_ice_extrap_only",40.47269296875,0.277550995349884
"species_2_hist_ice_extrap_only",40.7437154663086,0.278351068496704
"species_2_hist_ice_extrap_only",41.0147379638672,0.279157906770706
"species_2_hist_ice_extrap_only",41.2857604614258,0.279971539974213
"species_2_hist_ice_extrap_only",41.5567829589843,0.280791997909546
"species_2_hist_ice_extrap_only",41.827805456543,0.281619310379028
"species_2_hist_ice_extrap_only",42.0988279541015,0.28245347738266
"species_2_hist_ice_extrap_only",42.3698504516601,0.283294558525085
"species_2_hist_ice_extrap_only",42.6408729492187,0.284142553806305
"species_2_hist_ice_extrap_only",42.9118954467773,0.284997522830963
"species_2_hist_ice_extrap_only",43.1829179443359,0.285859435796738
"species_2_hist_ice_extrap_only",43.4539404418945,0.286728382110596
"species_2_hist_ice_extrap_only",43.7249629394531,0.287604331970215
"species_2_hist_ice_extrap_only",43.9959854370117,0.28848734498024
"species_2_hist_ice_extrap_only",44.2670079345703,0.289377450942993
"species_2_hist_ice_extrap_only",44.5380304321289,0.290274649858475
"species_2_hist_ice_extrap_only",44.8090529296875,0.291178971529007
"species_2_hist_ice_extrap_only",45.0800754272461,0.292090475559235
"species_2_hist_ice_extrap_only",45.3510979248047,0.293009161949158
"species_2_hist_ice_extrap_only",45.6221204223633,0.293935060501099
"species_2_hist_ice_extrap_only",45.8931429199218,0.29486820101738
"species_2_hist_ice_extrap_only",46.1641654174804,0.295808583498001
"species_2_hist_ice_extrap_only",46.435187915039,0.296756267547607
"species_2_hist_ice_extrap_only",46.7062104125976,0.297711253166199
"species_2_hist_ice_extrap_only",46.9772329101562,0.29867359995842
"species_2_hist_ice_extrap_only",47.2482554077148,0.299643307924271
"species_2_hist_ice_extrap_only",47.5192779052734,0.300620406866074
"species_2_hist_ice_extrap_only",47.790300402832,0.301604926586151
"species_2_hist_ice_extrap_only",48.0613229003906,0.302596896886826
"species_2_hist_ice_extrap_only",48.3323453979492,0.303596317768097
"species_2_hist_ice_extrap_only",48.6033678955078,0.30460324883461
"species_2_hist_ice_extrap_only",48.8743903930664,0.305617690086365
"species_2_hist_ice_extrap_only",49.145412890625,0.306639701128006
"species_2_hist_ice_extrap_only",49.4164353881836,0.307669252157211
"species_2_hist_ice_extrap_only",49.6874578857422,0.308706402778625
"species_2_hist_ice_extrap_only",49.9584803833008,0.309751182794571
"species_2_hist_ice_extrap_only",50.2295028808594,0.31080362200737
"species_2_hist_ice_extrap_only",50.5005253784179,0.311863720417023
"species_2_hist_ice_extrap_only",50.7715478759765,0.312931507825851
"species_2_hist_ice_extrap_only",51.0425703735351,0.314007014036179
"species_2_hist_ice_extrap_only",51.3135928710937,0.315090268850327
"species_2_hist_ice_extrap_only",51.5846153686523,0.316181272268295
"species_2_hist_ice_extrap_only",51.8556378662109,0.31728008389473
"species_2_hist_ice_extrap_only",52.1266603637695,0.31838670372963
"species_2_hist_ice_extrap_only",52.3976828613281,0.31950119137764
"species_2_hist_ice_extrap_only",52.6687053588867,0.320623517036438
"species_2_hist_ice_extrap_only",52.9397278564453,0.321753710508347
"species_2_hist_ice_extrap_only",53.2107503540039,0.32289183139801
"species_2_hist_ice_extrap_only",53.4817728515625,0.324037879705429
"species_2_hist_ice_extrap_only",53.7527953491211,0.325191885232925
"species_2_hist_ice_extrap_only",54.0238178466797,0.326353847980499
"species_2_hist_ice_extrap_only",54.2948403442383,0.327523827552795
"species_2_hist_ice_extrap_only",54.5658628417968,0.328701823949814
"species_2_hist_ice_extrap_only",54.8368853393554,0.329887837171555
"species_2_hist_ice_extrap_only",55.107907836914,0.331081926822662
"species_2_hist_ice_extrap_only",55.3789303344726,0.332284092903137
"species_2_hist_ice_extrap_only",55.6499528320312,0.333494395017624
"species_2_hist_ice_extrap_only",55.9209753295898,0.334712773561478
"species_2_hist_ice_extrap_only",56.1919978271484,0.335939317941666
"species_2_hist_ice_extrap_only",56.463020324707,0.337174028158188
"species_2_hist_ice_extrap_only",56.7340428222656,0.338416934013367
"species_2_hist_ice_extrap_only",57.0050653198242,0.33966800570488
"species_2_hist_ice_extrap_only",57.2760878173828,0.340927332639694
"species_2_hist_ice_extrap_only",57.5471103149414,0.342194885015488
"species_2_hist_ice_extrap_only",57.8181328125,0.343470692634583
"species_2_hist_ice_extrap_only",58.0891553100586,0.344754755496979
"species_2_hist_ice_extrap_only",58.3601778076171,0.346047103404999
"species_2_hist_ice_extrap_only",58.6312003051758,0.347347795963287
"species_2_hist_ice_extrap_only",58.9022228027343,0.348656803369522
"species_2_hist_ice_extrap_only",59.173245300293,0.349974155426025
"species_2_hist_ice_extrap_only",59.4442677978515,0.351299852132797
"species_2_hist_ice_extrap_only",59.7152902954101,0.35263392329216
"species_2_hist_ice_extrap_only",59.9863127929687,0.353976368904114
"species_2_hist_ice_extrap_only",60.2573352905273,0.355327218770981
"species_2_hist_ice_extrap_only",60.5283577880859,0.356686502695084
"species_2_hist_ice_extrap_only",60.7993802856445,0.3580541908741
"species_2_hist_ice_extrap_only",61.0704027832031,0.359430342912674
"species_2_hist_ice_extrap_only",61.3414252807617,0.360814929008484
"species_2_hist_ice_extrap_only",61.6124477783203,0.362207978963852
"species_2_hist_ice_extrap_only",61.8834702758789,0.363609492778778
"species_2_hist_ice_extrap_only",62.1544927734375,0.365019530057907
"species_2_hist_ice_extrap_only",62.4255152709961,0.366438031196594
"species_2_hist_ice_extrap_only",62.6965377685547,0.367865055799484
"species_2_hist_ice_extrap_only",62.9675602661133,0.369300603866577
"species_2_hist_ice_extrap_only",63.2385827636718,0.370744645595551
"species_2_hist_ice_extrap_only",63.5096052612304,0.372197240591049
"species_2_hist_ice_extrap_only",63.780627758789,0.373658359050751
"species_2_hist_ice_extrap_only",64.0516502563476,0.3751280605793
"species_2_hist_ice_extrap_only",64.3226727539062,0.37660625576973
"species_2_hist_ice_extrap_only",64.5936952514648,0.378093063831329
"species_2_hist_ice_extrap_only",64.8647177490234,0.379588395357132
"species_2_hist_ice_extrap_only",65.135740246582,0.381092309951782
"species_2_hist_ice_extrap_only",65.4067627441406,0.382604777812958
"species_2_hist_ice_extrap_only",65.6777852416992,0.384125828742981
"species_2_hist_ice_extrap_only",65.9488077392578,0.385655432939529
"species_2_hist_ice_extrap_only",66.2198302368164,0.387193650007248
"species_2_hist_ice_extrap_only",66.490852734375,0.388740420341492
"species_2_hist_ice_extrap_only",66.7618752319336,0.390295773744583
"species_2_hist_ice_extrap_only",67.0328977294921,0.3918596804142
"species_2_hist_ice_extrap_only",67.3039202270507,0.393432170152664
"species_2_hist_ice_extrap_only",67.5749427246093,0.395013242959976
"species_2_hist_ice_extrap_only",67.8459652221679,0.396602869033813
"species_2_hist_ice_extrap_only",68.1169877197265,0.398201078176498
"species_2_hist_ice_extrap_only",68.3880102172851,0.399807810783386
"species_2_hist_ice_extrap_only",68.6590327148437,0.401423126459122
"species_2_hist_ice_extrap_only",68.9300552124023,0.40304696559906
"species_2_hist_ice_extrap_only",69.2010777099609,0.404679358005524
"species_2_hist_ice_extrap_only",69.4721002075195,0.40632027387619
"species_2_hist_ice_extrap_only",69.7431227050781,0.40796971321106
"species_2_hist_ice_extrap_only",70.0141452026367,0.40962764620781
"species_2_hist_ice_extrap_only",70.2851677001953,0.411294102668762
"species_2_hist_ice_extrap_only",70.5561901977539,0.412969022989273
"species_2_hist_ice_extrap_only",70.8272126953125,0.414652407169342
"species_2_hist_ice_extrap_only",71.0982351928711,0.416344314813614
"species_2_hist_ice_extrap_only",71.3692576904296,0.418044596910477
"species_2_hist_ice_extrap_only",71.6402801879883,0.41975337266922
"species_2_hist_ice_extrap_only",71.9113026855468,0.421470493078232
"species_2_hist_ice_extrap_only",72.1823251831054,0.423196077346802
"species_2_hist_ice_extrap_only",72.453347680664,0.424929976463318
"species_2_hist_ice_extrap_only",72.7243701782226,0.42667230963707
"species_2_hist_ice_extrap_only",72.9953926757812,0.428422898054123
"species_2_hist_ice_extrap_only",73.2664151733398,0.430181860923767
"species_2_hist_ice_extrap_only",73.5374376708984,0.431949079036713
"species_2_hist_ice_extrap_only",73.808460168457,0.43372455239296
"species_2_hist_ice_extrap_only",74.0794826660156,0.435508340597153
"species_2_hist_ice_extrap_only",74.3505051635742,0.437300264835358
"species_2_hist_ice_extrap_only",74.6215276611328,0.439100444316864
"species_2_hist_ice_extrap_only",74.8925501586914,0.441113263368607
"species_2_hist_ice_extrap_only",75.16357265625,0.443484216928482
"species_2_hist_ice_extrap_only",75.4345951538086,0.445864260196686
"species_2_hist_ice_extrap_only",75.7056176513671,0.44825342297554
"species_2_hist_ice_extrap_only",75.9766401489258,0.450651526451111
"species_2_hist_ice_extrap_only",76.2476626464843,0.453828036785126
"species_2_hist_ice_extrap_only",76.5186851440429,0.458208501338959
"species_2_hist_ice_extrap_only",76.7897076416015,0.463587015867233
"species_2_hist_ice_extrap_only",77.0607301391601,0.469955801963806
"species_2_hist_ice_extrap_only",77.3317526367187,0.477083683013916
"species_2_hist_ice_extrap_only",77.6027751342773,0.485328763723373
"species_2_hist_ice_extrap_only",77.8737976318359,0.493692547082901
"species_2_hist_ice_extrap_only",78.1448201293945,0.502066731452942
"species_2_hist_ice_extrap_only",78.4158426269531,0.510446190834045
"species_2_hist_ice_extrap_only",78.6868651245117,0.51882666349411
"species_2_hist_ice_extrap_only",78.9578876220703,0.52720296382904
"species_2_hist_ice_extrap_only",79.2289101196289,0.535570800304413
"species_2_hist_ice_extrap_only",79.4999326171875,0.543925046920776
"species_2_hist_ice_extrap_only",79.770955114746,0.552261471748352
"species_2_hist_ice_extrap_only",80.0419776123046,0.560574948787689
"species_2_hist_ice_extrap_only",80.3130001098632,0.568861305713654
"species_2_hist_ice_extrap_only",80.5840226074218,0.577115535736084
"species_2_hist_ice_extrap_only",80.8550451049804,0.585333406925201
"species_2_hist_ice_extrap_only",81.126067602539,0.593510746955872
"species_2_hist_ice_extrap_only",81.3970901000976,0.601642668247223
"species_2_hist_ice_extrap_only",81.6681125976562,0.609725475311279
"species_2_hist_ice_extrap_only",81.9391350952148,0.617754518985748
"species_2_hist_ice_extrap_only",82.2101575927734,0.625726282596588
"species_2_hist_ice_extrap_only",82.481180090332,0.633636295795441
"species_2_hist_ice_extrap_only",82.7522025878906,0.641481280326843
"species_2_hist_ice_extrap_only",83.0232250854492,0.649257063865662
"species_2_hist_ice_extrap_only",83.2942475830078,0.656960666179657
"species_2_hist_ice_extrap_only",83.5652700805664,0.664588153362274
"species_2_hist_ice_extrap_only",83.836292578125,0.672136783599854
"species_2_hist_ice_extrap_only",84.1073150756836,0.679602980613708
"species_2_hist_ice_extrap_only",84.3783375732421,0.686984121799469
"species_2_hist_ice_extrap_only",84.6493600708007,0.69427752494812
"species_2_hist_ice_extrap_only",84.9203825683593,0.701480209827423
"species_2_hist_ice_extrap_only",85.1914050659179,0.708590090274811
"species_2_hist_ice_extrap_only",85.4624275634765,0.715604543685913
"species_2_hist_ice_extrap_only",85.7334500610351,0.722521781921387
"species_2_hist_ice_extrap_only",86.0044725585937,0.729339480400085
"species_2_hist_ice_extrap_only",86.2754950561523,0.736056208610535
"species_2_hist_ice_extrap_only",86.5465175537109,0.742669999599457
"species_2_hist_ice_extrap_only",86.8175400512695,0.749179720878601
"species_2_hist_ice_extrap_only",87.0885625488281,0.755583643913269
"species_2_hist_ice_extrap_only",87.3595850463867,0.761881113052368
"species_2_hist_ice_extrap_only",87.6306075439453,0.768070638179779
"species_2_hist_ice_extrap_only",87.9016300415039,0.774151623249054
"species_2_hist_ice_extrap_only",88.1726525390625,0.78012353181839
"species_2_hist_ice_extrap_only",88.4436750366211,0.78598552942276
"species_2_hist_ice_extrap_only",88.7146975341796,0.791737496852875
"species_2_hist_ice_extrap_only",88.9857200317382,0.797378897666931
"species_2_hist_ice_extrap_only",89.2567425292968,0.802909851074219
"species_2_hist_ice_extrap_only",89.5277650268554,0.808330118656158
"species_2_hist_ice_extrap_only",89.798787524414,0.813640117645264
"species_2_hist_ice_extrap_only",90.0698100219726,0.818839728832245
"species_2_hist_ice_extrap_only",90.3408325195312,0.823929727077484
"species_2_hist_ice_extrap_only",90.6118550170898,0.828910171985626
"species_2_hist_ice_extrap_only",90.8828775146484,0.833782017230988
"species_2_hist_ice_extrap_only",91.153900012207,0.838545560836792
"species_2_hist_ice_extrap_only",91.4249225097656,0.843201875686646
"species_2_hist_ice_extrap_only",91.6959450073242,0.847751796245575
"species_2_hist_ice_extrap_only",91.9669675048828,0.852196037769318
"species_2_hist_ice_extrap_only",92.2379900024414,0.856535911560059
"species_2_hist_ice_extrap_only",92.5090125,0.860772252082825
"species_2_hist_ice_extrap_only",92.7800349975585,0.864906489849091
"species_2_hist_ice_extrap_only",93.0510574951171,0.868939518928528
"species_2_hist_ice_extrap_only",93.3220799926757,0.872872948646545
"species_2_hist_ice_extrap_only",93.5931024902343,0.876707792282104
"species_2_hist_ice_extrap_only",93.8641249877929,0.880445718765259
"species_2_hist_ice_extrap_only",94.1351474853515,0.884087979793549
"species_2_hist_ice_extrap_only",94.4061699829101,0.887636125087738
"species_2_hist_ice_extrap_only",94.6771924804687,0.891091585159302
"species_2_hist_ice_extrap_only",94.9482149780273,0.894455909729004
"species_2_hist_ice_extrap_only",95.2192374755859,0.897730767726898
"species_2_hist_ice_extrap_only",95.4902599731445,0.900917530059814
"species_2_hist_ice_extrap_only",95.7612824707031,0.904018044471741
"species_2_hist_ice_extrap_only",96.0323049682617,0.907033681869507
"species_2_hist_ice_extrap_only",96.3033274658203,0.909966289997101
"species_2_hist_ice_extrap_only",96.5743499633788,0.912817299365997
"species_2_hist_ice_extrap_only",96.8453724609374,0.91558849811554
"species_2_hist_ice_extrap_only",97.116394958496,0.918281495571136
"species_2_hist_ice_extrap_only",97.3874174560546,0.920897960662842
"species_2_hist_ice_extrap_only",97.6584399536132,0.92343944311142
"species_2_hist_ice_extrap_only",97.9294624511718,0.925907790660858
"species_2_hist_ice_extrap_only",98.2004849487304,0.928304374217987
"species_2_hist_ice_extrap_only",98.471507446289,0.930631041526794
"species_2_hist_ice_extrap_only",98.7425299438476,0.932889342308044
"species_2_hist_ice_extrap_only",99.0135524414062,0.935080766677856
"species_2_hist_ice_extrap_only",99.2845749389648,0.937207102775574
"species_2_hist_ice_extrap_only",99.5555974365234,0.939269840717316
"species_2_hist_ice_extrap_only",99.826619934082,0.941270530223846
"species_2_hist_ice_extrap_only",100.097642431641,0.943210661411285
"species_2_hist_ice_extrap_only",100.368664929199,0.945091903209686
"species_2_hist_ice_extrap_only",100.639687426758,0.946915566921234
"species_2_hist_ice_extrap_only",100.910709924316,0.948683381080627
"species_2_hist_ice_extrap_only",101.181732421875,0.950396537780762
"species_2_hist_ice_extrap_only",101.452754919434,0.952056646347046
"species_2_hist_ice_extrap_only",101.723777416992,0.95366507768631
"species_2_hist_ice_extrap_only",101.994799914551,0.955223262310028
"species_2_hist_ice_extrap_only",102.265822412109,0.956732511520386
"species_2_hist_ice_extrap_only",102.536844909668,0.958194136619568
"species_2_hist_ice_extrap_only",102.807867407227,0.959609568119049
"species_2_hist_ice_extrap_only",103.078889904785,0.96097993850708
"species_2_hist_ice_extrap_only",103.349912402344,0.962306678295136
"species_2_hist_ice_extrap_only",103.620934899902,0.963590919971466
"species_2_hist_ice_extrap_only",103.891957397461,0.964833974838257
"species_2_hist_ice_extrap_only",104.162979895019,0.966036856174469
"species_2_hist_ice_extrap_only",104.434002392578,0.967200934886932
"species_2_hist_ice_extrap_only",104.705024890137,0.968327164649963
"species_2_hist_ice_extrap_only",104.976047387695,0.969416737556458
"species_2_hist_ice_extrap_only",105.247069885254,0.970470786094666
"species_2_hist_ice_extrap_only",105.518092382812,0.971490263938904
"species_2_hist_ice_extrap_only",105.789114880371,0.972476243972778
"species_2_hist_ice_extrap_only",106.06013737793,0.973429799079895
"species_2_hist_ice_extrap_only",106.331159875488,0.974351823329926
"species_2_hist_ice_extrap_only",106.602182373047,0.975243330001831
"species_2_hist_ice_extrap_only",106.873204870605,0.976105213165283
"species_2_hist_ice_extrap_only",107.144227368164,0.976938366889954
"species_2_hist_ice_extrap_only",107.415249865723,0.977743744850159
"species_2_hist_ice_extrap_only",107.686272363281,0.978522181510925
"species_2_hist_ice_extrap_only",107.95729486084,0.97927451133728
"species_2_hist_ice_extrap_only",108.228317358398,0.980001509189606
"species_2_hist_ice_extrap_only",108.499339855957,0.980704069137573
"species_2_hist_ice_extrap_only",108.770362353516,0.981382846832275
"species_2_hist_ice_extrap_only",109.041384851074,0.982038676738739
"species_2_hist_ice_extrap_only",109.312407348633,0.982672274112701
"species_2_hist_ice_extrap_only",109.583429846191,0.9832843542099
"species_2_hist_ice_extrap_only",109.85445234375,0.983875572681427
"species_2_hist_ice_extrap_only",110.125474841309,0.984446585178375
"species_2_hist_ice_extrap_only",110.396497338867,0.984998106956482
"species_2_hist_ice_extrap_only",110.667519836426,0.985530734062195
"species_2_hist_ice_extrap_only",110.938542333984,0.986045122146606
"species_2_hist_ice_extrap_only",111.209564831543,0.986541748046875
"species_2_hist_ice_extrap_only",111.480587329102,0.987021327018738
"species_2_hist_ice_extrap_only",111.75160982666,0.987484395503998
"species_2_hist_ice_extrap_only",112.022632324219,0.987931370735168
"species_2_hist_ice_extrap_only",112.293654821777,0.988362967967987
"species_2_hist_ice_extrap_only",112.564677319336,0.988779544830322
"species_2_hist_ice_extrap_only",112.835699816894,0.989181697368622
"species_2_hist_ice_extrap_only",113.106722314453,0.989312589168549
"species_2_hist_ice_extrap_only",113.377744812012,0.989312589168549
"species_2_hist_ice_extrap_only",113.64876730957,0.989312589168549
"species_2_hist_ice_extrap_only",113.919789807129,0.989312589168549
"species_2_hist_ice_extrap_only",114.190812304687,0.989312589168549
"species_2_hist_ice_extrap_only",114.461834802246,0.989312589168549
"species_2_hist_ice_extrap_only",114.732857299805,0.989312589168549
"species_2_hist_ice_extrap_only",115.003879797363,0.989312589168549
"species_2_hist_ice_extrap_only",115.274902294922,0.989312589168549
"species_2_hist_ice_extrap_only",115.54592479248,0.989312589168549
"species_2_hist_ice_extrap_only",115.816947290039,0.989312589168549
"species_2_hist_ice_extrap_only",116.087969787598,0.989312589168549
"species_2_hist_ice_extrap_only",116.358992285156,0.989312589168549
"species_2_hist_ice_extrap_only",116.630014782715,0.989312589168549
"species_2_hist_ice_extrap_only",116.901037280273,0.989312589168549
"species_2_hist_ice_extrap_only",117.172059777832,0.989312589168549
"species_2_hist_ice_extrap_only",117.443082275391,0.989312589168549
"species_2_hist_ice_extrap_only",117.714104772949,0.989312589168549
"species_2_hist_ice_extrap_only",117.985127270508,0.989312589168549
"species_2_hist_ice_extrap_only",118.256149768066,0.989312589168549
"species_2_hist_ice_extrap_only",118.527172265625,0.989312589168549
"species_2_hist_ice_extrap_only",118.798194763184,0.989312589168549
"species_2_hist_ice_extrap_only",119.069217260742,0.989312589168549
"species_2_hist_ice_extrap_only",119.340239758301,0.989312589168549
"species_2_hist_ice_extrap_only",119.611262255859,0.989312589168549
"species_2_hist_ice_extrap_only",119.882284753418,0.989312589168549
"species_2_hist_ice_extrap_only",120.153307250976,0.989312589168549
"species_2_hist_ice_extrap_only",120.424329748535,0.989312589168549
"species_2_hist_ice_extrap_only",120.695352246094,0.989312589168549
"species_2_hist_ice_extrap_only",120.966374743652,0.989312589168549
"species_2_hist_ice_extrap_only",121.237397241211,0.989312589168549
"species_2_hist_ice_extrap_only",121.508419738769,0.989312589168549
"species_2_hist_ice_extrap_only",121.779442236328,0.989312589168549
"species_2_hist_ice_extrap_only",122.050464733887,0.989312589168549
"species_2_hist_ice_extrap_only",122.321487231445,0.989312589168549
"species_2_hist_ice_extrap_only",122.592509729004,0.989312589168549
"species_2_hist_ice_extrap_only",122.863532226562,0.989312589168549
"species_2_hist_ice_extrap_only",123.134554724121,0.989312589168549
"species_2_hist_ice_extrap_only",123.40557722168,0.989312589168549
"species_2_hist_ice_extrap_only",123.676599719238,0.989312589168549
"species_2_hist_ice_extrap_only",123.947622216797,0.989312589168549
"species_2_hist_ice_extrap_only",124.218644714355,0.989312589168549
"species_2_hist_ice_extrap",-11.2926040649414,0.883653223514557
"species_2_hist_ice_extrap",-11.0215815673828,0.883653223514557
"species_2_hist_ice_extrap",-10.7505590698242,0.883653223514557
"species_2_hist_ice_extrap",-10.4795365722656,0.883653223514557
"species_2_hist_ice_extrap",-10.208514074707,0.883653223514557
"species_2_hist_ice_extrap",-9.93749157714843,0.883653223514557
"species_2_hist_ice_extrap",-9.66646907958984,0.883653223514557
"species_2_hist_ice_extrap",-9.39544658203124,0.883653223514557
"species_2_hist_ice_extrap",-9.12442408447265,0.883653223514557
"species_2_hist_ice_extrap",-8.85340158691406,0.883653223514557
"species_2_hist_ice_extrap",-8.58237908935546,0.883653223514557
"species_2_hist_ice_extrap",-8.31135659179687,0.883653223514557
"species_2_hist_ice_extrap",-8.04033409423828,0.883653223514557
"species_2_hist_ice_extrap",-7.76931159667968,0.883653223514557
"species_2_hist_ice_extrap",-7.49828909912109,0.883653223514557
"species_2_hist_ice_extrap",-7.2272666015625,0.883653223514557
"species_2_hist_ice_extrap",-6.9562441040039,0.883653223514557
"species_2_hist_ice_extrap",-6.68522160644531,0.883653223514557
"species_2_hist_ice_extrap",-6.41419910888672,0.883653223514557
"species_2_hist_ice_extrap",-6.14317661132812,0.883653223514557
"species_2_hist_ice_extrap",-5.87215411376953,0.883653223514557
"species_2_hist_ice_extrap",-5.60113161621094,0.883653223514557
"species_2_hist_ice_extrap",-5.33010911865234,0.883653223514557
"species_2_hist_ice_extrap",-5.05908662109375,0.883653223514557
"species_2_hist_ice_extrap",-4.78806412353515,0.883653223514557
"species_2_hist_ice_extrap",-4.51704162597656,0.883653223514557
"species_2_hist_ice_extrap",-4.24601912841797,0.883653223514557
"species_2_hist_ice_extrap",-3.97499663085937,0.883653223514557
"species_2_hist_ice_extrap",-3.70397413330078,0.883653223514557
"species_2_hist_ice_extrap",-3.43295163574219,0.883653223514557
"species_2_hist_ice_extrap",-3.16192913818359,0.883653223514557
"species_2_hist_ice_extrap",-2.890906640625,0.883653223514557
"species_2_hist_ice_extrap",-2.61988414306641,0.883653223514557
"species_2_hist_ice_extrap",-2.34886164550781,0.883653223514557
"species_2_hist_ice_extrap",-2.07783914794922,0.883653223514557
"species_2_hist_ice_extrap",-1.80681665039062,0.883653223514557
"species_2_hist_ice_extrap",-1.53579415283203,0.883653223514557
"species_2_hist_ice_extrap",-1.26477165527344,0.883653223514557
"species_2_hist_ice_extrap",-0.993749157714843,0.883653223514557
"species_2_hist_ice_extrap",-0.722726660156249,0.883653223514557
"species_2_hist_ice_extrap",-0.451704162597656,0.883653223514557
"species_2_hist_ice_extrap",-0.180681665039062,0.883653223514557
"species_2_hist_ice_extrap",0.0903408325195301,0.882531702518463
"species_2_hist_ice_extrap",0.361363330078124,0.879111707210541
"species_2_hist_ice_extrap",0.632385827636719,0.875607490539551
"species_2_hist_ice_extrap",0.903408325195313,0.872017741203308
"species_2_hist_ice_extrap",1.17443082275391,0.868341386318207
"species_2_hist_ice_extrap",1.4454533203125,0.864577174186707
"species_2_hist_ice_extrap",1.71647581787109,0.860724031925201
"species_2_hist_ice_extrap",1.98749831542969,0.856780886650085
"species_2_hist_ice_extrap",2.25852081298828,0.852746665477753
"species_2_hist_ice_extrap",2.52954331054687,0.848620414733887
"species_2_hist_ice_extrap",2.80056580810547,0.844401240348816
"species_2_hist_ice_extrap",3.07158830566406,0.840088188648224
"species_2_hist_ice_extrap",3.34261080322266,0.835680484771729
"species_2_hist_ice_extrap",3.61363330078125,0.831177353858948
"species_2_hist_ice_extrap",3.88465579833984,0.826578140258789
"species_2_hist_ice_extrap",4.15567829589843,0.82188218832016
"species_2_hist_ice_extrap",4.42670079345703,0.817089021205902
"species_2_hist_ice_extrap",4.69772329101562,0.812198102474213
"species_2_hist_ice_extrap",4.96874578857422,0.807209134101868
"species_2_hist_ice_extrap",5.23976828613281,0.802121818065643
"species_2_hist_ice_extrap",5.5107907836914,0.796935975551605
"species_2_hist_ice_extrap",5.78181328125,0.791651427745819
"species_2_hist_ice_extrap",6.05283577880859,0.786268293857574
"species_2_hist_ice_extrap",6.32385827636719,0.780786573886871
"species_2_hist_ice_extrap",6.59488077392578,0.775206506252289
"species_2_hist_ice_extrap",6.86590327148437,0.769528448581696
"species_2_hist_ice_extrap",7.13692576904296,0.763752818107605
"species_2_hist_ice_extrap",7.40794826660156,0.75788015127182
"species_2_hist_ice_extrap",7.67897076416015,0.751911163330078
"species_2_hist_ice_extrap",7.94999326171875,0.745846629142761
"species_2_hist_ice_extrap",8.22101575927734,0.739687383174896
"species_2_hist_ice_extrap",8.49203825683593,0.733434557914734
"species_2_hist_ice_extrap",8.76306075439453,0.72708934545517
"species_2_hist_ice_extrap",9.03408325195312,0.720652997493744
"species_2_hist_ice_extrap",9.30510574951171,0.714126944541931
"species_2_hist_ice_extrap",9.57612824707031,0.70751279592514
"species_2_hist_ice_extrap",9.8471507446289,0.70081216096878
"species_2_hist_ice_extrap",10.1181732421875,0.694026947021484
"species_2_hist_ice_extrap",10.3891957397461,0.68715912103653
"species_2_hist_ice_extrap",10.6602182373047,0.680210709571838
"species_2_hist_ice_extrap",10.9312407348633,0.673183977603912
"species_2_hist_ice_extrap",11.2022632324219,0.666081309318542
"species_2_hist_ice_extrap",11.4732857299805,0.658905148506165
"species_2_hist_ice_extrap",11.7443082275391,0.651658117771149
"species_2_hist_ice_extrap",12.0153307250976,0.64434289932251
"species_2_hist_ice_extrap",12.2863532226562,0.636962413787842
"species_2_hist_ice_extrap",12.5573757202148,0.629519581794739
"species_2_hist_ice_extrap",12.8283982177734,0.622017562389374
"species_2_hist_ice_extrap",13.099420715332,0.61445939540863
"species_2_hist_ice_extrap",13.3704432128906,0.606848478317261
"species_2_hist_ice_extrap",13.6414657104492,0.599188148975372
"species_2_hist_ice_extrap",13.9124882080078,0.591481983661652
"species_2_hist_ice_extrap",14.1835107055664,0.583733379840851
"species_2_hist_ice_extrap",14.454533203125,0.575946092605591
"species_2_hist_ice_extrap",14.7255557006836,0.568123877048492
"species_2_hist_ice_extrap",14.9965781982422,0.560270369052887
"species_2_hist_ice_extrap",15.2676006958008,0.55238950252533
"species_2_hist_ice_extrap",15.5386231933594,0.54448527097702
"species_2_hist_ice_extrap",15.809645690918,0.53656142950058
"species_2_hist_ice_extrap",16.0806681884766,0.528622031211853
"species_2_hist_ice_extrap",16.3516906860351,0.52067106962204
"species_2_hist_ice_extrap",16.6227131835937,0.51271265745163
"species_2_hist_ice_extrap",16.8937356811523,0.504750669002533
"species_2_hist_ice_extrap",17.1647581787109,0.496789276599884
"species_2_hist_ice_extrap",17.4357806762695,0.488832473754883
"species_2_hist_ice_extrap",17.7068031738281,0.480884343385696
"species_2_hist_ice_extrap",17.9778256713867,0.472948759794235
"species_2_hist_ice_extrap",18.2488481689453,0.465029776096344
"species_2_hist_ice_extrap",18.5198706665039,0.457131326198578
"species_2_hist_ice_extrap",18.7908931640625,0.44925731420517
"species_2_hist_ice_extrap",19.0619156616211,0.441411554813385
"species_2_hist_ice_extrap",19.3329381591797,0.433597922325134
"species_2_hist_ice_extrap",19.6039606567383,0.425819993019104
"species_2_hist_ice_extrap",19.8749831542969,0.418081492185593
"species_2_hist_ice_extrap",20.1460056518555,0.410385996103287
"species_2_hist_ice_extrap",20.417028149414,0.402736932039261
"species_2_hist_ice_extrap",20.6880506469726,0.395137757062912
"species_2_hist_ice_extrap",20.9590731445312,0.38759171962738
"species_2_hist_ice_extrap",21.2300956420898,0.380102068185806
"species_2_hist_ice_extrap",21.5011181396484,0.372671812772751
"species_2_hist_ice_extrap",21.772140637207,0.365303963422775
"species_2_hist_ice_extrap",22.0431631347656,0.358001351356506
"species_2_hist_ice_extrap",22.3141856323242,0.351476490497589
"species_2_hist_ice_extrap",22.5852081298828,0.345251083374023
"species_2_hist_ice_extrap",22.8562306274414,0.339081019163132
"species_2_hist_ice_extrap",23.127253125,0.332967698574066
"species_2_hist_ice_extrap",23.3982756225586,0.326912701129913
"species_2_hist_ice_extrap",23.6692981201172,0.320917427539825
"species_2_hist_ice_extrap",23.9403206176758,0.31498321890831
"species_2_hist_ice_extrap",24.2113431152344,0.309111326932907
"species_2_hist_ice_extrap",24.482365612793,0.30330291390419
"species_2_hist_ice_extrap",24.7533881103516,0.297559171915054
"species_2_hist_ice_extrap",25.0244106079101,0.291881024837494
"species_2_hist_ice_extrap",25.2954331054687,0.286501288414001
"species_2_hist_ice_extrap",25.5664556030273,0.282370120286942
"species_2_hist_ice_extrap",25.8374781005859,0.279543578624725
"species_2_hist_ice_extrap",26.1085005981445,0.278241872787476
"species_2_hist_ice_extrap",26.3795230957031,0.278472483158112
"species_2_hist_ice_extrap",26.6505455932617,0.278705567121506
"species_2_hist_ice_extrap",26.9215680908203,0.27894115447998
"species_2_hist_ice_extrap",27.1925905883789,0.279179245233536
"species_2_hist_ice_extrap",27.4636130859375,0.279419869184494
"species_2_hist_ice_extrap",27.7346355834961,0.279662996530533
"species_2_hist_ice_extrap",28.0056580810547,0.279908627271652
"species_2_hist_ice_extrap",28.2766805786133,0.280156791210175
"species_2_hist_ice_extrap",28.5477030761719,0.2804074883461
"species_2_hist_ice_extrap",28.8187255737305,0.280660718679428
"species_2_hist_ice_extrap",29.089748071289,0.280916482210159
"species_2_hist_ice_extrap",29.3607705688476,0.281174778938293
"species_2_hist_ice_extrap",29.6317930664062,0.281435608863831
"species_2_hist_ice_extrap",29.9028155639648,0.281699001789093
"species_2_hist_ice_extrap",30.1738380615234,0.281964927911758
"species_2_hist_ice_extrap",30.444860559082,0.282233417034149
"species_2_hist_ice_extrap",30.7158830566406,0.282504469156265
"species_2_hist_ice_extrap",30.9869055541992,0.282778084278107
"species_2_hist_ice_extrap",31.2579280517578,0.283054262399673
"species_2_hist_ice_extrap",31.5289505493164,0.283333003520966
"species_2_hist_ice_extrap",31.799973046875,0.283614307641983
"species_2_hist_ice_extrap",32.0709955444336,0.283898204565048
"species_2_hist_ice_extrap",32.3420180419922,0.284184694290161
"species_2_hist_ice_extrap",32.6130405395508,0.284473747014999
"species_2_hist_ice_extrap",32.8840630371094,0.284765422344208
"species_2_hist_ice_extrap",33.155085534668,0.285059660673141
"species_2_hist_ice_extrap",33.4261080322265,0.285356521606445
"species_2_hist_ice_extrap",33.6971305297851,0.285655975341797
"species_2_hist_ice_extrap",33.9681530273437,0.285958051681518
"species_2_hist_ice_extrap",34.2391755249023,0.286262720823288
"species_2_hist_ice_extrap",34.5101980224609,0.28657004237175
"species_2_hist_ice_extrap",34.7812205200195,0.28687995672226
"species_2_hist_ice_extrap",35.0522430175781,0.287192523479462
"species_2_hist_ice_extrap",35.3232655151367,0.287507683038712
"species_2_hist_ice_extrap",35.5942880126953,0.287825495004654
"species_2_hist_ice_extrap",35.8653105102539,0.288145959377289
"species_2_hist_ice_extrap",36.1363330078125,0.288469076156616
"species_2_hist_ice_extrap",36.4073555053711,0.288794815540314
"species_2_hist_ice_extrap",36.6783780029297,0.289123237133026
"species_2_hist_ice_extrap",36.9494005004883,0.289454311132431
"species_2_hist_ice_extrap",37.2204229980469,0.289788037538528
"species_2_hist_ice_extrap",37.4914454956055,0.290124446153641
"species_2_hist_ice_extrap",37.762467993164,0.290463507175446
"species_2_hist_ice_extrap",38.0334904907226,0.290805280208588
"species_2_hist_ice_extrap",38.3045129882812,0.291149705648422
"species_2_hist_ice_extrap",38.5755354858398,0.291496843099594
"species_2_hist_ice_extrap",38.8465579833984,0.291846662759781
"species_2_hist_ice_extrap",39.117580480957,0.292199164628983
"species_2_hist_ice_extrap",39.3886029785156,0.292554408311844
"species_2_hist_ice_extrap",39.6596254760742,0.29291233420372
"species_2_hist_ice_extrap",39.9306479736328,0.293272972106934
"species_2_hist_ice_extrap",40.2016704711914,0.293636351823807
"species_2_hist_ice_extrap",40.47269296875,0.294002413749695
"species_2_hist_ice_extrap",40.7437154663086,0.294371247291565
"species_2_hist_ice_extrap",41.0147379638672,0.294742792844772
"species_2_hist_ice_extrap",41.2857604614258,0.295117080211639
"species_2_hist_ice_extrap",41.5567829589843,0.295494109392166
"species_2_hist_ice_extrap",41.827805456543,0.295873880386353
"species_2_hist_ice_extrap",42.0988279541015,0.296256422996521
"species_2_hist_ice_extrap",42.3698504516601,0.296641707420349
"species_2_hist_ice_extrap",42.6408729492187,0.297029763460159
"species_2_hist_ice_extrap",42.9118954467773,0.297420620918274
"species_2_hist_ice_extrap",43.1829179443359,0.297814220190048
"species_2_hist_ice_extrap",43.4539404418945,0.298210591077805
"species_2_hist_ice_extrap",43.7249629394531,0.298609763383865
"species_2_hist_ice_extrap",43.9959854370117,0.299011737108231
"species_2_hist_ice_extrap",44.2670079345703,0.299416482448578
"species_2_hist_ice_extrap",44.5380304321289,0.299824059009552
"species_2_hist_ice_extrap",44.8090529296875,0.300234436988831
"species_2_hist_ice_extrap",45.0800754272461,0.300647616386414
"species_2_hist_ice_extrap",45.3510979248047,0.301063597202301
"species_2_hist_ice_extrap",45.6221204223633,0.301482439041138
"species_2_hist_ice_extrap",45.8931429199218,0.301904082298279
"species_2_hist_ice_extrap",46.1641654174804,0.302328586578369
"species_2_hist_ice_extrap",46.435187915039,0.302755922079086
"species_2_hist_ice_extrap",46.7062104125976,0.30318608880043
"species_2_hist_ice_extrap",46.9772329101562,0.303619116544724
"species_2_hist_ice_extrap",47.2482554077148,0.304055005311966
"species_2_hist_ice_extrap",47.5192779052734,0.304493755102158
"species_2_hist_ice_extrap",47.790300402832,0.304935365915298
"species_2_hist_ice_extrap",48.0613229003906,0.305379837751388
"species_2_hist_ice_extrap",48.3323453979492,0.305827230215073
"species_2_hist_ice_extrap",48.6033678955078,0.306277483701706
"species_2_hist_ice_extrap",48.8743903930664,0.306730628013611
"species_2_hist_ice_extrap",49.145412890625,0.307186663150787
"species_2_hist_ice_extrap",49.4164353881836,0.307645618915558
"species_2_hist_ice_extrap",49.6874578857422,0.3081074655056
"species_2_hist_ice_extrap",49.9584803833008,0.308572232723236
"species_2_hist_ice_extrap",50.2295028808594,0.309039920568466
"species_2_hist_ice_extrap",50.5005253784179,0.30951052904129
"species_2_hist_ice_extrap",50.7715478759765,0.309984058141708
"species_2_hist_ice_extrap",51.0425703735351,0.310460537672043
"species_2_hist_ice_extrap",51.3135928710937,0.310939937829971
"species_2_hist_ice_extrap",51.5846153686523,0.311422318220138
"species_2_hist_ice_extrap",51.8556378662109,0.311907649040222
"species_2_hist_ice_extrap",52.1266603637695,0.312395930290222
"species_2_hist_ice_extrap",52.3976828613281,0.312887161970138
"species_2_hist_ice_extrap",52.6687053588867,0.313381373882294
"species_2_hist_ice_extrap",52.9397278564453,0.313878566026688
"species_2_hist_ice_extrap",53.2107503540039,0.314378768205643
"species_2_hist_ice_extrap",53.4817728515625,0.314881920814514
"species_2_hist_ice_extrap",53.7527953491211,0.315388083457947
"species_2_hist_ice_extrap",54.0238178466797,0.31589725613594
"species_2_hist_ice_extrap",54.2948403442383,0.316409409046173
"species_2_hist_ice_extrap",54.5658628417968,0.316924601793289
"species_2_hist_ice_extrap",54.8368853393554,0.317442774772644
"species_2_hist_ice_extrap",55.107907836914,0.317964017391205
"species_2_hist_ice_extrap",55.3789303344726,0.318488240242004
"species_2_hist_ice_extrap",55.6499528320312,0.31901553273201
"species_2_hist_ice_extrap",55.9209753295898,0.319545865058899
"species_2_hist_ice_extrap",56.1919978271484,0.320079237222672
"species_2_hist_ice_extrap",56.463020324707,0.32061567902565
"species_2_hist_ice_extrap",56.7340428222656,0.321155160665512
"species_2_hist_ice_extrap",57.0050653198242,0.32169771194458
"species_2_hist_ice_extrap",57.2760878173828,0.322243332862854
"species_2_hist_ice_extrap",57.5471103149414,0.322792023420334
"species_2_hist_ice_extrap",57.8181328125,0.323343813419342
"species_2_hist_ice_extrap",58.0891553100586,0.323898673057556
"species_2_hist_ice_extrap",58.3601778076171,0.324456632137299
"species_2_hist_ice_extrap",58.6312003051758,0.325017690658569
"species_2_hist_ice_extrap",58.9022228027343,0.325581848621368
"species_2_hist_ice_extrap",59.173245300293,0.326149135828018
"species_2_hist_ice_extrap",59.4442677978515,0.326719522476196
"species_2_hist_ice_extrap",59.7152902954101,0.327293068170547
"species_2_hist_ice_extrap",59.9863127929687,0.327869713306427
"species_2_hist_ice_extrap",60.2573352905273,0.328449487686157
"species_2_hist_ice_extrap",60.5283577880859,0.329032421112061
"species_2_hist_ice_extrap",60.7993802856445,0.329618483781815
"species_2_hist_ice_extrap",61.0704027832031,0.330207705497742
"species_2_hist_ice_extrap",61.3414252807617,0.330800086259842
"species_2_hist_ice_extrap",61.6124477783203,0.331395626068115
"species_2_hist_ice_extrap",61.8834702758789,0.331994324922562
"species_2_hist_ice_extrap",62.1544927734375,0.332596212625504
"species_2_hist_ice_extrap",62.4255152709961,0.333201289176941
"species_2_hist_ice_extrap",62.6965377685547,0.333809524774551
"species_2_hist_ice_extrap",62.9675602661133,0.33442097902298
"species_2_hist_ice_extrap",63.2385827636718,0.335035622119904
"species_2_hist_ice_extrap",63.5096052612304,0.335653483867645
"species_2_hist_ice_extrap",63.780627758789,0.336274534463882
"species_2_hist_ice_extrap",64.0516502563476,0.336898803710938
"species_2_hist_ice_extrap",64.3226727539062,0.33752629160881
"species_2_hist_ice_extrap",64.5936952514648,0.338157027959824
"species_2_hist_ice_extrap",64.8647177490234,0.338790953159332
"species_2_hist_ice_extrap",65.135740246582,0.339428156614304
"species_2_hist_ice_extrap",65.4067627441406,0.340068578720093
"species_2_hist_ice_extrap",65.6777852416992,0.340712249279022
"species_2_hist_ice_extrap",65.9488077392578,0.341359168291092
"species_2_hist_ice_extrap",66.2198302368164,0.342009365558624
"species_2_hist_ice_extrap",66.490852734375,0.342662811279297
"species_2_hist_ice_extrap",66.7618752319336,0.343319565057755
"species_2_hist_ice_extrap",67.0328977294921,0.34397953748703
"species_2_hist_ice_extrap",67.3039202270507,0.344642817974091
"species_2_hist_ice_extrap",67.5749427246093,0.345309376716614
"species_2_hist_ice_extrap",67.8459652221679,0.345979243516922
"species_2_hist_ice_extrap",68.1169877197265,0.346652388572693
"species_2_hist_ice_extrap",68.3880102172851,0.347328841686249
"species_2_hist_ice_extrap",68.6590327148437,0.34800860285759
"species_2_hist_ice_extrap",68.9300552124023,0.348691672086716
"species_2_hist_ice_extrap",69.2010777099609,0.349378079175949
"species_2_hist_ice_extrap",69.4721002075195,0.350067764520645
"species_2_hist_ice_extrap",69.7431227050781,0.350760817527771
"species_2_hist_ice_extrap",70.0141452026367,0.351457178592682
"species_2_hist_ice_extrap",70.2851677001953,0.352156907320023
"species_2_hist_ice_extrap",70.5561901977539,0.352859944105148
"species_2_hist_ice_extrap",70.8272126953125,0.353566318750381
"species_2_hist_ice_extrap",71.0982351928711,0.354276090860367
"species_2_hist_ice_extrap",71.3692576904296,0.354989171028137
"species_2_hist_ice_extrap",71.6402801879883,0.35570564866066
"species_2_hist_ice_extrap",71.9113026855468,0.35642546415329
"species_2_hist_ice_extrap",72.1823251831054,0.357148677110672
"species_2_hist_ice_extrap",72.453347680664,0.357875257730484
"species_2_hist_ice_extrap",72.7243701782226,0.358605235815048
"species_2_hist_ice_extrap",72.9953926757812,0.35933855175972
"species_2_hist_ice_extrap",73.2664151733398,0.360075294971466
"species_2_hist_ice_extrap",73.5374376708984,0.360815435647964
"species_2_hist_ice_extrap",73.808460168457,0.361558943986893
"species_2_hist_ice_extrap",74.0794826660156,0.362305879592896
"species_2_hist_ice_extrap",74.3505051635742,0.36305621266365
"species_2_hist_ice_extrap",74.6215276611328,0.36380997300148
"species_2_hist_ice_extrap",74.8925501586914,0.36456710100174
"species_2_hist_ice_extrap",75.16357265625,0.365327715873718
"species_2_hist_ice_extrap",75.4345951538086,0.366091698408127
"species_2_hist_ice_extrap",75.7056176513671,0.366859138011932
"species_2_hist_ice_extrap",75.9766401489258,0.367630004882812
"species_2_hist_ice_extrap",76.2476626464843,0.368404299020767
"species_2_hist_ice_extrap",76.5186851440429,0.369182050228119
"species_2_hist_ice_extrap",76.7897076416015,0.369963228702545
"species_2_hist_ice_extrap",77.0607301391601,0.370747864246368
"species_2_hist_ice_extrap",77.3317526367187,0.371535927057266
"species_2_hist_ice_extrap",77.6027751342773,0.372327476739883
"species_2_hist_ice_extrap",77.8737976318359,0.373122453689575
"species_2_hist_ice_extrap",78.1448201293945,0.373920917510986
"species_2_hist_ice_extrap",78.4158426269531,0.374722838401794
"species_2_hist_ice_extrap",78.6868651245117,0.375528216362
"species_2_hist_ice_extrap",78.9578876220703,0.376337081193924
"species_2_hist_ice_extrap",79.2289101196289,0.377149432897568
"species_2_hist_ice_extrap",79.4999326171875,0.378991365432739
"species_2_hist_ice_extrap",79.770955114746,0.382027119398117
"species_2_hist_ice_extrap",80.0419776123046,0.38537734746933
"species_2_hist_ice_extrap",80.3130001098632,0.38874140381813
"species_2_hist_ice_extrap",80.5840226074218,0.392118811607361
"species_2_hist_ice_extrap",80.8550451049804,0.395509421825409
"species_2_hist_ice_extrap",81.126067602539,0.39891305565834
"species_2_hist_ice_extrap",81.3970901000976,0.402329236268997
"species_2_hist_ice_extrap",81.6681125976562,0.405757874250412
"species_2_hist_ice_extrap",81.9391350952148,0.409198492765427
"species_2_hist_ice_extrap",82.2101575927734,0.412651002407074
"species_2_hist_ice_extrap",82.481180090332,0.416114896535873
"species_2_hist_ice_extrap",82.7522025878906,0.419590085744858
"species_2_hist_ice_extrap",83.0232250854492,0.423076063394547
"species_2_hist_ice_extrap",83.2942475830078,0.42657271027565
"species_2_hist_ice_extrap",83.5652700805664,0.430079519748688
"species_2_hist_ice_extrap",83.836292578125,0.43359637260437
"species_2_hist_ice_extrap",84.1073150756836,0.437122762203217
"species_2_hist_ice_extrap",84.3783375732421,0.440658420324326
"species_2_hist_ice_extrap",84.6493600708007,0.44420313835144
"species_2_hist_ice_extrap",84.9203825683593,0.447756379842758
"species_2_hist_ice_extrap",85.1914050659179,0.451317995786667
"species_2_hist_ice_extrap",85.4624275634765,0.454887449741364
"species_2_hist_ice_extrap",85.7334500610351,0.458464592695236
"species_2_hist_ice_extrap",86.0044725585937,0.46204885840416
"species_2_hist_ice_extrap",86.2754950561523,0.465640127658844
"species_2_hist_ice_extrap",86.5465175537109,0.469237774610519
"species_2_hist_ice_extrap",86.8175400512695,0.472841709852219
"species_2_hist_ice_extrap",87.0885625488281,0.476451307535172
"species_2_hist_ice_extrap",87.3595850463867,0.480066448450089
"species_2_hist_ice_extrap",87.6306075439453,0.483686536550522
"species_2_hist_ice_extrap",87.9016300415039,0.487311273813248
"species_2_hist_ice_extrap",88.1726525390625,0.490940451622009
"species_2_hist_ice_extrap",88.4436750366211,0.494573414325714
"species_2_hist_ice_extrap",88.7146975341796,0.49821001291275
"species_2_hist_ice_extrap",88.9857200317382,0.501849710941315
"species_2_hist_ice_extrap",89.2567425292968,0.505492210388184
"species_2_hist_ice_extrap",89.5277650268554,0.509137034416199
"species_2_hist_ice_extrap",89.798787524414,0.512783944606781
"species_2_hist_ice_extrap",90.0698100219726,0.516432344913483
"species_2_hist_ice_extrap",90.3408325195312,0.520082056522369
"species_2_hist_ice_extrap",90.6118550170898,0.523732423782349
"species_2_hist_ice_extrap",90.8828775146484,0.527383387088776
"species_2_hist_ice_extrap",91.153900012207,0.531034290790558
"species_2_hist_ice_extrap",91.4249225097656,0.534684777259827
"species_2_hist_ice_extrap",91.6959450073242,0.538334608078003
"species_2_hist_ice_extrap",91.9669675048828,0.541983187198639
"species_2_hist_ice_extrap",92.2379900024414,0.545630276203156
"species_2_hist_ice_extrap",92.5090125,0.54927533864975
"species_2_hist_ice_extrap",92.7800349975585,0.552918136119843
"species_2_hist_ice_extrap",93.0510574951171,0.556558132171631
"species_2_hist_ice_extrap",93.3220799926757,0.560195028781891
"species_2_hist_ice_extrap",93.5931024902343,0.56382828950882
"species_2_hist_ice_extrap",93.8641249877929,0.567457735538483
"species_2_hist_ice_extrap",94.1351474853515,0.571082770824432
"species_2_hist_ice_extrap",94.4061699829101,0.574703216552734
"species_2_hist_ice_extrap",94.6771924804687,0.578318417072296
"species_2_hist_ice_extrap",94.9482149780273,0.581928133964539
"species_2_hist_ice_extrap",95.2192374755859,0.585532069206238
"species_2_hist_ice_extrap",95.4902599731445,0.589523017406464
"species_2_hist_ice_extrap",95.7612824707031,0.593698859214783
"species_2_hist_ice_extrap",96.0323049682617,0.597863972187042
"species_2_hist_ice_extrap",96.3033274658203,0.602017939090729
"species_2_hist_ice_extrap",96.5743499633788,0.60615998506546
"species_2_hist_ice_extrap",96.8453724609374,0.610289752483368
"species_2_hist_ice_extrap",97.116394958496,0.617350041866302
"species_2_hist_ice_extrap",97.3874174560546,0.625793397426605
"species_2_hist_ice_extrap",97.6584399536132,0.63416337966919
"species_2_hist_ice_extrap",97.9294624511718,0.6424560546875
"species_2_hist_ice_extrap",98.2004849487304,0.650666773319244
"species_2_hist_ice_extrap",98.471507446289,0.658791720867157
"species_2_hist_ice_extrap",98.7425299438476,0.667026996612549
"species_2_hist_ice_extrap",99.0135524414062,0.675194203853607
"species_2_hist_ice_extrap",99.2845749389648,0.683259010314941
"species_2_hist_ice_extrap",99.5555974365234,0.691217482089996
"species_2_hist_ice_extrap",99.826619934082,0.699066698551178
"species_2_hist_ice_extrap",100.097642431641,0.706803321838379
"species_2_hist_ice_extrap",100.368664929199,0.714424908161163
"species_2_hist_ice_extrap",100.639687426758,0.721928536891937
"species_2_hist_ice_extrap",100.910709924316,0.729312181472778
"species_2_hist_ice_extrap",101.181732421875,0.736573457717896
"species_2_hist_ice_extrap",101.452754919434,0.74371063709259
"species_2_hist_ice_extrap",101.723777416992,0.750722289085388
"species_2_hist_ice_extrap",101.994799914551,0.757606625556946
"species_2_hist_ice_extrap",102.265822412109,0.764362871646881
"species_2_hist_ice_extrap",102.536844909668,0.77098959684372
"species_2_hist_ice_extrap",102.807867407227,0.777486503124237
"species_2_hist_ice_extrap",103.078889904785,0.783852517604828
"species_2_hist_ice_extrap",103.349912402344,0.790087759494781
"species_2_hist_ice_extrap",103.620934899902,0.79619163274765
"species_2_hist_ice_extrap",103.891957397461,0.802164554595947
"species_2_hist_ice_extrap",104.162979895019,0.808006286621094
"species_2_hist_ice_extrap",104.434002392578,0.813717544078827
"species_2_hist_ice_extrap",104.705024890137,0.819298505783081
"species_2_hist_ice_extrap",104.976047387695,0.824749946594238
"species_2_hist_ice_extrap",105.247069885254,0.83007287979126
"species_2_hist_ice_extrap",105.518092382812,0.835267961025238
"species_2_hist_ice_extrap",105.789114880371,0.840336441993713
"species_2_hist_ice_extrap",106.06013737793,0.845279276371002
"species_2_hist_ice_extrap",106.331159875488,0.850098073482513
"species_2_hist_ice_extrap",106.602182373047,0.854793906211853
"species_2_hist_ice_extrap",106.873204870605,0.85936850309372
"species_2_hist_ice_extrap",107.144227368164,0.863823235034943
"species_2_hist_ice_extrap",107.415249865723,0.86815994977951
"species_2_hist_ice_extrap",107.686272363281,0.872380197048187
"species_2_hist_ice_extrap",107.95729486084,0.87648594379425
"species_2_hist_ice_extrap",108.228317358398,0.880478858947754
"species_2_hist_ice_extrap",108.499339855957,0.884360909461975
"species_2_hist_ice_extrap",108.770362353516,0.888134241104126
"species_2_hist_ice_extrap",109.041384851074,0.891800463199615
"species_2_hist_ice_extrap",109.312407348633,0.895361959934235
"species_2_hist_ice_extrap",109.583429846191,0.898820459842682
"species_2_hist_ice_extrap",109.85445234375,0.902178347110748
"species_2_hist_ice_extrap",110.125474841309,0.905437350273132
"species_2_hist_ice_extrap",110.396497338867,0.90859991312027
"species_2_hist_ice_extrap",110.667519836426,0.911667883396149
"species_2_hist_ice_extrap",110.938542333984,0.914643585681915
"species_2_hist_ice_extrap",111.209564831543,0.917528867721558
"species_2_hist_ice_extrap",111.480587329102,0.920326113700867
"species_2_hist_ice_extrap",111.75160982666,0.923037171363831
"species_2_hist_ice_extrap",112.022632324219,0.925664246082306
"species_2_hist_ice_extrap",112.293654821777,0.928209543228149
"species_2_hist_ice_extrap",112.564677319336,0.930674850940704
"species_2_hist_ice_extrap",112.835699816894,0.933062434196472
"species_2_hist_ice_extrap",113.106722314453,0.933841288089752
"species_2_hist_ice_extrap",113.377744812012,0.933841288089752
"species_2_hist_ice_extrap",113.64876730957,0.933841288089752
"species_2_hist_ice_extrap",113.919789807129,0.933841288089752
"species_2_hist_ice_extrap",114.190812304687,0.933841288089752
"species_2_hist_ice_extrap",114.461834802246,0.933841288089752
"species_2_hist_ice_extrap",114.732857299805,0.933841288089752
"species_2_hist_ice_extrap",115.003879797363,0.933841288089752
"species_2_hist_ice_extrap",115.274902294922,0.933841288089752
"species_2_hist_ice_extrap",115.54592479248,0.933841288089752
"species_2_hist_ice_extrap",115.816947290039,0.933841288089752
"species_2_hist_ice_extrap",116.087969787598,0.933841288089752
"species_2_hist_ice_extrap",116.358992285156,0.933841288089752
"species_2_hist_ice_extrap",116.630014782715,0.933841288089752
"species_2_hist_ice_extrap",116.901037280273,0.933841288089752
"species_2_hist_ice_extrap",117.172059777832,0.933841288089752
"species_2_hist_ice_extrap",117.443082275391,0.933841288089752
"species_2_hist_ice_extrap",117.714104772949,0.933841288089752
"species_2_hist_ice_extrap",117.985127270508,0.933841288089752
"species_2_hist_ice_extrap",118.256149768066,0.933841288089752
"species_2_hist_ice_extrap",118.527172265625,0.933841288089752
"species_2_hist_ice_extrap",118.798194763184,0.933841288089752
"species_2_hist_ice_extrap",119.069217260742,0.933841288089752
"species_2_hist_ice_extrap",119.340239758301,0.933841288089752
"species_2_hist_ice_extrap",119.611262255859,0.933841288089752
"species_2_hist_ice_extrap",119.882284753418,0.933841288089752
"species_2_hist_ice_extrap",120.153307250976,0.933841288089752
"species_2_hist_ice_extrap",120.424329748535,0.933841288089752
"species_2_hist_ice_extrap",120.695352246094,0.933841288089752
"species_2_hist_ice_extrap",120.966374743652,0.933841288089752
"species_2_hist_ice_extrap",121.237397241211,0.933841288089752
"species_2_hist_ice_extrap",121.508419738769,0.933841288089752
"species_2_hist_ice_extrap",121.779442236328,0.933841288089752
"species_2_hist_ice_extrap",122.050464733887,0.933841288089752
"species_2_hist_ice_extrap",122.321487231445,0.933841288089752
"species_2_hist_ice_extrap",122.592509729004,0.933841288089752
"species_2_hist_ice_extrap",122.863532226562,0.933841288089752
"species_2_hist_ice_extrap",123.134554724121,0.933841288089752
"species_2_hist_ice_extrap",123.40557722168,0.933841288089752
"species_2_hist_ice_extrap",123.676599719238,0.933841288089752
"species_2_hist_ice_extrap",123.947622216797,0.933841288089752
"species_2_hist_ice_extrap",124.218644714355,0.933841288089752
"species_3_bathy_extrap_only",-22.4101971507073,0.785924196243286
"species_3_bathy_extrap_only",-21.8446017467499,0.785924196243286
"species_3_bathy_extrap_only",-21.2790063427925,0.785924196243286
"species_3_bathy_extrap_only",-20.7134109388352,0.785924196243286
"species_3_bathy_extrap_only",-20.1478155348778,0.785924196243286
"species_3_bathy_extrap_only",-19.5822201309204,0.785924196243286
"species_3_bathy_extrap_only",-19.0166247269631,0.785924196243286
"species_3_bathy_extrap_only",-18.4510293230057,0.785924196243286
"species_3_bathy_extrap_only",-17.8854339190483,0.785924196243286
"species_3_bathy_extrap_only",-17.319838515091,0.785924196243286
"species_3_bathy_extrap_only",-16.7542431111336,0.785924196243286
"species_3_bathy_extrap_only",-16.1886477071762,0.785924196243286
"species_3_bathy_extrap_only",-15.6230523032189,0.785924196243286
"species_3_bathy_extrap_only",-15.0574568992615,0.785924196243286
"species_3_bathy_extrap_only",-14.4918614953041,0.785924196243286
"species_3_bathy_extrap_only",-13.9262660913467,0.785924196243286
"species_3_bathy_extrap_only",-13.3606706873894,0.785924196243286
"species_3_bathy_extrap_only",-12.795075283432,0.785924196243286
"species_3_bathy_extrap_only",-12.2294798794746,0.785924196243286
"species_3_bathy_extrap_only",-11.6638844755173,0.785924196243286
"species_3_bathy_extrap_only",-11.0982890715599,0.785924196243286
"species_3_bathy_extrap_only",-10.5326936676025,0.785924196243286
"species_3_bathy_extrap_only",-9.96709826364518,0.785924196243286
"species_3_bathy_extrap_only",-9.40150285968781,0.785924196243286
"species_3_bathy_extrap_only",-8.83590745573045,0.785924196243286
"species_3_bathy_extrap_only",-8.27031205177308,0.785924196243286
"species_3_bathy_extrap_only",-7.70471664781571,0.785924196243286
"species_3_bathy_extrap_only",-7.13912124385834,0.785924196243286
"species_3_bathy_extrap_only",-6.57352583990098,0.785924196243286
"species_3_bathy_extrap_only",-6.00793043594361,0.785924196243286
"species_3_bathy_extrap_only",-5.44233503198624,0.785924196243286
"species_3_bathy_extrap_only",-4.87673962802888,0.785924196243286
"species_3_bathy_extrap_only",-4.31114422407151,0.785924196243286
"species_3_bathy_extrap_only",-3.74554882011414,0.785924196243286
"species_3_bathy_extrap_only",-3.17995341615678,0.785924196243286
"species_3_bathy_extrap_only",-2.61435801219941,0.785924196243286
"species_3_bathy_extrap_only",-2.04876260824204,0.785924196243286
"species_3_bathy_extrap_only",-1.48316720428468,0.785924196243286
"species_3_bathy_extrap_only",-0.917571800327309,0.785924196243286
"species_3_bathy_extrap_only",-0.351976396369938,0.785924196243286
"species_3_bathy_extrap_only",0.213619007587425,0.785924196243286
"species_3_bathy_extrap_only",0.779214411544793,0.785924196243286
"species_3_bathy_extrap_only",1.34480981550216,0.788474678993225
"species_3_bathy_extrap_only",1.91040521945953,0.795992314815521
"species_3_bathy_extrap_only",2.47600062341689,0.803309440612793
"species_3_bathy_extrap_only",3.04159602737426,0.810426652431488
"species_3_bathy_extrap_only",3.60719143133163,0.817344844341278
"species_3_bathy_extrap_only",4.17278683528899,0.805086493492126
"species_3_bathy_extrap_only",4.73838223924636,0.770152688026428
"species_3_bathy_extrap_only",5.30397764320373,0.731049478054047
"species_3_bathy_extrap_only",5.8695730471611,0.687988877296448
"species_3_bathy_extrap_only",6.43516845111846,0.664584398269653
"species_3_bathy_extrap_only",7.00076385507583,0.644372880458832
"species_3_bathy_extrap_only",7.5663592590332,0.6236332654953
"species_3_bathy_extrap_only",8.13195466299057,0.60243034362793
"species_3_bathy_extrap_only",8.69755006694793,0.58083575963974
"species_3_bathy_extrap_only",9.2631454709053,0.558926999568939
"species_3_bathy_extrap_only",9.82874087486266,0.536786377429962
"species_3_bathy_extrap_only",10.39433627882,0.514499723911285
"species_3_bathy_extrap_only",10.9599316827774,0.492155343294144
"species_3_bathy_extrap_only",11.5255270867348,0.469842195510864
"species_3_bathy_extrap_only",12.0911224906921,0.447648942470551
"species_3_bathy_extrap_only",12.6567178946495,0.425662338733673
"species_3_bathy_extrap_only",13.2223132986069,0.40396586060524
"species_3_bathy_extrap_only",13.7879087025642,0.382638454437256
"species_3_bathy_extrap_only",14.3535041065216,0.361753672361374
"species_3_bathy_extrap_only",14.919099510479,0.341378420591354
"species_3_bathy_extrap_only",15.4846949144363,0.321572631597519
"species_3_bathy_extrap_only",16.0502903183937,0.302388280630112
"species_3_bathy_extrap_only",16.6158857223511,0.283869653940201
"species_3_bathy_extrap_only",17.1814811263084,0.266052544116974
"species_3_bathy_extrap_only",17.7470765302658,0.248964920639992
"species_3_bathy_extrap_only",18.3126719342232,0.23262694478035
"species_3_bathy_extrap_only",18.8782673381805,0.217051282525063
"species_3_bathy_extrap_only",19.4438627421379,0.202243626117706
"species_3_bathy_extrap_only",20.0094581460953,0.188203349709511
"species_3_bathy_extrap_only",20.5750535500526,0.175271064043045
"species_3_bathy_extrap_only",21.14064895401,0.167011901736259
"species_3_bathy_extrap_only",21.7062443579674,0.160576775670052
"species_3_bathy_extrap_only",22.2718397619247,0.154343634843826
"species_3_bathy_extrap_only",22.8374351658821,0.148309707641602
"species_3_bathy_extrap_only",23.4030305698395,0.142471924424171
"species_3_bathy_extrap_only",23.9686259737968,0.136827006936073
"species_3_bathy_extrap_only",24.5342213777542,0.13137149810791
"species_3_bathy_extrap_only",25.0998167817116,0.126101717352867
"species_3_bathy_extrap_only",25.6654121856689,0.121013879776001
"species_3_bathy_extrap_only",26.2310075896263,0.116104051470757
"species_3_bathy_extrap_only",26.7966029935837,0.111368201673031
"species_3_bathy_extrap_only",27.362198397541,0.106802172958851
"species_3_bathy_extrap_only",27.9277938014984,0.10240177065134
"species_3_bathy_extrap_only",28.4933892054558,0.0981627553701401
"species_3_bathy_extrap_only",29.0589846094131,0.094080813229084
"species_3_bathy_extrap_only",29.6245800133705,0.0901516526937485
"species_3_bathy_extrap_only",30.1901754173279,0.086370937526226
"species_3_bathy_extrap_only",30.7557708212852,0.0827343612909317
"species_3_bathy_extrap_only",31.3213662252426,0.0792376324534416
"species_3_bathy_extrap_only",31.8869616292,0.075876459479332
"species_3_bathy_extrap_only",32.4525570331573,0.0726466029882431
"species_3_bathy_extrap_only",33.0181524371147,0.0695438832044601
"species_3_bathy_extrap_only",33.5837478410721,0.0665641874074936
"species_3_bathy_extrap_only",34.1493432450294,0.0637034177780151
"species_3_bathy_extrap_only",34.7149386489868,0.0609575547277927
"species_3_bathy_extrap_only",35.2805340529442,0.0583226904273033
"species_3_bathy_extrap_only",35.8461294569016,0.0557949356734753
"species_3_bathy_extrap_only",36.4117248608589,0.053370539098978
"species_3_bathy_extrap_only",36.9773202648163,0.0510457791388035
"species_3_bathy_extrap_only",37.5429156687737,0.0488170720636845
"species_3_bathy_extrap_only",38.108511072731,0.0466808751225471
"species_3_bathy_extrap_only",38.6741064766884,0.0446337834000587
"species_3_bathy_extrap_only",39.2397018806457,0.0426724441349506
"species_3_bathy_extrap_only",39.8052972846031,0.0407935976982117
"species_3_bathy_extrap_only",40.3708926885605,0.0389941185712814
"species_3_bathy_extrap_only",40.9364880925178,0.0372709259390831
"species_3_bathy_extrap_only",41.5020834964752,0.03562106564641
"species_3_bathy_extrap_only",42.0676789004326,0.0340416505932808
"species_3_bathy_extrap_only",42.63327430439,0.0325299128890038
"species_3_bathy_extrap_only",43.1988697083473,0.0310831367969513
"species_3_bathy_extrap_only",43.7644651123047,0.0296987425535917
"species_3_bathy_extrap_only",44.3300605162621,0.0283742006868124
"species_3_bathy_extrap_only",44.8956559202194,0.027107072994113
"species_3_bathy_extrap_only",45.4612513241768,0.025895033031702
"species_3_bathy_extrap_only",46.0268467281342,0.024735800921917
"species_3_bathy_extrap_only",46.5924421320915,0.0236272141337395
"species_3_bathy_extrap_only",47.1580375360489,0.0225671529769897
"species_3_bathy_extrap_only",47.7236329400063,0.0215536095201969
"species_3_bathy_extrap_only",48.2892283439636,0.0205846279859543
"species_3_bathy_extrap_only",48.854823747921,0.0196583271026611
"species_3_bathy_extrap_only",49.4204191518784,0.018772916868329
"species_3_bathy_extrap_only",49.9860145558357,0.0179266501218081
"species_3_bathy_extrap_only",50.5516099597931,0.0171178728342056
"species_3_bathy_extrap_only",51.1172053637505,0.0163449700921774
"species_3_bathy_extrap_only",51.6828007677078,0.0156064182519913
"species_3_bathy_extrap_only",52.2483961716652,0.0149007271975279
"species_3_bathy_extrap_only",52.8139915756226,0.0142264887690544
"species_3_bathy_extrap_only",53.3795869795799,0.013582338578999
"species_3_bathy_extrap_only",53.9451823835373,0.0129669671878219
"species_3_bathy_extrap_only",54.5107777874947,0.0123791294172406
"species_3_bathy_extrap_only",55.076373191452,0.0118176182731986
"species_3_bathy_extrap_only",55.6419685954094,0.0112812891602516
"species_3_bathy_extrap_only",56.2075639993668,0.0107690319418907
"species_3_bathy_extrap_only",56.7731594033241,0.0102797970175743
"species_3_bathy_extrap_only",57.3387548072815,0.00981256365776062
"species_3_bathy_extrap_only",57.9043502112389,0.00936636980623007
"species_3_bathy_extrap_only",58.4699456151962,0.00894028134644032
"species_3_bathy_extrap_only",59.0355410191536,0.00853340607136488
"species_3_bathy_extrap_only",59.601136423111,0.00814489927142859
"species_3_bathy_extrap_only",60.1667318270683,0.00777393858879805
"species_3_bathy_extrap_only",60.7323272310257,0.00741974916309118
"species_3_bathy_extrap_only",61.2979226349831,0.00708157988265157
"species_3_bathy_extrap_only",61.8635180389404,0.00675872061401606
"species_3_bathy_extrap_only",62.4291134428978,0.00645048310980201
"species_3_bathy_extrap_only",62.9947088468552,0.00615621777251363
"species_3_bathy_extrap_only",63.5603042508125,0.00587529735639691
"species_3_bathy_extrap_only",64.1258996547699,0.00560712162405252
"species_3_bathy_extrap_only",64.6914950587273,0.00535112107172608
"species_3_bathy_extrap_only",65.2570904626846,0.00510675134137273
"species_3_bathy_extrap_only",65.822685866642,0.00487348390743136
"species_3_bathy_extrap_only",66.3882812705994,0.00465082190930843
"species_3_bathy_extrap_only",66.9538766745567,0.00443828711286187
"species_3_bathy_extrap_only",67.5194720785141,0.00423542642965913
"species_3_bathy_extrap_only",68.0850674824715,0.00404179794713855
"species_3_bathy_extrap_only",68.6506628864288,0.00385698699392378
"species_3_bathy_extrap_only",69.2162582903862,0.00368059752508998
"species_3_bathy_extrap_only",69.7818536943436,0.00351224420592189
"species_3_bathy_extrap_only",70.3474490983009,0.00335156568326056
"species_3_bathy_extrap_only",70.9130445022583,0.00319821410812438
"species_3_bathy_extrap_only",71.4786399062157,0.00305185979232192
"species_3_bathy_extrap_only",72.044235310173,0.00291218119673431
"species_3_bathy_extrap_only",72.6098307141304,0.00277887796983123
"species_3_bathy_extrap_only",73.1754261180878,0.00265166186727583
"species_3_bathy_extrap_only",73.7410215220451,0.0025302532594651
"species_3_bathy_extrap_only",74.3066169260025,0.00241438997909427
"species_3_bathy_extrap_only",74.8722123299599,0.00230382010340691
"species_3_bathy_extrap_only",75.4378077339172,0.0021983040496707
"species_3_bathy_extrap_only",76.0034031378746,0.00209760922007263
"species_3_bathy_extrap_only",76.568998541832,0.0020015174522996
"species_3_bathy_extrap_only",77.1345939457893,0.00190982047934085
"species_3_bathy_extrap_only",77.7001893497467,0.00182231573853642
"species_3_bathy_extrap_only",78.2657847537041,0.00173881324008107
"species_3_bathy_extrap_only",78.8313801576614,0.00165913067758083
"species_3_bathy_extrap_only",79.3969755616188,0.00158309482503682
"species_3_bathy_extrap_only",79.9625709655762,0.001510537462309
"species_3_bathy_extrap_only",80.5281663695335,0.00144130073022097
"species_3_bathy_extrap_only",81.0937617734909,0.00137523317243904
"species_3_bathy_extrap_only",81.6593571774483,0.00131219089962542
"species_3_bathy_extrap_only",82.2249525814056,0.0012520340969786
"species_3_bathy_extrap_only",82.790547985363,0.00119463191367686
"species_3_bathy_extrap_only",83.3561433893204,0.00113985920324922
"species_3_bathy_extrap_only",83.9217387932777,0.00108759431168437
"species_3_bathy_extrap_only",84.4873341972351,0.00103772338479757
"species_3_bathy_extrap_only",85.0529296011925,0.000990136992186308
"species_3_bathy_extrap_only",85.6185250051498,0.000944731233175844
"species_3_bathy_extrap_only",86.1841204091072,0.000901405292097479
"species_3_bathy_extrap_only",86.7497158130646,0.000860064581502229
"species_3_bathy_extrap_only",87.315311217022,0.000820618879515678
"species_3_bathy_extrap_only",87.8809066209793,0.000782980292569846
"species_3_bathy_extrap_only",88.4465020249367,0.000747066806070507
"species_3_bathy_extrap_only",89.0120974288941,0.0007127994322218
"species_3_bathy_extrap_only",89.5776928328514,0.00068010319955647
"species_3_bathy_extrap_only",90.1432882368088,0.000648905348498374
"species_3_bathy_extrap_only",90.7088836407662,0.000619137776084244
"species_3_bathy_extrap_only",91.2744790447235,0.00059073488228023
"species_3_bathy_extrap_only",91.8400744486809,0.000563634617719799
"species_3_bathy_extrap_only",92.4056698526382,0.000537776621058583
"species_3_bathy_extrap_only",92.9712652565956,0.000513104256242514
"species_3_bathy_extrap_only",93.536860660553,0.000489563622977585
"species_3_bathy_extrap_only",94.1024560645104,0.000467102159745991
"species_3_bathy_extrap_only",94.6680514684677,0.000445670797489583
"species_3_bathy_extrap_only",95.2336468724251,0.000425222329795361
"species_3_bathy_extrap_only",95.7992422763824,0.00040571196586825
"species_3_bathy_extrap_only",96.3648376803398,0.000387096166377887
"species_3_bathy_extrap_only",96.9304330842972,0.000369334273273125
"species_3_bathy_extrap_only",97.4960284882546,0.000352387287421152
"species_3_bathy_extrap_only",98.0616238922119,0.000336217432050034
"species_3_bathy_extrap_only",98.6272192961693,0.000320789346005768
"species_3_bathy_extrap_only",99.1928147001267,0.000306068977806717
"species_3_bathy_extrap_only",99.758410104084,0.000292024109512568
"species_3_bathy_extrap_only",100.324005508041,0.000278623367194086
"species_3_bathy_extrap_only",100.889600911999,0.000265837385086343
"species_3_bathy_extrap_only",101.455196315956,0.000253638194408268
"species_3_bathy_extrap_only",102.020791719913,0.000241998510318808
"species_3_bathy_extrap_only",102.586387123871,0.000230892852414399
"species_3_bathy_extrap_only",103.151982527828,0.000220296758925542
"species_3_bathy_extrap_only",103.717577931786,0.000210186961339787
"species_3_bathy_extrap_only",104.283173335743,0.000200540889636613
"species_3_bathy_extrap_only",104.8487687397,0.000191337428987026
"species_3_bathy_extrap_only",105.414364143658,0.000182556264917366
"species_3_bathy_extrap_only",105.979959547615,0.000174178145243786
"species_3_bathy_extrap_only",106.545554951572,0.000166184341651388
"species_3_bathy_extrap_only",107.11115035553,0.000158557362738065
"species_3_bathy_extrap_only",107.676745759487,0.000151280459249392
"species_3_bathy_extrap_only",108.242341163445,0.000144337391247973
"species_3_bathy_extrap_only",108.807936567402,0.000137712937430479
"species_3_bathy_extrap_only",109.373531971359,0.000131392473122105
"species_3_bathy_extrap_only",109.939127375317,0.000125362130347639
"species_3_bathy_extrap_only",110.504722779274,0.000119608448585495
"species_3_bathy_extrap_only",111.070318183231,0.00011411881132517
"species_3_bathy_extrap_only",111.635913587189,0.000108881169580854
"species_3_bathy_extrap_only",112.201508991146,0.000103883823612705
"species_3_bathy_extrap_only",112.767104395103,9.9115823104512e-05
"species_3_bathy_extrap_only",113.332699799061,9.4566639745608e-05
"species_3_bathy_extrap_only",113.898295203018,9.02262981981039e-05
"species_3_bathy_extrap_only",114.463890606976,8.60850850585848e-05
"species_3_bathy_extrap_only",115.029486010933,8.21339344838634e-05
"species_3_bathy_extrap_only",115.59508141489,7.83641226007603e-05
"species_3_bathy_extrap_only",116.160676818848,7.47673693695106e-05
"species_3_bathy_extrap_only",116.726272222805,7.13356421329081e-05
"species_3_bathy_extrap_only",117.291867626762,6.80614175507799e-05
"species_3_bathy_extrap_only",117.85746303072,6.49375069770031e-05
"species_3_bathy_extrap_only",118.423058434677,6.19569327682257e-05
"species_3_bathy_extrap_only",118.988653838634,5.91131538385525e-05
"species_3_bathy_extrap_only",119.554249242592,5.63998946745414e-05
"species_3_bathy_extrap_only",120.119844646549,5.3811203542864e-05
"species_3_bathy_extrap_only",120.685440050507,5.13412887812592e-05
"species_3_bathy_extrap_only",121.251035454464,4.89847370772623e-05
"species_3_bathy_extrap_only",121.816630858421,4.67363752250094e-05
"species_3_bathy_extrap_only",122.382226262379,4.4591179175768e-05
"species_3_bathy_extrap_only",122.947821666336,4.25444413849618e-05
"species_3_bathy_extrap_only",123.513417070293,4.05916471208911e-05
"species_3_bathy_extrap_only",124.079012474251,3.87285072065424e-05
"species_3_bathy_extrap_only",124.644607878208,3.69508561561815e-05
"species_3_bathy_extrap_only",125.210203282166,3.52548013324849e-05
"species_3_bathy_extrap_only",125.775798686123,3.36366101691965e-05
"species_3_bathy_extrap_only",126.34139409008,3.20926737913396e-05
"species_3_bathy_extrap_only",126.906989494038,3.06196016026661e-05
"species_3_bathy_extrap_only",127.472584897995,2.92141412501223e-05
"species_3_bathy_extrap_only",128.038180301952,2.78732095466694e-05
"species_3_bathy_extrap_only",128.60377570591,2.65938087977702e-05
"species_3_bathy_extrap_only",129.169371109867,2.53731304837856e-05
"species_3_bathy_extrap_only",129.734966513824,2.42084825003985e-05
"species_3_bathy_extrap_only",130.300561917782,2.30972891586134e-05
"species_3_bathy_extrap_only",130.866157321739,2.20371293835342e-05
"species_3_bathy_extrap_only",131.431752725697,2.10256039281376e-05
"species_3_bathy_extrap_only",131.997348129654,2.00605063582771e-05
"species_3_bathy_extrap_only",132.562943533611,1.91397066373611e-05
"species_3_bathy_extrap_only",133.128538937569,1.82611711352365e-05
"species_3_bathy_extrap_only",133.694134341526,1.74229626281885e-05
"species_3_bathy_extrap_only",134.259729745483,1.6623227566015e-05
"species_3_bathy_extrap_only",134.825325149441,1.5860199710005e-05
"species_3_bathy_extrap_only",135.390920553398,1.5132215594349e-05
"species_3_bathy_extrap_only",135.956515957356,1.44376272146474e-05
"species_3_bathy_extrap_only",136.522111361313,1.37749211717164e-05
"species_3_bathy_extrap_only",137.08770676527,1.31426331790863e-05
"species_3_bathy_extrap_only",137.653302169228,1.25393671623897e-05
"species_3_bathy_extrap_only",138.218897573185,1.1963792530878e-05
"species_3_bathy_extrap_only",138.784492977142,1.14146369014634e-05
"species_3_bathy_extrap_only",139.3500883811,1.08907024696236e-05
"species_3_bathy_extrap_only",139.915683785057,1.0390802344773e-05
"species_3_bathy_extrap_only",140.481279189014,9.91384877124801e-06
"species_3_bathy_extrap_only",141.046874592972,9.45878764468944e-06
"species_3_bathy_extrap_only",141.612469996929,9.02461488294648e-06
"species_3_bathy_extrap_only",142.178065400887,8.61037005961407e-06
"species_3_bathy_extrap_only",142.743660804844,8.21514095150633e-06
"species_3_bathy_extrap_only",143.309256208801,7.83806262916187e-06
"species_3_bathy_extrap_only",143.874851612759,7.47828244129778e-06
"species_3_bathy_extrap_only",144.440447016716,7.13501685822848e-06
"species_3_bathy_extrap_only",145.006042420673,6.80750781612005e-06
"species_3_bathy_extrap_only",145.571637824631,6.49503181193722e-06
"species_3_bathy_extrap_only",146.137233228588,6.19689853920136e-06
"species_3_bathy_extrap_only",146.702828632545,5.91245043324307e-06
"species_3_bathy_extrap_only",147.268424036503,5.64106585443369e-06
"species_3_bathy_extrap_only",147.83401944046,5.38213134859689e-06
"species_3_bathy_extrap_only",148.399614844418,5.13508211952285e-06
"species_3_bathy_extrap_only",148.965210248375,4.89937247039052e-06
"species_3_bathy_extrap_only",149.530805652332,4.67448262497783e-06
"species_3_bathy_extrap_only",150.09640105629,4.45991554443026e-06
"species_3_bathy_extrap_only",150.661996460247,4.25519783675554e-06
"species_3_bathy_extrap_only",151.227591864204,4.05988157581305e-06
"species_3_bathy_extrap_only",151.793187268162,3.87352565667243e-06
"species_3_bathy_extrap_only",152.358782672119,3.69572376257565e-06
"species_3_bathy_extrap_only",152.924378076077,3.52608344655891e-06
"species_3_bathy_extrap_only",153.489973480034,3.3642297694314e-06
"species_3_bathy_extrap_only",154.055568883991,3.209805527149e-06
"species_3_bathy_extrap_only",154.621164287949,3.06246943182487e-06
"species_3_bathy_extrap_only",155.186759691906,2.9219002044556e-06
"species_3_bathy_extrap_only",155.752355095863,2.78777952189557e-06
"species_3_bathy_extrap_only",156.317950499821,2.65981520897185e-06
"species_3_bathy_extrap_only",156.883545903778,2.53772486757953e-06
"species_3_bathy_extrap_only",157.449141307735,2.42123837779218e-06
"species_3_bathy_extrap_only",158.014736711693,2.31009903473023e-06
"species_3_bathy_extrap_only",158.58033211565,2.2040612748242e-06
"species_3_bathy_extrap_only",159.145927519608,2.10289067581471e-06
"species_3_bathy_extrap_only",159.711522923565,2.0063664578629e-06
"species_3_bathy_extrap_only",160.277118327522,1.91427056961402e-06
"species_3_bathy_extrap_only",160.84271373148,1.82640178536531e-06
"species_3_bathy_extrap_only",161.408309135437,1.74256649643212e-06
"species_3_bathy_extrap_only",161.973904539394,1.66257939326897e-06
"species_3_bathy_extrap_only",162.539499943352,1.58626380653004e-06
"species_3_bathy_extrap_only",163.105095347309,1.51345125232183e-06
"species_3_bathy_extrap_only",163.670690751266,1.4439827964452e-06
"species_3_bathy_extrap_only",164.236286155224,1.37770121000358e-06
"species_3_bathy_extrap_only",164.801881559181,1.31446211071307e-06
"species_3_bathy_extrap_only",165.367476963139,1.2541257774501e-06
"species_3_bathy_extrap_only",165.933072367096,1.19655896924087e-06
"species_3_bathy_extrap_only",166.498667771053,1.1416345842008e-06
"species_3_bathy_extrap_only",167.064263175011,1.08923131847405e-06
"species_3_bathy_extrap_only",167.629858578968,1.03923480310186e-06
"species_3_bathy_extrap_only",168.195453982925,9.9153191968071e-07
"species_3_bathy_extrap_only",168.761049386883,9.46018701597495e-07
"species_3_bathy_extrap_only",169.32664479084,9.02594592844252e-07
"species_3_bathy_extrap_only",169.892240194798,8.61163755416783e-07
"species_3_bathy_extrap_only",170.457835598755,8.2163467141072e-07
"species_3_bathy_extrap_only",171.023431002712,7.83920029334695e-07
"species_3_bathy_extrap_only",171.58902640667,7.47937519918196e-07
"species_3_bathy_extrap_only",172.154621810627,7.13605743385415e-07
"species_3_bathy_extrap_only",172.720217214584,6.80849836953712e-07
"species_3_bathy_extrap_only",173.285812618542,6.49597495794296e-07
"species_3_bathy_extrap_only",173.851408022499,6.19779711996671e-07
"species_3_bathy_extrap_only",174.417003426456,5.91330604038376e-07
"species_3_bathy_extrap_only",174.982598830414,5.64187416784989e-07
"species_3_bathy_extrap_only",175.548194234371,5.38290748863801e-07
"species_3_bathy_extrap_only",176.113789638329,5.13582165240223e-07
"species_3_bathy_extrap_only",176.679385042286,4.90007721509755e-07
"species_3_bathy_extrap_only",177.244980446243,4.6751543436585e-07
"species_3_bathy_extrap_only",177.810575850201,4.46055537395296e-07
"species_3_bathy_extrap_only",178.376171254158,4.25580736873599e-07
"species_3_bathy_extrap_only",178.941766658115,4.06045728595927e-07
"species_3_bathy_extrap_only",179.507362062073,3.87407936841555e-07
"species_3_bathy_extrap_only",180.07295746603,3.69625155371978e-07
"species_3_bathy_extrap_only",180.638552869987,3.52658616975532e-07
"species_3_bathy_extrap_only",181.204148273945,3.36470890260898e-07
"species_3_bathy_extrap_only",181.769743677902,3.21026220717613e-07
"species_3_bathy_extrap_only",182.33533908186,3.0629047387265e-07
"species_3_bathy_extrap_only",182.900934485817,2.92231163712131e-07
"species_3_bathy_extrap_only",183.466529889774,2.78817168464229e-07
"species_3_bathy_extrap_only",184.032125293732,2.66019242189941e-07
"species_3_bathy_extrap_only",184.597720697689,2.53808451589066e-07
"species_3_bathy_extrap_only",185.163316101646,2.42158137098158e-07
"species_3_bathy_extrap_only",185.728911505604,2.31042591281039e-07
"species_3_bathy_extrap_only",186.294506909561,2.20437286202468e-07
"species_3_bathy_extrap_only",186.860102313518,2.10318773952167e-07
"species_3_bathy_extrap_only",187.425697717476,2.00664729277378e-07
"species_3_bathy_extrap_only",187.991293121433,1.91454063269703e-07
"species_3_bathy_extrap_only",188.556888525391,1.82665942816129e-07
"species_3_bathy_extrap_only",189.122483929348,1.74281225895356e-07
"species_3_bathy_extrap_only",189.688079333305,1.6628136734198e-07
"species_3_bathy_extrap_only",190.253674737263,1.586487314853e-07
"species_3_bathy_extrap_only",190.81927014122,1.51366435829914e-07
"species_3_bathy_extrap_only",191.384865545177,1.44418422109993e-07
"species_3_bathy_extrap_only",191.950460949135,1.37789498921848e-07
"species_3_bathy_extrap_only",192.516056353092,1.31464688024607e-07
"species_3_bathy_extrap_only",193.08165175705,1.25430204889199e-07
"species_3_bathy_extrap_only",193.647247161007,1.19672705523044e-07
"species_3_bathy_extrap_only",194.212842564964,1.14179492527455e-07
"species_3_bathy_extrap_only",194.778437968922,1.08938429832506e-07
"species_3_bathy_extrap_only",195.344033372879,1.0393794269703e-07
"species_3_bathy_extrap_only",195.909628776836,9.91671100791791e-08
"species_3_bathy_extrap_only",196.475224180794,9.46151388347971e-08
"species_3_bathy_extrap_only",197.040819584751,9.02721168927201e-08
"species_3_bathy_extrap_only",197.606414988709,8.61284519260153e-08
"species_3_bathy_extrap_only",198.172010392666,8.21749850388187e-08
"species_3_bathy_extrap_only",198.737605796623,7.84029907663353e-08
"species_3_bathy_extrap_only",199.303201200581,7.48041344422745e-08
"species_3_bathy_extrap_only",199.868796604538,7.13705716748336e-08
"species_3_bathy_extrap_only",200.434392008495,6.8094522021056e-08
"species_3_bathy_extrap_only",200.999987412453,6.49688445264474e-08
"species_3_bathy_extrap_only",201.56558281641,6.19866469264707e-08
"species_3_bathy_extrap_only",202.131178220367,5.91413389372519e-08
"species_3_bathy_extrap_only",202.696773624325,5.64266322555795e-08
"species_3_bathy_extrap_only",203.262369028282,5.38365405589047e-08
"species_3_bathy_extrap_only",203.82796443224,5.13654008216236e-08
"species_3_bathy_extrap_only",204.393559836197,4.90076281778329e-08
"species_3_bathy_extrap_only",204.959155240154,4.67580818508395e-08
"species_3_bathy_extrap_only",205.524750644112,4.46117915942068e-08
"species_3_bathy_extrap_only",206.090346048069,4.25640216406009e-08
"species_3_bathy_extrap_only",206.655941452026,4.06102493855087e-08
"species_3_bathy_extrap_only",207.221536855984,3.87461582818105e-08
"species_3_bathy_extrap_only",207.787132259941,3.6967680472344e-08
"species_3_bathy_extrap_only",208.352727663898,3.52707907325112e-08
"species_3_bathy_extrap_only",208.918323067856,3.36517906873723e-08
"species_3_bathy_extrap_only",209.483918471813,3.21071063069667e-08
"species_3_bathy_extrap_only",210.049513875771,3.06333269861625e-08
"species_3_bathy_extrap_only",210.615109279728,2.92271966628732e-08
"species_3_bathy_extrap_only",211.180704683685,2.78856102653435e-08
"species_3_bathy_extrap_only",211.746300087643,2.66056066067222e-08
"species_3_bathy_extrap_only",212.3118954916,2.53843879249871e-08
"species_3_bathy_extrap_only",212.877490895557,2.42191937616099e-08
"species_3_bathy_extrap_only",213.443086299515,2.3107485702667e-08
"species_3_bathy_extrap_only",214.008681703472,2.20468070466495e-08
"species_3_bathy_extrap_only",214.57427710743,2.10348147788864e-08
"species_3_bathy_extrap_only",215.139872511387,2.00692742424735e-08
"species_3_bathy_extrap_only",215.705467915344,1.91480555855605e-08
"species_3_bathy_extrap_only",216.271063319302,1.82691444194916e-08
"species_3_bathy_extrap_only",216.836658723259,1.74305547773201e-08
"species_3_bathy_extrap_only",217.402254127216,1.66304570115017e-08
"species_3_bathy_extrap_only",217.967849531174,1.58670871996947e-08
"species_3_bathy_extrap_only",218.533444935131,1.51387560265448e-08
"species_3_bathy_extrap_only",219.099040339088,1.44438567772909e-08
"species_3_bathy_extrap_only",219.664635743046,1.37808555678021e-08
"species_3_bathy_extrap_only",220.230231147003,1.31483037790758e-08
"species_3_bathy_extrap_only",220.795826550961,1.2544770555678e-08
"species_3_bathy_extrap_only",221.361421954918,1.19689405053691e-08
"species_3_bathy_extrap_only",221.927017358875,1.14195426448305e-08
"species_3_bathy_extrap_only",222.492612762833,1.08953628341624e-08
"species_3_bathy_extrap_only",223.05820816679,1.03952437768839e-08
"species_3_bathy_extrap_only",223.623803570747,9.91808146721951e-09
"species_3_bathy_extrap_only",224.189398974705,9.46283407188275e-09
"species_3_bathy_extrap_only",224.754994378662,9.02847130390683e-09
"species_3_bathy_extrap_only",225.32058978262,8.61404636509633e-09
"species_3_bathy_extrap_only",225.886185186577,8.21864443167897e-09
"species_3_bathy_extrap_only",226.451780590534,7.84139242426818e-09
"species_3_bathy_extrap_only",227.017375994492,7.48145723150628e-09
"species_3_bathy_extrap_only",227.582971398449,7.13804348961844e-09
"species_3_bathy_extrap_only",228.148566802406,6.81040202010763e-09
"species_3_bathy_extrap_only",228.714162206364,6.4977907499042e-09
"species_3_bathy_extrap_only",229.279757610321,6.19952933433865e-09
"species_3_bathy_extrap_only",229.845353014278,5.91495874502357e-09
"species_3_bathy_extrap_only",230.410948418236,5.64345059572702e-09
"species_3_bathy_extrap_only",230.976543822193,5.38440492192649e-09
"species_3_bathy_extrap_only",231.54213922615,5.13725018080891e-09
"species_3_bathy_extrap_only",232.107734630108,4.90144635989509e-09
"species_3_bathy_extrap_only",232.673330034065,4.67646010804401e-09
"species_3_bathy_extrap_only",233.238925438023,4.461801150768e-09
"species_3_bathy_extrap_only",233.80452084198,4.25699564488013e-09
"species_3_bathy_extrap_only",234.370116245937,4.0615915075648e-09
"species_3_bathy_extrap_only",234.935711649895,3.8751561959316e-09
"species_3_bathy_extrap_only",235.501307053852,3.69727892746141e-09
"species_3_bathy_extrap_only",236.066902457809,3.52756646115893e-09
"species_3_bathy_extrap_only",236.632497861767,3.36564842662312e-09
"species_3_bathy_extrap_only",237.198093265724,3.31334160108554e-09
"species_3_bathy_extrap_only",237.763688669682,3.31334160108554e-09
"species_3_bathy_extrap_only",238.329284073639,3.31334160108554e-09
"species_3_bathy_extrap_only",238.894879477596,3.31334160108554e-09
"species_3_bathy_extrap_only",239.460474881554,3.31334160108554e-09
"species_3_bathy_extrap_only",240.026070285511,3.31334160108554e-09
"species_3_bathy_extrap_only",240.591665689468,3.31334160108554e-09
"species_3_bathy_extrap_only",241.157261093426,3.31334160108554e-09
"species_3_bathy_extrap_only",241.722856497383,3.31334160108554e-09
"species_3_bathy_extrap_only",242.28845190134,3.31334160108554e-09
"species_3_bathy_extrap_only",242.854047305298,3.31334160108554e-09
"species_3_bathy_extrap_only",243.419642709255,3.31334160108554e-09
"species_3_bathy_extrap_only",243.985238113213,3.31334160108554e-09
"species_3_bathy_extrap_only",244.55083351717,3.31334160108554e-09
"species_3_bathy_extrap_only",245.116428921127,3.31334160108554e-09
"species_3_bathy_extrap_only",245.682024325085,3.31334160108554e-09
"species_3_bathy_extrap_only",246.247619729042,3.31334160108554e-09
"species_3_bathy_extrap_only",246.813215132999,3.31334160108554e-09
"species_3_bathy_extrap_only",247.378810536957,3.31334160108554e-09
"species_3_bathy_extrap_only",247.944405940914,3.31334160108554e-09
"species_3_bathy_extrap_only",248.510001344872,3.31334160108554e-09
"species_3_bathy_extrap_only",249.075596748829,3.31334160108554e-09
"species_3_bathy_extrap_only",249.641192152786,3.31334160108554e-09
"species_3_bathy_extrap_only",250.206787556744,3.31334160108554e-09
"species_3_bathy_extrap_only",250.772382960701,3.31334160108554e-09
"species_3_bathy_extrap_only",251.337978364658,3.31334160108554e-09
"species_3_bathy_extrap_only",251.903573768616,3.31334160108554e-09
"species_3_bathy_extrap_only",252.469169172573,3.31334160108554e-09
"species_3_bathy_extrap_only",253.03476457653,3.31334160108554e-09
"species_3_bathy_extrap_only",253.600359980488,3.31334160108554e-09
"species_3_bathy_extrap_only",254.165955384445,3.31334160108554e-09
"species_3_bathy_extrap_only",254.731550788403,3.31334160108554e-09
"species_3_bathy_extrap_only",255.29714619236,3.31334160108554e-09
"species_3_bathy_extrap_only",255.862741596317,3.31334160108554e-09
"species_3_bathy_extrap_only",256.428337000275,3.31334160108554e-09
"species_3_bathy_extrap_only",256.993932404232,3.31334160108554e-09
"species_3_bathy_extrap_only",257.559527808189,3.31334160108554e-09
"species_3_bathy_extrap_only",258.125123212147,3.31334160108554e-09
"species_3_bathy_extrap_only",258.690718616104,3.31334160108554e-09
"species_3_bathy_extrap_only",259.256314020062,3.31334160108554e-09
"species_3_bathy_extrap_only",259.821909424019,3.31334160108554e-09
"species_3_bathy_extrap_only",260.387504827976,3.31334160108554e-09
"species_3_bathy_extrap",-22.4101971507073,0.641341924667358
"species_3_bathy_extrap",-21.8446017467499,0.641341924667358
"species_3_bathy_extrap",-21.2790063427925,0.641341924667358
"species_3_bathy_extrap",-20.7134109388352,0.641341924667358
"species_3_bathy_extrap",-20.1478155348778,0.641341924667358
"species_3_bathy_extrap",-19.5822201309204,0.641341924667358
"species_3_bathy_extrap",-19.0166247269631,0.641341924667358
"species_3_bathy_extrap",-18.4510293230057,0.641341924667358
"species_3_bathy_extrap",-17.8854339190483,0.641341924667358
"species_3_bathy_extrap",-17.319838515091,0.641341924667358
"species_3_bathy_extrap",-16.7542431111336,0.641341924667358
"species_3_bathy_extrap",-16.1886477071762,0.641341924667358
"species_3_bathy_extrap",-15.6230523032189,0.641341924667358
"species_3_bathy_extrap",-15.0574568992615,0.641341924667358
"species_3_bathy_extrap",-14.4918614953041,0.641341924667358
"species_3_bathy_extrap",-13.9262660913467,0.641341924667358
"species_3_bathy_extrap",-13.3606706873894,0.641341924667358
"species_3_bathy_extrap",-12.795075283432,0.641341924667358
"species_3_bathy_extrap",-12.2294798794746,0.641341924667358
"species_3_bathy_extrap",-11.6638844755173,0.641341924667358
"species_3_bathy_extrap",-11.0982890715599,0.641341924667358
"species_3_bathy_extrap",-10.5326936676025,0.641341924667358
"species_3_bathy_extrap",-9.96709826364518,0.641341924667358
"species_3_bathy_extrap",-9.40150285968781,0.641341924667358
"species_3_bathy_extrap",-8.83590745573045,0.641341924667358
"species_3_bathy_extrap",-8.27031205177308,0.641341924667358
"species_3_bathy_extrap",-7.70471664781571,0.641341924667358
"species_3_bathy_extrap",-7.13912124385834,0.641341924667358
"species_3_bathy_extrap",-6.57352583990098,0.641341924667358
"species_3_bathy_extrap",-6.00793043594361,0.641341924667358
"species_3_bathy_extrap",-5.44233503198624,0.641341924667358
"species_3_bathy_extrap",-4.87673962802888,0.641341924667358
"species_3_bathy_extrap",-4.31114422407151,0.641341924667358
"species_3_bathy_extrap",-3.74554882011414,0.641341924667358
"species_3_bathy_extrap",-3.17995341615678,0.641341924667358
"species_3_bathy_extrap",-2.61435801219941,0.641341924667358
"species_3_bathy_extrap",-2.04876260824204,0.641341924667358
"species_3_bathy_extrap",-1.48316720428468,0.641341924667358
"species_3_bathy_extrap",-0.917571800327309,0.641341924667358
"species_3_bathy_extrap",-0.351976396369938,0.641341924667358
"species_3_bathy_extrap",0.213619007587425,0.641341924667358
"species_3_bathy_extrap",0.779214411544793,0.641341924667358
"species_3_bathy_extrap",1.34480981550216,0.635307669639587
"species_3_bathy_extrap",1.91040521945953,0.616954505443573
"species_3_bathy_extrap",2.47600062341689,0.598261773586273
"species_3_bathy_extrap",3.04159602737426,0.579278886318207
"species_3_bathy_extrap",3.60719143133163,0.56005859375
"species_3_bathy_extrap",4.17278683528899,0.540656566619873
"species_3_bathy_extrap",4.73838223924636,0.521130442619324
"species_3_bathy_extrap",5.30397764320373,0.501539587974548
"species_3_bathy_extrap",5.8695730471611,0.481943994760513
"species_3_bathy_extrap",6.43516845111846,0.462403804063797
"species_3_bathy_extrap",7.00076385507583,0.442978382110596
"species_3_bathy_extrap",7.5663592590332,0.423725843429565
"species_3_bathy_extrap",8.13195466299057,0.404702097177505
"species_3_bathy_extrap",8.69755006694793,0.385960429906845
"species_3_bathy_extrap",9.2631454709053,0.367550790309906
"species_3_bathy_extrap",9.82874087486266,0.349519431591034
"species_3_bathy_extrap",10.39433627882,0.331908404827118
"species_3_bathy_extrap",10.9599316827774,0.314755409955978
"species_3_bathy_extrap",11.5255270867348,0.298093348741531
"species_3_bathy_extrap",12.0911224906921,0.281950354576111
"species_3_bathy_extrap",12.6567178946495,0.266349852085114
"species_3_bathy_extrap",13.2223132986069,0.251310467720032
"species_3_bathy_extrap",13.7879087025642,0.236846104264259
"species_3_bathy_extrap",14.3535041065216,0.222966313362122
"species_3_bathy_extrap",14.919099510479,0.209676429629326
"species_3_bathy_extrap",15.4846949144363,0.196977913379669
"species_3_bathy_extrap",16.0502903183937,0.184868514537811
"species_3_bathy_extrap",16.6158857223511,0.173342898488045
"species_3_bathy_extrap",17.1814811263084,0.162392675876617
"species_3_bathy_extrap",17.7470765302658,0.152006983757019
"species_3_bathy_extrap",18.3126719342232,0.142172753810883
"species_3_bathy_extrap",18.8782673381805,0.132875069975853
"species_3_bathy_extrap",19.4438627421379,0.12409745901823
"species_3_bathy_extrap",20.0094581460953,0.115822248160839
"species_3_bathy_extrap",20.5750535500526,0.108030788600445
"species_3_bathy_extrap",21.14064895401,0.101658955216408
"species_3_bathy_extrap",21.7062443579674,0.0961323380470276
"species_3_bathy_extrap",22.2718397619247,0.0908757522702217
"species_3_bathy_extrap",22.8374351658821,0.0858792960643768
"species_3_bathy_extrap",23.4030305698395,0.0811330378055573
"species_3_bathy_extrap",23.9686259737968,0.0766270980238914
"species_3_bathy_extrap",24.5342213777542,0.0723517015576363
"species_3_bathy_extrap",25.0998167817116,0.0682972073554993
"species_3_bathy_extrap",25.6654121856689,0.0644541308283806
"species_3_bathy_extrap",26.2310075896263,0.0608131922781467
"species_3_bathy_extrap",26.7966029935837,0.0573653280735016
"species_3_bathy_extrap",27.362198397541,0.0541016720235348
"species_3_bathy_extrap",27.9277938014984,0.0510136410593987
"species_3_bathy_extrap",28.4933892054558,0.0480929128825665
"species_3_bathy_extrap",29.0589846094131,0.0453314185142517
"species_3_bathy_extrap",29.6245800133705,0.0427213720977306
"species_3_bathy_extrap",30.1901754173279,0.0402552671730518
"species_3_bathy_extrap",30.7557708212852,0.0379258766770363
"species_3_bathy_extrap",31.3213662252426,0.0357262715697289
"species_3_bathy_extrap",31.8869616292,0.0336497649550438
"species_3_bathy_extrap",32.4525570331573,0.0316899865865707
"species_3_bathy_extrap",33.0181524371147,0.0298408158123493
"species_3_bathy_extrap",33.5837478410721,0.0280964281409979
"species_3_bathy_extrap",34.1493432450294,0.0264512319117785
"species_3_bathy_extrap",34.7149386489868,0.0248998906463385
"species_3_bathy_extrap",35.2805340529442,0.0234373547136784
"species_3_bathy_extrap",35.8461294569016,0.0220587700605392
"species_3_bathy_extrap",36.4117248608589,0.0207595583051443
"species_3_bathy_extrap",36.9773202648163,0.019535331055522
"species_3_bathy_extrap",37.5429156687737,0.0183819513767958
"species_3_bathy_extrap",38.108511072731,0.0172954592853785
"species_3_bathy_extrap",38.6741064766884,0.0162721276283264
"species_3_bathy_extrap",39.2397018806457,0.0153084015473723
"species_3_bathy_extrap",39.8052972846031,0.0144009105861187
"species_3_bathy_extrap",40.3708926885605,0.0135464817285538
"species_3_bathy_extrap",40.9364880925178,0.0127420872449875
"species_3_bathy_extrap",41.5020834964752,0.011984882876277
"species_3_bathy_extrap",42.0676789004326,0.0112721566110849
"species_3_bathy_extrap",42.63327430439,0.0106013650074601
"species_3_bathy_extrap",43.1988697083473,0.00997008476406336
"species_3_bathy_extrap",43.7644651123047,0.0093760434538126
"species_3_bathy_extrap",44.3300605162621,0.00881708133965731
"species_3_bathy_extrap",44.8956559202194,0.00829115975648165
"species_3_bathy_extrap",45.4612513241768,0.00779636483639479
"species_3_bathy_extrap",46.0268467281342,0.00733087630942464
"species_3_bathy_extrap",46.5924421320915,0.00689299032092094
"species_3_bathy_extrap",47.1580375360489,0.00648108636960387
"species_3_bathy_extrap",47.7236329400063,0.00609364826232195
"species_3_bathy_extrap",48.2892283439636,0.00572923757135868
"species_3_bathy_extrap",48.854823747921,0.00538649875670671
"species_3_bathy_extrap",49.4204191518784,0.00506416149437428
"species_3_bathy_extrap",49.9860145558357,0.00476101879030466
"species_3_bathy_extrap",50.5516099597931,0.00447594281286001
"species_3_bathy_extrap",51.1172053637505,0.00420786207541823
"species_3_bathy_extrap",51.6828007677078,0.0039557758718729
"species_3_bathy_extrap",52.2483961716652,0.00371873355470598
"species_3_bathy_extrap",52.8139915756226,0.00349584734067321
"species_3_bathy_extrap",53.3795869795799,0.00328627601265907
"species_3_bathy_extrap",53.9451823835373,0.0030892277136445
"species_3_bathy_extrap",54.5107777874947,0.0029039615765214
"species_3_bathy_extrap",55.076373191452,0.00272977468557656
"species_3_bathy_extrap",55.6419685954094,0.0025660099927336
"species_3_bathy_extrap",56.2075639993668,0.00241204514168203
"species_3_bathy_extrap",56.7731594033241,0.00226729828864336
"species_3_bathy_extrap",57.3387548072815,0.00213121855631471
"species_3_bathy_extrap",57.9043502112389,0.00200329022482038
"species_3_bathy_extrap",58.4699456151962,0.00188302656169981
"species_3_bathy_extrap",59.0355410191536,0.00176996912341565
"species_3_bathy_extrap",59.601136423111,0.00166368915233761
"species_3_bathy_extrap",60.1667318270683,0.00156378012616187
"species_3_bathy_extrap",60.7323272310257,0.00146986276376992
"species_3_bathy_extrap",61.2979226349831,0.00138157745823264
"species_3_bathy_extrap",61.8635180389404,0.0012985885841772
"species_3_bathy_extrap",62.4291134428978,0.00122057797852904
"species_3_bathy_extrap",62.9947088468552,0.00114724889863282
"species_3_bathy_extrap",63.5603042508125,0.00107832055073231
"species_3_bathy_extrap",64.1258996547699,0.00101352878846228
"species_3_bathy_extrap",64.6914950587273,0.000952626462094486
"species_3_bathy_extrap",65.2570904626846,0.000895381148438901
"species_3_bathy_extrap",65.822685866642,0.000841572182253003
"species_3_bathy_extrap",66.3882812705994,0.000790994439739734
"species_3_bathy_extrap",66.9538766745567,0.000743454089388251
"species_3_bathy_extrap",67.5194720785141,0.000698769581504166
"species_3_bathy_extrap",68.0850674824715,0.000656768446788192
"species_3_bathy_extrap",68.6506628864288,0.000617290381342173
"species_3_bathy_extrap",69.2162582903862,0.000580184394493699
"species_3_bathy_extrap",69.7818536943436,0.000545307237189263
"species_3_bathy_extrap",70.3474490983009,0.000512525613885373
"species_3_bathy_extrap",70.9130445022583,0.000481713708722964
"species_3_bathy_extrap",71.4786399062157,0.000452753709396347
"species_3_bathy_extrap",72.044235310173,0.000425533653469756
"species_3_bathy_extrap",72.6098307141304,0.000399949436541647
"species_3_bathy_extrap",73.1754261180878,0.000375903124222532
"species_3_bathy_extrap",73.7410215220451,0.000353301787981763
"species_3_bathy_extrap",74.3066169260025,0.000332058902131394
"species_3_bathy_extrap",74.8722123299599,0.000312092859530821
"species_3_bathy_extrap",75.4378077339172,0.000293327262625098
"species_3_bathy_extrap",76.0034031378746,0.000275689439149573
"species_3_bathy_extrap",76.568998541832,0.000259111926425248
"species_3_bathy_extrap",77.1345939457893,0.000243531190790236
"species_3_bathy_extrap",77.7001893497467,0.00022888692910783
"species_3_bathy_extrap",78.2657847537041,0.000215123101952486
"species_3_bathy_extrap",78.8313801576614,0.000202186754904687
"species_3_bathy_extrap",79.3969755616188,0.000190028353244998
"species_3_bathy_extrap",79.9625709655762,0.000178600821527652
"species_3_bathy_extrap",80.5281663695335,0.000167860358487815
"species_3_bathy_extrap",81.0937617734909,0.000157765709445812
"species_3_bathy_extrap",81.6593571774483,0.000148278151755221
"species_3_bathy_extrap",82.2249525814056,0.000139360941830091
"species_3_bathy_extrap",82.790547985363,0.000130979940877296
"species_3_bathy_extrap",83.3561433893204,0.000123102989164181
"species_3_bathy_extrap",83.9217387932777,0.0001156996077043
"species_3_bathy_extrap",84.4873341972351,0.000108741412987001
"species_3_bathy_extrap",85.0529296011925,0.000102201636764221
"species_3_bathy_extrap",85.6185250051498,9.60552133619785e-05
"species_3_bathy_extrap",86.1841204091072,9.02783285710029e-05
"species_3_bathy_extrap",86.7497158130646,8.48488489282317e-05
"species_3_bathy_extrap",87.315311217022,7.9745936091058e-05
"species_3_bathy_extrap",87.8809066209793,7.49498431105167e-05
"species_3_bathy_extrap",88.4465020249367,7.04421690898016e-05
"species_3_bathy_extrap",89.0120974288941,6.62055826978758e-05
"species_3_bathy_extrap",89.5776928328514,6.22238367213868e-05
"species_3_bathy_extrap",90.1432882368088,5.8481495216256e-05
"species_3_bathy_extrap",90.7088836407662,5.4964217270026e-05
"species_3_bathy_extrap",91.2744790447235,5.16584696015343e-05
"species_3_bathy_extrap",91.8400744486809,4.85515738546383e-05
"species_3_bathy_extrap",92.4056698526382,4.56314883194864e-05
"species_3_bathy_extrap",92.9712652565956,4.2887022573268e-05
"species_3_bathy_extrap",93.536860660553,4.03076446673367e-05
"species_3_bathy_extrap",94.1024560645104,3.78833647118881e-05
"species_3_bathy_extrap",94.6680514684677,3.56048840330914e-05
"species_3_bathy_extrap",95.2336468724251,3.34634387400001e-05
"species_3_bathy_extrap",95.7992422763824,3.14508106384892e-05
"species_3_bathy_extrap",96.3648376803398,2.95592053589644e-05
"species_3_bathy_extrap",96.9304330842972,2.77813651337055e-05
"species_3_bathy_extrap",97.4960284882546,2.61104723904282e-05
"species_3_bathy_extrap",98.0616238922119,2.45400515268557e-05
"species_3_bathy_extrap",98.6272192961693,2.30640816880623e-05
"species_3_bathy_extrap",99.1928147001267,2.16768821701407e-05
"species_3_bathy_extrap",99.758410104084,2.03731324290857e-05
"species_3_bathy_extrap",100.324005508041,1.9147779312334e-05
"species_3_bathy_extrap",100.889600911999,1.7996122551267e-05
"species_3_bathy_extrap",101.455196315956,1.69137474586023e-05
"species_3_bathy_extrap",102.020791719913,1.58964576257858e-05
"species_3_bathy_extrap",102.586387123871,1.49403513205471e-05
"species_3_bathy_extrap",103.151982527828,1.4041750546312e-05
"species_3_bathy_extrap",103.717577931786,1.31972074086661e-05
"species_3_bathy_extrap",104.283173335743,1.24034486361779e-05
"species_3_bathy_extrap",104.8487687397,1.16574301500805e-05
"species_3_bathy_extrap",105.414364143658,1.0956281585095e-05
"species_3_bathy_extrap",105.979959547615,1.02973126558936e-05
"species_3_bathy_extrap",106.545554951572,9.6779695013538e-06
"species_3_bathy_extrap",107.11115035553,9.09587652131449e-06
"species_3_bathy_extrap",107.676745759487,8.54880090628285e-06
"species_3_bathy_extrap",108.242341163445,8.03462262410903e-06
"species_3_bathy_extrap",108.807936567402,7.5513698902796e-06
"species_3_bathy_extrap",109.373531971359,7.09718278812943e-06
"species_3_bathy_extrap",109.939127375317,6.67031918055727e-06
"species_3_bathy_extrap",110.504722779274,6.2691237872059e-06
"species_3_bathy_extrap",111.070318183231,5.89205865253462e-06
"species_3_bathy_extrap",111.635913587189,5.53767722522025e-06
"species_3_bathy_extrap",112.201508991146,5.20460571351578e-06
"species_3_bathy_extrap",112.767104395103,4.8915671868599e-06
"species_3_bathy_extrap",113.332699799061,4.59735701952013e-06
"species_3_bathy_extrap",113.898295203018,4.32084561907686e-06
"species_3_bathy_extrap",114.463890606976,4.06096205551876e-06
"species_3_bathy_extrap",115.029486010933,3.81670952265267e-06
"species_3_bathy_extrap",115.59508141489,3.58714760295697e-06
"species_3_bathy_extrap",116.160676818848,3.37139590556035e-06
"species_3_bathy_extrap",116.726272222805,3.16861815008451e-06
"species_3_bathy_extrap",117.291867626762,2.97803671855945e-06
"species_3_bathy_extrap",117.85746303072,2.79892037724494e-06
"species_3_bathy_extrap",118.423058434677,2.63057495430985e-06
"species_3_bathy_extrap",118.988653838634,2.4723549358896e-06
"species_3_bathy_extrap",119.554249242592,2.32365118790767e-06
"species_3_bathy_extrap",120.119844646549,2.18389322981238e-06
"species_3_bathy_extrap",120.685440050507,2.05253945750883e-06
"species_3_bathy_extrap",121.251035454464,1.9290862383059e-06
"species_3_bathy_extrap",121.816630858421,1.81305972546397e-06
"species_3_bathy_extrap",122.382226262379,1.70401028753986e-06
"species_3_bathy_extrap",122.947821666336,1.60151978434442e-06
"species_3_bathy_extrap",123.513417070293,1.50519372255076e-06
"species_3_bathy_extrap",124.079012474251,1.41466261993628e-06
"species_3_bathy_extrap",124.644607878208,1.3295754115461e-06
"species_3_bathy_extrap",125.210203282166,1.2496059298428e-06
"species_3_bathy_extrap",125.775798686123,1.17444722036453e-06
"species_3_bathy_extrap",126.34139409008,1.10380813111988e-06
"species_3_bathy_extrap",126.906989494038,1.03741774637456e-06
"species_3_bathy_extrap",127.472584897995,9.75020498117374e-07
"species_3_bathy_extrap",128.038180301952,9.16377075554919e-07
"species_3_bathy_extrap",128.60377570591,8.61260048168333e-07
"species_3_bathy_extrap",129.169371109867,8.09458128969709e-07
"species_3_bathy_extrap",129.734966513824,7.60771911245683e-07
"species_3_bathy_extrap",130.300561917782,7.15013982244272e-07
"species_3_bathy_extrap",130.866157321739,6.72009377922222e-07
"species_3_bathy_extrap",131.431752725697,6.31590239663637e-07
"species_3_bathy_extrap",131.997348129654,5.93602180742892e-07
"species_3_bathy_extrap",132.562943533611,5.57898943043256e-07
"species_3_bathy_extrap",133.128538937569,5.24343192864762e-07
"species_3_bathy_extrap",133.694134341526,4.92805668272922e-07
"species_3_bathy_extrap",134.259729745483,4.63165036990176e-07
"species_3_bathy_extrap",134.825325149441,4.35307185853162e-07
"species_3_bathy_extrap",135.390920553398,4.09125590294934e-07
"species_3_bathy_extrap",135.956515957356,3.84518017426672e-07
"species_3_bathy_extrap",136.522111361313,3.61390533498707e-07
"species_3_bathy_extrap",137.08770676527,3.39654093295394e-07
"species_3_bathy_extrap",137.653302169228,3.19224994882461e-07
"species_3_bathy_extrap",138.218897573185,3.00024680655042e-07
"species_3_bathy_extrap",138.784492977142,2.8197916890349e-07
"species_3_bathy_extrap",139.3500883811,2.65019508560727e-07
"species_3_bathy_extrap",139.915683785057,2.49079448622069e-07
"species_3_bathy_extrap",140.481279189014,2.34098138207628e-07
"species_3_bathy_extrap",141.046874592972,2.20017909668968e-07
"species_3_bathy_extrap",141.612469996929,2.06784548595351e-07
"species_3_bathy_extrap",142.178065400887,1.94347137494333e-07
"species_3_bathy_extrap",142.743660804844,1.82657799996377e-07
"species_3_bathy_extrap",143.309256208801,1.71671814541696e-07
"species_3_bathy_extrap",143.874851612759,1.61346321192468e-07
"species_3_bathy_extrap",144.440447016716,1.51641870616004e-07
"species_3_bathy_extrap",145.006042420673,1.42521102475257e-07
"species_3_bathy_extrap",145.571637824631,1.33948930169936e-07
"species_3_bathy_extrap",146.137233228588,1.25892341884537e-07
"species_3_bathy_extrap",146.702828632545,1.18320329534072e-07
"species_3_bathy_extrap",147.268424036503,1.11203931396631e-07
"species_3_bathy_extrap",147.83401944046,1.045153794621e-07
"species_3_bathy_extrap",148.399614844418,9.82291226137022e-08
"species_3_bathy_extrap",148.965210248375,9.23209668712843e-08
"species_3_bathy_extrap",149.530805652332,8.67681606564474e-08
"species_3_bathy_extrap",150.09640105629,8.15493379491272e-08
"species_3_bathy_extrap",150.661996460247,7.66444117061838e-08
"species_3_bathy_extrap",151.227591864204,7.2034623599393e-08
"species_3_bathy_extrap",151.793187268162,6.7701975581258e-08
"species_3_bathy_extrap",152.358782672119,6.36299262168905e-08
"species_3_bathy_extrap",152.924378076077,5.9802793828112e-08
"species_3_bathy_extrap",153.489973480034,5.62058524167242e-08
"species_3_bathy_extrap",154.055568883991,5.28252535048068e-08
"species_3_bathy_extrap",154.621164287949,4.96479870548683e-08
"species_3_bathy_extrap",155.186759691906,4.6661902786127e-08
"species_3_bathy_extrap",155.752355095863,4.38553406922892e-08
"species_3_bathy_extrap",156.317950499821,4.12175857888997e-08
"species_3_bathy_extrap",156.883545903778,3.87384844202643e-08
"species_3_bathy_extrap",157.449141307735,3.64084904447282e-08
"species_3_bathy_extrap",158.014736711693,3.42186403656797e-08
"species_3_bathy_extrap",158.58033211565,3.21605000408454e-08
"species_3_bathy_extrap",159.145927519608,3.02261504714352e-08
"species_3_bathy_extrap",159.711522923565,2.84081949075699e-08
"species_3_bathy_extrap",160.277118327522,2.66995350273191e-08
"species_3_bathy_extrap",160.84271373148,2.50936444956551e-08
"species_3_bathy_extrap",161.408309135437,2.35843451434903e-08
"species_3_bathy_extrap",161.973904539394,2.21658229548893e-08
"species_3_bathy_extrap",162.539499943352,2.08326209616416e-08
"species_3_bathy_extrap",163.105095347309,1.95796072688381e-08
"species_3_bathy_extrap",163.670690751266,1.84019892657261e-08
"species_3_bathy_extrap",164.236286155224,1.72951697408053e-08
"species_3_bathy_extrap",164.801881559181,1.62549209647977e-08
"species_3_bathy_extrap",165.367476963139,1.52772408057444e-08
"species_3_bathy_extrap",165.933072367096,1.43583651635026e-08
"species_3_bathy_extrap",166.498667771053,1.34947564234267e-08
"species_3_bathy_extrap",167.064263175011,1.268309102187e-08
"species_3_bathy_extrap",167.629858578968,1.19202647752559e-08
"species_3_bathy_extrap",168.195453982925,1.12032996213429e-08
"species_3_bathy_extrap",168.761049386883,1.05294581942417e-08
"species_3_bathy_extrap",169.32664479084,9.89614523660976e-09
"species_3_bathy_extrap",169.892240194798,9.30092447504194e-09
"species_3_bathy_extrap",170.457835598755,8.7415044092154e-09
"species_3_bathy_extrap",171.023431002712,8.21573209464077e-09
"species_3_bathy_extrap",171.58902640667,7.72159491901903e-09
"species_3_bathy_extrap",172.154621810627,7.25716642335783e-09
"species_3_bathy_extrap",172.720217214584,6.82067158308541e-09
"species_3_bathy_extrap",173.285812618542,6.41043040872091e-09
"species_3_bathy_extrap",173.851408022499,6.02486416312331e-09
"species_3_bathy_extrap",174.417003426456,5.66248825606408e-09
"species_3_bathy_extrap",174.982598830414,5.32190824742429e-09
"species_3_bathy_extrap",175.548194234371,5.00182117946224e-09
"species_3_bathy_extrap",176.113789638329,4.70097782923062e-09
"species_3_bathy_extrap",176.679385042286,4.41822933794356e-09
"species_3_bathy_extrap",177.244980446243,4.15248768703691e-09
"species_3_bathy_extrap",177.810575850201,3.90272880679277e-09
"species_3_bathy_extrap",178.376171254158,3.66799257633943e-09
"species_3_bathy_extrap",178.941766658115,3.44737483004565e-09
"species_3_bathy_extrap",179.507362062073,3.24003202045731e-09
"species_3_bathy_extrap",180.07295746603,3.04515457294485e-09
"species_3_bathy_extrap",180.638552869987,2.86199841603718e-09
"species_3_bathy_extrap",181.204148273945,2.68985878015826e-09
"species_3_bathy_extrap",181.769743677902,2.52807241807318e-09
"species_3_bathy_extrap",182.33533908186,2.37601716079894e-09
"species_3_bathy_extrap",182.900934485817,2.23310747671235e-09
"species_3_bathy_extrap",183.466529889774,2.09879336132701e-09
"species_3_bathy_extrap",184.032125293732,1.97256122547174e-09
"species_3_bathy_extrap",184.597720697689,1.85391801910129e-09
"species_3_bathy_extrap",185.163316101646,1.74241099326622e-09
"species_3_bathy_extrap",185.728911505604,1.63761060267831e-09
"species_3_bathy_extrap",186.294506909561,1.53911372535731e-09
"species_3_bathy_extrap",186.860102313518,1.44654110911802e-09
"species_3_bathy_extrap",187.425697717476,1.35953637236952e-09
"species_3_bathy_extrap",187.991293121433,1.27776678127134e-09
"species_3_bathy_extrap",188.556888525391,1.2009133687485e-09
"species_3_bathy_extrap",189.122483929348,1.12868236978869e-09
"species_3_bathy_extrap",189.688079333305,1.06079578454654e-09
"species_3_bathy_extrap",190.253674737263,9.96992377544359e-10
"species_3_bathy_extrap",190.81927014122,9.37026567449095e-10
"species_3_bathy_extrap",191.384865545177,8.8066748338278e-10
"species_3_bathy_extrap",191.950460949135,8.27699575545182e-10
"species_3_bathy_extrap",192.516056353092,7.77916175920268e-10
"species_3_bathy_extrap",193.08165175705,7.31127047792768e-10
"species_3_bathy_extrap",193.647247161007,6.87152168499239e-10
"species_3_bathy_extrap",194.212842564964,6.45822173517274e-10
"species_3_bathy_extrap",194.778437968922,6.06978078909748e-10
"species_3_bathy_extrap",195.344033372879,5.70470337635243e-10
"species_3_bathy_extrap",195.909628776836,5.36159339148412e-10
"species_3_bathy_extrap",196.475224180794,5.03911079530184e-10
"species_3_bathy_extrap",197.040819584751,4.73602490558278e-10
"species_3_bathy_extrap",197.606414988709,4.45116860037231e-10
"species_3_bathy_extrap",198.172010392666,4.18344525687786e-10
"species_3_bathy_extrap",198.737605796623,3.93182486568833e-10
"species_3_bathy_extrap",199.303201200581,3.69533847965897e-10
"species_3_bathy_extrap",199.868796604538,3.47308154458048e-10
"species_3_bathy_extrap",200.434392008495,3.26418725382638e-10
"species_3_bathy_extrap",200.999987412453,3.0678570794862e-10
"species_3_bathy_extrap",201.56558281641,2.8833355147917e-10
"species_3_bathy_extrap",202.131178220367,2.70991229456285e-10
"species_3_bathy_extrap",202.696773624325,2.54691989720612e-10
"species_3_bathy_extrap",203.262369028282,2.39373104671259e-10
"species_3_bathy_extrap",203.82796443224,2.24975968410313e-10
"species_3_bathy_extrap",204.393559836197,2.1144438977494e-10
"species_3_bathy_extrap",204.959155240154,1.98726701761132e-10
"species_3_bathy_extrap",205.524750644112,1.86773943533502e-10
"species_3_bathy_extrap",206.090346048069,1.75540110225469e-10
"species_3_bathy_extrap",206.655941452026,1.64981944772435e-10
"species_3_bathy_extrap",207.221536855984,1.55058813011699e-10
"species_3_bathy_extrap",207.787132259941,1.45732786949182e-10
"species_3_bathy_extrap",208.352727663898,1.36967437391888e-10
"species_3_bathy_extrap",208.918323067856,1.28729291115626e-10
"species_3_bathy_extrap",209.483918471813,1.20986637375253e-10
"species_3_bathy_extrap",210.049513875771,1.13709694438135e-10
"species_3_bathy_extrap",210.615109279728,1.06870422234007e-10
"species_3_bathy_extrap",211.180704683685,1.00442522354971e-10
"species_3_bathy_extrap",211.746300087643,9.44012298886854e-11
"species_3_bathy_extrap",212.3118954916,8.87234521962377e-11
"species_3_bathy_extrap",212.877490895557,8.33870264504988e-11
"species_3_bathy_extrap",213.443086299515,7.83715731200729e-11
"species_3_bathy_extrap",214.008681703472,7.36577743243316e-11
"species_3_bathy_extrap",214.57427710743,6.92275056723979e-11
"species_3_bathy_extrap",215.139872511387,6.50636974852681e-11
"species_3_bathy_extrap",215.705467915344,6.11503278569181e-11
"species_3_bathy_extrap",216.271063319302,5.74724295931972e-11
"species_3_bathy_extrap",216.836658723259,5.40156530615121e-11
"species_3_bathy_extrap",217.402254127216,5.07667866078698e-11
"species_3_bathy_extrap",217.967849531174,4.77133298149024e-11
"species_3_bathy_extrap",218.533444935131,4.48435316657836e-11
"species_3_bathy_extrap",219.099040339088,4.21463385025245e-11
"species_3_bathy_extrap",219.664635743046,3.96113732092918e-11
"species_3_bathy_extrap",220.230231147003,3.72289421513017e-11
"species_3_bathy_extrap",220.795826550961,3.49897437412761e-11
"species_3_bathy_extrap",221.361421954918,3.28852257924783e-11
"species_3_bathy_extrap",221.927017358875,3.09072871462757e-11
"species_3_bathy_extrap",222.492612762833,2.9048314101332e-11
"species_3_bathy_extrap",223.05820816679,2.73011526580325e-11
"species_3_bathy_extrap",223.623803570747,2.56590772934606e-11
"species_3_bathy_extrap",224.189398974705,2.41158083086335e-11
"species_3_bathy_extrap",224.754994378662,2.26653210089189e-11
"species_3_bathy_extrap",225.32058978262,2.13020764222582e-11
"species_3_bathy_extrap",225.886185186577,2.00208270101365e-11
"species_3_bathy_extrap",226.451780590534,1.88166392189881e-11
"species_3_bathy_extrap",227.017375994492,1.76848796024087e-11
"species_3_bathy_extrap",227.582971398449,1.66211922697501e-11
"species_3_bathy_extrap",228.148566802406,1.56215075597377e-11
"species_3_bathy_extrap",228.714162206364,1.46819258139974e-11
"species_3_bathy_extrap",229.279757610321,1.37988552875723e-11
"species_3_bathy_extrap",229.845353014278,1.29688993918964e-11
"species_3_bathy_extrap",230.410948418236,1.21888627663269e-11
"species_3_bathy_extrap",230.976543822193,1.1455742604527e-11
"species_3_bathy_extrap",231.54213922615,1.07667173787629e-11
"species_3_bathy_extrap",232.107734630108,1.01191511767129e-11
"species_3_bathy_extrap",232.673330034065,9.51051737363429e-12
"species_3_bathy_extrap",233.238925438023,8.93849057270746e-12
"species_3_bathy_extrap",233.80452084198,8.40086940984142e-12
"species_3_bathy_extrap",234.370116245937,7.89558522729106e-12
"species_3_bathy_extrap",234.935711649895,7.42069166531634e-12
"species_3_bathy_extrap",235.501307053852,6.97436119273531e-12
"species_3_bathy_extrap",236.066902457809,6.5548759996259e-12
"species_3_bathy_extrap",236.632497861767,6.16063190045368e-12
"species_3_bathy_extrap",237.198093265724,6.03455219821969e-12
"species_3_bathy_extrap",237.763688669682,6.03455219821969e-12
"species_3_bathy_extrap",238.329284073639,6.03455219821969e-12
"species_3_bathy_extrap",238.894879477596,6.03455219821969e-12
"species_3_bathy_extrap",239.460474881554,6.03455219821969e-12
"species_3_bathy_extrap",240.026070285511,6.03455219821969e-12
"species_3_bathy_extrap",240.591665689468,6.03455219821969e-12
"species_3_bathy_extrap",241.157261093426,6.03455219821969e-12
"species_3_bathy_extrap",241.722856497383,6.03455219821969e-12
"species_3_bathy_extrap",242.28845190134,6.03455219821969e-12
"species_3_bathy_extrap",242.854047305298,6.03455219821969e-12
"species_3_bathy_extrap",243.419642709255,6.03455219821969e-12
"species_3_bathy_extrap",243.985238113213,6.03455219821969e-12
"species_3_bathy_extrap",244.55083351717,6.03455219821969e-12
"species_3_bathy_extrap",245.116428921127,6.03455219821969e-12
"species_3_bathy_extrap",245.682024325085,6.03455219821969e-12
"species_3_bathy_extrap",246.247619729042,6.03455219821969e-12
"species_3_bathy_extrap",246.813215132999,6.03455219821969e-12
"species_3_bathy_extrap",247.378810536957,6.03455219821969e-12
"species_3_bathy_extrap",247.944405940914,6.03455219821969e-12
"species_3_bathy_extrap",248.510001344872,6.03455219821969e-12
"species_3_bathy_extrap",249.075596748829,6.03455219821969e-12
"species_3_bathy_extrap",249.641192152786,6.03455219821969e-12
"species_3_bathy_extrap",250.206787556744,6.03455219821969e-12
"species_3_bathy_extrap",250.772382960701,6.03455219821969e-12
"species_3_bathy_extrap",251.337978364658,6.03455219821969e-12
"species_3_bathy_extrap",251.903573768616,6.03455219821969e-12
"species_3_bathy_extrap",252.469169172573,6.03455219821969e-12
"species_3_bathy_extrap",253.03476457653,6.03455219821969e-12
"species_3_bathy_extrap",253.600359980488,6.03455219821969e-12
"species_3_bathy_extrap",254.165955384445,6.03455219821969e-12
"species_3_bathy_extrap",254.731550788403,6.03455219821969e-12
"species_3_bathy_extrap",255.29714619236,6.03455219821969e-12
"species_3_bathy_extrap",255.862741596317,6.03455219821969e-12
"species_3_bathy_extrap",256.428337000275,6.03455219821969e-12
"species_3_bathy_extrap",256.993932404232,6.03455219821969e-12
"species_3_bathy_extrap",257.559527808189,6.03455219821969e-12
"species_3_bathy_extrap",258.125123212147,6.03455219821969e-12
"species_3_bathy_extrap",258.690718616104,6.03455219821969e-12
"species_3_bathy_extrap",259.256314020062,6.03455219821969e-12
"species_3_bathy_extrap",259.821909424019,6.03455219821969e-12
"species_3_bathy_extrap",260.387504827976,6.03455219821969e-12
"species_3_hist_ice_extrap_only",-11.2926040649414,0.00223264237865806
"species_3_hist_ice_extrap_only",-11.0215815673828,0.00223264237865806
"species_3_hist_ice_extrap_only",-10.7505590698242,0.00223264237865806
"species_3_hist_ice_extrap_only",-10.4795365722656,0.00223264237865806
"species_3_hist_ice_extrap_only",-10.208514074707,0.00223264237865806
"species_3_hist_ice_extrap_only",-9.93749157714843,0.00223264237865806
"species_3_hist_ice_extrap_only",-9.66646907958984,0.00223264237865806
"species_3_hist_ice_extrap_only",-9.39544658203124,0.00223264237865806
"species_3_hist_ice_extrap_only",-9.12442408447265,0.00223264237865806
"species_3_hist_ice_extrap_only",-8.85340158691406,0.00223264237865806
"species_3_hist_ice_extrap_only",-8.58237908935546,0.00223264237865806
"species_3_hist_ice_extrap_only",-8.31135659179687,0.00223264237865806
"species_3_hist_ice_extrap_only",-8.04033409423828,0.00223264237865806
"species_3_hist_ice_extrap_only",-7.76931159667968,0.00223264237865806
"species_3_hist_ice_extrap_only",-7.49828909912109,0.00223264237865806
"species_3_hist_ice_extrap_only",-7.2272666015625,0.00223264237865806
"species_3_hist_ice_extrap_only",-6.9562441040039,0.00223264237865806
"species_3_hist_ice_extrap_only",-6.68522160644531,0.00223264237865806
"species_3_hist_ice_extrap_only",-6.41419910888672,0.00223264237865806
"species_3_hist_ice_extrap_only",-6.14317661132812,0.00223264237865806
"species_3_hist_ice_extrap_only",-5.87215411376953,0.00223264237865806
"species_3_hist_ice_extrap_only",-5.60113161621094,0.00223264237865806
"species_3_hist_ice_extrap_only",-5.33010911865234,0.00223264237865806
"species_3_hist_ice_extrap_only",-5.05908662109375,0.00223264237865806
"species_3_hist_ice_extrap_only",-4.78806412353515,0.00223264237865806
"species_3_hist_ice_extrap_only",-4.51704162597656,0.00223264237865806
"species_3_hist_ice_extrap_only",-4.24601912841797,0.00223264237865806
"species_3_hist_ice_extrap_only",-3.97499663085937,0.00223264237865806
"species_3_hist_ice_extrap_only",-3.70397413330078,0.00223264237865806
"species_3_hist_ice_extrap_only",-3.43295163574219,0.00223264237865806
"species_3_hist_ice_extrap_only",-3.16192913818359,0.00223264237865806
"species_3_hist_ice_extrap_only",-2.890906640625,0.00223264237865806
"species_3_hist_ice_extrap_only",-2.61988414306641,0.00223264237865806
"species_3_hist_ice_extrap_only",-2.34886164550781,0.00223264237865806
"species_3_hist_ice_extrap_only",-2.07783914794922,0.00223264237865806
"species_3_hist_ice_extrap_only",-1.80681665039062,0.00223264237865806
"species_3_hist_ice_extrap_only",-1.53579415283203,0.00223264237865806
"species_3_hist_ice_extrap_only",-1.26477165527344,0.00223264237865806
"species_3_hist_ice_extrap_only",-0.993749157714843,0.00223264237865806
"species_3_hist_ice_extrap_only",-0.722726660156249,0.00223264237865806
"species_3_hist_ice_extrap_only",-0.451704162597656,0.00223264237865806
"species_3_hist_ice_extrap_only",-0.180681665039062,0.00223264237865806
"species_3_hist_ice_extrap_only",0.0903408325195301,0.00231057708151639
"species_3_hist_ice_extrap_only",0.361363330078124,0.00256105931475759
"species_3_hist_ice_extrap_only",0.632385827636719,0.00283864396624267
"species_3_hist_ice_extrap_only",0.903408325195313,0.00314624840393662
"species_3_hist_ice_extrap_only",1.17443082275391,0.00348710035905242
"species_3_hist_ice_extrap_only",1.4454533203125,0.00386477028951049
"species_3_hist_ice_extrap_only",1.71647581787109,0.00428320653736591
"species_3_hist_ice_extrap_only",1.98749831542969,0.00474677281454206
"species_3_hist_ice_extrap_only",2.25852081298828,0.00526029244065285
"species_3_hist_ice_extrap_only",2.52954331054687,0.00582909258082509
"species_3_hist_ice_extrap_only",2.80056580810547,0.00645905593410134
"species_3_hist_ice_extrap_only",3.07158830566406,0.00715667521581054
"species_3_hist_ice_extrap_only",3.34261080322266,0.0079291108995676
"species_3_hist_ice_extrap_only",3.61363330078125,0.00878425780683756
"species_3_hist_ice_extrap_only",3.88465579833984,0.00973081309348345
"species_3_hist_ice_extrap_only",4.15567829589843,0.0107783526182175
"species_3_hist_ice_extrap_only",4.42670079345703,0.0119374077767134
"species_3_hist_ice_extrap_only",4.69772329101562,0.0132195558398962
"species_3_hist_ice_extrap_only",4.96874578857422,0.0146375019103289
"species_3_hist_ice_extrap_only",5.23976828613281,0.0162051860243082
"species_3_hist_ice_extrap_only",5.5107907836914,0.017937870696187
"species_3_hist_ice_extrap_only",5.78181328125,0.0198522508144379
"species_3_hist_ice_extrap_only",6.05283577880859,0.0219665672630072
"species_3_hist_ice_extrap_only",6.32385827636719,0.0243006907403469
"species_3_hist_ice_extrap_only",6.59488077392578,0.02687625028193
"species_3_hist_ice_extrap_only",6.86590327148437,0.0297167394310236
"species_3_hist_ice_extrap_only",7.13692576904296,0.0328475795686245
"species_3_hist_ice_extrap_only",7.40794826660156,0.0362962521612644
"species_3_hist_ice_extrap_only",7.67897076416015,0.040092334151268
"species_3_hist_ice_extrap_only",7.94999326171875,0.044267576187849
"species_3_hist_ice_extrap_only",8.22101575927734,0.0488559231162071
"species_3_hist_ice_extrap_only",8.49203825683593,0.0538934990763664
"species_3_hist_ice_extrap_only",8.76306075439453,0.0594185329973698
"species_3_hist_ice_extrap_only",9.03408325195312,0.0654713585972786
"species_3_hist_ice_extrap_only",9.30510574951171,0.0720941126346588
"species_3_hist_ice_extrap_only",9.57612824707031,0.0793305560946465
"species_3_hist_ice_extrap_only",9.8471507446289,0.0872258171439171
"species_3_hist_ice_extrap_only",10.1181732421875,0.0958258435130119
"species_3_hist_ice_extrap_only",10.3891957397461,0.105176888406277
"species_3_hist_ice_extrap_only",10.6602182373047,0.115325018763542
"species_3_hist_ice_extrap_only",10.9312407348633,0.126315072178841
"species_3_hist_ice_extrap_only",11.2022632324219,0.138189882040024
"species_3_hist_ice_extrap_only",11.4732857299805,0.150989308953285
"species_3_hist_ice_extrap_only",11.7443082275391,0.164748847484589
"species_3_hist_ice_extrap_only",12.0153307250976,0.179498448967934
"species_3_hist_ice_extrap_only",12.2863532226562,0.19526132941246
"species_3_hist_ice_extrap_only",12.5573757202148,0.212052211165428
"species_3_hist_ice_extrap_only",12.8283982177734,0.229876041412354
"species_3_hist_ice_extrap_only",13.099420715332,0.24872687458992
"species_3_hist_ice_extrap_only",13.3704432128906,0.268586218357086
"species_3_hist_ice_extrap_only",13.6414657104492,0.289422184228897
"species_3_hist_ice_extrap_only",13.9124882080078,0.297968626022339
"species_3_hist_ice_extrap_only",14.1835107055664,0.301963150501251
"species_3_hist_ice_extrap_only",14.454533203125,0.304350882768631
"species_3_hist_ice_extrap_only",14.7255557006836,0.304453343153
"species_3_hist_ice_extrap_only",14.9965781982422,0.304557740688324
"species_3_hist_ice_extrap_only",15.2676006958008,0.304664045572281
"species_3_hist_ice_extrap_only",15.5386231933594,0.304772287607193
"species_3_hist_ice_extrap_only",15.809645690918,0.304882436990738
"species_3_hist_ice_extrap_only",16.0806681884766,0.30499455332756
"species_3_hist_ice_extrap_only",16.3516906860351,0.305108577013016
"species_3_hist_ice_extrap_only",16.6227131835937,0.305224508047104
"species_3_hist_ice_extrap_only",16.8937356811523,0.30534240603447
"species_3_hist_ice_extrap_only",17.1647581787109,0.305462211370468
"species_3_hist_ice_extrap_only",17.4357806762695,0.305583983659744
"species_3_hist_ice_extrap_only",17.7068031738281,0.305707663297653
"species_3_hist_ice_extrap_only",17.9778256713867,0.305833280086517
"species_3_hist_ice_extrap_only",18.2488481689453,0.305960834026337
"species_3_hist_ice_extrap_only",18.5198706665039,0.306090325117111
"species_3_hist_ice_extrap_only",18.7908931640625,0.306221783161163
"species_3_hist_ice_extrap_only",19.0619156616211,0.306355148553848
"species_3_hist_ice_extrap_only",19.3329381591797,0.306490480899811
"species_3_hist_ice_extrap_only",19.6039606567383,0.306627750396729
"species_3_hist_ice_extrap_only",19.8749831542969,0.306766957044601
"species_3_hist_ice_extrap_only",20.1460056518555,0.306908130645752
"species_3_hist_ice_extrap_only",20.417028149414,0.307051241397858
"species_3_hist_ice_extrap_only",20.6880506469726,0.307196289300919
"species_3_hist_ice_extrap_only",20.9590731445312,0.307343304157257
"species_3_hist_ice_extrap_only",21.2300956420898,0.307492285966873
"species_3_hist_ice_extrap_only",21.5011181396484,0.307643204927444
"species_3_hist_ice_extrap_only",21.772140637207,0.307796090841293
"species_3_hist_ice_extrap_only",22.0431631347656,0.307950913906097
"species_3_hist_ice_extrap_only",22.3141856323242,0.308107703924179
"species_3_hist_ice_extrap_only",22.5852081298828,0.308266460895538
"species_3_hist_ice_extrap_only",22.8562306274414,0.308427184820175
"species_3_hist_ice_extrap_only",23.127253125,0.30858987569809
"species_3_hist_ice_extrap_only",23.3982756225586,0.308754503726959
"species_3_hist_ice_extrap_only",23.6692981201172,0.308921128511429
"species_3_hist_ice_extrap_only",23.9403206176758,0.309089720249176
"species_3_hist_ice_extrap_only",24.2113431152344,0.309260278940201
"species_3_hist_ice_extrap_only",24.482365612793,0.309432804584503
"species_3_hist_ice_extrap_only",24.7533881103516,0.309607297182083
"species_3_hist_ice_extrap_only",25.0244106079101,0.309783786535263
"species_3_hist_ice_extrap_only",25.2954331054687,0.309962242841721
"species_3_hist_ice_extrap_only",25.5664556030273,0.310142695903778
"species_3_hist_ice_extrap_only",25.8374781005859,0.310325115919113
"species_3_hist_ice_extrap_only",26.1085005981445,0.310509502887726
"species_3_hist_ice_extrap_only",26.3795230957031,0.310695916414261
"species_3_hist_ice_extrap_only",26.6505455932617,0.310884267091751
"species_3_hist_ice_extrap_only",26.9215680908203,0.311074644327164
"species_3_hist_ice_extrap_only",27.1925905883789,0.311266988515854
"species_3_hist_ice_extrap_only",27.4636130859375,0.311461359262466
"species_3_hist_ice_extrap_only",27.7346355834961,0.311657696962357
"species_3_hist_ice_extrap_only",28.0056580810547,0.311856031417847
"species_3_hist_ice_extrap_only",28.2766805786133,0.312056392431259
"species_3_hist_ice_extrap_only",28.5477030761719,0.312258720397949
"species_3_hist_ice_extrap_only",28.8187255737305,0.312463074922562
"species_3_hist_ice_extrap_only",29.089748071289,0.312669426202774
"species_3_hist_ice_extrap_only",29.3607705688476,0.312877774238586
"species_3_hist_ice_extrap_only",29.6317930664062,0.313088119029999
"species_3_hist_ice_extrap_only",29.9028155639648,0.313300520181656
"species_3_hist_ice_extrap_only",30.1738380615234,0.313514888286591
"species_3_hist_ice_extrap_only",30.444860559082,0.31373131275177
"species_3_hist_ice_extrap_only",30.7158830566406,0.313949733972549
"species_3_hist_ice_extrap_only",30.9869055541992,0.314170151948929
"species_3_hist_ice_extrap_only",31.2579280517578,0.314392626285553
"species_3_hist_ice_extrap_only",31.5289505493164,0.314617097377777
"species_3_hist_ice_extrap_only",31.799973046875,0.314843624830246
"species_3_hist_ice_extrap_only",32.0709955444336,0.315072149038315
"species_3_hist_ice_extrap_only",32.3420180419922,0.315302729606628
"species_3_hist_ice_extrap_only",32.6130405395508,0.315535336732864
"species_3_hist_ice_extrap_only",32.8840630371094,0.315769970417023
"species_3_hist_ice_extrap_only",33.155085534668,0.316006630659103
"species_3_hist_ice_extrap_only",33.4261080322265,0.316245347261429
"species_3_hist_ice_extrap_only",33.6971305297851,0.316486090421677
"species_3_hist_ice_extrap_only",33.9681530273437,0.316728889942169
"species_3_hist_ice_extrap_only",34.2391755249023,0.316973745822906
"species_3_hist_ice_extrap_only",34.5101980224609,0.317220628261566
"species_3_hist_ice_extrap_only",34.7812205200195,0.317469567060471
"species_3_hist_ice_extrap_only",35.0522430175781,0.31772056221962
"species_3_hist_ice_extrap_only",35.3232655151367,0.317973613739014
"species_3_hist_ice_extrap_only",35.5942880126953,0.318228721618652
"species_3_hist_ice_extrap_only",35.8653105102539,0.318485915660858
"species_3_hist_ice_extrap_only",36.1363330078125,0.318745136260986
"species_3_hist_ice_extrap_only",36.4073555053711,0.319006443023682
"species_3_hist_ice_extrap_only",36.6783780029297,0.319269806146622
"species_3_hist_ice_extrap_only",36.9494005004883,0.319535225629807
"species_3_hist_ice_extrap_only",37.2204229980469,0.319802731275558
"species_3_hist_ice_extrap_only",37.4914454956055,0.320072323083878
"species_3_hist_ice_extrap_only",37.762467993164,0.320343971252441
"species_3_hist_ice_extrap_only",38.0334904907226,0.320617705583572
"species_3_hist_ice_extrap_only",38.3045129882812,0.32089352607727
"species_3_hist_ice_extrap_only",38.5755354858398,0.321171432733536
"species_3_hist_ice_extrap_only",38.8465579833984,0.321451425552368
"species_3_hist_ice_extrap_only",39.117580480957,0.321733504533768
"species_3_hist_ice_extrap_only",39.3886029785156,0.322017699480057
"species_3_hist_ice_extrap_only",39.6596254760742,0.322303980588913
"species_3_hist_ice_extrap_only",39.9306479736328,0.322592347860336
"species_3_hist_ice_extrap_only",40.2016704711914,0.322882801294327
"species_3_hist_ice_extrap_only",40.47269296875,0.323175370693207
"species_3_hist_ice_extrap_only",40.7437154663086,0.323470056056976
"species_3_hist_ice_extrap_only",41.0147379638672,0.323766827583313
"species_3_hist_ice_extrap_only",41.2857604614258,0.324065744876862
"species_3_hist_ice_extrap_only",41.5567829589843,0.324366748332977
"species_3_hist_ice_extrap_only",41.827805456543,0.324669867753983
"species_3_hist_ice_extrap_only",42.0988279541015,0.3249751329422
"species_3_hist_ice_extrap_only",42.3698504516601,0.325282484292984
"species_3_hist_ice_extrap_only",42.6408729492187,0.32559198141098
"species_3_hist_ice_extrap_only",42.9118954467773,0.325903594493866
"species_3_hist_ice_extrap_only",43.1829179443359,0.326217353343964
"species_3_hist_ice_extrap_only",43.4539404418945,0.326533228158951
"species_3_hist_ice_extrap_only",43.7249629394531,0.32685124874115
"species_3_hist_ice_extrap_only",43.9959854370117,0.327171415090561
"species_3_hist_ice_extrap_only",44.2670079345703,0.327493697404861
"species_3_hist_ice_extrap_only",44.5380304321289,0.327818155288696
"species_3_hist_ice_extrap_only",44.8090529296875,0.328144729137421
"species_3_hist_ice_extrap_only",45.0800754272461,0.328473478555679
"species_3_hist_ice_extrap_only",45.3510979248047,0.328804343938828
"species_3_hist_ice_extrap_only",45.6221204223633,0.32913738489151
"species_3_hist_ice_extrap_only",45.8931429199218,0.329472601413727
"species_3_hist_ice_extrap_only",46.1641654174804,0.329809963703156
"species_3_hist_ice_extrap_only",46.435187915039,0.330149471759796
"species_3_hist_ice_extrap_only",46.7062104125976,0.330491155385971
"species_3_hist_ice_extrap_only",46.9772329101562,0.33083501458168
"species_3_hist_ice_extrap_only",47.2482554077148,0.331181049346924
"species_3_hist_ice_extrap_only",47.5192779052734,0.331529259681702
"species_3_hist_ice_extrap_only",47.790300402832,0.331879645586014
"species_3_hist_ice_extrap_only",48.0613229003906,0.33223220705986
"species_3_hist_ice_extrap_only",48.3323453979492,0.332586944103241
"species_3_hist_ice_extrap_only",48.6033678955078,0.332943886518478
"species_3_hist_ice_extrap_only",48.8743903930664,0.33330300450325
"species_3_hist_ice_extrap_only",49.145412890625,0.333664327859879
"species_3_hist_ice_extrap_only",49.4164353881836,0.334027826786041
"species_3_hist_ice_extrap_only",49.6874578857422,0.334393560886383
"species_3_hist_ice_extrap_only",49.9584803833008,0.334761440753937
"species_3_hist_ice_extrap_only",50.2295028808594,0.33513155579567
"species_3_hist_ice_extrap_only",50.5005253784179,0.335503876209259
"species_3_hist_ice_extrap_only",50.7715478759765,0.335878431797028
"species_3_hist_ice_extrap_only",51.0425703735351,0.33625516295433
"species_3_hist_ice_extrap_only",51.3135928710937,0.336634129285812
"species_3_hist_ice_extrap_only",51.5846153686523,0.337015300989151
"species_3_hist_ice_extrap_only",51.8556378662109,0.337398678064346
"species_3_hist_ice_extrap_only",52.1266603637695,0.337784320116043
"species_3_hist_ice_extrap_only",52.3976828613281,0.338172167539597
"species_3_hist_ice_extrap_only",52.6687053588867,0.338562250137329
"species_3_hist_ice_extrap_only",52.9397278564453,0.338954567909241
"species_3_hist_ice_extrap_only",53.2107503540039,0.339349120855331
"species_3_hist_ice_extrap_only",53.4817728515625,0.339745908975601
"species_3_hist_ice_extrap_only",53.7527953491211,0.34014493227005
"species_3_hist_ice_extrap_only",54.0238178466797,0.340546220541
"species_3_hist_ice_extrap_only",54.2948403442383,0.34094974398613
"species_3_hist_ice_extrap_only",54.5658628417968,0.341355532407761
"species_3_hist_ice_extrap_only",54.8368853393554,0.341763556003571
"species_3_hist_ice_extrap_only",55.107907836914,0.342173874378204
"species_3_hist_ice_extrap_only",55.3789303344726,0.342586427927017
"species_3_hist_ice_extrap_only",55.6499528320312,0.343001246452332
"species_3_hist_ice_extrap_only",55.9209753295898,0.343418329954147
"species_3_hist_ice_extrap_only",56.1919978271484,0.343837678432465
"species_3_hist_ice_extrap_only",56.463020324707,0.344259291887283
"species_3_hist_ice_extrap_only",56.7340428222656,0.344683200120926
"species_3_hist_ice_extrap_only",57.0050653198242,0.34510937333107
"species_3_hist_ice_extrap_only",57.2760878173828,0.345537841320038
"species_3_hist_ice_extrap_only",57.5471103149414,0.34596860408783
"species_3_hist_ice_extrap_only",57.8181328125,0.346401631832123
"species_3_hist_ice_extrap_only",58.0891553100586,0.34683695435524
"species_3_hist_ice_extrap_only",58.3601778076171,0.347274571657181
"species_3_hist_ice_extrap_only",58.6312003051758,0.347714513540268
"species_3_hist_ice_extrap_only",58.9022228027343,0.348156720399857
"species_3_hist_ice_extrap_only",59.173245300293,0.348601251840591
"species_3_hist_ice_extrap_only",59.4442677978515,0.34904807806015
"species_3_hist_ice_extrap_only",59.7152902954101,0.349497199058533
"species_3_hist_ice_extrap_only",59.9863127929687,0.349948644638062
"species_3_hist_ice_extrap_only",60.2573352905273,0.350402414798737
"species_3_hist_ice_extrap_only",60.5283577880859,0.350858509540558
"species_3_hist_ice_extrap_only",60.7993802856445,0.351316899061203
"species_3_hist_ice_extrap_only",61.0704027832031,0.351777642965317
"species_3_hist_ice_extrap_only",61.3414252807617,0.352240711450577
"species_3_hist_ice_extrap_only",61.6124477783203,0.352706074714661
"species_3_hist_ice_extrap_only",61.8834702758789,0.353173792362213
"species_3_hist_ice_extrap_only",62.1544927734375,0.353643864393234
"species_3_hist_ice_extrap_only",62.4255152709961,0.354116231203079
"species_3_hist_ice_extrap_only",62.6965377685547,0.354590982198715
"species_3_hist_ice_extrap_only",62.9675602661133,0.355068057775497
"species_3_hist_ice_extrap_only",63.2385827636718,0.355547487735748
"species_3_hist_ice_extrap_only",63.5096052612304,0.356029272079468
"species_3_hist_ice_extrap_only",63.780627758789,0.356513410806656
"species_3_hist_ice_extrap_only",64.0516502563476,0.356999903917313
"species_3_hist_ice_extrap_only",64.3226727539062,0.357488751411438
"species_3_hist_ice_extrap_only",64.5936952514648,0.357979953289032
"species_3_hist_ice_extrap_only",64.8647177490234,0.358473539352417
"species_3_hist_ice_extrap_only",65.135740246582,0.358969479799271
"species_3_hist_ice_extrap_only",65.4067627441406,0.359467804431915
"species_3_hist_ice_extrap_only",65.6777852416992,0.359968513250351
"species_3_hist_ice_extrap_only",65.9488077392578,0.360471576452255
"species_3_hist_ice_extrap_only",66.2198302368164,0.360977023839951
"species_3_hist_ice_extrap_only",66.490852734375,0.361484855413437
"species_3_hist_ice_extrap_only",66.7618752319336,0.361995071172714
"species_3_hist_ice_extrap_only",67.0328977294921,0.362507671117783
"species_3_hist_ice_extrap_only",67.3039202270507,0.363022685050964
"species_3_hist_ice_extrap_only",67.5749427246093,0.363540083169937
"species_3_hist_ice_extrap_only",67.8459652221679,0.364059865474701
"species_3_hist_ice_extrap_only",68.1169877197265,0.364582061767578
"species_3_hist_ice_extrap_only",68.3880102172851,0.365106642246246
"species_3_hist_ice_extrap_only",68.6590327148437,0.36563366651535
"species_3_hist_ice_extrap_only",68.9300552124023,0.366163045167923
"species_3_hist_ice_extrap_only",69.2010777099609,0.366694867610931
"species_3_hist_ice_extrap_only",69.4721002075195,0.367229104042053
"species_3_hist_ice_extrap_only",69.7431227050781,0.367765754461289
"species_3_hist_ice_extrap_only",70.0141452026367,0.368304818868637
"species_3_hist_ice_extrap_only",70.2851677001953,0.368846327066422
"species_3_hist_ice_extrap_only",70.5561901977539,0.369390219449997
"species_3_hist_ice_extrap_only",70.8272126953125,0.369936555624008
"species_3_hist_ice_extrap_only",71.0982351928711,0.370485335588455
"species_3_hist_ice_extrap_only",71.3692576904296,0.371036529541016
"species_3_hist_ice_extrap_only",71.6402801879883,0.371590197086334
"species_3_hist_ice_extrap_only",71.9113026855468,0.372146248817444
"species_3_hist_ice_extrap_only",72.1823251831054,0.372704774141312
"species_3_hist_ice_extrap_only",72.453347680664,0.373265743255615
"species_3_hist_ice_extrap_only",72.7243701782226,0.373829156160355
"species_3_hist_ice_extrap_only",72.9953926757812,0.374394983053207
"species_3_hist_ice_extrap_only",73.2664151733398,0.374963313341141
"species_3_hist_ice_extrap_only",73.5374376708984,0.375534057617188
"species_3_hist_ice_extrap_only",73.808460168457,0.37610724568367
"species_3_hist_ice_extrap_only",74.0794826660156,0.376682937145233
"species_3_hist_ice_extrap_only",74.3505051635742,0.37726104259491
"species_3_hist_ice_extrap_only",74.6215276611328,0.377841651439667
"species_3_hist_ice_extrap_only",74.8925501586914,0.37842470407486
"species_3_hist_ice_extrap_only",75.16357265625,0.379010230302811
"species_3_hist_ice_extrap_only",75.4345951538086,0.37959823012352
"species_3_hist_ice_extrap_only",75.7056176513671,0.380188703536987
"species_3_hist_ice_extrap_only",75.9766401489258,0.38078162074089
"species_3_hist_ice_extrap_only",76.2476626464843,0.381377041339874
"species_3_hist_ice_extrap_only",76.5186851440429,0.381984174251556
"species_3_hist_ice_extrap_only",76.7897076416015,0.38381752371788
"species_3_hist_ice_extrap_only",77.0607301391601,0.385744541883469
"species_3_hist_ice_extrap_only",77.3317526367187,0.388756096363068
"species_3_hist_ice_extrap_only",77.6027751342773,0.395089149475098
"species_3_hist_ice_extrap_only",77.8737976318359,0.402607828378677
"species_3_hist_ice_extrap_only",78.1448201293945,0.410174936056137
"species_3_hist_ice_extrap_only",78.4158426269531,0.417786777019501
"species_3_hist_ice_extrap_only",78.6868651245117,0.425474435091019
"species_3_hist_ice_extrap_only",78.9578876220703,0.434256076812744
"species_3_hist_ice_extrap_only",79.2289101196289,0.443449467420578
"species_3_hist_ice_extrap_only",79.4999326171875,0.453008264303207
"species_3_hist_ice_extrap_only",79.770955114746,0.46271875500679
"species_3_hist_ice_extrap_only",80.0419776123046,0.472459614276886
"species_3_hist_ice_extrap_only",80.3130001098632,0.482223987579346
"species_3_hist_ice_extrap_only",80.5840226074218,0.492003917694092
"species_3_hist_ice_extrap_only",80.8550451049804,0.501792192459106
"species_3_hist_ice_extrap_only",81.126067602539,0.511581659317017
"species_3_hist_ice_extrap_only",81.3970901000976,0.521364212036133
"species_3_hist_ice_extrap_only",81.6681125976562,0.531132936477661
"species_3_hist_ice_extrap_only",81.9391350952148,0.540879786014557
"species_3_hist_ice_extrap_only",82.2101575927734,0.550597965717316
"species_3_hist_ice_extrap_only",82.481180090332,0.560279607772827
"species_3_hist_ice_extrap_only",82.7522025878906,0.569918096065521
"species_3_hist_ice_extrap_only",83.0232250854492,0.579505741596222
"species_3_hist_ice_extrap_only",83.2942475830078,0.589036285877228
"species_3_hist_ice_extrap_only",83.5652700805664,0.598502337932587
"species_3_hist_ice_extrap_only",83.836292578125,0.607897877693176
"species_3_hist_ice_extrap_only",84.1073150756836,0.617216050624847
"species_3_hist_ice_extrap_only",84.3783375732421,0.626451015472412
"species_3_hist_ice_extrap_only",84.6493600708007,0.635596990585327
"species_3_hist_ice_extrap_only",84.9203825683593,0.644647896289825
"species_3_hist_ice_extrap_only",85.1914050659179,0.653598785400391
"species_3_hist_ice_extrap_only",85.4624275634765,0.662444055080414
"species_3_hist_ice_extrap_only",85.7334500610351,0.671179294586182
"species_3_hist_ice_extrap_only",86.0044725585937,0.679799497127533
"species_3_hist_ice_extrap_only",86.2754950561523,0.688300788402557
"species_3_hist_ice_extrap_only",86.5465175537109,0.696678817272186
"species_3_hist_ice_extrap_only",86.8175400512695,0.704930245876312
"species_3_hist_ice_extrap_only",87.0885625488281,0.71305125951767
"species_3_hist_ice_extrap_only",87.3595850463867,0.721039295196533
"species_3_hist_ice_extrap_only",87.6306075439453,0.728891015052795
"species_3_hist_ice_extrap_only",87.9016300415039,0.7366042137146
"species_3_hist_ice_extrap_only",88.1726525390625,0.744176924228668
"species_3_hist_ice_extrap_only",88.4436750366211,0.751606822013855
"species_3_hist_ice_extrap_only",88.7146975341796,0.75889265537262
"species_3_hist_ice_extrap_only",88.9857200317382,0.766032755374908
"species_3_hist_ice_extrap_only",89.2567425292968,0.773026406764984
"species_3_hist_ice_extrap_only",89.5277650268554,0.779872477054596
"species_3_hist_ice_extrap_only",89.798787524414,0.786570727825165
"species_3_hist_ice_extrap_only",90.0698100219726,0.793120503425598
"species_3_hist_ice_extrap_only",90.3408325195312,0.799522161483765
"species_3_hist_ice_extrap_only",90.6118550170898,0.80577540397644
"species_3_hist_ice_extrap_only",90.8828775146484,0.811881065368652
"species_3_hist_ice_extrap_only",91.153900012207,0.81783938407898
"species_3_hist_ice_extrap_only",91.4249225097656,0.823651254177094
"species_3_hist_ice_extrap_only",91.6959450073242,0.82931786775589
"species_3_hist_ice_extrap_only",91.9669675048828,0.834839940071106
"species_3_hist_ice_extrap_only",92.2379900024414,0.840219140052795
"species_3_hist_ice_extrap_only",92.5090125,0.845456659793854
"species_3_hist_ice_extrap_only",92.7800349975585,0.85055422782898
"species_3_hist_ice_extrap_only",93.0510574951171,0.855513453483582
"species_3_hist_ice_extrap_only",93.3220799926757,0.860336303710938
"species_3_hist_ice_extrap_only",93.5931024902343,0.865024447441101
"species_3_hist_ice_extrap_only",93.8641249877929,0.869580268859863
"species_3_hist_ice_extrap_only",94.1351474853515,0.874005615711212
"species_3_hist_ice_extrap_only",94.4061699829101,0.878302872180939
"species_3_hist_ice_extrap_only",94.6771924804687,0.882474064826965
"species_3_hist_ice_extrap_only",94.9482149780273,0.886521697044373
"species_3_hist_ice_extrap_only",95.2192374755859,0.890448212623596
"species_3_hist_ice_extrap_only",95.4902599731445,0.894255757331848
"species_3_hist_ice_extrap_only",95.7612824707031,0.897947132587433
"species_3_hist_ice_extrap_only",96.0323049682617,0.901524484157562
"species_3_hist_ice_extrap_only",96.3033274658203,0.904990613460541
"species_3_hist_ice_extrap_only",96.5743499633788,0.90834778547287
"species_3_hist_ice_extrap_only",96.8453724609374,0.911598742008209
"species_3_hist_ice_extrap_only",97.116394958496,0.914745807647705
"species_3_hist_ice_extrap_only",97.3874174560546,0.917791724205017
"species_3_hist_ice_extrap_only",97.6584399536132,0.920738816261292
"species_3_hist_ice_extrap_only",97.9294624511718,0.923589766025543
"species_3_hist_ice_extrap_only",98.2004849487304,0.926346898078918
"species_3_hist_ice_extrap_only",98.471507446289,0.929012775421143
"species_3_hist_ice_extrap_only",98.7425299438476,0.931589961051941
"species_3_hist_ice_extrap_only",99.0135524414062,0.934080719947815
"species_3_hist_ice_extrap_only",99.2845749389648,0.936487555503845
"species_3_hist_ice_extrap_only",99.5555974365234,0.938812673091888
"species_3_hist_ice_extrap_only",99.826619934082,0.94105863571167
"species_3_hist_ice_extrap_only",100.097642431641,0.943227589130402
"species_3_hist_ice_extrap_only",100.368664929199,0.94532185792923
"species_3_hist_ice_extrap_only",100.639687426758,0.947343587875366
"species_3_hist_ice_extrap_only",100.910709924316,0.949295043945312
"species_3_hist_ice_extrap_only",101.181732421875,0.951178252696991
"species_3_hist_ice_extrap_only",101.452754919434,0.952995419502258
"species_3_hist_ice_extrap_only",101.723777416992,0.954748570919037
"species_3_hist_ice_extrap_only",101.994799914551,0.956439673900604
"species_3_hist_ice_extrap_only",102.265822412109,0.958070755004883
"species_3_hist_ice_extrap_only",102.536844909668,0.959643661975861
"species_3_hist_ice_extrap_only",102.807867407227,0.96116030216217
"species_3_hist_ice_extrap_only",103.078889904785,0.962622463703156
"species_3_hist_ice_extrap_only",103.349912402344,0.964031994342804
"species_3_hist_ice_extrap_only",103.620934899902,0.965390563011169
"species_3_hist_ice_extrap_only",103.891957397461,0.96669989824295
"species_3_hist_ice_extrap_only",104.162979895019,0.967961549758911
"species_3_hist_ice_extrap_only",104.434002392578,0.969177305698395
"species_3_hist_ice_extrap_only",104.705024890137,0.970348477363586
"species_3_hist_ice_extrap_only",104.976047387695,0.971476793289185
"species_3_hist_ice_extrap_only",105.247069885254,0.972563624382019
"species_3_hist_ice_extrap_only",105.518092382812,0.97361034154892
"species_3_hist_ice_extrap_only",105.789114880371,0.974618434906006
"species_3_hist_ice_extrap_only",106.06013737793,0.975589156150818
"species_3_hist_ice_extrap_only",106.331159875488,0.97652393579483
"species_3_hist_ice_extrap_only",106.602182373047,0.977423846721649
"species_3_hist_ice_extrap_only",106.873204870605,0.978290319442749
"species_3_hist_ice_extrap_only",107.144227368164,0.979124367237091
"species_3_hist_ice_extrap_only",107.415249865723,0.979927182197571
"species_3_hist_ice_extrap_only",107.686272363281,0.980699956417084
"species_3_hist_ice_extrap_only",107.95729486084,0.981443703174591
"species_3_hist_ice_extrap_only",108.228317358398,0.982159435749054
"species_3_hist_ice_extrap_only",108.499339855957,0.982848227024078
"species_3_hist_ice_extrap_only",108.770362353516,0.983510971069336
"species_3_hist_ice_extrap_only",109.041384851074,0.984148681163788
"species_3_hist_ice_extrap_only",109.312407348633,0.98476231098175
"species_3_hist_ice_extrap_only",109.583429846191,0.985352575778961
"species_3_hist_ice_extrap_only",109.85445234375,0.985920488834381
"species_3_hist_ice_extrap_only",110.125474841309,0.986466765403748
"species_3_hist_ice_extrap_only",110.396497338867,0.986992239952087
"species_3_hist_ice_extrap_only",110.667519836426,0.987497687339783
"species_3_hist_ice_extrap_only",110.938542333984,0.987983882427216
"species_3_hist_ice_extrap_only",111.209564831543,0.988451480865478
"species_3_hist_ice_extrap_only",111.480587329102,0.988901138305664
"species_3_hist_ice_extrap_only",111.75160982666,0.989333629608154
"species_3_hist_ice_extrap_only",112.022632324219,0.989749491214752
"species_3_hist_ice_extrap_only",112.293654821777,0.99014937877655
"species_3_hist_ice_extrap_only",112.564677319336,0.990533947944641
"species_3_hist_ice_extrap_only",112.835699816894,0.990903675556183
"species_3_hist_ice_extrap_only",113.106722314453,0.991023778915405
"species_3_hist_ice_extrap_only",113.377744812012,0.991023778915405
"species_3_hist_ice_extrap_only",113.64876730957,0.991023778915405
"species_3_hist_ice_extrap_only",113.919789807129,0.991023778915405
"species_3_hist_ice_extrap_only",114.190812304687,0.991023778915405
"species_3_hist_ice_extrap_only",114.461834802246,0.991023778915405
"species_3_hist_ice_extrap_only",114.732857299805,0.991023778915405
"species_3_hist_ice_extrap_only",115.003879797363,0.991023778915405
"species_3_hist_ice_extrap_only",115.274902294922,0.991023778915405
"species_3_hist_ice_extrap_only",115.54592479248,0.991023778915405
"species_3_hist_ice_extrap_only",115.816947290039,0.991023778915405
"species_3_hist_ice_extrap_only",116.087969787598,0.991023778915405
"species_3_hist_ice_extrap_only",116.358992285156,0.991023778915405
"species_3_hist_ice_extrap_only",116.630014782715,0.991023778915405
"species_3_hist_ice_extrap_only",116.901037280273,0.991023778915405
"species_3_hist_ice_extrap_only",117.172059777832,0.991023778915405
"species_3_hist_ice_extrap_only",117.443082275391,0.991023778915405
"species_3_hist_ice_extrap_only",117.714104772949,0.991023778915405
"species_3_hist_ice_extrap_only",117.985127270508,0.991023778915405
"species_3_hist_ice_extrap_only",118.256149768066,0.991023778915405
"species_3_hist_ice_extrap_only",118.527172265625,0.991023778915405
"species_3_hist_ice_extrap_only",118.798194763184,0.991023778915405
"species_3_hist_ice_extrap_only",119.069217260742,0.991023778915405
"species_3_hist_ice_extrap_only",119.340239758301,0.991023778915405
"species_3_hist_ice_extrap_only",119.611262255859,0.991023778915405
"species_3_hist_ice_extrap_only",119.882284753418,0.991023778915405
"species_3_hist_ice_extrap_only",120.153307250976,0.991023778915405
"species_3_hist_ice_extrap_only",120.424329748535,0.991023778915405
"species_3_hist_ice_extrap_only",120.695352246094,0.991023778915405
"species_3_hist_ice_extrap_only",120.966374743652,0.991023778915405
"species_3_hist_ice_extrap_only",121.237397241211,0.991023778915405
"species_3_hist_ice_extrap_only",121.508419738769,0.991023778915405
"species_3_hist_ice_extrap_only",121.779442236328,0.991023778915405
"species_3_hist_ice_extrap_only",122.050464733887,0.991023778915405
"species_3_hist_ice_extrap_only",122.321487231445,0.991023778915405
"species_3_hist_ice_extrap_only",122.592509729004,0.991023778915405
"species_3_hist_ice_extrap_only",122.863532226562,0.991023778915405
"species_3_hist_ice_extrap_only",123.134554724121,0.991023778915405
"species_3_hist_ice_extrap_only",123.40557722168,0.991023778915405
"species_3_hist_ice_extrap_only",123.676599719238,0.991023778915405
"species_3_hist_ice_extrap_only",123.947622216797,0.991023778915405
"species_3_hist_ice_extrap_only",124.218644714355,0.991023778915405
"species_3_hist_ice_extrap",-11.2926040649414,0.837191998958588
"species_3_hist_ice_extrap",-11.0215815673828,0.837191998958588
"species_3_hist_ice_extrap",-10.7505590698242,0.837191998958588
"species_3_hist_ice_extrap",-10.4795365722656,0.837191998958588
"species_3_hist_ice_extrap",-10.208514074707,0.837191998958588
"species_3_hist_ice_extrap",-9.93749157714843,0.837191998958588
"species_3_hist_ice_extrap",-9.66646907958984,0.837191998958588
"species_3_hist_ice_extrap",-9.39544658203124,0.837191998958588
"species_3_hist_ice_extrap",-9.12442408447265,0.837191998958588
"species_3_hist_ice_extrap",-8.85340158691406,0.837191998958588
"species_3_hist_ice_extrap",-8.58237908935546,0.837191998958588
"species_3_hist_ice_extrap",-8.31135659179687,0.837191998958588
"species_3_hist_ice_extrap",-8.04033409423828,0.837191998958588
"species_3_hist_ice_extrap",-7.76931159667968,0.837191998958588
"species_3_hist_ice_extrap",-7.49828909912109,0.837191998958588
"species_3_hist_ice_extrap",-7.2272666015625,0.837191998958588
"species_3_hist_ice_extrap",-6.9562441040039,0.837191998958588
"species_3_hist_ice_extrap",-6.68522160644531,0.837191998958588
"species_3_hist_ice_extrap",-6.41419910888672,0.837191998958588
"species_3_hist_ice_extrap",-6.14317661132812,0.837191998958588
"species_3_hist_ice_extrap",-5.87215411376953,0.837191998958588
"species_3_hist_ice_extrap",-5.60113161621094,0.837191998958588
"species_3_hist_ice_extrap",-5.33010911865234,0.837191998958588
"species_3_hist_ice_extrap",-5.05908662109375,0.837191998958588
"species_3_hist_ice_extrap",-4.78806412353515,0.837191998958588
"species_3_hist_ice_extrap",-4.51704162597656,0.837191998958588
"species_3_hist_ice_extrap",-4.24601912841797,0.837191998958588
"species_3_hist_ice_extrap",-3.97499663085937,0.837191998958588
"species_3_hist_ice_extrap",-3.70397413330078,0.837191998958588
"species_3_hist_ice_extrap",-3.43295163574219,0.837191998958588
"species_3_hist_ice_extrap",-3.16192913818359,0.837191998958588
"species_3_hist_ice_extrap",-2.890906640625,0.837191998958588
"species_3_hist_ice_extrap",-2.61988414306641,0.837191998958588
"species_3_hist_ice_extrap",-2.34886164550781,0.837191998958588
"species_3_hist_ice_extrap",-2.07783914794922,0.837191998958588
"species_3_hist_ice_extrap",-1.80681665039062,0.837191998958588
"species_3_hist_ice_extrap",-1.53579415283203,0.837191998958588
"species_3_hist_ice_extrap",-1.26477165527344,0.837191998958588
"species_3_hist_ice_extrap",-0.993749157714843,0.837191998958588
"species_3_hist_ice_extrap",-0.722726660156249,0.837191998958588
"species_3_hist_ice_extrap",-0.451704162597656,0.837191998958588
"species_3_hist_ice_extrap",-0.180681665039062,0.837191998958588
"species_3_hist_ice_extrap",0.0903408325195301,0.836073815822601
"species_3_hist_ice_extrap",0.361363330078124,0.832682251930237
"species_3_hist_ice_extrap",0.632385827636719,0.829234838485718
"species_3_hist_ice_extrap",0.903408325195313,0.825731217861176
"species_3_hist_ice_extrap",1.17443082275391,0.822171151638031
"species_3_hist_ice_extrap",1.4454533203125,0.81855434179306
"species_3_hist_ice_extrap",1.71647581787109,0.814880549907684
"species_3_hist_ice_extrap",1.98749831542969,0.811149537563324
"species_3_hist_ice_extrap",2.25852081298828,0.8073610663414
"species_3_hist_ice_extrap",2.52954331054687,0.803515076637268
"species_3_hist_ice_extrap",2.80056580810547,0.799611270427704
"species_3_hist_ice_extrap",3.07158830566406,0.795649707317352
"species_3_hist_ice_extrap",3.34261080322266,0.791630208492279
"species_3_hist_ice_extrap",3.61363330078125,0.787552714347839
"species_3_hist_ice_extrap",3.88465579833984,0.783417284488678
"species_3_hist_ice_extrap",4.15567829589843,0.779223918914795
"species_3_hist_ice_extrap",4.42670079345703,0.77497273683548
"species_3_hist_ice_extrap",4.69772329101562,0.770663738250732
"species_3_hist_ice_extrap",4.96874578857422,0.766297101974487
"species_3_hist_ice_extrap",5.23976828613281,0.761873066425323
"species_3_hist_ice_extrap",5.5107907836914,0.75739175081253
"species_3_hist_ice_extrap",5.78181328125,0.752853453159332
"species_3_hist_ice_extrap",6.05283577880859,0.748258531093597
"species_3_hist_ice_extrap",6.32385827636719,0.743607223033905
"species_3_hist_ice_extrap",6.59488077392578,0.738899946212769
"species_3_hist_ice_extrap",6.86590327148437,0.734137177467346
"species_3_hist_ice_extrap",7.13692576904296,0.729319393634796
"species_3_hist_ice_extrap",7.40794826660156,0.724447011947632
"species_3_hist_ice_extrap",7.67897076416015,0.719520688056946
"species_3_hist_ice_extrap",7.94999326171875,0.714541018009186
"species_3_hist_ice_extrap",8.22101575927734,0.7095085978508
"species_3_hist_ice_extrap",8.49203825683593,0.704424142837524
"species_3_hist_ice_extrap",8.76306075439453,0.699288427829742
"species_3_hist_ice_extrap",9.03408325195312,0.694102227687836
"species_3_hist_ice_extrap",9.30510574951171,0.688866376876831
"species_3_hist_ice_extrap",9.57612824707031,0.6835817694664
"species_3_hist_ice_extrap",9.8471507446289,0.678249359130859
"species_3_hist_ice_extrap",10.1181732421875,0.67287003993988
"species_3_hist_ice_extrap",10.3891957397461,0.667444884777069
"species_3_hist_ice_extrap",10.6602182373047,0.661974966526031
"species_3_hist_ice_extrap",10.9312407348633,0.656461417675018
"species_3_hist_ice_extrap",11.2022632324219,0.650905311107635
"species_3_hist_ice_extrap",11.4732857299805,0.645307958126068
"species_3_hist_ice_extrap",11.7443082275391,0.639670491218567
"species_3_hist_ice_extrap",12.0153307250976,0.633994281291962
"species_3_hist_ice_extrap",12.2863532226562,0.628280580043793
"species_3_hist_ice_extrap",12.5573757202148,0.62253075838089
"species_3_hist_ice_extrap",12.8283982177734,0.616746306419373
"species_3_hist_ice_extrap",13.099420715332,0.61092859506607
"species_3_hist_ice_extrap",13.3704432128906,0.605079114437103
"species_3_hist_ice_extrap",13.6414657104492,0.599199414253235
"species_3_hist_ice_extrap",13.9124882080078,0.593290984630585
"species_3_hist_ice_extrap",14.1835107055664,0.587355434894562
"species_3_hist_ice_extrap",14.454533203125,0.581394374370575
"species_3_hist_ice_extrap",14.7255557006836,0.575409471988678
"species_3_hist_ice_extrap",14.9965781982422,0.569402396678925
"species_3_hist_ice_extrap",15.2676006958008,0.563374817371368
"species_3_hist_ice_extrap",15.5386231933594,0.557328402996063
"species_3_hist_ice_extrap",15.809645690918,0.551265001296997
"species_3_hist_ice_extrap",16.0806681884766,0.545186340808868
"species_3_hist_ice_extrap",16.3516906860351,0.539094150066376
"species_3_hist_ice_extrap",16.6227131835937,0.532990217208862
"species_3_hist_ice_extrap",16.8937356811523,0.526876449584961
"species_3_hist_ice_extrap",17.1647581787109,0.52075457572937
"species_3_hist_ice_extrap",17.4357806762695,0.514626502990723
"species_3_hist_ice_extrap",17.7068031738281,0.508494019508362
"species_3_hist_ice_extrap",17.9778256713867,0.502358973026276
"species_3_hist_ice_extrap",18.2488481689453,0.49622318148613
"species_3_hist_ice_extrap",18.5198706665039,0.490088552236557
"species_3_hist_ice_extrap",18.7908931640625,0.483956903219223
"species_3_hist_ice_extrap",19.0619156616211,0.477830082178116
"species_3_hist_ice_extrap",19.3329381591797,0.471709966659546
"species_3_hist_ice_extrap",19.6039606567383,0.465598315000534
"species_3_hist_ice_extrap",19.8749831542969,0.459496945142746
"species_3_hist_ice_extrap",20.1460056518555,0.453407734632492
"species_3_hist_ice_extrap",20.417028149414,0.447332382202148
"species_3_hist_ice_extrap",20.6880506469726,0.441272765398026
"species_3_hist_ice_extrap",20.9590731445312,0.435230553150177
"species_3_hist_ice_extrap",21.2300956420898,0.429207563400269
"species_3_hist_ice_extrap",21.5011181396484,0.423205435276031
"species_3_hist_ice_extrap",21.772140637207,0.417225897312164
"species_3_hist_ice_extrap",22.0431631347656,0.411270588636398
"species_3_hist_ice_extrap",22.3141856323242,0.405341178178787
"species_3_hist_ice_extrap",22.5852081298828,0.399439245462418
"species_3_hist_ice_extrap",22.8562306274414,0.393566429615021
"species_3_hist_ice_extrap",23.127253125,0.387724131345749
"species_3_hist_ice_extrap",23.3982756225586,0.381913989782333
"species_3_hist_ice_extrap",23.6692981201172,0.376137405633926
"species_3_hist_ice_extrap",23.9403206176758,0.370395809412003
"species_3_hist_ice_extrap",24.2113431152344,0.364690661430359
"species_3_hist_ice_extrap",24.482365612793,0.35902327299118
"species_3_hist_ice_extrap",24.7533881103516,0.353394985198975
"species_3_hist_ice_extrap",25.0244106079101,0.347807019948959
"species_3_hist_ice_extrap",25.2954331054687,0.342260658740997
"species_3_hist_ice_extrap",25.5664556030273,0.336757063865662
"species_3_hist_ice_extrap",25.8374781005859,0.331297397613525
"species_3_hist_ice_extrap",26.1085005981445,0.325882732868195
"species_3_hist_ice_extrap",26.3795230957031,0.32051420211792
"species_3_hist_ice_extrap",26.6505455932617,0.315192729234695
"species_3_hist_ice_extrap",26.9215680908203,0.30991929769516
"species_3_hist_ice_extrap",27.1925905883789,0.304754137992859
"species_3_hist_ice_extrap",27.4636130859375,0.302495867013931
"species_3_hist_ice_extrap",27.7346355834961,0.3019218146801
"species_3_hist_ice_extrap",28.0056580810547,0.30151441693306
"species_3_hist_ice_extrap",28.2766805786133,0.301107347011566
"species_3_hist_ice_extrap",28.5477030761719,0.301090449094772
"species_3_hist_ice_extrap",28.8187255737305,0.301090449094772
"species_3_hist_ice_extrap",29.089748071289,0.301090449094772
"species_3_hist_ice_extrap",29.3607705688476,0.301090449094772
"species_3_hist_ice_extrap",29.6317930664062,0.301090449094772
"species_3_hist_ice_extrap",29.9028155639648,0.301090449094772
"species_3_hist_ice_extrap",30.1738380615234,0.301090449094772
"species_3_hist_ice_extrap",30.444860559082,0.301090449094772
"species_3_hist_ice_extrap",30.7158830566406,0.301090449094772
"species_3_hist_ice_extrap",30.9869055541992,0.301090449094772
"species_3_hist_ice_extrap",31.2579280517578,0.301090449094772
"species_3_hist_ice_extrap",31.5289505493164,0.301090449094772
"species_3_hist_ice_extrap",31.799973046875,0.301090449094772
"species_3_hist_ice_extrap",32.0709955444336,0.301090449094772
"species_3_hist_ice_extrap",32.3420180419922,0.301090449094772
"species_3_hist_ice_extrap",32.6130405395508,0.301090449094772
"species_3_hist_ice_extrap",32.8840630371094,0.301090449094772
"species_3_hist_ice_extrap",33.155085534668,0.301090449094772
"species_3_hist_ice_extrap",33.4261080322265,0.301090449094772
"species_3_hist_ice_extrap",33.6971305297851,0.301090449094772
"species_3_hist_ice_extrap",33.9681530273437,0.301090449094772
"species_3_hist_ice_extrap",34.2391755249023,0.301090449094772
"species_3_hist_ice_extrap",34.5101980224609,0.301090449094772
"species_3_hist_ice_extrap",34.7812205200195,0.301090449094772
"species_3_hist_ice_extrap",35.0522430175781,0.301090449094772
"species_3_hist_ice_extrap",35.3232655151367,0.301090449094772
"species_3_hist_ice_extrap",35.5942880126953,0.301090449094772
"species_3_hist_ice_extrap",35.8653105102539,0.301090449094772
"species_3_hist_ice_extrap",36.1363330078125,0.301090449094772
"species_3_hist_ice_extrap",36.4073555053711,0.301090449094772
"species_3_hist_ice_extrap",36.6783780029297,0.301090449094772
"species_3_hist_ice_extrap",36.9494005004883,0.301090449094772
"species_3_hist_ice_extrap",37.2204229980469,0.301090449094772
"species_3_hist_ice_extrap",37.4914454956055,0.301090449094772
"species_3_hist_ice_extrap",37.762467993164,0.301090449094772
"species_3_hist_ice_extrap",38.0334904907226,0.301090449094772
"species_3_hist_ice_extrap",38.3045129882812,0.301090449094772
"species_3_hist_ice_extrap",38.5755354858398,0.301090449094772
"species_3_hist_ice_extrap",38.8465579833984,0.301090449094772
"species_3_hist_ice_extrap",39.117580480957,0.301090449094772
"species_3_hist_ice_extrap",39.3886029785156,0.301090449094772
"species_3_hist_ice_extrap",39.6596254760742,0.301090449094772
"species_3_hist_ice_extrap",39.9306479736328,0.301090449094772
"species_3_hist_ice_extrap",40.2016704711914,0.301090449094772
"species_3_hist_ice_extrap",40.47269296875,0.301090449094772
"species_3_hist_ice_extrap",40.7437154663086,0.301090449094772
"species_3_hist_ice_extrap",41.0147379638672,0.301090449094772
"species_3_hist_ice_extrap",41.2857604614258,0.301090449094772
"species_3_hist_ice_extrap",41.5567829589843,0.301090449094772
"species_3_hist_ice_extrap",41.827805456543,0.301090449094772
"species_3_hist_ice_extrap",42.0988279541015,0.301090449094772
"species_3_hist_ice_extrap",42.3698504516601,0.301090449094772
"species_3_hist_ice_extrap",42.6408729492187,0.301090449094772
"species_3_hist_ice_extrap",42.9118954467773,0.301090449094772
"species_3_hist_ice_extrap",43.1829179443359,0.301090449094772
"species_3_hist_ice_extrap",43.4539404418945,0.301090449094772
"species_3_hist_ice_extrap",43.7249629394531,0.301090449094772
"species_3_hist_ice_extrap",43.9959854370117,0.301090449094772
"species_3_hist_ice_extrap",44.2670079345703,0.301090449094772
"species_3_hist_ice_extrap",44.5380304321289,0.301090449094772
"species_3_hist_ice_extrap",44.8090529296875,0.301090449094772
"species_3_hist_ice_extrap",45.0800754272461,0.301090449094772
"species_3_hist_ice_extrap",45.3510979248047,0.301090449094772
"species_3_hist_ice_extrap",45.6221204223633,0.301090449094772
"species_3_hist_ice_extrap",45.8931429199218,0.301090449094772
"species_3_hist_ice_extrap",46.1641654174804,0.301090449094772
"species_3_hist_ice_extrap",46.435187915039,0.301090449094772
"species_3_hist_ice_extrap",46.7062104125976,0.301090449094772
"species_3_hist_ice_extrap",46.9772329101562,0.301090449094772
"species_3_hist_ice_extrap",47.2482554077148,0.301090449094772
"species_3_hist_ice_extrap",47.5192779052734,0.301090449094772
"species_3_hist_ice_extrap",47.790300402832,0.301090449094772
"species_3_hist_ice_extrap",48.0613229003906,0.301090449094772
"species_3_hist_ice_extrap",48.3323453979492,0.301090449094772
"species_3_hist_ice_extrap",48.6033678955078,0.301090449094772
"species_3_hist_ice_extrap",48.8743903930664,0.301090449094772
"species_3_hist_ice_extrap",49.145412890625,0.301090449094772
"species_3_hist_ice_extrap",49.4164353881836,0.301090449094772
"species_3_hist_ice_extrap",49.6874578857422,0.301090449094772
"species_3_hist_ice_extrap",49.9584803833008,0.301090449094772
"species_3_hist_ice_extrap",50.2295028808594,0.301090449094772
"species_3_hist_ice_extrap",50.5005253784179,0.301090449094772
"species_3_hist_ice_extrap",50.7715478759765,0.301090449094772
"species_3_hist_ice_extrap",51.0425703735351,0.301090449094772
"species_3_hist_ice_extrap",51.3135928710937,0.301090449094772
"species_3_hist_ice_extrap",51.5846153686523,0.301090449094772
"species_3_hist_ice_extrap",51.8556378662109,0.301090449094772
"species_3_hist_ice_extrap",52.1266603637695,0.301090449094772
"species_3_hist_ice_extrap",52.3976828613281,0.301090449094772
"species_3_hist_ice_extrap",52.6687053588867,0.301090449094772
"species_3_hist_ice_extrap",52.9397278564453,0.301090449094772
"species_3_hist_ice_extrap",53.2107503540039,0.301090449094772
"species_3_hist_ice_extrap",53.4817728515625,0.301090449094772
"species_3_hist_ice_extrap",53.7527953491211,0.301090449094772
"species_3_hist_ice_extrap",54.0238178466797,0.301090449094772
"species_3_hist_ice_extrap",54.2948403442383,0.301090449094772
"species_3_hist_ice_extrap",54.5658628417968,0.301090449094772
"species_3_hist_ice_extrap",54.8368853393554,0.301090449094772
"species_3_hist_ice_extrap",55.107907836914,0.301090449094772
"species_3_hist_ice_extrap",55.3789303344726,0.301090449094772
"species_3_hist_ice_extrap",55.6499528320312,0.301090449094772
"species_3_hist_ice_extrap",55.9209753295898,0.301090449094772
"species_3_hist_ice_extrap",56.1919978271484,0.301090449094772
"species_3_hist_ice_extrap",56.463020324707,0.301090449094772
"species_3_hist_ice_extrap",56.7340428222656,0.301090449094772
"species_3_hist_ice_extrap",57.0050653198242,0.301090449094772
"species_3_hist_ice_extrap",57.2760878173828,0.301090449094772
"species_3_hist_ice_extrap",57.5471103149414,0.301090449094772
"species_3_hist_ice_extrap",57.8181328125,0.301090449094772
"species_3_hist_ice_extrap",58.0891553100586,0.301090449094772
"species_3_hist_ice_extrap",58.3601778076171,0.301090449094772
"species_3_hist_ice_extrap",58.6312003051758,0.301090449094772
"species_3_hist_ice_extrap",58.9022228027343,0.301090449094772
"species_3_hist_ice_extrap",59.173245300293,0.301090449094772
"species_3_hist_ice_extrap",59.4442677978515,0.301090449094772
"species_3_hist_ice_extrap",59.7152902954101,0.301090449094772
"species_3_hist_ice_extrap",59.9863127929687,0.301090449094772
"species_3_hist_ice_extrap",60.2573352905273,0.301090449094772
"species_3_hist_ice_extrap",60.5283577880859,0.301090449094772
"species_3_hist_ice_extrap",60.7993802856445,0.301090449094772
"species_3_hist_ice_extrap",61.0704027832031,0.301090449094772
"species_3_hist_ice_extrap",61.3414252807617,0.301090449094772
"species_3_hist_ice_extrap",61.6124477783203,0.301090449094772
"species_3_hist_ice_extrap",61.8834702758789,0.301090449094772
"species_3_hist_ice_extrap",62.1544927734375,0.301090449094772
"species_3_hist_ice_extrap",62.4255152709961,0.301090449094772
"species_3_hist_ice_extrap",62.6965377685547,0.301090449094772
"species_3_hist_ice_extrap",62.9675602661133,0.301090449094772
"species_3_hist_ice_extrap",63.2385827636718,0.301090449094772
"species_3_hist_ice_extrap",63.5096052612304,0.301090449094772
"species_3_hist_ice_extrap",63.780627758789,0.301090449094772
"species_3_hist_ice_extrap",64.0516502563476,0.301090449094772
"species_3_hist_ice_extrap",64.3226727539062,0.301090449094772
"species_3_hist_ice_extrap",64.5936952514648,0.301090449094772
"species_3_hist_ice_extrap",64.8647177490234,0.301090449094772
"species_3_hist_ice_extrap",65.135740246582,0.301090449094772
"species_3_hist_ice_extrap",65.4067627441406,0.301090449094772
"species_3_hist_ice_extrap",65.6777852416992,0.301090449094772
"species_3_hist_ice_extrap",65.9488077392578,0.301090449094772
"species_3_hist_ice_extrap",66.2198302368164,0.301090449094772
"species_3_hist_ice_extrap",66.490852734375,0.301090449094772
"species_3_hist_ice_extrap",66.7618752319336,0.301090449094772
"species_3_hist_ice_extrap",67.0328977294921,0.301090449094772
"species_3_hist_ice_extrap",67.3039202270507,0.301090449094772
"species_3_hist_ice_extrap",67.5749427246093,0.301090449094772
"species_3_hist_ice_extrap",67.8459652221679,0.301090449094772
"species_3_hist_ice_extrap",68.1169877197265,0.301090449094772
"species_3_hist_ice_extrap",68.3880102172851,0.301090449094772
"species_3_hist_ice_extrap",68.6590327148437,0.301090449094772
"species_3_hist_ice_extrap",68.9300552124023,0.301090449094772
"species_3_hist_ice_extrap",69.2010777099609,0.301090449094772
"species_3_hist_ice_extrap",69.4721002075195,0.301090449094772
"species_3_hist_ice_extrap",69.7431227050781,0.301090449094772
"species_3_hist_ice_extrap",70.0141452026367,0.301090449094772
"species_3_hist_ice_extrap",70.2851677001953,0.301090449094772
"species_3_hist_ice_extrap",70.5561901977539,0.301090449094772
"species_3_hist_ice_extrap",70.8272126953125,0.301090449094772
"species_3_hist_ice_extrap",71.0982351928711,0.301090449094772
"species_3_hist_ice_extrap",71.3692576904296,0.301090449094772
"species_3_hist_ice_extrap",71.6402801879883,0.301090449094772
"species_3_hist_ice_extrap",71.9113026855468,0.301090449094772
"species_3_hist_ice_extrap",72.1823251831054,0.301090449094772
"species_3_hist_ice_extrap",72.453347680664,0.301090449094772
"species_3_hist_ice_extrap",72.7243701782226,0.301090449094772
"species_3_hist_ice_extrap",72.9953926757812,0.301090449094772
"species_3_hist_ice_extrap",73.2664151733398,0.301090449094772
"species_3_hist_ice_extrap",73.5374376708984,0.301090449094772
"species_3_hist_ice_extrap",73.808460168457,0.301090449094772
"species_3_hist_ice_extrap",74.0794826660156,0.301090449094772
"species_3_hist_ice_extrap",74.3505051635742,0.301090449094772
"species_3_hist_ice_extrap",74.6215276611328,0.301090449094772
"species_3_hist_ice_extrap",74.8925501586914,0.301090449094772
"species_3_hist_ice_extrap",75.16357265625,0.301090449094772
"species_3_hist_ice_extrap",75.4345951538086,0.301090449094772
"species_3_hist_ice_extrap",75.7056176513671,0.301090449094772
"species_3_hist_ice_extrap",75.9766401489258,0.301090449094772
"species_3_hist_ice_extrap",76.2476626464843,0.301090449094772
"species_3_hist_ice_extrap",76.5186851440429,0.301090449094772
"species_3_hist_ice_extrap",76.7897076416015,0.301090449094772
"species_3_hist_ice_extrap",77.0607301391601,0.301090449094772
"species_3_hist_ice_extrap",77.3317526367187,0.301090449094772
"species_3_hist_ice_extrap",77.6027751342773,0.301090449094772
"species_3_hist_ice_extrap",77.8737976318359,0.301090449094772
"species_3_hist_ice_extrap",78.1448201293945,0.301090449094772
"species_3_hist_ice_extrap",78.4158426269531,0.301090449094772
"species_3_hist_ice_extrap",78.6868651245117,0.301090449094772
"species_3_hist_ice_extrap",78.9578876220703,0.301090449094772
"species_3_hist_ice_extrap",79.2289101196289,0.301090449094772
"species_3_hist_ice_extrap",79.4999326171875,0.301090449094772
"species_3_hist_ice_extrap",79.770955114746,0.301090449094772
"species_3_hist_ice_extrap",80.0419776123046,0.301090449094772
"species_3_hist_ice_extrap",80.3130001098632,0.301090449094772
"species_3_hist_ice_extrap",80.5840226074218,0.301090449094772
"species_3_hist_ice_extrap",80.8550451049804,0.301090449094772
"species_3_hist_ice_extrap",81.126067602539,0.30534902215004
"species_3_hist_ice_extrap",81.3970901000976,0.31136366724968
"species_3_hist_ice_extrap",81.6681125976562,0.317586928606033
"species_3_hist_ice_extrap",81.9391350952148,0.323876649141312
"species_3_hist_ice_extrap",82.2101575927734,0.330230832099914
"species_3_hist_ice_extrap",82.481180090332,0.33664745092392
"species_3_hist_ice_extrap",82.7522025878906,0.343125015497208
"species_3_hist_ice_extrap",83.0232250854492,0.349661380052567
"species_3_hist_ice_extrap",83.2942475830078,0.356254875659943
"species_3_hist_ice_extrap",83.5652700805664,0.362903147935867
"species_3_hist_ice_extrap",83.836292578125,0.369604468345642
"species_3_hist_ice_extrap",84.1073150756836,0.376356214284897
"species_3_hist_ice_extrap",84.3783375732421,0.383156329393387
"species_3_hist_ice_extrap",84.6493600708007,0.390002697706222
"species_3_hist_ice_extrap",84.9203825683593,0.396892458200455
"species_3_hist_ice_extrap",85.1914050659179,0.403823584318161
"species_3_hist_ice_extrap",85.4624275634765,0.410793095827103
"species_3_hist_ice_extrap",85.7334500610351,0.417798787355423
"species_3_hist_ice_extrap",86.0044725585937,0.424837619066238
"species_3_hist_ice_extrap",86.2754950561523,0.431907266378403
"species_3_hist_ice_extrap",86.5465175537109,0.439004570245743
"species_3_hist_ice_extrap",86.8175400512695,0.446127086877823
"species_3_hist_ice_extrap",87.0885625488281,0.453271597623825
"species_3_hist_ice_extrap",87.3595850463867,0.460435628890991
"species_3_hist_ice_extrap",87.6306075439453,0.467615842819214
"species_3_hist_ice_extrap",87.9016300415039,0.474809467792511
"species_3_hist_ice_extrap",88.1726525390625,0.482013791799545
"species_3_hist_ice_extrap",88.4436750366211,0.489225387573242
"species_3_hist_ice_extrap",88.7146975341796,0.496441692113876
"species_3_hist_ice_extrap",88.9857200317382,0.503659248352051
"species_3_hist_ice_extrap",89.2567425292968,0.510875523090363
"species_3_hist_ice_extrap",89.5277650268554,0.518087029457092
"species_3_hist_ice_extrap",89.798787524414,0.525291204452515
"species_3_hist_ice_extrap",90.0698100219726,0.532484710216522
"species_3_hist_ice_extrap",90.3408325195312,0.5396648645401
"species_3_hist_ice_extrap",90.6118550170898,0.54682844877243
"species_3_hist_ice_extrap",90.8828775146484,0.553972899913788
"species_3_hist_ice_extrap",91.153900012207,0.561094880104065
"species_3_hist_ice_extrap",91.4249225097656,0.568191826343536
"species_3_hist_ice_extrap",91.6959450073242,0.575261056423187
"species_3_hist_ice_extrap",91.9669675048828,0.582299411296844
"species_3_hist_ice_extrap",92.2379900024414,0.589304625988007
"species_3_hist_ice_extrap",92.5090125,0.59627366065979
"species_3_hist_ice_extrap",92.7800349975585,0.603204190731049
"species_3_hist_ice_extrap",93.0510574951171,0.610093355178833
"species_3_hist_ice_extrap",93.3220799926757,0.616939067840576
"species_3_hist_ice_extrap",93.5931024902343,0.623738586902618
"species_3_hist_ice_extrap",93.8641249877929,0.630489826202393
"species_3_hist_ice_extrap",94.1351474853515,0.637190222740173
"species_3_hist_ice_extrap",94.4061699829101,0.643837928771973
"species_3_hist_ice_extrap",94.6771924804687,0.65043044090271
"species_3_hist_ice_extrap",94.9482149780273,0.656965970993042
"species_3_hist_ice_extrap",95.2192374755859,0.663442730903625
"species_3_hist_ice_extrap",95.4902599731445,0.669858455657959
"species_3_hist_ice_extrap",95.7612824707031,0.676211774349213
"species_3_hist_ice_extrap",96.0323049682617,0.682500600814819
"species_3_hist_ice_extrap",96.3033274658203,0.688723623752594
"species_3_hist_ice_extrap",96.5743499633788,0.694879114627838
"species_3_hist_ice_extrap",96.8453724609374,0.700965821743011
"species_3_hist_ice_extrap",97.116394958496,0.70698219537735
"species_3_hist_ice_extrap",97.3874174560546,0.712927222251892
"species_3_hist_ice_extrap",97.6584399536132,0.718799471855164
"species_3_hist_ice_extrap",97.9294624511718,0.724598169326782
"species_3_hist_ice_extrap",98.2004849487304,0.730322003364563
"species_3_hist_ice_extrap",98.471507446289,0.735970199108124
"species_3_hist_ice_extrap",98.7425299438476,0.741542100906372
"species_3_hist_ice_extrap",99.0135524414062,0.747036755084991
"species_3_hist_ice_extrap",99.2845749389648,0.752453684806824
"species_3_hist_ice_extrap",99.5555974365234,0.757792055606842
"species_3_hist_ice_extrap",99.826619934082,0.763051748275757
"species_3_hist_ice_extrap",100.097642431641,0.768231987953186
"species_3_hist_ice_extrap",100.368664929199,0.77333277463913
"species_3_hist_ice_extrap",100.639687426758,0.77835351228714
"species_3_hist_ice_extrap",100.910709924316,0.783294379711151
"species_3_hist_ice_extrap",101.181732421875,0.78815495967865
"species_3_hist_ice_extrap",101.452754919434,0.792935311794281
"species_3_hist_ice_extrap",101.723777416992,0.797635614871979
"species_3_hist_ice_extrap",101.994799914551,0.802255690097809
"species_3_hist_ice_extrap",102.265822412109,0.80679601430893
"species_3_hist_ice_extrap",102.536844909668,0.811256468296051
"species_3_hist_ice_extrap",102.807867407227,0.815637588500977
"species_3_hist_ice_extrap",103.078889904785,0.819939494132996
"species_3_hist_ice_extrap",103.349912402344,0.824162721633911
"species_3_hist_ice_extrap",103.620934899902,0.828307569026947
"species_3_hist_ice_extrap",103.891957397461,0.832374691963196
"species_3_hist_ice_extrap",104.162979895019,0.836364388465881
"species_3_hist_ice_extrap",104.434002392578,0.840277433395386
"species_3_hist_ice_extrap",104.705024890137,0.844114243984222
"species_3_hist_ice_extrap",104.976047387695,0.847875595092773
"species_3_hist_ice_extrap",105.247069885254,0.851562261581421
"species_3_hist_ice_extrap",105.518092382812,0.855174720287323
"species_3_hist_ice_extrap",105.789114880371,0.858713924884796
"species_3_hist_ice_extrap",106.06013737793,0.862180531024933
"species_3_hist_ice_extrap",106.331159875488,0.86557549238205
"species_3_hist_ice_extrap",106.602182373047,0.868899405002594
"species_3_hist_ice_extrap",106.873204870605,0.872153401374817
"species_3_hist_ice_extrap",107.144227368164,0.875338077545166
"species_3_hist_ice_extrap",107.415249865723,0.878454625606537
"species_3_hist_ice_extrap",107.686272363281,0.881503701210022
"species_3_hist_ice_extrap",107.95729486084,0.884486377239227
"species_3_hist_ice_extrap",108.228317358398,0.887403547763824
"species_3_hist_ice_extrap",108.499339855957,0.89025616645813
"species_3_hist_ice_extrap",108.770362353516,0.89304530620575
"species_3_hist_ice_extrap",109.041384851074,0.89577180147171
"species_3_hist_ice_extrap",109.312407348633,0.898436725139618
"species_3_hist_ice_extrap",109.583429846191,0.901040971279144
"species_3_hist_ice_extrap",109.85445234375,0.903585731983185
"species_3_hist_ice_extrap",110.125474841309,0.906071782112122
"species_3_hist_ice_extrap",110.396497338867,0.908500254154205
"species_3_hist_ice_extrap",110.667519836426,0.910872101783752
"species_3_hist_ice_extrap",110.938542333984,0.913188338279724
"species_3_hist_ice_extrap",111.209564831543,0.915449976921082
"species_3_hist_ice_extrap",111.480587329102,0.917658030986786
"species_3_hist_ice_extrap",111.75160982666,0.919813394546509
"species_3_hist_ice_extrap",112.022632324219,0.921917200088501
"species_3_hist_ice_extrap",112.293654821777,0.923970401287079
"species_3_hist_ice_extrap",112.564677319336,0.925973892211914
"species_3_hist_ice_extrap",112.835699816894,0.927928745746612
"species_3_hist_ice_extrap",113.106722314453,0.928569674491882
"species_3_hist_ice_extrap",113.377744812012,0.928569674491882
"species_3_hist_ice_extrap",113.64876730957,0.928569674491882
"species_3_hist_ice_extrap",113.919789807129,0.928569674491882
"species_3_hist_ice_extrap",114.190812304687,0.928569674491882
"species_3_hist_ice_extrap",114.461834802246,0.928569674491882
"species_3_hist_ice_extrap",114.732857299805,0.928569674491882
"species_3_hist_ice_extrap",115.003879797363,0.928569674491882
"species_3_hist_ice_extrap",115.274902294922,0.928569674491882
"species_3_hist_ice_extrap",115.54592479248,0.928569674491882
"species_3_hist_ice_extrap",115.816947290039,0.928569674491882
"species_3_hist_ice_extrap",116.087969787598,0.928569674491882
"species_3_hist_ice_extrap",116.358992285156,0.928569674491882
"species_3_hist_ice_extrap",116.630014782715,0.928569674491882
"species_3_hist_ice_extrap",116.901037280273,0.928569674491882
"species_3_hist_ice_extrap",117.172059777832,0.928569674491882
"species_3_hist_ice_extrap",117.443082275391,0.928569674491882
"species_3_hist_ice_extrap",117.714104772949,0.928569674491882
"species_3_hist_ice_extrap",117.985127270508,0.928569674491882
"species_3_hist_ice_extrap",118.256149768066,0.928569674491882
"species_3_hist_ice_extrap",118.527172265625,0.928569674491882
"species_3_hist_ice_extrap",118.798194763184,0.928569674491882
"species_3_hist_ice_extrap",119.069217260742,0.928569674491882
"species_3_hist_ice_extrap",119.340239758301,0.928569674491882
"species_3_hist_ice_extrap",119.611262255859,0.928569674491882
"species_3_hist_ice_extrap",119.882284753418,0.928569674491882
"species_3_hist_ice_extrap",120.153307250976,0.928569674491882
"species_3_hist_ice_extrap",120.424329748535,0.928569674491882
"species_3_hist_ice_extrap",120.695352246094,0.928569674491882
"species_3_hist_ice_extrap",120.966374743652,0.928569674491882
"species_3_hist_ice_extrap",121.237397241211,0.928569674491882
"species_3_hist_ice_extrap",121.508419738769,0.928569674491882
"species_3_hist_ice_extrap",121.779442236328,0.928569674491882
"species_3_hist_ice_extrap",122.050464733887,0.928569674491882
"species_3_hist_ice_extrap",122.321487231445,0.928569674491882
"species_3_hist_ice_extrap",122.592509729004,0.928569674491882
"species_3_hist_ice_extrap",122.863532226562,0.928569674491882
"species_3_hist_ice_extrap",123.134554724121,0.928569674491882
"species_3_hist_ice_extrap",123.40557722168,0.928569674491882
"species_3_hist_ice_extrap",123.676599719238,0.928569674491882
"species_3_hist_ice_extrap",123.947622216797,0.928569674491882
"species_3_hist_ice_extrap",124.218644714355,0.928569674491882
"species_4_bathy_extrap_only",-22.4101971507073,0.67377519607544
"species_4_bathy_extrap_only",-21.8446017467499,0.67377519607544
"species_4_bathy_extrap_only",-21.2790063427925,0.67377519607544
"species_4_bathy_extrap_only",-20.7134109388352,0.67377519607544
"species_4_bathy_extrap_only",-20.1478155348778,0.67377519607544
"species_4_bathy_extrap_only",-19.5822201309204,0.67377519607544
"species_4_bathy_extrap_only",-19.0166247269631,0.67377519607544
"species_4_bathy_extrap_only",-18.4510293230057,0.67377519607544
"species_4_bathy_extrap_only",-17.8854339190483,0.67377519607544
"species_4_bathy_extrap_only",-17.319838515091,0.67377519607544
"species_4_bathy_extrap_only",-16.7542431111336,0.67377519607544
"species_4_bathy_extrap_only",-16.1886477071762,0.67377519607544
"species_4_bathy_extrap_only",-15.6230523032189,0.67377519607544
"species_4_bathy_extrap_only",-15.0574568992615,0.67377519607544
"species_4_bathy_extrap_only",-14.4918614953041,0.67377519607544
"species_4_bathy_extrap_only",-13.9262660913467,0.67377519607544
"species_4_bathy_extrap_only",-13.3606706873894,0.67377519607544
"species_4_bathy_extrap_only",-12.795075283432,0.67377519607544
"species_4_bathy_extrap_only",-12.2294798794746,0.67377519607544
"species_4_bathy_extrap_only",-11.6638844755173,0.67377519607544
"species_4_bathy_extrap_only",-11.0982890715599,0.67377519607544
"species_4_bathy_extrap_only",-10.5326936676025,0.67377519607544
"species_4_bathy_extrap_only",-9.96709826364518,0.67377519607544
"species_4_bathy_extrap_only",-9.40150285968781,0.67377519607544
"species_4_bathy_extrap_only",-8.83590745573045,0.67377519607544
"species_4_bathy_extrap_only",-8.27031205177308,0.67377519607544
"species_4_bathy_extrap_only",-7.70471664781571,0.67377519607544
"species_4_bathy_extrap_only",-7.13912124385834,0.67377519607544
"species_4_bathy_extrap_only",-6.57352583990098,0.67377519607544
"species_4_bathy_extrap_only",-6.00793043594361,0.67377519607544
"species_4_bathy_extrap_only",-5.44233503198624,0.67377519607544
"species_4_bathy_extrap_only",-4.87673962802888,0.67377519607544
"species_4_bathy_extrap_only",-4.31114422407151,0.67377519607544
"species_4_bathy_extrap_only",-3.74554882011414,0.67377519607544
"species_4_bathy_extrap_only",-3.17995341615678,0.67377519607544
"species_4_bathy_extrap_only",-2.61435801219941,0.67377519607544
"species_4_bathy_extrap_only",-2.04876260824204,0.67377519607544
"species_4_bathy_extrap_only",-1.48316720428468,0.67377519607544
"species_4_bathy_extrap_only",-0.917571800327309,0.67377519607544
"species_4_bathy_extrap_only",-0.351976396369938,0.67377519607544
"species_4_bathy_extrap_only",0.213619007587425,0.67377519607544
"species_4_bathy_extrap_only",0.779214411544793,0.67377519607544
"species_4_bathy_extrap_only",1.34480981550216,0.68301510810852
"species_4_bathy_extrap_only",1.91040521945953,0.709863603115082
"species_4_bathy_extrap_only",2.47600062341689,0.735319256782532
"species_4_bathy_extrap_only",3.04159602737426,0.759298861026764
"species_4_bathy_extrap_only",3.60719143133163,0.781750738620758
"species_4_bathy_extrap_only",4.17278683528899,0.778228759765625
"species_4_bathy_extrap_only",4.73838223924636,0.762103199958801
"species_4_bathy_extrap_only",5.30397764320373,0.745189011096954
"species_4_bathy_extrap_only",5.8695730471611,0.727502226829529
"species_4_bathy_extrap_only",6.43516845111846,0.709067046642303
"species_4_bathy_extrap_only",7.00076385507583,0.68991631269455
"species_4_bathy_extrap_only",7.5663592590332,0.670091509819031
"species_4_bathy_extrap_only",8.13195466299057,0.649642884731293
"species_4_bathy_extrap_only",8.69755006694793,0.628629207611084
"species_4_bathy_extrap_only",9.2631454709053,0.607117414474487
"species_4_bathy_extrap_only",9.82874087486266,0.585181772708893
"species_4_bathy_extrap_only",10.39433627882,0.562903165817261
"species_4_bathy_extrap_only",10.9599316827774,0.540367901325226
"species_4_bathy_extrap_only",11.5255270867348,0.517666280269623
"species_4_bathy_extrap_only",12.0911224906921,0.494891494512558
"species_4_bathy_extrap_only",12.6567178946495,0.472137898206711
"species_4_bathy_extrap_only",13.2223132986069,0.449499517679214
"species_4_bathy_extrap_only",13.7879087025642,0.42706835269928
"species_4_bathy_extrap_only",14.3535041065216,0.4049331843853
"species_4_bathy_extrap_only",14.919099510479,0.383177995681763
"species_4_bathy_extrap_only",15.4846949144363,0.361880868673325
"species_4_bathy_extrap_only",16.0502903183937,0.34111276268959
"species_4_bathy_extrap_only",16.6158857223511,0.320937186479568
"species_4_bathy_extrap_only",17.1814811263084,0.30140894651413
"species_4_bathy_extrap_only",17.7470765302658,0.282574534416199
"species_4_bathy_extrap_only",18.3126719342232,0.264471471309662
"species_4_bathy_extrap_only",18.8782673381805,0.247128665447235
"species_4_bathy_extrap_only",19.4438627421379,0.230566620826721
"species_4_bathy_extrap_only",20.0094581460953,0.217140063643456
"species_4_bathy_extrap_only",20.5750535500526,0.208719938993454
"species_4_bathy_extrap_only",21.14064895401,0.201241850852966
"species_4_bathy_extrap_only",21.7062443579674,0.193966045975685
"species_4_bathy_extrap_only",22.2718397619247,0.186891719698906
"species_4_bathy_extrap_only",22.8374351658821,0.180017784237862
"species_4_bathy_extrap_only",23.4030305698395,0.173342764377594
"species_4_bathy_extrap_only",23.9686259737968,0.166864901781082
"species_4_bathy_extrap_only",24.5342213777542,0.160582080483437
"species_4_bathy_extrap_only",25.0998167817116,0.15449196100235
"species_4_bathy_extrap_only",25.6654121856689,0.148591920733452
"species_4_bathy_extrap_only",26.2310075896263,0.142879128456116
"species_4_bathy_extrap_only",26.7966029935837,0.137350559234619
"species_4_bathy_extrap_only",27.362198397541,0.132002949714661
"species_4_bathy_extrap_only",27.9277938014984,0.12683293223381
"species_4_bathy_extrap_only",28.4933892054558,0.121836982667446
"species_4_bathy_extrap_only",29.0589846094131,0.117011450231075
"species_4_bathy_extrap_only",29.6245800133705,0.112352587282658
"species_4_bathy_extrap_only",30.1901754173279,0.107856564223766
"species_4_bathy_extrap_only",30.7557708212852,0.103519476950169
"species_4_bathy_extrap_only",31.3213662252426,0.0993373766541481
"species_4_bathy_extrap_only",31.8869616292,0.0953062623739243
"species_4_bathy_extrap_only",32.4525570331573,0.0914221256971359
"species_4_bathy_extrap_only",33.0181524371147,0.0876809284090996
"species_4_bathy_extrap_only",33.5837478410721,0.0840786844491959
"species_4_bathy_extrap_only",34.1493432450294,0.0806113630533218
"species_4_bathy_extrap_only",34.7149386489868,0.0772749409079552
"species_4_bathy_extrap_only",35.2805340529442,0.0740655064582825
"species_4_bathy_extrap_only",35.8461294569016,0.0709790885448456
"species_4_bathy_extrap_only",36.4117248608589,0.0680118650197983
"species_4_bathy_extrap_only",36.9773202648163,0.0651599690318108
"species_4_bathy_extrap_only",37.5429156687737,0.0624196603894234
"species_4_bathy_extrap_only",38.108511072731,0.0597872100770473
"species_4_bathy_extrap_only",38.6741064766884,0.0572590157389641
"species_4_bathy_extrap_only",39.2397018806457,0.0548314973711967
"species_4_bathy_extrap_only",39.8052972846031,0.0525011457502842
"species_4_bathy_extrap_only",40.3708926885605,0.050264585763216
"species_4_bathy_extrap_only",40.9364880925178,0.0481184460222721
"species_4_bathy_extrap_only",41.5020834964752,0.0460595116019249
"species_4_bathy_extrap_only",42.0676789004326,0.0440845862030983
"species_4_bathy_extrap_only",42.63327430439,0.0421906039118767
"species_4_bathy_extrap_only",43.1988697083473,0.040374543517828
"species_4_bathy_extrap_only",43.7644651123047,0.0386335141956806
"species_4_bathy_extrap_only",44.3300605162621,0.0369646698236466
"species_4_bathy_extrap_only",44.8956559202194,0.0353652499616146
"species_4_bathy_extrap_only",45.4612513241768,0.0338326171040535
"species_4_bathy_extrap_only",46.0268467281342,0.0323641635477543
"species_4_bathy_extrap_only",46.5924421320915,0.0309574138373136
"species_4_bathy_extrap_only",47.1580375360489,0.0296099297702312
"species_4_bathy_extrap_only",47.7236329400063,0.0283193923532963
"species_4_bathy_extrap_only",48.2892283439636,0.027083532884717
"species_4_bathy_extrap_only",48.854823747921,0.0259001608937979
"species_4_bathy_extrap_only",49.4204191518784,0.0247671864926815
"species_4_bathy_extrap_only",49.9860145558357,0.0236825589090586
"species_4_bathy_extrap_only",50.5516099597931,0.0226443354040384
"species_4_bathy_extrap_only",51.1172053637505,0.0216506123542786
"species_4_bathy_extrap_only",51.6828007677078,0.0206995774060488
"species_4_bathy_extrap_only",52.2483961716652,0.0197894684970379
"species_4_bathy_extrap_only",52.8139915756226,0.0189186092466116
"species_4_bathy_extrap_only",53.3795869795799,0.0180853642523289
"species_4_bathy_extrap_only",53.9451823835373,0.0172881670296192
"species_4_bathy_extrap_only",54.5107777874947,0.0165255218744278
"species_4_bathy_extrap_only",55.076373191452,0.0157959759235382
"species_4_bathy_extrap_only",55.6419685954094,0.0150981470942497
"species_4_bathy_extrap_only",56.2075639993668,0.0144306905567646
"species_4_bathy_extrap_only",56.7731594033241,0.0137923313304782
"species_4_bathy_extrap_only",57.3387548072815,0.0131818288937211
"species_4_bathy_extrap_only",57.9043502112389,0.0125980088487267
"species_4_bathy_extrap_only",58.4699456151962,0.0120397303253412
"species_4_bathy_extrap_only",59.0355410191536,0.0115058999508619
"species_4_bathy_extrap_only",59.601136423111,0.0109954783692956
"species_4_bathy_extrap_only",60.1667318270683,0.0105074569582939
"species_4_bathy_extrap_only",60.7323272310257,0.0100408783182502
"species_4_bathy_extrap_only",61.2979226349831,0.00959481485188007
"species_4_bathy_extrap_only",61.8635180389404,0.00916838645935059
"species_4_bathy_extrap_only",62.4291134428978,0.00876074004918337
"species_4_bathy_extrap_only",62.9947088468552,0.00837106723338366
"species_4_bathy_extrap_only",63.5603042508125,0.00799858756363392
"species_4_bathy_extrap_only",64.1258996547699,0.00764255132526159
"species_4_bathy_extrap_only",64.6914950587273,0.00730224698781967
"species_4_bathy_extrap_only",65.2570904626846,0.00697699282318354
"species_4_bathy_extrap_only",65.822685866642,0.00666612479835749
"species_4_bathy_extrap_only",66.3882812705994,0.00636901939287782
"species_4_bathy_extrap_only",66.9538766745567,0.00608507404103875
"species_4_bathy_extrap_only",67.5194720785141,0.00581371737644076
"species_4_bathy_extrap_only",68.0850674824715,0.00555439060553908
"species_4_bathy_extrap_only",68.6506628864288,0.00530656985938549
"species_4_bathy_extrap_only",69.2162582903862,0.00506975268945098
"species_4_bathy_extrap_only",69.7818536943436,0.0048434492200613
"species_4_bathy_extrap_only",70.3474490983009,0.00462720077484846
"species_4_bathy_extrap_only",70.9130445022583,0.00442056450992823
"species_4_bathy_extrap_only",71.4786399062157,0.00422311946749687
"species_4_bathy_extrap_only",72.044235310173,0.00403445493429899
"species_4_bathy_extrap_only",72.6098307141304,0.00385418627411127
"species_4_bathy_extrap_only",73.1754261180878,0.0036819449160248
"species_4_bathy_extrap_only",73.7410215220451,0.00351737160235643
"species_4_bathy_extrap_only",74.3066169260025,0.00336012942716479
"species_4_bathy_extrap_only",74.8722123299599,0.00320989405736327
"species_4_bathy_extrap_only",75.4378077339172,0.00306635699234903
"species_4_bathy_extrap_only",76.0034031378746,0.00292921788059175
"species_4_bathy_extrap_only",76.568998541832,0.00279819499701262
"species_4_bathy_extrap_only",77.1345939457893,0.00267301872372627
"species_4_bathy_extrap_only",77.7001893497467,0.00255342619493604
"species_4_bathy_extrap_only",78.2657847537041,0.00243917107582092
"species_4_bathy_extrap_only",78.8313801576614,0.00233001657761633
"species_4_bathy_extrap_only",79.3969755616188,0.00222573732025921
"species_4_bathy_extrap_only",79.9625709655762,0.0021261137444526
"species_4_bathy_extrap_only",80.5281663695335,0.00203094026073813
"species_4_bathy_extrap_only",81.0937617734909,0.0019400188466534
"species_4_bathy_extrap_only",81.6593571774483,0.00185316137503833
"species_4_bathy_extrap_only",82.2249525814056,0.00177018472459167
"species_4_bathy_extrap_only",82.790547985363,0.00169091706629843
"species_4_bathy_extrap_only",83.3561433893204,0.00161519413813949
"species_4_bathy_extrap_only",83.9217387932777,0.00154285610187799
"species_4_bathy_extrap_only",84.4873341972351,0.00147375301457942
"species_4_bathy_extrap_only",85.0529296011925,0.00140774063766003
"species_4_bathy_extrap_only",85.6185250051498,0.00134468195028603
"species_4_bathy_extrap_only",86.1841204091072,0.00128444354049861
"species_4_bathy_extrap_only",86.7497158130646,0.00122690026182681
"species_4_bathy_extrap_only",87.315311217022,0.00117193267215043
"species_4_bathy_extrap_only",87.8809066209793,0.00111942423973233
"species_4_bathy_extrap_only",88.4465020249367,0.00106926599983126
"species_4_bathy_extrap_only",89.0120974288941,0.00102135294582695
"species_4_bathy_extrap_only",89.5776928328514,0.000975585251580924
"species_4_bathy_extrap_only",90.1432882368088,0.000931866001337767
"species_4_bathy_extrap_only",90.7088836407662,0.000890104158315808
"species_4_bathy_extrap_only",91.2744790447235,0.000850212352816015
"species_4_bathy_extrap_only",91.8400744486809,0.000812107406090945
"species_4_bathy_extrap_only",92.4056698526382,0.000775708467699587
"species_4_bathy_extrap_only",92.9712652565956,0.000740939693059772
"species_4_bathy_extrap_only",93.536860660553,0.000707728671841323
"species_4_bathy_extrap_only",94.1024560645104,0.000676004856359214
"species_4_bathy_extrap_only",94.6680514684677,0.000645702122710645
"species_4_bathy_extrap_only",95.2336468724251,0.000616756908129901
"species_4_bathy_extrap_only",95.7992422763824,0.000589108851272613
"species_4_bathy_extrap_only",96.3648376803398,0.000562699162401259
"species_4_bathy_extrap_only",96.9304330842972,0.000537472718860954
"species_4_bathy_extrap_only",97.4960284882546,0.000513377017341554
"species_4_bathy_extrap_only",98.0616238922119,0.000490360660478473
"species_4_bathy_extrap_only",98.6272192961693,0.000468375772470608
"species_4_bathy_extrap_only",99.1928147001267,0.000447376107331365
"species_4_bathy_extrap_only",99.758410104084,0.000427317805588245
"species_4_bathy_extrap_only",100.324005508041,0.000408158230129629
"species_4_bathy_extrap_only",100.889600911999,0.000389857363188639
"species_4_bathy_extrap_only",101.455196315956,0.000372376991435885
"species_4_bathy_extrap_only",102.020791719913,0.000355679891072214
"species_4_bathy_extrap_only",102.586387123871,0.000339731224812567
"species_4_bathy_extrap_only",103.151982527828,0.00032449746504426
"species_4_bathy_extrap_only",103.717577931786,0.000309946772176772
"species_4_bathy_extrap_only",104.283173335743,0.000296048179734498
"species_4_bathy_extrap_only",104.8487687397,0.000282772642094642
"species_4_bathy_extrap_only",105.414364143658,0.000270092248683795
"species_4_bathy_extrap_only",105.979959547615,0.000257980515016243
"species_4_bathy_extrap_only",106.545554951572,0.000246411596890539
"species_4_bathy_extrap_only",107.11115035553,0.00023536138178315
"species_4_bathy_extrap_only",107.676745759487,0.000224806717596948
"species_4_bathy_extrap_only",108.242341163445,0.00021472513617482
"species_4_bathy_extrap_only",108.807936567402,0.000205095580895431
"species_4_bathy_extrap_only",109.373531971359,0.000195897780940868
"species_4_bathy_extrap_only",109.939127375317,0.000187112513231114
"species_4_bathy_extrap_only",110.504722779274,0.000178721049451269
"species_4_bathy_extrap_only",111.070318183231,0.000170705854543485
"species_4_bathy_extrap_only",111.635913587189,0.000163050164701417
"species_4_bathy_extrap_only",112.201508991146,0.000155737667228095
"species_4_bathy_extrap_only",112.767104395103,0.000148753068060614
"species_4_bathy_extrap_only",113.332699799061,0.000142081669764593
"species_4_bathy_extrap_only",113.898295203018,0.000135709517053328
"species_4_bathy_extrap_only",114.463890606976,0.000129623032989912
"species_4_bathy_extrap_only",115.029486010933,0.000123809499200433
"species_4_bathy_extrap_only",115.59508141489,0.000118256655696314
"species_4_bathy_extrap_only",116.160676818848,0.000112952904601116
"species_4_bathy_extrap_only",116.726272222805,0.000107886931800749
"species_4_bathy_extrap_only",117.291867626762,0.000103048143500928
"species_4_bathy_extrap_only",117.85746303072,9.84264115686528e-05
"species_4_bathy_extrap_only",118.423058434677,9.40118989092298e-05
"species_4_bathy_extrap_only",118.988653838634,8.9795357780531e-05
"species_4_bathy_extrap_only",119.554249242592,8.57679187902249e-05
"species_4_bathy_extrap_only",120.119844646549,8.19211491034366e-05
"species_4_bathy_extrap_only",120.685440050507,7.82468487159349e-05
"species_4_bathy_extrap_only",121.251035454464,7.47373342164792e-05
"species_4_bathy_extrap_only",121.816630858421,7.13852641638368e-05
"species_4_bathy_extrap_only",122.382226262379,6.8183486291673e-05
"species_4_bathy_extrap_only",122.947821666336,6.51252994430251e-05
"species_4_bathy_extrap_only",123.513417070293,6.22042789473198e-05
"species_4_bathy_extrap_only",124.079012474251,5.94142948102672e-05
"species_4_bathy_extrap_only",124.644607878208,5.6749409850454e-05
"species_4_bathy_extrap_only",125.210203282166,5.42040434083901e-05
"species_4_bathy_extrap_only",125.775798686123,5.17728694831021e-05
"species_4_bathy_extrap_only",126.34139409008,4.94507039547898e-05
"species_4_bathy_extrap_only",126.906989494038,4.72326901217457e-05
"species_4_bathy_extrap_only",127.472584897995,4.51141531812027e-05
"species_4_bathy_extrap_only",128.038180301952,4.30906657129526e-05
"species_4_bathy_extrap_only",128.60377570591,4.11579057981726e-05
"species_4_bathy_extrap_only",129.169371109867,3.93118352803867e-05
"species_4_bathy_extrap_only",129.734966513824,3.75485615222715e-05
"species_4_bathy_extrap_only",130.300561917782,3.58643737854436e-05
"species_4_bathy_extrap_only",130.866157321739,3.42557686963119e-05
"species_4_bathy_extrap_only",131.431752725697,3.27192719851155e-05
"species_4_bathy_extrap_only",131.997348129654,3.12516895064618e-05
"species_4_bathy_extrap_only",132.562943533611,2.98499307973543e-05
"species_4_bathy_extrap_only",133.128538937569,2.85110454569804e-05
"species_4_bathy_extrap_only",133.694134341526,2.7232212232775e-05
"species_4_bathy_extrap_only",134.259729745483,2.60107390204212e-05
"species_4_bathy_extrap_only",134.825325149441,2.48440519499127e-05
"species_4_bathy_extrap_only",135.390920553398,2.37297244893853e-05
"species_4_bathy_extrap_only",135.956515957356,2.26653464778792e-05
"species_4_bathy_extrap_only",136.522111361313,2.1648711481248e-05
"species_4_bathy_extrap_only",137.08770676527,2.06776749109849e-05
"species_4_bathy_extrap_only",137.653302169228,1.97501922230003e-05
"species_4_bathy_extrap_only",138.218897573185,1.88643116416642e-05
"species_4_bathy_extrap_only",138.784492977142,1.80181650648592e-05
"species_4_bathy_extrap_only",139.3500883811,1.72099917108426e-05
"species_4_bathy_extrap_only",139.915683785057,1.64380471687764e-05
"species_4_bathy_extrap_only",140.481279189014,1.57007270900067e-05
"species_4_bathy_extrap_only",141.046874592972,1.49964798765723e-05
"species_4_bathy_extrap_only",141.612469996929,1.43238194141304e-05
"species_4_bathy_extrap_only",142.178065400887,1.36813314384199e-05
"species_4_bathy_extrap_only",142.743660804844,1.3067660802335e-05
"species_4_bathy_extrap_only",143.309256208801,1.24815314848092e-05
"species_4_bathy_extrap_only",143.874851612759,1.1921676559723e-05
"species_4_bathy_extrap_only",144.440447016716,1.13869336928474e-05
"species_4_bathy_extrap_only",145.006042420673,1.08761769297416e-05
"species_4_bathy_extrap_only",145.571637824631,1.03883294286788e-05
"species_4_bathy_extrap_only",146.137233228588,9.92236346064601e-06
"species_4_bathy_extrap_only",146.702828632545,9.47729859035462e-06
"species_4_bathy_extrap_only",147.268424036503,9.05220804270357e-06
"species_4_bathy_extrap_only",147.83401944046,8.64617322804406e-06
"species_4_bathy_extrap_only",148.399614844418,8.25835104478756e-06
"species_4_bathy_extrap_only",148.965210248375,7.88792385719717e-06
"species_4_bathy_extrap_only",149.530805652332,7.53411222831346e-06
"species_4_bathy_extrap_only",150.09640105629,7.19617082722834e-06
"species_4_bathy_extrap_only",150.661996460247,6.87338751959032e-06
"species_4_bathy_extrap_only",151.227591864204,6.5650910983095e-06
"species_4_bathy_extrap_only",151.793187268162,6.2706144490221e-06
"species_4_bathy_extrap_only",152.358782672119,5.98934684603591e-06
"species_4_bathy_extrap_only",152.924378076077,5.72069529880537e-06
"species_4_bathy_extrap_only",153.489973480034,5.46409364687861e-06
"species_4_bathy_extrap_only",154.055568883991,5.21900210515014e-06
"species_4_bathy_extrap_only",154.621164287949,4.98490408062935e-06
"species_4_bathy_extrap_only",155.186759691906,4.76131253890344e-06
"species_4_bathy_extrap_only",155.752355095863,4.54774408353842e-06
"species_4_bathy_extrap_only",156.317950499821,4.34375488111982e-06
"species_4_bathy_extrap_only",156.883545903778,4.14891610489576e-06
"species_4_bathy_extrap_only",157.449141307735,3.96281620851369e-06
"species_4_bathy_extrap_only",158.014736711693,3.78506433662551e-06
"species_4_bathy_extrap_only",158.58033211565,3.61528509529307e-06
"species_4_bathy_extrap_only",159.145927519608,3.45312150784594e-06
"species_4_bathy_extrap_only",159.711522923565,3.29823569700238e-06
"species_4_bathy_extrap_only",160.277118327522,3.15029342345952e-06
"species_4_bathy_extrap_only",160.84271373148,3.00898682326078e-06
"species_4_bathy_extrap_only",161.408309135437,2.87401871901238e-06
"species_4_bathy_extrap_only",161.973904539394,2.74510443887266e-06
"species_4_bathy_extrap_only",162.539499943352,2.62197249867313e-06
"species_4_bathy_extrap_only",163.105095347309,2.50436391979747e-06
"species_4_bathy_extrap_only",163.670690751266,2.39203336604987e-06
"species_4_bathy_extrap_only",164.236286155224,2.28473868446599e-06
"species_4_bathy_extrap_only",164.801881559181,2.18225659409654e-06
"species_4_bathy_extrap_only",165.367476963139,2.08437131732353e-06
"species_4_bathy_extrap_only",165.933072367096,1.99087662622333e-06
"species_4_bathy_extrap_only",166.498667771053,1.901575615193e-06
"species_4_bathy_extrap_only",167.064263175011,1.81628035988979e-06
"species_4_bathy_extrap_only",167.629858578968,1.7348130540995e-06
"species_4_bathy_extrap_only",168.195453982925,1.65699782428419e-06
"species_4_bathy_extrap_only",168.761049386883,1.5826730077606e-06
"species_4_bathy_extrap_only",169.32664479084,1.51168205775321e-06
"species_4_bathy_extrap_only",169.892240194798,1.44387547607039e-06
"species_4_bathy_extrap_only",170.457835598755,1.3791102446703e-06
"species_4_bathy_extrap_only",171.023431002712,1.31725016672135e-06
"species_4_bathy_extrap_only",171.58902640667,1.25816632134956e-06
"species_4_bathy_extrap_only",172.154621810627,1.20173103823618e-06
"species_4_bathy_extrap_only",172.720217214584,1.14782733362517e-06
"species_4_bathy_extrap_only",173.285812618542,1.096341406992e-06
"species_4_bathy_extrap_only",173.851408022499,1.04716480109346e-06
"species_4_bathy_extrap_only",174.417003426456,1.00019417459407e-06
"species_4_bathy_extrap_only",174.982598830414,9.55330278884503e-07
"species_4_bathy_extrap_only",175.548194234371,9.1248000444466e-07
"species_4_bathy_extrap_only",176.113789638329,8.71550582814962e-07
"species_4_bathy_extrap_only",176.679385042286,8.32457033084211e-07
"species_4_bathy_extrap_only",177.244980446243,7.95117102825316e-07
"species_4_bathy_extrap_only",177.810575850201,7.59452007059735e-07
"species_4_bathy_extrap_only",178.376171254158,7.25386712474574e-07
"species_4_bathy_extrap_only",178.941766658115,6.92849368988391e-07
"species_4_bathy_extrap_only",179.507362062073,6.61772332932742e-07
"species_4_bathy_extrap_only",180.07295746603,6.32088415386534e-07
"species_4_bathy_extrap_only",180.638552869987,6.0373605492714e-07
"species_4_bathy_extrap_only",181.204148273945,5.76655338591081e-07
"species_4_bathy_extrap_only",181.769743677902,5.50789422959497e-07
"species_4_bathy_extrap_only",182.33533908186,5.26083681506861e-07
"species_4_bathy_extrap_only",182.900934485817,5.02486102504918e-07
"species_4_bathy_extrap_only",183.466529889774,4.79947004805581e-07
"species_4_bathy_extrap_only",184.032125293732,4.58419492588291e-07
"species_4_bathy_extrap_only",184.597720697689,4.37857011093001e-07
"species_4_bathy_extrap_only",185.163316101646,4.18216870912147e-07
"species_4_bathy_extrap_only",185.728911505604,3.99457690036797e-07
"species_4_bathy_extrap_only",186.294506909561,3.81539962290844e-07
"species_4_bathy_extrap_only",186.860102313518,3.64425943644164e-07
"species_4_bathy_extrap_only",187.425697717476,3.48079538525781e-07
"species_4_bathy_extrap_only",187.991293121433,3.32466811414633e-07
"species_4_bathy_extrap_only",188.556888525391,3.175539404765e-07
"species_4_bathy_extrap_only",189.122483929348,3.03310031313231e-07
"species_4_bathy_extrap_only",189.688079333305,2.89705013756247e-07
"species_4_bathy_extrap_only",190.253674737263,2.76710238722444e-07
"species_4_bathy_extrap_only",190.81927014122,2.64298364527349e-07
"species_4_bathy_extrap_only",191.384865545177,2.52443214776576e-07
"species_4_bathy_extrap_only",191.950460949135,2.41120147848051e-07
"species_4_bathy_extrap_only",192.516056353092,2.30304650017388e-07
"species_4_bathy_extrap_only",193.08165175705,2.19974296555847e-07
"species_4_bathy_extrap_only",193.647247161007,2.10107316434005e-07
"species_4_bathy_extrap_only",194.212842564964,2.00682919171413e-07
"species_4_bathy_extrap_only",194.778437968922,1.91681252204035e-07
"species_4_bathy_extrap_only",195.344033372879,1.83083358251679e-07
"species_4_bathy_extrap_only",195.909628776836,1.7487134584826e-07
"species_4_bathy_extrap_only",196.475224180794,1.67027465636238e-07
"species_4_bathy_extrap_only",197.040819584751,1.59535417765255e-07
"species_4_bathy_extrap_only",197.606414988709,1.52379428186578e-07
"species_4_bathy_extrap_only",198.172010392666,1.45544433394207e-07
"species_4_bathy_extrap_only",198.737605796623,1.39016009370607e-07
"species_4_bathy_extrap_only",199.303201200581,1.32780428430124e-07
"species_4_bathy_extrap_only",199.868796604538,1.26824701851547e-07
"species_4_bathy_extrap_only",200.434392008495,1.21135954600504e-07
"species_4_bathy_extrap_only",200.999987412453,1.15702384562155e-07
"species_4_bathy_extrap_only",201.56558281641,1.10512530682172e-07
"species_4_bathy_extrap_only",202.131178220367,1.05555471918706e-07
"species_4_bathy_extrap_only",202.696773624325,1.00820763293541e-07
"species_4_bathy_extrap_only",203.262369028282,9.62984358920949e-08
"species_4_bathy_extrap_only",203.82796443224,9.19790679176913e-08
"species_4_bathy_extrap_only",204.393559836197,8.78533299442097e-08
"species_4_bathy_extrap_only",204.959155240154,8.39126528262568e-08
"species_4_bathy_extrap_only",205.524750644112,8.0148737424679e-08
"species_4_bathy_extrap_only",206.090346048069,7.65536540825451e-08
"species_4_bathy_extrap_only",206.655941452026,7.3119828414292e-08
"species_4_bathy_extrap_only",207.221536855984,6.98400270948696e-08
"species_4_bathy_extrap_only",207.787132259941,6.67074218085872e-08
"species_4_bathy_extrap_only",208.352727663898,6.37152481886005e-08
"species_4_bathy_extrap_only",208.918323067856,6.08572889859715e-08
"species_4_bathy_extrap_only",209.483918471813,5.81275294564421e-08
"species_4_bathy_extrap_only",210.049513875771,5.55202070984251e-08
"species_4_bathy_extrap_only",210.615109279728,5.30298400747142e-08
"species_4_bathy_extrap_only",211.180704683685,5.06511774744922e-08
"species_4_bathy_extrap_only",211.746300087643,4.83792099714719e-08
"species_4_bathy_extrap_only",212.3118954916,4.62092124564606e-08
"species_4_bathy_extrap_only",212.877490895557,4.41364882419748e-08
"species_4_bathy_extrap_only",213.443086299515,4.21567385444632e-08
"species_4_bathy_extrap_only",214.008681703472,4.02657924780669e-08
"species_4_bathy_extrap_only",214.57427710743,3.84596638980383e-08
"species_4_bathy_extrap_only",215.139872511387,3.67345478480274e-08
"species_4_bathy_extrap_only",215.705467915344,3.50868134546545e-08
"species_4_bathy_extrap_only",216.271063319302,3.35130323492194e-08
"species_4_bathy_extrap_only",216.836658723259,3.20097974793043e-08
"species_4_bathy_extrap_only",217.402254127216,3.05739931150129e-08
"species_4_bathy_extrap_only",217.967849531174,2.92025923442907e-08
"species_4_bathy_extrap_only",218.533444935131,2.78927050345601e-08
"species_4_bathy_extrap_only",219.099040339088,2.66415725036495e-08
"species_4_bathy_extrap_only",219.664635743046,2.54465604143661e-08
"species_4_bathy_extrap_only",220.230231147003,2.43051818671347e-08
"species_4_bathy_extrap_only",220.795826550961,2.32149677259486e-08
"species_4_bathy_extrap_only",221.361421954918,2.21736566885511e-08
"species_4_bathy_extrap_only",221.927017358875,2.11790549542457e-08
"species_4_bathy_extrap_only",222.492612762833,2.02290646456049e-08
"species_4_bathy_extrap_only",223.05820816679,1.93216855848277e-08
"species_4_bathy_extrap_only",223.623803570747,1.84550081883117e-08
"species_4_bathy_extrap_only",224.189398974705,1.7627227677508e-08
"species_4_bathy_extrap_only",224.754994378662,1.68365552610794e-08
"species_4_bathy_extrap_only",225.32058978262,1.60813495853063e-08
"species_4_bathy_extrap_only",225.886185186577,1.53600172581037e-08
"species_4_bathy_extrap_only",226.451780590534,1.46710412707307e-08
"species_4_bathy_extrap_only",227.017375994492,1.40129694514712e-08
"species_4_bathy_extrap_only",227.582971398449,1.33844153538121e-08
"species_4_bathy_extrap_only",228.148566802406,1.2784070690941e-08
"species_4_bathy_extrap_only",228.714162206364,1.22106396105437e-08
"species_4_bathy_extrap_only",229.279757610321,1.16629292890025e-08
"species_4_bathy_extrap_only",229.845353014278,1.11397868707286e-08
"species_4_bathy_extrap_only",230.410948418236,1.06401092381248e-08
"species_4_bathy_extrap_only",230.976543822193,1.01628456761205e-08
"species_4_bathy_extrap_only",231.54213922615,9.70698987856622e-09
"species_4_bathy_extrap_only",232.107734630108,9.27159238273134e-09
"species_4_bathy_extrap_only",232.673330034065,8.8557134958478e-09
"species_4_bathy_extrap_only",233.238925438023,8.45848902031321e-09
"species_4_bathy_extrap_only",233.80452084198,8.07908229205623e-09
"species_4_bathy_extrap_only",234.370116245937,7.71669395049912e-09
"species_4_bathy_extrap_only",234.935711649895,7.37056016220095e-09
"species_4_bathy_extrap_only",235.501307053852,7.03995217676834e-09
"species_4_bathy_extrap_only",236.066902457809,6.72417410640946e-09
"species_4_bathy_extrap_only",236.632497861767,6.42256825500453e-09
"species_4_bathy_extrap_only",237.198093265724,6.32506447217906e-09
"species_4_bathy_extrap_only",237.763688669682,6.32506447217906e-09
"species_4_bathy_extrap_only",238.329284073639,6.32506447217906e-09
"species_4_bathy_extrap_only",238.894879477596,6.32506447217906e-09
"species_4_bathy_extrap_only",239.460474881554,6.32506447217906e-09
"species_4_bathy_extrap_only",240.026070285511,6.32506447217906e-09
"species_4_bathy_extrap_only",240.591665689468,6.32506447217906e-09
"species_4_bathy_extrap_only",241.157261093426,6.32506447217906e-09
"species_4_bathy_extrap_only",241.722856497383,6.32506447217906e-09
"species_4_bathy_extrap_only",242.28845190134,6.32506447217906e-09
"species_4_bathy_extrap_only",242.854047305298,6.32506447217906e-09
"species_4_bathy_extrap_only",243.419642709255,6.32506447217906e-09
"species_4_bathy_extrap_only",243.985238113213,6.32506447217906e-09
"species_4_bathy_extrap_only",244.55083351717,6.32506447217906e-09
"species_4_bathy_extrap_only",245.116428921127,6.32506447217906e-09
"species_4_bathy_extrap_only",245.682024325085,6.32506447217906e-09
"species_4_bathy_extrap_only",246.247619729042,6.32506447217906e-09
"species_4_bathy_extrap_only",246.813215132999,6.32506447217906e-09
"species_4_bathy_extrap_only",247.378810536957,6.32506447217906e-09
"species_4_bathy_extrap_only",247.944405940914,6.32506447217906e-09
"species_4_bathy_extrap_only",248.510001344872,6.32506447217906e-09
"species_4_bathy_extrap_only",249.075596748829,6.32506447217906e-09
"species_4_bathy_extrap_only",249.641192152786,6.32506447217906e-09
"species_4_bathy_extrap_only",250.206787556744,6.32506447217906e-09
"species_4_bathy_extrap_only",250.772382960701,6.32506447217906e-09
"species_4_bathy_extrap_only",251.337978364658,6.32506447217906e-09
"species_4_bathy_extrap_only",251.903573768616,6.32506447217906e-09
"species_4_bathy_extrap_only",252.469169172573,6.32506447217906e-09
"species_4_bathy_extrap_only",253.03476457653,6.32506447217906e-09
"species_4_bathy_extrap_only",253.600359980488,6.32506447217906e-09
"species_4_bathy_extrap_only",254.165955384445,6.32506447217906e-09
"species_4_bathy_extrap_only",254.731550788403,6.32506447217906e-09
"species_4_bathy_extrap_only",255.29714619236,6.32506447217906e-09
"species_4_bathy_extrap_only",255.862741596317,6.32506447217906e-09
"species_4_bathy_extrap_only",256.428337000275,6.32506447217906e-09
"species_4_bathy_extrap_only",256.993932404232,6.32506447217906e-09
"species_4_bathy_extrap_only",257.559527808189,6.32506447217906e-09
"species_4_bathy_extrap_only",258.125123212147,6.32506447217906e-09
"species_4_bathy_extrap_only",258.690718616104,6.32506447217906e-09
"species_4_bathy_extrap_only",259.256314020062,6.32506447217906e-09
"species_4_bathy_extrap_only",259.821909424019,6.32506447217906e-09
"species_4_bathy_extrap_only",260.387504827976,6.32506447217906e-09
"species_4_bathy_extrap",-22.4101971507073,0.630604803562164
"species_4_bathy_extrap",-21.8446017467499,0.630604803562164
"species_4_bathy_extrap",-21.2790063427925,0.630604803562164
"species_4_bathy_extrap",-20.7134109388352,0.630604803562164
"species_4_bathy_extrap",-20.1478155348778,0.630604803562164
"species_4_bathy_extrap",-19.5822201309204,0.630604803562164
"species_4_bathy_extrap",-19.0166247269631,0.630604803562164
"species_4_bathy_extrap",-18.4510293230057,0.630604803562164
"species_4_bathy_extrap",-17.8854339190483,0.630604803562164
"species_4_bathy_extrap",-17.319838515091,0.630604803562164
"species_4_bathy_extrap",-16.7542431111336,0.630604803562164
"species_4_bathy_extrap",-16.1886477071762,0.630604803562164
"species_4_bathy_extrap",-15.6230523032189,0.630604803562164
"species_4_bathy_extrap",-15.0574568992615,0.630604803562164
"species_4_bathy_extrap",-14.4918614953041,0.630604803562164
"species_4_bathy_extrap",-13.9262660913467,0.630604803562164
"species_4_bathy_extrap",-13.3606706873894,0.630604803562164
"species_4_bathy_extrap",-12.795075283432,0.630604803562164
"species_4_bathy_extrap",-12.2294798794746,0.630604803562164
"species_4_bathy_extrap",-11.6638844755173,0.630604803562164
"species_4_bathy_extrap",-11.0982890715599,0.630604803562164
"species_4_bathy_extrap",-10.5326936676025,0.630604803562164
"species_4_bathy_extrap",-9.96709826364518,0.630604803562164
"species_4_bathy_extrap",-9.40150285968781,0.630604803562164
"species_4_bathy_extrap",-8.83590745573045,0.630604803562164
"species_4_bathy_extrap",-8.27031205177308,0.630604803562164
"species_4_bathy_extrap",-7.70471664781571,0.630604803562164
"species_4_bathy_extrap",-7.13912124385834,0.630604803562164
"species_4_bathy_extrap",-6.57352583990098,0.630604803562164
"species_4_bathy_extrap",-6.00793043594361,0.630604803562164
"species_4_bathy_extrap",-5.44233503198624,0.630604803562164
"species_4_bathy_extrap",-4.87673962802888,0.630604803562164
"species_4_bathy_extrap",-4.31114422407151,0.630604803562164
"species_4_bathy_extrap",-3.74554882011414,0.630604803562164
"species_4_bathy_extrap",-3.17995341615678,0.630604803562164
"species_4_bathy_extrap",-2.61435801219941,0.630604803562164
"species_4_bathy_extrap",-2.04876260824204,0.630604803562164
"species_4_bathy_extrap",-1.48316720428468,0.630604803562164
"species_4_bathy_extrap",-0.917571800327309,0.630604803562164
"species_4_bathy_extrap",-0.351976396369938,0.630604803562164
"species_4_bathy_extrap",0.213619007587425,0.630604803562164
"species_4_bathy_extrap",0.779214411544793,0.630604803562164
"species_4_bathy_extrap",1.34480981550216,0.627563297748566
"species_4_bathy_extrap",1.91040521945953,0.618378698825836
"species_4_bathy_extrap",2.47600062341689,0.609108686447144
"species_4_bathy_extrap",3.04159602737426,0.599759221076965
"species_4_bathy_extrap",3.60719143133163,0.590336561203003
"species_4_bathy_extrap",4.17278683528899,0.580847084522247
"species_4_bathy_extrap",4.73838223924636,0.571297407150269
"species_4_bathy_extrap",5.30397764320373,0.561694324016571
"species_4_bathy_extrap",5.8695730471611,0.552044868469238
"species_4_bathy_extrap",6.43516845111846,0.542356014251709
"species_4_bathy_extrap",7.00076385507583,0.532635033130646
"species_4_bathy_extrap",7.5663592590332,0.522873044013977
"species_4_bathy_extrap",8.13195466299057,0.503980576992035
"species_4_bathy_extrap",8.69755006694793,0.483963400125504
"species_4_bathy_extrap",9.2631454709053,0.463997542858124
"species_4_bathy_extrap",9.82874087486266,0.444146454334259
"species_4_bathy_extrap",10.39433627882,0.424472093582153
"species_4_bathy_extrap",10.9599316827774,0.405034214258194
"species_4_bathy_extrap",11.5255270867348,0.385889619588852
"species_4_bathy_extrap",12.0911224906921,0.367091596126556
"species_4_bathy_extrap",12.6567178946495,0.348689347505569
"species_4_bathy_extrap",13.2223132986069,0.33072754740715
"species_4_bathy_extrap",13.7879087025642,0.313246011734009
"species_4_bathy_extrap",14.3535041065216,0.296279430389404
"species_4_bathy_extrap",14.919099510479,0.279857367277145
"species_4_bathy_extrap",15.4846949144363,0.264004051685333
"species_4_bathy_extrap",16.0502903183937,0.248738557100296
"species_4_bathy_extrap",16.6158857223511,0.234075114130974
"species_4_bathy_extrap",17.1814811263084,0.22002287209034
"species_4_bathy_extrap",17.7470765302658,0.206586703658104
"species_4_bathy_extrap",18.3126719342232,0.193767204880714
"species_4_bathy_extrap",18.8782673381805,0.181561157107353
"species_4_bathy_extrap",19.4438627421379,0.169961929321289
"species_4_bathy_extrap",20.0094581460953,0.159086406230927
"species_4_bathy_extrap",20.5750535500526,0.150655925273895
"species_4_bathy_extrap",21.14064895401,0.143186435103416
"species_4_bathy_extrap",21.7062443579674,0.136027976870537
"species_4_bathy_extrap",22.2718397619247,0.129173427820206
"species_4_bathy_extrap",22.8374351658821,0.122615270316601
"species_4_bathy_extrap",23.4030305698395,0.116345576941967
"species_4_bathy_extrap",23.9686259737968,0.110356159508228
"species_4_bathy_extrap",24.5342213777542,0.104638554155827
"species_4_bathy_extrap",25.0998167817116,0.0991841554641724
"species_4_bathy_extrap",25.6654121856689,0.0939842313528061
"species_4_bathy_extrap",26.2310075896263,0.0890299826860428
"species_4_bathy_extrap",26.7966029935837,0.0843126028776169
"species_4_bathy_extrap",27.362198397541,0.079823262989521
"species_4_bathy_extrap",27.9277938014984,0.0755532383918762
"species_4_bathy_extrap",28.4933892054558,0.07149388641119
"species_4_bathy_extrap",29.0589846094131,0.067636676132679
"species_4_bathy_extrap",29.6245800133705,0.0639732331037521
"species_4_bathy_extrap",30.1901754173279,0.0604953393340111
"species_4_bathy_extrap",30.7557708212852,0.0571949705481529
"species_4_bathy_extrap",31.3213662252426,0.0540642999112606
"species_4_bathy_extrap",31.8869616292,0.0510956980288029
"species_4_bathy_extrap",32.4525570331573,0.0482817813754082
"species_4_bathy_extrap",33.0181524371147,0.0456153675913811
"species_4_bathy_extrap",33.5837478410721,0.0430895611643791
"species_4_bathy_extrap",34.1493432450294,0.0406976528465748
"species_4_bathy_extrap",34.7149386489868,0.0384331680834293
"species_4_bathy_extrap",35.2805340529442,0.0362899303436279
"species_4_bathy_extrap",35.8461294569016,0.03426194190979
"species_4_bathy_extrap",36.4117248608589,0.0323434881865978
"species_4_bathy_extrap",36.9773202648163,0.0305290520191193
"species_4_bathy_extrap",37.5429156687737,0.0288133826106787
"species_4_bathy_extrap",38.108511072731,0.0271914154291153
"species_4_bathy_extrap",38.6741064766884,0.0256583504378796
"species_4_bathy_extrap",39.2397018806457,0.0242095701396465
"species_4_bathy_extrap",39.8052972846031,0.022840665653348
"species_4_bathy_extrap",40.3708926885605,0.0215474646538496
"species_4_bathy_extrap",40.9364880925178,0.0203259531408548
"species_4_bathy_extrap",41.5020834964752,0.0191723369061947
"species_4_bathy_extrap",42.0676789004326,0.0180829800665379
"species_4_bathy_extrap",42.63327430439,0.0170544497668743
"species_4_bathy_extrap",43.1988697083473,0.0160834565758705
"species_4_bathy_extrap",43.7644651123047,0.015166899189353
"species_4_bathy_extrap",44.3300605162621,0.0143018150702119
"species_4_bathy_extrap",44.8956559202194,0.0134853925555944
"species_4_bathy_extrap",45.4612513241768,0.0127149792388082
"species_4_bathy_extrap",46.0268467281342,0.0119880400598049
"species_4_bathy_extrap",46.5924421320915,0.0113021899014711
"species_4_bathy_extrap",47.1580375360489,0.0106551507487893
"species_4_bathy_extrap",47.7236329400063,0.0100447814911604
"species_4_bathy_extrap",48.2892283439636,0.0094690416008234
"species_4_bathy_extrap",48.854823747921,0.00892600044608116
"species_4_bathy_extrap",49.4204191518784,0.00841384194791317
"species_4_bathy_extrap",49.9860145558357,0.00793083105236292
"species_4_bathy_extrap",50.5516099597931,0.0074753426015377
"species_4_bathy_extrap",51.1172053637505,0.00704582501202822
"species_4_bathy_extrap",51.6828007677078,0.00664082448929548
"species_4_bathy_extrap",52.2483961716652,0.0062589542940259
"species_4_bathy_extrap",52.8139915756226,0.00589891523122787
"species_4_bathy_extrap",53.3795869795799,0.00555947097018361
"species_4_bathy_extrap",53.9451823835373,0.00523945456370711
"species_4_bathy_extrap",54.5107777874947,0.00493776937946677
"species_4_bathy_extrap",55.076373191452,0.00465337187051773
"species_4_bathy_extrap",55.6419685954094,0.00438528461381793
"species_4_bathy_extrap",56.2075639993668,0.00413257628679276
"species_4_bathy_extrap",56.7731594033241,0.00389437493868172
"species_4_bathy_extrap",57.3387548072815,0.00366985169239342
"species_4_bathy_extrap",57.9043502112389,0.00345822935923934
"species_4_bathy_extrap",58.4699456151962,0.00325877033174038
"species_4_bathy_extrap",59.0355410191536,0.00307077867910266
"species_4_bathy_extrap",59.601136423111,0.00289360177703202
"species_4_bathy_extrap",60.1667318270683,0.00272661820054054
"species_4_bathy_extrap",60.7323272310257,0.00256924727000296
"species_4_bathy_extrap",61.2979226349831,0.00242093624547124
"species_4_bathy_extrap",61.8635180389404,0.00228116777725518
"species_4_bathy_extrap",62.4291134428978,0.00214945035986602
"species_4_bathy_extrap",62.9947088468552,0.00202532391995192
"species_4_bathy_extrap",63.5603042508125,0.00190835178364068
"species_4_bathy_extrap",64.1258996547699,0.00179812242276967
"species_4_bathy_extrap",64.6914950587273,0.0016942493384704
"species_4_bathy_extrap",65.2570904626846,0.00159636838361621
"species_4_bathy_extrap",65.822685866642,0.00150413252413273
"species_4_bathy_extrap",66.3882812705994,0.00141721835825592
"species_4_bathy_extrap",66.9538766745567,0.00133531971368939
"species_4_bathy_extrap",67.5194720785141,0.00125814892817289
"species_4_bathy_extrap",68.0850674824715,0.00118543161079288
"species_4_bathy_extrap",68.6506628864288,0.00111691257916391
"species_4_bathy_extrap",69.2162582903862,0.00105235062073916
"species_4_bathy_extrap",69.7818536943436,0.000991516164503992
"species_4_bathy_extrap",70.3474490983009,0.000934195064473897
"species_4_bathy_extrap",70.9130445022583,0.000880184874404222
"species_4_bathy_extrap",71.4786399062157,0.0008292953716591
"species_4_bathy_extrap",72.044235310173,0.000781345239374787
"species_4_bathy_extrap",72.6098307141304,0.00073616550071165
"species_4_bathy_extrap",73.1754261180878,0.000693596957717091
"species_4_bathy_extrap",73.7410215220451,0.000653487804811448
"species_4_bathy_extrap",74.3066169260025,0.000615696597378701
"species_4_bathy_extrap",74.8722123299599,0.000580089632421732
"species_4_bathy_extrap",75.4378077339172,0.000546541181392968
"species_4_bathy_extrap",76.0034031378746,0.00051493156934157
"species_4_bathy_extrap",76.568998541832,0.000485149183077738
"species_4_bathy_extrap",77.1345939457893,0.000457088957773522
"species_4_bathy_extrap",77.7001893497467,0.000430650630732998
"species_4_bathy_extrap",78.2657847537041,0.000405740865971893
"species_4_bathy_extrap",78.8313801576614,0.000382271420676261
"species_4_bathy_extrap",79.3969755616188,0.00036015931982547
"species_4_bathy_extrap",79.9625709655762,0.000339325546519831
"species_4_bathy_extrap",80.5281663695335,0.000319696555379778
"species_4_bathy_extrap",81.0937617734909,0.000301202700939029
"species_4_bathy_extrap",81.6593571774483,0.000283778615994379
"species_4_bathy_extrap",82.2249525814056,0.000267361989244819
"species_4_bathy_extrap",82.790547985363,0.000251894816756248
"species_4_bathy_extrap",83.3561433893204,0.000237322426983155
"species_4_bathy_extrap",83.9217387932777,0.000223592694965191
"species_4_bathy_extrap",84.4873341972351,0.000210657104616985
"species_4_bathy_extrap",85.0529296011925,0.000198469730094075
"species_4_bathy_extrap",85.6185250051498,0.000186987454071641
"species_4_bathy_extrap",86.1841204091072,0.000176169225596823
"species_4_bathy_extrap",86.7497158130646,0.00016597677313257
"species_4_bathy_extrap",87.315311217022,0.000156374066136777
"species_4_bathy_extrap",87.8809066209793,0.00014732671843376
"species_4_bathy_extrap",88.4465020249367,0.000138802759465761
"species_4_bathy_extrap",89.0120974288941,0.000130771906697191
"species_4_bathy_extrap",89.5776928328514,0.000123205740237609
"species_4_bathy_extrap",90.1432882368088,0.000116077193524688
"species_4_bathy_extrap",90.7088836407662,0.000109361055365298
"species_4_bathy_extrap",91.2744790447235,0.00010303346789442
"species_4_bathy_extrap",91.8400744486809,9.70720284385607e-05
"species_4_bathy_extrap",92.4056698526382,9.14554184419103e-05
"species_4_bathy_extrap",92.9712652565956,8.61637527123094e-05
"species_4_bathy_extrap",93.536860660553,8.1178302934859e-05
"species_4_bathy_extrap",94.1024560645104,7.64812357374467e-05
"species_4_bathy_extrap",94.6680514684677,7.20559182809666e-05
"species_4_bathy_extrap",95.2336468724251,6.78866417729296e-05
"species_4_bathy_extrap",95.7992422763824,6.39586505712941e-05
"species_4_bathy_extrap",96.3648376803398,6.02578656980768e-05
"species_4_bathy_extrap",96.9304330842972,5.6771208619466e-05
"species_4_bathy_extrap",97.4960284882546,5.3486324759433e-05
"species_4_bathy_extrap",98.0616238922119,5.03914634464309e-05
"species_4_bathy_extrap",98.6272192961693,4.74756707262714e-05
"species_4_bathy_extrap",99.1928147001267,4.47285856353119e-05
"species_4_bathy_extrap",99.758410104084,4.21404838562012e-05
"species_4_bathy_extrap",100.324005508041,3.97020958189387e-05
"species_4_bathy_extrap",100.889600911999,3.74047958757728e-05
"species_4_bathy_extrap",101.455196315956,3.52404531440698e-05
"species_4_bathy_extrap",102.020791719913,3.32013114530127e-05
"species_4_bathy_extrap",102.586387123871,3.12801566906273e-05
"species_4_bathy_extrap",103.151982527828,2.94701658276608e-05
"species_4_bathy_extrap",103.717577931786,2.77649269264657e-05
"species_4_bathy_extrap",104.283173335743,2.61583354586037e-05
"species_4_bathy_extrap",104.8487687397,2.46447052631993e-05
"species_4_bathy_extrap",105.414364143658,2.32186575885862e-05
"species_4_bathy_extrap",105.979959547615,2.18751429201802e-05
"species_4_bathy_extrap",106.545554951572,2.06093518499983e-05
"species_4_bathy_extrap",107.11115035553,1.94168023881502e-05
"species_4_bathy_extrap",107.676745759487,1.82932726602303e-05
"species_4_bathy_extrap",108.242341163445,1.72347408806672e-05
"species_4_bathy_extrap",108.807936567402,1.62374581123004e-05
"species_4_bathy_extrap",109.373531971359,1.5297882782761e-05
"species_4_bathy_extrap",109.939127375317,1.44126861414406e-05
"species_4_bathy_extrap",110.504722779274,1.35786985993036e-05
"species_4_bathy_extrap",111.070318183231,1.27929697555373e-05
"species_4_bathy_extrap",111.635913587189,1.20527156468597e-05
"species_4_bathy_extrap",112.201508991146,1.13552860057098e-05
"species_4_bathy_extrap",112.767104395103,1.06982124634669e-05
"species_4_bathy_extrap",113.332699799061,1.00791603472317e-05
"species_4_bathy_extrap",113.898295203018,9.49593686527805e-06
"species_4_bathy_extrap",114.463890606976,8.94645381777082e-06
"species_4_bathy_extrap",115.029486010933,8.42876670503756e-06
"species_4_bathy_extrap",115.59508141489,7.9410347098019e-06
"species_4_bathy_extrap",116.160676818848,7.48153161111986e-06
"species_4_bathy_extrap",116.726272222805,7.0486116783286e-06
"species_4_bathy_extrap",117.291867626762,6.64074241285562e-06
"species_4_bathy_extrap",117.85746303072,6.25647908236715e-06
"species_4_bathy_extrap",118.423058434677,5.89444653087412e-06
"species_4_bathy_extrap",118.988653838634,5.55336282559438e-06
"species_4_bathy_extrap",119.554249242592,5.23201606483781e-06
"species_4_bathy_extrap",120.119844646549,4.92926756123779e-06
"species_4_bathy_extrap",120.685440050507,4.64403410660452e-06
"species_4_bathy_extrap",121.251035454464,4.37530525232432e-06
"species_4_bathy_extrap",121.816630858421,4.1221301216865e-06
"species_4_bathy_extrap",122.382226262379,3.88360149372602e-06
"species_4_bathy_extrap",122.947821666336,3.65887558473332e-06
"species_4_bathy_extrap",123.513417070293,3.4471534036129e-06
"species_4_bathy_extrap",124.079012474251,3.24768507198314e-06
"species_4_bathy_extrap",124.644607878208,3.05975640912948e-06
"species_4_bathy_extrap",125.210203282166,2.88270234705124e-06
"species_4_bathy_extrap",125.775798686123,2.71589578915155e-06
"species_4_bathy_extrap",126.34139409008,2.55873919741134e-06
"species_4_bathy_extrap",126.906989494038,2.41067664319417e-06
"species_4_bathy_extrap",127.472584897995,2.27118175644136e-06
"species_4_bathy_extrap",128.038180301952,2.1397604541562e-06
"species_4_bathy_extrap",128.60377570591,2.01594230020419e-06
"species_4_bathy_extrap",129.169371109867,1.89928869076539e-06
"species_4_bathy_extrap",129.734966513824,1.78938546468999e-06
"species_4_bathy_extrap",130.300561917782,1.68584176662989e-06
"species_4_bathy_extrap",130.866157321739,1.58829232077551e-06
"species_4_bathy_extrap",131.431752725697,1.49638492530357e-06
"species_4_bathy_extrap",131.997348129654,1.40979591378709e-06
"species_4_bathy_extrap",132.562943533611,1.32821730858268e-06
"species_4_bathy_extrap",133.128538937569,1.25135932194098e-06
"species_4_bathy_extrap",133.694134341526,1.17894876439095e-06
"species_4_bathy_extrap",134.259729745483,1.11072836261883e-06
"species_4_bathy_extrap",134.825325149441,1.04645539522608e-06
"species_4_bathy_extrap",135.390920553398,9.85903284345113e-07
"species_4_bathy_extrap",135.956515957356,9.2885352387384e-07
"species_4_bathy_extrap",136.522111361313,8.7510488810949e-07
"species_4_bathy_extrap",137.08770676527,8.24466496851528e-07
"species_4_bathy_extrap",137.653302169228,7.76758270149003e-07
"species_4_bathy_extrap",138.218897573185,7.3181075777029e-07
"species_4_bathy_extrap",138.784492977142,6.89464116021554e-07
"species_4_bathy_extrap",139.3500883811,6.49568960398028e-07
"species_4_bathy_extrap",139.915683785057,6.11981249676319e-07
"species_4_bathy_extrap",140.481279189014,5.76568652377318e-07
"species_4_bathy_extrap",141.046874592972,5.43205146641412e-07
"species_4_bathy_extrap",141.612469996929,5.11772327627114e-07
"species_4_bathy_extrap",142.178065400887,4.82158327486104e-07
"species_4_bathy_extrap",142.743660804844,4.54257957471782e-07
"species_4_bathy_extrap",143.309256208801,4.27972736360971e-07
"species_4_bathy_extrap",143.874851612759,4.03207849331011e-07
"species_4_bathy_extrap",144.440447016716,3.79876013312241e-07
"species_4_bathy_extrap",145.006042420673,3.57894265334835e-07
"species_4_bathy_extrap",145.571637824631,3.37184530962986e-07
"species_4_bathy_extrap",146.137233228588,3.17673141125852e-07
"species_4_bathy_extrap",146.702828632545,2.9929080369584e-07
"species_4_bathy_extrap",147.268424036503,2.81972631910321e-07
"species_4_bathy_extrap",147.83401944046,2.65656126430258e-07
"species_4_bathy_extrap",148.399614844418,2.50283761715764e-07
"species_4_bathy_extrap",148.965210248375,2.35800968084732e-07
"species_4_bathy_extrap",149.530805652332,2.2215620276711e-07
"species_4_bathy_extrap",150.09640105629,2.09301006748319e-07
"species_4_bathy_extrap",150.661996460247,1.97189677919596e-07
"species_4_bathy_extrap",151.227591864204,1.85779484240811e-07
"species_4_bathy_extrap",151.793187268162,1.75029256865855e-07
"species_4_bathy_extrap",152.358782672119,1.64901081234348e-07
"species_4_bathy_extrap",152.924378076077,1.55358989673005e-07
"species_4_bathy_extrap",153.489973480034,1.46369046660766e-07
"species_4_bathy_extrap",154.055568883991,1.37899320407087e-07
"species_4_bathy_extrap",154.621164287949,1.29919698110825e-07
"species_4_bathy_extrap",155.186759691906,1.22402013857936e-07
"species_4_bathy_extrap",155.752355095863,1.15319146232196e-07
"species_4_bathy_extrap",156.317950499821,1.08646140972724e-07
"species_4_bathy_extrap",156.883545903778,1.02359265952146e-07
"species_4_bathy_extrap",157.449141307735,9.64361888122767e-08
"species_4_bathy_extrap",158.014736711693,9.08558561718564e-08
"species_4_bathy_extrap",158.58033211565,8.55984296777024e-08
"species_4_bathy_extrap",159.145927519608,8.0645222055864e-08
"species_4_bathy_extrap",159.711522923565,7.5978761060469e-08
"species_4_bathy_extrap",160.277118327522,7.15822068286798e-08
"species_4_bathy_extrap",160.84271373148,6.74400624234295e-08
"species_4_bathy_extrap",161.408309135437,6.35376053992331e-08
"species_4_bathy_extrap",161.973904539394,5.98609659618887e-08
"species_4_bathy_extrap",162.539499943352,5.63970736777719e-08
"species_4_bathy_extrap",163.105095347309,5.31336219466994e-08
"species_4_bathy_extrap",163.670690751266,5.0059096423638e-08
"species_4_bathy_extrap",164.236286155224,4.71623984310554e-08
"species_4_bathy_extrap",164.801881559181,4.44333174698386e-08
"species_4_bathy_extrap",165.367476963139,4.18621581843581e-08
"species_4_bathy_extrap",165.933072367096,3.94397794423185e-08
"species_4_bathy_extrap",166.498667771053,3.71575730184759e-08
"species_4_bathy_extrap",167.064263175011,3.50074280675017e-08
"species_4_bathy_extrap",167.629858578968,3.29817559929779e-08
"species_4_bathy_extrap",168.195453982925,3.10732488628673e-08
"species_4_bathy_extrap",168.761049386883,2.92751760611054e-08
"species_4_bathy_extrap",169.32664479084,2.75811515848545e-08
"species_4_bathy_extrap",169.892240194798,2.59851518080723e-08
"species_4_bathy_extrap",170.457835598755,2.44815048233704e-08
"species_4_bathy_extrap",171.023431002712,2.30648691257329e-08
"species_4_bathy_extrap",171.58902640667,2.17302424943e-08
"species_4_bathy_extrap",172.154621810627,2.04728092256801e-08
"species_4_bathy_extrap",172.720217214584,1.92881373095588e-08
"species_4_bathy_extrap",173.285812618542,1.81720185565837e-08
"species_4_bathy_extrap",173.851408022499,1.71204828092186e-08
"species_4_bathy_extrap",174.417003426456,1.61297961653872e-08
"species_4_bathy_extrap",174.982598830414,1.5196436109477e-08
"species_4_bathy_extrap",175.548194234371,1.43171092759076e-08
"species_4_bathy_extrap",176.113789638329,1.3488641315007e-08
"species_4_bathy_extrap",176.679385042286,1.27081127843098e-08
"species_4_bathy_extrap",177.244980446243,1.19727507907896e-08
"species_4_bathy_extrap",177.810575850201,1.12799405371788e-08
"species_4_bathy_extrap",178.376171254158,1.06272199928981e-08
"species_4_bathy_extrap",178.941766658115,1.0012269235915e-08
"species_4_bathy_extrap",179.507362062073,9.43291933452883e-09
"species_4_bathy_extrap",180.07295746603,8.88707774038267e-09
"species_4_bathy_extrap",180.638552869987,8.37282154719787e-09
"species_4_bathy_extrap",181.204148273945,7.88832377196513e-09
"species_4_bathy_extrap",181.769743677902,7.43186090446102e-09
"species_4_bathy_extrap",182.33533908186,7.00181201906958e-09
"species_4_bathy_extrap",182.900934485817,6.59664811664129e-09
"species_4_bathy_extrap",183.466529889774,6.21492901586862e-09
"species_4_bathy_extrap",184.032125293732,5.85530779417809e-09
"species_4_bathy_extrap",184.597720697689,5.51648726698772e-09
"species_4_bathy_extrap",185.163316101646,5.19727239023382e-09
"species_4_bathy_extrap",185.728911505604,4.89652896007442e-09
"species_4_bathy_extrap",186.294506909561,4.61318849787062e-09
"species_4_bathy_extrap",186.860102313518,4.34624380929449e-09
"species_4_bathy_extrap",187.425697717476,4.09474587570458e-09
"species_4_bathy_extrap",187.991293121433,3.85780696277038e-09
"species_4_bathy_extrap",188.556888525391,3.63457286489677e-09
"species_4_bathy_extrap",189.122483929348,3.42425621191467e-09
"species_4_bathy_extrap",189.688079333305,3.2261096016839e-09
"species_4_bathy_extrap",190.253674737263,3.03942893076226e-09
"species_4_bathy_extrap",190.81927014122,2.86355050782561e-09
"species_4_bathy_extrap",191.384865545177,2.6978494993557e-09
"species_4_bathy_extrap",191.950460949135,2.54174103986315e-09
"species_4_bathy_extrap",192.516056353092,2.39466158014068e-09
"species_4_bathy_extrap",193.08165175705,2.25609309012498e-09
"species_4_bathy_extrap",193.647247161007,2.12554307488233e-09
"species_4_bathy_extrap",194.212842564964,2.00254723914384e-09
"species_4_bathy_extrap",194.778437968922,1.88666859912701e-09
"species_4_bathy_extrap",195.344033372879,1.777495373112e-09
"species_4_bathy_extrap",195.909628776836,1.67464231370928e-09
"species_4_bathy_extrap",196.475224180794,1.57773816233941e-09
"species_4_bathy_extrap",197.040819584751,1.48644141440002e-09
"species_4_bathy_extrap",197.606414988709,1.400427551701e-09
"species_4_bathy_extrap",198.172010392666,1.31939104086598e-09
"species_4_bathy_extrap",198.737605796623,1.24304366799777e-09
"species_4_bathy_extrap",199.303201200581,1.17111420561145e-09
"species_4_bathy_extrap",199.868796604538,1.10334885672358e-09
"species_4_bathy_extrap",200.434392008495,1.03950292817956e-09
"species_4_bathy_extrap",200.999987412453,9.79351488794578e-10
"species_4_bathy_extrap",201.56558281641,9.22680709614099e-10
"species_4_bathy_extrap",202.131178220367,8.69289251692606e-10
"species_4_bathy_extrap",202.696773624325,8.18987322404041e-10
"species_4_bathy_extrap",203.262369028282,7.71596120330287e-10
"species_4_bathy_extrap",203.82796443224,7.26948445883835e-10
"species_4_bathy_extrap",204.393559836197,6.84883150192661e-10
"species_4_bathy_extrap",204.959155240154,6.45251962971827e-10
"species_4_bathy_extrap",205.524750644112,6.07914107941809e-10
"species_4_bathy_extrap",206.090346048069,5.72736802428864e-10
"species_4_bathy_extrap",206.655941452026,5.39595035320417e-10
"species_4_bathy_extrap",207.221536855984,5.08371067464708e-10
"species_4_bathy_extrap",207.787132259941,4.7895459820424e-10
"species_4_bathy_extrap",208.352727663898,4.51239628995737e-10
"species_4_bathy_extrap",208.918323067856,4.25128376946304e-10
"species_4_bathy_extrap",209.483918471813,4.00528082922236e-10
"species_4_bathy_extrap",210.049513875771,3.77351289104766e-10
"species_4_bathy_extrap",210.615109279728,3.55515644701043e-10
"species_4_bathy_extrap",211.180704683685,3.34943517366071e-10
"species_4_bathy_extrap",211.746300087643,3.15561826669253e-10
"species_4_bathy_extrap",212.3118954916,2.97302127361121e-10
"species_4_bathy_extrap",212.877490895557,2.80098555460739e-10
"species_4_bathy_extrap",213.443086299515,2.63890492790964e-10
"species_4_bathy_extrap",214.008681703472,2.48620318776815e-10
"species_4_bathy_extrap",214.57427710743,2.34233743512391e-10
"species_4_bathy_extrap",215.139872511387,2.20679682860769e-10
"species_4_bathy_extrap",215.705467915344,2.07909925387106e-10
"species_4_bathy_extrap",216.271063319302,1.9587940991439e-10
"species_4_bathy_extrap",216.836658723259,1.84544726722358e-10
"species_4_bathy_extrap",217.402254127216,1.73865935537698e-10
"species_4_bathy_extrap",217.967849531174,1.63805080610757e-10
"species_4_bathy_extrap",218.533444935131,1.54326412760142e-10
"species_4_bathy_extrap",219.099040339088,1.45396222839267e-10
"species_4_bathy_extrap",219.664635743046,1.36982786225204e-10
"species_4_bathy_extrap",220.230231147003,1.29056404452044e-10
"species_4_bathy_extrap",220.795826550961,1.21588475399115e-10
"species_4_bathy_extrap",221.361421954918,1.14552686780733e-10
"species_4_bathy_extrap",221.927017358875,1.0792403082327e-10
"species_4_bathy_extrap",222.492612762833,1.01678943043026e-10
"species_4_bathy_extrap",223.05820816679,9.57952328572986e-11
"species_4_bathy_extrap",223.623803570747,9.02519864398599e-11
"species_4_bathy_extrap",224.189398974705,8.50296361099012e-11
"species_4_bathy_extrap",224.754994378662,8.01093497093675e-11
"species_4_bathy_extrap",225.32058978262,7.54737730646049e-11
"species_4_bathy_extrap",225.886185186577,7.11064401803796e-11
"species_4_bathy_extrap",226.451780590534,6.69918218121346e-11
"species_4_bathy_extrap",227.017375994492,6.31153046493083e-11
"species_4_bathy_extrap",227.582971398449,5.94630941708196e-11
"species_4_bathy_extrap",228.148566802406,5.60223221979239e-11
"species_4_bathy_extrap",228.714162206364,5.27805577021923e-11
"species_4_bathy_extrap",229.279757610321,4.97263792642588e-11
"species_4_bathy_extrap",229.845353014278,4.6848930984611e-11
"species_4_bathy_extrap",230.410948418236,4.41379918725282e-11
"species_4_bathy_extrap",230.976543822193,4.15839203349311e-11
"species_4_bathy_extrap",231.54213922615,3.91776437680402e-11
"species_4_bathy_extrap",232.107734630108,3.69106654962703e-11
"species_4_bathy_extrap",232.673330034065,3.47748080331556e-11
"species_4_bathy_extrap",233.238925438023,3.27625426788103e-11
"species_4_bathy_extrap",233.80452084198,3.08667189030665e-11
"species_4_bathy_extrap",234.370116245937,2.90805973052199e-11
"species_4_bathy_extrap",234.935711649895,2.73978322667956e-11
"species_4_bathy_extrap",235.501307053852,2.58124407265248e-11
"species_4_bathy_extrap",236.066902457809,2.43187883025575e-11
"species_4_bathy_extrap",236.632497861767,2.29116049049738e-11
"species_4_bathy_extrap",237.198093265724,2.24608526222525e-11
"species_4_bathy_extrap",237.763688669682,2.24608526222525e-11
"species_4_bathy_extrap",238.329284073639,2.24608526222525e-11
"species_4_bathy_extrap",238.894879477596,2.24608526222525e-11
"species_4_bathy_extrap",239.460474881554,2.24608526222525e-11
"species_4_bathy_extrap",240.026070285511,2.24608526222525e-11
"species_4_bathy_extrap",240.591665689468,2.24608526222525e-11
"species_4_bathy_extrap",241.157261093426,2.24608526222525e-11
"species_4_bathy_extrap",241.722856497383,2.24608526222525e-11
"species_4_bathy_extrap",242.28845190134,2.24608526222525e-11
"species_4_bathy_extrap",242.854047305298,2.24608526222525e-11
"species_4_bathy_extrap",243.419642709255,2.24608526222525e-11
"species_4_bathy_extrap",243.985238113213,2.24608526222525e-11
"species_4_bathy_extrap",244.55083351717,2.24608526222525e-11
"species_4_bathy_extrap",245.116428921127,2.24608526222525e-11
"species_4_bathy_extrap",245.682024325085,2.24608526222525e-11
"species_4_bathy_extrap",246.247619729042,2.24608526222525e-11
"species_4_bathy_extrap",246.813215132999,2.24608526222525e-11
"species_4_bathy_extrap",247.378810536957,2.24608526222525e-11
"species_4_bathy_extrap",247.944405940914,2.24608526222525e-11
"species_4_bathy_extrap",248.510001344872,2.24608526222525e-11
"species_4_bathy_extrap",249.075596748829,2.24608526222525e-11
"species_4_bathy_extrap",249.641192152786,2.24608526222525e-11
"species_4_bathy_extrap",250.206787556744,2.24608526222525e-11
"species_4_bathy_extrap",250.772382960701,2.24608526222525e-11
"species_4_bathy_extrap",251.337978364658,2.24608526222525e-11
"species_4_bathy_extrap",251.903573768616,2.24608526222525e-11
"species_4_bathy_extrap",252.469169172573,2.24608526222525e-11
"species_4_bathy_extrap",253.03476457653,2.24608526222525e-11
"species_4_bathy_extrap",253.600359980488,2.24608526222525e-11
"species_4_bathy_extrap",254.165955384445,2.24608526222525e-11
"species_4_bathy_extrap",254.731550788403,2.24608526222525e-11
"species_4_bathy_extrap",255.29714619236,2.24608526222525e-11
"species_4_bathy_extrap",255.862741596317,2.24608526222525e-11
"species_4_bathy_extrap",256.428337000275,2.24608526222525e-11
"species_4_bathy_extrap",256.993932404232,2.24608526222525e-11
"species_4_bathy_extrap",257.559527808189,2.24608526222525e-11
"species_4_bathy_extrap",258.125123212147,2.24608526222525e-11
"species_4_bathy_extrap",258.690718616104,2.24608526222525e-11
"species_4_bathy_extrap",259.256314020062,2.24608526222525e-11
"species_4_bathy_extrap",259.821909424019,2.24608526222525e-11
"species_4_bathy_extrap",260.387504827976,2.24608526222525e-11
"species_4_hist_ice_extrap_only",-10.9226821899414,0.00403221882879734
"species_4_hist_ice_extrap_only",-10.6605378173828,0.00403221882879734
"species_4_hist_ice_extrap_only",-10.3983934448242,0.00403221882879734
"species_4_hist_ice_extrap_only",-10.1362490722656,0.00403221882879734
"species_4_hist_ice_extrap_only",-9.87410469970703,0.00403221882879734
"species_4_hist_ice_extrap_only",-9.61196032714843,0.00403221882879734
"species_4_hist_ice_extrap_only",-9.34981595458984,0.00403221882879734
"species_4_hist_ice_extrap_only",-9.08767158203125,0.00403221882879734
"species_4_hist_ice_extrap_only",-8.82552720947265,0.00403221882879734
"species_4_hist_ice_extrap_only",-8.56338283691406,0.00403221882879734
"species_4_hist_ice_extrap_only",-8.30123846435547,0.00403221882879734
"species_4_hist_ice_extrap_only",-8.03909409179687,0.00403221882879734
"species_4_hist_ice_extrap_only",-7.77694971923828,0.00403221882879734
"species_4_hist_ice_extrap_only",-7.51480534667968,0.00403221882879734
"species_4_hist_ice_extrap_only",-7.25266097412109,0.00403221882879734
"species_4_hist_ice_extrap_only",-6.9905166015625,0.00403221882879734
"species_4_hist_ice_extrap_only",-6.7283722290039,0.00403221882879734
"species_4_hist_ice_extrap_only",-6.46622785644531,0.00403221882879734
"species_4_hist_ice_extrap_only",-6.20408348388672,0.00403221882879734
"species_4_hist_ice_extrap_only",-5.94193911132812,0.00403221882879734
"species_4_hist_ice_extrap_only",-5.67979473876953,0.00403221882879734
"species_4_hist_ice_extrap_only",-5.41765036621094,0.00403221882879734
"species_4_hist_ice_extrap_only",-5.15550599365234,0.00403221882879734
"species_4_hist_ice_extrap_only",-4.89336162109375,0.00403221882879734
"species_4_hist_ice_extrap_only",-4.63121724853516,0.00403221882879734
"species_4_hist_ice_extrap_only",-4.36907287597656,0.00403221882879734
"species_4_hist_ice_extrap_only",-4.10692850341797,0.00403221882879734
"species_4_hist_ice_extrap_only",-3.84478413085937,0.00403221882879734
"species_4_hist_ice_extrap_only",-3.58263975830078,0.00403221882879734
"species_4_hist_ice_extrap_only",-3.32049538574219,0.00403221882879734
"species_4_hist_ice_extrap_only",-3.05835101318359,0.00403221882879734
"species_4_hist_ice_extrap_only",-2.796206640625,0.00403221882879734
"species_4_hist_ice_extrap_only",-2.53406226806641,0.00403221882879734
"species_4_hist_ice_extrap_only",-2.27191789550781,0.00403221882879734
"species_4_hist_ice_extrap_only",-2.00977352294922,0.00403221882879734
"species_4_hist_ice_extrap_only",-1.74762915039063,0.00403221882879734
"species_4_hist_ice_extrap_only",-1.48548477783203,0.00403221882879734
"species_4_hist_ice_extrap_only",-1.22334040527344,0.00403221882879734
"species_4_hist_ice_extrap_only",-0.961196032714845,0.00403221882879734
"species_4_hist_ice_extrap_only",-0.69905166015625,0.00403221882879734
"species_4_hist_ice_extrap_only",-0.436907287597657,0.00403221882879734
"species_4_hist_ice_extrap_only",-0.174762915039064,0.00403221882879734
"species_4_hist_ice_extrap_only",0.0873814575195304,0.00416646897792816
"species_4_hist_ice_extrap_only",0.349525830078123,0.0045965644530952
"species_4_hist_ice_extrap_only",0.611670202636718,0.00507092103362083
"species_4_hist_ice_extrap_only",0.87381457519531,0.00559405237436295
"species_4_hist_ice_extrap_only",1.1359589477539,0.00617092521861196
"species_4_hist_ice_extrap_only",1.3981033203125,0.00680699804797769
"species_4_hist_ice_extrap_only",1.66024769287109,0.00750827044248581
"species_4_hist_ice_extrap_only",1.92239206542969,0.00828133150935173
"species_4_hist_ice_extrap_only",2.18453643798828,0.0091334143653512
"species_4_hist_ice_extrap_only",2.44668081054687,0.0100724548101425
"species_4_hist_ice_extrap_only",2.70882518310547,0.0111071523278952
"species_4_hist_ice_extrap_only",2.97096955566406,0.0122470380738378
"species_4_hist_ice_extrap_only",3.23311392822265,0.0135025437921286
"species_4_hist_ice_extrap_only",3.49525830078125,0.0148850744590163
"species_4_hist_ice_extrap_only",3.75740267333984,0.0164070930331945
"species_4_hist_ice_extrap_only",4.01954704589843,0.01808219589293
"species_4_hist_ice_extrap_only",4.28169141845703,0.0199251994490623
"species_4_hist_ice_extrap_only",4.54383579101562,0.0219522248953581
"species_4_hist_ice_extrap_only",4.80598016357422,0.0241807941347361
"species_4_hist_ice_extrap_only",5.06812453613281,0.0266299024224281
"species_4_hist_ice_extrap_only",5.3302689086914,0.0293201059103012
"species_4_hist_ice_extrap_only",5.59241328125,0.0322736240923405
"species_4_hist_ice_extrap_only",5.85455765380859,0.0355143696069717
"species_4_hist_ice_extrap_only",6.11670202636718,0.0390680618584156
"species_4_hist_ice_extrap_only",6.37884639892578,0.0429622307419777
"species_4_hist_ice_extrap_only",6.64099077148437,0.0472262762486935
"species_4_hist_ice_extrap_only",6.90313514404296,0.051891453564167
"species_4_hist_ice_extrap_only",7.16527951660156,0.0569908395409584
"species_4_hist_ice_extrap_only",7.42742388916015,0.0625593289732933
"species_4_hist_ice_extrap_only",7.68956826171875,0.0686334148049355
"species_4_hist_ice_extrap_only",7.95171263427734,0.0752511471509933
"species_4_hist_ice_extrap_only",8.21385700683593,0.082451805472374
"species_4_hist_ice_extrap_only",8.47600137939453,0.0902756899595261
"species_4_hist_ice_extrap_only",8.73814575195312,0.0987636148929596
"species_4_hist_ice_extrap_only",9.00029012451171,0.107956573367119
"species_4_hist_ice_extrap_only",9.26243449707031,0.117895156145096
"species_4_hist_ice_extrap_only",9.5245788696289,0.128618702292442
"species_4_hist_ice_extrap_only",9.78672324218749,0.140164777636528
"species_4_hist_ice_extrap_only",10.0488676147461,0.152568146586418
"species_4_hist_ice_extrap_only",10.3110119873047,0.165859878063202
"species_4_hist_ice_extrap_only",10.5731563598633,0.18006606400013
"species_4_hist_ice_extrap_only",10.8353007324219,0.195207059383392
"species_4_hist_ice_extrap_only",11.0974451049805,0.21129609644413
"species_4_hist_ice_extrap_only",11.3595894775391,0.228338003158569
"species_4_hist_ice_extrap_only",11.6217338500976,0.24632839858532
"species_4_hist_ice_extrap_only",11.8838782226562,0.265252441167831
"species_4_hist_ice_extrap_only",12.1460225952148,0.282573699951172
"species_4_hist_ice_extrap_only",12.4081669677734,0.290094673633575
"species_4_hist_ice_extrap_only",12.670311340332,0.297736436128616
"species_4_hist_ice_extrap_only",12.9324557128906,0.305496633052826
"species_4_hist_ice_extrap_only",13.1946000854492,0.313372582197189
"species_4_hist_ice_extrap_only",13.4567444580078,0.321361482143402
"species_4_hist_ice_extrap_only",13.7188888305664,0.329295575618744
"species_4_hist_ice_extrap_only",13.981033203125,0.330200046300888
"species_4_hist_ice_extrap_only",14.2431775756836,0.331109672784805
"species_4_hist_ice_extrap_only",14.5053219482422,0.331586569547653
"species_4_hist_ice_extrap_only",14.7674663208008,0.331804275512695
"species_4_hist_ice_extrap_only",15.0296106933594,0.332025915384293
"species_4_hist_ice_extrap_only",15.291755065918,0.33225154876709
"species_4_hist_ice_extrap_only",15.5538994384766,0.332481175661087
"species_4_hist_ice_extrap_only",15.8160438110351,0.332714766263962
"species_4_hist_ice_extrap_only",16.0781881835937,0.332952380180359
"species_4_hist_ice_extrap_only",16.3403325561523,0.333193957805634
"species_4_hist_ice_extrap_only",16.6024769287109,0.333439528942108
"species_4_hist_ice_extrap_only",16.8646213012695,0.333689123392105
"species_4_hist_ice_extrap_only",17.1267656738281,0.33394268155098
"species_4_hist_ice_extrap_only",17.3889100463867,0.334200292825699
"species_4_hist_ice_extrap_only",17.6510544189453,0.334461897611618
"species_4_hist_ice_extrap_only",17.9131987915039,0.33472752571106
"species_4_hist_ice_extrap_only",18.1753431640625,0.334997177124023
"species_4_hist_ice_extrap_only",18.4374875366211,0.33527085185051
"species_4_hist_ice_extrap_only",18.6996319091797,0.335548549890518
"species_4_hist_ice_extrap_only",18.9617762817383,0.335830301046371
"species_4_hist_ice_extrap_only",19.2239206542969,0.336116105318069
"species_4_hist_ice_extrap_only",19.4860650268555,0.33640593290329
"species_4_hist_ice_extrap_only",19.748209399414,0.336699813604355
"species_4_hist_ice_extrap_only",20.0103537719726,0.336997747421265
"species_4_hist_ice_extrap_only",20.2724981445312,0.337299764156342
"species_4_hist_ice_extrap_only",20.5346425170898,0.337605834007263
"species_4_hist_ice_extrap_only",20.7967868896484,0.33791595697403
"species_4_hist_ice_extrap_only",21.058931262207,0.338230192661285
"species_4_hist_ice_extrap_only",21.3210756347656,0.338548481464386
"species_4_hist_ice_extrap_only",21.5832200073242,0.338870853185654
"species_4_hist_ice_extrap_only",21.8453643798828,0.339197337627411
"species_4_hist_ice_extrap_only",22.1075087524414,0.339527904987335
"species_4_hist_ice_extrap_only",22.369653125,0.339862585067749
"species_4_hist_ice_extrap_only",22.6317974975586,0.340201377868652
"species_4_hist_ice_extrap_only",22.8939418701172,0.340544283390045
"species_4_hist_ice_extrap_only",23.1560862426758,0.340891301631927
"species_4_hist_ice_extrap_only",23.4182306152344,0.341242432594299
"species_4_hist_ice_extrap_only",23.680374987793,0.341597706079483
"species_4_hist_ice_extrap_only",23.9425193603516,0.341957092285156
"species_4_hist_ice_extrap_only",24.2046637329101,0.342320650815964
"species_4_hist_ice_extrap_only",24.4668081054687,0.342688351869583
"species_4_hist_ice_extrap_only",24.7289524780273,0.343060195446014
"species_4_hist_ice_extrap_only",24.9910968505859,0.34343621134758
"species_4_hist_ice_extrap_only",25.2532412231445,0.343816369771957
"species_4_hist_ice_extrap_only",25.5153855957031,0.344200700521469
"species_4_hist_ice_extrap_only",25.7775299682617,0.344589233398438
"species_4_hist_ice_extrap_only",26.0396743408203,0.34498193860054
"species_4_hist_ice_extrap_only",26.3018187133789,0.345378816127777
"species_4_hist_ice_extrap_only",26.5639630859375,0.345779895782471
"species_4_hist_ice_extrap_only",26.8261074584961,0.346185177564621
"species_4_hist_ice_extrap_only",27.0882518310547,0.346594661474228
"species_4_hist_ice_extrap_only",27.3503962036133,0.347008377313614
"species_4_hist_ice_extrap_only",27.6125405761719,0.347426295280457
"species_4_hist_ice_extrap_only",27.8746849487305,0.347848415374756
"species_4_hist_ice_extrap_only",28.136829321289,0.348274797201157
"species_4_hist_ice_extrap_only",28.3989736938476,0.348705410957336
"species_4_hist_ice_extrap_only",28.6611180664062,0.349140286445618
"species_4_hist_ice_extrap_only",28.9232624389648,0.349579393863678
"species_4_hist_ice_extrap_only",29.1854068115234,0.35002276301384
"species_4_hist_ice_extrap_only",29.447551184082,0.350470393896103
"species_4_hist_ice_extrap_only",29.7096955566406,0.350922286510468
"species_4_hist_ice_extrap_only",29.9718399291992,0.351378440856934
"species_4_hist_ice_extrap_only",30.2339843017578,0.351838916540146
"species_4_hist_ice_extrap_only",30.4961286743164,0.35230365395546
"species_4_hist_ice_extrap_only",30.758273046875,0.352772682905197
"species_4_hist_ice_extrap_only",31.0204174194336,0.353246033191681
"species_4_hist_ice_extrap_only",31.2825617919922,0.353723675012589
"species_4_hist_ice_extrap_only",31.5447061645508,0.354205667972565
"species_4_hist_ice_extrap_only",31.8068505371094,0.354691952466965
"species_4_hist_ice_extrap_only",32.068994909668,0.355182558298111
"species_4_hist_ice_extrap_only",32.3311392822265,0.355677515268326
"species_4_hist_ice_extrap_only",32.5932836547851,0.356176823377609
"species_4_hist_ice_extrap_only",32.8554280273437,0.356680452823639
"species_4_hist_ice_extrap_only",33.1175723999023,0.35718846321106
"species_4_hist_ice_extrap_only",33.3797167724609,0.357700824737549
"species_4_hist_ice_extrap_only",33.6418611450195,0.358217537403107
"species_4_hist_ice_extrap_only",33.9040055175781,0.358738660812378
"species_4_hist_ice_extrap_only",34.1661498901367,0.359264135360718
"species_4_hist_ice_extrap_only",34.4282942626953,0.359794020652771
"species_4_hist_ice_extrap_only",34.6904386352539,0.360328286886215
"species_4_hist_ice_extrap_only",34.9525830078125,0.360866963863373
"species_4_hist_ice_extrap_only",35.2147273803711,0.361410051584244
"species_4_hist_ice_extrap_only",35.4768717529297,0.361957550048828
"species_4_hist_ice_extrap_only",35.7390161254883,0.362509489059448
"species_4_hist_ice_extrap_only",36.0011604980469,0.363065838813782
"species_4_hist_ice_extrap_only",36.2633048706054,0.363626629114151
"species_4_hist_ice_extrap_only",36.525449243164,0.364191859960556
"species_4_hist_ice_extrap_only",36.7875936157226,0.364761561155319
"species_4_hist_ice_extrap_only",37.0497379882812,0.365335702896118
"species_4_hist_ice_extrap_only",37.3118823608398,0.365914314985275
"species_4_hist_ice_extrap_only",37.5740267333984,0.366497367620468
"species_4_hist_ice_extrap_only",37.836171105957,0.367084920406342
"species_4_hist_ice_extrap_only",38.0983154785156,0.367676973342896
"species_4_hist_ice_extrap_only",38.3604598510742,0.368273496627808
"species_4_hist_ice_extrap_only",38.6226042236328,0.368874549865723
"species_4_hist_ice_extrap_only",38.8847485961914,0.369480073451996
"species_4_hist_ice_extrap_only",39.14689296875,0.370090126991272
"species_4_hist_ice_extrap_only",39.4090373413086,0.370704680681229
"species_4_hist_ice_extrap_only",39.6711817138672,0.371323764324188
"species_4_hist_ice_extrap_only",39.9333260864258,0.371947377920151
"species_4_hist_ice_extrap_only",40.1954704589843,0.372575551271439
"species_4_hist_ice_extrap_only",40.4576148315429,0.373208254575729
"species_4_hist_ice_extrap_only",40.7197592041015,0.373845487833023
"species_4_hist_ice_extrap_only",40.9819035766601,0.374487310647964
"species_4_hist_ice_extrap_only",41.2440479492187,0.375133693218231
"species_4_hist_ice_extrap_only",41.5061923217773,0.375784635543823
"species_4_hist_ice_extrap_only",41.7683366943359,0.376440167427063
"species_4_hist_ice_extrap_only",42.0304810668945,0.377100259065628
"species_4_hist_ice_extrap_only",42.2926254394531,0.377764970064163
"species_4_hist_ice_extrap_only",42.5547698120117,0.378434270620346
"species_4_hist_ice_extrap_only",42.8169141845703,0.379108160734177
"species_4_hist_ice_extrap_only",43.0790585571289,0.379786670207977
"species_4_hist_ice_extrap_only",43.3412029296875,0.380469799041748
"species_4_hist_ice_extrap_only",43.6033473022461,0.381157547235489
"species_4_hist_ice_extrap_only",43.8654916748047,0.3818499147892
"species_4_hist_ice_extrap_only",44.1276360473632,0.382546931505203
"species_4_hist_ice_extrap_only",44.3897804199218,0.383248597383499
"species_4_hist_ice_extrap_only",44.6519247924804,0.383954882621765
"species_4_hist_ice_extrap_only",44.914069165039,0.384665846824646
"species_4_hist_ice_extrap_only",45.1762135375976,0.385381460189819
"species_4_hist_ice_extrap_only",45.4383579101562,0.386101722717285
"species_4_hist_ice_extrap_only",45.7005022827148,0.386826664209366
"species_4_hist_ice_extrap_only",45.9626466552734,0.387556284666061
"species_4_hist_ice_extrap_only",46.224791027832,0.388290613889694
"species_4_hist_ice_extrap_only",46.4869354003906,0.38902959227562
"species_4_hist_ice_extrap_only",46.7490797729492,0.389773279428482
"species_4_hist_ice_extrap_only",47.0112241455078,0.390521675348282
"species_4_hist_ice_extrap_only",47.2733685180664,0.391274750232696
"species_4_hist_ice_extrap_only",47.535512890625,0.392032563686371
"species_4_hist_ice_extrap_only",47.7976572631836,0.392795085906982
"species_4_hist_ice_extrap_only",48.0598016357422,0.393562316894531
"species_4_hist_ice_extrap_only",48.3219460083008,0.39433428645134
"species_4_hist_ice_extrap_only",48.5840903808594,0.395110964775086
"species_4_hist_ice_extrap_only",48.8462347534179,0.395892411470413
"species_4_hist_ice_extrap_only",49.1083791259765,0.396678566932678
"species_4_hist_ice_extrap_only",49.3705234985351,0.397469490766525
"species_4_hist_ice_extrap_only",49.6326678710937,0.398265153169632
"species_4_hist_ice_extrap_only",49.8948122436523,0.399065583944321
"species_4_hist_ice_extrap_only",50.1569566162109,0.399870783090591
"species_4_hist_ice_extrap_only",50.4191009887695,0.400680720806122
"species_4_hist_ice_extrap_only",50.6812453613281,0.401495426893234
"species_4_hist_ice_extrap_only",50.9433897338867,0.402314931154251
"species_4_hist_ice_extrap_only",51.2055341064453,0.40313920378685
"species_4_hist_ice_extrap_only",51.4676784790039,0.403968274593353
"species_4_hist_ice_extrap_only",51.7298228515625,0.404802113771439
"species_4_hist_ice_extrap_only",51.9919672241211,0.405640721321106
"species_4_hist_ice_extrap_only",52.2541115966796,0.406484156847
"species_4_hist_ice_extrap_only",52.5162559692382,0.407332390546799
"species_4_hist_ice_extrap_only",52.7784003417969,0.408185422420502
"species_4_hist_ice_extrap_only",53.0405447143554,0.409043252468109
"species_4_hist_ice_extrap_only",53.302689086914,0.409905880689621
"species_4_hist_ice_extrap_only",53.5648334594726,0.41077333688736
"species_4_hist_ice_extrap_only",53.8269778320312,0.411645591259003
"species_4_hist_ice_extrap_only",54.0891222045898,0.412522673606873
"species_4_hist_ice_extrap_only",54.3512665771484,0.413404583930969
"species_4_hist_ice_extrap_only",54.613410949707,0.41429129242897
"species_4_hist_ice_extrap_only",54.8755553222656,0.415182858705521
"species_4_hist_ice_extrap_only",55.1376996948242,0.416079223155975
"species_4_hist_ice_extrap_only",55.3998440673828,0.416980445384979
"species_4_hist_ice_extrap_only",55.6619884399414,0.41788649559021
"species_4_hist_ice_extrap_only",55.9241328125,0.418797373771667
"species_4_hist_ice_extrap_only",56.1862771850586,0.419713109731674
"species_4_hist_ice_extrap_only",56.4484215576172,0.420633673667908
"species_4_hist_ice_extrap_only",56.7105659301757,0.421559065580368
"species_4_hist_ice_extrap_only",56.9727103027343,0.422489315271378
"species_4_hist_ice_extrap_only",57.2348546752929,0.423424392938614
"species_4_hist_ice_extrap_only",57.4969990478515,0.424364328384399
"species_4_hist_ice_extrap_only",57.7591434204101,0.425309091806412
"species_4_hist_ice_extrap_only",58.0212877929687,0.426258713006973
"species_4_hist_ice_extrap_only",58.2834321655273,0.427213191986084
"species_4_hist_ice_extrap_only",58.5455765380859,0.428172528743744
"species_4_hist_ice_extrap_only",58.8077209106445,0.429136693477631
"species_4_hist_ice_extrap_only",59.0698652832031,0.430105715990066
"species_4_hist_ice_extrap_only",59.3320096557617,0.431079596281052
"species_4_hist_ice_extrap_only",59.5941540283203,0.432058304548264
"species_4_hist_ice_extrap_only",59.8562984008789,0.433041870594025
"species_4_hist_ice_extrap_only",60.1184427734375,0.434030294418335
"species_4_hist_ice_extrap_only",60.3805871459961,0.435023576021194
"species_4_hist_ice_extrap_only",60.6427315185547,0.436021685600281
"species_4_hist_ice_extrap_only",60.9048758911132,0.437024652957916
"species_4_hist_ice_extrap_only",61.1670202636718,0.438032418489456
"species_4_hist_ice_extrap_only",61.4291646362304,0.439045071601868
"species_4_hist_ice_extrap_only",61.691309008789,0.440062582492828
"species_4_hist_ice_extrap_only",61.9534533813476,0.441084891557693
"species_4_hist_ice_extrap_only",62.2155977539062,0.442112058401108
"species_4_hist_ice_extrap_only",62.4777421264648,0.443144053220749
"species_4_hist_ice_extrap_only",62.7398864990234,0.444180905818939
"species_4_hist_ice_extrap_only",63.002030871582,0.445222556591034
"species_4_hist_ice_extrap_only",63.2641752441406,0.446269065141678
"species_4_hist_ice_extrap_only",63.5263196166992,0.447320371866226
"species_4_hist_ice_extrap_only",63.7884639892578,0.448376506567001
"species_4_hist_ice_extrap_only",64.0506083618164,0.449437469244003
"species_4_hist_ice_extrap_only",64.312752734375,0.45050323009491
"species_4_hist_ice_extrap_only",64.5748971069336,0.451573818922043
"species_4_hist_ice_extrap_only",64.8370414794921,0.452649235725403
"species_4_hist_ice_extrap_only",65.0991858520508,0.453729391098022
"species_4_hist_ice_extrap_only",65.3613302246093,0.454814374446869
"species_4_hist_ice_extrap_only",65.6234745971679,0.45590415596962
"species_4_hist_ice_extrap_only",65.8856189697265,0.456998735666275
"species_4_hist_ice_extrap_only",66.1477633422851,0.458098083734512
"species_4_hist_ice_extrap_only",66.4099077148437,0.459202200174332
"species_4_hist_ice_extrap_only",66.6720520874023,0.460311084985733
"species_4_hist_ice_extrap_only",66.9341964599609,0.461424767971039
"species_4_hist_ice_extrap_only",67.1963408325195,0.462543189525604
"species_4_hist_ice_extrap_only",67.4584852050781,0.463666349649429
"species_4_hist_ice_extrap_only",67.7206295776367,0.464794248342514
"species_4_hist_ice_extrap_only",67.9827739501953,0.465926885604858
"species_4_hist_ice_extrap_only",68.2449183227539,0.467064261436462
"species_4_hist_ice_extrap_only",68.5070626953125,0.468206375837326
"species_4_hist_ice_extrap_only",68.769207067871,0.469353199005127
"species_4_hist_ice_extrap_only",69.0313514404296,0.47050467133522
"species_4_hist_ice_extrap_only",69.2934958129882,0.471660912036896
"species_4_hist_ice_extrap_only",69.5556401855468,0.472821801900864
"species_4_hist_ice_extrap_only",69.8177845581054,0.473987400531769
"species_4_hist_ice_extrap_only",70.079928930664,0.475157618522644
"species_4_hist_ice_extrap_only",70.3420733032226,0.476332545280456
"species_4_hist_ice_extrap_only",70.6042176757812,0.477512121200562
"species_4_hist_ice_extrap_only",70.8663620483398,0.478696316480637
"species_4_hist_ice_extrap_only",71.1285064208984,0.479885160923004
"species_4_hist_ice_extrap_only",71.390650793457,0.481078594923019
"species_4_hist_ice_extrap_only",71.6527951660156,0.482276648283005
"species_4_hist_ice_extrap_only",71.9149395385742,0.48347932100296
"species_4_hist_ice_extrap_only",72.1770839111328,0.484686553478241
"species_4_hist_ice_extrap_only",72.4392282836914,0.485898375511169
"species_4_hist_ice_extrap_only",72.70137265625,0.487114697694778
"species_4_hist_ice_extrap_only",72.9635170288086,0.488335639238358
"species_4_hist_ice_extrap_only",73.2256614013671,0.489561080932617
"species_4_hist_ice_extrap_only",73.4878057739257,0.490791082382202
"species_4_hist_ice_extrap_only",73.7499501464843,0.492025524377823
"species_4_hist_ice_extrap_only",74.0120945190429,0.493264496326446
"species_4_hist_ice_extrap_only",74.2742388916015,0.494507968425751
"species_4_hist_ice_extrap_only",74.5363832641601,0.495755881071091
"species_4_hist_ice_extrap_only",74.7985276367187,0.497008264064789
"species_4_hist_ice_extrap_only",75.0606720092773,0.498265027999878
"species_4_hist_ice_extrap_only",75.3228163818359,0.499526262283325
"species_4_hist_ice_extrap_only",75.5849607543945,0.500791907310486
"species_4_hist_ice_extrap_only",75.8471051269531,0.502061903476715
"species_4_hist_ice_extrap_only",76.1092494995117,0.503336310386658
"species_4_hist_ice_extrap_only",76.3713938720703,0.504615008831024
"species_4_hist_ice_extrap_only",76.6335382446289,0.50671923160553
"species_4_hist_ice_extrap_only",76.8956826171875,0.510487616062164
"species_4_hist_ice_extrap_only",77.157826989746,0.514764130115509
"species_4_hist_ice_extrap_only",77.4199713623047,0.519283831119537
"species_4_hist_ice_extrap_only",77.6821157348632,0.525824844837189
"species_4_hist_ice_extrap_only",77.9442601074218,0.533190131187439
"species_4_hist_ice_extrap_only",78.2064044799804,0.540836572647095
"species_4_hist_ice_extrap_only",78.468548852539,0.549393236637115
"species_4_hist_ice_extrap_only",78.7306932250976,0.558103621006012
"species_4_hist_ice_extrap_only",78.9928375976562,0.566797852516174
"species_4_hist_ice_extrap_only",79.2549819702148,0.575455546379089
"species_4_hist_ice_extrap_only",79.5171263427734,0.584071397781372
"species_4_hist_ice_extrap_only",79.779270715332,0.592640399932861
"species_4_hist_ice_extrap_only",80.0414150878906,0.601157426834106
"species_4_hist_ice_extrap_only",80.3035594604492,0.609618127346039
"species_4_hist_ice_extrap_only",80.5657038330078,0.618017494678497
"species_4_hist_ice_extrap_only",80.8278482055664,0.626351058483124
"species_4_hist_ice_extrap_only",81.089992578125,0.634614408016205
"species_4_hist_ice_extrap_only",81.3521369506836,0.642803013324738
"species_4_hist_ice_extrap_only",81.6142813232421,0.650913238525391
"species_4_hist_ice_extrap_only",81.8764256958007,0.658941030502319
"species_4_hist_ice_extrap_only",82.1385700683593,0.666882574558258
"species_4_hist_ice_extrap_only",82.4007144409179,0.674734115600586
"species_4_hist_ice_extrap_only",82.6628588134765,0.682492733001709
"species_4_hist_ice_extrap_only",82.9250031860351,0.690155029296875
"species_4_hist_ice_extrap_only",83.1871475585937,0.697718024253845
"species_4_hist_ice_extrap_only",83.4492919311523,0.70517897605896
"species_4_hist_ice_extrap_only",83.7114363037109,0.712534964084625
"species_4_hist_ice_extrap_only",83.9735806762695,0.719784200191498
"species_4_hist_ice_extrap_only",84.2357250488281,0.726924121379852
"species_4_hist_ice_extrap_only",84.4978694213867,0.733952760696411
"species_4_hist_ice_extrap_only",84.7600137939453,0.740868389606476
"species_4_hist_ice_extrap_only",85.0221581665039,0.747669219970703
"species_4_hist_ice_extrap_only",85.2843025390625,0.754354178905487
"species_4_hist_ice_extrap_only",85.546446911621,0.760921835899353
"species_4_hist_ice_extrap_only",85.8085912841796,0.76737117767334
"species_4_hist_ice_extrap_only",86.0707356567382,0.773701250553131
"species_4_hist_ice_extrap_only",86.3328800292968,0.779911577701569
"species_4_hist_ice_extrap_only",86.5950244018554,0.786001682281494
"species_4_hist_ice_extrap_only",86.857168774414,0.791971027851105
"species_4_hist_ice_extrap_only",87.1193131469726,0.797819554805756
"species_4_hist_ice_extrap_only",87.3814575195312,0.803547084331512
"species_4_hist_ice_extrap_only",87.6436018920898,0.809154033660889
"species_4_hist_ice_extrap_only",87.9057462646484,0.814640522003174
"species_4_hist_ice_extrap_only",88.167890637207,0.820006966590881
"species_4_hist_ice_extrap_only",88.4300350097656,0.825253903865814
"species_4_hist_ice_extrap_only",88.6921793823242,0.830381870269775
"species_4_hist_ice_extrap_only",88.9543237548828,0.835391938686371
"species_4_hist_ice_extrap_only",89.2164681274414,0.840284824371338
"species_4_hist_ice_extrap_only",89.4786125,0.845061540603638
"species_4_hist_ice_extrap_only",89.7407568725585,0.849723100662231
"species_4_hist_ice_extrap_only",90.0029012451171,0.854270875453949
"species_4_hist_ice_extrap_only",90.2650456176757,0.858706057071686
"species_4_hist_ice_extrap_only",90.5271899902343,0.863029956817627
"species_4_hist_ice_extrap_only",90.7893343627929,0.867244064807892
"species_4_hist_ice_extrap_only",91.0514787353515,0.871349692344666
"species_4_hist_ice_extrap_only",91.3136231079101,0.875348627567291
"species_4_hist_ice_extrap_only",91.5757674804687,0.879242300987244
"species_4_hist_ice_extrap_only",91.8379118530273,0.883032500743866
"species_4_hist_ice_extrap_only",92.1000562255859,0.886720776557922
"species_4_hist_ice_extrap_only",92.3622005981445,0.890308856964111
"species_4_hist_ice_extrap_only",92.6243449707031,0.893798649311066
"species_4_hist_ice_extrap_only",92.8864893432617,0.897191822528839
"species_4_hist_ice_extrap_only",93.1486337158202,0.900490283966064
"species_4_hist_ice_extrap_only",93.4107780883789,0.90369576215744
"species_4_hist_ice_extrap_only",93.6729224609374,0.906810104846954
"species_4_hist_ice_extrap_only",93.935066833496,0.909835278987884
"species_4_hist_ice_extrap_only",94.1972112060546,0.912773132324219
"species_4_hist_ice_extrap_only",94.4593555786132,0.9156254529953
"species_4_hist_ice_extrap_only",94.7214999511718,0.918394088745117
"species_4_hist_ice_extrap_only",94.9836443237304,0.921081066131592
"species_4_hist_ice_extrap_only",95.245788696289,0.923688173294067
"species_4_hist_ice_extrap_only",95.5079330688476,0.926217257976532
"species_4_hist_ice_extrap_only",95.7700774414062,0.928670167922974
"species_4_hist_ice_extrap_only",96.0322218139648,0.931048631668091
"species_4_hist_ice_extrap_only",96.2943661865234,0.933354675769806
"species_4_hist_ice_extrap_only",96.556510559082,0.935589969158173
"species_4_hist_ice_extrap_only",96.8186549316406,0.937756359577179
"species_4_hist_ice_extrap_only",97.0807993041992,0.939855515956879
"species_4_hist_ice_extrap_only",97.3429436767578,0.94188916683197
"species_4_hist_ice_extrap_only",97.6050880493164,0.943859159946442
"species_4_hist_ice_extrap_only",97.867232421875,0.945767104625702
"species_4_hist_ice_extrap_only",98.1293767944335,0.94761472940445
"species_4_hist_ice_extrap_only",98.3915211669921,0.949403524398804
"species_4_hist_ice_extrap_only",98.6536655395507,0.951135277748108
"species_4_hist_ice_extrap_only",98.9158099121093,0.952811479568481
"species_4_hist_ice_extrap_only",99.1779542846679,0.954433679580688
"species_4_hist_ice_extrap_only",99.4400986572265,0.956003487110138
"species_4_hist_ice_extrap_only",99.7022430297851,0.95752227306366
"species_4_hist_ice_extrap_only",99.9643874023437,0.958991587162018
"species_4_hist_ice_extrap_only",100.226531774902,0.960412859916687
"species_4_hist_ice_extrap_only",100.488676147461,0.961787462234497
"species_4_hist_ice_extrap_only",100.750820520019,0.963116824626923
"species_4_hist_ice_extrap_only",101.012964892578,0.964402198791504
"species_4_hist_ice_extrap_only",101.275109265137,0.965645015239716
"species_4_hist_ice_extrap_only",101.537253637695,0.966846466064453
"species_4_hist_ice_extrap_only",101.799398010254,0.968007862567902
"species_4_hist_ice_extrap_only",102.061542382812,0.969130396842956
"species_4_hist_ice_extrap_only",102.323686755371,0.970215260982513
"species_4_hist_ice_extrap_only",102.58583112793,0.971263587474823
"species_4_hist_ice_extrap_only",102.847975500488,0.972276568412781
"species_4_hist_ice_extrap_only",103.110119873047,0.973255276679993
"species_4_hist_ice_extrap_only",103.372264245605,0.974200785160065
"species_4_hist_ice_extrap_only",103.634408618164,0.975114166736603
"species_4_hist_ice_extrap_only",103.896552990723,0.975996434688568
"species_4_hist_ice_extrap_only",104.158697363281,0.976848542690277
"species_4_hist_ice_extrap_only",104.42084173584,0.977671504020691
"species_4_hist_ice_extrap_only",104.682986108398,0.978466153144836
"species_4_hist_ice_extrap_only",104.945130480957,0.97923356294632
"species_4_hist_ice_extrap_only",105.207274853516,0.979974508285522
"species_4_hist_ice_extrap_only",105.469419226074,0.980689883232117
"species_4_hist_ice_extrap_only",105.731563598633,0.981380462646484
"species_4_hist_ice_extrap_only",105.993707971191,0.982047140598297
"species_4_hist_ice_extrap_only",106.25585234375,0.982690632343292
"species_4_hist_ice_extrap_only",106.517996716309,0.983311772346497
"species_4_hist_ice_extrap_only",106.780141088867,0.983911275863648
"species_4_hist_ice_extrap_only",107.042285461426,0.984489798545837
"species_4_hist_ice_extrap_only",107.304429833984,0.985048174858093
"species_4_hist_ice_extrap_only",107.566574206543,0.985586941242218
"species_4_hist_ice_extrap_only",107.828718579102,0.986106812953949
"species_4_hist_ice_extrap_only",108.09086295166,0.986608445644379
"species_4_hist_ice_extrap_only",108.353007324219,0.98709237575531
"species_4_hist_ice_extrap_only",108.615151696777,0.987559258937836
"species_4_hist_ice_extrap_only",108.877296069336,0.988009750843048
"species_4_hist_ice_extrap_only",109.139440441894,0.988444268703461
"species_4_hist_ice_extrap_only",109.401584814453,0.988585650920868
"species_4_hist_ice_extrap_only",109.663729187012,0.988585650920868
"species_4_hist_ice_extrap_only",109.92587355957,0.988585650920868
"species_4_hist_ice_extrap_only",110.188017932129,0.988585650920868
"species_4_hist_ice_extrap_only",110.450162304687,0.988585650920868
"species_4_hist_ice_extrap_only",110.712306677246,0.988585650920868
"species_4_hist_ice_extrap_only",110.974451049805,0.988585650920868
"species_4_hist_ice_extrap_only",111.236595422363,0.988585650920868
"species_4_hist_ice_extrap_only",111.498739794922,0.988585650920868
"species_4_hist_ice_extrap_only",111.76088416748,0.988585650920868
"species_4_hist_ice_extrap_only",112.023028540039,0.988585650920868
"species_4_hist_ice_extrap_only",112.285172912598,0.988585650920868
"species_4_hist_ice_extrap_only",112.547317285156,0.988585650920868
"species_4_hist_ice_extrap_only",112.809461657715,0.988585650920868
"species_4_hist_ice_extrap_only",113.071606030273,0.988585650920868
"species_4_hist_ice_extrap_only",113.333750402832,0.988585650920868
"species_4_hist_ice_extrap_only",113.595894775391,0.988585650920868
"species_4_hist_ice_extrap_only",113.858039147949,0.988585650920868
"species_4_hist_ice_extrap_only",114.120183520508,0.988585650920868
"species_4_hist_ice_extrap_only",114.382327893066,0.988585650920868
"species_4_hist_ice_extrap_only",114.644472265625,0.988585650920868
"species_4_hist_ice_extrap_only",114.906616638184,0.988585650920868
"species_4_hist_ice_extrap_only",115.168761010742,0.988585650920868
"species_4_hist_ice_extrap_only",115.430905383301,0.988585650920868
"species_4_hist_ice_extrap_only",115.693049755859,0.988585650920868
"species_4_hist_ice_extrap_only",115.955194128418,0.988585650920868
"species_4_hist_ice_extrap_only",116.217338500976,0.988585650920868
"species_4_hist_ice_extrap_only",116.479482873535,0.988585650920868
"species_4_hist_ice_extrap_only",116.741627246094,0.988585650920868
"species_4_hist_ice_extrap_only",117.003771618652,0.988585650920868
"species_4_hist_ice_extrap_only",117.265915991211,0.988585650920868
"species_4_hist_ice_extrap_only",117.528060363769,0.988585650920868
"species_4_hist_ice_extrap_only",117.790204736328,0.988585650920868
"species_4_hist_ice_extrap_only",118.052349108887,0.988585650920868
"species_4_hist_ice_extrap_only",118.314493481445,0.988585650920868
"species_4_hist_ice_extrap_only",118.576637854004,0.988585650920868
"species_4_hist_ice_extrap_only",118.838782226562,0.988585650920868
"species_4_hist_ice_extrap_only",119.100926599121,0.988585650920868
"species_4_hist_ice_extrap_only",119.36307097168,0.988585650920868
"species_4_hist_ice_extrap_only",119.625215344238,0.988585650920868
"species_4_hist_ice_extrap_only",119.887359716797,0.988585650920868
"species_4_hist_ice_extrap_only",120.149504089355,0.988585650920868
"species_4_hist_ice_extrap",-10.9226821899414,0.850400269031525
"species_4_hist_ice_extrap",-10.6605378173828,0.850400269031525
"species_4_hist_ice_extrap",-10.3983934448242,0.850400269031525
"species_4_hist_ice_extrap",-10.1362490722656,0.850400269031525
"species_4_hist_ice_extrap",-9.87410469970703,0.850400269031525
"species_4_hist_ice_extrap",-9.61196032714843,0.850400269031525
"species_4_hist_ice_extrap",-9.34981595458984,0.850400269031525
"species_4_hist_ice_extrap",-9.08767158203125,0.850400269031525
"species_4_hist_ice_extrap",-8.82552720947265,0.850400269031525
"species_4_hist_ice_extrap",-8.56338283691406,0.850400269031525
"species_4_hist_ice_extrap",-8.30123846435547,0.850400269031525
"species_4_hist_ice_extrap",-8.03909409179687,0.850400269031525
"species_4_hist_ice_extrap",-7.77694971923828,0.850400269031525
"species_4_hist_ice_extrap",-7.51480534667968,0.850400269031525
"species_4_hist_ice_extrap",-7.25266097412109,0.850400269031525
"species_4_hist_ice_extrap",-6.9905166015625,0.850400269031525
"species_4_hist_ice_extrap",-6.7283722290039,0.850400269031525
"species_4_hist_ice_extrap",-6.46622785644531,0.850400269031525
"species_4_hist_ice_extrap",-6.20408348388672,0.850400269031525
"species_4_hist_ice_extrap",-5.94193911132812,0.850400269031525
"species_4_hist_ice_extrap",-5.67979473876953,0.850400269031525
"species_4_hist_ice_extrap",-5.41765036621094,0.850400269031525
"species_4_hist_ice_extrap",-5.15550599365234,0.850400269031525
"species_4_hist_ice_extrap",-4.89336162109375,0.850400269031525
"species_4_hist_ice_extrap",-4.63121724853516,0.850400269031525
"species_4_hist_ice_extrap",-4.36907287597656,0.850400269031525
"species_4_hist_ice_extrap",-4.10692850341797,0.850400269031525
"species_4_hist_ice_extrap",-3.84478413085937,0.850400269031525
"species_4_hist_ice_extrap",-3.58263975830078,0.850400269031525
"species_4_hist_ice_extrap",-3.32049538574219,0.850400269031525
"species_4_hist_ice_extrap",-3.05835101318359,0.850400269031525
"species_4_hist_ice_extrap",-2.796206640625,0.850400269031525
"species_4_hist_ice_extrap",-2.53406226806641,0.850400269031525
"species_4_hist_ice_extrap",-2.27191789550781,0.850400269031525
"species_4_hist_ice_extrap",-2.00977352294922,0.850400269031525
"species_4_hist_ice_extrap",-1.74762915039063,0.850400269031525
"species_4_hist_ice_extrap",-1.48548477783203,0.850400269031525
"species_4_hist_ice_extrap",-1.22334040527344,0.850400269031525
"species_4_hist_ice_extrap",-0.961196032714845,0.850400269031525
"species_4_hist_ice_extrap",-0.69905166015625,0.850400269031525
"species_4_hist_ice_extrap",-0.436907287597657,0.850400269031525
"species_4_hist_ice_extrap",-0.174762915039064,0.850400269031525
"species_4_hist_ice_extrap",0.0873814575195304,0.849387764930725
"species_4_hist_ice_extrap",0.349525830078123,0.846316635608673
"species_4_hist_ice_extrap",0.611670202636718,0.843194782733917
"species_4_hist_ice_extrap",0.87381457519531,0.840021848678589
"species_4_hist_ice_extrap",1.1359589477539,0.836797416210175
"species_4_hist_ice_extrap",1.3981033203125,0.83352118730545
"species_4_hist_ice_extrap",1.66024769287109,0.830192863941193
"species_4_hist_ice_extrap",1.92239206542969,0.826812207698822
"species_4_hist_ice_extrap",2.18453643798828,0.82337886095047
"species_4_hist_ice_extrap",2.44668081054687,0.819892644882202
"species_4_hist_ice_extrap",2.70882518310547,0.81635332107544
"species_4_hist_ice_extrap",2.97096955566406,0.812760651111603
"species_4_hist_ice_extrap",3.23311392822265,0.809114515781403
"species_4_hist_ice_extrap",3.49525830078125,0.805414795875549
"species_4_hist_ice_extrap",3.75740267333984,0.801661252975464
"species_4_hist_ice_extrap",4.01954704589843,0.797853887081146
"species_4_hist_ice_extrap",4.28169141845703,0.793992578983307
"species_4_hist_ice_extrap",4.54383579101562,0.790077328681946
"species_4_hist_ice_extrap",4.80598016357422,0.786108076572418
"species_4_hist_ice_extrap",5.06812453613281,0.782084941864014
"species_4_hist_ice_extrap",5.3302689086914,0.778007864952087
"species_4_hist_ice_extrap",5.59241328125,0.773876965045929
"species_4_hist_ice_extrap",5.85455765380859,0.769692361354828
"species_4_hist_ice_extrap",6.11670202636718,0.765454232692719
"species_4_hist_ice_extrap",6.37884639892578,0.761162757873535
"species_4_hist_ice_extrap",6.64099077148437,0.756818115711212
"species_4_hist_ice_extrap",6.90313514404296,0.752420544624329
"species_4_hist_ice_extrap",7.16527951660156,0.747970402240753
"species_4_hist_ice_extrap",7.42742388916015,0.743468046188354
"species_4_hist_ice_extrap",7.68956826171875,0.738913714885712
"species_4_hist_ice_extrap",7.95171263427734,0.734307944774628
"species_4_hist_ice_extrap",8.21385700683593,0.729651093482971
"species_4_hist_ice_extrap",8.47600137939453,0.7249436378479
"species_4_hist_ice_extrap",8.73814575195312,0.720186114311218
"species_4_hist_ice_extrap",9.00029012451171,0.715379118919373
"species_4_hist_ice_extrap",9.26243449707031,0.710523188114166
"species_4_hist_ice_extrap",9.5245788696289,0.705619037151337
"species_4_hist_ice_extrap",9.78672324218749,0.700667262077332
"species_4_hist_ice_extrap",10.0488676147461,0.695668637752533
"species_4_hist_ice_extrap",10.3110119873047,0.690623879432678
"species_4_hist_ice_extrap",10.5731563598633,0.685533821582794
"species_4_hist_ice_extrap",10.8353007324219,0.680399239063263
"species_4_hist_ice_extrap",11.0974451049805,0.675221085548401
"species_4_hist_ice_extrap",11.3595894775391,0.67000025510788
"species_4_hist_ice_extrap",11.6217338500976,0.664737701416016
"species_4_hist_ice_extrap",11.8838782226562,0.659434378147125
"species_4_hist_ice_extrap",12.1460225952148,0.654091358184814
"species_4_hist_ice_extrap",12.4081669677734,0.648709714412689
"species_4_hist_ice_extrap",12.670311340332,0.643290519714355
"species_4_hist_ice_extrap",12.9324557128906,0.637834966182709
"species_4_hist_ice_extrap",13.1946000854492,0.632344186306
"species_4_hist_ice_extrap",13.4567444580078,0.626819491386414
"species_4_hist_ice_extrap",13.7188888305664,0.621261954307556
"species_4_hist_ice_extrap",13.981033203125,0.615673005580902
"species_4_hist_ice_extrap",14.2431775756836,0.610053896903992
"species_4_hist_ice_extrap",14.5053219482422,0.604405999183655
"species_4_hist_ice_extrap",14.7674663208008,0.598730623722076
"species_4_hist_ice_extrap",15.0296106933594,0.593029260635376
"species_4_hist_ice_extrap",15.291755065918,0.587303280830383
"species_4_hist_ice_extrap",15.5538994384766,0.581554114818573
"species_4_hist_ice_extrap",15.8160438110351,0.575783371925354
"species_4_hist_ice_extrap",16.0781881835937,0.569992423057556
"species_4_hist_ice_extrap",16.3403325561523,0.564182817935944
"species_4_hist_ice_extrap",16.6024769287109,0.55835610628128
"species_4_hist_ice_extrap",16.8646213012695,0.552513897418976
"species_4_hist_ice_extrap",17.1267656738281,0.546657741069794
"species_4_hist_ice_extrap",17.3889100463867,0.540789186954498
"species_4_hist_ice_extrap",17.6510544189453,0.534909904003143
"species_4_hist_ice_extrap",17.9131987915039,0.529021501541138
"species_4_hist_ice_extrap",18.1753431640625,0.52312558889389
"species_4_hist_ice_extrap",18.4374875366211,0.517223834991455
"species_4_hist_ice_extrap",18.6996319091797,0.511317789554596
"species_4_hist_ice_extrap",18.9617762817383,0.505409181118011
"species_4_hist_ice_extrap",19.2239206542969,0.499499708414078
"species_4_hist_ice_extrap",19.4860650268555,0.493590921163559
"species_4_hist_ice_extrap",19.748209399414,0.487684547901154
"species_4_hist_ice_extrap",20.0103537719726,0.481782168149948
"species_4_hist_ice_extrap",20.2724981445312,0.475885421037674
"species_4_hist_ice_extrap",20.5346425170898,0.470268756151199
"species_4_hist_ice_extrap",20.7967868896484,0.464674115180969
"species_4_hist_ice_extrap",21.058931262207,0.459088921546936
"species_4_hist_ice_extrap",21.3210756347656,0.453514575958252
"species_4_hist_ice_extrap",21.5832200073242,0.447952449321747
"species_4_hist_ice_extrap",21.8453643798828,0.442403882741928
"species_4_hist_ice_extrap",22.1075087524414,0.436870187520981
"species_4_hist_ice_extrap",22.369653125,0.43135279417038
"species_4_hist_ice_extrap",22.6317974975586,0.425852984189987
"species_4_hist_ice_extrap",22.8939418701172,0.420372009277344
"species_4_hist_ice_extrap",23.1560862426758,0.414911150932312
"species_4_hist_ice_extrap",23.4182306152344,0.409471690654755
"species_4_hist_ice_extrap",23.680374987793,0.404054880142212
"species_4_hist_ice_extrap",23.9425193603516,0.398661881685257
"species_4_hist_ice_extrap",24.2046637329101,0.39329394698143
"species_4_hist_ice_extrap",24.4668081054687,0.387952208518982
"species_4_hist_ice_extrap",24.7289524780273,0.382637828588486
"species_4_hist_ice_extrap",24.9910968505859,0.37735190987587
"species_4_hist_ice_extrap",25.2532412231445,0.372095555067062
"species_4_hist_ice_extrap",25.5153855957031,0.36686983704567
"species_4_hist_ice_extrap",25.7775299682617,0.361675709486008
"species_4_hist_ice_extrap",26.0396743408203,0.356948494911194
"species_4_hist_ice_extrap",26.3018187133789,0.354782313108444
"species_4_hist_ice_extrap",26.5639630859375,0.354335337877274
"species_4_hist_ice_extrap",26.8261074584961,0.354390054941177
"species_4_hist_ice_extrap",27.0882518310547,0.354445308446884
"species_4_hist_ice_extrap",27.3503962036133,0.354501128196716
"species_4_hist_ice_extrap",27.6125405761719,0.354557454586029
"species_4_hist_ice_extrap",27.8746849487305,0.354614347219467
"species_4_hist_ice_extrap",28.136829321289,0.354671746492386
"species_4_hist_ice_extrap",28.3989736938476,0.35472971200943
"species_4_hist_ice_extrap",28.6611180664062,0.354788213968277
"species_4_hist_ice_extrap",28.9232624389648,0.354847282171249
"species_4_hist_ice_extrap",29.1854068115234,0.354906857013702
"species_4_hist_ice_extrap",29.447551184082,0.354966998100281
"species_4_hist_ice_extrap",29.7096955566406,0.355027675628662
"species_4_hist_ice_extrap",29.9718399291992,0.355088889598846
"species_4_hist_ice_extrap",30.2339843017578,0.355150640010834
"species_4_hist_ice_extrap",30.4961286743164,0.355212956666946
"species_4_hist_ice_extrap",30.758273046875,0.35527577996254
"species_4_hist_ice_extrap",31.0204174194336,0.355339169502258
"species_4_hist_ice_extrap",31.2825617919922,0.355403125286102
"species_4_hist_ice_extrap",31.5447061645508,0.355467587709427
"species_4_hist_ice_extrap",31.8068505371094,0.355532616376877
"species_4_hist_ice_extrap",32.068994909668,0.355598151683807
"species_4_hist_ice_extrap",32.3311392822265,0.355664253234863
"species_4_hist_ice_extrap",32.5932836547851,0.355730921030045
"species_4_hist_ice_extrap",32.8554280273437,0.355798095464706
"species_4_hist_ice_extrap",33.1175723999023,0.355865836143494
"species_4_hist_ice_extrap",33.3797167724609,0.355934113264084
"species_4_hist_ice_extrap",33.6418611450195,0.356002956628799
"species_4_hist_ice_extrap",33.9040055175781,0.356072306632996
"species_4_hist_ice_extrap",34.1661498901367,0.356142222881317
"species_4_hist_ice_extrap",34.4282942626953,0.356212675571442
"species_4_hist_ice_extrap",34.6904386352539,0.356283694505692
"species_4_hist_ice_extrap",34.9525830078125,0.356355249881744
"species_4_hist_ice_extrap",35.2147273803711,0.3564273416996
"species_4_hist_ice_extrap",35.4768717529297,0.356499969959259
"species_4_hist_ice_extrap",35.7390161254883,0.356573164463043
"species_4_hist_ice_extrap",36.0011604980469,0.356646865606308
"species_4_hist_ice_extrap",36.2633048706054,0.35672116279602
"species_4_hist_ice_extrap",36.525449243164,0.356795966625214
"species_4_hist_ice_extrap",36.7875936157226,0.356871336698532
"species_4_hist_ice_extrap",37.0497379882812,0.356947243213654
"species_4_hist_ice_extrap",37.3118823608398,0.3570237159729
"species_4_hist_ice_extrap",37.5740267333984,0.35710072517395
"species_4_hist_ice_extrap",37.836171105957,0.357178270816803
"species_4_hist_ice_extrap",38.0983154785156,0.357256382703781
"species_4_hist_ice_extrap",38.3604598510742,0.35733500123024
"species_4_hist_ice_extrap",38.6226042236328,0.357414215803146
"species_4_hist_ice_extrap",38.8847485961914,0.357493937015533
"species_4_hist_ice_extrap",39.14689296875,0.357574224472046
"species_4_hist_ice_extrap",39.4090373413086,0.357655078172684
"species_4_hist_ice_extrap",39.6711817138672,0.357736438512802
"species_4_hist_ice_extrap",39.9333260864258,0.357818394899368
"species_4_hist_ice_extrap",40.1954704589843,0.357900857925415
"species_4_hist_ice_extrap",40.4576148315429,0.357983887195587
"species_4_hist_ice_extrap",40.7197592041015,0.358067452907562
"species_4_hist_ice_extrap",40.9819035766601,0.358151584863663
"species_4_hist_ice_extrap",41.2440479492187,0.358236253261566
"species_4_hist_ice_extrap",41.5061923217773,0.358321487903595
"species_4_hist_ice_extrap",41.7683366943359,0.358407258987427
"species_4_hist_ice_extrap",42.0304810668945,0.358493566513062
"species_4_hist_ice_extrap",42.2926254394531,0.358580440282822
"species_4_hist_ice_extrap",42.5547698120117,0.358667850494385
"species_4_hist_ice_extrap",42.8169141845703,0.358755826950073
"species_4_hist_ice_extrap",43.0790585571289,0.358844339847565
"species_4_hist_ice_extrap",43.3412029296875,0.358933389186859
"species_4_hist_ice_extrap",43.6033473022461,0.359023004770279
"species_4_hist_ice_extrap",43.8654916748047,0.359113186597824
"species_4_hist_ice_extrap",44.1276360473632,0.359203904867172
"species_4_hist_ice_extrap",44.3897804199218,0.359295159578323
"species_4_hist_ice_extrap",44.6519247924804,0.3593869805336
"species_4_hist_ice_extrap",44.914069165039,0.359479367733002
"species_4_hist_ice_extrap",45.1762135375976,0.359572291374207
"species_4_hist_ice_extrap",45.4383579101562,0.359665751457214
"species_4_hist_ice_extrap",45.7005022827148,0.359759777784348
"species_4_hist_ice_extrap",45.9626466552734,0.359854370355606
"species_4_hist_ice_extrap",46.224791027832,0.359949499368668
"species_4_hist_ice_extrap",46.4869354003906,0.360045164823532
"species_4_hist_ice_extrap",46.7490797729492,0.360141396522522
"species_4_hist_ice_extrap",47.0112241455078,0.360238194465637
"species_4_hist_ice_extrap",47.2733685180664,0.360335528850555
"species_4_hist_ice_extrap",47.535512890625,0.360433399677277
"species_4_hist_ice_extrap",47.7976572631836,0.360531866550446
"species_4_hist_ice_extrap",48.0598016357422,0.360630869865417
"species_4_hist_ice_extrap",48.3219460083008,0.360730409622192
"species_4_hist_ice_extrap",48.5840903808594,0.360830515623093
"species_4_hist_ice_extrap",48.8462347534179,0.360931158065796
"species_4_hist_ice_extrap",49.1083791259765,0.361032366752625
"species_4_hist_ice_extrap",49.3705234985351,0.361134141683578
"species_4_hist_ice_extrap",49.6326678710937,0.361236453056335
"species_4_hist_ice_extrap",49.8948122436523,0.361339330673218
"species_4_hist_ice_extrap",50.1569566162109,0.361442774534226
"species_4_hist_ice_extrap",50.4191009887695,0.361546754837036
"species_4_hist_ice_extrap",50.6812453613281,0.361651301383972
"species_4_hist_ice_extrap",50.9433897338867,0.361756384372711
"species_4_hist_ice_extrap",51.2055341064453,0.361862033605576
"species_4_hist_ice_extrap",51.4676784790039,0.361968249082565
"species_4_hist_ice_extrap",51.7298228515625,0.362075001001358
"species_4_hist_ice_extrap",51.9919672241211,0.362182319164276
"species_4_hist_ice_extrap",52.2541115966796,0.36229020357132
"species_4_hist_ice_extrap",52.5162559692382,0.362398624420166
"species_4_hist_ice_extrap",52.7784003417969,0.362507611513138
"species_4_hist_ice_extrap",53.0405447143554,0.362617164850235
"species_4_hist_ice_extrap",53.302689086914,0.362727254629135
"species_4_hist_ice_extrap",53.5648334594726,0.362837940454483
"species_4_hist_ice_extrap",53.8269778320312,0.362949132919312
"species_4_hist_ice_extrap",54.0891222045898,0.363060921430588
"species_4_hist_ice_extrap",54.3512665771484,0.363173246383667
"species_4_hist_ice_extrap",54.613410949707,0.363286137580872
"species_4_hist_ice_extrap",54.8755553222656,0.363399595022202
"species_4_hist_ice_extrap",55.1376996948242,0.363513588905334
"species_4_hist_ice_extrap",55.3998440673828,0.363628178834915
"species_4_hist_ice_extrap",55.6619884399414,0.363743275403976
"species_4_hist_ice_extrap",55.9241328125,0.363858968019485
"species_4_hist_ice_extrap",56.1862771850586,0.36397522687912
"species_4_hist_ice_extrap",56.4484215576172,0.364092022180557
"species_4_hist_ice_extrap",56.7105659301757,0.36420938372612
"species_4_hist_ice_extrap",56.9727103027343,0.364327311515808
"species_4_hist_ice_extrap",57.2348546752929,0.364445805549622
"species_4_hist_ice_extrap",57.4969990478515,0.364564836025238
"species_4_hist_ice_extrap",57.7591434204101,0.36468443274498
"species_4_hist_ice_extrap",58.0212877929687,0.364804595708847
"species_4_hist_ice_extrap",58.2834321655273,0.36492532491684
"species_4_hist_ice_extrap",58.5455765380859,0.365046620368958
"species_4_hist_ice_extrap",58.8077209106445,0.365168482065201
"species_4_hist_ice_extrap",59.0698652832031,0.365290880203247
"species_4_hist_ice_extrap",59.3320096557617,0.365413844585419
"species_4_hist_ice_extrap",59.5941540283203,0.365537405014038
"species_4_hist_ice_extrap",59.8562984008789,0.36566150188446
"species_4_hist_ice_extrap",60.1184427734375,0.365786135196686
"species_4_hist_ice_extrap",60.3805871459961,0.365911364555359
"species_4_hist_ice_extrap",60.6427315185547,0.366037160158157
"species_4_hist_ice_extrap",60.9048758911132,0.366163522005081
"species_4_hist_ice_extrap",61.1670202636718,0.366290420293808
"species_4_hist_ice_extrap",61.4291646362304,0.366417914628983
"species_4_hist_ice_extrap",61.691309008789,0.36654594540596
"species_4_hist_ice_extrap",61.9534533813476,0.366674542427063
"species_4_hist_ice_extrap",62.2155977539062,0.366803705692291
"species_4_hist_ice_extrap",62.4777421264648,0.366933465003967
"species_4_hist_ice_extrap",62.7398864990234,0.367063760757446
"species_4_hist_ice_extrap",63.002030871582,0.367194622755051
"species_4_hist_ice_extrap",63.2641752441406,0.36732605099678
"species_4_hist_ice_extrap",63.5263196166992,0.367458045482635
"species_4_hist_ice_extrap",63.7884639892578,0.367590606212616
"species_4_hist_ice_extrap",64.0506083618164,0.367723733186722
"species_4_hist_ice_extrap",64.312752734375,0.367857426404953
"species_4_hist_ice_extrap",64.5748971069336,0.36799168586731
"species_4_hist_ice_extrap",64.8370414794921,0.368126511573792
"species_4_hist_ice_extrap",65.0991858520508,0.368261903524399
"species_4_hist_ice_extrap",65.3613302246093,0.368397861719131
"species_4_hist_ice_extrap",65.6234745971679,0.36853438615799
"species_4_hist_ice_extrap",65.8856189697265,0.368671476840973
"species_4_hist_ice_extrap",66.1477633422851,0.368809163570404
"species_4_hist_ice_extrap",66.4099077148437,0.368947386741638
"species_4_hist_ice_extrap",66.6720520874023,0.369086176156998
"species_4_hist_ice_extrap",66.9341964599609,0.369225561618805
"species_4_hist_ice_extrap",67.1963408325195,0.369365483522415
"species_4_hist_ice_extrap",67.4584852050781,0.369506001472473
"species_4_hist_ice_extrap",67.7206295776367,0.369647085666656
"species_4_hist_ice_extrap",67.9827739501953,0.369788736104965
"species_4_hist_ice_extrap",68.2449183227539,0.369930952787399
"species_4_hist_ice_extrap",68.5070626953125,0.370073735713959
"species_4_hist_ice_extrap",68.769207067871,0.370217084884644
"species_4_hist_ice_extrap",69.0313514404296,0.370361000299454
"species_4_hist_ice_extrap",69.2934958129882,0.370505511760712
"species_4_hist_ice_extrap",69.5556401855468,0.370650559663773
"species_4_hist_ice_extrap",69.8177845581054,0.370796203613281
"species_4_hist_ice_extrap",70.079928930664,0.370942413806915
"species_4_hist_ice_extrap",70.3420733032226,0.371089190244675
"species_4_hist_ice_extrap",70.6042176757812,0.371236562728882
"species_4_hist_ice_extrap",70.8663620483398,0.371384501457214
"species_4_hist_ice_extrap",71.1285064208984,0.37153297662735
"species_4_hist_ice_extrap",71.390650793457,0.371682047843933
"species_4_hist_ice_extrap",71.6527951660156,0.371831715106964
"species_4_hist_ice_extrap",71.9149395385742,0.371981918811798
"species_4_hist_ice_extrap",72.1770839111328,0.37213271856308
"species_4_hist_ice_extrap",72.4392282836914,0.372284084558487
"species_4_hist_ice_extrap",72.70137265625,0.372436016798019
"species_4_hist_ice_extrap",72.9635170288086,0.372588545084
"species_4_hist_ice_extrap",73.2256614013671,0.372741609811783
"species_4_hist_ice_extrap",73.4878057739257,0.372895300388336
"species_4_hist_ice_extrap",73.7499501464843,0.373049527406693
"species_4_hist_ice_extrap",74.0120945190429,0.373204320669174
"species_4_hist_ice_extrap",74.2742388916015,0.373359709978104
"species_4_hist_ice_extrap",74.5363832641601,0.373515695333481
"species_4_hist_ice_extrap",74.7985276367187,0.373672217130661
"species_4_hist_ice_extrap",75.0606720092773,0.373829334974289
"species_4_hist_ice_extrap",75.3228163818359,0.373987048864365
"species_4_hist_ice_extrap",75.5849607543945,0.374145299196243
"species_4_hist_ice_extrap",75.8471051269531,0.37430414557457
"species_4_hist_ice_extrap",76.1092494995117,0.374463587999344
"species_4_hist_ice_extrap",76.3713938720703,0.374623566865921
"species_4_hist_ice_extrap",76.6335382446289,0.374784141778946
"species_4_hist_ice_extrap",76.8956826171875,0.374945312738419
"species_4_hist_ice_extrap",77.157826989746,0.375107049942017
"species_4_hist_ice_extrap",77.4199713623047,0.37526935338974
"species_4_hist_ice_extrap",77.6821157348632,0.375432252883911
"species_4_hist_ice_extrap",77.9442601074218,0.375595718622208
"species_4_hist_ice_extrap",78.2064044799804,0.375759780406952
"species_4_hist_ice_extrap",78.468548852539,0.375924408435822
"species_4_hist_ice_extrap",78.7306932250976,0.376089602708816
"species_4_hist_ice_extrap",78.9928375976562,0.376255393028259
"species_4_hist_ice_extrap",79.2549819702148,0.37642177939415
"species_4_hist_ice_extrap",79.5171263427734,0.376588732004166
"species_4_hist_ice_extrap",79.779270715332,0.377088695764542
"species_4_hist_ice_extrap",80.0414150878906,0.380534082651138
"species_4_hist_ice_extrap",80.3035594604492,0.384802758693695
"species_4_hist_ice_extrap",80.5657038330078,0.389093399047852
"species_4_hist_ice_extrap",80.8278482055664,0.393401861190796
"species_4_hist_ice_extrap",81.089992578125,0.39772754907608
"species_4_hist_ice_extrap",81.3521369506836,0.402069687843323
"species_4_hist_ice_extrap",81.6142813232421,0.406427949666977
"species_4_hist_ice_extrap",81.8764256958007,0.410801559686661
"species_4_hist_ice_extrap",82.1385700683593,0.415189892053604
"species_4_hist_ice_extrap",82.4007144409179,0.419592142105103
"species_4_hist_ice_extrap",82.6628588134765,0.424007922410965
"species_4_hist_ice_extrap",82.9250031860351,0.428436487913132
"species_4_hist_ice_extrap",83.1871475585937,0.432877093553543
"species_4_hist_ice_extrap",83.4492919311523,0.437329083681107
"species_4_hist_ice_extrap",83.7114363037109,0.441791653633118
"species_4_hist_ice_extrap",83.9735806762695,0.446264356374741
"species_4_hist_ice_extrap",84.2357250488281,0.450746327638626
"species_4_hist_ice_extrap",84.4978694213867,0.455236911773682
"species_4_hist_ice_extrap",84.7600137939453,0.45973539352417
"species_4_hist_ice_extrap",85.0221581665039,0.464240878820419
"species_4_hist_ice_extrap",85.2843025390625,0.468752920627594
"species_4_hist_ice_extrap",85.546446911621,0.473270654678345
"species_4_hist_ice_extrap",85.8085912841796,0.477793365716934
"species_4_hist_ice_extrap",86.0707356567382,0.482853025197983
"species_4_hist_ice_extrap",86.3328800292968,0.489346951246262
"species_4_hist_ice_extrap",86.5950244018554,0.495845019817352
"species_4_hist_ice_extrap",86.857168774414,0.502345085144043
"species_4_hist_ice_extrap",87.1193131469726,0.508844971656799
"species_4_hist_ice_extrap",87.3814575195312,0.51534229516983
"species_4_hist_ice_extrap",87.6436018920898,0.521835148334503
"species_4_hist_ice_extrap",87.9057462646484,0.528321266174316
"species_4_hist_ice_extrap",88.167890637207,0.534798383712769
"species_4_hist_ice_extrap",88.4300350097656,0.541264355182648
"species_4_hist_ice_extrap",88.6921793823242,0.547716915607452
"species_4_hist_ice_extrap",88.9543237548828,0.554154217243195
"species_4_hist_ice_extrap",89.2164681274414,0.560573935508728
"species_4_hist_ice_extrap",89.4786125,0.566974103450775
"species_4_hist_ice_extrap",89.7407568725585,0.573352336883545
"species_4_hist_ice_extrap",90.0029012451171,0.579707026481628
"species_4_hist_ice_extrap",90.2650456176757,0.586035966873169
"species_4_hist_ice_extrap",90.5271899902343,0.592337191104889
"species_4_hist_ice_extrap",90.7893343627929,0.598608791828156
"species_4_hist_ice_extrap",91.0514787353515,0.604848623275757
"species_4_hist_ice_extrap",91.3136231079101,0.611055254936218
"species_4_hist_ice_extrap",91.5757674804687,0.617226600646973
"species_4_hist_ice_extrap",91.8379118530273,0.623360991477966
"species_4_hist_ice_extrap",92.1000562255859,0.629456579685211
"species_4_hist_ice_extrap",92.3622005981445,0.635511577129364
"species_4_hist_ice_extrap",92.6243449707031,0.641524732112885
"species_4_hist_ice_extrap",92.8864893432617,0.647494196891785
"species_4_hist_ice_extrap",93.1486337158202,0.65341854095459
"species_4_hist_ice_extrap",93.4107780883789,0.659296214580536
"species_4_hist_ice_extrap",93.6729224609374,0.665125668048859
"species_4_hist_ice_extrap",93.935066833496,0.670905828475952
"species_4_hist_ice_extrap",94.1972112060546,0.676635205745697
"species_4_hist_ice_extrap",94.4593555786132,0.682312607765198
"species_4_hist_ice_extrap",94.7214999511718,0.687936663627625
"species_4_hist_ice_extrap",94.9836443237304,0.69350653886795
"species_4_hist_ice_extrap",95.245788696289,0.699020981788635
"species_4_hist_ice_extrap",95.5079330688476,0.704478979110718
"species_4_hist_ice_extrap",95.7700774414062,0.709879517555237
"species_4_hist_ice_extrap",96.0322218139648,0.715221643447876
"species_4_hist_ice_extrap",96.2943661865234,0.720504760742188
"species_4_hist_ice_extrap",96.556510559082,0.72572785615921
"species_4_hist_ice_extrap",96.8186549316406,0.730890333652496
"species_4_hist_ice_extrap",97.0807993041992,0.735991358757019
"species_4_hist_ice_extrap",97.3429436767578,0.741030335426331
"species_4_hist_ice_extrap",97.6050880493164,0.746006906032562
"species_4_hist_ice_extrap",97.867232421875,0.750920414924622
"species_4_hist_ice_extrap",98.1293767944335,0.75577038526535
"species_4_hist_ice_extrap",98.3915211669921,0.760556399822235
"species_4_hist_ice_extrap",98.6536655395507,0.766035735607147
"species_4_hist_ice_extrap",98.9158099121093,0.77201920747757
"species_4_hist_ice_extrap",99.1779542846679,0.77789443731308
"species_4_hist_ice_extrap",99.4400986572265,0.783661067485809
"species_4_hist_ice_extrap",99.7022430297851,0.789318799972534
"species_4_hist_ice_extrap",99.9643874023437,0.794867813587189
"species_4_hist_ice_extrap",100.226531774902,0.800308048725128
"species_4_hist_ice_extrap",100.488676147461,0.805639624595642
"species_4_hist_ice_extrap",100.750820520019,0.810862839221954
"species_4_hist_ice_extrap",101.012964892578,0.815977990627289
"species_4_hist_ice_extrap",101.275109265137,0.820985794067383
"species_4_hist_ice_extrap",101.537253637695,0.825886785984039
"species_4_hist_ice_extrap",101.799398010254,0.830681562423706
"species_4_hist_ice_extrap",102.061542382812,0.83537083864212
"species_4_hist_ice_extrap",102.323686755371,0.839955687522888
"species_4_hist_ice_extrap",102.58583112793,0.844436943531036
"species_4_hist_ice_extrap",102.847975500488,0.848815619945526
"species_4_hist_ice_extrap",103.110119873047,0.853092789649963
"species_4_hist_ice_extrap",103.372264245605,0.857269465923309
"species_4_hist_ice_extrap",103.634408618164,0.861347079277039
"species_4_hist_ice_extrap",103.896552990723,0.865326762199402
"species_4_hist_ice_extrap",104.158697363281,0.869209825992584
"species_4_hist_ice_extrap",104.42084173584,0.872997641563416
"species_4_hist_ice_extrap",104.682986108398,0.876691520214081
"species_4_hist_ice_extrap",104.945130480957,0.8802929520607
"species_4_hist_ice_extrap",105.207274853516,0.883803427219391
"species_4_hist_ice_extrap",105.469419226074,0.88722437620163
"species_4_hist_ice_extrap",105.731563598633,0.890557289123535
"species_4_hist_ice_extrap",105.993707971191,0.893803656101227
"species_4_hist_ice_extrap",106.25585234375,0.896965146064758
"species_4_hist_ice_extrap",106.517996716309,0.900043308734894
"species_4_hist_ice_extrap",106.780141088867,0.903039634227753
"species_4_hist_ice_extrap",107.042285461426,0.905955612659454
"species_4_hist_ice_extrap",107.304429833984,0.908793032169342
"species_4_hist_ice_extrap",107.566574206543,0.911553382873535
"species_4_hist_ice_extrap",107.828718579102,0.914238333702087
"species_4_hist_ice_extrap",108.09086295166,0.916849315166473
"species_4_hist_ice_extrap",108.353007324219,0.919387936592102
"species_4_hist_ice_extrap",108.615151696777,0.921855926513672
"species_4_hist_ice_extrap",108.877296069336,0.924254715442658
"species_4_hist_ice_extrap",109.139440441894,0.926585912704468
"species_4_hist_ice_extrap",109.401584814453,0.9273481965065
"species_4_hist_ice_extrap",109.663729187012,0.9273481965065
"species_4_hist_ice_extrap",109.92587355957,0.9273481965065
"species_4_hist_ice_extrap",110.188017932129,0.9273481965065
"species_4_hist_ice_extrap",110.450162304687,0.9273481965065
"species_4_hist_ice_extrap",110.712306677246,0.9273481965065
"species_4_hist_ice_extrap",110.974451049805,0.9273481965065
"species_4_hist_ice_extrap",111.236595422363,0.9273481965065
"species_4_hist_ice_extrap",111.498739794922,0.9273481965065
"species_4_hist_ice_extrap",111.76088416748,0.9273481965065
"species_4_hist_ice_extrap",112.023028540039,0.9273481965065
"species_4_hist_ice_extrap",112.285172912598,0.9273481965065
"species_4_hist_ice_extrap",112.547317285156,0.9273481965065
"species_4_hist_ice_extrap",112.809461657715,0.9273481965065
"species_4_hist_ice_extrap",113.071606030273,0.9273481965065
"species_4_hist_ice_extrap",113.333750402832,0.9273481965065
"species_4_hist_ice_extrap",113.595894775391,0.9273481965065
"species_4_hist_ice_extrap",113.858039147949,0.9273481965065
"species_4_hist_ice_extrap",114.120183520508,0.9273481965065
"species_4_hist_ice_extrap",114.382327893066,0.9273481965065
"species_4_hist_ice_extrap",114.644472265625,0.9273481965065
"species_4_hist_ice_extrap",114.906616638184,0.9273481965065
"species_4_hist_ice_extrap",115.168761010742,0.9273481965065
"species_4_hist_ice_extrap",115.430905383301,0.9273481965065
"species_4_hist_ice_extrap",115.693049755859,0.9273481965065
"species_4_hist_ice_extrap",115.955194128418,0.9273481965065
"species_4_hist_ice_extrap",116.217338500976,0.9273481965065
"species_4_hist_ice_extrap",116.479482873535,0.9273481965065
"species_4_hist_ice_extrap",116.741627246094,0.9273481965065
"species_4_hist_ice_extrap",117.003771618652,0.9273481965065
"species_4_hist_ice_extrap",117.265915991211,0.9273481965065
"species_4_hist_ice_extrap",117.528060363769,0.9273481965065
"species_4_hist_ice_extrap",117.790204736328,0.9273481965065
"species_4_hist_ice_extrap",118.052349108887,0.9273481965065
"species_4_hist_ice_extrap",118.314493481445,0.9273481965065
"species_4_hist_ice_extrap",118.576637854004,0.9273481965065
"species_4_hist_ice_extrap",118.838782226562,0.9273481965065
"species_4_hist_ice_extrap",119.100926599121,0.9273481965065
"species_4_hist_ice_extrap",119.36307097168,0.9273481965065
"species_4_hist_ice_extrap",119.625215344238,0.9273481965065
"species_4_hist_ice_extrap",119.887359716797,0.9273481965065
"species_4_hist_ice_extrap",120.149504089355,0.9273481965065
"species_bathy_extrap_only",-22.4101971507073,0.766133558750153
"species_bathy_extrap_only",-22.1273994487286,0.766133558750153
"species_bathy_extrap_only",-21.8446017467499,0.766133558750153
"species_bathy_extrap_only",-21.5618040447712,0.766133558750153
"species_bathy_extrap_only",-21.2790063427925,0.766133558750153
"species_bathy_extrap_only",-20.9962086408138,0.766133558750153
"species_bathy_extrap_only",-20.7134109388352,0.766133558750153
"species_bathy_extrap_only",-20.4306132368565,0.766133558750153
"species_bathy_extrap_only",-20.1478155348778,0.766133558750153
"species_bathy_extrap_only",-19.8650178328991,0.766133558750153
"species_bathy_extrap_only",-19.5822201309204,0.766133558750153
"species_bathy_extrap_only",-19.2994224289417,0.766133558750153
"species_bathy_extrap_only",-19.0166247269631,0.766133558750153
"species_bathy_extrap_only",-18.7338270249844,0.766133558750153
"species_bathy_extrap_only",-18.4510293230057,0.766133558750153
"species_bathy_extrap_only",-18.168231621027,0.766133558750153
"species_bathy_extrap_only",-17.8854339190483,0.766133558750153
"species_bathy_extrap_only",-17.6026362170696,0.766133558750153
"species_bathy_extrap_only",-17.319838515091,0.766133558750153
"species_bathy_extrap_only",-17.0370408131123,0.766133558750153
"species_bathy_extrap_only",-16.7542431111336,0.766133558750153
"species_bathy_extrap_only",-16.4714454091549,0.766133558750153
"species_bathy_extrap_only",-16.1886477071762,0.766133558750153
"species_bathy_extrap_only",-15.9058500051975,0.766133558750153
"species_bathy_extrap_only",-15.6230523032189,0.766133558750153
"species_bathy_extrap_only",-15.3402546012402,0.766133558750153
"species_bathy_extrap_only",-15.0574568992615,0.766133558750153
"species_bathy_extrap_only",-14.7746591972828,0.766133558750153
"species_bathy_extrap_only",-14.4918614953041,0.766133558750153
"species_bathy_extrap_only",-14.2090637933254,0.766133558750153
"species_bathy_extrap_only",-13.9262660913467,0.766133558750153
"species_bathy_extrap_only",-13.6434683893681,0.766133558750153
"species_bathy_extrap_only",-13.3606706873894,0.766133558750153
"species_bathy_extrap_only",-13.0778729854107,0.766133558750153
"species_bathy_extrap_only",-12.795075283432,0.766133558750153
"species_bathy_extrap_only",-12.5122775814533,0.766133558750153
"species_bathy_extrap_only",-12.2294798794746,0.766133558750153
"species_bathy_extrap_only",-11.946682177496,0.766133558750153
"species_bathy_extrap_only",-11.6638844755173,0.766133558750153
"species_bathy_extrap_only",-11.3810867735386,0.766133558750153
"species_bathy_extrap_only",-11.0982890715599,0.766133558750153
"species_bathy_extrap_only",-10.8154913695812,0.766133558750153
"species_bathy_extrap_only",-10.5326936676025,0.766133558750153
"species_bathy_extrap_only",-10.2498959656239,0.766133558750153
"species_bathy_extrap_only",-9.96709826364518,0.766133558750153
"species_bathy_extrap_only",-9.6843005616665,0.766133558750153
"species_bathy_extrap_only",-9.40150285968781,0.766133558750153
"species_bathy_extrap_only",-9.11870515770913,0.766133558750153
"species_bathy_extrap_only",-8.83590745573045,0.766133558750153
"species_bathy_extrap_only",-8.55310975375176,0.766133558750153
"species_bathy_extrap_only",-8.27031205177308,0.766133558750153
"species_bathy_extrap_only",-7.9875143497944,0.766133558750153
"species_bathy_extrap_only",-7.70471664781571,0.766133558750153
"species_bathy_extrap_only",-7.42191894583703,0.766133558750153
"species_bathy_extrap_only",-7.13912124385834,0.766133558750153
"species_bathy_extrap_only",-6.85632354187966,0.766133558750153
"species_bathy_extrap_only",-6.57352583990098,0.766133558750153
"species_bathy_extrap_only",-6.2907281379223,0.766133558750153
"species_bathy_extrap_only",-6.00793043594361,0.766133558750153
"species_bathy_extrap_only",-5.72513273396493,0.766133558750153
"species_bathy_extrap_only",-5.44233503198624,0.766133558750153
"species_bathy_extrap_only",-5.15953733000756,0.766133558750153
"species_bathy_extrap_only",-4.87673962802888,0.766133558750153
"species_bathy_extrap_only",-4.5939419260502,0.766133558750153
"species_bathy_extrap_only",-4.31114422407151,0.766133558750153
"species_bathy_extrap_only",-4.02834652209282,0.766133558750153
"species_bathy_extrap_only",-3.74554882011414,0.766133558750153
"species_bathy_extrap_only",-3.46275111813546,0.766133558750153
"species_bathy_extrap_only",-3.17995341615678,0.766133558750153
"species_bathy_extrap_only",-2.89715571417809,0.766133558750153
"species_bathy_extrap_only",-2.61435801219941,0.766133558750153
"species_bathy_extrap_only",-2.33156031022073,0.766133558750153
"species_bathy_extrap_only",-2.04876260824204,0.766133558750153
"species_bathy_extrap_only",-1.76596490626336,0.766133558750153
"species_bathy_extrap_only",-1.48316720428468,0.766133558750153
"species_bathy_extrap_only",-1.20036950230599,0.766133558750153
"species_bathy_extrap_only",-0.917571800327309,0.766133558750153
"species_bathy_extrap_only",-0.634774098348625,0.766133558750153
"species_bathy_extrap_only",-0.351976396369938,0.766133558750153
"species_bathy_extrap_only",-0.0691786943912582,0.766133558750153
"species_bathy_extrap_only",0.213619007587425,0.766133558750153
"species_bathy_extrap_only",0.496416709566109,0.766133558750153
"species_bathy_extrap_only",0.779214411544793,0.766133558750153
"species_bathy_extrap_only",1.06201211352348,0.767479288578033
"species_bathy_extrap_only",1.34480981550216,0.768825018405914
"species_bathy_extrap_only",1.62760751748084,0.772628176212311
"species_bathy_extrap_only",1.91040521945953,0.776431334018707
"species_bathy_extrap_only",2.19320292143821,0.779869395494461
"species_bathy_extrap_only",2.47600062341689,0.783307456970215
"species_bathy_extrap_only",2.75879832539558,0.786367100477219
"species_bathy_extrap_only",3.04159602737426,0.789426743984222
"species_bathy_extrap_only",3.32439372935294,0.792100131511688
"species_bathy_extrap_only",3.60719143133163,0.794773519039154
"species_bathy_extrap_only",3.88998913331031,0.78971951007843
"species_bathy_extrap_only",4.17278683528899,0.784665501117706
"species_bathy_extrap_only",4.45558453726768,0.77202153801918
"species_bathy_extrap_only",4.73838223924636,0.759377574920654
"species_bathy_extrap_only",5.02117994122505,0.745628750324249
"species_bathy_extrap_only",5.30397764320373,0.731879925727844
"species_bathy_extrap_only",5.58677534518241,0.71707866191864
"species_bathy_extrap_only",5.8695730471611,0.702277398109436
"species_bathy_extrap_only",6.15237074913978,0.688843137025833
"species_bathy_extrap_only",6.43516845111846,0.67540887594223
"species_bathy_extrap_only",6.71796615309715,0.664129728078842
"species_bathy_extrap_only",7.00076385507583,0.652850580215454
"species_bathy_extrap_only",7.28356155705451,0.642909550666809
"species_bathy_extrap_only",7.5663592590332,0.632968521118164
"species_bathy_extrap_only",7.84915696101188,0.622871768474579
"species_bathy_extrap_only",8.13195466299057,0.612775015830994
"species_bathy_extrap_only",8.41475236496925,0.602559226751328
"species_bathy_extrap_only",8.69755006694793,0.592343437671661
"species_bathy_extrap_only",8.98034776892662,0.582084494829178
"species_bathy_extrap_only",9.2631454709053,0.571825551986694
"species_bathy_extrap_only",9.54594317288398,0.561439448595047
"species_bathy_extrap_only",9.82874087486266,0.5510533452034
"species_bathy_extrap_only",10.1115385768413,0.540575593709946
"species_bathy_extrap_only",10.39433627882,0.530097842216492
"species_bathy_extrap_only",10.6771339807987,0.519565346837044
"species_bathy_extrap_only",10.9599316827774,0.509032851457596
"species_bathy_extrap_only",11.2427293847561,0.498483234643936
"species_bathy_extrap_only",11.5255270867348,0.487933617830277
"species_bathy_extrap_only",11.8083247887134,0.477404832839966
"species_bathy_extrap_only",12.0911224906921,0.466876047849655
"species_bathy_extrap_only",12.3739201926708,0.456405746936798
"species_bathy_extrap_only",12.6567178946495,0.445935446023941
"species_bathy_extrap_only",12.9395155966282,0.435560458898544
"species_bathy_extrap_only",13.2223132986069,0.425185471773148
"species_bathy_extrap_only",13.5051110005856,0.414941227436066
"species_bathy_extrap_only",13.7879087025642,0.404696983098984
"species_bathy_extrap_only",14.0707064045429,0.39461715221405
"species_bathy_extrap_only",14.3535041065216,0.384537321329117
"species_bathy_extrap_only",14.6363018085003,0.374653297662735
"species_bathy_extrap_only",14.919099510479,0.364769273996353
"species_bathy_extrap_only",15.2018972124577,0.35510987341404
"species_bathy_extrap_only",15.4846949144363,0.345450472831726
"species_bathy_extrap_only",15.767492616415,0.336041539907455
"species_bathy_extrap_only",16.0502903183937,0.326632606983185
"species_bathy_extrap_only",16.3330880203724,0.317497020959854
"species_bathy_extrap_only",16.6158857223511,0.308361434936523
"species_bathy_extrap_only",16.8986834243298,0.299518668651581
"species_bathy_extrap_only",17.1814811263084,0.290675902366638
"species_bathy_extrap_only",17.4642788282871,0.28214225769043
"species_bathy_extrap_only",17.7470765302658,0.273608613014221
"species_bathy_extrap_only",18.0298742322445,0.265397062897682
"species_bathy_extrap_only",18.3126719342232,0.257185512781143
"species_bathy_extrap_only",18.5954696362019,0.24930582344532
"species_bathy_extrap_only",18.8782673381805,0.241426134109497
"species_bathy_extrap_only",19.1610650401592,0.233884984254837
"species_bathy_extrap_only",19.4438627421379,0.226343834400177
"species_bathy_extrap_only",19.7266604441166,0.219379223883152
"species_bathy_extrap_only",20.0094581460953,0.212414613366127
"species_bathy_extrap_only",20.292255848074,0.206248910725117
"species_bathy_extrap_only",20.5750535500526,0.200083208084106
"species_bathy_extrap_only",20.8578512520313,0.194773118197918
"species_bathy_extrap_only",21.14064895401,0.189463028311729
"species_bathy_extrap_only",21.4234466559887,0.18517203181982
"species_bathy_extrap_only",21.7062443579674,0.180881035327911
"species_bathy_extrap_only",21.989042059946,0.176832388341427
"species_bathy_extrap_only",22.2718397619247,0.172783741354942
"species_bathy_extrap_only",22.5546374639034,0.168890416622162
"species_bathy_extrap_only",22.8374351658821,0.164997091889381
"species_bathy_extrap_only",23.1202328678608,0.161256240308285
"species_bathy_extrap_only",23.4030305698395,0.157515388727188
"species_bathy_extrap_only",23.6858282718182,0.153923831135035
"species_bathy_extrap_only",23.9686259737968,0.150332273542881
"species_bathy_extrap_only",24.2514236757755,0.14688653498888
"species_bathy_extrap_only",24.5342213777542,0.143440796434879
"species_bathy_extrap_only",24.8170190797329,0.140137165039778
"species_bathy_extrap_only",25.0998167817116,0.136833533644676
"species_bathy_extrap_only",25.3826144836903,0.133668114244938
"species_bathy_extrap_only",25.6654121856689,0.1305026948452
"species_bathy_extrap_only",25.9482098876476,0.127471444010735
"species_bathy_extrap_only",26.2310075896263,0.12444019317627
"species_bathy_extrap_only",26.513805291605,0.121538976579905
"species_bathy_extrap_only",26.7966029935837,0.11863775998354
"species_bathy_extrap_only",27.0794006955624,0.115862340480089
"species_bathy_extrap_only",27.362198397541,0.113086920976639
"species_bathy_extrap_only",27.6449960995197,0.110433056205511
"species_bathy_extrap_only",27.9277938014984,0.107779191434383
"species_bathy_extrap_only",28.2105915034771,0.105242617428303
"species_bathy_extrap_only",28.4933892054558,0.102706043422222
"species_bathy_extrap_only",28.7761869074345,0.100282507762313
"species_bathy_extrap_only",29.0589846094131,0.0978589721024036
"species_bathy_extrap_only",29.3417823113918,0.0955442614853382
"species_bathy_extrap_only",29.6245800133705,0.0932295508682728
"species_bathy_extrap_only",29.9073777153492,0.0910194996744394
"species_bathy_extrap_only",30.1901754173279,0.0888094484806061
"species_bathy_extrap_only",30.4729731193066,0.0866999596357346
"species_bathy_extrap_only",30.7557708212852,0.084590470790863
"species_bathy_extrap_only",31.0385685232639,0.0825775317847729
"species_bathy_extrap_only",31.3213662252426,0.0805645927786827
"species_bathy_extrap_only",31.6041639272213,0.07864426150918
"species_bathy_extrap_only",31.8869616292,0.0767239302396774
"species_bathy_extrap_only",32.1697593311787,0.0748923789709806
"species_bathy_extrap_only",32.4525570331573,0.0730608277022839
"species_bathy_extrap_only",32.735354735136,0.0713143259286881
"species_bathy_extrap_only",33.0181524371147,0.0695678241550922
"species_bathy_extrap_only",33.3009501390934,0.0679027657955884
"species_bathy_extrap_only",33.5837478410721,0.0662377074360847
"species_bathy_extrap_only",33.8665455430508,0.0646505733951926
"species_bathy_extrap_only",34.1493432450294,0.0630634393543005
"species_bathy_extrap_only",34.4321409470081,0.0615508235991001
"species_bathy_extrap_only",34.7149386489868,0.0600382078438997
"species_bathy_extrap_only",34.9977363509655,0.0585968533530831
"species_bathy_extrap_only",35.2805340529442,0.0571554988622665
"species_bathy_extrap_only",35.5633317549229,0.0557822197675705
"species_bathy_extrap_only",35.8461294569016,0.0544089406728745
"species_bathy_extrap_only",36.1289271588802,0.0531007112935186
"species_bathy_extrap_only",36.4117248608589,0.0517924819141626
"species_bathy_extrap_only",36.6945225628376,0.0505463501438498
"species_bathy_extrap_only",36.9773202648163,0.0493002183735371
"species_bathy_extrap_only",37.260117966795,0.0481133785098791
"species_bathy_extrap_only",37.5429156687737,0.0469265386462212
"species_bathy_extrap_only",37.8257133707523,0.0457962682470679
"species_bathy_extrap_only",38.108511072731,0.0446659978479147
"species_bathy_extrap_only",38.3913087747097,0.0435897110030055
"species_bathy_extrap_only",38.6741064766884,0.0425134241580963
"species_bathy_extrap_only",38.9569041786671,0.0414886201731861
"species_bathy_extrap_only",39.2397018806457,0.0404638161882758
"species_bathy_extrap_only",39.5224995826244,0.03948809877038
"species_bathy_extrap_only",39.8052972846031,0.0385123813524842
"species_bathy_extrap_only",40.0880949865818,0.0375834747217596
"species_bathy_extrap_only",40.3708926885605,0.0366545680910349
"species_bathy_extrap_only",40.6536903905392,0.0357702700421214
"species_bathy_extrap_only",40.9364880925178,0.0348859719932079
"species_bathy_extrap_only",41.2192857944965,0.0340441974811256
"species_bathy_extrap_only",41.5020834964752,0.0332024229690433
"species_bathy_extrap_only",41.7848811984539,0.0324011582881212
"species_bathy_extrap_only",42.0676789004326,0.0315998936071992
"species_bathy_extrap_only",42.3504766024113,0.0308372328989208
"species_bathy_extrap_only",42.63327430439,0.0300745721906424
"species_bathy_extrap_only",42.9160720063686,0.0293486751616001
"species_bathy_extrap_only",43.1988697083473,0.0286227781325579
"species_bathy_extrap_only",43.481667410326,0.027931908192113
"species_bathy_extrap_only",43.7644651123047,0.0272410382516682
"species_bathy_extrap_only",44.0472628142834,0.0265835212077945
"species_bathy_extrap_only",44.3300605162621,0.0259260041639209
"species_bathy_extrap_only",44.6128582182407,0.0253002434968949
"species_bathy_extrap_only",44.8956559202194,0.0246744828298688
"species_bathy_extrap_only",45.1784536221981,0.0240789682604373
"species_bathy_extrap_only",45.4612513241768,0.0234834536910057
"species_bathy_extrap_only",45.7440490261555,0.0229167274665087
"species_bathy_extrap_only",46.0268467281342,0.0223500012420118
"species_bathy_extrap_only",46.3096444301128,0.0218106889631599
"species_bathy_extrap_only",46.5924421320915,0.0212713766843081
"species_bathy_extrap_only",46.8752398340702,0.0207581537310034
"species_bathy_extrap_only",47.1580375360489,0.0202449307776988
"species_bathy_extrap_only",47.4408352380276,0.0197565481532365
"species_bathy_extrap_only",47.7236329400063,0.0192681655287743
"species_bathy_extrap_only",48.0064306419849,0.0188034222461283
"species_bathy_extrap_only",48.2892283439636,0.0183386789634824
"species_bathy_extrap_only",48.5720260459423,0.0178964322200045
"species_bathy_extrap_only",48.854823747921,0.0174541854765266
"species_bathy_extrap_only",49.1376214498997,0.017033354146406
"species_bathy_extrap_only",49.4204191518784,0.0166125228162855
"species_bathy_extrap_only",49.703216853857,0.0162120663095265
"species_bathy_extrap_only",49.9860145558357,0.0158116098027676
"species_bathy_extrap_only",50.2688122578144,0.0154305480886251
"species_bathy_extrap_only",50.5516099597931,0.0150494863744825
"species_bathy_extrap_only",50.8344076617718,0.0146868750918657
"species_bathy_extrap_only",51.1172053637505,0.0143242638092488
"species_bathy_extrap_only",51.4000030657291,0.0139792138943449
"species_bathy_extrap_only",51.6828007677078,0.0136341639794409
"species_bathy_extrap_only",51.9655984696865,0.0133058201288804
"species_bathy_extrap_only",52.2483961716652,0.01297747627832
"species_bathy_extrap_only",52.5311938736439,0.0126650325837545
"species_bathy_extrap_only",52.8139915756226,0.0123525888891891
"species_bathy_extrap_only",53.0967892776012,0.0120552714448422
"species_bathy_extrap_only",53.3795869795799,0.0117579540004954
"species_bathy_extrap_only",53.6623846815586,0.0114750273874961
"species_bathy_extrap_only",53.9451823835373,0.0111921007744968
"species_bathy_extrap_only",54.227980085516,0.0109228695859201
"species_bathy_extrap_only",54.5107777874947,0.0106536383973435
"species_bathy_extrap_only",54.7935754894733,0.010397434560582
"species_bathy_extrap_only",55.076373191452,0.0101412307238206
"species_bathy_extrap_only",55.3591708934307,0.00989742465317249
"species_bathy_extrap_only",55.6419685954094,0.00965361858252436
"species_bathy_extrap_only",55.9247662973881,0.00942160503473133
"species_bathy_extrap_only",56.2075639993668,0.0091895914869383
"species_bathy_extrap_only",56.4903617013454,0.00896880042273552
"species_bathy_extrap_only",56.7731594033241,0.00874800935853273
"species_bathy_extrap_only",57.0559571053028,0.00853789260727353
"species_bathy_extrap_only",57.3387548072815,0.00832777585601434
"species_bathy_extrap_only",57.6215525092602,0.00812781795975752
"species_bathy_extrap_only",57.9043502112389,0.0079278600635007
"species_bathy_extrap_only",58.1871479132176,0.00773756561684422
"species_bathy_extrap_only",58.4699456151962,0.00754727117018774
"species_bathy_extrap_only",58.7527433171749,0.00736616968060844
"species_bathy_extrap_only",59.0355410191536,0.00718506819102913
"species_bathy_extrap_only",59.3183387211323,0.00701271552825347
"species_bathy_extrap_only",59.601136423111,0.0068403628654778
"species_bathy_extrap_only",59.8839341250896,0.00667633166303858
"species_bathy_extrap_only",60.1667318270683,0.00651230046059936
"species_bathy_extrap_only",60.449529529047,0.00635618875385261
"species_bathy_extrap_only",60.7323272310257,0.00620007704710588
"species_bathy_extrap_only",61.0151249330044,0.00605149820912629
"species_bathy_extrap_only",61.2979226349831,0.00590291937114671
"species_bathy_extrap_only",61.5807203369617,0.00576150951092132
"species_bathy_extrap_only",61.8635180389404,0.00562009965069592
"species_bathy_extrap_only",62.1463157409191,0.00548550895764493
"species_bathy_extrap_only",62.4291134428978,0.00535091826459393
"species_bathy_extrap_only",62.7119111448765,0.00522281738813036
"species_bathy_extrap_only",62.9947088468552,0.00509471651166677
"species_bathy_extrap_only",63.2775065488338,0.0049727898236597
"species_bathy_extrap_only",63.5603042508125,0.00485086313565262
"species_bathy_extrap_only",63.8431019527912,0.00473481022054329
"species_bathy_extrap_only",64.1258996547699,0.00461875730543397
"species_bathy_extrap_only",64.4086973567486,0.00450829416222405
"species_bathy_extrap_only",64.6914950587273,0.00439783101901412
"species_bathy_extrap_only",64.9742927607059,0.00429268786683679
"species_bathy_extrap_only",65.2570904626846,0.00418754471465945
"species_bathy_extrap_only",65.5398881646633,0.00408746101311408
"species_bathy_extrap_only",65.822685866642,0.00398737731156871
"species_bathy_extrap_only",66.1054835686207,0.00389210923749488
"species_bathy_extrap_only",66.3882812705994,0.00379684116342105
"species_bathy_extrap_only",66.671078972578,0.00370615525462199
"species_bathy_extrap_only",66.9538766745567,0.00361546934582293
"species_bathy_extrap_only",67.2366743765354,0.00352914497489109
"species_bathy_extrap_only",67.5194720785141,0.00344282060395926
"species_bathy_extrap_only",67.8022697804928,0.00336064434668515
"species_bathy_extrap_only",68.0850674824715,0.00327846808941104
"species_bathy_extrap_only",68.3678651844502,0.00320024020620622
"species_bathy_extrap_only",68.6506628864288,0.0031220123230014
"species_bathy_extrap_only",68.9334605884075,0.00304754280368798
"species_bathy_extrap_only",69.2162582903862,0.00297307328437455
"species_bathy_extrap_only",69.4990559923649,0.00290217834408395
"species_bathy_extrap_only",69.7818536943436,0.00283128340379335
"species_bathy_extrap_only",70.0646513963223,0.00276379123242804
"species_bathy_extrap_only",70.3474490983009,0.00269629906106275
"species_bathy_extrap_only",70.6302468002796,0.00263204519287683
"species_bathy_extrap_only",70.9130445022583,0.00256779132469092
"species_bathy_extrap_only",71.195842204237,0.0025066200971196
"species_bathy_extrap_only",71.4786399062157,0.00244544886954827
"species_bathy_extrap_only",71.7614376081943,0.00238720972629381
"species_bathy_extrap_only",72.044235310173,0.00232897058303934
"species_bathy_extrap_only",72.3270330121517,0.00227352283545769
"species_bathy_extrap_only",72.6098307141304,0.00221807508787606
"species_bathy_extrap_only",72.8926284161091,0.00216528464079601
"species_bathy_extrap_only",73.1754261180878,0.00211249419371597
"species_bathy_extrap_only",73.4582238200665,0.00206223149725702
"species_bathy_extrap_only",73.7410215220451,0.00201196880079806
"species_bathy_extrap_only",74.0238192240238,0.00196411263095797
"species_bathy_extrap_only",74.3066169260025,0.00191625646111788
"species_bathy_extrap_only",74.5894146279812,0.00187069079693174
"species_bathy_extrap_only",74.8722123299599,0.0018251251327456
"species_bathy_extrap_only",75.1550100319386,0.00178174012544332
"species_bathy_extrap_only",75.4378077339172,0.00173835511814104
"species_bathy_extrap_only",75.7206054358959,0.00169704462823574
"species_bathy_extrap_only",76.0034031378746,0.00165573413833044
"species_bathy_extrap_only",76.2862008398533,0.00161639882317104
"species_bathy_extrap_only",76.568998541832,0.00157706350801163
"species_bathy_extrap_only",76.8517962438106,0.00153960877978534
"species_bathy_extrap_only",77.1345939457893,0.00150215405155905
"species_bathy_extrap_only",77.417391647768,0.00146648840091075
"species_bathy_extrap_only",77.7001893497467,0.00143082275026245
"species_bathy_extrap_only",77.9829870517254,0.00139686063848785
"species_bathy_extrap_only",78.2657847537041,0.00136289852671325
"species_bathy_extrap_only",78.5485824556827,0.00133055803817115
"species_bathy_extrap_only",78.8313801576614,0.00129821754962904
"species_bathy_extrap_only",79.1141778596401,0.00126742115789966
"species_bathy_extrap_only",79.3969755616188,0.00123662476617028
"species_bathy_extrap_only",79.6797732635975,0.00120729745103745
"species_bathy_extrap_only",79.9625709655762,0.00117797013590462
"species_bathy_extrap_only",80.2453686675549,0.00115004175477225
"species_bathy_extrap_only",80.5281663695335,0.00112211337363988
"species_bathy_extrap_only",80.8109640715122,0.00109551675668627
"species_bathy_extrap_only",81.0937617734909,0.00106892013973265
"species_bathy_extrap_only",81.3765594754696,0.00104359170163661
"species_bathy_extrap_only",81.6593571774483,0.00101826326354058
"species_bathy_extrap_only",81.942154879427,0.000994141501723787
"species_bathy_extrap_only",82.2249525814056,0.000970019739907002
"species_bathy_extrap_only",82.5077502833843,0.000947047114641464
"species_bathy_extrap_only",82.790547985363,0.000924074489375926
"species_bathy_extrap_only",83.0733456873417,0.000902196182505578
"species_bathy_extrap_only",83.3561433893204,0.000880317875635228
"species_bathy_extrap_only",83.6389410912991,0.000859480890358099
"species_bathy_extrap_only",83.9217387932777,0.000838643905080971
"species_bathy_extrap_only",84.2045364952564,0.000818798636646533
"species_bathy_extrap_only",84.4873341972351,0.000798953368212096
"species_bathy_extrap_only",84.7701318992138,0.000780052324171265
"species_bathy_extrap_only",85.0529296011925,0.000761151280130434
"species_bathy_extrap_only",85.3357273031712,0.000743149493428064
"species_bathy_extrap_only",85.6185250051498,0.000725147706725693
"species_bathy_extrap_only",85.9013227071285,0.00070800167413836
"species_bathy_extrap_only",86.1841204091072,0.000690855641551025
"species_bathy_extrap_only",86.4669181110859,0.000674524655551067
"species_bathy_extrap_only",86.7497158130646,0.00065819366955111
"species_bathy_extrap_only",87.0325135150433,0.000642638965564402
"species_bathy_extrap_only",87.315311217022,0.000627084261577693
"species_bathy_extrap_only",87.5981089190006,0.000612268302575104
"species_bathy_extrap_only",87.8809066209793,0.000597452343572513
"species_bathy_extrap_only",88.163704322958,0.000583340059711191
"species_bathy_extrap_only",88.4465020249367,0.000569227775849868
"species_bathy_extrap_only",88.7292997269154,0.00055578554265594
"species_bathy_extrap_only",89.0120974288941,0.000542343309462012
"species_bathy_extrap_only",89.2948951308727,0.000529539271246904
"species_bathy_extrap_only",89.5776928328514,0.000516735233031795
"species_bathy_extrap_only",89.8604905348301,0.000504538615314232
"species_bathy_extrap_only",90.1432882368088,0.000492341997596668
"species_bathy_extrap_only",90.4260859387875,0.000480723961572948
"species_bathy_extrap_only",90.7088836407662,0.000469105925549229
"species_bathy_extrap_only",90.9916813427448,0.000458038880469758
"species_bathy_extrap_only",91.2744790447235,0.000446971835390286
"species_bathy_extrap_only",91.5572767467022,0.000436429640740243
"species_bathy_extrap_only",91.8400744486809,0.000425887446090201
"species_bathy_extrap_only",92.1228721506596,0.000415844807139366
"species_bathy_extrap_only",92.4056698526382,0.000405802168188529
"species_bathy_extrap_only",92.688467554617,0.000396235394100585
"species_bathy_extrap_only",92.9712652565956,0.000386668620012642
"species_bathy_extrap_only",93.2540629585743,0.00037755517705591
"species_bathy_extrap_only",93.536860660553,0.000368441734099179
"species_bathy_extrap_only",93.8196583625317,0.00035975977821181
"species_bathy_extrap_only",94.1024560645104,0.000351077822324441
"species_bathy_extrap_only",94.385253766489,0.000342806933531393
"species_bathy_extrap_only",94.6680514684677,0.000334536044738343
"species_bathy_extrap_only",94.9508491704464,0.000326656654533509
"species_bathy_extrap_only",95.2336468724251,0.000318777264328673
"species_bathy_extrap_only",95.5164445744038,0.000311270848465028
"species_bathy_extrap_only",95.7992422763824,0.000303764432601383
"species_bathy_extrap_only",96.0820399783611,0.000296613038153737
"species_bathy_extrap_only",96.3648376803398,0.00028946164370609
"species_bathy_extrap_only",96.6476353823185,0.000282648492429871
"species_bathy_extrap_only",96.9304330842972,0.000275835341153652
"species_bathy_extrap_only",97.2132307862759,0.000269344439948327
"species_bathy_extrap_only",97.4960284882546,0.000262853538743002
"species_bathy_extrap_only",97.7788261902332,0.000256669391046671
"species_bathy_extrap_only",98.0616238922119,0.00025048524335034
"species_bathy_extrap_only",98.3444215941906,0.000244593375236945
"species_bathy_extrap_only",98.6272192961693,0.000238701507123551
"species_bathy_extrap_only",98.910016998148,0.000233088022764605
"species_bathy_extrap_only",99.1928147001267,0.000227474538405659
"species_bathy_extrap_only",99.4756124021053,0.000222126294261216
"species_bathy_extrap_only",99.758410104084,0.000216778050116773
"species_bathy_extrap_only",100.041207806063,0.000211682312919948
"species_bathy_extrap_only",100.324005508041,0.000206586575723122
"species_bathy_extrap_only",100.60680321002,0.000201731427409868
"species_bathy_extrap_only",100.889600911999,0.000196876279096614
"species_bathy_extrap_only",101.172398613977,0.000192250373208935
"species_bathy_extrap_only",101.455196315956,0.000187624467321257
"species_bathy_extrap_only",101.737994017935,0.000183216801679009
"species_bathy_extrap_only",102.020791719913,0.000178809136036762
"species_bathy_extrap_only",102.303589421892,0.000174609424880146
"species_bathy_extrap_only",102.586387123871,0.000170409713723529
"species_bathy_extrap_only",102.86918482585,0.000166408104314542
"species_bathy_extrap_only",103.151982527828,0.000162406494905554
"species_bathy_extrap_only",103.434780229807,0.000158593641413063
"species_bathy_extrap_only",103.717577931786,0.000154780787920572
"species_bathy_extrap_only",104.000375633764,0.00015114765055273
"species_bathy_extrap_only",104.283173335743,0.000147514513184888
"species_bathy_extrap_only",104.565971037722,0.000144052629769931
"species_bathy_extrap_only",104.8487687397,0.000140590746354974
"species_bathy_extrap_only",105.131566441679,0.000137292004535538
"species_bathy_extrap_only",105.414364143658,0.000133993262716103
"species_bathy_extrap_only",105.697161845636,0.00013084998417412
"species_bathy_extrap_only",105.979959547615,0.000127706705632136
"species_bathy_extrap_only",106.262757249594,0.00012471144502797
"species_bathy_extrap_only",106.545554951572,0.000121716184423803
"species_bathy_extrap_only",106.828352653551,0.000118861984213936
"species_bathy_extrap_only",107.11115035553,0.000116007784004069
"species_bathy_extrap_only",107.393948057508,0.000113288003291245
"species_bathy_extrap_only",107.676745759487,0.000110568222578422
"species_bathy_extrap_only",107.959543461466,0.000107976434486545
"species_bathy_extrap_only",108.242341163445,0.000105384646394668
"species_bathy_extrap_only",108.525138865423,0.000102914835747469
"species_bathy_extrap_only",108.807936567402,0.000100445025100271
"species_bathy_extrap_only",109.090734269381,9.80914235185535e-05
"species_bathy_extrap_only",109.373531971359,9.57378219368366e-05
"species_bathy_extrap_only",109.656329673338,9.34949681493434e-05
"species_bathy_extrap_only",109.939127375317,9.12521143618505e-05
"species_bathy_extrap_only",110.221925077295,8.91147185200227e-05
"species_bathy_extrap_only",110.504722779274,8.69773226781945e-05
"species_bathy_extrap_only",110.787520481253,8.49404319779979e-05
"species_bathy_extrap_only",111.070318183231,8.29035412778012e-05
"species_bathy_extrap_only",111.35311588521,8.09624359959571e-05
"species_bathy_extrap_only",111.635913587189,7.9021330714113e-05
"species_bathy_extrap_only",111.918711289167,7.71714359302676e-05
"species_bathy_extrap_only",112.201508991146,7.53215411464225e-05
"species_bathy_extrap_only",112.484306693125,7.35585788902426e-05
"species_bathy_extrap_only",112.767104395103,7.17956166340628e-05
"species_bathy_extrap_only",113.049902097082,7.01154837656759e-05
"species_bathy_extrap_only",113.332699799061,6.8435350897289e-05
"species_bathy_extrap_only",113.61549750104,6.68341612495738e-05
"species_bathy_extrap_only",113.898295203018,6.52329716018585e-05
"species_bathy_extrap_only",114.181092904997,6.37069590197826e-05
"species_bathy_extrap_only",114.463890606976,6.21809464377066e-05
"species_bathy_extrap_only",114.746688308954,6.07265883473929e-05
"species_bathy_extrap_only",115.029486010933,5.92722302570792e-05
"species_bathy_extrap_only",115.312283712912,5.78861470685865e-05
"species_bathy_extrap_only",115.59508141489,5.65000638800939e-05
"species_bathy_extrap_only",115.877879116869,5.51790546097664e-05
"species_bathy_extrap_only",116.160676818848,5.38580453394388e-05
"species_bathy_extrap_only",116.443474520826,5.25990097955286e-05
"species_bathy_extrap_only",116.726272222805,5.13399742516185e-05
"species_bathy_extrap_only",117.009069924784,5.01400098514183e-05
"species_bathy_extrap_only",117.291867626762,4.89400454512179e-05
"species_bathy_extrap_only",117.574665328741,4.7796383797305e-05
"species_bathy_extrap_only",117.85746303072,4.66527221433921e-05
"species_bathy_extrap_only",118.140260732698,4.55626838231638e-05
"species_bathy_extrap_only",118.423058434677,4.44726455029354e-05
"species_bathy_extrap_only",118.705856136656,4.34337187030565e-05
"species_bathy_extrap_only",118.988653838634,4.23947919031775e-05
"species_bathy_extrap_only",119.271451540613,4.14045719153932e-05
"species_bathy_extrap_only",119.554249242592,4.0414351927609e-05
"species_bathy_extrap_only",119.837046944571,3.9470558954946e-05
"species_bathy_extrap_only",120.119844646549,3.8526765982283e-05
"species_bathy_extrap_only",120.402642348528,3.76271903135716e-05
"species_bathy_extrap_only",120.685440050507,3.67276146448603e-05
"species_bathy_extrap_only",120.968237752485,3.58701885247115e-05
"species_bathy_extrap_only",121.251035454464,3.50127624045626e-05
"species_bathy_extrap_only",121.533833156443,3.41955152201479e-05
"species_bathy_extrap_only",121.816630858421,3.33782680357331e-05
"species_bathy_extrap_only",122.0994285604,3.25992880704007e-05
"species_bathy_extrap_only",122.382226262379,3.18203081050683e-05
"species_bathy_extrap_only",122.665023964357,3.10778069476214e-05
"species_bathy_extrap_only",122.947821666336,3.03353057901745e-05
"species_bathy_extrap_only",123.230619368315,2.96275699824377e-05
"species_bathy_extrap_only",123.513417070293,2.8919834174701e-05
"species_bathy_extrap_only",123.796214772272,2.82452375717667e-05
"species_bathy_extrap_only",124.079012474251,2.75706409688326e-05
"species_bathy_extrap_only",124.361810176229,2.69276098617156e-05
"species_bathy_extrap_only",124.644607878208,2.62845787545984e-05
"species_bathy_extrap_only",124.927405580187,2.56716388133072e-05
"species_bathy_extrap_only",125.210203282166,2.50586988720158e-05
"species_bathy_extrap_only",125.493000984144,2.44744445492273e-05
"species_bathy_extrap_only",125.775798686123,2.38901902264388e-05
"species_bathy_extrap_only",126.058596388102,2.33332593566615e-05
"species_bathy_extrap_only",126.34139409008,2.27763284868843e-05
"species_bathy_extrap_only",126.624191792059,2.22454461312082e-05
"species_bathy_extrap_only",126.906989494038,2.17145637755323e-05
"species_bathy_extrap_only",127.189787196016,2.12085068591605e-05
"species_bathy_extrap_only",127.472584897995,2.07024499427888e-05
"species_bathy_extrap_only",127.755382599974,2.02200605711411e-05
"species_bathy_extrap_only",128.038180301952,1.97376711994934e-05
"species_bathy_extrap_only",128.320978003931,1.92778257579462e-05
"species_bathy_extrap_only",128.60377570591,1.8817980316399e-05
"species_bathy_extrap_only",128.886573407888,1.83796276763459e-05
"species_bathy_extrap_only",129.169371109867,1.79412750362928e-05
"species_bathy_extrap_only",129.452168811846,1.75234073372721e-05
"species_bathy_extrap_only",129.734966513824,1.71055396382513e-05
"species_bathy_extrap_only",130.017764215803,1.67071956923337e-05
"species_bathy_extrap_only",130.300561917782,1.63088517464161e-05
"species_bathy_extrap_only",130.583359619761,1.59291272206374e-05
"species_bathy_extrap_only",130.866157321739,1.55494026948588e-05
"species_bathy_extrap_only",131.148955023718,1.51874045663192e-05
"species_bathy_extrap_only",131.431752725697,1.48254064377795e-05
"species_bathy_extrap_only",131.714550427675,1.44803136289617e-05
"species_bathy_extrap_only",131.997348129654,1.4135220820144e-05
"species_bathy_extrap_only",132.280145831633,1.38062411563667e-05
"species_bathy_extrap_only",132.562943533611,1.34772614925893e-05
"species_bathy_extrap_only",132.84574123559,1.31636403860824e-05
"species_bathy_extrap_only",133.128538937569,1.28500192795755e-05
"species_bathy_extrap_only",133.411336639547,1.25510373586657e-05
"species_bathy_extrap_only",133.694134341526,1.22520554377559e-05
"species_bathy_extrap_only",133.976932043505,1.19670270870564e-05
"species_bathy_extrap_only",134.259729745483,1.1681998736357e-05
"species_bathy_extrap_only",134.542527447462,1.1410270568124e-05
"species_bathy_extrap_only",134.825325149441,1.11385423998911e-05
"species_bathy_extrap_only",135.108122851419,1.08794987085936e-05
"species_bathy_extrap_only",135.390920553398,1.06204550172961e-05
"species_bathy_extrap_only",135.673718255377,1.03734882550555e-05
"species_bathy_extrap_only",135.956515957356,1.01265214928148e-05
"species_bathy_extrap_only",136.239313659334,9.89107365905185e-06
"species_bathy_extrap_only",136.522111361313,9.6556258252889e-06
"species_bathy_extrap_only",136.804909063292,9.43115751006474e-06
"species_bathy_extrap_only",137.08770676527,9.20668919484058e-06
"species_bathy_extrap_only",137.370504467249,8.99268701277654e-06
"species_bathy_extrap_only",137.653302169228,8.77868483071254e-06
"species_bathy_extrap_only",137.936099871206,8.57465946273449e-06
"species_bathy_extrap_only",138.218897573185,8.37063409475647e-06
"species_bathy_extrap_only",138.501695275164,8.17611862551362e-06
"species_bathy_extrap_only",138.784492977142,7.98160315627072e-06
"species_bathy_extrap_only",139.067290679121,7.79615787043221e-06
"species_bathy_extrap_only",139.3500883811,7.61071258459367e-06
"species_bathy_extrap_only",139.632886083078,7.43390379169818e-06
"species_bathy_extrap_only",139.915683785057,7.25709499880267e-06
"species_bathy_extrap_only",140.198481487036,7.08852393729308e-06
"species_bathy_extrap_only",140.481279189014,6.91995287578351e-06
"species_bathy_extrap_only",140.764076890993,6.75923460586868e-06
"species_bathy_extrap_only",141.046874592972,6.59851633595387e-06
"species_bathy_extrap_only",141.32967229495,6.44528376396725e-06
"species_bathy_extrap_only",141.612469996929,6.29205119198062e-06
"species_bathy_extrap_only",141.895267698908,6.14595465926459e-06
"species_bathy_extrap_only",142.178065400887,5.99985812654857e-06
"species_bathy_extrap_only",142.460863102865,5.86056445306405e-06
"species_bathy_extrap_only",142.743660804844,5.72127077957951e-06
"species_bathy_extrap_only",143.026458506823,5.58846557103809e-06
"species_bathy_extrap_only",143.309256208801,5.45566036249667e-06
"species_bathy_extrap_only",143.59205391078,5.32903360248582e-06
"species_bathy_extrap_only",143.874851612759,5.20240684247497e-06
"species_bathy_extrap_only",144.157649314737,5.0816737907633e-06
"species_bathy_extrap_only",144.440447016716,4.96094073905162e-06
"species_bathy_extrap_only",144.723244718695,4.84582625053242e-06
"species_bathy_extrap_only",145.006042420673,4.73071176201323e-06
"species_bathy_extrap_only",145.288840122652,4.62095346960289e-06
"species_bathy_extrap_only",145.571637824631,4.51119517719256e-06
"species_bathy_extrap_only",145.854435526609,4.40654312721112e-06
"species_bathy_extrap_only",146.137233228588,4.30189107722967e-06
"species_bathy_extrap_only",146.420030930567,4.20210716008951e-06
"species_bathy_extrap_only",146.702828632545,4.10232324294935e-06
"species_bathy_extrap_only",146.985626334524,4.00718281848844e-06
"species_bathy_extrap_only",147.268424036503,3.91204239402754e-06
"species_bathy_extrap_only",147.551221738482,3.8213238643614e-06
"species_bathy_extrap_only",147.83401944046,3.73060533469527e-06
"species_bathy_extrap_only",148.116817142439,3.64410493634004e-06
"species_bathy_extrap_only",148.399614844418,3.55760453798482e-06
"species_bathy_extrap_only",148.682412546396,3.47512553957596e-06
"species_bathy_extrap_only",148.965210248375,3.39264654116711e-06
"species_bathy_extrap_only",149.248007950354,3.31400161369677e-06
"species_bathy_extrap_only",149.530805652332,3.23535668622643e-06
"species_bathy_extrap_only",149.813603354311,3.16036702142641e-06
"species_bathy_extrap_only",150.09640105629,3.0853773566264e-06
"species_bathy_extrap_only",150.379198758268,3.01387266089526e-06
"species_bathy_extrap_only",150.661996460247,2.94236796516412e-06
"species_bathy_extrap_only",150.944794162226,2.8741875506555e-06
"species_bathy_extrap_only",151.227591864204,2.80600713614687e-06
"species_bathy_extrap_only",151.510389566183,2.74099251299509e-06
"species_bathy_extrap_only",151.793187268162,2.67597788984331e-06
"species_bathy_extrap_only",152.07598497014,2.61398345349217e-06
"species_bathy_extrap_only",152.358782672119,2.55198901714104e-06
"species_bathy_extrap_only",152.641580374098,2.49287404939235e-06
"species_bathy_extrap_only",152.924378076077,2.43375908164367e-06
"species_bathy_extrap_only",153.207175778055,2.37738942172605e-06
"species_bathy_extrap_only",153.489973480034,2.32101976180843e-06
"species_bathy_extrap_only",153.772771182013,2.26726765832908e-06
"species_bathy_extrap_only",154.055568883991,2.21351555484972e-06
"species_bathy_extrap_only",154.33836658597,2.16225906869427e-06
"species_bathy_extrap_only",154.621164287949,2.11100258253882e-06
"species_bathy_extrap_only",154.903961989927,2.06212692821506e-06
"species_bathy_extrap_only",155.186759691906,2.01325127389129e-06
"species_bathy_extrap_only",155.469557393885,1.96664294986048e-06
"species_bathy_extrap_only",155.752355095863,1.92003462582968e-06
"species_bathy_extrap_only",156.035152797842,1.87558940709653e-06
"species_bathy_extrap_only",156.317950499821,1.83114418836339e-06
"species_bathy_extrap_only",156.600748201799,1.78876152964469e-06
"species_bathy_extrap_only",156.883545903778,1.74637887092599e-06
"species_bathy_extrap_only",157.166343605757,1.70596264556233e-06
"species_bathy_extrap_only",157.449141307735,1.66554642019867e-06
"species_bathy_extrap_only",157.731939009714,1.62700532642113e-06
"species_bathy_extrap_only",158.014736711693,1.58846423264358e-06
"species_bathy_extrap_only",158.297534413672,1.5517109265839e-06
"species_bathy_extrap_only",158.58033211565,1.51495762052423e-06
"species_bathy_extrap_only",158.863129817629,1.4799090059775e-06
"species_bathy_extrap_only",159.145927519608,1.44486039143077e-06
"species_bathy_extrap_only",159.428725221586,1.41143805749144e-06
"species_bathy_extrap_only",159.711522923565,1.37801572355212e-06
"species_bathy_extrap_only",159.994320625544,1.34614235463154e-06
"species_bathy_extrap_only",160.277118327522,1.31426898571096e-06
"species_bathy_extrap_only",160.559916029501,1.28387336397473e-06
"species_bathy_extrap_only",160.84271373148,1.2534777422385e-06
"species_bathy_extrap_only",161.125511433458,1.22449127985536e-06
"species_bathy_extrap_only",161.408309135437,1.19550481747221e-06
"species_bathy_extrap_only",161.691106837416,1.16786195163837e-06
"species_bathy_extrap_only",161.973904539394,1.14021908580453e-06
"species_bathy_extrap_only",162.256702241373,1.11385738951891e-06
"species_bathy_extrap_only",162.539499943352,1.0874956932333e-06
"species_bathy_extrap_only",162.82229764533,1.06235569900526e-06
"species_bathy_extrap_only",163.105095347309,1.03721570477722e-06
"species_bathy_extrap_only",163.387893049288,1.01324122149943e-06
"species_bathy_extrap_only",163.670690751266,9.89266738221639e-07
"species_bathy_extrap_only",163.953488453245,9.66402409557226e-07
"species_bathy_extrap_only",164.236286155224,9.43538080892814e-07
"species_bathy_extrap_only",164.519083857203,9.21732959438538e-07
"species_bathy_extrap_only",164.801881559181,8.9992783798426e-07
"species_bathy_extrap_only",165.08467926116,8.79132731924915e-07
"species_bathy_extrap_only",165.367476963139,8.58337625865568e-07
"species_bathy_extrap_only",165.650274665117,8.38505638976055e-07
"species_bathy_extrap_only",165.933072367096,8.18673652086543e-07
"species_bathy_extrap_only",166.215870069075,7.99760071417548e-07
"species_bathy_extrap_only",166.498667771053,7.80846490748555e-07
"species_bathy_extrap_only",166.781465473032,7.6280870558859e-07
"species_bathy_extrap_only",167.064263175011,7.44770920428628e-07
"species_bathy_extrap_only",167.347060876989,7.27568712184657e-07
"species_bathy_extrap_only",167.629858578968,7.10366503940685e-07
"species_bathy_extrap_only",167.912656280947,6.93960191521655e-07
"species_bathy_extrap_only",168.195453982925,6.77553879102621e-07
"species_bathy_extrap_only",168.478251684904,6.61906999157441e-07
"species_bathy_extrap_only",168.761049386883,6.46260119212261e-07
"species_bathy_extrap_only",169.043847088861,6.31337420879326e-07
"species_bathy_extrap_only",169.32664479084,6.16414722546393e-07
"species_bathy_extrap_only",169.609442492819,6.02182630011354e-07
"species_bathy_extrap_only",169.892240194798,5.87950537476317e-07
"species_bathy_extrap_only",170.175037896776,5.74376992916111e-07
"species_bathy_extrap_only",170.457835598755,5.60803448355907e-07
"species_bathy_extrap_only",170.740633300734,5.47857924707366e-07
"species_bathy_extrap_only",171.023431002712,5.34912401058824e-07
"species_bathy_extrap_only",171.306228704691,5.22566094563957e-07
"species_bathy_extrap_only",171.58902640667,5.10219788069088e-07
"species_bathy_extrap_only",171.871824108648,4.9844425682108e-07
"species_bathy_extrap_only",172.154621810627,4.8666872557307e-07
"species_bathy_extrap_only",172.437419512606,4.75437857757471e-07
"species_bathy_extrap_only",172.720217214584,4.64206989941873e-07
"species_bathy_extrap_only",173.003014916563,4.53495513064519e-07
"species_bathy_extrap_only",173.285812618542,4.42784036187166e-07
"species_bathy_extrap_only",173.56861032052,4.32567875183025e-07
"species_bathy_extrap_only",173.851408022499,4.22351714178884e-07
"species_bathy_extrap_only",174.134205724478,4.12607938818713e-07
"species_bathy_extrap_only",174.417003426456,4.02864163458541e-07
"species_bathy_extrap_only",174.699801128435,3.9357085617562e-07
"species_bathy_extrap_only",174.982598830414,3.84277548892697e-07
"species_bathy_extrap_only",175.265396532393,3.75414087572593e-07
"species_bathy_extrap_only",175.548194234371,3.66550626252488e-07
"species_bathy_extrap_only",175.83099193635,3.58096620520394e-07
"species_bathy_extrap_only",176.113789638329,3.49642614788301e-07
"species_bathy_extrap_only",176.396587340307,3.4157933066787e-07
"species_bathy_extrap_only",176.679385042286,3.33516046547438e-07
"species_bathy_extrap_only",176.962182744265,3.25825403855659e-07
"species_bathy_extrap_only",177.244980446243,3.1813476116388e-07
"species_bathy_extrap_only",177.527778148222,3.10799476683186e-07
"species_bathy_extrap_only",177.810575850201,3.03464192202493e-07
"species_bathy_extrap_only",178.093373552179,2.9646783154258e-07
"species_bathy_extrap_only",178.376171254158,2.89471470882666e-07
"species_bathy_extrap_only",178.658968956137,2.82798323417936e-07
"species_bathy_extrap_only",178.941766658115,2.76125175953205e-07
"species_bathy_extrap_only",179.224564360094,2.69760460166677e-07
"species_bathy_extrap_only",179.507362062073,2.63395744380147e-07
"species_bathy_extrap_only",179.790159764051,2.57324836907494e-07
"species_bathy_extrap_only",180.07295746603,2.51253929434842e-07
"species_bathy_extrap_only",180.355755168009,2.45463410639742e-07
"species_bathy_extrap_only",180.638552869987,2.39672891844643e-07
"species_bathy_extrap_only",180.921350571966,2.34149767402817e-07
"species_bathy_extrap_only",181.204148273945,2.28626642960993e-07
"species_bathy_extrap_only",181.486945975924,2.23358561640165e-07
"species_bathy_extrap_only",181.769743677902,2.18090480319337e-07
"species_bathy_extrap_only",182.052541379881,2.1306562135396e-07
"species_bathy_extrap_only",182.33533908186,2.08040762388582e-07
"species_bathy_extrap_only",182.618136783838,2.03247883437743e-07
"species_bathy_extrap_only",182.900934485817,1.98455004486904e-07
"species_bathy_extrap_only",183.183732187796,1.93883368445084e-07
"species_bathy_extrap_only",183.466529889774,1.89311732403264e-07
"species_bathy_extrap_only",183.749327591753,1.84951226592016e-07
"species_bathy_extrap_only",184.032125293732,1.8059072078077e-07
"species_bathy_extrap_only",184.31492299571,1.7643134730327e-07
"species_bathy_extrap_only",184.597720697689,1.72271973825772e-07
"species_bathy_extrap_only",184.880518399668,1.68304545727222e-07
"species_bathy_extrap_only",185.163316101646,1.64337117628671e-07
"species_bathy_extrap_only",185.446113803625,1.60552758310352e-07
"species_bathy_extrap_only",185.728911505604,1.56768398992032e-07
"species_bathy_extrap_only",186.011709207582,1.53158648792196e-07
"species_bathy_extrap_only",186.294506909561,1.4954889859236e-07
"species_bathy_extrap_only",186.57730461154,1.46105681388423e-07
"species_bathy_extrap_only",186.860102313518,1.42662464184488e-07
"species_bathy_extrap_only",187.142900015497,1.39378079575284e-07
"species_bathy_extrap_only",187.425697717476,1.36093694966082e-07
"species_bathy_extrap_only",187.708495419455,1.3296089216722e-07
"species_bathy_extrap_only",187.991293121433,1.29828089368358e-07
"species_bathy_extrap_only",188.274090823412,1.26839689376396e-07
"species_bathy_extrap_only",188.556888525391,1.23851289384434e-07
"species_bathy_extrap_only",188.839686227369,1.21000710248936e-07
"species_bathy_extrap_only",189.122483929348,1.18150131113437e-07
"species_bathy_extrap_only",189.405281631327,1.15430996423219e-07
"species_bathy_extrap_only",189.688079333305,1.12711861733001e-07
"species_bathy_extrap_only",189.970877035284,1.10118101690469e-07
"species_bathy_extrap_only",190.253674737263,1.07524341647937e-07
"species_bathy_extrap_only",190.536472439241,1.05050165712019e-07
"species_bathy_extrap_only",190.81927014122,1.02575989776102e-07
"species_bathy_extrap_only",191.102067843199,1.00215872272631e-07
"species_bathy_extrap_only",191.384865545177,9.78557547691612e-08
"species_bathy_extrap_only",191.667663247156,9.56044897798676e-08
"species_bathy_extrap_only",191.950460949135,9.33532247905742e-08
"species_bathy_extrap_only",192.233258651114,9.1205661650808e-08
"species_bathy_extrap_only",192.516056353092,8.90580985110417e-08
"species_bathy_extrap_only",192.798854055071,8.70095125373112e-08
"species_bathy_extrap_only",193.08165175705,8.49609265635805e-08
"species_bathy_extrap_only",193.364449459028,8.3006745403222e-08
"species_bathy_extrap_only",193.647247161007,8.10525642428632e-08
"species_bathy_extrap_only",193.930044862986,7.91884305791774e-08
"species_bathy_extrap_only",194.212842564964,7.73242969154915e-08
"species_bathy_extrap_only",194.495640266943,7.55460524799354e-08
"species_bathy_extrap_only",194.778437968922,7.37678080443794e-08
"species_bathy_extrap_only",195.0612356709,7.20714895302737e-08
"species_bathy_extrap_only",195.344033372879,7.03751710161684e-08
"species_bathy_extrap_only",195.626831074858,6.87570388554398e-08
"species_bathy_extrap_only",195.909628776836,6.71389066947111e-08
"species_bathy_extrap_only",196.192426478815,6.55952672430973e-08
"species_bathy_extrap_only",196.475224180794,6.40516277914836e-08
"species_bathy_extrap_only",196.758021882772,6.25790860162544e-08
"species_bathy_extrap_only",197.040819584751,6.11065442410251e-08
"species_bathy_extrap_only",197.32361728673,5.970182048844e-08
"species_bathy_extrap_only",197.606414988709,5.82970967358547e-08
"species_bathy_extrap_only",197.889212690687,5.6957062258083e-08
"species_bathy_extrap_only",198.172010392666,5.56170277803115e-08
"species_bathy_extrap_only",198.454808094645,5.43386962530199e-08
"species_bathy_extrap_only",198.737605796623,5.30603647257285e-08
"species_bathy_extrap_only",199.020403498602,5.18408917148321e-08
"species_bathy_extrap_only",199.303201200581,5.06214187039359e-08
"species_bathy_extrap_only",199.585998902559,4.94581204059841e-08
"species_bathy_extrap_only",199.868796604538,4.82948221080322e-08
"species_bathy_extrap_only",200.151594306517,4.71850443874981e-08
"species_bathy_extrap_only",200.434392008495,4.60752666669637e-08
"species_bathy_extrap_only",200.717189710474,4.50165733062241e-08
"species_bathy_extrap_only",200.999987412453,4.39578799454844e-08
"species_bathy_extrap_only",201.282785114431,4.29479150651832e-08
"species_bathy_extrap_only",201.56558281641,4.19379501848821e-08
"species_bathy_extrap_only",201.848380518389,4.09744679090271e-08
"species_bathy_extrap_only",202.131178220367,4.00109856331724e-08
"species_bathy_extrap_only",202.413975922346,3.9091841917677e-08
"species_bathy_extrap_only",202.696773624325,3.81726982021818e-08
"species_bathy_extrap_only",202.979571326303,3.72958506126578e-08
"species_bathy_extrap_only",203.262369028282,3.64190030231336e-08
"species_bathy_extrap_only",203.545166730261,3.55825224143366e-08
"species_bathy_extrap_only",203.82796443224,3.47460418055395e-08
"species_bathy_extrap_only",204.110762134218,3.39480240359739e-08
"species_bathy_extrap_only",204.393559836197,3.31500062664082e-08
"species_bathy_extrap_only",204.676357538176,3.23887006958649e-08
"species_bathy_extrap_only",204.959155240154,3.16273951253218e-08
"species_bathy_extrap_only",205.241952942133,3.09011104453118e-08
"species_bathy_extrap_only",205.524750644112,3.01748257653018e-08
"species_bathy_extrap_only",205.80754834609,2.94819481844817e-08
"species_bathy_extrap_only",206.090346048069,2.87890706036616e-08
"species_bathy_extrap_only",206.373143750048,2.81280608056912e-08
"species_bathy_extrap_only",206.655941452026,2.74670510077207e-08
"species_bathy_extrap_only",206.938739154005,2.68364406650856e-08
"species_bathy_extrap_only",207.221536855984,2.62058303224504e-08
"species_bathy_extrap_only",207.504334557962,2.56042350193887e-08
"species_bathy_extrap_only",207.787132259941,2.5002639716327e-08
"species_bathy_extrap_only",208.06992996192,2.44286913804123e-08
"species_bathy_extrap_only",208.352727663898,2.38547430444976e-08
"species_bathy_extrap_only",208.635525365877,2.33071841159265e-08
"species_bathy_extrap_only",208.918323067856,2.27596251873555e-08
"species_bathy_extrap_only",209.201120769835,2.2237241072739e-08
"species_bathy_extrap_only",209.483918471813,2.17148569581227e-08
"species_bathy_extrap_only",209.766716173792,2.12164870216672e-08
"species_bathy_extrap_only",210.049513875771,2.07181170852117e-08
"species_bathy_extrap_only",210.332311577749,2.02426564694234e-08
"species_bathy_extrap_only",210.615109279728,1.97671958536351e-08
"species_bathy_extrap_only",210.897906981707,1.93135895062716e-08
"species_bathy_extrap_only",211.180704683685,1.88599831589081e-08
"species_bathy_extrap_only",211.463502385664,1.84272251001674e-08
"species_bathy_extrap_only",211.746300087643,1.79944670414267e-08
"species_bathy_extrap_only",212.029097789621,1.75816085462747e-08
"species_bathy_extrap_only",212.3118954916,1.71687500511228e-08
"species_bathy_extrap_only",212.594693193579,1.67748526645208e-08
"species_bathy_extrap_only",212.877490895557,1.63809552779188e-08
"species_bathy_extrap_only",213.160288597536,1.60051580278167e-08
"species_bathy_extrap_only",213.443086299515,1.56293607777146e-08
"species_bathy_extrap_only",213.725884001493,1.52708305368535e-08
"species_bathy_extrap_only",214.008681703472,1.49123002959924e-08
"species_bathy_extrap_only",214.291479405451,1.45702419404359e-08
"species_bathy_extrap_only",214.57427710743,1.42281835848794e-08
"species_bathy_extrap_only",214.857074809408,1.39018393500502e-08
"species_bathy_extrap_only",215.139872511387,1.35754951152209e-08
"species_bathy_extrap_only",215.422670213366,1.32641422866103e-08
"species_bathy_extrap_only",215.705467915344,1.29527894579996e-08
"species_bathy_extrap_only",215.988265617323,1.26557462109252e-08
"species_bathy_extrap_only",216.271063319302,1.23587029638507e-08
"species_bathy_extrap_only",216.55386102128,1.20752946459114e-08
"species_bathy_extrap_only",216.836658723259,1.1791886327972e-08
"species_bathy_extrap_only",217.119456425238,1.15214942089909e-08
"species_bathy_extrap_only",217.402254127216,1.12511020900097e-08
"species_bathy_extrap_only",217.685051829195,1.09931276016818e-08
"species_bathy_extrap_only",217.967849531174,1.07351531133539e-08
"species_bathy_extrap_only",218.250647233152,1.04890245438834e-08
"species_bathy_extrap_only",218.533444935131,1.02428959744129e-08
"species_bathy_extrap_only",218.81624263711,1.00080687904612e-08
"species_bathy_extrap_only",219.099040339088,9.7732416065096e-09
"species_bathy_extrap_only",219.381838041067,9.5491963215518e-09
"species_bathy_extrap_only",219.664635743046,9.32515103659403e-09
"species_bathy_extrap_only",219.947433445025,9.11139745751184e-09
"species_bathy_extrap_only",220.230231147003,8.89764387842964e-09
"species_bathy_extrap_only",220.513028848982,8.69369720237236e-09
"species_bathy_extrap_only",220.795826550961,8.48975052631507e-09
"species_bathy_extrap_only",221.078624252939,8.29516588531517e-09
"species_bathy_extrap_only",221.361421954918,8.10058124431524e-09
"species_bathy_extrap_only",221.644219656897,7.91492828669353e-09
"species_bathy_extrap_only",221.927017358875,7.72927532907182e-09
"species_bathy_extrap_only",222.209815060854,7.55214319323443e-09
"species_bathy_extrap_only",222.492612762833,7.37501105739704e-09
"species_bathy_extrap_only",222.775410464811,7.20600811092182e-09
"species_bathy_extrap_only",223.05820816679,7.0370051644466e-09
"species_bathy_extrap_only",223.341005868769,6.87575808259019e-09
"species_bathy_extrap_only",223.623803570747,6.7145110007338e-09
"species_bathy_extrap_only",223.906601272726,6.56066729218381e-09
"species_bathy_extrap_only",224.189398974705,6.40682358363383e-09
"species_bathy_extrap_only",224.472196676683,6.26003485942682e-09
"species_bathy_extrap_only",224.754994378662,6.1132461352198e-09
"species_bathy_extrap_only",225.037792080641,5.97319239488408e-09
"species_bathy_extrap_only",225.32058978262,5.83313865454834e-09
"species_bathy_extrap_only",225.603387484598,5.69951019499902e-09
"species_bathy_extrap_only",225.886185186577,5.5658817354497e-09
"species_bathy_extrap_only",226.168982888556,5.43838362241004e-09
"species_bathy_extrap_only",226.451780590534,5.31088550937039e-09
"species_bathy_extrap_only",226.734578292513,5.18923606746275e-09
"species_bathy_extrap_only",227.017375994492,5.06758662555512e-09
"species_bathy_extrap_only",227.30017369647,4.95151708857624e-09
"species_bathy_extrap_only",227.582971398449,4.83544755159739e-09
"species_bathy_extrap_only",227.865769100428,4.72470460770198e-09
"species_bathy_extrap_only",228.148566802406,4.61396166380657e-09
"species_bathy_extrap_only",228.431364504385,4.50829486279007e-09
"species_bathy_extrap_only",228.714162206364,4.40262806177356e-09
"species_bathy_extrap_only",228.996959908342,4.30180710680501e-09
"species_bathy_extrap_only",229.279757610321,4.20098615183645e-09
"species_bathy_extrap_only",229.5625553123,4.10478859262365e-09
"species_bathy_extrap_only",229.845353014278,4.00859103341085e-09
"species_bathy_extrap_only",230.128150716257,3.91680447276788e-09
"species_bathy_extrap_only",230.410948418236,3.82501791212493e-09
"species_bathy_extrap_only",230.693746120214,3.73743991437595e-09
"species_bathy_extrap_only",230.976543822193,3.64986191662698e-09
"species_bathy_extrap_only",231.259341524172,3.56629924154913e-09
"species_bathy_extrap_only",231.54213922615,3.48273656647126e-09
"species_bathy_extrap_only",231.824936928129,3.40300684850609e-09
"species_bathy_extrap_only",232.107734630108,3.32327713054091e-09
"species_bathy_extrap_only",232.390532332087,3.24720035504998e-09
"species_bathy_extrap_only",232.673330034065,3.17112357955903e-09
"species_bathy_extrap_only",232.956127736044,3.09853409544189e-09
"species_bathy_extrap_only",233.238925438023,3.02594461132475e-09
"species_bathy_extrap_only",233.521723140001,2.95668242547613e-09
"species_bathy_extrap_only",233.80452084198,2.88742023962751e-09
"species_bathy_extrap_only",234.087318543959,2.82133262537216e-09
"species_bathy_extrap_only",234.370116245937,2.7552450111168e-09
"species_bathy_extrap_only",234.652913947916,2.69218613489546e-09
"species_bathy_extrap_only",234.935711649895,2.62912725867412e-09
"species_bathy_extrap_only",235.218509351873,2.5689582619209e-09
"species_bathy_extrap_only",235.501307053852,2.50878926516768e-09
"species_bathy_extrap_only",235.784104755831,2.45137754127602e-09
"species_bathy_extrap_only",236.066902457809,2.39396581738437e-09
"species_bathy_extrap_only",236.349700159788,2.33918626903375e-09
"species_bathy_extrap_only",236.632497861767,2.28440672068314e-09
"species_bathy_extrap_only",236.915295563746,2.26670944661342e-09
"species_bathy_extrap_only",237.198093265724,2.2490121725437e-09
"species_bathy_extrap_only",237.480890967703,2.2490121725437e-09
"species_bathy_extrap_only",237.763688669682,2.2490121725437e-09
"species_bathy_extrap_only",238.04648637166,2.2490121725437e-09
"species_bathy_extrap_only",238.329284073639,2.2490121725437e-09
"species_bathy_extrap_only",238.612081775618,2.2490121725437e-09
"species_bathy_extrap_only",238.894879477596,2.2490121725437e-09
"species_bathy_extrap_only",239.177677179575,2.2490121725437e-09
"species_bathy_extrap_only",239.460474881554,2.2490121725437e-09
"species_bathy_extrap_only",239.743272583532,2.2490121725437e-09
"species_bathy_extrap_only",240.026070285511,2.2490121725437e-09
"species_bathy_extrap_only",240.30886798749,2.2490121725437e-09
"species_bathy_extrap_only",240.591665689468,2.2490121725437e-09
"species_bathy_extrap_only",240.874463391447,2.2490121725437e-09
"species_bathy_extrap_only",241.157261093426,2.2490121725437e-09
"species_bathy_extrap_only",241.440058795404,2.2490121725437e-09
"species_bathy_extrap_only",241.722856497383,2.2490121725437e-09
"species_bathy_extrap_only",242.005654199362,2.2490121725437e-09
"species_bathy_extrap_only",242.28845190134,2.2490121725437e-09
"species_bathy_extrap_only",242.571249603319,2.2490121725437e-09
"species_bathy_extrap_only",242.854047305298,2.2490121725437e-09
"species_bathy_extrap_only",243.136845007277,2.2490121725437e-09
"species_bathy_extrap_only",243.419642709255,2.2490121725437e-09
"species_bathy_extrap_only",243.702440411234,2.2490121725437e-09
"species_bathy_extrap_only",243.985238113213,2.2490121725437e-09
"species_bathy_extrap_only",244.268035815191,2.2490121725437e-09
"species_bathy_extrap_only",244.55083351717,2.2490121725437e-09
"species_bathy_extrap_only",244.833631219149,2.2490121725437e-09
"species_bathy_extrap_only",245.116428921127,2.2490121725437e-09
"species_bathy_extrap_only",245.399226623106,2.2490121725437e-09
"species_bathy_extrap_only",245.682024325085,2.2490121725437e-09
"species_bathy_extrap_only",245.964822027063,2.2490121725437e-09
"species_bathy_extrap_only",246.247619729042,2.2490121725437e-09
"species_bathy_extrap_only",246.530417431021,2.2490121725437e-09
"species_bathy_extrap_only",246.813215132999,2.2490121725437e-09
"species_bathy_extrap_only",247.096012834978,2.2490121725437e-09
"species_bathy_extrap_only",247.378810536957,2.2490121725437e-09
"species_bathy_extrap_only",247.661608238935,2.2490121725437e-09
"species_bathy_extrap_only",247.944405940914,2.2490121725437e-09
"species_bathy_extrap_only",248.227203642893,2.2490121725437e-09
"species_bathy_extrap_only",248.510001344872,2.2490121725437e-09
"species_bathy_extrap_only",248.79279904685,2.2490121725437e-09
"species_bathy_extrap_only",249.075596748829,2.2490121725437e-09
"species_bathy_extrap_only",249.358394450808,2.2490121725437e-09
"species_bathy_extrap_only",249.641192152786,2.2490121725437e-09
"species_bathy_extrap_only",249.923989854765,2.2490121725437e-09
"species_bathy_extrap_only",250.206787556744,2.2490121725437e-09
"species_bathy_extrap_only",250.489585258722,2.2490121725437e-09
"species_bathy_extrap_only",250.772382960701,2.2490121725437e-09
"species_bathy_extrap_only",251.05518066268,2.2490121725437e-09
"species_bathy_extrap_only",251.337978364658,2.2490121725437e-09
"species_bathy_extrap_only",251.620776066637,2.2490121725437e-09
"species_bathy_extrap_only",251.903573768616,2.2490121725437e-09
"species_bathy_extrap_only",252.186371470594,2.2490121725437e-09
"species_bathy_extrap_only",252.469169172573,2.2490121725437e-09
"species_bathy_extrap_only",252.751966874552,2.2490121725437e-09
"species_bathy_extrap_only",253.03476457653,2.2490121725437e-09
"species_bathy_extrap_only",253.317562278509,2.2490121725437e-09
"species_bathy_extrap_only",253.600359980488,2.2490121725437e-09
"species_bathy_extrap_only",253.883157682467,2.2490121725437e-09
"species_bathy_extrap_only",254.165955384445,2.2490121725437e-09
"species_bathy_extrap_only",254.448753086424,2.2490121725437e-09
"species_bathy_extrap_only",254.731550788403,2.2490121725437e-09
"species_bathy_extrap_only",255.014348490381,2.2490121725437e-09
"species_bathy_extrap_only",255.29714619236,2.2490121725437e-09
"species_bathy_extrap_only",255.579943894339,2.2490121725437e-09
"species_bathy_extrap_only",255.862741596317,2.2490121725437e-09
"species_bathy_extrap_only",256.145539298296,2.2490121725437e-09
"species_bathy_extrap_only",256.428337000275,2.2490121725437e-09
"species_bathy_extrap_only",256.711134702253,2.2490121725437e-09
"species_bathy_extrap_only",256.993932404232,2.2490121725437e-09
"species_bathy_extrap_only",257.276730106211,2.2490121725437e-09
"species_bathy_extrap_only",257.559527808189,2.2490121725437e-09
"species_bathy_extrap_only",257.842325510168,2.2490121725437e-09
"species_bathy_extrap_only",258.125123212147,2.2490121725437e-09
"species_bathy_extrap_only",258.407920914125,2.2490121725437e-09
"species_bathy_extrap_only",258.690718616104,2.2490121725437e-09
"species_bathy_extrap_only",258.973516318083,2.2490121725437e-09
"species_bathy_extrap_only",259.256314020062,2.2490121725437e-09
"species_bathy_extrap_only",259.53911172204,2.2490121725437e-09
"species_bathy_extrap_only",259.821909424019,2.2490121725437e-09
"species_bathy_extrap_only",260.104707125998,2.2490121725437e-09
"species_bathy_extrap_only",260.387504827976,2.2490121725437e-09
"species_bathy_extrap",-22.4101971507073,0.634270560741425
"species_bathy_extrap",-22.1273994487286,0.634270560741425
"species_bathy_extrap",-21.8446017467499,0.634270560741425
"species_bathy_extrap",-21.5618040447712,0.634270560741425
"species_bathy_extrap",-21.2790063427925,0.634270560741425
"species_bathy_extrap",-20.9962086408138,0.634270560741425
"species_bathy_extrap",-20.7134109388352,0.634270560741425
"species_bathy_extrap",-20.4306132368565,0.634270560741425
"species_bathy_extrap",-20.1478155348778,0.634270560741425
"species_bathy_extrap",-19.8650178328991,0.634270560741425
"species_bathy_extrap",-19.5822201309204,0.634270560741425
"species_bathy_extrap",-19.2994224289417,0.634270560741425
"species_bathy_extrap",-19.0166247269631,0.634270560741425
"species_bathy_extrap",-18.7338270249844,0.634270560741425
"species_bathy_extrap",-18.4510293230057,0.634270560741425
"species_bathy_extrap",-18.168231621027,0.634270560741425
"species_bathy_extrap",-17.8854339190483,0.634270560741425
"species_bathy_extrap",-17.6026362170696,0.634270560741425
"species_bathy_extrap",-17.319838515091,0.634270560741425
"species_bathy_extrap",-17.0370408131123,0.634270560741425
"species_bathy_extrap",-16.7542431111336,0.634270560741425
"species_bathy_extrap",-16.4714454091549,0.634270560741425
"species_bathy_extrap",-16.1886477071762,0.634270560741425
"species_bathy_extrap",-15.9058500051975,0.634270560741425
"species_bathy_extrap",-15.6230523032189,0.634270560741425
"species_bathy_extrap",-15.3402546012402,0.634270560741425
"species_bathy_extrap",-15.0574568992615,0.634270560741425
"species_bathy_extrap",-14.7746591972828,0.634270560741425
"species_bathy_extrap",-14.4918614953041,0.634270560741425
"species_bathy_extrap",-14.2090637933254,0.634270560741425
"species_bathy_extrap",-13.9262660913467,0.634270560741425
"species_bathy_extrap",-13.6434683893681,0.634270560741425
"species_bathy_extrap",-13.3606706873894,0.634270560741425
"species_bathy_extrap",-13.0778729854107,0.634270560741425
"species_bathy_extrap",-12.795075283432,0.634270560741425
"species_bathy_extrap",-12.5122775814533,0.634270560741425
"species_bathy_extrap",-12.2294798794746,0.634270560741425
"species_bathy_extrap",-11.946682177496,0.634270560741425
"species_bathy_extrap",-11.6638844755173,0.634270560741425
"species_bathy_extrap",-11.3810867735386,0.634270560741425
"species_bathy_extrap",-11.0982890715599,0.634270560741425
"species_bathy_extrap",-10.8154913695812,0.634270560741425
"species_bathy_extrap",-10.5326936676025,0.634270560741425
"species_bathy_extrap",-10.2498959656239,0.634270560741425
"species_bathy_extrap",-9.96709826364518,0.634270560741425
"species_bathy_extrap",-9.6843005616665,0.634270560741425
"species_bathy_extrap",-9.40150285968781,0.634270560741425
"species_bathy_extrap",-9.11870515770913,0.634270560741425
"species_bathy_extrap",-8.83590745573045,0.634270560741425
"species_bathy_extrap",-8.55310975375176,0.634270560741425
"species_bathy_extrap",-8.27031205177308,0.634270560741425
"species_bathy_extrap",-7.9875143497944,0.634270560741425
"species_bathy_extrap",-7.70471664781571,0.634270560741425
"species_bathy_extrap",-7.42191894583703,0.634270560741425
"species_bathy_extrap",-7.13912124385834,0.634270560741425
"species_bathy_extrap",-6.85632354187966,0.634270560741425
"species_bathy_extrap",-6.57352583990098,0.634270560741425
"species_bathy_extrap",-6.2907281379223,0.634270560741425
"species_bathy_extrap",-6.00793043594361,0.634270560741425
"species_bathy_extrap",-5.72513273396493,0.634270560741425
"species_bathy_extrap",-5.44233503198624,0.634270560741425
"species_bathy_extrap",-5.15953733000756,0.634270560741425
"species_bathy_extrap",-4.87673962802888,0.634270560741425
"species_bathy_extrap",-4.5939419260502,0.634270560741425
"species_bathy_extrap",-4.31114422407151,0.634270560741425
"species_bathy_extrap",-4.02834652209282,0.634270560741425
"species_bathy_extrap",-3.74554882011414,0.634270560741425
"species_bathy_extrap",-3.46275111813546,0.634270560741425
"species_bathy_extrap",-3.17995341615678,0.634270560741425
"species_bathy_extrap",-2.89715571417809,0.634270560741425
"species_bathy_extrap",-2.61435801219941,0.634270560741425
"species_bathy_extrap",-2.33156031022073,0.634270560741425
"species_bathy_extrap",-2.04876260824204,0.634270560741425
"species_bathy_extrap",-1.76596490626336,0.634270560741425
"species_bathy_extrap",-1.48316720428468,0.634270560741425
"species_bathy_extrap",-1.20036950230599,0.634270560741425
"species_bathy_extrap",-0.917571800327309,0.634270560741425
"species_bathy_extrap",-0.634774098348625,0.634270560741425
"species_bathy_extrap",-0.351976396369938,0.634270560741425
"species_bathy_extrap",-0.0691786943912582,0.634270560741425
"species_bathy_extrap",0.213619007587425,0.634270560741425
"species_bathy_extrap",0.496416709566109,0.634270560741425
"species_bathy_extrap",0.779214411544793,0.634270560741425
"species_bathy_extrap",1.06201211352348,0.631626963615417
"species_bathy_extrap",1.34480981550216,0.62898336648941
"species_bathy_extrap",1.62760751748084,0.62095752954483
"species_bathy_extrap",1.91040521945953,0.61293169260025
"species_bathy_extrap",2.19320292143821,0.604777193069458
"species_bathy_extrap",2.47600062341689,0.596622693538666
"species_bathy_extrap",2.75879832539558,0.588358408212662
"species_bathy_extrap",3.04159602737426,0.580094122886658
"species_bathy_extrap",3.32439372935294,0.571740090847015
"species_bathy_extrap",3.60719143133163,0.563386058807373
"species_bathy_extrap",3.88998913331031,0.554963248968124
"species_bathy_extrap",4.17278683528899,0.546540439128876
"species_bathy_extrap",4.45558453726768,0.538070517778397
"species_bathy_extrap",4.73838223924636,0.529600596427917
"species_bathy_extrap",5.02117994122505,0.521105712652206
"species_bathy_extrap",5.30397764320373,0.512610828876495
"species_bathy_extrap",5.58677534518241,0.504184111952782
"species_bathy_extrap",5.8695730471611,0.495757395029068
"species_bathy_extrap",6.15237074913978,0.487473967671394
"species_bathy_extrap",6.43516845111846,0.479190540313721
"species_bathy_extrap",6.71796615309715,0.470945060253143
"species_bathy_extrap",7.00076385507583,0.462699580192566
"species_bathy_extrap",7.28356155705451,0.454510524868965
"species_bathy_extrap",7.5663592590332,0.446321469545364
"species_bathy_extrap",7.84915696101188,0.437298557162285
"species_bathy_extrap",8.13195466299057,0.428275644779205
"species_bathy_extrap",8.41475236496925,0.419237250089646
"species_bathy_extrap",8.69755006694793,0.410198855400085
"species_bathy_extrap",8.98034776892662,0.401279360055923
"species_bathy_extrap",9.2631454709053,0.392359864711761
"species_bathy_extrap",9.54594317288398,0.383581200242043
"species_bathy_extrap",9.82874087486266,0.374802535772324
"species_bathy_extrap",10.1115385768413,0.366185188293457
"species_bathy_extrap",10.39433627882,0.35756784081459
"species_bathy_extrap",10.6771339807987,0.349130690097809
"species_bathy_extrap",10.9599316827774,0.340693539381027
"species_bathy_extrap",11.2427293847561,0.332453671097756
"species_bathy_extrap",11.5255270867348,0.324213802814484
"species_bathy_extrap",11.8083247887134,0.31618646979332
"species_bathy_extrap",12.0911224906921,0.308159136772156
"species_bathy_extrap",12.3739201926708,0.300357669591904
"species_bathy_extrap",12.6567178946495,0.292556202411652
"species_bathy_extrap",12.9395155966282,0.284991981089115
"species_bathy_extrap",13.2223132986069,0.277427759766579
"species_bathy_extrap",13.5051110005856,0.270110161602497
"species_bathy_extrap",13.7879087025642,0.262792563438416
"species_bathy_extrap",14.0707064045429,0.255729061365128
"species_bathy_extrap",14.3535041065216,0.24866555929184
"species_bathy_extrap",14.6363018085003,0.24186175018549
"species_bathy_extrap",14.919099510479,0.23505794107914
"species_bathy_extrap",15.2018972124577,0.228517623245716
"species_bathy_extrap",15.4846949144363,0.221977305412292
"species_bathy_extrap",15.767492616415,0.215702532231808
"species_bathy_extrap",16.0502903183937,0.209427759051323
"species_bathy_extrap",16.3330880203724,0.203419081866741
"species_bathy_extrap",16.6158857223511,0.197410404682159
"species_bathy_extrap",16.8986834243298,0.191666801273823
"species_bathy_extrap",17.1814811263084,0.185923197865486
"species_bathy_extrap",17.4642788282871,0.180442386865616
"species_bathy_extrap",17.7470765302658,0.174961575865746
"species_bathy_extrap",18.0298742322445,0.169740062952042
"species_bathy_extrap",18.3126719342232,0.164518550038338
"species_bathy_extrap",18.5954696362019,0.15955178514123
"species_bathy_extrap",18.8782673381805,0.154585020244122
"species_bathy_extrap",19.1610650401592,0.149867529422045
"species_bathy_extrap",19.4438627421379,0.145150038599968
"species_bathy_extrap",19.7266604441166,0.140688228607178
"species_bathy_extrap",20.0094581460953,0.136226418614388
"species_bathy_extrap",20.292255848074,0.132186747342348
"species_bathy_extrap",20.5750535500526,0.128147076070309
"species_bathy_extrap",20.8578512520313,0.124470674991608
"species_bathy_extrap",21.14064895401,0.120794273912907
"species_bathy_extrap",21.4234466559887,0.117361784726381
"species_bathy_extrap",21.7062443579674,0.113929295539856
"species_bathy_extrap",21.989042059946,0.110713429749012
"species_bathy_extrap",22.2718397619247,0.107497563958168
"species_bathy_extrap",22.5546374639034,0.104464862495661
"species_bathy_extrap",22.8374351658821,0.101432161033154
"species_bathy_extrap",23.1202328678608,0.0985546767711639
"species_bathy_extrap",23.4030305698395,0.0956771925091744
"species_bathy_extrap",23.6858282718182,0.092948865890503
"species_bathy_extrap",23.9686259737968,0.0902205392718315
"species_bathy_extrap",24.2514236757755,0.0876353222876787
"species_bathy_extrap",24.5342213777542,0.0850501053035259
"species_bathy_extrap",24.8170190797329,0.0826019909232855
"species_bathy_extrap",25.0998167817116,0.080153876543045
"species_bathy_extrap",25.3826144836903,0.0778369296342135
"species_bathy_extrap",25.6654121856689,0.0755199827253819
"species_bathy_extrap",25.9482098876476,0.073328361287713
"species_bathy_extrap",26.2310075896263,0.0711367398500442
"species_bathy_extrap",26.513805291605,0.0690647277981043
"species_bathy_extrap",26.7966029935837,0.0669927157461643
"species_bathy_extrap",27.0794006955624,0.0650347057729959
"species_bathy_extrap",27.362198397541,0.0630766957998276
"species_bathy_extrap",27.6449960995197,0.0612272512167692
"species_bathy_extrap",27.9277938014984,0.0593778066337109
"species_bathy_extrap",28.2105915034771,0.0576316419988871
"species_bathy_extrap",28.4933892054558,0.0558854773640633
"species_bathy_extrap",28.7761869074345,0.0542374726384878
"species_bathy_extrap",29.0589846094131,0.0525894679129124
"species_bathy_extrap",29.3417823113918,0.0510346803814173
"species_bathy_extrap",29.6245800133705,0.0494798928499222
"species_bathy_extrap",29.9073777153492,0.0480135543271899
"species_bathy_extrap",30.1901754173279,0.0465472158044577
"species_bathy_extrap",30.4729731193066,0.0451647417619825
"species_bathy_extrap",30.7557708212852,0.0437822677195072
"species_bathy_extrap",31.0385685232639,0.0424792591482401
"species_bathy_extrap",31.3213662252426,0.041176250576973
"species_bathy_extrap",31.6041639272213,0.0399484766647219
"species_bathy_extrap",31.8869616292,0.038720702752471
"species_bathy_extrap",32.1697593311787,0.03756413012743
"species_bathy_extrap",32.4525570331573,0.036407557502389
"species_bathy_extrap",32.735354735136,0.0353183185681701
"species_bathy_extrap",33.0181524371147,0.0342290796339512
"species_bathy_extrap",33.3009501390934,0.0332035010680556
"species_bathy_extrap",33.5837478410721,0.0321779225021601
"species_bathy_extrap",33.8665455430508,0.0312124827876687
"species_bathy_extrap",34.1493432450294,0.0302470430731773
"species_bathy_extrap",34.4321409470081,0.0293383887037635
"species_bathy_extrap",34.7149386489868,0.0284297343343496
"species_bathy_extrap",34.9977363509655,0.0275746965780854
"species_bathy_extrap",35.2805340529442,0.0267196588218212
"species_bathy_extrap",35.5633317549229,0.0259152001701295
"species_bathy_extrap",35.8461294569016,0.0251107415184379
"species_bathy_extrap",36.1289271588802,0.0243540006689727
"species_bathy_extrap",36.4117248608589,0.0235972598195076
"species_bathy_extrap",36.6945225628376,0.0228855024091899
"species_bathy_extrap",36.9773202648163,0.0221737449988723
"species_bathy_extrap",37.260117966795,0.0215043976902962
"species_bathy_extrap",37.5429156687737,0.0208350503817201
"species_bathy_extrap",37.8257133707523,0.0202056570909917
"species_bathy_extrap",38.108511072731,0.0195762638002634
"species_bathy_extrap",38.3913087747097,0.0189845168963075
"species_bathy_extrap",38.6741064766884,0.0183927699923515
"species_bathy_extrap",38.9569041786671,0.0178364742547274
"species_bathy_extrap",39.2397018806457,0.0172801785171032
"species_bathy_extrap",39.5224995826244,0.0167572586331516
"species_bathy_extrap",39.8052972846031,0.0162343387492001
"species_bathy_extrap",40.0880949865818,0.015742843830958
"species_bathy_extrap",40.3708926885605,0.0152513489127159
"species_bathy_extrap",40.6536903905392,0.0147894234862179
"species_bathy_extrap",40.9364880925178,0.0143274980597198
"species_bathy_extrap",41.2192857944965,0.0138934018090367
"species_bathy_extrap",41.5020834964752,0.0134593055583537
"species_bathy_extrap",41.7848811984539,0.0130513860844075
"species_bathy_extrap",42.0676789004326,0.0126434666104615
"species_bathy_extrap",42.3504766024113,0.0122601745650172
"species_bathy_extrap",42.63327430439,0.011876882519573
"species_bathy_extrap",42.9160720063686,0.0115167476702482
"species_bathy_extrap",43.1988697083473,0.0111566128209233
"species_bathy_extrap",43.481667410326,0.0108182586263865
"species_bathy_extrap",43.7644651123047,0.0104799044318497
"species_bathy_extrap",44.0472628142834,0.0101620267378166
"species_bathy_extrap",44.3300605162621,0.00984414904378355
"species_bathy_extrap",44.6128582182407,0.00954551969189198
"species_bathy_extrap",44.8956559202194,0.00924689034000039
"species_bathy_extrap",45.1784536221981,0.00896635819226504
"species_bathy_extrap",45.4612513241768,0.00868582604452968
"species_bathy_extrap",45.7440490261555,0.00842230033595115
"species_bathy_extrap",46.0268467281342,0.00815877462737262
"species_bathy_extrap",46.3096444301128,0.00791123532690107
"species_bathy_extrap",46.5924421320915,0.00766369602642953
"species_bathy_extrap",46.8752398340702,0.00743117642123252
"species_bathy_extrap",47.1580375360489,0.00719865681603551
"species_bathy_extrap",47.4408352380276,0.00698025368619711
"species_bathy_extrap",47.7236329400063,0.0067618505563587
"species_bathy_extrap",48.0064306419849,0.00655670971609652
"species_bathy_extrap",48.2892283439636,0.00635156887583435
"species_bathy_extrap",48.5720260459423,0.00615888703614473
"species_bathy_extrap",48.854823747921,0.00596620519645512
"species_bathy_extrap",49.1376214498997,0.005785231012851
"species_bathy_extrap",49.4204191518784,0.00560425682924688
"species_bathy_extrap",49.703216853857,0.00543427838711067
"species_bathy_extrap",49.9860145558357,0.00526429994497448
"species_bathy_extrap",50.2688122578144,0.00510465307161212
"species_bathy_extrap",50.5516099597931,0.00494500619824976
"species_bathy_extrap",50.8344076617718,0.00479506183182821
"species_bathy_extrap",51.1172053637505,0.00464511746540666
"species_bathy_extrap",51.4000030657291,0.00450428874464706
"species_bathy_extrap",51.6828007677078,0.00436346002388746
"species_bathy_extrap",51.9655984696865,0.00423119136830792
"species_bathy_extrap",52.2483961716652,0.00409892271272838
"species_bathy_extrap",52.5311938736439,0.00397469566669315
"species_bathy_extrap",52.8139915756226,0.00385046862065792
"species_bathy_extrap",53.0967892776012,0.00373379341326654
"species_bathy_extrap",53.3795869795799,0.00361711820587516
"species_bathy_extrap",53.6623846815586,0.00350753479870037
"species_bathy_extrap",53.9451823835373,0.00339795139152557
"species_bathy_extrap",54.227980085516,0.00329502985696308
"species_bathy_extrap",54.5107777874947,0.0031921083224006
"species_bathy_extrap",54.7935754894733,0.00309544182382524
"species_bathy_extrap",55.076373191452,0.00299877532524988
"species_bathy_extrap",55.3591708934307,0.00290798447094858
"species_bathy_extrap",55.6419685954094,0.00281719361664727
"species_bathy_extrap",55.9247662973881,0.00273191943415441
"species_bathy_extrap",56.2075639993668,0.00264664525166154
"species_bathy_extrap",56.4903617013454,0.00256655293051154
"species_bathy_extrap",56.7731594033241,0.00248646060936153
"species_bathy_extrap",57.0559571053028,0.00241123359301127
"species_bathy_extrap",57.3387548072815,0.00233600657666102
"species_bathy_extrap",57.6215525092602,0.0022653495427221
"species_bathy_extrap",57.9043502112389,0.00219469250878319
"species_bathy_extrap",58.1871479132176,0.00212832659599371
"species_bathy_extrap",58.4699456151962,0.00206196068320423
"species_bathy_extrap",58.7527433171749,0.00199962415499613
"species_bathy_extrap",59.0355410191536,0.00193728762678802
"species_bathy_extrap",59.3183387211323,0.00187873592076358
"species_bathy_extrap",59.601136423111,0.00182018421473913
"species_bathy_extrap",59.8839341250896,0.00176518594380468
"species_bathy_extrap",60.1667318270683,0.00171018767287023
"species_bathy_extrap",60.449529529047,0.00165852725331206
"species_bathy_extrap",60.7323272310257,0.00160686683375388
"species_bathy_extrap",61.0151249330044,0.00155834030883852
"species_bathy_extrap",61.2979226349831,0.00150981378392316
"species_bathy_extrap",61.5807203369617,0.00146423092228361
"species_bathy_extrap",61.8635180389404,0.00141864806064405
"species_bathy_extrap",62.1463157409191,0.00137582909082994
"species_bathy_extrap",62.4291134428978,0.00133301012101583
"species_bathy_extrap",62.7119111448765,0.00129278733511456
"species_bathy_extrap",62.9947088468552,0.00125256454921328
"species_bathy_extrap",63.2775065488338,0.00121477968932595
"species_bathy_extrap",63.5603042508125,0.00117699482943863
"species_bathy_extrap",63.8431019527912,0.00114149924629601
"species_bathy_extrap",64.1258996547699,0.00110600366315339
"species_bathy_extrap",64.4086973567486,0.00107265836704755
"species_bathy_extrap",64.6914950587273,0.00103931307094172
"species_bathy_extrap",64.9742927607059,0.0010079876461532
"species_bathy_extrap",65.2570904626846,0.000976662221364677
"species_bathy_extrap",65.5398881646633,0.00094723297515884
"species_bathy_extrap",65.822685866642,0.000917803728953004
"species_bathy_extrap",66.1054835686207,0.00089015581907006
"species_bathy_extrap",66.3882812705994,0.000862507909187116
"species_bathy_extrap",66.671078972578,0.000836533021356445
"species_bathy_extrap",66.9538766745567,0.000810558133525774
"species_bathy_extrap",67.2366743765354,0.000786154906381852
"species_bathy_extrap",67.5194720785141,0.000761751679237932
"species_bathy_extrap",67.8022697804928,0.000738823956635316
"species_bathy_extrap",68.0850674824715,0.000715896234032698
"species_bathy_extrap",68.3678651844502,0.000694354738516267
"species_bathy_extrap",68.6506628864288,0.000672813242999837
"species_bathy_extrap",68.9334605884075,0.000652574020205067
"species_bathy_extrap",69.2162582903862,0.000632334797410294
"species_bathy_extrap",69.4990559923649,0.0006133182796475
"species_bathy_extrap",69.7818536943436,0.000594301761884708
"species_bathy_extrap",70.0646513963223,0.000576433971582445
"species_bathy_extrap",70.3474490983009,0.000558566181280185
"species_bathy_extrap",70.6302468002796,0.000541777412581723
"species_bathy_extrap",70.9130445022583,0.000524988643883262
"species_bathy_extrap",71.195842204237,0.000509213661280229
"species_bathy_extrap",71.4786399062157,0.000493438678677194
"species_bathy_extrap",71.7614376081943,0.000478615578322206
"species_bathy_extrap",72.044235310173,0.000463792477967218
"species_bathy_extrap",72.3270330121517,0.000449863747780909
"species_bathy_extrap",72.6098307141304,0.000435935017594602
"species_bathy_extrap",72.8926284161091,0.000422846619039773
"species_bathy_extrap",73.1754261180878,0.000409758220484946
"species_bathy_extrap",73.4582238200665,0.000397458902079961
"species_bathy_extrap",73.7410215220451,0.000385159583674977
"species_bathy_extrap",74.0238192240238,0.000373601706814953
"species_bathy_extrap",74.3066169260025,0.000362043829954928
"species_bathy_extrap",74.5894146279812,0.000351182496524415
"species_bathy_extrap",74.8722123299599,0.000340321163093904
"species_bathy_extrap",75.1550100319386,0.000330114340977161
"species_bathy_extrap",75.4378077339172,0.000319907518860418
"species_bathy_extrap",75.7206054358959,0.000310315325987176
"species_bathy_extrap",76.0034031378746,0.000300723133113934
"species_bathy_extrap",76.2862008398533,0.000291708518125234
"species_bathy_extrap",76.568998541832,0.000282693903136533
"species_bathy_extrap",76.8517962438106,0.000274222045118222
"species_bathy_extrap",77.1345939457893,0.000265750187099911
"species_bathy_extrap",77.417391647768,0.000257788040835294
"species_bathy_extrap",77.7001893497467,0.000249825894570677
"species_bathy_extrap",77.9829870517254,0.000242342759884195
"species_bathy_extrap",78.2657847537041,0.000234859625197714
"species_bathy_extrap",78.5485824556827,0.000227826561058464
"species_bathy_extrap",78.8313801576614,0.000220793496919214
"species_bathy_extrap",79.1141778596401,0.000214183396019508
"species_bathy_extrap",79.3969755616188,0.000207573295119801
"species_bathy_extrap",79.6797732635975,0.000201360444225429
"species_bathy_extrap",79.9625709655762,0.000195147593331058
"species_bathy_extrap",80.2453686675549,0.000189308093285945
"species_bathy_extrap",80.5281663695335,0.000183468593240832
"species_bathy_extrap",80.8109640715122,0.000177979914224125
"species_bathy_extrap",81.0937617734909,0.000172491235207417
"species_bathy_extrap",81.3765594754696,0.000167332276032539
"species_bathy_extrap",81.6593571774483,0.000162173316857661
"species_bathy_extrap",81.942154879427,0.000157324051542673
"species_bathy_extrap",82.2249525814056,0.000152474786227685
"species_bathy_extrap",82.5077502833843,0.000147916607056686
"species_bathy_extrap",82.790547985363,0.000143358427885687
"species_bathy_extrap",83.0733456873417,0.000139073848731641
"species_bathy_extrap",83.3561433893204,0.000134789269577595
"species_bathy_extrap",83.6389410912991,0.00013076168797852
"species_bathy_extrap",83.9217387932777,0.000126734106379445
"species_bathy_extrap",84.2045364952564,0.000122948095486208
"species_bathy_extrap",84.4873341972351,0.000119162084592972
"species_bathy_extrap",84.7701318992138,0.000115603094945982
"species_bathy_extrap",85.0529296011925,0.000112044105298992
"species_bathy_extrap",85.3357273031712,0.000108698510757677
"species_bathy_extrap",85.6185250051498,0.000105352916216361
"species_bathy_extrap",85.9013227071285,0.000102207786585496
"species_bathy_extrap",86.1841204091072,9.90626569546294e-05
"species_bathy_extrap",86.4669181110859,9.61059712608402e-05
"species_bathy_extrap",86.7497158130646,9.31492855670513e-05
"species_bathy_extrap",87.0325135150433,9.03697462490527e-05
"species_bathy_extrap",87.315311217022,8.75902069310541e-05
"species_bathy_extrap",87.5981089190006,8.49770868626366e-05
"species_bathy_extrap",87.8809066209793,8.23639667942189e-05
"species_bathy_extrap",88.163704322958,7.99072953668657e-05
"species_bathy_extrap",88.4465020249367,7.74506239395123e-05
"species_bathy_extrap",88.7292997269154,7.51409983877238e-05
"species_bathy_extrap",89.0120974288941,7.28313728359353e-05
"species_bathy_extrap",89.2948951308727,7.06599859768176e-05
"species_bathy_extrap",89.5776928328514,6.84885991176998e-05
"species_bathy_extrap",89.8604905348301,6.64470904666814e-05
"species_bathy_extrap",90.1432882368088,6.4405581815663e-05
"species_bathy_extrap",90.4260859387875,6.24861809683352e-05
"species_bathy_extrap",90.7088836407662,6.05667801210075e-05
"species_bathy_extrap",90.9916813427448,5.87621538670647e-05
"species_bathy_extrap",91.2744790447235,5.69575276131218e-05
"species_bathy_extrap",91.5572767467022,5.52608100861107e-05
"species_bathy_extrap",91.8400744486809,5.35640925590997e-05
"species_bathy_extrap",92.1228721506596,5.19687650012202e-05
"species_bathy_extrap",92.4056698526382,5.03734374433407e-05
"species_bathy_extrap",92.688467554617,4.88734385271527e-05
"species_bathy_extrap",92.9712652565956,4.73734396109648e-05
"species_bathy_extrap",93.2540629585743,4.59630708746771e-05
"species_bathy_extrap",93.536860660553,4.45527021383896e-05
"species_bathy_extrap",93.8196583625317,4.32265536346676e-05
"species_bathy_extrap",94.1024560645104,4.19004051309457e-05
"species_bathy_extrap",94.385253766489,4.06534461262709e-05
"species_bathy_extrap",94.6680514684677,3.9406487121596e-05
"species_bathy_extrap",94.9508491704464,3.82339725092607e-05
"species_bathy_extrap",95.2336468724251,3.70614578969253e-05
"species_bathy_extrap",95.5164445744038,3.59589432946449e-05
"species_bathy_extrap",95.7992422763824,3.48564286923647e-05
"species_bathy_extrap",96.0820399783611,3.38196904749565e-05
"species_bathy_extrap",96.3648376803398,3.27829522575485e-05
"species_bathy_extrap",96.6476353823185,3.18080675469901e-05
"species_bathy_extrap",96.9304330842972,3.08331828364317e-05
"species_bathy_extrap",97.2132307862759,2.99164601301527e-05
"species_bathy_extrap",97.4960284882546,2.89997374238737e-05
"species_bathy_extrap",97.7788261902332,2.8137672302364e-05
"species_bathy_extrap",98.0616238922119,2.72756071808544e-05
"species_bathy_extrap",98.3444215941906,2.64649409928097e-05
"species_bathy_extrap",98.6272192961693,2.5654274804765e-05
"species_bathy_extrap",98.910016998148,2.48919329237651e-05
"species_bathy_extrap",99.1928147001267,2.41295910427652e-05
"species_bathy_extrap",99.4756124021053,2.34126927125545e-05
"species_bathy_extrap",99.758410104084,2.26957943823436e-05
"species_bathy_extrap",100.041207806063,2.20216035813792e-05
"species_bathy_extrap",100.324005508041,2.13474127804147e-05
"species_bathy_extrap",100.60680321002,2.07133861067632e-05
"species_bathy_extrap",100.889600911999,2.00793594331117e-05
"species_bathy_extrap",101.172398613977,1.94831050407629e-05
"species_bathy_extrap",101.455196315956,1.88868506484141e-05
"species_bathy_extrap",101.737994017935,1.83260951075681e-05
"species_bathy_extrap",102.020791719913,1.77653395667221e-05
"species_bathy_extrap",102.303589421892,1.72379700984493e-05
"species_bathy_extrap",102.586387123871,1.67106006301765e-05
"species_bathy_extrap",102.86918482585,1.62146239631511e-05
"species_bathy_extrap",103.151982527828,1.57186472961257e-05
"species_bathy_extrap",103.434780229807,1.52521948848516e-05
"species_bathy_extrap",103.717577931786,1.47857424735776e-05
"species_bathy_extrap",104.000375633764,1.43470396324119e-05
"species_bathy_extrap",104.283173335743,1.39083367912463e-05
"species_bathy_extrap",104.565971037722,1.34957334523733e-05
"species_bathy_extrap",104.8487687397,1.30831301135004e-05
"species_bathy_extrap",105.131566441679,1.26950691424099e-05
"species_bathy_extrap",105.414364143658,1.23070081713195e-05
"species_bathy_extrap",105.697161845636,1.19420300734419e-05
"species_bathy_extrap",105.979959547615,1.15770519755642e-05
"species_bathy_extrap",106.262757249594,1.12337706241306e-05
"species_bathy_extrap",106.545554951572,1.08904892726969e-05
"species_bathy_extrap",106.828352653551,1.05676154760204e-05
"species_bathy_extrap",107.11115035553,1.02447416793439e-05
"species_bathy_extrap",107.393948057508,9.94106293887852e-06
"species_bathy_extrap",107.676745759487,9.6373841984132e-06
"species_bathy_extrap",107.959543461466,9.3517485083794e-06
"species_bathy_extrap",108.242341163445,9.06611281834557e-06
"species_bathy_extrap",108.525138865423,8.79744854103136e-06
"species_bathy_extrap",108.807936567402,8.52878426371717e-06
"species_bathy_extrap",109.090734269381,8.27608063502791e-06
"species_bathy_extrap",109.373531971359,8.0233770063387e-06
"species_bathy_extrap",109.656329673338,7.78568628447828e-06
"species_bathy_extrap",109.939127375317,7.54799556261787e-06
"species_bathy_extrap",110.221925077295,7.32441725119772e-06
"species_bathy_extrap",110.504722779274,7.10083893977753e-06
"species_bathy_extrap",110.787520481253,6.89053599671753e-06
"species_bathy_extrap",111.070318183231,6.6802330536575e-06
"species_bathy_extrap",111.35311588521,6.48241760359269e-06
"species_bathy_extrap",111.635913587189,6.28460215352788e-06
"species_bathy_extrap",111.918711289167,6.09852590685021e-06
"species_bathy_extrap",112.201508991146,5.91244966017257e-06
"species_bathy_extrap",112.484306693125,5.73741640721436e-06
"species_bathy_extrap",112.767104395103,5.56238315425617e-06
"species_bathy_extrap",113.049902097082,5.39773607357574e-06
"species_bathy_extrap",113.332699799061,5.23308899289532e-06
"species_bathy_extrap",113.61549750104,5.07821199988712e-06
"species_bathy_extrap",113.898295203018,4.92333500687892e-06
"species_bathy_extrap",114.181092904997,4.77764324386954e-06
"species_bathy_extrap",114.463890606976,4.63195148086015e-06
"species_bathy_extrap",114.746688308954,4.49490063942903e-06
"species_bathy_extrap",115.029486010933,4.35784979799792e-06
"species_bathy_extrap",115.312283712912,4.22892596532165e-06
"species_bathy_extrap",115.59508141489,4.10000213264539e-06
"species_bathy_extrap",115.877879116869,3.97872398707477e-06
"species_bathy_extrap",116.160676818848,3.85744584150416e-06
"species_bathy_extrap",116.443474520826,3.74335582193907e-06
"species_bathy_extrap",116.726272222805,3.62926580237399e-06
"species_bathy_extrap",117.009069924784,3.52193823971448e-06
"species_bathy_extrap",117.291867626762,3.41461067705495e-06
"species_bathy_extrap",117.574665328741,3.31364511581e-06
"species_bathy_extrap",117.85746303072,3.21267955456506e-06
"species_bathy_extrap",118.140260732698,3.11769552538977e-06
"species_bathy_extrap",118.423058434677,3.02271149621447e-06
"species_bathy_extrap",118.705856136656,2.93335503087633e-06
"species_bathy_extrap",118.988653838634,2.84399856553819e-06
"species_bathy_extrap",119.271451540613,2.75993545173491e-06
"species_bathy_extrap",119.554249242592,2.67587233793165e-06
"species_bathy_extrap",119.837046944571,2.5967892682388e-06
"species_bathy_extrap",120.119844646549,2.51770619854597e-06
"species_bathy_extrap",120.402642348528,2.44330562395589e-06
"species_bathy_extrap",120.685440050507,2.36890504936582e-06
"species_bathy_extrap",120.968237752485,2.29890996763516e-06
"species_bathy_extrap",121.251035454464,2.22891488590449e-06
"species_bathy_extrap",121.533833156443,2.16306483480367e-06
"species_bathy_extrap",121.816630858421,2.09721478370284e-06
"species_bathy_extrap",122.0994285604,2.03526197424253e-06
"species_bathy_extrap",122.382226262379,1.97330916478222e-06
"species_bathy_extrap",122.665023964357,1.91502332320681e-06
"species_bathy_extrap",122.947821666336,1.8567374816314e-06
"species_bathy_extrap",123.230619368315,1.80190108878264e-06
"species_bathy_extrap",123.513417070293,1.74706469593389e-06
"species_bathy_extrap",123.796214772272,1.69547385908686e-06
"species_bathy_extrap",124.079012474251,1.64388302223983e-06
"species_bathy_extrap",124.361810176229,1.59534393873173e-06
"species_bathy_extrap",124.644607878208,1.54680485522363e-06
"species_bathy_extrap",124.927405580187,1.50113725929657e-06
"species_bathy_extrap",125.210203282166,1.45546966336951e-06
"species_bathy_extrap",125.493000984144,1.41250390406356e-06
"species_bathy_extrap",125.775798686123,1.3695381447576e-06
"species_bathy_extrap",126.058596388102,1.32911293455606e-06
"species_bathy_extrap",126.34139409008,1.28868772435453e-06
"species_bathy_extrap",126.624191792059,1.25065310854211e-06
"species_bathy_extrap",126.906989494038,1.21261849272969e-06
"species_bathy_extrap",127.189787196016,1.17683281928294e-06
"species_bathy_extrap",127.472584897995,1.14104714583618e-06
"species_bathy_extrap",127.755382599974,1.10737760472546e-06
"species_bathy_extrap",128.038180301952,1.07370806361473e-06
"species_bathy_extrap",128.320978003931,1.04202842798884e-06
"species_bathy_extrap",128.60377570591,1.01034879236295e-06
"species_bathy_extrap",128.886573407888,9.80541612172203e-07
"species_bathy_extrap",129.169371109867,9.50734431981459e-07
"species_bathy_extrap",129.452168811846,9.22688876414668e-07
"species_bathy_extrap",129.734966513824,8.94643320847877e-07
"species_bathy_extrap",130.017764215803,8.68255043506849e-07
"species_bathy_extrap",130.300561917782,8.41866766165822e-07
"species_bathy_extrap",130.583359619761,8.17038329259388e-07
"species_bathy_extrap",130.866157321739,7.92209892352957e-07
"species_bathy_extrap",131.148955023718,7.68847632492963e-07
"species_bathy_extrap",131.431752725697,7.4548537263297e-07
"species_bathy_extrap",131.714550427675,7.23503193533759e-07
"species_bathy_extrap",131.997348129654,7.01521014434547e-07
"species_bathy_extrap",132.280145831633,6.80837222155618e-07
"species_bathy_extrap",132.562943533611,6.60153429876687e-07
"species_bathy_extrap",132.84574123559,6.40691198317002e-07
"species_bathy_extrap",133.128538937569,6.21228966757314e-07
"species_bathy_extrap",133.411336639547,6.02916024750043e-07
"species_bathy_extrap",133.694134341526,5.84603082742774e-07
"species_bathy_extrap",133.976932043505,5.67371463411347e-07
"species_bathy_extrap",134.259729745483,5.50139844079922e-07
"species_bathy_extrap",134.542527447462,5.33925555412649e-07
"species_bathy_extrap",134.825325149441,5.1771126674538e-07
"species_bathy_extrap",135.108122851419,5.02454560091793e-07
"species_bathy_extrap",135.390920553398,4.87197853438204e-07
"species_bathy_extrap",135.673718255377,4.72841307264106e-07
"species_bathy_extrap",135.956515957356,4.58484761090006e-07
"species_bathy_extrap",136.239313659334,4.44975546987082e-07
"species_bathy_extrap",136.522111361313,4.31466332884156e-07
"species_bathy_extrap",136.804909063292,4.18754359987616e-07
"species_bathy_extrap",137.08770676527,4.06042387091077e-07
"species_bathy_extrap",137.370504467249,3.94080518217875e-07
"species_bathy_extrap",137.653302169228,3.82118649344676e-07
"species_bathy_extrap",137.936099871206,3.70862567367069e-07
"species_bathy_extrap",138.218897573185,3.59606485389463e-07
"species_bathy_extrap",138.501695275164,3.49014463774112e-07
"species_bathy_extrap",138.784492977142,3.38422442158759e-07
"species_bathy_extrap",139.067290679121,3.28455517228932e-07
"species_bathy_extrap",139.3500883811,3.18488592299104e-07
"species_bathy_extrap",139.632886083078,3.09109290430599e-07
"species_bathy_extrap",139.915683785057,2.99729988562092e-07
"species_bathy_extrap",140.198481487036,2.90903871880132e-07
"species_bathy_extrap",140.481279189014,2.82077755198173e-07
"species_bathy_extrap",140.764076890993,2.73772135583882e-07
"species_bathy_extrap",141.046874592972,2.65466515969592e-07
"species_bathy_extrap",141.32967229495,2.57650665380638e-07
"species_bathy_extrap",141.612469996929,2.49834814791683e-07
"species_bathy_extrap",141.895267698908,2.42479791356942e-07
"species_bathy_extrap",142.178065400887,2.35124767922201e-07
"species_bathy_extrap",142.460863102865,2.28203368068947e-07
"species_bathy_extrap",142.743660804844,2.21281968215692e-07
"species_bathy_extrap",143.026458506823,2.14768755668615e-07
"species_bathy_extrap",143.309256208801,2.08255543121538e-07
"species_bathy_extrap",143.59205391078,2.02126084802856e-07
"species_bathy_extrap",143.874851612759,1.95996626484174e-07
"species_bathy_extrap",144.157649314737,1.90228439089779e-07
"species_bathy_extrap",144.440447016716,1.84460251695384e-07
"species_bathy_extrap",144.723244718695,1.79032000824364e-07
"species_bathy_extrap",145.006042420673,1.73603749953344e-07
"species_bathy_extrap",145.288840122652,1.68495386443368e-07
"species_bathy_extrap",145.571637824631,1.63387022933392e-07
"species_bathy_extrap",145.854435526609,1.58579658915414e-07
"species_bathy_extrap",146.137233228588,1.53772294897436e-07
"species_bathy_extrap",146.420030930567,1.49248173331174e-07
"species_bathy_extrap",146.702828632545,1.44724051764911e-07
"species_bathy_extrap",146.985626334524,1.40466570719422e-07
"species_bathy_extrap",147.268424036503,1.36209089673933e-07
"species_bathy_extrap",147.551221738482,1.32202300473505e-07
"species_bathy_extrap",147.83401944046,1.28195511273077e-07
"species_bathy_extrap",148.116817142439,1.24424729386341e-07
"species_bathy_extrap",148.399614844418,1.20653947499605e-07
"species_bathy_extrap",148.682412546396,1.1710526222064e-07
"species_bathy_extrap",148.965210248375,1.13556576941676e-07
"species_bathy_extrap",149.248007950354,1.10216881388237e-07
"species_bathy_extrap",149.530805652332,1.06877185834797e-07
"species_bathy_extrap",149.813603354311,1.0373415827436e-07
"species_bathy_extrap",150.09640105629,1.00591130713923e-07
"species_bathy_extrap",150.379198758268,9.76331746560534e-08
"species_bathy_extrap",150.661996460247,9.46752185981836e-08
"species_bathy_extrap",150.944794162226,9.18914970116093e-08
"species_bathy_extrap",151.227591864204,8.91077754250347e-08
"species_bathy_extrap",151.510389566183,8.64878684114777e-08
"species_bathy_extrap",151.793187268162,8.3867961397921e-08
"species_bathy_extrap",152.07598497014,8.14022830863957e-08
"species_bathy_extrap",152.358782672119,7.89366047748708e-08
"species_bathy_extrap",152.641580374098,7.66160684839698e-08
"species_bathy_extrap",152.924378076077,7.42955321930694e-08
"species_bathy_extrap",153.207175778055,7.21115808066665e-08
"species_bathy_extrap",153.489973480034,6.99276294202633e-08
"species_bathy_extrap",153.772771182013,6.7872214803977e-08
"species_bathy_extrap",154.055568883991,6.58168001876902e-08
"species_bathy_extrap",154.33836658597,6.38823463738891e-08
"species_bathy_extrap",154.621164287949,6.1947892560088e-08
"species_bathy_extrap",154.903961989927,6.01273211053853e-08
"species_bathy_extrap",155.186759691906,5.83067496506828e-08
"species_bathy_extrap",155.469557393885,5.65932551765956e-08
"species_bathy_extrap",155.752355095863,5.48797607025087e-08
"species_bathy_extrap",156.035152797842,5.32670835273751e-08
"species_bathy_extrap",156.317950499821,5.16544063522417e-08
"species_bathy_extrap",156.600748201799,5.01366061667065e-08
"species_bathy_extrap",156.883545903778,4.8618805981171e-08
"species_bathy_extrap",157.166343605757,4.71902957543958e-08
"species_bathy_extrap",157.449141307735,4.57617855276204e-08
"species_bathy_extrap",157.731939009714,4.44173059249708e-08
"species_bathy_extrap",158.014736711693,4.30728263223212e-08
"species_bathy_extrap",158.297534413672,4.18074279390222e-08
"species_bathy_extrap",158.58033211565,4.05420295557235e-08
"species_bathy_extrap",158.863129817629,3.93510554586029e-08
"species_bathy_extrap",159.145927519608,3.81600813614824e-08
"species_bathy_extrap",159.428725221586,3.70391799092706e-08
"species_bathy_extrap",159.711522923565,3.59182784570589e-08
"species_bathy_extrap",159.994320625544,3.48632639979308e-08
"species_bathy_extrap",160.277118327522,3.38082495388026e-08
"species_bathy_extrap",160.559916029501,3.28152725881382e-08
"species_bathy_extrap",160.84271373148,3.18222956374736e-08
"species_bathy_extrap",161.125511433458,3.08877050492207e-08
"species_bathy_extrap",161.408309135437,2.99531144609677e-08
"species_bathy_extrap",161.691106837416,2.90734725030828e-08
"species_bathy_extrap",161.973904539394,2.81938305451979e-08
"species_bathy_extrap",162.256702241373,2.73659028687812e-08
"species_bathy_extrap",162.539499943352,2.65379751923645e-08
"species_bathy_extrap",162.82229764533,2.57587186816565e-08
"species_bathy_extrap",163.105095347309,2.49794621709487e-08
"species_bathy_extrap",163.387893049288,2.4246032381825e-08
"species_bathy_extrap",163.670690751266,2.35126025927013e-08
"species_bathy_extrap",163.953488453245,2.2822263189004e-08
"species_bathy_extrap",164.236286155224,2.21319237853068e-08
"species_bathy_extrap",164.519083857203,2.14821588226388e-08
"species_bathy_extrap",164.801881559181,2.08323938599708e-08
"species_bathy_extrap",165.08467926116,2.02208168598173e-08
"species_bathy_extrap",165.367476963139,1.96092398596637e-08
"species_bathy_extrap",165.650274665117,1.90336031755111e-08
"species_bathy_extrap",165.933072367096,1.84579664913587e-08
"species_bathy_extrap",166.215870069075,1.79161563446106e-08
"species_bathy_extrap",166.498667771053,1.73743461978626e-08
"species_bathy_extrap",166.781465473032,1.68643728030992e-08
"species_bathy_extrap",167.064263175011,1.63543994083359e-08
"species_bathy_extrap",167.347060876989,1.58744024814084e-08
"species_bathy_extrap",167.629858578968,1.53944055544808e-08
"species_bathy_extrap",167.912656280947,1.49425971630868e-08
"species_bathy_extrap",168.195453982925,1.44907887716927e-08
"species_bathy_extrap",168.478251684904,1.40655233599185e-08
"species_bathy_extrap",168.761049386883,1.36402579481443e-08
"species_bathy_extrap",169.043847088861,1.32399748338507e-08
"species_bathy_extrap",169.32664479084,1.28396917195572e-08
"species_bathy_extrap",169.609442492819,1.24629220520089e-08
"species_bathy_extrap",169.892240194798,1.20861523844606e-08
"species_bathy_extrap",170.175037896776,1.17315131401008e-08
"species_bathy_extrap",170.457835598755,1.13768738957409e-08
"species_bathy_extrap",170.740633300734,1.10430645017257e-08
"species_bathy_extrap",171.023431002712,1.07092551077104e-08
"species_bathy_extrap",171.306228704691,1.03950587755641e-08
"species_bathy_extrap",171.58902640667,1.00808624434179e-08
"species_bathy_extrap",171.871824108648,9.78511003370265e-09
"species_bathy_extrap",172.154621810627,9.48935762398739e-09
"species_bathy_extrap",172.437419512606,9.21097279248105e-09
"species_bathy_extrap",172.720217214584,8.93258796097474e-09
"species_bathy_extrap",173.003014916563,8.67055020455086e-09
"species_bathy_extrap",173.285812618542,8.40851244812702e-09
"species_bathy_extrap",173.56861032052,8.16186081012416e-09
"species_bathy_extrap",173.851408022499,7.9152091721213e-09
"species_bathy_extrap",174.134205724478,7.68303946088734e-09
"species_bathy_extrap",174.417003426456,7.45086974965337e-09
"species_bathy_extrap",174.699801128435,7.23233097334187e-09
"species_bathy_extrap",174.982598830414,7.01379219703036e-09
"species_bathy_extrap",175.265396532393,6.80808867024874e-09
"species_bathy_extrap",175.548194234371,6.60238514346712e-09
"species_bathy_extrap",175.83099193635,6.40875181083522e-09
"species_bathy_extrap",176.113789638329,6.21511847820333e-09
"species_bathy_extrap",176.396587340307,6.03285168435802e-09
"species_bathy_extrap",176.679385042286,5.85058489051271e-09
"species_bathy_extrap",176.962182744265,5.67901675945641e-09
"species_bathy_extrap",177.244980446243,5.50744862840014e-09
"species_bathy_extrap",177.527778148222,5.34595055255021e-09
"species_bathy_extrap",177.810575850201,5.1844524767003e-09
"species_bathy_extrap",178.093373552179,5.03243299358747e-09
"species_bathy_extrap",178.376171254158,4.88041351047464e-09
"species_bathy_extrap",178.658968956137,4.7373157520056e-09
"species_bathy_extrap",178.941766658115,4.59421799353654e-09
"species_bathy_extrap",179.224564360094,4.45952163079245e-09
"species_bathy_extrap",179.507362062073,4.32482526804834e-09
"species_bathy_extrap",179.790159764051,4.19802958940423e-09
"species_bathy_extrap",180.07295746603,4.07123391076014e-09
"species_bathy_extrap",180.355755168009,3.951878464227e-09
"species_bathy_extrap",180.638552869987,3.83252301769388e-09
"species_bathy_extrap",180.921350571966,3.72017097804294e-09
"species_bathy_extrap",181.204148273945,3.60781893839202e-09
"species_bathy_extrap",181.486945975924,3.50205879894386e-09
"species_bathy_extrap",181.769743677902,3.3962986594957e-09
"species_bathy_extrap",182.052541379881,3.29674360848715e-09
"species_bathy_extrap",182.33533908186,3.19718855747858e-09
"species_bathy_extrap",182.618136783838,3.1034741054814e-09
"species_bathy_extrap",182.900934485817,3.00975965348421e-09
"species_bathy_extrap",183.183732187796,2.92154284367227e-09
"species_bathy_extrap",183.466529889774,2.83332603386033e-09
"species_bathy_extrap",183.749327591753,2.75028636444879e-09
"species_bathy_extrap",184.032125293732,2.66724669503726e-09
"species_bathy_extrap",184.31492299571,2.58907585067372e-09
"species_bathy_extrap",184.597720697689,2.51090500631018e-09
"species_bathy_extrap",184.880518399668,2.43731931711886e-09
"species_bathy_extrap",185.163316101646,2.36373362792752e-09
"species_bathy_extrap",185.446113803625,2.29446393135158e-09
"species_bathy_extrap",185.728911505604,2.22519423477563e-09
"species_bathy_extrap",186.011709207582,2.15998724236583e-09
"species_bathy_extrap",186.294506909561,2.09478024995602e-09
"species_bathy_extrap",186.57730461154,2.03339749508743e-09
"species_bathy_extrap",186.860102313518,1.97201474021885e-09
"species_bathy_extrap",187.142900015497,1.9142317059153e-09
"species_bathy_extrap",187.425697717476,1.85644867161175e-09
"species_bathy_extrap",187.708495419455,1.80205553439519e-09
"species_bathy_extrap",187.991293121433,1.74766239717863e-09
"species_bathy_extrap",188.274090823412,1.69645746274545e-09
"species_bathy_extrap",188.556888525391,1.64525252831227e-09
"species_bathy_extrap",188.839686227369,1.59705007126907e-09
"species_bathy_extrap",189.122483929348,1.54884761422586e-09
"species_bathy_extrap",189.405281631327,1.5034714040147e-09
"species_bathy_extrap",189.688079333305,1.45809519380355e-09
"species_bathy_extrap",189.970877035284,1.41537946996353e-09
"species_bathy_extrap",190.253674737263,1.37266374612352e-09
"species_bathy_extrap",190.536472439241,1.33245237569218e-09
"species_bathy_extrap",190.81927014122,1.29224100526085e-09
"species_bathy_extrap",191.102067843199,1.25438707062556e-09
"species_bathy_extrap",191.384865545177,1.21653313599028e-09
"species_bathy_extrap",191.667663247156,1.18089924102359e-09
"species_bathy_extrap",191.950460949135,1.1452653460569e-09
"species_bathy_extrap",192.233258651114,1.1117194006734e-09
"species_bathy_extrap",192.516056353092,1.0781734552899e-09
"species_bathy_extrap",192.798854055071,1.04659391977555e-09
"species_bathy_extrap",193.08165175705,1.01501438426119e-09
"species_bathy_extrap",193.364449459028,9.85285917285732e-10
"species_bathy_extrap",193.647247161007,9.55557450310271e-10
"species_bathy_extrap",193.930044862986,9.27571449315344e-10
"species_bathy_extrap",194.212842564964,8.99585448320417e-10
"species_bathy_extrap",194.495640266943,8.73239718967958e-10
"species_bathy_extrap",194.778437968922,8.46893989615502e-10
"species_bathy_extrap",195.0612356709,8.22092344025802e-10
"species_bathy_extrap",195.344033372879,7.97290698436107e-10
"species_bathy_extrap",195.626831074858,7.7394318712034e-10
"species_bathy_extrap",195.909628776836,7.50595675804572e-10
"species_bathy_extrap",196.192426478815,7.28615786357422e-10
"species_bathy_extrap",196.475224180794,7.06635896910272e-10
"species_bathy_extrap",196.758021882772,6.85944056416644e-10
"species_bathy_extrap",197.040819584751,6.65252215923014e-10
"species_bathy_extrap",197.32361728673,6.457728799294e-10
"species_bathy_extrap",197.606414988709,6.26293543935785e-10
"species_bathy_extrap",197.889212690687,6.07955633839112e-10
"species_bathy_extrap",198.172010392666,5.89617723742442e-10
"species_bathy_extrap",198.454808094645,5.72354292183596e-10
"species_bathy_extrap",198.737605796623,5.55090860624753e-10
"species_bathy_extrap",199.020403498602,5.38838914394995e-10
"species_bathy_extrap",199.303201200581,5.22586968165241e-10
"species_bathy_extrap",199.585998902559,5.07287623117016e-10
"species_bathy_extrap",199.868796604538,4.91988278068789e-10
"species_bathy_extrap",200.151594306517,4.77584865881885e-10
"species_bathy_extrap",200.434392008495,4.63181453694977e-10
"species_bathy_extrap",200.717189710474,4.49621856152965e-10
"species_bathy_extrap",200.999987412453,4.36062258610953e-10
"species_bathy_extrap",201.282785114431,4.23297016129185e-10
"species_bathy_extrap",201.56558281641,4.10531773647419e-10
"species_bathy_extrap",201.848380518389,3.98514313844528e-10
"species_bathy_extrap",202.131178220367,3.8649685404164e-10
"species_bathy_extrap",202.413975922346,3.7518335789478e-10
"species_bathy_extrap",202.696773624325,3.63869861747922e-10
"species_bathy_extrap",202.979571326303,3.53219052693765e-10
"species_bathy_extrap",203.262369028282,3.42568243639606e-10
"species_bathy_extrap",203.545166730261,3.32541560455792e-10
"species_bathy_extrap",203.82796443224,3.22514877271977e-10
"species_bathy_extrap",204.110762134218,3.13075199819728e-10
"species_bathy_extrap",204.393559836197,3.03635522367479e-10
"species_bathy_extrap",204.676357538176,2.94748714226976e-10
"species_bathy_extrap",204.959155240154,2.85861906086475e-10
"species_bathy_extrap",205.241952942133,2.77495580208947e-10
"species_bathy_extrap",205.524750644112,2.6912925433142e-10
"species_bathy_extrap",205.80754834609,2.61252894637838e-10
"species_bathy_extrap",206.090346048069,2.53376534944255e-10
"species_bathy_extrap",206.373143750048,2.45961437694387e-10
"species_bathy_extrap",206.655941452026,2.38546340444517e-10
"species_bathy_extrap",206.938739154005,2.31565471130375e-10
"species_bathy_extrap",207.221536855984,2.24584601816232e-10
"species_bathy_extrap",207.504334557962,2.18012692081615e-10
"species_bathy_extrap",207.787132259941,2.11440782346998e-10
"species_bathy_extrap",208.06992996192,2.05253533828022e-10
"species_bathy_extrap",208.352727663898,1.99066285309045e-10
"species_bathy_extrap",208.635525365877,1.93241321390174e-10
"species_bathy_extrap",208.918323067856,1.87416357471304e-10
"species_bathy_extrap",209.201120769835,1.81932459760369e-10
"species_bathy_extrap",209.483918471813,1.76448562049436e-10
"species_bathy_extrap",209.766716173792,1.71285751012461e-10
"species_bathy_extrap",210.049513875771,1.66122939975486e-10
"species_bathy_extrap",210.332311577749,1.61262398692876e-10
"species_bathy_extrap",210.615109279728,1.56401857410267e-10
"species_bathy_extrap",210.897906981707,1.51825884994066e-10
"species_bathy_extrap",211.180704683685,1.47249912577866e-10
"species_bathy_extrap",211.463502385664,1.42941835025944e-10
"species_bathy_extrap",211.746300087643,1.38633757474022e-10
"species_bathy_extrap",212.029097789621,1.34577988421985e-10
"species_bathy_extrap",212.3118954916,1.30522219369948e-10
"species_bathy_extrap",212.594693193579,1.26703771896586e-10
"species_bathy_extrap",212.877490895557,1.22885324423225e-10
"species_bathy_extrap",213.160288597536,1.19290403980353e-10
"species_bathy_extrap",213.443086299515,1.15695483537482e-10
"species_bathy_extrap",213.725884001493,1.12310994721974e-10
"species_bathy_extrap",214.008681703472,1.08926505906467e-10
"species_bathy_extrap",214.291479405451,1.05740127169919e-10
"species_bathy_extrap",214.57427710743,1.02553748433372e-10
"species_bathy_extrap",214.857074809408,9.95538767783045e-11
"species_bathy_extrap",215.139872511387,9.65540051232373e-11
"species_bathy_extrap",215.422670213366,9.37297180719926e-11
"species_bathy_extrap",215.705467915344,9.09054310207482e-11
"species_bathy_extrap",215.988265617323,8.82465150893504e-11
"species_bathy_extrap",216.271063319302,8.55875991579531e-11
"species_bathy_extrap",216.55386102128,8.30842327838938e-11
"species_bathy_extrap",216.836658723259,8.05808664098347e-11
"species_bathy_extrap",217.119456425238,7.82240081215226e-11
"species_bathy_extrap",217.402254127216,7.58671498332099e-11
"species_bathy_extrap",217.685051829195,7.36482236131441e-11
"species_bathy_extrap",217.967849531174,7.14292973930781e-11
"species_bathy_extrap",218.250647233152,6.93402274082334e-11
"species_bathy_extrap",218.533444935131,6.72511574233885e-11
"species_bathy_extrap",218.81624263711,6.52843369472368e-11
"species_bathy_extrap",219.099040339088,6.33175164710853e-11
"species_bathy_extrap",219.381838041067,6.14657913339277e-11
"species_bathy_extrap",219.664635743046,5.96140661967702e-11
"species_bathy_extrap",219.947433445025,5.78707416046904e-11
"species_bathy_extrap",220.230231147003,5.61274170126106e-11
"species_bathy_extrap",220.513028848982,5.44860557655925e-11
"species_bathy_extrap",220.795826550961,5.28446945185742e-11
"species_bathy_extrap",221.078624252939,5.1299373510035e-11
"species_bathy_extrap",221.361421954918,4.97540525014957e-11
"species_bathy_extrap",221.644219656897,4.82991497901278e-11
"species_bathy_extrap",221.927017358875,4.68442470787599e-11
"species_bathy_extrap",222.209815060854,4.54744693608583e-11
"species_bathy_extrap",222.492612762833,4.41046916429568e-11
"species_bathy_extrap",222.775410464811,4.28150556309082e-11
"species_bathy_extrap",223.05820816679,4.15254196188596e-11
"species_bathy_extrap",223.341005868769,4.03112347003447e-11
"species_bathy_extrap",223.623803570747,3.909704978183e-11
"species_bathy_extrap",223.906601272726,3.7953928660252e-11
"species_bathy_extrap",224.189398974705,3.68108075386741e-11
"species_bathy_extrap",224.472196676683,3.573453214005e-11
"species_bathy_extrap",224.754994378662,3.46582567414258e-11
"species_bathy_extrap",225.037792080641,3.36449434796622e-11
"species_bathy_extrap",225.32058978262,3.26316302178985e-11
"species_bathy_extrap",225.603387484598,3.16775947556482e-11
"species_bathy_extrap",225.886185186577,3.07235592933978e-11
"species_bathy_extrap",226.168982888556,2.98253321488111e-11
"species_bathy_extrap",226.451780590534,2.89271050042244e-11
"species_bathy_extrap",226.734578292513,2.80814204532927e-11
"species_bathy_extrap",227.017375994492,2.72357359023612e-11
"species_bathy_extrap",227.30017369647,2.64395176677875e-11
"species_bathy_extrap",227.582971398449,2.5643299433214e-11
"species_bathy_extrap",227.865769100428,2.48936746902718e-11
"species_bathy_extrap",228.148566802406,2.41440499473296e-11
"species_bathy_extrap",228.431364504385,2.3438251177647e-11
"species_bathy_extrap",228.714162206364,2.27324524079643e-11
"species_bathy_extrap",228.996959908342,2.20679347955801e-11
"species_bathy_extrap",229.279757610321,2.14034171831958e-11
"species_bathy_extrap",229.5625553123,2.07777652623807e-11
"species_bathy_extrap",229.845353014278,2.01521133415657e-11
"species_bathy_extrap",230.128150716257,1.95630538217484e-11
"species_bathy_extrap",230.410948418236,1.89739943019313e-11
"species_bathy_extrap",230.693746120214,1.84193853175798e-11
"species_bathy_extrap",230.976543822193,1.78647763332283e-11
"species_bathy_extrap",231.259341524172,1.7342602300496e-11
"species_bathy_extrap",231.54213922615,1.68204282677636e-11
"species_bathy_extrap",231.824936928129,1.63288045003958e-11
"species_bathy_extrap",232.107734630108,1.58371807330279e-11
"species_bathy_extrap",232.390532332087,1.53742940310472e-11
"species_bathy_extrap",232.673330034065,1.49114073290664e-11
"species_bathy_extrap",232.956127736044,1.44755891404811e-11
"species_bathy_extrap",233.238925438023,1.40397709518959e-11
"species_bathy_extrap",233.521723140001,1.3629438015596e-11
"species_bathy_extrap",233.80452084198,1.32191050792961e-11
"species_bathy_extrap",234.087318543959,1.28327662927115e-11
"species_bathy_extrap",234.370116245937,1.24464275061268e-11
"species_bathy_extrap",234.652913947916,1.2082679601378e-11
"species_bathy_extrap",234.935711649895,1.17189316966291e-11
"species_bathy_extrap",235.218509351873,1.13764525702702e-11
"species_bathy_extrap",235.501307053852,1.10339734439112e-11
"species_bathy_extrap",235.784104755831,1.07115193948398e-11
"species_bathy_extrap",236.066902457809,1.03890653457686e-11
"species_bathy_extrap",236.349700159788,1.00854727059765e-11
"species_bathy_extrap",236.632497861767,9.78188006618442e-12
"species_bathy_extrap",236.915295563746,9.6846744978184e-12
"species_bathy_extrap",237.198093265724,9.58746892945237e-12
"species_bathy_extrap",237.480890967703,9.58746892945237e-12
"species_bathy_extrap",237.763688669682,9.58746892945237e-12
"species_bathy_extrap",238.04648637166,9.58746892945237e-12
"species_bathy_extrap",238.329284073639,9.58746892945237e-12
"species_bathy_extrap",238.612081775618,9.58746892945237e-12
"species_bathy_extrap",238.894879477596,9.58746892945237e-12
"species_bathy_extrap",239.177677179575,9.58746892945237e-12
"species_bathy_extrap",239.460474881554,9.58746892945237e-12
"species_bathy_extrap",239.743272583532,9.58746892945237e-12
"species_bathy_extrap",240.026070285511,9.58746892945237e-12
"species_bathy_extrap",240.30886798749,9.58746892945237e-12
"species_bathy_extrap",240.591665689468,9.58746892945237e-12
"species_bathy_extrap",240.874463391447,9.58746892945237e-12
"species_bathy_extrap",241.157261093426,9.58746892945237e-12
"species_bathy_extrap",241.440058795404,9.58746892945237e-12
"species_bathy_extrap",241.722856497383,9.58746892945237e-12
"species_bathy_extrap",242.005654199362,9.58746892945237e-12
"species_bathy_extrap",242.28845190134,9.58746892945237e-12
"species_bathy_extrap",242.571249603319,9.58746892945237e-12
"species_bathy_extrap",242.854047305298,9.58746892945237e-12
"species_bathy_extrap",243.136845007277,9.58746892945237e-12
"species_bathy_extrap",243.419642709255,9.58746892945237e-12
"species_bathy_extrap",243.702440411234,9.58746892945237e-12
"species_bathy_extrap",243.985238113213,9.58746892945237e-12
"species_bathy_extrap",244.268035815191,9.58746892945237e-12
"species_bathy_extrap",244.55083351717,9.58746892945237e-12
"species_bathy_extrap",244.833631219149,9.58746892945237e-12
"species_bathy_extrap",245.116428921127,9.58746892945237e-12
"species_bathy_extrap",245.399226623106,9.58746892945237e-12
"species_bathy_extrap",245.682024325085,9.58746892945237e-12
"species_bathy_extrap",245.964822027063,9.58746892945237e-12
"species_bathy_extrap",246.247619729042,9.58746892945237e-12
"species_bathy_extrap",246.530417431021,9.58746892945237e-12
"species_bathy_extrap",246.813215132999,9.58746892945237e-12
"species_bathy_extrap",247.096012834978,9.58746892945237e-12
"species_bathy_extrap",247.378810536957,9.58746892945237e-12
"species_bathy_extrap",247.661608238935,9.58746892945237e-12
"species_bathy_extrap",247.944405940914,9.58746892945237e-12
"species_bathy_extrap",248.227203642893,9.58746892945237e-12
"species_bathy_extrap",248.510001344872,9.58746892945237e-12
"species_bathy_extrap",248.79279904685,9.58746892945237e-12
"species_bathy_extrap",249.075596748829,9.58746892945237e-12
"species_bathy_extrap",249.358394450808,9.58746892945237e-12
"species_bathy_extrap",249.641192152786,9.58746892945237e-12
"species_bathy_extrap",249.923989854765,9.58746892945237e-12
"species_bathy_extrap",250.206787556744,9.58746892945237e-12
"species_bathy_extrap",250.489585258722,9.58746892945237e-12
"species_bathy_extrap",250.772382960701,9.58746892945237e-12
"species_bathy_extrap",251.05518066268,9.58746892945237e-12
"species_bathy_extrap",251.337978364658,9.58746892945237e-12
"species_bathy_extrap",251.620776066637,9.58746892945237e-12
"species_bathy_extrap",251.903573768616,9.58746892945237e-12
"species_bathy_extrap",252.186371470594,9.58746892945237e-12
"species_bathy_extrap",252.469169172573,9.58746892945237e-12
"species_bathy_extrap",252.751966874552,9.58746892945237e-12
"species_bathy_extrap",253.03476457653,9.58746892945237e-12
"species_bathy_extrap",253.317562278509,9.58746892945237e-12
"species_bathy_extrap",253.600359980488,9.58746892945237e-12
"species_bathy_extrap",253.883157682467,9.58746892945237e-12
"species_bathy_extrap",254.165955384445,9.58746892945237e-12
"species_bathy_extrap",254.448753086424,9.58746892945237e-12
"species_bathy_extrap",254.731550788403,9.58746892945237e-12
"species_bathy_extrap",255.014348490381,9.58746892945237e-12
"species_bathy_extrap",255.29714619236,9.58746892945237e-12
"species_bathy_extrap",255.579943894339,9.58746892945237e-12
"species_bathy_extrap",255.862741596317,9.58746892945237e-12
"species_bathy_extrap",256.145539298296,9.58746892945237e-12
"species_bathy_extrap",256.428337000275,9.58746892945237e-12
"species_bathy_extrap",256.711134702253,9.58746892945237e-12
"species_bathy_extrap",256.993932404232,9.58746892945237e-12
"species_bathy_extrap",257.276730106211,9.58746892945237e-12
"species_bathy_extrap",257.559527808189,9.58746892945237e-12
"species_bathy_extrap",257.842325510168,9.58746892945237e-12
"species_bathy_extrap",258.125123212147,9.58746892945237e-12
"species_bathy_extrap",258.407920914125,9.58746892945237e-12
"species_bathy_extrap",258.690718616104,9.58746892945237e-12
"species_bathy_extrap",258.973516318083,9.58746892945237e-12
"species_bathy_extrap",259.256314020062,9.58746892945237e-12
"species_bathy_extrap",259.53911172204,9.58746892945237e-12
"species_bathy_extrap",259.821909424019,9.58746892945237e-12
"species_bathy_extrap",260.104707125998,9.58746892945237e-12
"species_bathy_extrap",260.387504827976,9.58746892945237e-12
"species_hist_ice_extrap_only",-11.2926040649414,0.00317850168794394
"species_hist_ice_extrap_only",-11.1570928161621,0.00317850168794394
"species_hist_ice_extrap_only",-11.0215815673828,0.00317850168794394
"species_hist_ice_extrap_only",-10.8860703186035,0.00317850168794394
"species_hist_ice_extrap_only",-10.7505590698242,0.00317850168794394
"species_hist_ice_extrap_only",-10.6150478210449,0.00317850168794394
"species_hist_ice_extrap_only",-10.4795365722656,0.00317850168794394
"species_hist_ice_extrap_only",-10.3440253234863,0.00317850168794394
"species_hist_ice_extrap_only",-10.208514074707,0.00317850168794394
"species_hist_ice_extrap_only",-10.0730028259277,0.00317850168794394
"species_hist_ice_extrap_only",-9.93749157714843,0.00317850168794394
"species_hist_ice_extrap_only",-9.80198032836914,0.00317850168794394
"species_hist_ice_extrap_only",-9.66646907958984,0.00317850168794394
"species_hist_ice_extrap_only",-9.53095783081054,0.00317850168794394
"species_hist_ice_extrap_only",-9.39544658203124,0.00317850168794394
"species_hist_ice_extrap_only",-9.25993533325195,0.00317850168794394
"species_hist_ice_extrap_only",-9.12442408447265,0.00317850168794394
"species_hist_ice_extrap_only",-8.98891283569336,0.00317850168794394
"species_hist_ice_extrap_only",-8.85340158691406,0.00317850168794394
"species_hist_ice_extrap_only",-8.71789033813476,0.00317850168794394
"species_hist_ice_extrap_only",-8.58237908935546,0.00317850168794394
"species_hist_ice_extrap_only",-8.44686784057617,0.00317850168794394
"species_hist_ice_extrap_only",-8.31135659179687,0.00317850168794394
"species_hist_ice_extrap_only",-8.17584534301757,0.00317850168794394
"species_hist_ice_extrap_only",-8.04033409423828,0.00317850168794394
"species_hist_ice_extrap_only",-7.90482284545898,0.00317850168794394
"species_hist_ice_extrap_only",-7.76931159667968,0.00317850168794394
"species_hist_ice_extrap_only",-7.63380034790039,0.00317850168794394
"species_hist_ice_extrap_only",-7.49828909912109,0.00317850168794394
"species_hist_ice_extrap_only",-7.36277785034179,0.00317850168794394
"species_hist_ice_extrap_only",-7.2272666015625,0.00317850168794394
"species_hist_ice_extrap_only",-7.0917553527832,0.00317850168794394
"species_hist_ice_extrap_only",-6.9562441040039,0.00317850168794394
"species_hist_ice_extrap_only",-6.82073285522461,0.00317850168794394
"species_hist_ice_extrap_only",-6.68522160644531,0.00317850168794394
"species_hist_ice_extrap_only",-6.54971035766601,0.00317850168794394
"species_hist_ice_extrap_only",-6.41419910888672,0.00317850168794394
"species_hist_ice_extrap_only",-6.27868786010742,0.00317850168794394
"species_hist_ice_extrap_only",-6.14317661132812,0.00317850168794394
"species_hist_ice_extrap_only",-6.00766536254882,0.00317850168794394
"species_hist_ice_extrap_only",-5.87215411376953,0.00317850168794394
"species_hist_ice_extrap_only",-5.73664286499023,0.00317850168794394
"species_hist_ice_extrap_only",-5.60113161621094,0.00317850168794394
"species_hist_ice_extrap_only",-5.46562036743164,0.00317850168794394
"species_hist_ice_extrap_only",-5.33010911865234,0.00317850168794394
"species_hist_ice_extrap_only",-5.19459786987304,0.00317850168794394
"species_hist_ice_extrap_only",-5.05908662109375,0.00317850168794394
"species_hist_ice_extrap_only",-4.92357537231445,0.00317850168794394
"species_hist_ice_extrap_only",-4.78806412353515,0.00317850168794394
"species_hist_ice_extrap_only",-4.65255287475586,0.00317850168794394
"species_hist_ice_extrap_only",-4.51704162597656,0.00317850168794394
"species_hist_ice_extrap_only",-4.38153037719726,0.00317850168794394
"species_hist_ice_extrap_only",-4.24601912841797,0.00317850168794394
"species_hist_ice_extrap_only",-4.11050787963867,0.00317850168794394
"species_hist_ice_extrap_only",-3.97499663085937,0.00317850168794394
"species_hist_ice_extrap_only",-3.83948538208008,0.00317850168794394
"species_hist_ice_extrap_only",-3.70397413330078,0.00317850168794394
"species_hist_ice_extrap_only",-3.56846288452148,0.00317850168794394
"species_hist_ice_extrap_only",-3.43295163574219,0.00317850168794394
"species_hist_ice_extrap_only",-3.29744038696289,0.00317850168794394
"species_hist_ice_extrap_only",-3.16192913818359,0.00317850168794394
"species_hist_ice_extrap_only",-3.0264178894043,0.00317850168794394
"species_hist_ice_extrap_only",-2.890906640625,0.00317850168794394
"species_hist_ice_extrap_only",-2.7553953918457,0.00317850168794394
"species_hist_ice_extrap_only",-2.61988414306641,0.00317850168794394
"species_hist_ice_extrap_only",-2.48437289428711,0.00317850168794394
"species_hist_ice_extrap_only",-2.34886164550781,0.00317850168794394
"species_hist_ice_extrap_only",-2.21335039672851,0.00317850168794394
"species_hist_ice_extrap_only",-2.07783914794922,0.00317850168794394
"species_hist_ice_extrap_only",-1.94232789916992,0.00317850168794394
"species_hist_ice_extrap_only",-1.80681665039062,0.00317850168794394
"species_hist_ice_extrap_only",-1.67130540161133,0.00317850168794394
"species_hist_ice_extrap_only",-1.53579415283203,0.00317850168794394
"species_hist_ice_extrap_only",-1.40028290405273,0.00317850168794394
"species_hist_ice_extrap_only",-1.26477165527344,0.00317850168794394
"species_hist_ice_extrap_only",-1.12926040649414,0.00317850168794394
"species_hist_ice_extrap_only",-0.993749157714843,0.00317850168794394
"species_hist_ice_extrap_only",-0.858237908935546,0.00317850168794394
"species_hist_ice_extrap_only",-0.722726660156249,0.00317850168794394
"species_hist_ice_extrap_only",-0.587215411376954,0.00317850168794394
"species_hist_ice_extrap_only",-0.451704162597656,0.00317850168794394
"species_hist_ice_extrap_only",-0.316192913818359,0.00317850168794394
"species_hist_ice_extrap_only",-0.180681665039062,0.00317850168794394
"species_hist_ice_extrap_only",-0.045170416259765,0.00323116860126192
"species_hist_ice_extrap_only",0.0903408325195301,0.00328510970583231
"species_hist_ice_extrap_only",0.225852081298829,0.00345581711172241
"species_hist_ice_extrap_only",0.361363330078124,0.00362692425217828
"species_hist_ice_extrap_only",0.496874578857422,0.0038152665810754
"species_hist_ice_extrap_only",0.632385827636719,0.00400437978262735
"species_hist_ice_extrap_only",0.767897076416014,0.00421217326609545
"species_hist_ice_extrap_only",0.903408325195313,0.0044211801363732
"species_hist_ice_extrap_only",1.03891957397461,0.004650425964446
"species_hist_ice_extrap_only",1.17443082275391,0.00488140941091984
"species_hist_ice_extrap_only",1.3099420715332,0.00513431113903135
"species_hist_ice_extrap_only",1.4454533203125,0.00538956821002462
"species_hist_ice_extrap_only",1.5809645690918,0.00566855227557677
"species_hist_ice_extrap_only",1.71647581787109,0.00595061597423607
"species_hist_ice_extrap_only",1.85198706665039,0.00625835188404928
"species_hist_ice_extrap_only",1.98749831542969,0.00657001296861148
"species_hist_ice_extrap_only",2.12300956420898,0.00690943783752717
"species_hist_ice_extrap_only",2.25852081298828,0.00725377107261946
"species_hist_ice_extrap_only",2.39403206176758,0.00762811394346545
"species_hist_ice_extrap_only",2.52954331054687,0.00800850415695008
"species_hist_ice_extrap_only",2.66505455932617,0.00842131293609463
"species_hist_ice_extrap_only",2.80056580810547,0.00884148409628334
"species_hist_ice_extrap_only",2.93607705688476,0.00929665633126774
"species_hist_ice_extrap_only",3.07158830566406,0.00976070423806546
"species_hist_ice_extrap_only",3.20709955444336,0.010262515802915
"species_hist_ice_extrap_only",3.34261080322266,0.0107749389515896
"species_hist_ice_extrap_only",3.47812205200195,0.0113280796830941
"species_hist_ice_extrap_only",3.61363330078125,0.0118938179621747
"species_hist_ice_extrap_only",3.74914454956054,0.0125034261264541
"species_hist_ice_extrap_only",3.88465579833984,0.013127896676323
"species_hist_ice_extrap_only",4.02016704711914,0.0137996772019107
"species_hist_ice_extrap_only",4.15567829589843,0.0144887370108047
"species_hist_ice_extrap_only",4.29118954467773,0.0152300147236642
"species_hist_ice_extrap_only",4.42670079345703,0.015988984346346
"species_hist_ice_extrap_only",4.56221204223633,0.0168067169782249
"species_hist_ice_extrap_only",4.69772329101562,0.0176424609307209
"species_hist_ice_extrap_only",4.83323453979492,0.0185442428444223
"species_hist_ice_extrap_only",4.96874578857422,0.019464239810703
"species_hist_ice_extrap_only",5.10425703735352,0.0204583554752826
"species_hist_ice_extrap_only",5.23976828613281,0.0214707509440802
"species_hist_ice_extrap_only",5.37527953491211,0.0225662123876291
"species_hist_ice_extrap_only",5.5107907836914,0.0236798547621804
"species_hist_ice_extrap_only",5.6463020324707,0.0248864565626866
"species_hist_ice_extrap_only",5.78181328125,0.0261109448522481
"species_hist_ice_extrap_only",5.91732453002929,0.0274393041707137
"species_hist_ice_extrap_only",6.05283577880859,0.0287850318681313
"species_hist_ice_extrap_only",6.18834702758789,0.0302466232508538
"species_hist_ice_extrap_only",6.32385827636719,0.0317248047016082
"species_hist_ice_extrap_only",6.45936952514648,0.0333320079575867
"species_hist_ice_extrap_only",6.59488077392578,0.0349547284805483
"species_hist_ice_extrap_only",6.73039202270508,0.0367208548461958
"species_hist_ice_extrap_only",6.86590327148437,0.0385010926623711
"species_hist_ice_extrap_only",7.00141452026367,0.0404403933814989
"species_hist_ice_extrap_only",7.13692576904296,0.0423920280686493
"species_hist_ice_extrap_only",7.27243701782226,0.0445197278444991
"species_hist_ice_extrap_only",7.40794826660156,0.046657575342253
"species_hist_ice_extrap_only",7.54345951538086,0.048989838194814
"species_hist_ice_extrap_only",7.67897076416015,0.0513296135524452
"species_hist_ice_extrap_only",7.81448201293945,0.0538835417981633
"species_hist_ice_extrap_only",7.94999326171875,0.056441865555067
"species_hist_ice_extrap_only",8.08550451049804,0.0592354424557838
"species_hist_ice_extrap_only",8.22101575927734,0.0620331878905858
"species_hist_ice_extrap_only",8.35652700805663,0.0650817976083579
"species_hist_ice_extrap_only",8.49203825683593,0.0681385319600097
"species_hist_ice_extrap_only",8.62754950561523,0.071460330222564
"species_hist_ice_extrap_only",8.76306075439453,0.074795530193663
"species_hist_ice_extrap_only",8.89857200317382,0.0784100225002619
"species_hist_ice_extrap_only",9.03408325195312,0.0820437385474863
"species_hist_ice_extrap_only",9.16959450073242,0.0859707967209568
"species_hist_ice_extrap_only",9.30510574951171,0.0899234097974486
"species_hist_ice_extrap_only",9.44061699829101,0.0941830575111183
"species_hist_ice_extrap_only",9.57612824707031,0.0984750544738718
"species_hist_ice_extrap_only",9.7116394958496,0.103087276613032
"species_hist_ice_extrap_only",9.8471507446289,0.107739022096487
"species_hist_ice_extrap_only",9.9826619934082,0.112723376826267
"species_hist_ice_extrap_only",10.1181732421875,0.117754704544038
"species_hist_ice_extrap_only",10.2536844909668,0.123129995808642
"species_hist_ice_extrap_only",10.3891957397461,0.128559833718999
"species_hist_ice_extrap_only",10.5247069885254,0.134343739960521
"species_hist_ice_extrap_only",10.6602182373047,0.140189738906649
"species_hist_ice_extrap_only",10.795729486084,0.14639830385181
"species_hist_ice_extrap_only",10.9312407348633,0.152676261948512
"species_hist_ice_extrap_only",11.0667519836426,0.159323419783672
"species_hist_ice_extrap_only",11.2022632324219,0.166046778386997
"species_hist_ice_extrap_only",11.3377744812012,0.173143859914906
"species_hist_ice_extrap_only",11.4732857299805,0.180323216420546
"species_hist_ice_extrap_only",11.6087969787598,0.187878348053552
"species_hist_ice_extrap_only",11.7443082275391,0.19552079128341
"species_hist_ice_extrap_only",11.8798194763184,0.203538358087781
"species_hist_ice_extrap_only",12.0153307250976,0.211395181452027
"species_hist_ice_extrap_only",12.1508419738769,0.217277188808781
"species_hist_ice_extrap_only",12.2863532226562,0.22218201128453
"species_hist_ice_extrap_only",12.4218644714355,0.226347038947868
"species_hist_ice_extrap_only",12.5573757202148,0.230523292286198
"species_hist_ice_extrap_only",12.6928869689941,0.234883020565605
"species_hist_ice_extrap_only",12.8283982177734,0.239252953500996
"species_hist_ice_extrap_only",12.9639094665527,0.24380829578613
"species_hist_ice_extrap_only",13.099420715332,0.248372827577006
"species_hist_ice_extrap_only",13.2349319641113,0.253123031445297
"species_hist_ice_extrap_only",13.3704432128906,0.257881437348268
"species_hist_ice_extrap_only",13.5059544616699,0.262817799063942
"species_hist_ice_extrap_only",13.6414657104492,0.267750552182849
"species_hist_ice_extrap_only",13.7769769592285,0.270937977633715
"species_hist_ice_extrap_only",13.9124882080078,0.273710169810958
"species_hist_ice_extrap_only",14.0479994567871,0.275999876955062
"species_hist_ice_extrap_only",14.1835107055664,0.278289853724948
"species_hist_ice_extrap_only",14.3190219543457,0.280371454331691
"species_hist_ice_extrap_only",14.454533203125,0.282433356153517
"species_hist_ice_extrap_only",14.5900444519043,0.282755427984777
"species_hist_ice_extrap_only",14.7255557006836,0.283067456514144
"species_hist_ice_extrap_only",14.8610669494629,0.283380385858028
"species_hist_ice_extrap_only",14.9965781982422,0.28369344098944
"species_hist_ice_extrap_only",15.1320894470215,0.284009728981012
"species_hist_ice_extrap_only",15.2676006958008,0.284326117616086
"species_hist_ice_extrap_only",15.4031119445801,0.284645778082147
"species_hist_ice_extrap_only",15.5386231933594,0.284965512141813
"species_hist_ice_extrap_only",15.6741344421387,0.285108996767198
"species_hist_ice_extrap_only",15.809645690918,0.28525252758895
"species_hist_ice_extrap_only",15.9451569396973,0.285357753432795
"species_hist_ice_extrap_only",16.0806681884766,0.285463006415626
"species_hist_ice_extrap_only",16.2161794372559,0.285570077303976
"species_hist_ice_extrap_only",16.3516906860351,0.285677182798309
"species_hist_ice_extrap_only",16.4872019348144,0.285786092603854
"species_hist_ice_extrap_only",16.6227131835937,0.285895064525398
"species_hist_ice_extrap_only",16.758224432373,0.286005816329302
"species_hist_ice_extrap_only",16.8937356811523,0.286116656177001
"species_hist_ice_extrap_only",17.0292469299316,0.286229252757632
"species_hist_ice_extrap_only",17.1647581787109,0.286341966821635
"species_hist_ice_extrap_only",17.3002694274902,0.28645640848179
"species_hist_ice_extrap_only",17.4357806762695,0.286570992947518
"species_hist_ice_extrap_only",17.5712919250488,0.286687285445797
"species_hist_ice_extrap_only",17.7068031738281,0.286803749067123
"species_hist_ice_extrap_only",17.8423144226074,0.286921891014343
"species_hist_ice_extrap_only",17.9778256713867,0.287040231336372
"species_hist_ice_extrap_only",18.113336920166,0.287160236143576
"species_hist_ice_extrap_only",18.2488481689453,0.287280466577352
"species_hist_ice_extrap_only",18.3843594177246,0.287402326793961
"species_hist_ice_extrap_only",18.5198706665039,0.287524439888904
"species_hist_ice_extrap_only",18.6553819152832,0.287648159985266
"species_hist_ice_extrap_only",18.7908931640625,0.287772162286762
"species_hist_ice_extrap_only",18.9264044128418,0.287897752794622
"species_hist_ice_extrap_only",19.0619156616211,0.288023652961243
"species_hist_ice_extrap_only",19.1974269104004,0.28815111835095
"species_hist_ice_extrap_only",19.3329381591797,0.288278918374277
"species_hist_ice_extrap_only",19.468449407959,0.288408246623969
"species_hist_ice_extrap_only",19.6039606567383,0.288537939439676
"species_hist_ice_extrap_only",19.7394719055176,0.288669151511911
"species_hist_ice_extrap_only",19.8749831542969,0.288800755603788
"species_hist_ice_extrap_only",20.0104944030762,0.288933842995938
"species_hist_ice_extrap_only",20.1460056518555,0.289067352069583
"species_hist_ice_extrap_only",20.2815169006348,0.289202358286219
"species_hist_ice_extrap_only",20.417028149414,0.289337755652756
"species_hist_ice_extrap_only",20.5525393981933,0.28947467016533
"species_hist_ice_extrap_only",20.6880506469726,0.289611948374177
"species_hist_ice_extrap_only",20.8235618957519,0.289750785811319
"species_hist_ice_extrap_only",20.9590731445312,0.289889964435852
"species_hist_ice_extrap_only",21.0945843933105,0.290030727034605
"species_hist_ice_extrap_only",21.2300956420898,0.290171798422379
"species_hist_ice_extrap_only",21.3656068908691,0.290314480760405
"species_hist_ice_extrap_only",21.5011181396484,0.290457446502467
"species_hist_ice_extrap_only",21.6366293884277,0.29060206398559
"species_hist_ice_extrap_only",21.772140637207,0.290746939084034
"species_hist_ice_extrap_only",21.9076518859863,0.290893489384412
"species_hist_ice_extrap_only",22.0431631347656,0.291040267777841
"species_hist_ice_extrap_only",22.1786743835449,0.291188756607277
"species_hist_ice_extrap_only",22.3141856323242,0.291337447337321
"species_hist_ice_extrap_only",22.4496968811035,0.291487879340961
"species_hist_ice_extrap_only",22.5852081298828,0.291638485387852
"species_hist_ice_extrap_only",22.7207193786621,0.291790865036044
"species_hist_ice_extrap_only",22.8562306274414,0.291943390870129
"species_hist_ice_extrap_only",22.9917418762207,0.292097721143105
"species_hist_ice_extrap_only",23.127253125,0.292252169744618
"species_hist_ice_extrap_only",23.2627643737793,0.292408449152262
"species_hist_ice_extrap_only",23.3982756225586,0.292564819031086
"species_hist_ice_extrap_only",23.5337868713379,0.292723065102001
"species_hist_ice_extrap_only",23.6692981201172,0.292881374240462
"species_hist_ice_extrap_only",23.8048093688965,0.293041580330581
"species_hist_ice_extrap_only",23.9403206176758,0.293201821177166
"species_hist_ice_extrap_only",24.0758318664551,0.293363994385224
"species_hist_ice_extrap_only",24.2113431152344,0.293526195702498
"species_hist_ice_extrap_only",24.3468543640137,0.293690321129754
"species_hist_ice_extrap_only",24.482365612793,0.293854495726351
"species_hist_ice_extrap_only",24.6178768615723,0.294020566373709
"species_hist_ice_extrap_only",24.7533881103516,0.29418671480523
"species_hist_ice_extrap_only",24.8888993591308,0.294354744184667
"species_hist_ice_extrap_only",25.0244106079101,0.294522878851887
"species_hist_ice_extrap_only",25.1599218566894,0.29469285941189
"species_hist_ice_extrap_only",25.2954331054687,0.29486297427823
"species_hist_ice_extrap_only",25.430944354248,0.29503491804066
"species_hist_ice_extrap_only",25.5664556030273,0.29520702553171
"species_hist_ice_extrap_only",25.7019668518066,0.295380938557965
"species_hist_ice_extrap_only",25.8374781005859,0.295555042412729
"species_hist_ice_extrap_only",25.9729893493652,0.295730921621644
"species_hist_ice_extrap_only",26.1085005981445,0.295907019920155
"species_hist_ice_extrap_only",26.2440118469238,0.296084875742542
"species_hist_ice_extrap_only",26.3795230957031,0.296262980682402
"species_hist_ice_extrap_only",26.5150343444824,0.296442813219195
"species_hist_ice_extrap_only",26.6505455932617,0.296622923336411
"species_hist_ice_extrap_only",26.786056842041,0.296804741528305
"species_hist_ice_extrap_only",26.9215680908203,0.296986865763576
"species_hist_ice_extrap_only",27.0570793395996,0.297170671100687
"species_hist_ice_extrap_only",27.1925905883789,0.297354813316512
"species_hist_ice_extrap_only",27.3281018371582,0.297540619310819
"species_hist_ice_extrap_only",27.4636130859375,0.297726788274406
"species_hist_ice_extrap_only",27.5991243347168,0.297914585884279
"species_hist_ice_extrap_only",27.7346355834961,0.298102774926383
"species_hist_ice_extrap_only",27.8701468322754,0.298292574582635
"species_hist_ice_extrap_only",28.0056580810547,0.29848280009003
"species_hist_ice_extrap_only",28.141169329834,0.298674626437931
"species_hist_ice_extrap_only",28.2766805786133,0.298866876298627
"species_hist_ice_extrap_only",28.4121918273926,0.299060739719666
"species_hist_ice_extrap_only",28.5477030761719,0.299255000769301
"species_hist_ice_extrap_only",28.6832143249512,0.299450917154598
"species_hist_ice_extrap_only",28.8187255737305,0.299647199723054
"species_hist_ice_extrap_only",28.9542368225097,0.299845159545682
"species_hist_ice_extrap_only",29.089748071289,0.300043459263544
"species_hist_ice_extrap_only",29.2252593200683,0.300243475533071
"species_hist_ice_extrap_only",29.3607705688476,0.300443802831151
"species_hist_ice_extrap_only",29.4962818176269,0.300645882998158
"species_hist_ice_extrap_only",29.6317930664062,0.300848245327037
"species_hist_ice_extrap_only",29.7673043151855,0.301052395351988
"species_hist_ice_extrap_only",29.9028155639648,0.30125679867213
"species_hist_ice_extrap_only",30.0383268127441,0.30146301561803
"species_hist_ice_extrap_only",30.1738380615234,0.301669460131299
"species_hist_ice_extrap_only",30.3093493103027,0.301877759014701
"species_hist_ice_extrap_only",30.444860559082,0.30208625345993
"species_hist_ice_extrap_only",30.5803718078613,0.302296627096973
"species_hist_ice_extrap_only",30.7158830566406,0.302507168594862
"species_hist_ice_extrap_only",30.8513943054199,0.302719632391369
"species_hist_ice_extrap_only",30.9869055541992,0.302932235944012
"species_hist_ice_extrap_only",31.1224168029785,0.303146791726721
"species_hist_ice_extrap_only",31.2579280517578,0.303361457233185
"species_hist_ice_extrap_only",31.3934393005371,0.303578115040845
"species_hist_ice_extrap_only",31.5289505493164,0.303794854623924
"species_hist_ice_extrap_only",31.6644617980957,0.304013613514859
"species_hist_ice_extrap_only",31.799973046875,0.304232423992456
"species_hist_ice_extrap_only",31.9354842956543,0.304453285771244
"species_hist_ice_extrap_only",32.0709955444336,0.304674176865932
"species_hist_ice_extrap_only",32.2065067932129,0.304897156257452
"species_hist_ice_extrap_only",32.3420180419922,0.305120171762657
"species_hist_ice_extrap_only",32.4775292907715,0.305345237151721
"species_hist_ice_extrap_only",32.6130405395508,0.305570367677527
"species_hist_ice_extrap_only",32.7485517883301,0.305797524923667
"species_hist_ice_extrap_only",32.8840630371094,0.306024777879128
"species_hist_ice_extrap_only",33.0195742858887,0.306254039105138
"species_hist_ice_extrap_only",33.155085534668,0.306483424861661
"species_hist_ice_extrap_only",33.2905967834472,0.30671479294684
"species_hist_ice_extrap_only",33.4261080322265,0.306946315034809
"species_hist_ice_extrap_only",33.5616192810058,0.307179789979158
"species_hist_ice_extrap_only",33.6971305297851,0.307413450911929
"species_hist_ice_extrap_only",33.8326417785644,0.307649047818474
"species_hist_ice_extrap_only",33.9681530273437,0.30788485767236
"species_hist_ice_extrap_only",34.103664276123,0.308122573359003
"species_hist_ice_extrap_only",34.2391755249023,0.308360534786081
"species_hist_ice_extrap_only",34.3746867736816,0.308600381375616
"species_hist_ice_extrap_only",34.5101980224609,0.308840501719319
"species_hist_ice_extrap_only",34.6457092712402,0.309082479110815
"species_hist_ice_extrap_only",34.7812205200195,0.309324761994756
"species_hist_ice_extrap_only",34.9167317687988,0.309568879229841
"species_hist_ice_extrap_only",35.0522430175781,0.309813331833378
"species_hist_ice_extrap_only",35.1877542663574,0.310059597852748
"species_hist_ice_extrap_only",35.3232655151367,0.310306229116577
"species_hist_ice_extrap_only",35.458776763916,0.310554643920233
"species_hist_ice_extrap_only",35.5942880126953,0.310803456514086
"species_hist_ice_extrap_only",35.7297992614746,0.311054026163426
"species_hist_ice_extrap_only",35.8653105102539,0.311305020809234
"species_hist_ice_extrap_only",36.0008217590332,0.311557754144021
"species_hist_ice_extrap_only",36.1363330078125,0.311810945424745
"species_hist_ice_extrap_only",36.2718442565918,0.312065874456413
"species_hist_ice_extrap_only",36.4073555053711,0.31232123365135
"species_hist_ice_extrap_only",36.5428667541504,0.312578365883992
"species_hist_ice_extrap_only",36.6783780029297,0.312835900887171
"species_hist_ice_extrap_only",36.813889251709,0.313095241590129
"species_hist_ice_extrap_only",36.9494005004883,0.313354952300616
"species_hist_ice_extrap_only",37.0849117492676,0.313616508529208
"species_hist_ice_extrap_only",37.2204229980469,0.313878406968865
"species_hist_ice_extrap_only",37.3559342468262,0.31414218020474
"species_hist_ice_extrap_only",37.4914454956055,0.314406263292402
"species_hist_ice_extrap_only",37.6269567443847,0.314672265582057
"species_hist_ice_extrap_only",37.762467993164,0.314938551400982
"species_hist_ice_extrap_only",37.8979792419433,0.315206786903501
"species_hist_ice_extrap_only",38.0334904907226,0.31547527545369
"species_hist_ice_extrap_only",38.1690017395019,0.31574574852232
"species_hist_ice_extrap_only",38.3045129882812,0.316016442683072
"species_hist_ice_extrap_only",38.4400242370605,0.316289164200863
"species_hist_ice_extrap_only",38.5755354858398,0.316562079075204
"species_hist_ice_extrap_only",38.7110467346191,0.316837047968155
"species_hist_ice_extrap_only",38.8465579833984,0.317112177393757
"species_hist_ice_extrap_only",38.9820692321777,0.317389401503792
"species_hist_ice_extrap_only",39.117580480957,0.317666757603448
"species_hist_ice_extrap_only",39.2530917297363,0.317946245597022
"species_hist_ice_extrap_only",39.3886029785156,0.318225834230264
"species_hist_ice_extrap_only",39.5241142272949,0.318507590835798
"species_hist_ice_extrap_only",39.6596254760742,0.318789418064023
"species_hist_ice_extrap_only",39.7951367248535,0.319073446928238
"species_hist_ice_extrap_only",39.9306479736328,0.319357515731677
"species_hist_ice_extrap_only",40.0661592224121,0.31964382583531
"species_hist_ice_extrap_only",40.2016704711914,0.3199301666833
"species_hist_ice_extrap_only",40.3371817199707,0.32021874257996
"species_hist_ice_extrap_only",40.47269296875,0.320507370587792
"species_hist_ice_extrap_only",40.6082042175293,0.320798202960829
"species_hist_ice_extrap_only",40.7437154663086,0.321089119217906
"species_hist_ice_extrap_only",40.8792267150879,0.321382220190112
"species_hist_ice_extrap_only",41.0147379638672,0.321675435386988
"species_hist_ice_extrap_only",41.1502492126465,0.321970813798129
"species_hist_ice_extrap_only",41.2857604614258,0.32226633731927
"species_hist_ice_extrap_only",41.4212717102051,0.322563990189113
"species_hist_ice_extrap_only",41.5567829589843,0.322861820204583
"species_hist_ice_extrap_only",41.6922942077637,0.323161762535221
"species_hist_ice_extrap_only",41.827805456543,0.323461911746521
"species_hist_ice_extrap_only",41.9633167053222,0.323764140456791
"species_hist_ice_extrap_only",42.0988279541015,0.324066610041104
"species_hist_ice_extrap_only",42.2343392028808,0.324371140234031
"species_hist_ice_extrap_only",42.3698504516601,0.324675940834171
"species_hist_ice_extrap_only",42.5053617004394,0.32498276942859
"species_hist_ice_extrap_only",42.6408729492187,0.325289899517418
"species_hist_ice_extrap_only",42.776384197998,0.325599038434259
"species_hist_ice_extrap_only",42.9118954467773,0.325908512092324
"species_hist_ice_extrap_only",43.0474066955566,0.326219964412751
"species_hist_ice_extrap_only",43.1829179443359,0.326531782763463
"species_hist_ice_extrap_only",43.3184291931152,0.326845557428173
"species_hist_ice_extrap_only",43.4539404418945,0.327159729412227
"species_hist_ice_extrap_only",43.5894516906738,0.327475829401453
"species_hist_ice_extrap_only",43.7249629394531,0.327792357999083
"species_hist_ice_extrap_only",43.8604741882324,0.32811079225352
"species_hist_ice_extrap_only",43.9959854370117,0.328429689372502
"species_hist_ice_extrap_only",44.131496685791,0.328750474667094
"species_hist_ice_extrap_only",44.2670079345703,0.329071726929599
"species_hist_ice_extrap_only",44.4025191833496,0.329394886732312
"species_hist_ice_extrap_only",44.5380304321289,0.329718479220494
"species_hist_ice_extrap_only",44.6735416809082,0.330044017481428
"species_hist_ice_extrap_only",44.8090529296875,0.33036996231808
"species_hist_ice_extrap_only",44.9445641784668,0.330697895847828
"species_hist_ice_extrap_only",45.0800754272461,0.331026201872715
"species_hist_ice_extrap_only",45.2155866760254,0.331356522121158
"species_hist_ice_extrap_only",45.3510979248047,0.331687183373815
"species_hist_ice_extrap_only",45.486609173584,0.332019906339219
"species_hist_ice_extrap_only",45.6221204223633,0.332352940801972
"species_hist_ice_extrap_only",45.7576316711426,0.332688071650494
"species_hist_ice_extrap_only",45.8931429199218,0.333023482303575
"species_hist_ice_extrap_only",46.0286541687011,0.333361019555818
"species_hist_ice_extrap_only",46.1641654174804,0.333698806500159
"species_hist_ice_extrap_only",46.2996766662597,0.33403876343408
"species_hist_ice_extrap_only",46.435187915039,0.334378935408513
"species_hist_ice_extrap_only",46.5706991638183,0.33472131267258
"species_hist_ice_extrap_only",46.7062104125976,0.335063875839435
"species_hist_ice_extrap_only",46.8417216613769,0.335408685131276
"species_hist_ice_extrap_only",46.9772329101562,0.33575364843125
"species_hist_ice_extrap_only",47.1127441589355,0.336100890422801
"species_hist_ice_extrap_only",47.2482554077148,0.336448253754961
"species_hist_ice_extrap_only",47.3837666564941,0.336797938452272
"species_hist_ice_extrap_only",47.5192779052734,0.337147713939412
"species_hist_ice_extrap_only",47.6547891540527,0.33749984315643
"species_hist_ice_extrap_only",47.790300402832,0.337852030697617
"species_hist_ice_extrap_only",47.9258116516113,0.338206612804035
"species_hist_ice_extrap_only",48.0613229003906,0.338561226839697
"species_hist_ice_extrap_only",48.1968341491699,0.338918259451537
"species_hist_ice_extrap_only",48.3323453979492,0.339275329423173
"species_hist_ice_extrap_only",48.4678566467285,0.339634794950686
"species_hist_ice_extrap_only",48.6033678955078,0.339994330609289
"species_hist_ice_extrap_only",48.7388791442871,0.340356235214804
"species_hist_ice_extrap_only",48.8743903930664,0.340718240969425
"species_hist_ice_extrap_only",49.0099016418457,0.341082587431311
"species_hist_ice_extrap_only",49.145412890625,0.341447068621055
"species_hist_ice_extrap_only",49.2809241394043,0.341813860121407
"species_hist_ice_extrap_only",49.4164353881836,0.342180817604089
"species_hist_ice_extrap_only",49.5519466369629,0.342550065962905
"species_hist_ice_extrap_only",49.6874578857422,0.342919513646349
"species_hist_ice_extrap_only",49.8229691345215,0.343291215984328
"species_hist_ice_extrap_only",49.9584803833008,0.343663149945321
"species_hist_ice_extrap_only",50.0939916320801,0.344037324143857
"species_hist_ice_extrap_only",50.2295028808594,0.344411760614283
"species_hist_ice_extrap_only",50.3650141296386,0.344788403592212
"species_hist_ice_extrap_only",50.5005253784179,0.345165342789923
"species_hist_ice_extrap_only",50.6360366271972,0.345544457628409
"species_hist_ice_extrap_only",50.7715478759765,0.345923903038301
"species_hist_ice_extrap_only",50.9070591247558,0.346305501759205
"species_hist_ice_extrap_only",51.0425703735351,0.346687461296662
"species_hist_ice_extrap_only",51.1780816223144,0.34707154081882
"species_hist_ice_extrap_only",51.3135928710937,0.347456015912883
"species_hist_ice_extrap_only",51.449104119873,0.347842591238389
"species_hist_ice_extrap_only",51.5846153686523,0.348229591977216
"species_hist_ice_extrap_only",51.7201266174316,0.348618663005136
"species_hist_ice_extrap_only",51.8556378662109,0.349008191744763
"species_hist_ice_extrap_only",51.9911491149902,0.349399761455331
"species_hist_ice_extrap_only",52.1266603637695,0.349791827301116
"species_hist_ice_extrap_only",52.2621716125488,0.350185937322513
"species_hist_ice_extrap_only",52.3976828613281,0.350580513906037
"species_hist_ice_extrap_only",52.5331941101074,0.350977170112425
"species_hist_ice_extrap_only",52.6687053588867,0.35137426038069
"species_hist_ice_extrap_only",52.804216607666,0.351773459791836
"species_hist_ice_extrap_only",52.9397278564453,0.35217306076461
"species_hist_ice_extrap_only",53.0752391052246,0.352574818281676
"species_hist_ice_extrap_only",53.2107503540039,0.352976944860119
"species_hist_ice_extrap_only",53.3462616027832,0.353381258493595
"species_hist_ice_extrap_only",53.4817728515625,0.35378591077864
"species_hist_ice_extrap_only",53.6172841003418,0.35419278758871
"species_hist_ice_extrap_only",53.7527953491211,0.354599968459657
"species_hist_ice_extrap_only",53.8883065979004,0.355009413710795
"species_hist_ice_extrap_only",54.0238178466797,0.355419132209275
"species_hist_ice_extrap_only",54.159329095459,0.355831156730755
"species_hist_ice_extrap_only",54.2948403442383,0.356243421797462
"species_hist_ice_extrap_only",54.4303515930175,0.356658017830638
"species_hist_ice_extrap_only",54.5658628417968,0.357072820423944
"species_hist_ice_extrap_only",54.7013740905761,0.35748999942476
"species_hist_ice_extrap_only",54.8368853393554,0.35790735464769
"species_hist_ice_extrap_only",54.9723965881347,0.35832712073875
"species_hist_ice_extrap_only",55.107907836914,0.358747028389441
"species_hist_ice_extrap_only",55.2434190856933,0.35916939017653
"species_hist_ice_extrap_only",55.3789303344726,0.359591862377774
"species_hist_ice_extrap_only",55.5144415832519,0.360016821993986
"species_hist_ice_extrap_only",55.6499528320312,0.360441858644852
"species_hist_ice_extrap_only",55.7854640808105,0.360869409452336
"species_hist_ice_extrap_only",55.9209753295898,0.361297004592359
"species_hist_ice_extrap_only",56.0564865783691,0.361727167481879
"species_hist_ice_extrap_only",56.1919978271484,0.362157363145306
"species_hist_ice_extrap_only",56.3275090759277,0.362590111127362
"species_hist_ice_extrap_only",56.463020324707,0.363022912883222
"species_hist_ice_extrap_only",56.5985315734863,0.363458240216061
"species_hist_ice_extrap_only",56.7340428222656,0.36389365455862
"species_hist_ice_extrap_only",56.8695540710449,0.364331564323406
"species_hist_ice_extrap_only",57.0050653198242,0.364769593266225
"species_hist_ice_extrap_only",57.1405765686035,0.365210094302722
"species_hist_ice_extrap_only",57.2760878173828,0.365650748156899
"species_hist_ice_extrap_only",57.4115990661621,0.366093840566041
"species_hist_ice_extrap_only",57.5471103149414,0.366537117557444
"species_hist_ice_extrap_only",57.6826215637207,0.366982798258065
"species_hist_ice_extrap_only",57.8181328125,0.367428697584324
"species_hist_ice_extrap_only",57.9536440612793,0.367876978598285
"species_hist_ice_extrap_only",58.0891553100586,0.368325511141864
"species_hist_ice_extrap_only",58.2246665588379,0.368776392469166
"species_hist_ice_extrap_only",58.3601778076171,0.369227558230066
"species_hist_ice_extrap_only",58.4956890563965,0.36968105477187
"species_hist_ice_extrap_only",58.6312003051758,0.370134866704394
"species_hist_ice_extrap_only",58.766711553955,0.370590963458606
"species_hist_ice_extrap_only",58.9022228027343,0.371047410454374
"species_hist_ice_extrap_only",59.0377340515136,0.371506125403321
"species_hist_ice_extrap_only",59.173245300293,0.371965223497803
"species_hist_ice_extrap_only",59.3087565490722,0.372426550681019
"species_hist_ice_extrap_only",59.4442677978515,0.372888291361299
"species_hist_ice_extrap_only",59.5797790466308,0.373352233658084
"species_hist_ice_extrap_only",59.7152902954101,0.373816624908364
"species_hist_ice_extrap_only",59.8508015441894,0.374283188380116
"species_hist_ice_extrap_only",59.9863127929687,0.374750233709341
"species_hist_ice_extrap_only",60.121824041748,0.3752194338679
"species_hist_ice_extrap_only",60.2573352905273,0.375689123724695
"species_hist_ice_extrap_only",60.3928465393066,0.376160989604383
"species_hist_ice_extrap_only",60.5283577880859,0.376633309475909
"species_hist_ice_extrap_only",60.6638690368652,0.377107829612356
"species_hist_ice_extrap_only",60.7993802856445,0.377582773639081
"species_hist_ice_extrap_only",60.9348915344238,0.378059961390683
"species_hist_ice_extrap_only",61.0704027832031,0.378537535331206
"species_hist_ice_extrap_only",61.2059140319824,0.379017385169646
"species_hist_ice_extrap_only",61.3414252807617,0.379497595287228
"species_hist_ice_extrap_only",61.476936529541,0.379980113322367
"species_hist_ice_extrap_only",61.6124477783203,0.380462956535845
"species_hist_ice_extrap_only",61.7479590270996,0.380948146935415
"species_hist_ice_extrap_only",61.8834702758789,0.381433626023156
"species_hist_ice_extrap_only",62.0189815246582,0.381921493737572
"species_hist_ice_extrap_only",62.1544927734375,0.38240962082237
"species_hist_ice_extrap_only",62.2900040222168,0.382900152844861
"species_hist_ice_extrap_only",62.4255152709961,0.383390909944389
"species_hist_ice_extrap_only",62.5610265197754,0.383884127439016
"species_hist_ice_extrap_only",62.6965377685547,0.384377538496065
"species_hist_ice_extrap_only",62.832049017334,0.384873429720436
"species_hist_ice_extrap_only",62.9675602661133,0.38536947963198
"species_hist_ice_extrap_only",63.1030715148925,0.385868046805885
"species_hist_ice_extrap_only",63.2385827636718,0.386366741734254
"species_hist_ice_extrap_only",63.3740940124512,0.386867993751372
"species_hist_ice_extrap_only",63.5096052612304,0.387369339455164
"species_hist_ice_extrap_only",63.6451165100097,0.387873268508383
"species_hist_ice_extrap_only",63.780627758789,0.388377259128068
"species_hist_ice_extrap_only",63.9161390075683,0.388883871759758
"species_hist_ice_extrap_only",64.0516502563476,0.389390517069873
"species_hist_ice_extrap_only",64.1871615051269,0.389899803380873
"species_hist_ice_extrap_only",64.3226727539062,0.390409126231752
"species_hist_ice_extrap_only",64.4581840026855,0.390921072359805
"species_hist_ice_extrap_only",64.5936952514648,0.391433087729851
"species_hist_ice_extrap_only",64.7292065002441,0.391947675793563
"species_hist_ice_extrap_only",64.8647177490234,0.39246236391353
"species_hist_ice_extrap_only",65.0002289978027,0.392979608511266
"species_hist_ice_extrap_only",65.135740246582,0.393496987755224
"species_hist_ice_extrap_only",65.2712514953613,0.394016880249084
"species_hist_ice_extrap_only",65.4067627441406,0.394536939058267
"species_hist_ice_extrap_only",65.5422739929199,0.395059491268247
"species_hist_ice_extrap_only",65.6777852416992,0.3955822422938
"species_hist_ice_extrap_only",65.8132964904785,0.39610743931874
"species_hist_ice_extrap_only",65.9488077392578,0.396632866222758
"species_hist_ice_extrap_only",66.0843189880371,0.397160722862886
"species_hist_ice_extrap_only",66.2198302368164,0.397688841680476
"species_hist_ice_extrap_only",66.3553414855957,0.398219337074167
"species_hist_ice_extrap_only",66.490852734375,0.398750126943704
"species_hist_ice_extrap_only",66.6263639831543,0.399283278972351
"species_hist_ice_extrap_only",66.7618752319336,0.399816759817568
"species_hist_ice_extrap_only",66.8973864807129,0.400352559641406
"species_hist_ice_extrap_only",67.0328977294921,0.400888716293656
"species_hist_ice_extrap_only",67.1684089782714,0.401427163710821
"species_hist_ice_extrap_only",67.3039202270507,0.401966000052918
"species_hist_ice_extrap_only",67.43943147583,0.402507101023874
"species_hist_ice_extrap_only",67.5749427246093,0.403048623016283
"species_hist_ice_extrap_only",67.7104539733886,0.403592359659636
"species_hist_ice_extrap_only",67.8459652221679,0.404136549420962
"species_hist_ice_extrap_only",67.9814764709472,0.404682942598339
"species_hist_ice_extrap_only",68.1169877197265,0.405229820990208
"species_hist_ice_extrap_only",68.2524989685058,0.405778871285344
"species_hist_ice_extrap_only",68.3880102172851,0.406328384079841
"species_hist_ice_extrap_only",68.5235214660644,0.406880122631291
"species_hist_ice_extrap_only",68.6590327148437,0.407432288878647
"species_hist_ice_extrap_only",68.794543963623,0.407986684803334
"species_hist_ice_extrap_only",68.9300552124023,0.408541471519128
"species_hist_ice_extrap_only",69.0655664611816,0.409098543376639
"species_hist_ice_extrap_only",69.2010777099609,0.409655983747157
"species_hist_ice_extrap_only",69.3365889587402,0.410215716776857
"species_hist_ice_extrap_only",69.4721002075195,0.410775777615815
"species_hist_ice_extrap_only",69.6076114562988,0.411338182849649
"species_hist_ice_extrap_only",69.7431227050781,0.411900888200768
"species_hist_ice_extrap_only",69.8786339538574,0.412465941848903
"species_hist_ice_extrap_only",70.0141452026367,0.413031258626832
"species_hist_ice_extrap_only",70.149656451416,0.413598977628484
"species_hist_ice_extrap_only",70.2851677001953,0.414166932958111
"species_hist_ice_extrap_only",70.4206789489746,0.414737297969923
"species_hist_ice_extrap_only",70.5561901977539,0.415307864827293
"species_hist_ice_extrap_only",70.6917014465332,0.41588087682909
"species_hist_ice_extrap_only",70.8272126953125,0.416454058093502
"species_hist_ice_extrap_only",70.9627239440918,0.417029735863807
"species_hist_ice_extrap_only",71.0982351928711,0.417605552497819
"species_hist_ice_extrap_only",71.2337464416504,0.418183847639412
"species_hist_ice_extrap_only",71.3692576904296,0.418762248777211
"species_hist_ice_extrap_only",71.504768939209,0.41934320382778
"species_hist_ice_extrap_only",71.6402801879883,0.419924234273783
"species_hist_ice_extrap_only",71.7757914367675,0.420507805218132
"species_hist_ice_extrap_only",71.9113026855468,0.421091420268855
"species_hist_ice_extrap_only",72.0468139343261,0.421677633892594
"species_hist_ice_extrap_only",72.1823251831054,0.422263878520836
"species_hist_ice_extrap_only",72.3178364318847,0.42285268632006
"species_hist_ice_extrap_only",72.453347680664,0.423441542595939
"species_hist_ice_extrap_only",72.5888589294433,0.424032946517082
"species_hist_ice_extrap_only",72.7243701782226,0.424624431488091
"species_hist_ice_extrap_only",72.8598814270019,0.425222094640304
"species_hist_ice_extrap_only",72.9953926757812,0.425819867232374
"species_hist_ice_extrap_only",73.1309039245605,0.42644933874291
"species_hist_ice_extrap_only",73.2664151733398,0.427078952028169
"species_hist_ice_extrap_only",73.4019264221191,0.427880824554758
"species_hist_ice_extrap_only",73.5374376708984,0.428682865227411
"species_hist_ice_extrap_only",73.6729489196777,0.429619959969143
"species_hist_ice_extrap_only",73.808460168457,0.430557256925897
"species_hist_ice_extrap_only",73.9439714172363,0.431505384927949
"species_hist_ice_extrap_only",74.0794826660156,0.432453744296261
"species_hist_ice_extrap_only",74.2149939147949,0.433580004099095
"species_hist_ice_extrap_only",74.3505051635742,0.434706522281606
"species_hist_ice_extrap_only",74.4860164123535,0.435980148745958
"species_hist_ice_extrap_only",74.6215276611328,0.437254065603813
"species_hist_ice_extrap_only",74.7570389099121,0.438619224179621
"species_hist_ice_extrap_only",74.8925501586914,0.439984697015203
"species_hist_ice_extrap_only",75.0280614074707,0.44140932010078
"species_hist_ice_extrap_only",75.16357265625,0.442834294139332
"species_hist_ice_extrap_only",75.2990839050293,0.444376571071938
"species_hist_ice_extrap_only",75.4345951538086,0.445919224154152
"species_hist_ice_extrap_only",75.5701064025879,0.447474226715258
"species_hist_ice_extrap_only",75.7056176513671,0.449029629815147
"species_hist_ice_extrap_only",75.8411289001465,0.450590670161746
"species_hist_ice_extrap_only",75.9766401489258,0.452152146409966
"species_hist_ice_extrap_only",76.112151397705,0.453795727866121
"species_hist_ice_extrap_only",76.2476626464843,0.455439743508666
"species_hist_ice_extrap_only",76.3831738952636,0.457216124731338
"species_hist_ice_extrap_only",76.5186851440429,0.459070434872432
"species_hist_ice_extrap_only",76.6541963928222,0.46122146254743
"species_hist_ice_extrap_only",76.7897076416015,0.463518313783089
"species_hist_ice_extrap_only",76.9252188903808,0.466035198866181
"species_hist_ice_extrap_only",77.0607301391601,0.46859316743398
"species_hist_ice_extrap_only",77.1962413879394,0.471547112062327
"species_hist_ice_extrap_only",77.3317526367187,0.47451907171559
"species_hist_ice_extrap_only",77.467263885498,0.478214783055928
"species_hist_ice_extrap_only",77.6027751342773,0.482046539759259
"species_hist_ice_extrap_only",77.7382863830566,0.486055866938939
"species_hist_ice_extrap_only",77.8737976318359,0.490115088980049
"species_hist_ice_extrap_only",78.0093088806152,0.494193729990467
"species_hist_ice_extrap_only",78.1448201293945,0.498287485485196
"species_hist_ice_extrap_only",78.2803313781738,0.502436071880274
"species_hist_ice_extrap_only",78.4158426269531,0.506627425139178
"species_hist_ice_extrap_only",78.5513538757324,0.510833746832567
"species_hist_ice_extrap_only",78.6868651245117,0.515046249868617
"species_hist_ice_extrap_only",78.822376373291,0.519363099414343
"species_hist_ice_extrap_only",78.9578876220703,0.523679408838524
"species_hist_ice_extrap_only",79.0933988708496,0.528028838738776
"species_hist_ice_extrap_only",79.2289101196289,0.532377294374453
"species_hist_ice_extrap_only",79.3644213684082,0.536751960327014
"species_hist_ice_extrap_only",79.4999326171875,0.541125793982188
"species_hist_ice_extrap_only",79.6354438659667,0.545502437911914
"species_hist_ice_extrap_only",79.770955114746,0.549878467284742
"species_hist_ice_extrap_only",79.9064663635253,0.554242809914788
"species_hist_ice_extrap_only",80.0419776123046,0.558606798625057
"species_hist_ice_extrap_only",80.177488861084,0.562956384177264
"species_hist_ice_extrap_only",80.3130001098632,0.567305527969049
"species_hist_ice_extrap_only",80.4485113586425,0.571637864834328
"species_hist_ice_extrap_only",80.5840226074218,0.575969282023194
"species_hist_ice_extrap_only",80.7195338562011,0.580281923192172
"species_hist_ice_extrap_only",80.8550451049804,0.584593107446044
"species_hist_ice_extrap_only",80.9905563537597,0.588883618032138
"species_hist_ice_extrap_only",81.126067602539,0.593172071431423
"species_hist_ice_extrap_only",81.2615788513183,0.597437747923422
"species_hist_ice_extrap_only",81.3970901000976,0.601700736253423
"species_hist_ice_extrap_only",81.5326013488769,0.605939408649426
"species_hist_ice_extrap_only",81.6681125976562,0.61017469551749
"species_hist_ice_extrap_only",81.8036238464355,0.614383769209565
"species_hist_ice_extrap_only",81.9391350952148,0.618588716507263
"species_hist_ice_extrap_only",82.0746463439941,0.622766098373954
"species_hist_ice_extrap_only",82.2101575927734,0.626938564557831
"species_hist_ice_extrap_only",82.3456688415527,0.631081792130749
"species_hist_ice_extrap_only",82.481180090332,0.635219315090546
"species_hist_ice_extrap_only",82.6166913391113,0.639326483050606
"species_hist_ice_extrap_only",82.7522025878906,0.643427085398688
"species_hist_ice_extrap_only",82.8877138366699,0.647495875539838
"species_hist_ice_extrap_only",83.0232250854492,0.651557224311214
"species_hist_ice_extrap_only",83.1587363342285,0.655585850321795
"species_hist_ice_extrap_only",83.2942475830078,0.659606138313177
"species_hist_ice_extrap_only",83.4297588317871,0.663592486863442
"species_hist_ice_extrap_only",83.5652700805664,0.667569547779738
"species_hist_ice_extrap_only",83.7007813293457,0.671511940048253
"species_hist_ice_extrap_only",83.836292578125,0.675444163380668
"species_hist_ice_extrap_only",83.9718038269042,0.679340751527962
"species_hist_ice_extrap_only",84.1073150756836,0.683226186153377
"species_hist_ice_extrap_only",84.2428263244629,0.687074773108817
"species_hist_ice_extrap_only",84.3783375732421,0.690912457902194
"species_hist_ice_extrap_only",84.5138488220214,0.694711398800234
"species_hist_ice_extrap_only",84.6493600708007,0.698500033665292
"species_hist_ice_extrap_only",84.78487131958,0.702247700700653
"species_hist_ice_extrap_only",84.9203825683593,0.705985676216503
"species_hist_ice_extrap_only",85.0558938171386,0.709680841584107
"species_hist_ice_extrap_only",85.1914050659179,0.713367009707999
"species_hist_ice_extrap_only",85.3269163146972,0.717008272706092
"species_hist_ice_extrap_only",85.4624275634765,0.720641221923652
"species_hist_ice_extrap_only",85.5979388122558,0.724227549519594
"species_hist_ice_extrap_only",85.7334500610351,0.72780629292248
"species_hist_ice_extrap_only",85.8689613098144,0.731336472649702
"species_hist_ice_extrap_only",86.0044725585937,0.734859814915181
"species_hist_ice_extrap_only",86.139983807373,0.738333021351757
"species_hist_ice_extrap_only",86.2754950561523,0.741800174083598
"species_hist_ice_extrap_only",86.4110063049316,0.745215433559688
"species_hist_ice_extrap_only",86.5465175537109,0.748625429547726
"species_hist_ice_extrap_only",86.6820288024902,0.751982104183467
"species_hist_ice_extrap_only",86.8175400512695,0.755334309801683
"species_hist_ice_extrap_only",86.9530513000488,0.758631579009009
"species_hist_ice_extrap_only",87.0885625488281,0.761925195353299
"species_hist_ice_extrap_only",87.2240737976074,0.765162661164781
"species_hist_ice_extrap_only",87.3595850463867,0.76839728827843
"species_hist_ice_extrap_only",87.495096295166,0.771574319850004
"species_hist_ice_extrap_only",87.6306075439453,0.77474933925776
"species_hist_ice_extrap_only",87.7661187927246,0.777865653537182
"species_hist_ice_extrap_only",87.9016300415039,0.780980773580016
"species_hist_ice_extrap_only",88.0371412902832,0.784036134240761
"species_hist_ice_extrap_only",88.1726525390625,0.787090683738583
"species_hist_ice_extrap_only",88.3081637878418,0.790085210992227
"species_hist_ice_extrap_only",88.4436750366211,0.79307850017552
"species_hist_ice_extrap_only",88.5791862854003,0.796012548985345
"species_hist_ice_extrap_only",88.7146975341796,0.798944572312222
"species_hist_ice_extrap_only",88.8502087829589,0.801818015181578
"species_hist_ice_extrap_only",88.9857200317382,0.80468865112325
"species_hist_ice_extrap_only",89.1212312805175,0.8075016275652
"species_hist_ice_extrap_only",89.2567425292968,0.810311034481568
"species_hist_ice_extrap_only",89.3922537780761,0.813063536006885
"species_hist_ice_extrap_only",89.5277650268554,0.815811719135539
"species_hist_ice_extrap_only",89.6632762756347,0.818504035278223
"species_hist_ice_extrap_only",89.798787524414,0.821191313713522
"species_hist_ice_extrap_only",89.9342987731933,0.823823598128076
"species_hist_ice_extrap_only",90.0698100219726,0.826450134968133
"species_hist_ice_extrap_only",90.2053212707519,0.829022802963906
"species_hist_ice_extrap_only",90.3408325195312,0.831589036560028
"species_hist_ice_extrap_only",90.4763437683105,0.834102342917555
"species_hist_ice_extrap_only",90.6118550170898,0.836608557364733
"species_hist_ice_extrap_only",90.7473662658691,0.839063061453832
"species_hist_ice_extrap_only",90.8828775146484,0.841509823546844
"species_hist_ice_extrap_only",91.0183887634277,0.843905875515484
"species_hist_ice_extrap_only",91.153900012207,0.846293590426999
"species_hist_ice_extrap_only",91.2894112609863,0.848631816219432
"species_hist_ice_extrap_only",91.4249225097656,0.850961103749669
"species_hist_ice_extrap_only",91.5604337585449,0.85324211617803
"species_hist_ice_extrap_only",91.6959450073242,0.855513641308356
"species_hist_ice_extrap_only",91.8314562561035,0.857737964989002
"species_hist_ice_extrap_only",91.9669675048828,0.859952253084508
"species_hist_ice_extrap_only",92.1024787536621,0.862120476980721
"species_hist_ice_extrap_only",92.2379900024414,0.864278527186365
"species_hist_ice_extrap_only",92.3735012512206,0.866390788079508
"species_hist_ice_extrap_only",92.5090125,0.868493734701841
"species_hist_ice_extrap_only",92.6445237487792,0.870550877803441
"species_hist_ice_extrap_only",92.7800349975585,0.872599519236455
"species_hist_ice_extrap_only",92.9155462463378,0.874602263546425
"species_hist_ice_extrap_only",93.0510574951171,0.87659731554507
"species_hist_ice_extrap_only",93.1865687438964,0.878546576295754
"species_hist_ice_extrap_only",93.3220799926757,0.880488914941926
"species_hist_ice_extrap_only",93.457591241455,0.882385434956632
"species_hist_ice_extrap_only",93.5931024902343,0.884275787724345
"species_hist_ice_extrap_only",93.7286137390136,0.886120557031535
"species_hist_ice_extrap_only",93.8641249877929,0.887959896177577
"species_hist_ice_extrap_only",93.9996362365722,0.889753723033263
"species_hist_ice_extrap_only",94.1351474853515,0.891542823715362
"species_hist_ice_extrap_only",94.2706587341308,0.893286683782453
"species_hist_ice_extrap_only",94.4061699829101,0.895026493809945
"species_hist_ice_extrap_only",94.5416812316894,0.896721237695542
"species_hist_ice_extrap_only",94.6771924804687,0.898412585870336
"species_hist_ice_extrap_only",94.812703729248,0.900059210980202
"species_hist_ice_extrap_only",94.9482149780273,0.901703075721415
"species_hist_ice_extrap_only",95.0837262268066,0.903302551842132
"species_hist_ice_extrap_only",95.2192374755859,0.90489986903817
"species_hist_ice_extrap_only",95.3547487243652,0.906453083750817
"species_hist_ice_extrap_only",95.4902599731445,0.908004717966376
"species_hist_ice_extrap_only",95.6257712219238,0.909512715838974
"species_hist_ice_extrap_only",95.7612824707031,0.911019686610827
"species_hist_ice_extrap_only",95.8967937194824,0.912483345714558
"species_hist_ice_extrap_only",96.0323049682617,0.913946500688326
"species_hist_ice_extrap_only",96.167816217041,0.915366887076607
"species_hist_ice_extrap_only",96.3033274658203,0.916786789749066
"species_hist_ice_extrap_only",96.4388387145996,0.918165260956078
"species_hist_ice_extrap_only",96.5743499633788,0.919542794368457
"species_hist_ice_extrap_only",96.7098612121582,0.920880369930974
"species_hist_ice_extrap_only",96.8453724609374,0.922216575006383
"species_hist_ice_extrap_only",96.9808837097168,0.923514130804436
"species_hist_ice_extrap_only",97.116394958496,0.924809907650475
"species_hist_ice_extrap_only",97.2519062072753,0.926068421093856
"species_hist_ice_extrap_only",97.3874174560546,0.927324774581508
"species_hist_ice_extrap_only",97.522928704834,0.9285451459977
"species_hist_ice_extrap_only",97.6584399536132,0.929762991781055
"species_hist_ice_extrap_only",97.7939512023925,0.930946192215657
"species_hist_ice_extrap_only",97.9294624511718,0.932126528801502
"species_hist_ice_extrap_only",98.0649736999511,0.93327342241548
"species_hist_ice_extrap_only",98.2004849487304,0.934417124446633
"species_hist_ice_extrap_only",98.3359961975097,0.935528640158604
"species_hist_ice_extrap_only",98.471507446289,0.936636674926919
"species_hist_ice_extrap_only",98.6070186950683,0.937713754585753
"species_hist_ice_extrap_only",98.7425299438476,0.938787067958492
"species_hist_ice_extrap_only",98.8780411926269,0.939830521273516
"species_hist_ice_extrap_only",99.0135524414062,0.940869947591306
"species_hist_ice_extrap_only",99.1490636901855,0.941880715603931
"species_hist_ice_extrap_only",99.2845749389648,0.942887221750671
"species_hist_ice_extrap_only",99.4200861877441,0.943866126494882
"species_hist_ice_extrap_only",99.5555974365234,0.944840535296892
"species_hist_ice_extrap_only",99.6911086853027,0.945788463564325
"species_hist_ice_extrap_only",99.826619934082,0.946731697352808
"species_hist_ice_extrap_only",99.9621311828613,0.947649459054655
"species_hist_ice_extrap_only",100.097642431641,0.948562336615295
"species_hist_ice_extrap_only",100.23315368042,0.949450547198285
"species_hist_ice_extrap_only",100.368664929199,0.950334168461354
"species_hist_ice_extrap_only",100.504176177978,0.951193544008917
"species_hist_ice_extrap_only",100.639687426758,0.952048777336293
"species_hist_ice_extrap_only",100.775198675537,0.952880179171943
"species_hist_ice_extrap_only",100.910709924316,0.953707851346888
"species_hist_ice_extrap_only",101.046221173096,0.954512020459132
"species_hist_ice_extrap_only",101.181732421875,0.955312869463533
"species_hist_ice_extrap_only",101.317243670654,0.956090633035137
"species_hist_ice_extrap_only",101.452754919434,0.956865449687604
"species_hist_ice_extrap_only",101.588266168213,0.957617571642208
"species_hist_ice_extrap_only",101.723777416992,0.958367111402294
"species_hist_ice_extrap_only",101.859288665771,0.959094341635153
"species_hist_ice_extrap_only",101.994799914551,0.959819329756356
"species_hist_ice_extrap_only",102.13031116333,0.960522403709699
"species_hist_ice_extrap_only",102.265822412109,0.961223559485055
"species_hist_ice_extrap_only",102.401333660889,0.961903185228283
"species_hist_ice_extrap_only",102.536844909668,0.962581197946641
"species_hist_ice_extrap_only",102.672356158447,0.963238107886891
"species_hist_ice_extrap_only",102.807867407227,0.963893696841285
"species_hist_ice_extrap_only",102.943378656006,0.964528534297427
"species_hist_ice_extrap_only",103.078889904785,0.965162323009732
"species_hist_ice_extrap_only",103.214401153564,0.96577581544488
"species_hist_ice_extrap_only",103.349912402344,0.966388516843938
"species_hist_ice_extrap_only",103.485423651123,0.966981272511917
"species_hist_ice_extrap_only",103.620934899902,0.967573480317278
"species_hist_ice_extrap_only",103.756446148682,0.968146179408335
"species_hist_ice_extrap_only",103.891957397461,0.968718558663259
"species_hist_ice_extrap_only",104.02746864624,0.969271772666225
"species_hist_ice_extrap_only",104.162979895019,0.969824785692603
"species_hist_ice_extrap_only",104.298491143799,0.970359287995985
"species_hist_ice_extrap_only",104.434002392578,0.970893506023016
"species_hist_ice_extrap_only",104.569513641357,0.971409905877382
"species_hist_ice_extrap_only",104.705024890137,0.971925847723452
"species_hist_ice_extrap_only",104.840536138916,0.972424768650675
"species_hist_ice_extrap_only",104.976047387695,0.97292306534225
"species_hist_ice_extrap_only",105.111558636475,0.973405040447914
"species_hist_ice_extrap_only",105.247069885254,0.973886239206883
"species_hist_ice_extrap_only",105.382581134033,0.97435179007937
"species_hist_ice_extrap_only",105.518092382812,0.974816420179219
"species_hist_ice_extrap_only",105.653603631592,0.975266073963646
"species_hist_ice_extrap_only",105.789114880371,0.97571467828072
"species_hist_ice_extrap_only",105.92462612915,0.976148950605007
"species_hist_ice_extrap_only",106.06013737793,0.976582047816551
"species_hist_ice_extrap_only",106.195648626709,0.977001435821628
"species_hist_ice_extrap_only",106.331159875488,0.977419539607259
"species_hist_ice_extrap_only",106.466671124268,0.977824499114535
"species_hist_ice_extrap_only",106.602182373047,0.978228068943467
"species_hist_ice_extrap_only",106.737693621826,0.978619091133408
"species_hist_ice_extrap_only",106.873204870605,0.979008623643577
"species_hist_ice_extrap_only",107.008716119385,0.979386145850604
"species_hist_ice_extrap_only",107.144227368164,0.979762101165811
"species_hist_ice_extrap_only",107.279738616943,0.980126567290403
"species_hist_ice_extrap_only",107.415249865723,0.98048937541804
"species_hist_ice_extrap_only",107.550761114502,0.980841210469961
"species_hist_ice_extrap_only",107.686272363281,0.98119132001663
"species_hist_ice_extrap_only",107.82178361206,0.981530949611235
"species_hist_ice_extrap_only",107.95729486084,0.981868790034843
"species_hist_ice_extrap_only",108.092806109619,0.982196571618126
"species_hist_ice_extrap_only",108.228317358398,0.98252254923383
"species_hist_ice_extrap_only",108.363828607178,0.98283880168369
"species_hist_ice_extrap_only",108.499339855957,0.983153432446311
"species_hist_ice_extrap_only",108.634851104736,0.983458524493188
"species_hist_ice_extrap_only",108.770362353516,0.983762168251108
"species_hist_ice_extrap_only",108.905873602295,0.984056493229545
"species_hist_ice_extrap_only",109.041384851074,0.984349514984152
"species_hist_ice_extrap_only",109.176896099853,0.984625505395089
"species_hist_ice_extrap_only",109.312407348633,0.984879566219374
"species_hist_ice_extrap_only",109.447918597412,0.985120230913162
"species_hist_ice_extrap_only",109.583429846191,0.985351276397705
"species_hist_ice_extrap_only",109.718941094971,0.985574221611023
"species_hist_ice_extrap_only",109.85445234375,0.985797166824341
"species_hist_ice_extrap_only",109.989963592529,0.986012279987335
"species_hist_ice_extrap_only",110.125474841309,0.98622739315033
"species_hist_ice_extrap_only",110.260986090088,0.986434936523438
"species_hist_ice_extrap_only",110.396497338867,0.986642479896545
"species_hist_ice_extrap_only",110.532008587646,0.986842709779739
"species_hist_ice_extrap_only",110.667519836426,0.987042939662933
"species_hist_ice_extrap_only",110.803031085205,0.98723611831665
"species_hist_ice_extrap_only",110.938542333984,0.987429296970367
"species_hist_ice_extrap_only",111.074053582764,0.987615633010864
"species_hist_ice_extrap_only",111.209564831543,0.987801969051361
"species_hist_ice_extrap_only",111.345076080322,0.987981724739075
"species_hist_ice_extrap_only",111.480587329102,0.988161480426788
"species_hist_ice_extrap_only",111.616098577881,0.98833487033844
"species_hist_ice_extrap_only",111.75160982666,0.988508260250092
"species_hist_ice_extrap_only",111.887121075439,0.988675481081009
"species_hist_ice_extrap_only",112.022632324219,0.988842701911926
"species_hist_ice_extrap_only",112.158143572998,0.989004004001618
"species_hist_ice_extrap_only",112.293654821777,0.989165306091309
"species_hist_ice_extrap_only",112.429166070557,0.989320862293244
"species_hist_ice_extrap_only",112.564677319336,0.989476418495178
"species_hist_ice_extrap_only",112.700188568115,0.989626443386078
"species_hist_ice_extrap_only",112.835699816894,0.989776468276978
"species_hist_ice_extrap_only",112.971211065674,0.989825278520584
"species_hist_ice_extrap_only",113.106722314453,0.989874088764191
"species_hist_ice_extrap_only",113.242233563232,0.989874088764191
"species_hist_ice_extrap_only",113.377744812012,0.989874088764191
"species_hist_ice_extrap_only",113.513256060791,0.989874088764191
"species_hist_ice_extrap_only",113.64876730957,0.989874088764191
"species_hist_ice_extrap_only",113.78427855835,0.989874088764191
"species_hist_ice_extrap_only",113.919789807129,0.989874088764191
"species_hist_ice_extrap_only",114.055301055908,0.989874088764191
"species_hist_ice_extrap_only",114.190812304687,0.989874088764191
"species_hist_ice_extrap_only",114.326323553467,0.989874088764191
"species_hist_ice_extrap_only",114.461834802246,0.989874088764191
"species_hist_ice_extrap_only",114.597346051025,0.989874088764191
"species_hist_ice_extrap_only",114.732857299805,0.989874088764191
"species_hist_ice_extrap_only",114.868368548584,0.989874088764191
"species_hist_ice_extrap_only",115.003879797363,0.989874088764191
"species_hist_ice_extrap_only",115.139391046143,0.989874088764191
"species_hist_ice_extrap_only",115.274902294922,0.989874088764191
"species_hist_ice_extrap_only",115.410413543701,0.989874088764191
"species_hist_ice_extrap_only",115.54592479248,0.989874088764191
"species_hist_ice_extrap_only",115.68143604126,0.989874088764191
"species_hist_ice_extrap_only",115.816947290039,0.989874088764191
"species_hist_ice_extrap_only",115.952458538818,0.989874088764191
"species_hist_ice_extrap_only",116.087969787598,0.989874088764191
"species_hist_ice_extrap_only",116.223481036377,0.989874088764191
"species_hist_ice_extrap_only",116.358992285156,0.989874088764191
"species_hist_ice_extrap_only",116.494503533935,0.989874088764191
"species_hist_ice_extrap_only",116.630014782715,0.989874088764191
"species_hist_ice_extrap_only",116.765526031494,0.989874088764191
"species_hist_ice_extrap_only",116.901037280273,0.989874088764191
"species_hist_ice_extrap_only",117.036548529053,0.989874088764191
"species_hist_ice_extrap_only",117.172059777832,0.989874088764191
"species_hist_ice_extrap_only",117.307571026611,0.989874088764191
"species_hist_ice_extrap_only",117.443082275391,0.989874088764191
"species_hist_ice_extrap_only",117.57859352417,0.989874088764191
"species_hist_ice_extrap_only",117.714104772949,0.989874088764191
"species_hist_ice_extrap_only",117.849616021728,0.989874088764191
"species_hist_ice_extrap_only",117.985127270508,0.989874088764191
"species_hist_ice_extrap_only",118.120638519287,0.989874088764191
"species_hist_ice_extrap_only",118.256149768066,0.989874088764191
"species_hist_ice_extrap_only",118.391661016846,0.989874088764191
"species_hist_ice_extrap_only",118.527172265625,0.989874088764191
"species_hist_ice_extrap_only",118.662683514404,0.989874088764191
"species_hist_ice_extrap_only",118.798194763184,0.989874088764191
"species_hist_ice_extrap_only",118.933706011963,0.989874088764191
"species_hist_ice_extrap_only",119.069217260742,0.989874088764191
"species_hist_ice_extrap_only",119.204728509521,0.989874088764191
"species_hist_ice_extrap_only",119.340239758301,0.989874088764191
"species_hist_ice_extrap_only",119.47575100708,0.989874088764191
"species_hist_ice_extrap_only",119.611262255859,0.989874088764191
"species_hist_ice_extrap_only",119.746773504639,0.989874088764191
"species_hist_ice_extrap_only",119.882284753418,0.989874088764191
"species_hist_ice_extrap_only",120.017796002197,0.989874088764191
"species_hist_ice_extrap_only",120.153307250976,0.989874088764191
"species_hist_ice_extrap_only",120.288818499756,0.989874088764191
"species_hist_ice_extrap_only",120.424329748535,0.989874088764191
"species_hist_ice_extrap_only",120.559840997314,0.989874088764191
"species_hist_ice_extrap_only",120.695352246094,0.989874088764191
"species_hist_ice_extrap_only",120.830863494873,0.989874088764191
"species_hist_ice_extrap_only",120.966374743652,0.989874088764191
"species_hist_ice_extrap_only",121.101885992432,0.989874088764191
"species_hist_ice_extrap_only",121.237397241211,0.989874088764191
"species_hist_ice_extrap_only",121.37290848999,0.989874088764191
"species_hist_ice_extrap_only",121.508419738769,0.989874088764191
"species_hist_ice_extrap_only",121.643930987549,0.989874088764191
"species_hist_ice_extrap_only",121.779442236328,0.989874088764191
"species_hist_ice_extrap_only",121.914953485107,0.989874088764191
"species_hist_ice_extrap_only",122.050464733887,0.989874088764191
"species_hist_ice_extrap_only",122.185975982666,0.989874088764191
"species_hist_ice_extrap_only",122.321487231445,0.989874088764191
"species_hist_ice_extrap_only",122.456998480225,0.989874088764191
"species_hist_ice_extrap_only",122.592509729004,0.989874088764191
"species_hist_ice_extrap_only",122.728020977783,0.989874088764191
"species_hist_ice_extrap_only",122.863532226562,0.989874088764191
"species_hist_ice_extrap_only",122.999043475342,0.989874088764191
"species_hist_ice_extrap_only",123.134554724121,0.989874088764191
"species_hist_ice_extrap_only",123.2700659729,0.989874088764191
"species_hist_ice_extrap_only",123.40557722168,0.989874088764191
"species_hist_ice_extrap_only",123.541088470459,0.989874088764191
"species_hist_ice_extrap_only",123.676599719238,0.989874088764191
"species_hist_ice_extrap_only",123.812110968018,0.989874088764191
"species_hist_ice_extrap_only",123.947622216797,0.989874088764191
"species_hist_ice_extrap_only",124.083133465576,0.989874088764191
"species_hist_ice_extrap_only",124.218644714355,0.989874088764191
"species_hist_ice_extrap",-11.2926040649414,0.835930156707764
"species_hist_ice_extrap",-11.1570928161621,0.835930156707764
"species_hist_ice_extrap",-11.0215815673828,0.835930156707764
"species_hist_ice_extrap",-10.8860703186035,0.835930156707764
"species_hist_ice_extrap",-10.7505590698242,0.835930156707764
"species_hist_ice_extrap",-10.6150478210449,0.835930156707764
"species_hist_ice_extrap",-10.4795365722656,0.835930156707764
"species_hist_ice_extrap",-10.3440253234863,0.835930156707764
"species_hist_ice_extrap",-10.208514074707,0.835930156707764
"species_hist_ice_extrap",-10.0730028259277,0.835930156707764
"species_hist_ice_extrap",-9.93749157714843,0.835930156707764
"species_hist_ice_extrap",-9.80198032836914,0.835930156707764
"species_hist_ice_extrap",-9.66646907958984,0.835930156707764
"species_hist_ice_extrap",-9.53095783081054,0.835930156707764
"species_hist_ice_extrap",-9.39544658203124,0.835930156707764
"species_hist_ice_extrap",-9.25993533325195,0.835930156707764
"species_hist_ice_extrap",-9.12442408447265,0.835930156707764
"species_hist_ice_extrap",-8.98891283569336,0.835930156707764
"species_hist_ice_extrap",-8.85340158691406,0.835930156707764
"species_hist_ice_extrap",-8.71789033813476,0.835930156707764
"species_hist_ice_extrap",-8.58237908935546,0.835930156707764
"species_hist_ice_extrap",-8.44686784057617,0.835930156707764
"species_hist_ice_extrap",-8.31135659179687,0.835930156707764
"species_hist_ice_extrap",-8.17584534301757,0.835930156707764
"species_hist_ice_extrap",-8.04033409423828,0.835930156707764
"species_hist_ice_extrap",-7.90482284545898,0.835930156707764
"species_hist_ice_extrap",-7.76931159667968,0.835930156707764
"species_hist_ice_extrap",-7.63380034790039,0.835930156707764
"species_hist_ice_extrap",-7.49828909912109,0.835930156707764
"species_hist_ice_extrap",-7.36277785034179,0.835930156707764
"species_hist_ice_extrap",-7.2272666015625,0.835930156707764
"species_hist_ice_extrap",-7.0917553527832,0.835930156707764
"species_hist_ice_extrap",-6.9562441040039,0.835930156707764
"species_hist_ice_extrap",-6.82073285522461,0.835930156707764
"species_hist_ice_extrap",-6.68522160644531,0.835930156707764
"species_hist_ice_extrap",-6.54971035766601,0.835930156707764
"species_hist_ice_extrap",-6.41419910888672,0.835930156707764
"species_hist_ice_extrap",-6.27868786010742,0.835930156707764
"species_hist_ice_extrap",-6.14317661132812,0.835930156707764
"species_hist_ice_extrap",-6.00766536254882,0.835930156707764
"species_hist_ice_extrap",-5.87215411376953,0.835930156707764
"species_hist_ice_extrap",-5.73664286499023,0.835930156707764
"species_hist_ice_extrap",-5.60113161621094,0.835930156707764
"species_hist_ice_extrap",-5.46562036743164,0.835930156707764
"species_hist_ice_extrap",-5.33010911865234,0.835930156707764
"species_hist_ice_extrap",-5.19459786987304,0.835930156707764
"species_hist_ice_extrap",-5.05908662109375,0.835930156707764
"species_hist_ice_extrap",-4.92357537231445,0.835930156707764
"species_hist_ice_extrap",-4.78806412353515,0.835930156707764
"species_hist_ice_extrap",-4.65255287475586,0.835930156707764
"species_hist_ice_extrap",-4.51704162597656,0.835930156707764
"species_hist_ice_extrap",-4.38153037719726,0.835930156707764
"species_hist_ice_extrap",-4.24601912841797,0.835930156707764
"species_hist_ice_extrap",-4.11050787963867,0.835930156707764
"species_hist_ice_extrap",-3.97499663085937,0.835930156707764
"species_hist_ice_extrap",-3.83948538208008,0.835930156707764
"species_hist_ice_extrap",-3.70397413330078,0.835930156707764
"species_hist_ice_extrap",-3.56846288452148,0.835930156707764
"species_hist_ice_extrap",-3.43295163574219,0.835930156707764
"species_hist_ice_extrap",-3.29744038696289,0.835930156707764
"species_hist_ice_extrap",-3.16192913818359,0.835930156707764
"species_hist_ice_extrap",-3.0264178894043,0.835930156707764
"species_hist_ice_extrap",-2.890906640625,0.835930156707764
"species_hist_ice_extrap",-2.7553953918457,0.835930156707764
"species_hist_ice_extrap",-2.61988414306641,0.835930156707764
"species_hist_ice_extrap",-2.48437289428711,0.835930156707764
"species_hist_ice_extrap",-2.34886164550781,0.835930156707764
"species_hist_ice_extrap",-2.21335039672851,0.835930156707764
"species_hist_ice_extrap",-2.07783914794922,0.835930156707764
"species_hist_ice_extrap",-1.94232789916992,0.835930156707764
"species_hist_ice_extrap",-1.80681665039062,0.835930156707764
"species_hist_ice_extrap",-1.67130540161133,0.835930156707764
"species_hist_ice_extrap",-1.53579415283203,0.835930156707764
"species_hist_ice_extrap",-1.40028290405273,0.835930156707764
"species_hist_ice_extrap",-1.26477165527344,0.835930156707764
"species_hist_ice_extrap",-1.12926040649414,0.835930156707764
"species_hist_ice_extrap",-0.993749157714843,0.835930156707764
"species_hist_ice_extrap",-0.858237908935546,0.835930156707764
"species_hist_ice_extrap",-0.722726660156249,0.835930156707764
"species_hist_ice_extrap",-0.587215411376954,0.835930156707764
"species_hist_ice_extrap",-0.451704162597656,0.835930156707764
"species_hist_ice_extrap",-0.316192913818359,0.835930156707764
"species_hist_ice_extrap",-0.180681665039062,0.835930156707764
"species_hist_ice_extrap",-0.045170416259765,0.835387276220346
"species_hist_ice_extrap",0.0903408325195301,0.834835175620712
"species_hist_ice_extrap",0.225852081298829,0.833173564938696
"species_hist_ice_extrap",0.361363330078124,0.831511496157925
"species_hist_ice_extrap",0.496874578857422,0.82982075179198
"species_hist_ice_extrap",0.632385827636719,0.828129200100994
"species_hist_ice_extrap",0.767897076416014,0.826409034737634
"species_hist_ice_extrap",0.903408325195313,0.824687706632425
"species_hist_ice_extrap",1.03891957397461,0.822937874479554
"species_hist_ice_extrap",1.17443082275391,0.821186522014799
"species_hist_ice_extrap",1.3099420715332,0.819406759802654
"species_hist_ice_extrap",1.4454533203125,0.817625115671293
"species_hist_ice_extrap",1.5809645690918,0.815815172051041
"species_hist_ice_extrap",1.71647581787109,0.8140029834239
"species_hist_ice_extrap",1.85198706665039,0.812162643011361
"species_hist_ice_extrap",1.98749831542969,0.810319685353049
"species_hist_ice_extrap",2.12300956420898,0.808448720439383
"species_hist_ice_extrap",2.25852081298828,0.806574771289548
"species_hist_ice_extrap",2.39403206176758,0.804672984573834
"species_hist_ice_extrap",2.52954331054687,0.80276784044103
"species_hist_ice_extrap",2.66505455932617,0.800835052301872
"species_hist_ice_extrap",2.80056580810547,0.798898530334867
"species_hist_ice_extrap",2.93607705688476,0.796934549229943
"species_hist_ice_extrap",3.07158830566406,0.794966463807784
"species_hist_ice_extrap",3.20709955444336,0.792971158203145
"species_hist_ice_extrap",3.34261080322266,0.790971376176965
"species_hist_ice_extrap",3.47812205200195,0.788944590696806
"species_hist_ice_extrap",3.61363330078125,0.786912944309751
"species_hist_ice_extrap",3.74914454956054,0.784854570858251
"species_hist_ice_extrap",3.88465579833984,0.782790971931838
"species_hist_ice_extrap",4.02016704711914,0.780700883665213
"species_hist_ice_extrap",4.15567829589843,0.778605244006386
"species_hist_ice_extrap",4.29118954467773,0.776483035096209
"species_hist_ice_extrap",4.42670079345703,0.774355640169306
"species_hist_ice_extrap",4.56221204223633,0.772201232293883
"species_hist_ice_extrap",4.69772329101562,0.770041998450537
"species_hist_ice_extrap",4.83323453979492,0.767855382397768
"species_hist_ice_extrap",4.96874578857422,0.765664316002172
"species_hist_ice_extrap",5.10425703735352,0.763445476940435
"species_hist_ice_extrap",5.23976828613281,0.761222547988402
"species_hist_ice_extrap",5.37527953491211,0.758971497009367
"species_hist_ice_extrap",5.5107907836914,0.756716729746486
"species_hist_ice_extrap",5.6463020324707,0.754433492710661
"species_hist_ice_extrap",5.78181328125,0.752146911382518
"species_hist_ice_extrap",5.91732453002929,0.749831588530286
"species_hist_ice_extrap",6.05283577880859,0.747513295070373
"species_hist_ice_extrap",6.18834702758789,0.745165960955281
"species_hist_ice_extrap",6.32385827636719,0.742816027494766
"species_hist_ice_extrap",6.45936952514648,0.740436804354078
"species_hist_ice_extrap",6.59488077392578,0.738055350707846
"species_hist_ice_extrap",6.73039202270508,0.735644394646638
"species_hist_ice_extrap",6.86590327148437,0.733231576594225
"species_hist_ice_extrap",7.00141452026367,0.730789067481246
"species_hist_ice_extrap",7.13692576904296,0.728345065047775
"species_hist_ice_extrap",7.27243701782226,0.725871223515695
"species_hist_ice_extrap",7.40794826660156,0.723396252489076
"species_hist_ice_extrap",7.54345951538086,0.720891312459056
"species_hist_ice_extrap",7.67897076416015,0.7183856001444
"species_hist_ice_extrap",7.81448201293945,0.715849850355768
"species_hist_ice_extrap",7.94999326171875,0.713313684672154
"species_hist_ice_extrap",8.08550451049804,0.710747402058703
"species_hist_ice_extrap",8.22101575927734,0.708180776053141
"species_hist_ice_extrap",8.35652700805663,0.70558460173858
"species_hist_ice_extrap",8.49203825683593,0.702987814835777
"species_hist_ice_extrap",8.62754950561523,0.700362175271788
"species_hist_ice_extrap",8.76306075439453,0.697735595316534
"species_hist_ice_extrap",8.89857200317382,0.695080891872889
"species_hist_ice_extrap",9.03408325195312,0.692424926772817
"species_hist_ice_extrap",9.16959450073242,0.689741578498811
"species_hist_ice_extrap",9.30510574951171,0.687056660391741
"species_hist_ice_extrap",9.44061699829101,0.684345152507376
"species_hist_ice_extrap",9.57612824707031,0.681631771614442
"species_hist_ice_extrap",9.7116394958496,0.678892582975526
"species_hist_ice_extrap",9.8471507446289,0.676151234470892
"species_hist_ice_extrap",9.9826619934082,0.673384910103936
"species_hist_ice_extrap",10.1181732421875,0.67061614635944
"species_hist_ice_extrap",10.2536844909668,0.667823243010019
"species_hist_ice_extrap",10.3891957397461,0.665027637571511
"species_hist_ice_extrap",10.5247069885254,0.662208754112182
"species_hist_ice_extrap",10.6602182373047,0.659386913197543
"species_hist_ice_extrap",10.795729486084,0.656542690022248
"species_hist_ice_extrap",10.9312407348633,0.653695277610917
"species_hist_ice_extrap",11.0667519836426,0.650826373600587
"species_hist_ice_extrap",11.2022632324219,0.647954056726278
"species_hist_ice_extrap",11.3377744812012,0.645061178243696
"species_hist_ice_extrap",11.4732857299805,0.642164680551385
"species_hist_ice_extrap",11.6087969787598,0.639248546082126
"species_hist_ice_extrap",11.7443082275391,0.636328598976743
"species_hist_ice_extrap",11.8798194763184,0.633389974690098
"species_hist_ice_extrap",12.0153307250976,0.630447369215806
"species_hist_ice_extrap",12.1508419738769,0.627486897550734
"species_hist_ice_extrap",12.2863532226562,0.624522574711679
"species_hist_ice_extrap",12.4218644714355,0.62154099133779
"species_hist_ice_extrap",12.5573757202148,0.618555918116754
"species_hist_ice_extrap",12.6928869689941,0.615554089641084
"species_hist_ice_extrap",12.8283982177734,0.612549128382248
"species_hist_ice_extrap",12.9639094665527,0.609527937828288
"species_hist_ice_extrap",13.099420715332,0.606503950673971
"species_hist_ice_extrap",13.2349319641113,0.603464340632653
"species_hist_ice_extrap",13.3704432128906,0.600422267816806
"species_hist_ice_extrap",13.5059544616699,0.597365187334957
"species_hist_ice_extrap",13.6414657104492,0.594305944442213
"species_hist_ice_extrap",13.7769769592285,0.591232381211223
"species_hist_ice_extrap",13.9124882080078,0.588156962523442
"species_hist_ice_extrap",14.0479994567871,0.585067909147469
"species_hist_ice_extrap",14.1835107055664,0.581977278538596
"species_hist_ice_extrap",14.3190219543457,0.578873776390411
"species_hist_ice_extrap",14.454533203125,0.575768963703229
"species_hist_ice_extrap",14.5900444519043,0.572652069265388
"species_hist_ice_extrap",14.7255557006836,0.569534110101279
"species_hist_ice_extrap",14.8610669494629,0.566404889508649
"species_hist_ice_extrap",14.9965781982422,0.563274837955985
"species_hist_ice_extrap",15.1320894470215,0.56013438000491
"species_hist_ice_extrap",15.2676006958008,0.556993301669259
"species_hist_ice_extrap",15.4031119445801,0.553842731363584
"species_hist_ice_extrap",15.5386231933594,0.550691733775633
"species_hist_ice_extrap",15.6741344421387,0.547532164625695
"species_hist_ice_extrap",15.809645690918,0.544372344000796
"species_hist_ice_extrap",15.9451569396973,0.541204930142492
"species_hist_ice_extrap",16.0806681884766,0.538037382351995
"species_hist_ice_extrap",16.2161794372559,0.534863282948741
"species_hist_ice_extrap",16.3516906860351,0.531689035307916
"species_hist_ice_extrap",16.4872019348144,0.528509519511869
"species_hist_ice_extrap",16.6227131835937,0.525329764454196
"species_hist_ice_extrap",16.758224432373,0.522145973184191
"species_hist_ice_extrap",16.8937356811523,0.518961872105948
"species_hist_ice_extrap",17.0292469299316,0.515774969920814
"species_hist_ice_extrap",17.1647581787109,0.51258770837478
"species_hist_ice_extrap",17.3002694274902,0.509398847912416
"species_hist_ice_extrap",17.4357806762695,0.506209603793292
"species_hist_ice_extrap",17.5712919250488,0.50301996789765
"species_hist_ice_extrap",17.7068031738281,0.499829944123102
"species_hist_ice_extrap",17.8423144226074,0.496640673713018
"species_hist_ice_extrap",17.9778256713867,0.493451033003289
"species_hist_ice_extrap",18.113336920166,0.490263289859224
"species_hist_ice_extrap",18.2488481689453,0.487075219138802
"species_hist_ice_extrap",18.3843594177246,0.483890189084939
"species_hist_ice_extrap",18.5198706665039,0.480704889294187
"species_hist_ice_extrap",18.6553819152832,0.477523707087032
"species_hist_ice_extrap",18.7908931640625,0.474342346426631
"species_hist_ice_extrap",18.9264044128418,0.471166168289911
"species_hist_ice_extrap",19.0619156616211,0.467989924123014
"species_hist_ice_extrap",19.1974269104004,0.464819918100451
"species_hist_ice_extrap",19.3329381591797,0.461649969089542
"species_hist_ice_extrap",19.468449407959,0.458487210332998
"species_hist_ice_extrap",19.6039606567383,0.455324668707684
"species_hist_ice_extrap",19.7394719055176,0.452170310460653
"species_hist_ice_extrap",19.8749831542969,0.449016338468269
"species_hist_ice_extrap",20.0104944030762,0.445871477449513
"species_hist_ice_extrap",20.1460056518555,0.442727198166541
"species_hist_ice_extrap",20.2815169006348,0.439594835799228
"species_hist_ice_extrap",20.417028149414,0.436489503040487
"species_hist_ice_extrap",20.5525393981933,0.433395378651076
"species_hist_ice_extrap",20.6880506469726,0.430303230523035
"species_hist_ice_extrap",20.8235618957519,0.427223056240189
"species_hist_ice_extrap",20.9590731445312,0.424143665699394
"species_hist_ice_extrap",21.0945843933105,0.421077230264368
"species_hist_ice_extrap",21.2300956420898,0.418011621294072
"species_hist_ice_extrap",21.3656068908691,0.414959907048251
"species_hist_ice_extrap",21.5011181396484,0.411909040945893
"species_hist_ice_extrap",21.6366293884277,0.408873044425297
"species_hist_ice_extrap",21.772140637207,0.405837897288549
"species_hist_ice_extrap",21.9076518859863,0.40281856365872
"species_hist_ice_extrap",22.0431631347656,0.399800060820372
"species_hist_ice_extrap",22.1786743835449,0.396869310901214
"species_hist_ice_extrap",22.3141856323242,0.393939361269247
"species_hist_ice_extrap",22.4496968811035,0.391050009266442
"species_hist_ice_extrap",22.5852081298828,0.388161401361592
"species_hist_ice_extrap",22.7207193786621,0.385289675759809
"species_hist_ice_extrap",22.8562306274414,0.382418619647047
"species_hist_ice_extrap",22.9917418762207,0.379565238259923
"species_hist_ice_extrap",23.127253125,0.376712435653687
"species_hist_ice_extrap",23.2627643737793,0.373878177160689
"species_hist_ice_extrap",23.3982756225586,0.371044389380063
"species_hist_ice_extrap",23.5337868713379,0.36822997022857
"species_hist_ice_extrap",23.6692981201172,0.365415895906829
"species_hist_ice_extrap",23.8048093688965,0.362622008297688
"species_hist_ice_extrap",23.9403206176758,0.359828321923451
"species_hist_ice_extrap",24.0758318664551,0.357055644322631
"species_hist_ice_extrap",24.2113431152344,0.354283142261307
"species_hist_ice_extrap",24.3468543640137,0.351532172306097
"species_hist_ice_extrap",24.482365612793,0.348781527080772
"species_hist_ice_extrap",24.6178768615723,0.346052846551267
"species_hist_ice_extrap",24.7533881103516,0.343324696620874
"species_hist_ice_extrap",24.8888993591308,0.340618845693378
"species_hist_ice_extrap",25.0244106079101,0.337913746172221
"species_hist_ice_extrap",25.1599218566894,0.335254475071714
"species_hist_ice_extrap",25.2954331054687,0.332596190163445
"species_hist_ice_extrap",25.430944354248,0.330078947441173
"species_hist_ice_extrap",25.5664556030273,0.327562935586531
"species_hist_ice_extrap",25.7019668518066,0.325279473902035
"species_hist_ice_extrap",25.8374781005859,0.323017367290797
"species_hist_ice_extrap",25.9729893493652,0.321171280314841
"species_hist_ice_extrap",26.1085005981445,0.319459673662734
"species_hist_ice_extrap",26.2440118469238,0.318363941672689
"species_hist_ice_extrap",26.3795230957031,0.317370130531394
"species_hist_ice_extrap",26.5150343444824,0.316459201859048
"species_hist_ice_extrap",26.6505455932617,0.31558141353329
"species_hist_ice_extrap",26.786056842041,0.314729535547046
"species_hist_ice_extrap",26.9215680908203,0.31387769663017
"species_hist_ice_extrap",27.0570793395996,0.313039109316264
"species_hist_ice_extrap",27.1925905883789,0.312200567077678
"species_hist_ice_extrap",27.3281018371582,0.311655162027977
"species_hist_ice_extrap",27.4636130859375,0.31110980074053
"species_hist_ice_extrap",27.5991243347168,0.310735328626735
"species_hist_ice_extrap",27.7346355834961,0.310360909259128
"species_hist_ice_extrap",27.8701468322754,0.310005646659829
"species_hist_ice_extrap",28.0056580810547,0.30965043468619
"species_hist_ice_extrap",28.141169329834,0.309297765499483
"species_hist_ice_extrap",28.2766805786133,0.30894515297998
"species_hist_ice_extrap",28.4121918273926,0.308634090307698
"species_hist_ice_extrap",28.5477030761719,0.308323077686568
"species_hist_ice_extrap",28.6832143249512,0.308091691515487
"species_hist_ice_extrap",28.8187255737305,0.307860354340745
"species_hist_ice_extrap",28.9542368225097,0.307684524043196
"species_hist_ice_extrap",29.089748071289,0.307508734152771
"species_hist_ice_extrap",29.2252593200683,0.307349176922615
"species_hist_ice_extrap",29.3607705688476,0.307189661017932
"species_hist_ice_extrap",29.4962818176269,0.307057043771895
"species_hist_ice_extrap",29.6317930664062,0.306924462042737
"species_hist_ice_extrap",29.7673043151855,0.306879787959721
"species_hist_ice_extrap",29.9028155639648,0.306835145760017
"species_hist_ice_extrap",30.0383268127441,0.306899061888974
"species_hist_ice_extrap",30.1738380615234,0.306963006267673
"species_hist_ice_extrap",30.3093493103027,0.307027534547726
"species_hist_ice_extrap",30.444860559082,0.307092088811519
"species_hist_ice_extrap",30.5803718078613,0.30715722698117
"species_hist_ice_extrap",30.7158830566406,0.307222384967726
"species_hist_ice_extrap",30.8513943054199,0.307288134526503
"species_hist_ice_extrap",30.9869055541992,0.307353902398153
"species_hist_ice_extrap",31.1224168029785,0.307420262697224
"species_hist_ice_extrap",31.2579280517578,0.307486637473735
"species_hist_ice_extrap",31.3934393005371,0.307553612411678
"species_hist_ice_extrap",31.5289505493164,0.307620596871418
"species_hist_ice_extrap",31.6644617980957,0.307688181429444
"species_hist_ice_extrap",31.799973046875,0.307755772794045
"species_hist_ice_extrap",31.9354842956543,0.307823971183485
"species_hist_ice_extrap",32.0709955444336,0.307892173095606
"species_hist_ice_extrap",32.2065067932129,0.307960989988993
"species_hist_ice_extrap",32.3420180419922,0.308029811582105
"species_hist_ice_extrap",32.4775292907715,0.308099241340817
"species_hist_ice_extrap",32.6130405395508,0.308168678736251
"species_hist_ice_extrap",32.7485517883301,0.308238718178191
"species_hist_ice_extrap",32.8840630371094,0.308308769990724
"species_hist_ice_extrap",33.0195742858887,0.308379425278222
"species_hist_ice_extrap",33.155085534668,0.308450095918797
"species_hist_ice_extrap",33.2905967834472,0.308521363970689
"species_hist_ice_extrap",33.4261080322265,0.308592652064039
"species_hist_ice_extrap",33.5616192810058,0.30866453894172
"species_hist_ice_extrap",33.6971305297851,0.308736447182936
"species_hist_ice_extrap",33.8326417785644,0.308808946724078
"species_hist_ice_extrap",33.9681530273437,0.308881473977545
"species_hist_ice_extrap",34.103664276123,0.308954595324709
"species_hist_ice_extrap",34.2391755249023,0.309027746559224
"species_hist_ice_extrap",34.3746867736816,0.309101483651013
"species_hist_ice_extrap",34.5101980224609,0.309175256125994
"species_hist_ice_extrap",34.6457092712402,0.309249615023806
"species_hist_ice_extrap",34.7812205200195,0.309324011076104
"species_hist_ice_extrap",34.9167317687988,0.309398988698773
"species_hist_ice_extrap",35.0522430175781,0.309474007109498
"species_hist_ice_extrap",35.1877542663574,0.309549603457024
"species_hist_ice_extrap",35.3232655151367,0.309625244226175
"species_hist_ice_extrap",35.458776763916,0.309701465259023
"species_hist_ice_extrap",35.5942880126953,0.309777737016797
"species_hist_ice_extrap",35.7297992614746,0.309854579855668
"species_hist_ice_extrap",35.8653105102539,0.309931471511701
"species_hist_ice_extrap",36.0008217590332,0.310008938934962
"species_hist_ice_extrap",36.1363330078125,0.310086467827476
"species_hist_ice_extrap",36.2718442565918,0.310164563438692
"species_hist_ice_extrap",36.4073555053711,0.31024270812894
"species_hist_ice_extrap",36.5428667541504,0.310321435528537
"species_hist_ice_extrap",36.6783780029297,0.310400213945736
"species_hist_ice_extrap",36.813889251709,0.310479566388896
"species_hist_ice_extrap",36.9494005004883,0.310558963530952
"species_hist_ice_extrap",37.0849117492676,0.310638951053225
"species_hist_ice_extrap",37.2204229980469,0.310718981922232
"species_hist_ice_extrap",37.3559342468262,0.310799600044802
"species_hist_ice_extrap",37.4914454956055,0.310880255599132
"species_hist_ice_extrap",37.6269567443847,0.310961508001057
"species_hist_ice_extrap",37.762467993164,0.311042794201173
"species_hist_ice_extrap",37.8979792419433,0.311124679307572
"species_hist_ice_extrap",38.0334904907226,0.311206596254407
"species_hist_ice_extrap",38.1690017395019,0.311289118688989
"species_hist_ice_extrap",38.3045129882812,0.311371666180678
"species_hist_ice_extrap",38.4400242370605,0.311454822058599
"species_hist_ice_extrap",38.5755354858398,0.311538003378172
"species_hist_ice_extrap",38.7110467346191,0.311621797048898
"species_hist_ice_extrap",38.8465579833984,0.311705608913325
"species_hist_ice_extrap",38.9820692321777,0.311790035025768
"species_hist_ice_extrap",39.117580480957,0.311874477636914
"species_hist_ice_extrap",39.2530917297363,0.31195955323267
"species_hist_ice_extrap",39.3886029785156,0.312044641491696
"species_hist_ice_extrap",39.5241142272949,0.312130349416754
"species_hist_ice_extrap",39.6596254760742,0.312216065240401
"species_hist_ice_extrap",39.7951367248535,0.312302418577468
"species_hist_ice_extrap",39.9306479736328,0.312388777169696
"species_hist_ice_extrap",40.0661592224121,0.312475768251827
"species_hist_ice_extrap",40.2016704711914,0.312562763047605
"species_hist_ice_extrap",40.3371817199707,0.312650394852335
"species_hist_ice_extrap",40.47269296875,0.312738032828125
"species_hist_ice_extrap",40.6082042175293,0.312826307199571
"species_hist_ice_extrap",40.7437154663086,0.312914591920346
"species_hist_ice_extrap",40.8792267150879,0.31300350895944
"species_hist_ice_extrap",41.0147379638672,0.313092439436729
"species_hist_ice_extrap",41.1502492126465,0.313181996062306
"species_hist_ice_extrap",41.2857604614258,0.313271570708079
"species_hist_ice_extrap",41.4212717102051,0.313361772981536
"species_hist_ice_extrap",41.5567829589843,0.313451995960326
"species_hist_ice_extrap",41.6922942077637,0.313542834840034
"species_hist_ice_extrap",41.827805456543,0.313633698058643
"species_hist_ice_extrap",41.9633167053222,0.313725188445763
"species_hist_ice_extrap",42.0988279541015,0.313816708359379
"species_hist_ice_extrap",42.2343392028808,0.313908844394379
"species_hist_ice_extrap",42.3698504516601,0.314001012035417
"species_hist_ice_extrap",42.5053617004394,0.314093793617365
"species_hist_ice_extrap",42.6408729492187,0.314186612396675
"species_hist_ice_extrap",42.776384197998,0.314280045586967
"species_hist_ice_extrap",42.9118954467773,0.314373517650434
"species_hist_ice_extrap",43.0474066955566,0.314467599367907
"species_hist_ice_extrap",43.1829179443359,0.314561723592122
"species_hist_ice_extrap",43.3184291931152,0.31465644787631
"species_hist_ice_extrap",43.4539404418945,0.31475122086416
"species_hist_ice_extrap",43.5894516906738,0.314846605697389
"species_hist_ice_extrap",43.7249629394531,0.314942043069713
"species_hist_ice_extrap",43.8604741882324,0.315038076531055
"species_hist_ice_extrap",43.9959854370117,0.315134163399844
"species_hist_ice_extrap",44.131496685791,0.315230852928882
"species_hist_ice_extrap",44.2670079345703,0.315327596338832
"species_hist_ice_extrap",44.4025191833496,0.31542494725896
"species_hist_ice_extrap",44.5380304321289,0.315522351217952
"species_hist_ice_extrap",44.6735416809082,0.315620357581858
"species_hist_ice_extrap",44.8090529296875,0.315718413149195
"species_hist_ice_extrap",44.9445641784668,0.3158170832042
"species_hist_ice_extrap",45.0800754272461,0.315915796239413
"species_hist_ice_extrap",45.2155866760254,0.316015121435399
"species_hist_ice_extrap",45.3510979248047,0.316114485978024
"species_hist_ice_extrap",45.486609173584,0.316214479333024
"species_hist_ice_extrap",45.6221204223633,0.316314510385156
"species_hist_ice_extrap",45.7576316711426,0.316415162164166
"species_hist_ice_extrap",45.8931429199218,0.316515847804874
"species_hist_ice_extrap",46.0286541687011,0.316617171408221
"species_hist_ice_extrap",46.1641654174804,0.316718523457502
"species_hist_ice_extrap",46.2996766662597,0.316820505182062
"species_hist_ice_extrap",46.435187915039,0.316922511718987
"species_hist_ice_extrap",46.5706991638183,0.317025165390253
"species_hist_ice_extrap",46.7062104125976,0.317127841416917
"species_hist_ice_extrap",46.8417216613769,0.31723116245289
"species_hist_ice_extrap",46.9772329101562,0.317334502008827
"species_hist_ice_extrap",47.1127441589355,0.317438491081444
"species_hist_ice_extrap",47.2482554077148,0.317542494065723
"species_hist_ice_extrap",47.3837666564941,0.317647150200249
"species_hist_ice_extrap",47.5192779052734,0.317751816612869
"species_hist_ice_extrap",47.6547891540527,0.317857148213586
"species_hist_ice_extrap",47.790300402832,0.317962487197109
"species_hist_ice_extrap",47.9258116516113,0.318068486598015
"species_hist_ice_extrap",48.0613229003906,0.31817448963249
"species_hist_ice_extrap",48.1968341491699,0.318281167393624
"species_hist_ice_extrap",48.3323453979492,0.318387849647392
"species_hist_ice_extrap",48.4678566467285,0.318495193918032
"species_hist_ice_extrap",48.6033678955078,0.31860254607842
"species_hist_ice_extrap",48.7388791442871,0.318710562718097
"species_hist_ice_extrap",48.8743903930664,0.318818591521275
"species_hist_ice_extrap",49.0099016418457,0.318927280630923
"species_hist_ice_extrap",49.145412890625,0.319035985739505
"species_hist_ice_extrap",49.2809241394043,0.319145353279587
"species_hist_ice_extrap",49.4164353881836,0.319254739610123
"species_hist_ice_extrap",49.5519466369629,0.319364773558779
"species_hist_ice_extrap",49.6874578857422,0.319474831177235
"species_hist_ice_extrap",49.8229691345215,0.31958554951679
"species_hist_ice_extrap",49.9584803833008,0.319696295361579
"species_hist_ice_extrap",50.0939916320801,0.319807689151337
"species_hist_ice_extrap",50.2295028808594,0.319919112632252
"species_hist_ice_extrap",50.3650141296386,0.32003118177128
"species_hist_ice_extrap",50.5005253784179,0.320143286086407
"species_hist_ice_extrap",50.6360366271972,0.320256036636103
"species_hist_ice_extrap",50.7715478759765,0.320368824144092
"species_hist_ice_extrap",50.9070591247558,0.320482253023289
"species_hist_ice_extrap",51.0425703735351,0.320595724749452
"species_hist_ice_extrap",51.1780816223144,0.320709835039317
"species_hist_ice_extrap",51.3135928710937,0.32082399201158
"species_hist_ice_extrap",51.449104119873,0.320938789672576
"species_hist_ice_extrap",51.5846153686523,0.321053635192571
"species_hist_ice_extrap",51.7201266174316,0.321169117143534
"species_hist_ice_extrap",51.8556378662109,0.321284653447762
"species_hist_ice_extrap",51.9911491149902,0.321400816809392
"species_hist_ice_extrap",52.1266603637695,0.32151703835972
"species_hist_ice_extrap",52.2621716125488,0.321633889410988
"species_hist_ice_extrap",52.3976828613281,0.321750792624482
"species_hist_ice_extrap",52.5331941101074,0.321868337944878
"species_hist_ice_extrap",52.6687053588867,0.321985934489967
"species_hist_ice_extrap",52.804216607666,0.322104171016928
"species_hist_ice_extrap",52.9397278564453,0.322222454933149
"species_hist_ice_extrap",53.0752391052246,0.322341387838281
"species_hist_ice_extrap",53.2107503540039,0.322460362004933
"species_hist_ice_extrap",53.3462616027832,0.322579984815046
"species_hist_ice_extrap",53.4817728515625,0.322699649433995
"species_hist_ice_extrap",53.6172841003418,0.322819969116403
"species_hist_ice_extrap",53.7527953491211,0.322940320904618
"species_hist_ice_extrap",53.8883065979004,0.323061338351586
"species_hist_ice_extrap",54.0238178466797,0.323182389532795
"species_hist_ice_extrap",54.159329095459,0.323304101256954
"species_hist_ice_extrap",54.2948403442383,0.323425839708361
"species_hist_ice_extrap",54.4303515930175,0.323548253075168
"species_hist_ice_extrap",54.5658628417968,0.323670690818635
"species_hist_ice_extrap",54.7013740905761,0.323793801352471
"species_hist_ice_extrap",54.8368853393554,0.323916932427534
"species_hist_ice_extrap",54.9723965881347,0.324040749847416
"species_hist_ice_extrap",55.107907836914,0.32416458309384
"species_hist_ice_extrap",55.2434190856933,0.324289099205275
"species_hist_ice_extrap",55.3789303344726,0.32441362886446
"species_hist_ice_extrap",55.5144415832519,0.324538846549724
"species_hist_ice_extrap",55.6499528320312,0.324664072318872
"species_hist_ice_extrap",55.7854640808105,0.324789994988092
"species_hist_ice_extrap",55.9209753295898,0.324915923130465
"species_hist_ice_extrap",56.0564865783691,0.325042555161301
"species_hist_ice_extrap",56.1919978271484,0.325169190897497
"species_hist_ice_extrap",56.3275090759277,0.325296523483523
"species_hist_ice_extrap",56.463020324707,0.325423862376353
"species_hist_ice_extrap",56.5985315734863,0.325551900214904
"species_hist_ice_extrap",56.7340428222656,0.325679948195693
"species_hist_ice_extrap",56.8695540710449,0.325808691286768
"species_hist_ice_extrap",57.0050653198242,0.325937448355515
"species_hist_ice_extrap",57.1405765686035,0.326066899679348
"species_hist_ice_extrap",57.2760878173828,0.326196367878753
"species_hist_ice_extrap",57.4115990661621,0.326326521373946
"species_hist_ice_extrap",57.5471103149414,0.326456696517676
"species_hist_ice_extrap",57.6826215637207,0.326587561225859
"species_hist_ice_extrap",57.8181328125,0.326718451418012
"species_hist_ice_extrap",57.9536440612793,0.326850024358952
"species_hist_ice_extrap",58.0891553100586,0.326981626619295
"species_hist_ice_extrap",58.2246665588379,0.327113910773224
"species_hist_ice_extrap",58.3601778076171,0.32724622808199
"species_hist_ice_extrap",58.4956890563965,0.327379223448908
"species_hist_ice_extrap",58.6312003051758,0.327512255806097
"species_hist_ice_extrap",58.766711553955,0.327645965366237
"species_hist_ice_extrap",58.9022228027343,0.327779713603359
"species_hist_ice_extrap",59.0377340515136,0.327914137255789
"species_hist_ice_extrap",59.173245300293,0.328048605569354
"species_hist_ice_extrap",59.3087565490722,0.328183743415006
"species_hist_ice_extrap",59.4442677978515,0.328318932309677
"species_hist_ice_extrap",59.5797790466308,0.328454790409947
"species_hist_ice_extrap",59.7152902954101,0.328590698087903
"species_hist_ice_extrap",59.8508015441894,0.328727270280462
"species_hist_ice_extrap",59.9863127929687,0.328863895684276
"species_hist_ice_extrap",60.121824041748,0.329001180526512
"species_hist_ice_extrap",60.2573352905273,0.329138525454422
"species_hist_ice_extrap",60.3928465393066,0.329276543250526
"species_hist_ice_extrap",60.5283577880859,0.329414614292587
"species_hist_ice_extrap",60.6638690368652,0.329553350117346
"species_hist_ice_extrap",60.7993802856445,0.329692135352628
"species_hist_ice_extrap",60.9348915344238,0.329831600444494
"species_hist_ice_extrap",61.0704027832031,0.329971108712763
"species_hist_ice_extrap",61.2059140319824,0.330111299259633
"species_hist_ice_extrap",61.3414252807617,0.330251533742984
"species_hist_ice_extrap",61.476936529541,0.330392452369824
"species_hist_ice_extrap",61.6124477783203,0.330533406905929
"species_hist_ice_extrap",61.7479590270996,0.330675053487394
"species_hist_ice_extrap",61.8834702758789,0.330816734137649
"species_hist_ice_extrap",62.0189815246582,0.330959107688466
"species_hist_ice_extrap",62.1544927734375,0.331101511472639
"species_hist_ice_extrap",62.2900040222168,0.331244619645072
"species_hist_ice_extrap",62.4255152709961,0.331387755604793
"species_hist_ice_extrap",62.5610265197754,0.331531593222509
"species_hist_ice_extrap",62.6965377685547,0.331675452215216
"species_hist_ice_extrap",62.832049017334,0.331820021575249
"species_hist_ice_extrap",62.9675602661133,0.331964609662339
"species_hist_ice_extrap",63.1030715148925,0.332109917912652
"species_hist_ice_extrap",63.2385827636718,0.332255241054589
"species_hist_ice_extrap",63.3740940124512,0.332401282234718
"species_hist_ice_extrap",63.5096052612304,0.332547334471038
"species_hist_ice_extrap",63.6451165100097,0.332694108580983
"species_hist_ice_extrap",63.780627758789,0.332840889911686
"species_hist_ice_extrap",63.9161390075683,0.332988402911911
"species_hist_ice_extrap",64.0516502563476,0.33313591974757
"species_hist_ice_extrap",64.1871615051269,0.333284171187968
"species_hist_ice_extrap",64.3226727539062,0.333432426913907
"species_hist_ice_extrap",64.4581840026855,0.333581416389384
"species_hist_ice_extrap",64.5936952514648,0.333730413985836
"species_hist_ice_extrap",64.7292065002441,0.333880132555696
"species_hist_ice_extrap",64.8647177490234,0.334029863081964
"species_hist_ice_extrap",65.0002289978027,0.334180325647368
"species_hist_ice_extrap",65.135740246582,0.334330804004613
"species_hist_ice_extrap",65.2712514953613,0.334482001624865
"species_hist_ice_extrap",65.4067627441406,0.33463321887239
"species_hist_ice_extrap",65.5422739929199,0.334785154527722
"species_hist_ice_extrap",65.6777852416992,0.33493711364576
"species_hist_ice_extrap",65.8132964904785,0.335089790316403
"species_hist_ice_extrap",65.9488077392578,0.335242495721931
"species_hist_ice_extrap",66.0843189880371,0.33539591648905
"species_hist_ice_extrap",66.2198302368164,0.335549366751134
"species_hist_ice_extrap",66.3553414855957,0.335703528432633
"species_hist_ice_extrap",66.490852734375,0.335857725083138
"species_hist_ice_extrap",66.6263639831543,0.336012630760181
"species_hist_ice_extrap",66.7618752319336,0.336167577284003
"species_hist_ice_extrap",66.8973864807129,0.33632322407729
"species_hist_ice_extrap",67.0328977294921,0.336478911266246
"species_hist_ice_extrap",67.1684089782714,0.336635304934377
"species_hist_ice_extrap",67.3039202270507,0.336791747523883
"species_hist_ice_extrap",67.43943147583,0.336948888268723
"species_hist_ice_extrap",67.5749427246093,0.337106079324302
"species_hist_ice_extrap",67.7104539733886,0.337263967044918
"species_hist_ice_extrap",67.8459652221679,0.337421908911706
"species_hist_ice_extrap",67.9814764709472,0.337580546588331
"species_hist_ice_extrap",68.1169877197265,0.337739242246561
"species_hist_ice_extrap",68.2524989685058,0.337898630173872
"species_hist_ice_extrap",68.3880102172851,0.338058073368402
"species_hist_ice_extrap",68.5235214660644,0.338218215087154
"species_hist_ice_extrap",68.6590327148437,0.338378408237692
"species_hist_ice_extrap",68.794543963623,0.338539303747887
"species_hist_ice_extrap",68.9300552124023,0.338700246854433
"species_hist_ice_extrap",69.0655664611816,0.33886189991426
"species_hist_ice_extrap",69.2010777099609,0.339023599038212
"species_hist_ice_extrap",69.3365889587402,0.339186004232631
"species_hist_ice_extrap",69.4721002075195,0.339348447251195
"species_hist_ice_extrap",69.6076114562988,0.339511617238331
"species_hist_ice_extrap",69.7431227050781,0.339674825214998
"species_hist_ice_extrap",69.8786339538574,0.339838744932588
"species_hist_ice_extrap",70.0141452026367,0.340002696904798
"species_hist_ice_extrap",70.149656451416,0.340167385314991
"species_hist_ice_extrap",70.2851677001953,0.340332102144371
"species_hist_ice_extrap",70.4206789489746,0.340497543153056
"species_hist_ice_extrap",70.5561901977539,0.340663010039377
"species_hist_ice_extrap",70.6917014465332,0.340829215074082
"species_hist_ice_extrap",70.8272126953125,0.340995440857108
"species_hist_ice_extrap",70.9627239440918,0.341162412393404
"species_hist_ice_extrap",71.0982351928711,0.341329399952435
"species_hist_ice_extrap",71.2337464416504,0.341497123802666
"species_hist_ice_extrap",71.3692576904296,0.341664861418638
"species_hist_ice_extrap",71.504768939209,0.341833360224734
"species_hist_ice_extrap",71.6402801879883,0.342001868759273
"species_hist_ice_extrap",71.7757914367675,0.342171122026857
"species_hist_ice_extrap",71.9113026855468,0.342340380416472
"species_hist_ice_extrap",72.0468139343261,0.342510408070806
"species_hist_ice_extrap",72.1823251831054,0.342680439643266
"species_hist_ice_extrap",72.3178364318847,0.342851224867921
"species_hist_ice_extrap",72.453347680664,0.343022016192287
"species_hist_ice_extrap",72.5888589294433,0.343193569254343
"species_hist_ice_extrap",72.7243701782226,0.343365132774447
"species_hist_ice_extrap",72.8598814270019,0.343537441853909
"species_hist_ice_extrap",72.9953926757812,0.343709763979181
"species_hist_ice_extrap",73.1309039245605,0.343882840795113
"species_hist_ice_extrap",73.2664151733398,0.34405593707032
"species_hist_ice_extrap",73.4019264221191,0.344229787885982
"species_hist_ice_extrap",73.5374376708984,0.344403659014593
"species_hist_ice_extrap",73.6729489196777,0.344578265645796
"species_hist_ice_extrap",73.808460168457,0.344752897553877
"species_hist_ice_extrap",73.9439714172363,0.344928272022482
"species_hist_ice_extrap",74.0794826660156,0.345103677135625
"species_hist_ice_extrap",74.2149939147949,0.345279819542564
"species_hist_ice_extrap",74.3505051635742,0.34545599663134
"species_hist_ice_extrap",74.4860164123535,0.345632915917311
"species_hist_ice_extrap",74.6215276611328,0.345809870050502
"species_hist_ice_extrap",74.7570389099121,0.345987545152013
"species_hist_ice_extrap",74.8925501586914,0.346165263009956
"species_hist_ice_extrap",75.0280614074707,0.346343717970731
"species_hist_ice_extrap",75.16357265625,0.346522219725236
"species_hist_ice_extrap",75.2990839050293,0.346701439644112
"species_hist_ice_extrap",75.4345951538086,0.346880705310915
"species_hist_ice_extrap",75.5701064025879,0.347060698926725
"species_hist_ice_extrap",75.7056176513671,0.347240747410862
"species_hist_ice_extrap",75.8411289001465,0.347421508965008
"species_hist_ice_extrap",75.9766401489258,0.347602329424777
"species_hist_ice_extrap",76.112151397705,0.347783869045619
"species_hist_ice_extrap",76.2476626464843,0.34796546293976
"species_hist_ice_extrap",76.3831738952636,0.348147777446565
"species_hist_ice_extrap",76.5186851440429,0.348330148219737
"species_hist_ice_extrap",76.6541963928222,0.348514259902064
"species_hist_ice_extrap",76.7897076416015,0.34869842381346
"species_hist_ice_extrap",76.9252188903808,0.348892557440713
"species_hist_ice_extrap",77.0607301391601,0.349086736850149
"species_hist_ice_extrap",77.1962413879394,0.349318048667265
"species_hist_ice_extrap",77.3317526367187,0.349549402431131
"species_hist_ice_extrap",77.467263885498,0.349909300216413
"species_hist_ice_extrap",77.6027751342773,0.35026923811887
"species_hist_ice_extrap",77.7382863830566,0.35082158023905
"species_hist_ice_extrap",77.8737976318359,0.351373956635113
"species_hist_ice_extrap",78.0093088806152,0.351990836956145
"species_hist_ice_extrap",78.1448201293945,0.352607749319755
"species_hist_ice_extrap",78.2803313781738,0.353254650914942
"species_hist_ice_extrap",78.4158426269531,0.353901579115146
"species_hist_ice_extrap",78.5513538757324,0.354600163690503
"species_hist_ice_extrap",78.6868651245117,0.355298771035444
"species_hist_ice_extrap",78.822376373291,0.356049714208087
"species_hist_ice_extrap",78.9578876220703,0.356800677311415
"species_hist_ice_extrap",79.0933988708496,0.357680348730863
"species_hist_ice_extrap",79.2289101196289,0.358560036043697
"species_hist_ice_extrap",79.3644213684082,0.359709094222794
"species_hist_ice_extrap",79.4999326171875,0.360858163665174
"species_hist_ice_extrap",79.6354438659667,0.362226058613582
"species_hist_ice_extrap",79.770955114746,0.36359832191999
"species_hist_ice_extrap",79.9064663635253,0.36529917664661
"species_hist_ice_extrap",80.0419776123046,0.367019071326124
"species_hist_ice_extrap",80.177488861084,0.368831487392534
"species_hist_ice_extrap",80.3130001098632,0.370644061659834
"species_hist_ice_extrap",80.4485113586425,0.372466181243825
"species_hist_ice_extrap",80.5840226074218,0.374288549906844
"species_hist_ice_extrap",80.7195338562011,0.376119736110267
"species_hist_ice_extrap",80.8550451049804,0.377951279740231
"species_hist_ice_extrap",80.9905563537597,0.38021711664883
"species_hist_ice_extrap",81.126067602539,0.382483406335386
"species_hist_ice_extrap",81.2615788513183,0.384933215050617
"species_hist_ice_extrap",81.3970901000976,0.387383576729971
"species_hist_ice_extrap",81.5326013488769,0.389862393005858
"species_hist_ice_extrap",81.6681125976562,0.392341839631308
"species_hist_ice_extrap",81.8036238464355,0.394835010021922
"species_hist_ice_extrap",81.9391350952148,0.397328884779787
"species_hist_ice_extrap",82.0746463439941,0.399835942249317
"species_hist_ice_extrap",82.2101575927734,0.402343759859203
"species_hist_ice_extrap",82.3456688415527,0.404864049011612
"species_hist_ice_extrap",82.481180090332,0.40738516879082
"species_hist_ice_extrap",82.6166913391113,0.409918288962867
"species_hist_ice_extrap",82.7522025878906,0.412452280622396
"species_hist_ice_extrap",82.8877138366699,0.41499756469898
"species_hist_ice_extrap",83.0232250854492,0.417543751030483
"species_hist_ice_extrap",83.1587363342285,0.420100722631367
"species_hist_ice_extrap",83.2942475830078,0.422658624466869
"species_hist_ice_extrap",83.4297588317871,0.425226595918125
"species_hist_ice_extrap",83.5652700805664,0.427795503516472
"species_hist_ice_extrap",83.7007813293457,0.430373986315067
"species_hist_ice_extrap",83.836292578125,0.43295343433931
"species_hist_ice_extrap",83.9718038269042,0.435541714695753
"species_hist_ice_extrap",84.1073150756836,0.43813094072976
"species_hist_ice_extrap",84.2428263244629,0.440728499116237
"species_hist_ice_extrap",84.3783375732421,0.443326901296189
"species_hist_ice_extrap",84.5138488220214,0.445933166243537
"species_hist_ice_extrap",84.6493600708007,0.448540151417347
"species_hist_ice_extrap",84.78487131958,0.451154344483056
"species_hist_ice_extrap",84.9203825683593,0.453769128801903
"species_hist_ice_extrap",85.0558938171386,0.45639070394972
"species_hist_ice_extrap",85.1914050659179,0.459012788200833
"species_hist_ice_extrap",85.3269163146972,0.46164096433667
"species_hist_ice_extrap",85.4624275634765,0.464269543910537
"species_hist_ice_extrap",85.5979388122558,0.466903751969472
"species_hist_ice_extrap",85.7334500610351,0.469538279061213
"species_hist_ice_extrap",85.8689613098144,0.472202246018194
"species_hist_ice_extrap",86.0044725585937,0.474896995221109
"species_hist_ice_extrap",86.139983807373,0.477671736725884
"species_hist_ice_extrap",86.2754950561523,0.480518987089333
"species_hist_ice_extrap",86.4110063049316,0.483369959320854
"species_hist_ice_extrap",86.5465175537109,0.486221112916986
"species_hist_ice_extrap",86.6820288024902,0.489075388228684
"species_hist_ice_extrap",86.8175400512695,0.491929737435785
"species_hist_ice_extrap",86.9530513000488,0.494786296815458
"species_hist_ice_extrap",87.0885625488281,0.497642850788821
"species_hist_ice_extrap",87.2240737976074,0.50050092546654
"species_hist_ice_extrap",87.3595850463867,0.503358940014206
"species_hist_ice_extrap",87.495096295166,0.506217529600444
"species_hist_ice_extrap",87.6306075439453,0.50907604458842
"species_hist_ice_extrap",87.7661187927246,0.511934335318008
"species_hist_ice_extrap",87.9016300415039,0.514792559274348
"species_hist_ice_extrap",88.0371412902832,0.517649702169784
"species_hist_ice_extrap",88.1726525390625,0.520506776306367
"species_hist_ice_extrap",88.3081637878418,0.523361793847821
"species_hist_ice_extrap",88.4436750366211,0.526216671827238
"species_hist_ice_extrap",88.5791862854003,0.529068854451713
"species_hist_ice_extrap",88.7146975341796,0.531920774930772
"species_hist_ice_extrap",88.8502087829589,0.534769186547999
"species_hist_ice_extrap",88.9857200317382,0.537617176983299
"species_hist_ice_extrap",89.1212312805175,0.540461055721788
"species_hist_ice_extrap",89.2567425292968,0.543304333739707
"species_hist_ice_extrap",89.3922537780761,0.546143866653013
"species_hist_ice_extrap",89.5277650268554,0.548982577014573
"species_hist_ice_extrap",89.6632762756347,0.5518171182584
"species_hist_ice_extrap",89.798787524414,0.554650617126943
"species_hist_ice_extrap",89.9342987731933,0.557478009523262
"species_hist_ice_extrap",90.0698100219726,0.560304087492803
"species_hist_ice_extrap",90.2053212707519,0.563123614277341
"species_hist_ice_extrap",90.3408325195312,0.565941538493138
"species_hist_ice_extrap",90.4763437683105,0.568752257211429
"species_hist_ice_extrap",90.6118550170898,0.571561062422964
"species_hist_ice_extrap",90.7473662658691,0.574362328845632
"species_hist_ice_extrap",90.8828775146484,0.577161327969446
"species_hist_ice_extrap",91.0183887634277,0.579952181155038
"species_hist_ice_extrap",91.153900012207,0.582740440072017
"species_hist_ice_extrap",91.2894112609863,0.585520213564219
"species_hist_ice_extrap",91.4249225097656,0.588296990764677
"species_hist_ice_extrap",91.5604337585449,0.591064974163409
"species_hist_ice_extrap",91.6959450073242,0.593829569241413
"species_hist_ice_extrap",91.8314562561035,0.596584892627108
"species_hist_ice_extrap",91.9669675048828,0.599336395447934
"species_hist_ice_extrap",92.1024787536621,0.602078369573947
"species_hist_ice_extrap",92.2379900024414,0.604816222175106
"species_hist_ice_extrap",92.3735012512206,0.607543801770621
"species_hist_ice_extrap",92.5090125,0.610267416164128
"species_hist_ice_extrap",92.6445237487792,0.612980016533901
"species_hist_ice_extrap",92.7800349975585,0.615688772534103
"species_hist_ice_extrap",92.9155462463378,0.618385566975841
"species_hist_ice_extrap",93.0510574951171,0.621078696798526
"species_hist_ice_extrap",93.1865687438964,0.623759133117401
"species_hist_ice_extrap",93.3220799926757,0.62643609507228
"species_hist_ice_extrap",93.457591241455,0.629099401967793
"species_hist_ice_extrap",93.5931024902343,0.631759445748318
"species_hist_ice_extrap",93.7286137390136,0.634405074836106
"species_hist_ice_extrap",93.8641249877929,0.637047702090157
"species_hist_ice_extrap",93.9996362365722,0.639674964957843
"species_hist_ice_extrap",94.1351474853515,0.642299479224919
"species_hist_ice_extrap",94.2706587341308,0.64490787262085
"species_hist_ice_extrap",94.4061699829101,0.647513804947422
"species_hist_ice_extrap",94.5416812316894,0.650102635842355
"species_hist_ice_extrap",94.6771924804687,0.652689302092581
"species_hist_ice_extrap",94.812703729248,0.655258107762048
"species_hist_ice_extrap",94.9482149780273,0.657825081916841
"species_hist_ice_extrap",95.0837262268066,0.660373375297588
"species_hist_ice_extrap",95.2192374755859,0.662920170320162
"species_hist_ice_extrap",95.3547487243652,0.66548667517377
"species_hist_ice_extrap",95.4902599731445,0.66805203661199
"species_hist_ice_extrap",95.6257712219238,0.670616201979816
"species_hist_ice_extrap",95.7612824707031,0.673179592601854
"species_hist_ice_extrap",95.8967937194824,0.675721332243403
"species_hist_ice_extrap",96.0323049682617,0.678262676191925
"species_hist_ice_extrap",96.167816217041,0.680781668991328
"species_hist_ice_extrap",96.3033274658203,0.68330025142693
"species_hist_ice_extrap",96.4388387145996,0.685796355420574
"species_hist_ice_extrap",96.5743499633788,0.688291634382088
"species_hist_ice_extrap",96.7098612121582,0.690764567409492
"species_hist_ice_extrap",96.8453724609374,0.693236247801959
"species_hist_ice_extrap",96.9808837097168,0.696040052666516
"species_hist_ice_extrap",97.116394958496,0.698842172463697
"species_hist_ice_extrap",97.2519062072753,0.701790022348174
"species_hist_ice_extrap",97.3874174560546,0.704735754747961
"species_hist_ice_extrap",97.522928704834,0.707651922027442
"species_hist_ice_extrap",97.6584399536132,0.71056552242936
"species_hist_ice_extrap",97.7939512023925,0.713449402876419
"species_hist_ice_extrap",97.9294624511718,0.716330266660657
"species_hist_ice_extrap",98.0649736999511,0.719181048037204
"species_hist_ice_extrap",98.2004849487304,0.722028359739616
"species_hist_ice_extrap",98.3359961975097,0.724845474388473
"species_hist_ice_extrap",98.471507446289,0.727704898688952
"species_hist_ice_extrap",98.6070186950683,0.730826229153841
"species_hist_ice_extrap",98.7425299438476,0.73398173906915
"species_hist_ice_extrap",98.8780411926269,0.737159619141059
"species_hist_ice_extrap",99.0135524414062,0.74032942743926
"species_hist_ice_extrap",99.1490636901855,0.743459495627261
"species_hist_ice_extrap",99.2845749389648,0.746580729776988
"species_hist_ice_extrap",99.4200861877441,0.749662215969974
"species_hist_ice_extrap",99.5555974365234,0.75273410626763
"species_hist_ice_extrap",99.6911086853027,0.755766580302835
"species_hist_ice_extrap",99.826619934082,0.758788737796346
"species_hist_ice_extrap",99.9621311828613,0.761771598272451
"species_hist_ice_extrap",100.097642431641,0.764743399743964
"species_hist_ice_extrap",100.23315368042,0.767675805438232
"species_hist_ice_extrap",100.368664929199,0.770597526164151
"species_hist_ice_extrap",100.504176177978,0.773478787323797
"species_hist_ice_extrap",100.639687426758,0.77635012680189
"species_hist_ice_extrap",100.775198675537,0.779180117343319
"species_hist_ice_extrap",100.910709924316,0.78200094545269
"species_hist_ice_extrap",101.046221173096,0.784779323380885
"species_hist_ice_extrap",101.181732421875,0.787549326639296
"species_hist_ice_extrap",101.317243670654,0.790276002950575
"species_hist_ice_extrap",101.452754919434,0.792995069925986
"species_hist_ice_extrap",101.588266168213,0.795670032182188
"species_hist_ice_extrap",101.723777416992,0.798338147011854
"species_hist_ice_extrap",101.859288665771,0.800961237899772
"species_hist_ice_extrap",101.994799914551,0.803578242073532
"species_hist_ice_extrap",102.13031116333,0.806149641480097
"species_hist_ice_extrap",102.265822412109,0.808715723405916
"species_hist_ice_extrap",102.401333660889,0.811235399612314
"species_hist_ice_extrap",102.536844909668,0.813750502511657
"species_hist_ice_extrap",102.672356158447,0.8162187198711
"species_hist_ice_extrap",102.807867407227,0.818683103475644
"species_hist_ice_extrap",102.943378656006,0.821099943089722
"species_hist_ice_extrap",103.078889904785,0.823513676598143
"species_hist_ice_extrap",103.214401153564,0.82587949759948
"species_hist_ice_extrap",103.349912402344,0.828242924189957
"species_hist_ice_extrap",103.485423651123,0.830557934730354
"species_hist_ice_extrap",103.620934899902,0.832871255942973
"species_hist_ice_extrap",103.756446148682,0.835135893572506
"species_hist_ice_extrap",103.891957397461,0.837399524514748
"species_hist_ice_extrap",104.02746864624,0.839614076610131
"species_hist_ice_extrap",104.162979895019,0.841827978738668
"species_hist_ice_extrap",104.298491143799,0.843993279785925
"species_hist_ice_extrap",104.434002392578,0.846157637634174
"species_hist_ice_extrap",104.569513641357,0.848274364621932
"species_hist_ice_extrap",104.705024890137,0.850389537187661
"species_hist_ice_extrap",104.840536138916,0.85245822564388
"species_hist_ice_extrap",104.976047387695,0.854524768641542
"species_hist_ice_extrap",105.111558636475,0.856545983896506
"species_hist_ice_extrap",105.247069885254,0.858564481033208
"species_hist_ice_extrap",105.382581134033,0.860538657085118
"species_hist_ice_extrap",105.518092382812,0.862509563951486
"species_hist_ice_extrap",105.653603631592,0.864437349577128
"species_hist_ice_extrap",105.789114880371,0.866361335136439
"species_hist_ice_extrap",105.92462612915,0.868243236061451
"species_hist_ice_extrap",106.06013737793,0.870120835288401
"species_hist_ice_extrap",106.195648626709,0.871957578381202
"species_hist_ice_extrap",106.331159875488,0.873789533903908
"species_hist_ice_extrap",106.466671124268,0.875581637012931
"species_hist_ice_extrap",106.602182373047,0.877368483845462
"species_hist_ice_extrap",106.737693621826,0.87911669707539
"species_hist_ice_extrap",106.873204870605,0.880859205508918
"species_hist_ice_extrap",107.008716119385,0.882564100150497
"species_hist_ice_extrap",107.144227368164,0.884262884841134
"species_hist_ice_extrap",107.279738616943,0.885925253731623
"species_hist_ice_extrap",107.415249865723,0.887581106542893
"species_hist_ice_extrap",107.550761114502,0.889201550775363
"species_hist_ice_extrap",107.686272363281,0.890815109316529
"species_hist_ice_extrap",107.82178361206,0.892394415364044
"species_hist_ice_extrap",107.95729486084,0.893966465329184
"species_hist_ice_extrap",108.092806109619,0.895505174492201
"species_hist_ice_extrap",108.228317358398,0.897036509861812
"species_hist_ice_extrap",108.363828607178,0.898535010026417
"species_hist_ice_extrap",108.499339855957,0.900026790962423
"species_hist_ice_extrap",108.634851104736,0.90148588178029
"species_hist_ice_extrap",108.770362353516,0.902938858185507
"species_hist_ice_extrap",108.905873602295,0.904359211509249
"species_hist_ice_extrap",109.041384851074,0.905774050445588
"species_hist_ice_extrap",109.176896099853,0.907113561812042
"species_hist_ice_extrap",109.312407348633,0.908335702178123
"species_hist_ice_extrap",109.447918597412,0.909500914812088
"species_hist_ice_extrap",109.583429846191,0.910614264011383
"species_hist_ice_extrap",109.718941094971,0.911698293685913
"species_hist_ice_extrap",109.85445234375,0.912782323360443
"species_hist_ice_extrap",109.989963592529,0.913837534189224
"species_hist_ice_extrap",110.125474841309,0.914892745018005
"species_hist_ice_extrap",110.260986090088,0.915919804573059
"species_hist_ice_extrap",110.396497338867,0.916946864128113
"species_hist_ice_extrap",110.532008587646,0.917946302890778
"species_hist_ice_extrap",110.667519836426,0.918945741653442
"species_hist_ice_extrap",110.803031085205,0.919918185472488
"species_hist_ice_extrap",110.938542333984,0.920890629291534
"species_hist_ice_extrap",111.074053582764,0.921836614608765
"species_hist_ice_extrap",111.209564831543,0.922782599925995
"species_hist_ice_extrap",111.345076080322,0.923702758550644
"species_hist_ice_extrap",111.480587329102,0.924622917175293
"species_hist_ice_extrap",111.616098577881,0.92551776766777
"species_hist_ice_extrap",111.75160982666,0.926412618160248
"species_hist_ice_extrap",111.887121075439,0.927282774448395
"species_hist_ice_extrap",112.022632324219,0.928152930736542
"species_hist_ice_extrap",112.158143572998,0.928998976945877
"species_hist_ice_extrap",112.293654821777,0.929845023155212
"species_hist_ice_extrap",112.429166070557,0.930667465925217
"species_hist_ice_extrap",112.564677319336,0.931489908695221
"species_hist_ice_extrap",112.700188568115,0.932289350032806
"species_hist_ice_extrap",112.835699816894,0.933088791370392
"species_hist_ice_extrap",112.971211065674,0.93335023522377
"species_hist_ice_extrap",113.106722314453,0.933611679077148
"species_hist_ice_extrap",113.242233563232,0.933611679077148
"species_hist_ice_extrap",113.377744812012,0.933611679077148
"species_hist_ice_extrap",113.513256060791,0.933611679077148
"species_hist_ice_extrap",113.64876730957,0.933611679077148
"species_hist_ice_extrap",113.78427855835,0.933611679077148
"species_hist_ice_extrap",113.919789807129,0.933611679077148
"species_hist_ice_extrap",114.055301055908,0.933611679077148
"species_hist_ice_extrap",114.190812304687,0.933611679077148
"species_hist_ice_extrap",114.326323553467,0.933611679077148
"species_hist_ice_extrap",114.461834802246,0.933611679077148
"species_hist_ice_extrap",114.597346051025,0.933611679077148
"species_hist_ice_extrap",114.732857299805,0.933611679077148
"species_hist_ice_extrap",114.868368548584,0.933611679077148
"species_hist_ice_extrap",115.003879797363,0.933611679077148
"species_hist_ice_extrap",115.139391046143,0.933611679077148
"species_hist_ice_extrap",115.274902294922,0.933611679077148
"species_hist_ice_extrap",115.410413543701,0.933611679077148
"species_hist_ice_extrap",115.54592479248,0.933611679077148
"species_hist_ice_extrap",115.68143604126,0.933611679077148
"species_hist_ice_extrap",115.816947290039,0.933611679077148
"species_hist_ice_extrap",115.952458538818,0.933611679077148
"species_hist_ice_extrap",116.087969787598,0.933611679077148
"species_hist_ice_extrap",116.223481036377,0.933611679077148
"species_hist_ice_extrap",116.358992285156,0.933611679077148
"species_hist_ice_extrap",116.494503533935,0.933611679077148
"species_hist_ice_extrap",116.630014782715,0.933611679077148
"species_hist_ice_extrap",116.765526031494,0.933611679077148
"species_hist_ice_extrap",116.901037280273,0.933611679077148
"species_hist_ice_extrap",117.036548529053,0.933611679077148
"species_hist_ice_extrap",117.172059777832,0.933611679077148
"species_hist_ice_extrap",117.307571026611,0.933611679077148
"species_hist_ice_extrap",117.443082275391,0.933611679077148
"species_hist_ice_extrap",117.57859352417,0.933611679077148
"species_hist_ice_extrap",117.714104772949,0.933611679077148
"species_hist_ice_extrap",117.849616021728,0.933611679077148
"species_hist_ice_extrap",117.985127270508,0.933611679077148
"species_hist_ice_extrap",118.120638519287,0.933611679077148
"species_hist_ice_extrap",118.256149768066,0.933611679077148
"species_hist_ice_extrap",118.391661016846,0.933611679077148
"species_hist_ice_extrap",118.527172265625,0.933611679077148
"species_hist_ice_extrap",118.662683514404,0.933611679077148
"species_hist_ice_extrap",118.798194763184,0.933611679077148
"species_hist_ice_extrap",118.933706011963,0.933611679077148
"species_hist_ice_extrap",119.069217260742,0.933611679077148
"species_hist_ice_extrap",119.204728509521,0.933611679077148
"species_hist_ice_extrap",119.340239758301,0.933611679077148
"species_hist_ice_extrap",119.47575100708,0.933611679077148
"species_hist_ice_extrap",119.611262255859,0.933611679077148
"species_hist_ice_extrap",119.746773504639,0.933611679077148
"species_hist_ice_extrap",119.882284753418,0.933611679077148
"species_hist_ice_extrap",120.017796002197,0.933611679077148
"species_hist_ice_extrap",120.153307250976,0.933611679077148
"species_hist_ice_extrap",120.288818499756,0.933611679077148
"species_hist_ice_extrap",120.424329748535,0.933611679077148
"species_hist_ice_extrap",120.559840997314,0.933611679077148
"species_hist_ice_extrap",120.695352246094,0.933611679077148
"species_hist_ice_extrap",120.830863494873,0.933611679077148
"species_hist_ice_extrap",120.966374743652,0.933611679077148
"species_hist_ice_extrap",121.101885992432,0.933611679077148
"species_hist_ice_extrap",121.237397241211,0.933611679077148
"species_hist_ice_extrap",121.37290848999,0.933611679077148
"species_hist_ice_extrap",121.508419738769,0.933611679077148
"species_hist_ice_extrap",121.643930987549,0.933611679077148
"species_hist_ice_extrap",121.779442236328,0.933611679077148
"species_hist_ice_extrap",121.914953485107,0.933611679077148
"species_hist_ice_extrap",122.050464733887,0.933611679077148
"species_hist_ice_extrap",122.185975982666,0.933611679077148
"species_hist_ice_extrap",122.321487231445,0.933611679077148
"species_hist_ice_extrap",122.456998480225,0.933611679077148
"species_hist_ice_extrap",122.592509729004,0.933611679077148
"species_hist_ice_extrap",122.728020977783,0.933611679077148
"species_hist_ice_extrap",122.863532226562,0.933611679077148
"species_hist_ice_extrap",122.999043475342,0.933611679077148
"species_hist_ice_extrap",123.134554724121,0.933611679077148
"species_hist_ice_extrap",123.2700659729,0.933611679077148
"species_hist_ice_extrap",123.40557722168,0.933611679077148
"species_hist_ice_extrap",123.541088470459,0.933611679077148
"species_hist_ice_extrap",123.676599719238,0.933611679077148
"species_hist_ice_extrap",123.812110968018,0.933611679077148
"species_hist_ice_extrap",123.947622216797,0.933611679077148
"species_hist_ice_extrap",124.083133465576,0.933611679077148
"species_hist_ice_extrap",124.218644714355,0.933611679077148
