"variable","x","y"
"species_0_bathy_extrap_only",-22.5434192895889,0.835103631019592
"species_0_bathy_extrap_only",-21.9775332191467,0.835103631019592
"species_0_bathy_extrap_only",-21.4116471487045,0.835103631019592
"species_0_bathy_extrap_only",-20.8457610782623,0.835103631019592
"species_0_bathy_extrap_only",-20.2798750078201,0.835103631019592
"species_0_bathy_extrap_only",-19.7139889373779,0.835103631019592
"species_0_bathy_extrap_only",-19.1481028669357,0.835103631019592
"species_0_bathy_extrap_only",-18.5822167964935,0.835103631019592
"species_0_bathy_extrap_only",-18.0163307260513,0.835103631019592
"species_0_bathy_extrap_only",-17.4504446556091,0.835103631019592
"species_0_bathy_extrap_only",-16.8845585851669,0.835103631019592
"species_0_bathy_extrap_only",-16.3186725147247,0.835103631019592
"species_0_bathy_extrap_only",-15.7527864442825,0.835103631019592
"species_0_bathy_extrap_only",-15.1869003738403,0.835103631019592
"species_0_bathy_extrap_only",-14.6210143033981,0.835103631019592
"species_0_bathy_extrap_only",-14.0551282329559,0.835103631019592
"species_0_bathy_extrap_only",-13.4892421625137,0.835103631019592
"species_0_bathy_extrap_only",-12.9233560920715,0.835103631019592
"species_0_bathy_extrap_only",-12.3574700216293,0.835103631019592
"species_0_bathy_extrap_only",-11.7915839511871,0.835103631019592
"species_0_bathy_extrap_only",-11.2256978807449,0.835103631019592
"species_0_bathy_extrap_only",-10.6598118103027,0.835103631019592
"species_0_bathy_extrap_only",-10.0939257398605,0.835103631019592
"species_0_bathy_extrap_only",-9.52803966941834,0.835103631019592
"species_0_bathy_extrap_only",-8.96215359897614,0.835103631019592
"species_0_bathy_extrap_only",-8.39626752853394,0.835103631019592
"species_0_bathy_extrap_only",-7.83038145809174,0.835103631019592
"species_0_bathy_extrap_only",-7.26449538764954,0.835103631019592
"species_0_bathy_extrap_only",-6.69860931720734,0.835103631019592
"species_0_bathy_extrap_only",-6.13272324676514,0.835103631019592
"species_0_bathy_extrap_only",-5.56683717632294,0.835103631019592
"species_0_bathy_extrap_only",-5.00095110588074,0.835103631019592
"species_0_bathy_extrap_only",-4.43506503543854,0.835103631019592
"species_0_bathy_extrap_only",-3.86917896499634,0.835103631019592
"species_0_bathy_extrap_only",-3.30329289455414,0.835103631019592
"species_0_bathy_extrap_only",-2.73740682411194,0.835103631019592
"species_0_bathy_extrap_only",-2.17152075366974,0.835103631019592
"species_0_bathy_extrap_only",-1.60563468322754,0.835103631019592
"species_0_bathy_extrap_only",-1.03974861278534,0.835103631019592
"species_0_bathy_extrap_only",-0.473862542343138,0.835103631019592
"species_0_bathy_extrap_only",0.0920235280990624,0.835103631019592
"species_0_bathy_extrap_only",0.657909598541263,0.835103631019592
"species_0_bathy_extrap_only",1.22379566898346,0.564698398113251
"species_0_bathy_extrap_only",1.78968173942566,0.595317006111145
"species_0_bathy_extrap_only",2.35556780986786,0.66431999206543
"species_0_bathy_extrap_only",2.92145388031006,0.726953685283661
"species_0_bathy_extrap_only",3.48733995075226,0.748356819152832
"species_0_bathy_extrap_only",4.05322602119446,0.70796811580658
"species_0_bathy_extrap_only",4.61911209163666,0.664007365703583
"species_0_bathy_extrap_only",5.18499816207886,0.617009043693542
"species_0_bathy_extrap_only",5.75088423252106,0.567716479301453
"species_0_bathy_extrap_only",6.31677030296326,0.517045557498932
"species_0_bathy_extrap_only",6.88265637340546,0.466021597385406
"species_0_bathy_extrap_only",7.44854244384766,0.415698885917664
"species_0_bathy_extrap_only",8.01442851428986,0.367074728012085
"species_0_bathy_extrap_only",8.58031458473206,0.321013301610947
"species_0_bathy_extrap_only",9.14620065517426,0.278191417455673
"species_0_bathy_extrap_only",9.71208672561646,0.239070430397987
"species_0_bathy_extrap_only",10.2779727960587,0.203896835446358
"species_0_bathy_extrap_only",10.8438588665009,0.172723591327667
"species_0_bathy_extrap_only",11.4097449369431,0.145445570349693
"species_0_bathy_extrap_only",11.9756310073853,0.121841080486774
"species_0_bathy_extrap_only",12.5415170778275,0.101611852645874
"species_0_bathy_extrap_only",13.1074031482697,0.0844184383749962
"species_0_bathy_extrap_only",13.6732892187119,0.0699078515172005
"species_0_bathy_extrap_only",14.2391752891541,0.0577342174947262
"species_0_bathy_extrap_only",14.8050613595963,0.0475720353424549
"species_0_bathy_extrap_only",15.3709474300385,0.0391242988407612
"species_0_bathy_extrap_only",15.9368335004807,0.0321260988712311
"species_0_bathy_extrap_only",16.5027195709229,0.0263453461229801
"species_0_bathy_extrap_only",17.0686056413651,0.0215815920382738
"species_0_bathy_extrap_only",17.6344917118073,0.0176635906100273
"species_0_bathy_extrap_only",18.2003777822495,0.0144463647156954
"species_0_bathy_extrap_only",18.7662638526917,0.0118080852553248
"species_0_bathy_extrap_only",19.3321499231339,0.00974805932492018
"species_0_bathy_extrap_only",19.8980359935761,0.00815131794661283
"species_0_bathy_extrap_only",20.4639220640183,0.00712790386751294
"species_0_bathy_extrap_only",21.0298081344605,0.00672076409682631
"species_0_bathy_extrap_only",21.5956942049027,0.00639380281791091
"species_0_bathy_extrap_only",22.1615802753449,0.00610851589590311
"species_0_bathy_extrap_only",22.7274663457871,0.0058965221978724
"species_0_bathy_extrap_only",23.2933524162293,0.0057258945889771
"species_0_bathy_extrap_only",23.8592384866715,0.00556017644703388
"species_0_bathy_extrap_only",24.4251245571137,0.00539922760799527
"species_0_bathy_extrap_only",24.9910106275558,0.00524291396141052
"species_0_bathy_extrap_only",25.5568966979981,0.00509110279381275
"species_0_bathy_extrap_only",26.1227827684403,0.00494366511702538
"species_0_bathy_extrap_only",26.6886688388825,0.00480047659948468
"species_0_bathy_extrap_only",27.2545549093247,0.00466141616925597
"species_0_bathy_extrap_only",27.8204409797669,0.00452636601403356
"species_0_bathy_extrap_only",28.386327050209,0.00439521064981818
"species_0_bathy_extrap_only",28.9522131206513,0.00426783971488476
"species_0_bathy_extrap_only",29.5180991910935,0.00414414424449205
"species_0_bathy_extrap_only",30.0839852615356,0.00402401993051171
"species_0_bathy_extrap_only",30.6498713319779,0.00390736339613795
"species_0_bathy_extrap_only",31.21575740242,0.00379407592117786
"species_0_bathy_extrap_only",31.7816434728622,0.00368406111374497
"species_0_bathy_extrap_only",32.3475295433045,0.00357722444459796
"species_0_bathy_extrap_only",32.9134156137467,0.00347347604110837
"species_0_bathy_extrap_only",33.4793016841889,0.00337272556498647
"species_0_bathy_extrap_only",34.045187754631,0.00327488803304732
"species_0_bathy_extrap_only",34.6110738250733,0.0031798800919205
"species_0_bathy_extrap_only",35.1769598955155,0.0030876190867275
"species_0_bathy_extrap_only",35.7428459659576,0.00299802725203335
"species_0_bathy_extrap_only",36.3087320363999,0.00291102775372565
"species_0_bathy_extrap_only",36.874618106842,0.00282654538750648
"species_0_bathy_extrap_only",37.4405041772843,0.00274450797587633
"species_0_bathy_extrap_only",38.0063902477265,0.00266484566964209
"species_0_bathy_extrap_only",38.5722763181687,0.0025874893181026
"species_0_bathy_extrap_only",39.1381623886109,0.00251237326301634
"species_0_bathy_extrap_only",39.704048459053,0.00243943207897246
"species_0_bathy_extrap_only",40.2699345294953,0.00236860336735845
"species_0_bathy_extrap_only",40.8358205999374,0.00229982705786824
"species_0_bathy_extrap_only",41.4017066703797,0.00223304284736514
"species_0_bathy_extrap_only",41.9675927408218,0.00216819369234145
"species_0_bathy_extrap_only",42.533478811264,0.00210522441193461
"species_0_bathy_extrap_only",43.0993648817062,0.00204407959245145
"species_0_bathy_extrap_only",43.6652509521485,0.00198470707982779
"species_0_bathy_extrap_only",44.2311370225907,0.00192705634981394
"species_0_bathy_extrap_only",44.7970230930329,0.00187107664532959
"species_0_bathy_extrap_only",45.362909163475,0.00181672046892345
"species_0_bathy_extrap_only",45.9287952339173,0.0017639403231442
"species_0_bathy_extrap_only",46.4946813043595,0.00171269092243165
"species_0_bathy_extrap_only",47.0605673748017,0.00166292826179415
"species_0_bathy_extrap_only",47.6264534452438,0.00161460891831666
"species_0_bathy_extrap_only",48.192339515686,0.00156769133172929
"species_0_bathy_extrap_only",48.7582255861283,0.00152213533874601
"species_0_bathy_extrap_only",49.3241116565705,0.00147790089249611
"species_0_bathy_extrap_only",49.8899977270126,0.00143495004158467
"species_0_bathy_extrap_only",50.4558837974549,0.00139324611518532
"species_0_bathy_extrap_only",51.021769867897,0.00135275220964104
"species_0_bathy_extrap_only",51.5876559383393,0.00131343386601657
"species_0_bathy_extrap_only",52.1535420087815,0.00127525674179196
"species_0_bathy_extrap_only",52.7194280792236,0.00123818789143115
"species_0_bathy_extrap_only",53.2853141496658,0.00120219553355128
"species_0_bathy_extrap_only",53.851200220108,0.00116724788676947
"species_0_bathy_extrap_only",54.4170862905503,0.00113331503234804
"species_0_bathy_extrap_only",54.9829723609925,0.00110036775004119
"species_0_bathy_extrap_only",55.5488584314346,0.00106837716884911
"species_0_bathy_extrap_only",56.1147445018768,0.00103731558192521
"species_0_bathy_extrap_only",56.680630572319,0.0010071563301608
"species_0_bathy_extrap_only",57.2465166427613,0.000977872987277806
"species_0_bathy_extrap_only",57.8124027132034,0.000949440349359065
"species_0_bathy_extrap_only",58.3782887836457,0.000921833503525704
"species_0_bathy_extrap_only",58.9441748540878,0.000895028642844409
"species_0_bathy_extrap_only",59.5100609245301,0.000869002717081457
"species_0_bathy_extrap_only",60.0759469949722,0.00084373279241845
"species_0_bathy_extrap_only",60.6418330654145,0.000819197099190205
"species_0_bathy_extrap_only",61.2077191358566,0.00079537444980815
"species_0_bathy_extrap_only",61.7736052062988,0.000772243947722018
"species_0_bathy_extrap_only",62.339491276741,0.000749785569496453
"species_0_bathy_extrap_only",62.9053773471832,0.000727979990188032
"species_0_bathy_extrap_only",63.4712634176254,0.000706808001268655
"species_0_bathy_extrap_only",64.0371494880677,0.000686251441948116
"species_0_bathy_extrap_only",64.6030355585098,0.000666292209643871
"species_0_bathy_extrap_only",65.1689216289521,0.00064691313309595
"species_0_bathy_extrap_only",65.7348076993943,0.000628097332082689
"species_0_bathy_extrap_only",66.3006937698364,0.000609828450251371
"species_0_bathy_extrap_only",66.8665798402786,0.000592090887948871
"species_0_bathy_extrap_only",67.4324659107209,0.000574868696276098
"species_0_bathy_extrap_only",67.998351981163,0.000558147206902504
"species_0_bathy_extrap_only",68.5642380516053,0.000541911809705198
"species_0_bathy_extrap_only",69.1301241220474,0.000526148418430239
"species_0_bathy_extrap_only",69.6960101924896,0.000510843528900295
"species_0_bathy_extrap_only",70.2618962629319,0.000495983404107392
"species_0_bathy_extrap_only",70.827782333374,0.000481555354781449
"species_0_bathy_extrap_only",71.3936684038162,0.000467546808067709
"species_0_bathy_extrap_only",71.9595544742585,0.000453945598565042
"species_0_bathy_extrap_only",72.5254405447006,0.000440739881014451
"species_0_bathy_extrap_only",73.0913266151429,0.00042791836312972
"species_0_bathy_extrap_only",73.657212685585,0.000415469490690157
"species_0_bathy_extrap_only",74.2230987560272,0.000403382611693814
"species_0_bathy_extrap_only",74.7889848264694,0.000391647248761728
"species_0_bathy_extrap_only",75.3548708969116,0.000380253157345578
"species_0_bathy_extrap_only",75.9207569673538,0.00036919058766216
"species_0_bathy_extrap_only",76.4866430377961,0.000358449586201459
"species_0_bathy_extrap_only",77.0525291082382,0.00034802098525688
"species_0_bathy_extrap_only",77.6184151786804,0.000337895675329491
"species_0_bathy_extrap_only",78.1843012491227,0.000328064867062494
"species_0_bathy_extrap_only",78.7501873195648,0.000318519974825904
"species_0_bathy_extrap_only",79.316073390007,0.000309252820443362
"species_0_bathy_extrap_only",79.8819594604493,0.000300255080219358
"species_0_bathy_extrap_only",80.4478455308914,0.000291519070742652
"species_0_bathy_extrap_only",81.0137316013337,0.000283037166809663
"species_0_bathy_extrap_only",81.5796176717758,0.000274801976047456
"species_0_bathy_extrap_only",82.145503742218,0.00026680642622523
"species_0_bathy_extrap_only",82.7113898126602,0.000259043357800692
"species_0_bathy_extrap_only",83.2772758831024,0.000251506105996668
"species_0_bathy_extrap_only",83.8431619535446,0.000244188122451305
"species_0_bathy_extrap_only",84.4090480239869,0.000237083004321903
"species_0_bathy_extrap_only",84.974934094429,0.000230184581596404
"species_0_bathy_extrap_only",85.5408201648712,0.000223486917093396
"species_0_bathy_extrap_only",86.1067062353134,0.000216984015423804
"species_0_bathy_extrap_only",86.6725923057556,0.000210670288652182
"species_0_bathy_extrap_only",87.2384783761978,0.000204540236154571
"species_0_bathy_extrap_only",87.80436444664,0.000198588517378084
"species_0_bathy_extrap_only",88.3702505170822,0.000192810039152391
"species_0_bathy_extrap_only",88.9361365875245,0.000187199577339925
"species_0_bathy_extrap_only",89.5020226579666,0.00018175235891249
"species_0_bathy_extrap_only",90.0679087284088,0.000176463610841893
"species_0_bathy_extrap_only",90.633794798851,0.000171328720171005
"species_0_bathy_extrap_only",91.1996808692932,0.000166343234013766
"species_0_bathy_extrap_only",91.7655669397354,0.000161502859555185
"species_0_bathy_extrap_only",92.3314530101776,0.000156803260324523
"species_0_bathy_extrap_only",92.8973390806198,0.000152240376337431
"species_0_bathy_extrap_only",93.463225151062,0.000147810264024884
"species_0_bathy_extrap_only",94.0291112215042,0.000143509038025513
"species_0_bathy_extrap_only",94.5949972919464,0.000139333016704768
"species_0_bathy_extrap_only",95.1608833623886,0.000135278445668519
"species_0_bathy_extrap_only",95.7267694328308,0.000131341847009026
"species_0_bathy_extrap_only",96.292655503273,0.000127519786474295
"species_0_bathy_extrap_only",96.8585415737153,0.000123808946227655
"species_0_bathy_extrap_only",97.4244276441574,0.000120206066640094
"species_0_bathy_extrap_only",97.9903137145996,0.000116708069981541
"species_0_bathy_extrap_only",98.5561997850418,0.000113311805762351
"species_0_bathy_extrap_only",99.122085855484,0.000110014363599475
"species_0_bathy_extrap_only",99.6879719259262,0.000106812869489659
"species_0_bathy_extrap_only",100.253857996368,0.000103704536741134
"species_0_bathy_extrap_only",100.819744066811,0.000100686680525541
"species_0_bathy_extrap_only",101.385630137253,9.77566014626063e-05
"species_0_bathy_extrap_only",101.951516207695,9.4911789346952e-05
"species_0_bathy_extrap_only",102.517402278137,9.21497485251166e-05
"species_0_bathy_extrap_only",103.083288348579,8.94680779310875e-05
"species_0_bathy_extrap_only",103.649174419022,8.68644492584281e-05
"species_0_bathy_extrap_only",104.215060489464,8.4336606960278e-05
"species_0_bathy_extrap_only",104.780946559906,8.18822954897769e-05
"species_0_bathy_extrap_only",105.346832630348,7.9499397543259e-05
"species_0_bathy_extrap_only",105.91271870079,7.71858394728042e-05
"species_0_bathy_extrap_only",106.478604771233,7.49396131141111e-05
"species_0_bathy_extrap_only",107.044490841675,7.27587394067086e-05
"species_0_bathy_extrap_only",107.610376912117,7.06413629814051e-05
"species_0_bathy_extrap_only",108.176262982559,6.8585570261348e-05
"species_0_bathy_extrap_only",108.742149053001,6.65896077407524e-05
"species_0_bathy_extrap_only",109.308035123444,6.46517219138332e-05
"species_0_bathy_extrap_only",109.873921193886,6.27702320343815e-05
"species_0_bathy_extrap_only",110.439807264328,6.09435119258706e-05
"species_0_bathy_extrap_only",111.00569333477,5.91699317737948e-05
"species_0_bathy_extrap_only",111.571579405212,5.74479599890765e-05
"species_0_bathy_extrap_only",112.137465475655,5.57761013624258e-05
"species_0_bathy_extrap_only",112.703351546097,5.41528934263624e-05
"species_0_bathy_extrap_only",113.269237616539,5.25769210071303e-05
"species_0_bathy_extrap_only",113.835123686981,5.10468307766132e-05
"species_0_bathy_extrap_only",114.401009757423,4.95612475788221e-05
"species_0_bathy_extrap_only",114.966895827866,4.81188981211744e-05
"species_0_bathy_extrap_only",115.532781898308,4.67185200250242e-05
"species_0_bathy_extrap_only",116.09866796875,4.5358894567471e-05
"species_0_bathy_extrap_only",116.664554039192,4.40388539573178e-05
"species_0_bathy_extrap_only",117.230440109634,4.27572122134734e-05
"species_0_bathy_extrap_only",117.796326180077,4.15128670283593e-05
"species_0_bathy_extrap_only",118.362212250519,4.0304734284291e-05
"species_0_bathy_extrap_only",118.928098320961,3.91317589674145e-05
"species_0_bathy_extrap_only",119.493984391403,3.79929188056849e-05
"species_0_bathy_extrap_only",120.059870461845,3.68872351828031e-05
"species_0_bathy_extrap_only",120.625756532288,3.58137185685337e-05
"species_0_bathy_extrap_only",121.19164260273,3.47714376403019e-05
"species_0_bathy_extrap_only",121.757528673172,3.37594901793636e-05
"species_0_bathy_extrap_only",122.323414743614,3.27769957948476e-05
"species_0_bathy_extrap_only",122.889300814056,3.18231031997129e-05
"species_0_bathy_extrap_only",123.455186884499,3.08969574689399e-05
"species_0_bathy_extrap_only",124.021072954941,2.99977673421381e-05
"species_0_bathy_extrap_only",124.586959025383,2.91247433779063e-05
"species_0_bathy_extrap_only",125.152845095825,2.82771270576632e-05
"species_0_bathy_extrap_only",125.718731166267,2.74541780527215e-05
"species_0_bathy_extrap_only",126.28461723671,2.66551887762034e-05
"species_0_bathy_extrap_only",126.850503307152,2.58794425462838e-05
"species_0_bathy_extrap_only",127.416389377594,2.51262699748622e-05
"species_0_bathy_extrap_only",127.982275448036,2.43950180447428e-05
"species_0_bathy_extrap_only",128.548161518478,2.36850573855918e-05
"species_0_bathy_extrap_only",129.114047588921,2.29957477131393e-05
"species_0_bathy_extrap_only",129.679933659363,2.23264996748185e-05
"species_0_bathy_extrap_only",130.245819729805,2.16767275560414e-05
"species_0_bathy_extrap_only",130.811705800247,2.10458656511037e-05
"species_0_bathy_extrap_only",131.377591870689,2.04333646252053e-05
"species_0_bathy_extrap_only",131.943477941132,1.98386878764722e-05
"species_0_bathy_extrap_only",132.509364011574,1.92613169929245e-05
"species_0_bathy_extrap_only",133.075250082016,1.87007499334868e-05
"species_0_bathy_extrap_only",133.641136152458,1.81565119419247e-05
"species_0_bathy_extrap_only",134.2070222229,1.76280991581734e-05
"species_0_bathy_extrap_only",134.772908293343,1.71150622918503e-05
"species_0_bathy_extrap_only",135.338794363785,1.6616957509541e-05
"species_0_bathy_extrap_only",135.904680434227,1.61333482537884e-05
"species_0_bathy_extrap_only",136.470566504669,1.56638143380405e-05
"species_0_bathy_extrap_only",137.036452575111,1.52079446706921e-05
"species_0_bathy_extrap_only",137.602338645554,1.47653427120531e-05
"species_0_bathy_extrap_only",138.168224715996,1.43356210173806e-05
"species_0_bathy_extrap_only",138.734110786438,1.39184066938469e-05
"species_0_bathy_extrap_only",139.29999685688,1.35133332150872e-05
"species_0_bathy_extrap_only",139.865882927322,1.31200495161465e-05
"species_0_bathy_extrap_only",140.431768997765,1.27382209029747e-05
"species_0_bathy_extrap_only",140.997655068207,1.23674954011221e-05
"species_0_bathy_extrap_only",141.563541138649,1.2007558325422e-05
"species_0_bathy_extrap_only",142.129427209091,1.16580968096969e-05
"species_0_bathy_extrap_only",142.695313279533,1.13188061732217e-05
"species_0_bathy_extrap_only",143.261199349976,1.09893890112289e-05
"species_0_bathy_extrap_only",143.827085420418,1.06695597423823e-05
"species_0_bathy_extrap_only",144.39297149086,1.03590382423135e-05
"species_0_bathy_extrap_only",144.958857561302,1.00575543910963e-05
"species_0_bathy_extrap_only",145.524743631744,9.76484443526715e-06
"species_0_bathy_extrap_only",146.090629702187,9.48065280681476e-06
"species_0_bathy_extrap_only",146.656515772629,9.20473939913791e-06
"species_0_bathy_extrap_only",147.222401843071,8.93684955372009e-06
"species_0_bathy_extrap_only",147.788287913513,8.67675498739118e-06
"species_0_bathy_extrap_only",148.354173983955,8.42423105495982e-06
"species_0_bathy_extrap_only",148.920060054398,8.17905583971879e-06
"species_0_bathy_extrap_only",149.48594612484,7.94101651990786e-06
"species_0_bathy_extrap_only",150.051832195282,7.70990391174564e-06
"species_0_bathy_extrap_only",150.617718265724,7.48551838114508e-06
"species_0_bathy_extrap_only",151.183604336166,7.26766302250326e-06
"species_0_bathy_extrap_only",151.749490406609,7.05614775142749e-06
"species_0_bathy_extrap_only",152.315376477051,6.85078884998802e-06
"species_0_bathy_extrap_only",152.881262547493,6.65141124045476e-06
"species_0_bathy_extrap_only",153.447148617935,6.45783120489796e-06
"species_0_bathy_extrap_only",154.013034688377,6.26988503427128e-06
"species_0_bathy_extrap_only",154.57892075882,6.08740901952842e-06
"species_0_bathy_extrap_only",155.144806829262,5.91024308960186e-06
"species_0_bathy_extrap_only",155.710692899704,5.738233539887e-06
"species_0_bathy_extrap_only",156.276578970146,5.57123030375806e-06
"species_0_bathy_extrap_only",156.842465040588,5.40908695256803e-06
"species_0_bathy_extrap_only",157.408351111031,5.25166296938551e-06
"species_0_bathy_extrap_only",157.974237181473,5.09882056576316e-06
"species_0_bathy_extrap_only",158.540123251915,4.95042604597984e-06
"species_0_bathy_extrap_only",159.106009322357,4.80635435451404e-06
"species_0_bathy_extrap_only",159.671895392799,4.66647225039196e-06
"species_0_bathy_extrap_only",160.237781463242,4.53066058980767e-06
"species_0_bathy_extrap_only",160.803667533684,4.39880159319728e-06
"species_0_bathy_extrap_only",161.369553604126,4.27078066422837e-06
"species_0_bathy_extrap_only",161.935439674568,4.14648502555792e-06
"species_0_bathy_extrap_only",162.50132574501,4.02580735681113e-06
"species_0_bathy_extrap_only",163.067211815453,3.90864124710788e-06
"species_0_bathy_extrap_only",163.633097885895,3.7948855151626e-06
"species_0_bathy_extrap_only",164.198983956337,3.68444034393178e-06
"species_0_bathy_extrap_only",164.764870026779,3.5772095543507e-06
"species_0_bathy_extrap_only",165.330756097221,3.47310219694918e-06
"species_0_bathy_extrap_only",165.896642167664,3.37202209266252e-06
"species_0_bathy_extrap_only",166.462528238106,3.27388397636241e-06
"species_0_bathy_extrap_only",167.028414308548,3.17860167342587e-06
"species_0_bathy_extrap_only",167.59430037899,3.08609264720872e-06
"species_0_bathy_extrap_only",168.160186449432,2.99627595268248e-06
"species_0_bathy_extrap_only",168.726072519875,2.90907314592914e-06
"species_0_bathy_extrap_only",169.291958590317,2.8244082841411e-06
"species_0_bathy_extrap_only",169.857844660759,2.74220769824751e-06
"species_0_bathy_extrap_only",170.423730731201,2.66239908341959e-06
"species_0_bathy_extrap_only",170.989616801643,2.58491354543366e-06
"species_0_bathy_extrap_only",171.555502872086,2.50968491855019e-06
"species_0_bathy_extrap_only",172.121388942528,2.43664362642448e-06
"species_0_bathy_extrap_only",172.68727501297,2.36572827816417e-06
"species_0_bathy_extrap_only",173.253161083412,2.29687680075585e-06
"species_0_bathy_extrap_only",173.819047153854,2.23002916754922e-06
"species_0_bathy_extrap_only",174.384933224297,2.16512694350968e-06
"species_0_bathy_extrap_only",174.950819294739,2.10211373996572e-06
"species_0_bathy_extrap_only",175.516705365181,2.04093430511421e-06
"species_0_bathy_extrap_only",176.082591435623,1.98153543351509e-06
"species_0_bathy_extrap_only",176.648477506065,1.92386528397037e-06
"species_0_bathy_extrap_only",177.214363576508,1.86787372058461e-06
"species_0_bathy_extrap_only",177.78024964695,1.81351299488597e-06
"species_0_bathy_extrap_only",178.346135717392,1.76073308466584e-06
"species_0_bathy_extrap_only",178.912021787834,1.70948908362334e-06
"species_0_bathy_extrap_only",179.477907858276,1.6597365402049e-06
"species_0_bathy_extrap_only",180.043793928719,1.61143202603853e-06
"species_0_bathy_extrap_only",180.609679999161,1.56453336330742e-06
"species_0_bathy_extrap_only",181.175566069603,1.51899951106316e-06
"species_0_bathy_extrap_only",181.741452140045,1.47479090628622e-06
"species_0_bathy_extrap_only",182.307338210487,1.43186900913861e-06
"species_0_bathy_extrap_only",182.87322428093,1.39019618927705e-06
"species_0_bathy_extrap_only",183.439110351372,1.34973629428714e-06
"species_0_bathy_extrap_only",184.004996421814,1.31045499074389e-06
"species_0_bathy_extrap_only",184.570882492256,1.2723157851724e-06
"species_0_bathy_extrap_only",185.136768562698,1.23528661788441e-06
"species_0_bathy_extrap_only",185.702654633141,1.19933508813119e-06
"species_0_bathy_extrap_only",186.268540703583,1.16442993203236e-06
"species_0_bathy_extrap_only",186.834426774025,1.13054068151541e-06
"species_0_bathy_extrap_only",187.400312844467,1.0976376643157e-06
"species_0_bathy_extrap_only",187.966198914909,1.06569234503695e-06
"species_0_bathy_extrap_only",188.532084985352,1.03467664303025e-06
"species_0_bathy_extrap_only",189.097971055794,1.00456361451506e-06
"species_0_bathy_extrap_only",189.663857126236,9.75327111518709e-07
"species_0_bathy_extrap_only",190.229743196678,9.46942122936889e-07
"species_0_bathy_extrap_only",190.79562926712,9.19382557640347e-07
"species_0_bathy_extrap_only",191.361515337563,8.92625052983931e-07
"species_0_bathy_extrap_only",191.927401408005,8.66646303165908e-07
"species_0_bathy_extrap_only",192.493287478447,8.41423627662152e-07
"species_0_bathy_extrap_only",193.059173548889,8.16935028069565e-07
"species_0_bathy_extrap_only",193.625059619331,7.93159131262655e-07
"species_0_bathy_extrap_only",194.190945689774,7.70075246236956e-07
"species_0_bathy_extrap_only",194.756831760216,7.47663136735355e-07
"species_0_bathy_extrap_only",195.322717830658,7.25903305465181e-07
"species_0_bathy_extrap_only",195.8886039011,7.04776766724535e-07
"species_0_bathy_extrap_only",196.454489971542,6.84265671679896e-07
"species_0_bathy_extrap_only",197.020376041985,6.64350977785944e-07
"species_0_bathy_extrap_only",197.586262112427,6.45015859390696e-07
"species_0_bathy_extrap_only",198.152148182869,6.26243433998752e-07
"species_0_bathy_extrap_only",198.718034253311,6.08017387548898e-07
"species_0_bathy_extrap_only",199.283920323753,5.90321803883853e-07
"species_0_bathy_extrap_only",199.849806394196,5.73141221593687e-07
"species_0_bathy_extrap_only",200.415692464638,5.56460634015821e-07
"species_0_bathy_extrap_only",200.98157853508,5.40265546078444e-07
"species_0_bathy_extrap_only",201.547464605522,5.24541746926843e-07
"species_0_bathy_extrap_only",202.113350675964,5.0927559414049e-07
"species_0_bathy_extrap_only",202.679236746407,4.94454127419885e-07
"species_0_bathy_extrap_only",203.245122816849,4.80063647501083e-07
"species_0_bathy_extrap_only",203.811008887291,4.66091989892448e-07
"species_0_bathy_extrap_only",204.376894957733,4.52526961680633e-07
"species_0_bathy_extrap_only",204.942781028175,4.39356711012806e-07
"species_0_bathy_extrap_only",205.508667098618,4.26569783940067e-07
"species_0_bathy_extrap_only",206.07455316906,4.14154982308901e-07
"species_0_bathy_extrap_only",206.640439239502,4.02101505869723e-07
"species_0_bathy_extrap_only",207.206325309944,3.90398838590045e-07
"species_0_bathy_extrap_only",207.772211380386,3.79036748654471e-07
"species_0_bathy_extrap_only",208.338097450829,3.6800534530812e-07
"species_0_bathy_extrap_only",208.903983521271,3.57295277808589e-07
"species_0_bathy_extrap_only",209.469869591713,3.46896626979287e-07
"species_0_bathy_extrap_only",210.035755662155,3.3680063893371e-07
"species_0_bathy_extrap_only",210.601641732597,3.26998474520224e-07
"species_0_bathy_extrap_only",211.16752780304,3.17481578804291e-07
"species_0_bathy_extrap_only",211.733413873482,3.08241652646757e-07
"species_0_bathy_extrap_only",212.299299943924,2.99270652703854e-07
"species_0_bathy_extrap_only",212.865186014366,2.90560734583778e-07
"species_0_bathy_extrap_only",213.431072084808,2.82104338111822e-07
"species_0_bathy_extrap_only",213.996958155251,2.73894016800114e-07
"species_0_bathy_extrap_only",214.562844225693,2.65922665221296e-07
"species_0_bathy_extrap_only",215.128730296135,2.58183519008526e-07
"species_0_bathy_extrap_only",215.694616366577,2.50669415891025e-07
"species_0_bathy_extrap_only",216.260502437019,2.43373960984172e-07
"species_0_bathy_extrap_only",216.826388507462,2.36290873090184e-07
"species_0_bathy_extrap_only",217.392274577904,2.29413913643839e-07
"species_0_bathy_extrap_only",217.958160648346,2.22737099875303e-07
"species_0_bathy_extrap_only",218.524046718788,2.16254605334143e-07
"species_0_bathy_extrap_only",219.08993278923,2.09960774100182e-07
"species_0_bathy_extrap_only",219.655818859673,2.038501207835e-07
"species_0_bathy_extrap_only",220.221704930115,1.97917316313578e-07
"species_0_bathy_extrap_only",220.787591000557,1.92157173728447e-07
"species_0_bathy_extrap_only",221.353477070999,1.86564818704937e-07
"species_0_bathy_extrap_only",221.919363141441,1.81135078491934e-07
"species_0_bathy_extrap_only",222.485249211884,1.75863362983364e-07
"species_0_bathy_extrap_only",223.051135282326,1.70745067862299e-07
"species_0_bathy_extrap_only",223.617021352768,1.65775745131214e-07
"species_0_bathy_extrap_only",224.18290742321,1.6095103205771e-07
"species_0_bathy_extrap_only",224.748793493652,1.56266750650502e-07
"species_0_bathy_extrap_only",225.314679564095,1.51718793972577e-07
"species_0_bathy_extrap_only",225.880565634537,1.47303211406324e-07
"species_0_bathy_extrap_only",226.446451704979,1.43016123388406e-07
"species_0_bathy_extrap_only",227.012337775421,1.38853806674888e-07
"species_0_bathy_extrap_only",227.578223845863,1.34812751184654e-07
"species_0_bathy_extrap_only",228.144109916306,1.30889191041206e-07
"species_0_bathy_extrap_only",228.709995986748,1.27079815115394e-07
"species_0_bathy_extrap_only",229.27588205719,1.2338131227807e-07
"species_0_bathy_extrap_only",229.841768127632,1.19790442454359e-07
"species_0_bathy_extrap_only",230.407654198074,1.16304093467079e-07
"species_0_bathy_extrap_only",230.973540268517,1.12919202877038e-07
"species_0_bathy_extrap_only",231.539426338959,1.09632821931882e-07
"species_0_bathy_extrap_only",232.105312409401,1.06442094249815e-07
"species_0_bathy_extrap_only",232.671198479843,1.03344227397884e-07
"species_0_bathy_extrap_only",233.237084550285,1.00336514208266e-07
"species_0_bathy_extrap_only",233.802970620728,9.74164180433945e-08
"species_0_bathy_extrap_only",234.36885669117,9.45812317354466e-08
"species_0_bathy_extrap_only",234.934742761612,9.18285607554026e-08
"species_0_bathy_extrap_only",235.500628832054,8.91560034688155e-08
"species_0_bathy_extrap_only",236.066514902496,8.65612221900847e-08
"species_0_bathy_extrap_only",236.632400972939,8.40419644987378e-08
"species_0_bathy_extrap_only",237.198287043381,8.32186088928211e-08
"species_0_bathy_extrap_only",237.764173113823,8.32186088928211e-08
"species_0_bathy_extrap_only",238.330059184265,8.32186088928211e-08
"species_0_bathy_extrap_only",238.895945254707,8.32186088928211e-08
"species_0_bathy_extrap_only",239.46183132515,8.32186088928211e-08
"species_0_bathy_extrap_only",240.027717395592,8.32186088928211e-08
"species_0_bathy_extrap_only",240.593603466034,8.32186088928211e-08
"species_0_bathy_extrap_only",241.159489536476,8.32186088928211e-08
"species_0_bathy_extrap_only",241.725375606918,8.32186088928211e-08
"species_0_bathy_extrap_only",242.291261677361,8.32186088928211e-08
"species_0_bathy_extrap_only",242.857147747803,8.32186088928211e-08
"species_0_bathy_extrap_only",243.423033818245,8.32186088928211e-08
"species_0_bathy_extrap_only",243.988919888687,8.32186088928211e-08
"species_0_bathy_extrap_only",244.554805959129,8.32186088928211e-08
"species_0_bathy_extrap_only",245.120692029572,8.32186088928211e-08
"species_0_bathy_extrap_only",245.686578100014,8.32186088928211e-08
"species_0_bathy_extrap_only",246.252464170456,8.32186088928211e-08
"species_0_bathy_extrap_only",246.818350240898,8.32186088928211e-08
"species_0_bathy_extrap_only",247.38423631134,8.32186088928211e-08
"species_0_bathy_extrap_only",247.950122381783,8.32186088928211e-08
"species_0_bathy_extrap_only",248.516008452225,8.32186088928211e-08
"species_0_bathy_extrap_only",249.081894522667,8.32186088928211e-08
"species_0_bathy_extrap_only",249.647780593109,8.32186088928211e-08
"species_0_bathy_extrap_only",250.213666663551,8.32186088928211e-08
"species_0_bathy_extrap_only",250.779552733994,8.32186088928211e-08
"species_0_bathy_extrap_only",251.345438804436,8.32186088928211e-08
"species_0_bathy_extrap_only",251.911324874878,8.32186088928211e-08
"species_0_bathy_extrap_only",252.47721094532,8.32186088928211e-08
"species_0_bathy_extrap_only",253.043097015762,8.32186088928211e-08
"species_0_bathy_extrap_only",253.608983086205,8.32186088928211e-08
"species_0_bathy_extrap_only",254.174869156647,8.32186088928211e-08
"species_0_bathy_extrap_only",254.740755227089,8.32186088928211e-08
"species_0_bathy_extrap_only",255.306641297531,8.32186088928211e-08
"species_0_bathy_extrap_only",255.872527367973,8.32186088928211e-08
"species_0_bathy_extrap_only",256.438413438416,8.32186088928211e-08
"species_0_bathy_extrap_only",257.004299508858,8.32186088928211e-08
"species_0_bathy_extrap_only",257.5701855793,8.32186088928211e-08
"species_0_bathy_extrap_only",258.136071649742,8.32186088928211e-08
"species_0_bathy_extrap_only",258.701957720184,8.32186088928211e-08
"species_0_bathy_extrap_only",259.267843790627,8.32186088928211e-08
"species_0_bathy_extrap_only",259.833729861069,8.32186088928211e-08
"species_0_bathy_extrap_only",260.399615931511,8.32186088928211e-08
"species_0_bathy_extrap",-22.5434192895889,0.981185793876648
"species_0_bathy_extrap",-21.9775332191467,0.981185793876648
"species_0_bathy_extrap",-21.4116471487045,0.981185793876648
"species_0_bathy_extrap",-20.8457610782623,0.981185793876648
"species_0_bathy_extrap",-20.2798750078201,0.981185793876648
"species_0_bathy_extrap",-19.7139889373779,0.981185793876648
"species_0_bathy_extrap",-19.1481028669357,0.981185793876648
"species_0_bathy_extrap",-18.5822167964935,0.981185793876648
"species_0_bathy_extrap",-18.0163307260513,0.981185793876648
"species_0_bathy_extrap",-17.4504446556091,0.981185793876648
"species_0_bathy_extrap",-16.8845585851669,0.981185793876648
"species_0_bathy_extrap",-16.3186725147247,0.981185793876648
"species_0_bathy_extrap",-15.7527864442825,0.981185793876648
"species_0_bathy_extrap",-15.1869003738403,0.981185793876648
"species_0_bathy_extrap",-14.6210143033981,0.981185793876648
"species_0_bathy_extrap",-14.0551282329559,0.981185793876648
"species_0_bathy_extrap",-13.4892421625137,0.981185793876648
"species_0_bathy_extrap",-12.9233560920715,0.981185793876648
"species_0_bathy_extrap",-12.3574700216293,0.981185793876648
"species_0_bathy_extrap",-11.7915839511871,0.981185793876648
"species_0_bathy_extrap",-11.2256978807449,0.981185793876648
"species_0_bathy_extrap",-10.6598118103027,0.981185793876648
"species_0_bathy_extrap",-10.0939257398605,0.981185793876648
"species_0_bathy_extrap",-9.52803966941834,0.981185793876648
"species_0_bathy_extrap",-8.96215359897614,0.981185793876648
"species_0_bathy_extrap",-8.39626752853394,0.981185793876648
"species_0_bathy_extrap",-7.83038145809174,0.981185793876648
"species_0_bathy_extrap",-7.26449538764954,0.981185793876648
"species_0_bathy_extrap",-6.69860931720734,0.981185793876648
"species_0_bathy_extrap",-6.13272324676514,0.981185793876648
"species_0_bathy_extrap",-5.56683717632294,0.981185793876648
"species_0_bathy_extrap",-5.00095110588074,0.981185793876648
"species_0_bathy_extrap",-4.43506503543854,0.981185793876648
"species_0_bathy_extrap",-3.86917896499634,0.981185793876648
"species_0_bathy_extrap",-3.30329289455414,0.981185793876648
"species_0_bathy_extrap",-2.73740682411194,0.981185793876648
"species_0_bathy_extrap",-2.17152075366974,0.981185793876648
"species_0_bathy_extrap",-1.60563468322754,0.981185793876648
"species_0_bathy_extrap",-1.03974861278534,0.981185793876648
"species_0_bathy_extrap",-0.473862542343138,0.981185793876648
"species_0_bathy_extrap",0.0920235280990624,0.981185793876648
"species_0_bathy_extrap",0.657909598541263,0.981185793876648
"species_0_bathy_extrap",1.22379566898346,0.859096825122833
"species_0_bathy_extrap",1.78968173942566,0.729183077812195
"species_0_bathy_extrap",2.35556780986786,0.697407960891724
"species_0_bathy_extrap",2.92145388031006,0.66362452507019
"species_0_bathy_extrap",3.48733995075226,0.628080725669861
"species_0_bathy_extrap",4.05322602119446,0.591095328330994
"species_0_bathy_extrap",4.61911209163666,0.554545521736145
"species_0_bathy_extrap",5.18499816207886,0.525332629680634
"species_0_bathy_extrap",5.75088423252106,0.496320903301239
"species_0_bathy_extrap",6.31677030296326,0.467333972454071
"species_0_bathy_extrap",6.88265637340546,0.438565850257874
"species_0_bathy_extrap",7.44854244384766,0.410204887390137
"species_0_bathy_extrap",8.01442851428986,0.382428705692291
"species_0_bathy_extrap",8.58031458473206,0.355399936437607
"species_0_bathy_extrap",9.14620065517426,0.329263031482697
"species_0_bathy_extrap",9.71208672561646,0.304141312837601
"species_0_bathy_extrap",10.2779727960587,0.280135780572891
"species_0_bathy_extrap",10.8438588665009,0.25732433795929
"species_0_bathy_extrap",11.4097449369431,0.235762059688568
"species_0_bathy_extrap",11.9756310073853,0.215482383966446
"species_0_bathy_extrap",12.5415170778275,0.196498557925224
"species_0_bathy_extrap",13.1074031482697,0.178806021809578
"species_0_bathy_extrap",13.6732892187119,0.162384554743767
"species_0_bathy_extrap",14.2391752891541,0.147200912237167
"species_0_bathy_extrap",14.8050613595963,0.133211180567741
"species_0_bathy_extrap",15.3709474300385,0.120363369584084
"species_0_bathy_extrap",15.9368335004807,0.108599454164505
"species_0_bathy_extrap",16.5027195709229,0.097857378423214
"species_0_bathy_extrap",17.0686056413651,0.0880728885531425
"species_0_bathy_extrap",17.6344917118073,0.0791808515787125
"species_0_bathy_extrap",18.2003777822495,0.0711165368556976
"species_0_bathy_extrap",18.7662638526917,0.0638166517019272
"species_0_bathy_extrap",19.3321499231339,0.0572199150919914
"species_0_bathy_extrap",19.8980359935761,0.0512677431106567
"species_0_bathy_extrap",20.4639220640183,0.045904565602541
"species_0_bathy_extrap",21.0298081344605,0.0415450893342495
"species_0_bathy_extrap",21.5956942049027,0.0379896946251392
"species_0_bathy_extrap",22.1615802753449,0.0348239243030548
"species_0_bathy_extrap",22.7274663457871,0.0331572331488132
"species_0_bathy_extrap",23.2933524162293,0.0323911160230637
"species_0_bathy_extrap",23.8592384866715,0.031695768237114
"species_0_bathy_extrap",24.4251245571137,0.0310148689895868
"species_0_bathy_extrap",24.9910106275558,0.0303481388837099
"species_0_bathy_extrap",25.5568966979981,0.0296953022480011
"species_0_bathy_extrap",26.1227827684403,0.0290560852736235
"species_0_bathy_extrap",26.6886688388825,0.0284302271902561
"species_0_bathy_extrap",27.2545549093247,0.027817465364933
"species_0_bathy_extrap",27.8204409797669,0.0272175390273333
"species_0_bathy_extrap",28.386327050209,0.0266301948577166
"species_0_bathy_extrap",28.9522131206513,0.0260551869869232
"species_0_bathy_extrap",29.5180991910935,0.0254922714084387
"species_0_bathy_extrap",30.0839852615356,0.0249412059783936
"species_0_bathy_extrap",30.6498713319779,0.0244017522782087
"species_0_bathy_extrap",31.21575740242,0.0238736812025309
"species_0_bathy_extrap",31.7816434728622,0.0233567655086517
"species_0_bathy_extrap",32.3475295433045,0.0228507798165083
"species_0_bathy_extrap",32.9134156137467,0.0223555061966181
"species_0_bathy_extrap",33.4793016841889,0.0218707229942083
"species_0_bathy_extrap",34.045187754631,0.0213962234556675
"species_0_bathy_extrap",34.6110738250733,0.020931800827384
"species_0_bathy_extrap",35.1769598955155,0.0204772464931011
"species_0_bathy_extrap",35.7428459659576,0.0200323592871428
"species_0_bathy_extrap",36.3087320363999,0.0195969492197037
"species_0_bathy_extrap",36.874618106842,0.0191708132624626
"species_0_bathy_extrap",37.4405041772843,0.0187537670135498
"species_0_bathy_extrap",38.0063902477265,0.0183456260710955
"species_0_bathy_extrap",38.5722763181687,0.0179462023079395
"species_0_bathy_extrap",39.1381623886109,0.0175553224980831
"species_0_bathy_extrap",39.704048459053,0.0171728041023016
"species_0_bathy_extrap",40.2699345294953,0.0167984794825315
"species_0_bathy_extrap",40.8358205999374,0.0164321791380644
"species_0_bathy_extrap",41.4017066703797,0.0160737317055464
"species_0_bathy_extrap",41.9675927408218,0.015722980722785
"species_0_bathy_extrap",42.533478811264,0.0153797650709748
"species_0_bathy_extrap",43.0993648817062,0.0150439254939556
"species_0_bathy_extrap",43.6652509521485,0.0147153092548251
"species_0_bathy_extrap",44.2311370225907,0.0143937692046165
"species_0_bathy_extrap",44.7970230930329,0.0140791516751051
"species_0_bathy_extrap",45.362909163475,0.0137713178992271
"species_0_bathy_extrap",45.9287952339173,0.0134701197966933
"species_0_bathy_extrap",46.4946813043595,0.0131754213944077
"species_0_bathy_extrap",47.0605673748017,0.0128870885819197
"species_0_bathy_extrap",47.6264534452438,0.012604983523488
"species_0_bathy_extrap",48.192339515686,0.0123289758339524
"species_0_bathy_extrap",48.7582255861283,0.0120589407160878
"species_0_bathy_extrap",49.3241116565705,0.0117947468534112
"species_0_bathy_extrap",49.8899977270126,0.0115362741053104
"species_0_bathy_extrap",50.4558837974549,0.0112834023311734
"species_0_bathy_extrap",51.021769867897,0.0110360095277429
"species_0_bathy_extrap",51.5876559383393,0.0107939839363098
"species_0_bathy_extrap",52.1535420087815,0.0105572072789073
"species_0_bathy_extrap",52.7194280792236,0.0103255705907941
"species_0_bathy_extrap",53.2853141496658,0.0100989667698741
"species_0_bathy_extrap",53.851200220108,0.00987728405743837
"species_0_bathy_extrap",54.4170862905503,0.00966042000800371
"species_0_bathy_extrap",54.9829723609925,0.00944827310740948
"species_0_bathy_extrap",55.5488584314346,0.00924074091017246
"species_0_bathy_extrap",56.1147445018768,0.00903772469609976
"species_0_bathy_extrap",56.680630572319,0.00883913040161133
"species_0_bathy_extrap",57.2465166427613,0.00864486116915941
"species_0_bathy_extrap",57.8124027132034,0.00845482666045427
"species_0_bathy_extrap",58.3782887836457,0.00826893281191587
"species_0_bathy_extrap",58.9441748540878,0.00808709301054478
"species_0_bathy_extrap",59.5100609245301,0.00790922157466412
"species_0_bathy_extrap",60.0759469949722,0.0077352300286293
"species_0_bathy_extrap",60.6418330654145,0.00756503734737635
"species_0_bathy_extrap",61.2077191358566,0.00739856250584126
"species_0_bathy_extrap",61.7736052062988,0.00723572308197618
"species_0_bathy_extrap",62.339491276741,0.0070764422416687
"species_0_bathy_extrap",62.9053773471832,0.006920644082129
"species_0_bathy_extrap",63.4712634176254,0.00676825176924467
"species_0_bathy_extrap",64.0371494880677,0.00661919405683875
"species_0_bathy_extrap",64.6030355585098,0.00647339643910527
"species_0_bathy_extrap",65.1689216289521,0.00633078953251243
"species_0_bathy_extrap",65.7348076993943,0.00619130488485098
"species_0_bathy_extrap",66.3006937698364,0.00605487497523427
"species_0_bathy_extrap",66.8665798402786,0.00592143507674336
"species_0_bathy_extrap",67.4324659107209,0.00579091673716903
"species_0_bathy_extrap",67.998351981163,0.00566325942054391
"species_0_bathy_extrap",68.5642380516053,0.00553840026259422
"species_0_bathy_extrap",69.1301241220474,0.00541627872735262
"species_0_bathy_extrap",69.6960101924896,0.00529683753848076
"species_0_bathy_extrap",70.2618962629319,0.00518001476302743
"species_0_bathy_extrap",70.827782333374,0.00506575545296073
"species_0_bathy_extrap",71.3936684038162,0.00495400419458747
"species_0_bathy_extrap",71.9595544742585,0.00484470603987575
"species_0_bathy_extrap",72.5254405447006,0.00473780790343881
"species_0_bathy_extrap",73.0913266151429,0.00463325856253505
"species_0_bathy_extrap",73.657212685585,0.00453100446611643
"species_0_bathy_extrap",74.2230987560272,0.00443099718540907
"species_0_bathy_extrap",74.7889848264694,0.0043331878259778
"species_0_bathy_extrap",75.3548708969116,0.00423752795904875
"species_0_bathy_extrap",75.9207569673538,0.00414397241547704
"species_0_bathy_extrap",76.4866430377961,0.00405247276648879
"species_0_bathy_extrap",77.0525291082382,0.00396298570558429
"species_0_bathy_extrap",77.6184151786804,0.00387546676211059
"species_0_bathy_extrap",78.1843012491227,0.00378987309522927
"species_0_bathy_extrap",78.7501873195648,0.0037061630282551
"species_0_bathy_extrap",79.316073390007,0.00362429628148675
"species_0_bathy_extrap",79.8819594604493,0.00354423047974706
"species_0_bathy_extrap",80.4478455308914,0.00346592720597982
"species_0_bathy_extrap",81.0137316013337,0.00338934804312885
"species_0_bathy_extrap",81.5796176717758,0.00331445503979921
"species_0_bathy_extrap",82.145503742218,0.00324121280573308
"species_0_bathy_extrap",82.7113898126602,0.00316958292387426
"species_0_bathy_extrap",83.2772758831024,0.00309953093528748
"species_0_bathy_extrap",83.8431619535446,0.00303102261386812
"species_0_bathy_extrap",84.4090480239869,0.00296402396634221
"species_0_bathy_extrap",84.974934094429,0.002898502163589
"species_0_bathy_extrap",85.5408201648712,0.00283442530781031
"species_0_bathy_extrap",86.1067062353134,0.00277176010422409
"species_0_bathy_extrap",86.6725923057556,0.00271047675050795
"species_0_bathy_extrap",87.2384783761978,0.00265054474584758
"species_0_bathy_extrap",87.80436444664,0.00259193452075124
"species_0_bathy_extrap",88.3702505170822,0.00253461766988039
"species_0_bathy_extrap",88.9361365875245,0.00247856439091265
"species_0_bathy_extrap",89.5020226579666,0.002423747908324
"species_0_bathy_extrap",90.0679087284088,0.00237014074809849
"species_0_bathy_extrap",90.633794798851,0.00231771660037339
"species_0_bathy_extrap",91.1996808692932,0.00226644915528595
"species_0_bathy_extrap",91.7655669397354,0.00221631396561861
"species_0_bathy_extrap",92.3314530101776,0.00216728472150862
"species_0_bathy_extrap",92.8973390806198,0.00211933790706098
"species_0_bathy_extrap",93.463225151062,0.00207244954071939
"species_0_bathy_extrap",94.0291112215042,0.00202659633941948
"species_0_bathy_extrap",94.5949972919464,0.00198175641708076
"species_0_bathy_extrap",95.1608833623886,0.00193790602497756
"species_0_bathy_extrap",95.7267694328308,0.00189502409193665
"species_0_bathy_extrap",96.292655503273,0.00185308919753879
"species_0_bathy_extrap",96.8585415737153,0.00181208061985672
"species_0_bathy_extrap",97.4244276441574,0.00177197798620909
"species_0_bathy_extrap",97.9903137145996,0.00173276185523719
"species_0_bathy_extrap",98.5561997850418,0.00169441162142903
"species_0_bathy_extrap",99.122085855484,0.00165690865833312
"species_0_bathy_extrap",99.6879719259262,0.00162023457232863
"species_0_bathy_extrap",100.253857996368,0.00158437085337937
"species_0_bathy_extrap",100.819744066811,0.0015493001556024
"species_0_bathy_extrap",101.385630137253,0.00151500420179218
"species_0_bathy_extrap",101.951516207695,0.0014814663445577
"species_0_bathy_extrap",102.517402278137,0.00144866982009262
"species_0_bathy_extrap",103.083288348579,0.00141659833025187
"species_0_bathy_extrap",103.649174419022,0.00138523580972105
"species_0_bathy_extrap",104.215060489464,0.00135456712450832
"species_0_bathy_extrap",104.780946559906,0.00132457609288394
"species_0_bathy_extrap",105.346832630348,0.00129524827934802
"species_0_bathy_extrap",105.91271870079,0.00126656901556998
"species_0_bathy_extrap",106.478604771233,0.00123852398246527
"species_0_bathy_extrap",107.044490841675,0.00121109909377992
"species_0_bathy_extrap",107.610376912117,0.00118428119458258
"species_0_bathy_extrap",108.176262982559,0.00115805608220398
"species_0_bathy_extrap",108.742149053001,0.00113241106737405
"species_0_bathy_extrap",109.308035123444,0.00110733334440738
"species_0_bathy_extrap",109.873921193886,0.00108281034044921
"species_0_bathy_extrap",110.439807264328,0.00105883006472141
"species_0_bathy_extrap",111.00569333477,0.00103538017719984
"species_0_bathy_extrap",111.571579405212,0.00101244903635234
"species_0_bathy_extrap",112.137465475655,0.000990025233477354
"species_0_bathy_extrap",112.703351546097,0.000968097592703998
"species_0_bathy_extrap",113.269237616539,0.000946655170992017
"species_0_bathy_extrap",113.835123686981,0.000925687549170107
"species_0_bathy_extrap",114.401009757423,0.000905183609575033
"species_0_bathy_extrap",114.966895827866,0.000885133456904441
"species_0_bathy_extrap",115.532781898308,0.000865527021232992
"species_0_bathy_extrap",116.09866796875,0.000846354523673654
"species_0_bathy_extrap",116.664554039192,0.000827606651000679
"species_0_bathy_extrap",117.230440109634,0.000809273449704051
"species_0_bathy_extrap",117.796326180077,0.000791346014011651
"species_0_bathy_extrap",118.362212250519,0.00077381543815136
"species_0_bathy_extrap",118.928098320961,0.000756672932766378
"species_0_bathy_extrap",119.493984391403,0.000739909941330552
"species_0_bathy_extrap",120.059870461845,0.000723518198356032
"species_0_bathy_extrap",120.625756532288,0.000707489147316664
"species_0_bathy_extrap",121.19164260273,0.000691814930178225
"species_0_bathy_extrap",121.757528673172,0.000676487805321813
"species_0_bathy_extrap",122.323414743614,0.000661499972920865
"species_0_bathy_extrap",122.889300814056,0.000646844215225428
"species_0_bathy_extrap",123.455186884499,0.000632512732408941
"species_0_bathy_extrap",124.021072954941,0.000618498597759753
"species_0_bathy_extrap",124.586959025383,0.000604794768150896
"species_0_bathy_extrap",125.152845095825,0.00059139437507838
"species_0_bathy_extrap",125.718731166267,0.000578290724661201
"species_0_bathy_extrap",126.28461723671,0.00056547747226432
"species_0_bathy_extrap",126.850503307152,0.000552947749383748
"species_0_bathy_extrap",127.416389377594,0.00054069550242275
"species_0_bathy_extrap",127.982275448036,0.000528714619576931
"species_0_bathy_extrap",128.548161518478,0.000516999221872538
"species_0_bathy_extrap",129.114047588921,0.000505543139297515
"species_0_bathy_extrap",129.679933659363,0.000494340783916414
"species_0_bathy_extrap",130.245819729805,0.000483386567793787
"species_0_bathy_extrap",130.811705800247,0.000472674961201847
"species_0_bathy_extrap",131.377591870689,0.00046220057993196
"species_0_bathy_extrap",131.943477941132,0.000451958243502304
"species_0_bathy_extrap",132.509364011574,0.000441942742327228
"species_0_bathy_extrap",133.075250082016,0.000432149099651724
"species_0_bathy_extrap",133.641136152458,0.000422572658862919
"species_0_bathy_extrap",134.2070222229,0.000413208093959838
"species_0_bathy_extrap",134.772908293343,0.000404050952056423
"species_0_bathy_extrap",135.338794363785,0.000395096692955121
"species_0_bathy_extrap",135.904680434227,0.000386340776458383
"species_0_bathy_extrap",136.470566504669,0.000377778836991638
"species_0_bathy_extrap",137.036452575111,0.00036940656718798
"species_0_bathy_extrap",137.602338645554,0.000361219776095822
"species_0_bathy_extrap",138.168224715996,0.000353214360075071
"species_0_bathy_extrap",138.734110786438,0.000345386302797124
"species_0_bathy_extrap",139.29999685688,0.000337731675244868
"species_0_bathy_extrap",139.865882927322,0.000330246635712683
"species_0_bathy_extrap",140.431768997765,0.000322927633533254
"species_0_bathy_extrap",140.997655068207,0.000315770565066487
"species_0_bathy_extrap",141.563541138649,0.000308772112475708
"species_0_bathy_extrap",142.129427209091,0.000301928695989773
"species_0_bathy_extrap",142.695313279533,0.000295236910460517
"species_0_bathy_extrap",143.261199349976,0.000288693379843608
"species_0_bathy_extrap",143.827085420418,0.000282294873613864
"species_0_bathy_extrap",144.39297149086,0.000276038103038445
"species_0_bathy_extrap",144.958857561302,0.000269920012215152
"species_0_bathy_extrap",145.524743631744,0.000263937457930297
"species_0_bathy_extrap",146.090629702187,0.000258087471593171
"species_0_bathy_extrap",146.656515772629,0.000252367259236053
"species_0_bathy_extrap",147.222401843071,0.000246773648541421
"species_0_bathy_extrap",147.788287913513,0.000241304005612619
"species_0_bathy_extrap",148.354173983955,0.00023595555103384
"species_0_bathy_extrap",148.920060054398,0.000230725621804595
"species_0_bathy_extrap",149.48594612484,0.000225611584028229
"species_0_bathy_extrap",150.051832195282,0.000220610891119577
"species_0_bathy_extrap",150.617718265724,0.000215720996493474
"species_0_bathy_extrap",151.183604336166,0.000210939469980076
"species_0_bathy_extrap",151.749490406609,0.000206263895961456
"species_0_bathy_extrap",152.315376477051,0.000201691946131177
"species_0_bathy_extrap",152.881262547493,0.000197221437701955
"species_0_bathy_extrap",153.447148617935,0.000192849882296286
"species_0_bathy_extrap",154.013034688377,0.000188575213542208
"species_0_bathy_extrap",154.57892075882,0.000184395263204351
"species_0_bathy_extrap",155.144806829262,0.000180307950358838
"species_0_bathy_extrap",155.710692899704,0.000176311237737536
"species_0_bathy_extrap",156.276578970146,0.000172403088072315
"species_0_bathy_extrap",156.842465040588,0.000168581551406533
"species_0_bathy_extrap",157.408351111031,0.000164844721439295
"species_0_bathy_extrap",157.974237181473,0.000161190691869706
"species_0_bathy_extrap",158.540123251915,0.000157617658260278
"species_0_bathy_extrap",159.106009322357,0.000154123903485015
"species_0_bathy_extrap",159.671895392799,0.00015070749213919
"species_0_bathy_extrap",160.237781463242,0.000147366794408299
"species_0_bathy_extrap",160.803667533684,0.000144100151374005
"species_0_bathy_extrap",161.369553604126,0.000140905904117972
"species_0_bathy_extrap",161.935439674568,0.000137782437377609
"species_0_bathy_extrap",162.50132574501,0.000134728223201819
"species_0_bathy_extrap",163.067211815453,0.000131741689983755
"species_0_bathy_extrap",163.633097885895,0.000128821353428066
"species_0_bathy_extrap",164.198983956337,0.000125965743791312
"species_0_bathy_extrap",164.764870026779,0.000123173420433886
"species_0_bathy_extrap",165.330756097221,0.000120443066407461
"species_0_bathy_extrap",165.896642167664,0.000117773153760936
"species_0_bathy_extrap",166.462528238106,0.000115162423753645
"species_0_bathy_extrap",167.028414308548,0.00011260955943726
"species_0_bathy_extrap",167.59430037899,0.00011011328024324
"species_0_bathy_extrap",168.160186449432,0.000107672334706876
"species_0_bathy_extrap",168.726072519875,0.000105285485915374
"species_0_bathy_extrap",169.291958590317,0.000102951547887642
"species_0_bathy_extrap",169.857844660759,0.000100669341918547
"species_0_bathy_extrap",170.423730731201,9.84377184067853e-05
"species_0_bathy_extrap",170.989616801643,9.62555641308427e-05
"species_0_bathy_extrap",171.555502872086,9.41218386287801e-05
"species_0_bathy_extrap",172.121388942528,9.20353486435488e-05
"species_0_bathy_extrap",172.68727501297,8.99951046449132e-05
"species_0_bathy_extrap",173.253161083412,8.80000879988074e-05
"species_0_bathy_extrap",173.819047153854,8.60492946230806e-05
"species_0_bathy_extrap",174.384933224297,8.4141742263455e-05
"species_0_bathy_extrap",174.950819294739,8.22764704935253e-05
"species_0_bathy_extrap",175.516705365181,8.0452547990717e-05
"species_0_bathy_extrap",176.082591435623,7.86690579843707e-05
"species_0_bathy_extrap",176.648477506065,7.69250982557423e-05
"species_0_bathy_extrap",177.214363576508,7.52197956899181e-05
"species_0_bathy_extrap",177.78024964695,7.35523426556028e-05
"species_0_bathy_extrap",178.346135717392,7.19218005542643e-05
"species_0_bathy_extrap",178.912021787834,7.03274054103531e-05
"species_0_bathy_extrap",179.477907858276,6.87683568685316e-05
"species_0_bathy_extrap",180.043793928719,6.72438618494198e-05
"species_0_bathy_extrap",180.609679999161,6.57531636534259e-05
"species_0_bathy_extrap",181.175566069603,6.4295505580958e-05
"species_0_bathy_extrap",181.741452140045,6.28701673122123e-05
"species_0_bathy_extrap",182.307338210487,6.14764212514274e-05
"species_0_bathy_extrap",182.87322428093,6.01135689066723e-05
"species_0_bathy_extrap",183.439110351372,5.87809299759101e-05
"species_0_bathy_extrap",184.004996421814,5.74778641748708e-05
"species_0_bathy_extrap",184.570882492256,5.62036511837505e-05
"species_0_bathy_extrap",185.136768562698,5.49576870980672e-05
"species_0_bathy_extrap",185.702654633141,5.37393389095087e-05
"species_0_bathy_extrap",186.268540703583,5.25479990756139e-05
"species_0_bathy_extrap",186.834426774025,5.13830709678587e-05
"species_0_bathy_extrap",187.400312844467,5.02439652336761e-05
"species_0_bathy_extrap",187.966198914909,4.91301107103936e-05
"species_0_bathy_extrap",188.532084985352,4.80409471492749e-05
"species_0_bathy_extrap",189.097971055794,4.69759288534988e-05
"species_0_bathy_extrap",189.663857126236,4.59345210401807e-05
"species_0_bathy_extrap",190.229743196678,4.49162253062241e-05
"species_0_bathy_extrap",190.79562926712,4.3920474126935e-05
"species_0_bathy_extrap",191.361515337563,4.29468018410262e-05
"species_0_bathy_extrap",191.927401408005,4.1994710045401e-05
"species_0_bathy_extrap",192.493287478447,4.10637258028146e-05
"species_0_bathy_extrap",193.059173548889,4.01533798140008e-05
"species_0_bathy_extrap",193.625059619331,3.926321369363e-05
"species_0_bathy_extrap",194.190945689774,3.83927799703088e-05
"species_0_bathy_extrap",194.756831760216,3.75416457245592e-05
"species_0_bathy_extrap",195.322717830658,3.67093743989244e-05
"species_0_bathy_extrap",195.8886039011,3.5895558539778e-05
"species_0_bathy_extrap",196.454489971542,3.509980160743e-05
"species_0_bathy_extrap",197.020376041985,3.43216670444235e-05
"species_0_bathy_extrap",197.586262112427,3.35607801389415e-05
"species_0_bathy_extrap",198.152148182869,3.28167625411879e-05
"species_0_bathy_extrap",198.718034253311,3.20892359013669e-05
"species_0_bathy_extrap",199.283920323753,3.13778400595766e-05
"species_0_bathy_extrap",199.849806394196,3.06822148559149e-05
"species_0_bathy_extrap",200.415692464638,3.00020110444166e-05
"species_0_bathy_extrap",200.98157853508,2.93368866550736e-05
"species_0_bathy_extrap",201.547464605522,2.86865051748464e-05
"species_0_bathy_extrap",202.113350675964,2.80505428236211e-05
"species_0_bathy_extrap",202.679236746407,2.74286958301673e-05
"species_0_bathy_extrap",203.245122816849,2.68206185864983e-05
"species_0_bathy_extrap",203.811008887291,2.62260200543096e-05
"species_0_bathy_extrap",204.376894957733,2.56446037383284e-05
"species_0_bathy_extrap",204.942781028175,2.50760767812608e-05
"species_0_bathy_extrap",205.508667098618,2.45201536017703e-05
"species_0_bathy_extrap",206.07455316906,2.39765558944782e-05
"species_0_bathy_extrap",206.640439239502,2.34450071729952e-05
"species_0_bathy_extrap",207.206325309944,2.29252436838578e-05
"species_0_bathy_extrap",207.772211380386,2.24170016736025e-05
"species_0_bathy_extrap",208.338097450829,2.19200283027021e-05
"species_0_bathy_extrap",208.903983521271,2.14340834645554e-05
"species_0_bathy_extrap",209.469869591713,2.09588997677201e-05
"species_0_bathy_extrap",210.035755662155,2.04942516575102e-05
"species_0_bathy_extrap",210.601641732597,2.00399026653031e-05
"species_0_bathy_extrap",211.16752780304,1.95956254174234e-05
"species_0_bathy_extrap",211.733413873482,1.91611998161534e-05
"species_0_bathy_extrap",212.299299943924,1.87364039447857e-05
"species_0_bathy_extrap",212.865186014366,1.83210249815602e-05
"species_0_bathy_extrap",213.431072084808,1.79148555616848e-05
"species_0_bathy_extrap",213.996958155251,1.7517690139357e-05
"species_0_bathy_extrap",214.562844225693,1.71293286257423e-05
"species_0_bathy_extrap",215.128730296135,1.67495873029111e-05
"species_0_bathy_extrap",215.694616366577,1.63782551680924e-05
"species_0_bathy_extrap",216.260502437019,1.60151557793142e-05
"species_0_bathy_extrap",216.826388507462,1.56601054186467e-05
"species_0_bathy_extrap",217.392274577904,1.53129258251283e-05
"species_0_bathy_extrap",217.958160648346,1.49734423757764e-05
"species_0_bathy_extrap",218.524046718788,1.46414859045763e-05
"species_0_bathy_extrap",219.08993278923,1.43168890645029e-05
"species_0_bathy_extrap",219.655818859673,1.399948814651e-05
"species_0_bathy_extrap",220.221704930115,1.36891239890247e-05
"species_0_bathy_extrap",220.787591000557,1.33856392494636e-05
"species_0_bathy_extrap",221.353477070999,1.30888920466532e-05
"species_0_bathy_extrap",221.919363141441,1.27987150335684e-05
"species_0_bathy_extrap",222.485249211884,1.25149708765093e-05
"species_0_bathy_extrap",223.051135282326,1.22375167848077e-05
"species_0_bathy_extrap",223.617021352768,1.19662145152688e-05
"species_0_bathy_extrap",224.18290742321,1.17009267341928e-05
"species_0_bathy_extrap",224.748793493652,1.14415197458584e-05
"species_0_bathy_extrap",225.314679564095,1.1187864402018e-05
"species_0_bathy_extrap",225.880565634537,1.0939831554424e-05
"species_0_bathy_extrap",226.446451704979,1.06972984212916e-05
"species_0_bathy_extrap",227.012337775421,1.04601413113414e-05
"species_0_bathy_extrap",227.578223845863,1.02282483567251e-05
"species_0_bathy_extrap",228.144109916306,1.0001490409195e-05
"species_0_bathy_extrap",228.709995986748,9.77975923888152e-06
"species_0_bathy_extrap",229.27588205719,9.56294479692588e-06
"species_0_bathy_extrap",229.841768127632,9.3509361249744e-06
"species_0_bathy_extrap",230.407654198074,9.14362772164168e-06
"species_0_bathy_extrap",230.973540268517,8.94091499503702e-06
"species_0_bathy_extrap",231.539426338959,8.74269699124852e-06
"species_0_bathy_extrap",232.105312409401,8.54887275636429e-06
"species_0_bathy_extrap",232.671198479843,8.35934588394593e-06
"species_0_bathy_extrap",233.237084550285,8.17401996755507e-06
"species_0_bathy_extrap",233.802970620728,7.99280860519502e-06
"species_0_bathy_extrap",234.36885669117,7.8156090239645e-06
"species_0_bathy_extrap",234.934742761612,7.64233845984563e-06
"species_0_bathy_extrap",235.500628832054,7.4729091465997e-06
"species_0_bathy_extrap",236.066514902496,7.3072360464721e-06
"species_0_bathy_extrap",236.632400972939,7.14523548595025e-06
"species_0_bathy_extrap",237.198287043381,7.09203732185415e-06
"species_0_bathy_extrap",237.764173113823,7.09203732185415e-06
"species_0_bathy_extrap",238.330059184265,7.09203732185415e-06
"species_0_bathy_extrap",238.895945254707,7.09203732185415e-06
"species_0_bathy_extrap",239.46183132515,7.09203732185415e-06
"species_0_bathy_extrap",240.027717395592,7.09203732185415e-06
"species_0_bathy_extrap",240.593603466034,7.09203732185415e-06
"species_0_bathy_extrap",241.159489536476,7.09203732185415e-06
"species_0_bathy_extrap",241.725375606918,7.09203732185415e-06
"species_0_bathy_extrap",242.291261677361,7.09203732185415e-06
"species_0_bathy_extrap",242.857147747803,7.09203732185415e-06
"species_0_bathy_extrap",243.423033818245,7.09203732185415e-06
"species_0_bathy_extrap",243.988919888687,7.09203732185415e-06
"species_0_bathy_extrap",244.554805959129,7.09203732185415e-06
"species_0_bathy_extrap",245.120692029572,7.09203732185415e-06
"species_0_bathy_extrap",245.686578100014,7.09203732185415e-06
"species_0_bathy_extrap",246.252464170456,7.09203732185415e-06
"species_0_bathy_extrap",246.818350240898,7.09203732185415e-06
"species_0_bathy_extrap",247.38423631134,7.09203732185415e-06
"species_0_bathy_extrap",247.950122381783,7.09203732185415e-06
"species_0_bathy_extrap",248.516008452225,7.09203732185415e-06
"species_0_bathy_extrap",249.081894522667,7.09203732185415e-06
"species_0_bathy_extrap",249.647780593109,7.09203732185415e-06
"species_0_bathy_extrap",250.213666663551,7.09203732185415e-06
"species_0_bathy_extrap",250.779552733994,7.09203732185415e-06
"species_0_bathy_extrap",251.345438804436,7.09203732185415e-06
"species_0_bathy_extrap",251.911324874878,7.09203732185415e-06
"species_0_bathy_extrap",252.47721094532,7.09203732185415e-06
"species_0_bathy_extrap",253.043097015762,7.09203732185415e-06
"species_0_bathy_extrap",253.608983086205,7.09203732185415e-06
"species_0_bathy_extrap",254.174869156647,7.09203732185415e-06
"species_0_bathy_extrap",254.740755227089,7.09203732185415e-06
"species_0_bathy_extrap",255.306641297531,7.09203732185415e-06
"species_0_bathy_extrap",255.872527367973,7.09203732185415e-06
"species_0_bathy_extrap",256.438413438416,7.09203732185415e-06
"species_0_bathy_extrap",257.004299508858,7.09203732185415e-06
"species_0_bathy_extrap",257.5701855793,7.09203732185415e-06
"species_0_bathy_extrap",258.136071649742,7.09203732185415e-06
"species_0_bathy_extrap",258.701957720184,7.09203732185415e-06
"species_0_bathy_extrap",259.267843790627,7.09203732185415e-06
"species_0_bathy_extrap",259.833729861069,7.09203732185415e-06
"species_0_bathy_extrap",260.399615931511,7.09203732185415e-06
"species_0_contemp_ice_extrap_only",-9.91452462375168,0.000103218568256125
"species_0_contemp_ice_extrap_only",-9.6649954394341,0.000103218568256125
"species_0_contemp_ice_extrap_only",-9.41546625511651,0.000103218568256125
"species_0_contemp_ice_extrap_only",-9.16593707079892,0.000103218568256125
"species_0_contemp_ice_extrap_only",-8.91640788648133,0.000103218568256125
"species_0_contemp_ice_extrap_only",-8.66687870216374,0.000103218568256125
"species_0_contemp_ice_extrap_only",-8.41734951784615,0.000103218568256125
"species_0_contemp_ice_extrap_only",-8.16782033352856,0.000103218568256125
"species_0_contemp_ice_extrap_only",-7.91829114921097,0.000103218568256125
"species_0_contemp_ice_extrap_only",-7.66876196489338,0.000103218568256125
"species_0_contemp_ice_extrap_only",-7.41923278057579,0.000103218568256125
"species_0_contemp_ice_extrap_only",-7.1697035962582,0.000103218568256125
"species_0_contemp_ice_extrap_only",-6.92017441194061,0.000103218568256125
"species_0_contemp_ice_extrap_only",-6.67064522762302,0.000103218568256125
"species_0_contemp_ice_extrap_only",-6.42111604330543,0.000103218568256125
"species_0_contemp_ice_extrap_only",-6.17158685898784,0.000103218568256125
"species_0_contemp_ice_extrap_only",-5.92205767467025,0.000103218568256125
"species_0_contemp_ice_extrap_only",-5.67252849035266,0.000103218568256125
"species_0_contemp_ice_extrap_only",-5.42299930603507,0.000103218568256125
"species_0_contemp_ice_extrap_only",-5.17347012171748,0.000103218568256125
"species_0_contemp_ice_extrap_only",-4.92394093739989,0.000103218568256125
"species_0_contemp_ice_extrap_only",-4.6744117530823,0.000103218568256125
"species_0_contemp_ice_extrap_only",-4.42488256876471,0.000103218568256125
"species_0_contemp_ice_extrap_only",-4.17535338444712,0.000103218568256125
"species_0_contemp_ice_extrap_only",-3.92582420012953,0.000103218568256125
"species_0_contemp_ice_extrap_only",-3.67629501581194,0.000103218568256125
"species_0_contemp_ice_extrap_only",-3.42676583149435,0.000103218568256125
"species_0_contemp_ice_extrap_only",-3.17723664717676,0.000103218568256125
"species_0_contemp_ice_extrap_only",-2.92770746285917,0.000103218568256125
"species_0_contemp_ice_extrap_only",-2.67817827854158,0.000103218568256125
"species_0_contemp_ice_extrap_only",-2.42864909422399,0.000103218568256125
"species_0_contemp_ice_extrap_only",-2.1791199099064,0.000103218568256125
"species_0_contemp_ice_extrap_only",-1.92959072558881,0.000103218568256125
"species_0_contemp_ice_extrap_only",-1.68006154127122,0.000103218568256125
"species_0_contemp_ice_extrap_only",-1.43053235695363,0.000103218568256125
"species_0_contemp_ice_extrap_only",-1.18100317263604,0.000103218568256125
"species_0_contemp_ice_extrap_only",-0.93147398831845,0.000103218568256125
"species_0_contemp_ice_extrap_only",-0.68194480400086,0.000103218568256125
"species_0_contemp_ice_extrap_only",-0.432415619683269,0.000103218568256125
"species_0_contemp_ice_extrap_only",-0.182886435365679,0.000103218568256125
"species_0_contemp_ice_extrap_only",0.0666427489519101,0.000103218568256125
"species_0_contemp_ice_extrap_only",0.3161719332695,0.000103218568256125
"species_0_contemp_ice_extrap_only",0.565701117587089,0.00010544551332714
"species_0_contemp_ice_extrap_only",0.81523030190468,0.000112424539111089
"species_0_contemp_ice_extrap_only",1.06475948622227,0.000119874661322683
"species_0_contemp_ice_extrap_only",1.31428867053986,0.000127828257973306
"species_0_contemp_ice_extrap_only",1.56381785485745,0.000136320028104819
"species_0_contemp_ice_extrap_only",1.81334703917504,0.000145387020893395
"species_0_contemp_ice_extrap_only",2.06287622349263,0.000155068933963776
"species_0_contemp_ice_extrap_only",2.31240540781022,0.000165408244356513
"species_0_contemp_ice_extrap_only",2.56193459212781,0.000176450412254781
"species_0_contemp_ice_extrap_only",2.8114637764454,0.000188244084711187
"species_0_contemp_ice_extrap_only",3.06099296076299,0.000200841343030334
"species_0_contemp_ice_extrap_only",3.31052214508058,0.000214297921047546
"species_0_contemp_ice_extrap_only",3.56005132939817,0.000228673554374836
"species_0_contemp_ice_extrap_only",3.80958051371576,0.000244032067712396
"species_0_contemp_ice_extrap_only",4.05910969803335,0.00026044191326946
"species_0_contemp_ice_extrap_only",4.30863888235094,0.000277976359939203
"species_0_contemp_ice_extrap_only",4.55816806666853,0.000296713813440874
"species_0_contemp_ice_extrap_only",4.80769725098612,0.000316738325636834
"species_0_contemp_ice_extrap_only",5.05722643530371,0.000338139827363193
"species_0_contemp_ice_extrap_only",5.3067556196213,0.000361014623194933
"species_0_contemp_ice_extrap_only",5.55628480393889,0.000385466060834005
"species_0_contemp_ice_extrap_only",5.80581398825648,0.000411604531109333
"species_0_contemp_ice_extrap_only",6.05534317257407,0.000439548573922366
"species_0_contemp_ice_extrap_only",6.30487235689166,0.000469425023766235
"species_0_contemp_ice_extrap_only",6.55440154120925,0.000501369766425341
"species_0_contemp_ice_extrap_only",6.80393072552684,0.000535528466571122
"species_0_contemp_ice_extrap_only",7.05345990984443,0.000572057208046317
"species_0_contemp_ice_extrap_only",7.30298909416202,0.000611123046837747
"species_0_contemp_ice_extrap_only",7.55251827847961,0.000652905262541026
"species_0_contemp_ice_extrap_only",7.80204746279719,0.000697595824021846
"species_0_contemp_ice_extrap_only",8.05157664711479,0.000745400553569198
"species_0_contemp_ice_extrap_only",8.30110583143238,0.00079653988359496
"species_0_contemp_ice_extrap_only",8.55063501574996,0.000851250486448407
"species_0_contemp_ice_extrap_only",8.80016420006756,0.000909785216208547
"species_0_contemp_ice_extrap_only",9.04969338438515,0.000972416019067168
"species_0_contemp_ice_extrap_only",9.29922256870274,0.00103943422436714
"species_0_contemp_ice_extrap_only",9.54875175302033,0.00111115130130202
"species_0_contemp_ice_extrap_only",9.79828093733791,0.00118790217675269
"species_0_contemp_ice_extrap_only",10.0478101216555,0.00127004575915635
"species_0_contemp_ice_extrap_only",10.2973393059731,0.0013579661026597
"species_0_contemp_ice_extrap_only",10.5468684902907,0.00145207566674799
"species_0_contemp_ice_extrap_only",10.7963976746083,0.00155281648039818
"species_0_contemp_ice_extrap_only",11.0459268589259,0.00166066305246204
"species_0_contemp_ice_extrap_only",11.2954560432435,0.00177612260449678
"species_0_contemp_ice_extrap_only",11.544985227561,0.00189974042586982
"species_0_contemp_ice_extrap_only",11.7945144118786,0.00203210138715804
"species_0_contemp_ice_extrap_only",12.0440435961962,0.00217383075505495
"species_0_contemp_ice_extrap_only",12.2935727805138,0.00232560094445944
"species_0_contemp_ice_extrap_only",12.5431019648314,0.00248813279904425
"species_0_contemp_ice_extrap_only",12.792631149149,0.00266219722107053
"species_0_contemp_ice_extrap_only",13.0421603334666,0.00284862285479903
"species_0_contemp_ice_extrap_only",13.2916895177842,0.00304829841479659
"species_0_contemp_ice_extrap_only",13.5412187021018,0.0032621743157506
"species_0_contemp_ice_extrap_only",13.7907478864194,0.00349127175286412
"species_0_contemp_ice_extrap_only",14.0402770707369,0.00373668596148491
"species_0_contemp_ice_extrap_only",14.2898062550545,0.00399958807975054
"species_0_contemp_ice_extrap_only",14.5393354393721,0.00428123585879803
"species_0_contemp_ice_extrap_only",14.7888646236897,0.00458297878503799
"species_0_contemp_ice_extrap_only",15.0383938080073,0.00490625854581594
"species_0_contemp_ice_extrap_only",15.2879229923249,0.00525262486189604
"species_0_contemp_ice_extrap_only",15.5374521766425,0.00562373595312238
"species_0_contemp_ice_extrap_only",15.7869813609601,0.00602137157693505
"species_0_contemp_ice_extrap_only",16.0365105452777,0.00644743209704757
"species_0_contemp_ice_extrap_only",16.2860397295953,0.00690395850688219
"species_0_contemp_ice_extrap_only",16.5355689139128,0.00739313568919897
"species_0_contemp_ice_extrap_only",16.7850980982304,0.00791730638593435
"species_0_contemp_ice_extrap_only",17.034627282548,0.00847896654158831
"species_0_contemp_ice_extrap_only",17.2841564668656,0.0090807992964983
"species_0_contemp_ice_extrap_only",17.5336856511832,0.00964857917279005
"species_0_contemp_ice_extrap_only",17.7832148355008,0.0097008291631937
"species_0_contemp_ice_extrap_only",18.0327440198184,0.00975410360842943
"species_0_contemp_ice_extrap_only",18.282273204136,0.00980841647833586
"species_0_contemp_ice_extrap_only",18.5318023884536,0.0098637817427516
"species_0_contemp_ice_extrap_only",18.7813315727712,0.0099202124401927
"species_0_contemp_ice_extrap_only",19.0308607570887,0.00997772440314293
"species_0_contemp_ice_extrap_only",19.2803899414063,0.0100363325327635
"species_0_contemp_ice_extrap_only",19.5299191257239,0.010096050798893
"species_0_contemp_ice_extrap_only",19.7794483100415,0.0101568950340152
"species_0_contemp_ice_extrap_only",20.0289774943591,0.010218882933259
"species_0_contemp_ice_extrap_only",20.2785066786767,0.0102820284664631
"species_0_contemp_ice_extrap_only",20.5280358629943,0.0103463493287563
"species_0_contemp_ice_extrap_only",20.7775650473119,0.0104118622839451
"species_0_contemp_ice_extrap_only",21.0270942316295,0.0104785850271583
"species_0_contemp_ice_extrap_only",21.276623415947,0.0105465343222022
"species_0_contemp_ice_extrap_only",21.5261526002646,0.010615729726851
"species_0_contemp_ice_extrap_only",21.7756817845822,0.0106861889362335
"species_0_contemp_ice_extrap_only",22.0252109688998,0.0107579296454787
"species_0_contemp_ice_extrap_only",22.2747401532174,0.0108309732750058
"species_0_contemp_ice_extrap_only",22.524269337535,0.0109053375199437
"species_0_contemp_ice_extrap_only",22.7737985218526,0.0109810447320342
"species_0_contemp_ice_extrap_only",23.0233277061702,0.0110581135377288
"species_0_contemp_ice_extrap_only",23.2728568904878,0.0111365672200918
"species_0_contemp_ice_extrap_only",23.5223860748054,0.0112164244055748
"species_0_contemp_ice_extrap_only",23.771915259123,0.0112977083772421
"species_0_contemp_ice_extrap_only",24.0214444434405,0.0113804424181581
"species_0_contemp_ice_extrap_only",24.2709736277581,0.0114646479487419
"species_0_contemp_ice_extrap_only",24.5205028120757,0.0115503491833806
"species_0_contemp_ice_extrap_only",24.7700319963933,0.0116375703364611
"species_0_contemp_ice_extrap_only",25.0195611807109,0.0117263346910477
"species_0_contemp_ice_extrap_only",25.2690903650285,0.0118166683241725
"species_0_contemp_ice_extrap_only",25.5186195493461,0.0119085963815451
"species_0_contemp_ice_extrap_only",25.7681487336637,0.0120021440088749
"species_0_contemp_ice_extrap_only",26.0176779179813,0.0120973382145166
"species_0_contemp_ice_extrap_only",26.2672071022988,0.0121942069381475
"species_0_contemp_ice_extrap_only",26.5167362866164,0.0122927781194448
"species_0_contemp_ice_extrap_only",26.766265470934,0.0123930787667632
"species_0_contemp_ice_extrap_only",27.0157946552516,0.0124951377511024
"species_0_contemp_ice_extrap_only",27.2653238395692,0.0125989848747849
"species_0_contemp_ice_extrap_only",27.5148530238868,0.0127046508714557
"species_0_contemp_ice_extrap_only",27.7643822082044,0.0128121664747596
"species_0_contemp_ice_extrap_only",28.013911392522,0.0129215633496642
"species_0_contemp_ice_extrap_only",28.2634405768396,0.0130328722298145
"species_0_contemp_ice_extrap_only",28.5129697611572,0.0131461275741458
"species_0_contemp_ice_extrap_only",28.7624989454747,0.0132613610476255
"species_0_contemp_ice_extrap_only",29.0120281297923,0.0133786089718342
"species_0_contemp_ice_extrap_only",29.2615573141099,0.013497905805707
"species_0_contemp_ice_extrap_only",29.5110864984275,0.0136192869395018
"species_0_contemp_ice_extrap_only",29.7606156827451,0.0137427886947989
"species_0_contemp_ice_extrap_only",30.0101448670627,0.0138684483245015
"species_0_contemp_ice_extrap_only",30.2596740513803,0.013996304012835
"species_0_contemp_ice_extrap_only",30.5092032356979,0.014126393944025
"species_0_contemp_ice_extrap_only",30.7587324200155,0.0142587600275874
"species_0_contemp_ice_extrap_only",31.008261604333,0.0143934404477477
"species_0_contemp_ice_extrap_only",31.2577907886506,0.0145304789766669
"species_0_contemp_ice_extrap_only",31.5073199729682,0.0146699156612158
"species_0_contemp_ice_extrap_only",31.7568491572858,0.0148117952048779
"species_0_contemp_ice_extrap_only",32.0063783416034,0.0149561613798141
"species_0_contemp_ice_extrap_only",32.255907525921,0.0151030598208308
"species_0_contemp_ice_extrap_only",32.5054367102386,0.0152525343000889
"species_0_contemp_ice_extrap_only",32.7549658945562,0.0154046360403299
"species_0_contemp_ice_extrap_only",33.0044950788738,0.0155594078823924
"species_0_contemp_ice_extrap_only",33.2540242631914,0.0157169047743082
"species_0_contemp_ice_extrap_only",33.503553447509,0.0158771742135286
"species_0_contemp_ice_extrap_only",33.7530826318265,0.0160402655601501
"species_0_contemp_ice_extrap_only",34.0026118161441,0.0162062365561724
"species_0_contemp_ice_extrap_only",34.2521410004617,0.016375133767724
"species_0_contemp_ice_extrap_only",34.5016701847793,0.0165470186620951
"species_0_contemp_ice_extrap_only",34.7511993690969,0.0167219415307045
"species_0_contemp_ice_extrap_only",35.0007285534145,0.0168999638408422
"species_0_contemp_ice_extrap_only",35.2502577377321,0.0170811433345079
"species_0_contemp_ice_extrap_only",35.4997869220497,0.0172655340284109
"species_0_contemp_ice_extrap_only",35.7493161063673,0.0174532067030668
"species_0_contemp_ice_extrap_only",35.9988452906849,0.0176442135125399
"species_0_contemp_ice_extrap_only",36.2483744750024,0.0178386270999908
"species_0_contemp_ice_extrap_only",36.49790365932,0.0180365052074194
"species_0_contemp_ice_extrap_only",36.7474328436376,0.0182379186153412
"species_0_contemp_ice_extrap_only",36.9969620279552,0.0184429362416267
"species_0_contemp_ice_extrap_only",37.2464912122728,0.0186516214162111
"species_0_contemp_ice_extrap_only",37.4960203965904,0.0188640505075455
"species_0_contemp_ice_extrap_only",37.745549580908,0.0190802924335003
"species_0_contemp_ice_extrap_only",37.9950787652256,0.019300427287817
"species_0_contemp_ice_extrap_only",38.2446079495432,0.0195245239883661
"species_0_contemp_ice_extrap_only",38.4941371338607,0.0197526607662439
"species_0_contemp_ice_extrap_only",38.7436663181783,0.0199849214404821
"species_0_contemp_ice_extrap_only",38.9931955024959,0.0202213786542416
"species_0_contemp_ice_extrap_only",39.2427246868135,0.0204621255397797
"species_0_contemp_ice_extrap_only",39.4922538711311,0.0207072347402573
"species_0_contemp_ice_extrap_only",39.7417830554487,0.0209568031132221
"species_0_contemp_ice_extrap_only",39.9913122397663,0.021210914477706
"species_0_contemp_ice_extrap_only",40.2408414240839,0.0214696545153856
"species_0_contemp_ice_extrap_only",40.4903706084015,0.021733121946454
"species_0_contemp_ice_extrap_only",40.7398997927191,0.0220014043152332
"species_0_contemp_ice_extrap_only",40.9894289770367,0.0222746059298515
"species_0_contemp_ice_extrap_only",41.2389581613542,0.0225528161972761
"species_0_contemp_ice_extrap_only",41.4884873456718,0.0228361431509256
"species_0_contemp_ice_extrap_only",41.7380165299894,0.0231246873736382
"species_0_contemp_ice_extrap_only",41.987545714307,0.0234185475856066
"species_0_contemp_ice_extrap_only",42.2370748986246,0.0237178411334753
"species_0_contemp_ice_extrap_only",42.4866040829422,0.0240226667374372
"species_0_contemp_ice_extrap_only",42.7361332672598,0.0243331454694271
"species_0_contemp_ice_extrap_only",42.9856624515774,0.0246493853628635
"species_0_contemp_ice_extrap_only",43.235191635895,0.0249715093523264
"species_0_contemp_ice_extrap_only",43.4847208202125,0.0252996347844601
"species_0_contemp_ice_extrap_only",43.7342500045301,0.025633879005909
"species_0_contemp_ice_extrap_only",43.9837791888477,0.0259743742644787
"species_0_contemp_ice_extrap_only",44.2333083731653,0.0263212416321039
"species_0_contemp_ice_extrap_only",44.4828375574829,0.0266746189445257
"species_0_contemp_ice_extrap_only",44.7323667418005,0.0270346365869045
"species_0_contemp_ice_extrap_only",44.9818959261181,0.0274014249444008
"species_0_contemp_ice_extrap_only",45.2314251104357,0.0277751348912716
"species_0_contemp_ice_extrap_only",45.4809542947533,0.0281558949500322
"species_0_contemp_ice_extrap_only",45.7304834790709,0.0285438653081656
"species_0_contemp_ice_extrap_only",45.9800126633885,0.0289391819387674
"species_0_contemp_ice_extrap_only",46.229541847706,0.029342008754611
"species_0_contemp_ice_extrap_only",46.4790710320236,0.0297524947673082
"species_0_contemp_ice_extrap_only",46.7286002163412,0.0301707945764065
"species_0_contemp_ice_extrap_only",46.9781294006588,0.0305970814079046
"species_0_contemp_ice_extrap_only",47.2276585849764,0.0310315079987049
"species_0_contemp_ice_extrap_only",47.477187769294,0.0314742587506771
"species_0_contemp_ice_extrap_only",47.7267169536116,0.0319254957139492
"species_0_contemp_ice_extrap_only",47.9762461379292,0.0323854051530361
"species_0_contemp_ice_extrap_only",48.2257753222468,0.0328541658818722
"species_0_contemp_ice_extrap_only",48.4753045065643,0.0333319492638111
"species_0_contemp_ice_extrap_only",48.7248336908819,0.0338189676403999
"species_0_contemp_ice_extrap_only",48.9743628751995,0.0343153923749924
"species_0_contemp_ice_extrap_only",49.2238920595171,0.0348214395344257
"species_0_contemp_ice_extrap_only",49.4734212438347,0.0353373065590858
"species_0_contemp_ice_extrap_only",49.7229504281523,0.0358631834387779
"species_0_contemp_ice_extrap_only",49.9724796124699,0.0363993048667908
"species_0_contemp_ice_extrap_only",50.2220087967875,0.0369458682835102
"species_0_contemp_ice_extrap_only",50.4715379811051,0.0375031046569347
"species_0_contemp_ice_extrap_only",50.7210671654227,0.0380712300539017
"species_0_contemp_ice_extrap_only",50.9705963497402,0.0386504903435707
"species_0_contemp_ice_extrap_only",51.2201255340578,0.0392411090433598
"species_0_contemp_ice_extrap_only",51.4696547183754,0.039843313395977
"species_0_contemp_ice_extrap_only",51.719183902693,0.0404573753476143
"species_0_contemp_ice_extrap_only",51.9687130870106,0.0410835221409798
"species_0_contemp_ice_extrap_only",52.2182422713282,0.0417220294475555
"species_0_contemp_ice_extrap_only",52.4677714556458,0.0423731356859207
"species_0_contemp_ice_extrap_only",52.7173006399634,0.0430371314287186
"species_0_contemp_ice_extrap_only",52.966829824281,0.0437142811715603
"species_0_contemp_ice_extrap_only",53.2163590085986,0.0444048494100571
"species_0_contemp_ice_extrap_only",53.4658881929161,0.0451091416180134
"species_0_contemp_ice_extrap_only",53.7154173772337,0.0458274260163307
"species_0_contemp_ice_extrap_only",53.9649465615513,0.0465600229799747
"species_0_contemp_ice_extrap_only",54.2144757458689,0.0473072230815887
"species_0_contemp_ice_extrap_only",54.4640049301865,0.0480693243443966
"species_0_contemp_ice_extrap_only",54.7135341145041,0.0488466694951057
"species_0_contemp_ice_extrap_only",54.9630632988217,0.0496395491063595
"species_0_contemp_ice_extrap_only",55.2125924831393,0.0504483208060265
"species_0_contemp_ice_extrap_only",55.4621216674569,0.0512732937932014
"species_0_contemp_ice_extrap_only",55.7116508517745,0.052114836871624
"species_0_contemp_ice_extrap_only",55.961180036092,0.0529732890427113
"species_0_contemp_ice_extrap_only",56.2107092204096,0.0538489893078804
"species_0_contemp_ice_extrap_only",56.4602384047272,0.0547423325479031
"species_0_contemp_ice_extrap_only",56.7097675890448,0.0556536577641964
"species_0_contemp_ice_extrap_only",56.9592967733624,0.0565833747386932
"species_0_contemp_ice_extrap_only",57.20882595768,0.0575318410992622
"species_0_contemp_ice_extrap_only",57.4583551419976,0.0584994778037071
"species_0_contemp_ice_extrap_only",57.7078843263152,0.0594866760075092
"species_0_contemp_ice_extrap_only",57.9574135106328,0.0604938268661499
"species_0_contemp_ice_extrap_only",58.2069426949503,0.061521377414465
"species_0_contemp_ice_extrap_only",58.4564718792679,0.062569722533226
"species_0_contemp_ice_extrap_only",58.7060010635855,0.063639335334301
"species_0_contemp_ice_extrap_only",58.9555302479031,0.064730629324913
"species_0_contemp_ice_extrap_only",59.2050594322207,0.0658440440893173
"species_0_contemp_ice_extrap_only",59.4545886165383,0.0669800788164139
"species_0_contemp_ice_extrap_only",59.7041178008559,0.0681421607732773
"species_0_contemp_ice_extrap_only",59.9536469851735,0.0694008842110634
"species_0_contemp_ice_extrap_only",60.2031761694911,0.0708408206701279
"species_0_contemp_ice_extrap_only",60.4527053538087,0.0724139288067818
"species_0_contemp_ice_extrap_only",60.7022345381262,0.0740637928247452
"species_0_contemp_ice_extrap_only",60.9517637224438,0.0757944658398628
"species_0_contemp_ice_extrap_only",61.2012929067614,0.0775799006223679
"species_0_contemp_ice_extrap_only",61.450822091079,0.0794126316905022
"species_0_contemp_ice_extrap_only",61.7003512753966,0.0813556462526321
"species_0_contemp_ice_extrap_only",61.9498804597142,0.0838452056050301
"species_0_contemp_ice_extrap_only",62.1994096440318,0.0865380987524986
"species_0_contemp_ice_extrap_only",62.4489388283494,0.0893731191754341
"species_0_contemp_ice_extrap_only",62.698468012667,0.0922980457544327
"species_0_contemp_ice_extrap_only",62.9479971969846,0.0953153669834137
"species_0_contemp_ice_extrap_only",63.1975263813021,0.0984274223446846
"species_0_contemp_ice_extrap_only",63.4470555656197,0.10163675993681
"species_0_contemp_ice_extrap_only",63.6965847499373,0.104945801198483
"species_0_contemp_ice_extrap_only",63.9461139342549,0.108356967568398
"species_0_contemp_ice_extrap_only",64.1956431185725,0.11187282204628
"species_0_contemp_ice_extrap_only",64.4451723028901,0.115495957434177
"species_0_contemp_ice_extrap_only",64.6947014872077,0.119228653609753
"species_0_contemp_ice_extrap_only",64.9442306715253,0.123073525726795
"species_0_contemp_ice_extrap_only",65.1937598558429,0.127033039927483
"species_0_contemp_ice_extrap_only",65.4432890401605,0.131109818816185
"species_0_contemp_ice_extrap_only",65.692818224478,0.135306030511856
"species_0_contemp_ice_extrap_only",65.9423474087956,0.139624208211899
"species_0_contemp_ice_extrap_only",66.1918765931132,0.144066900014877
"species_0_contemp_ice_extrap_only",66.4414057774308,0.148636132478714
"species_0_contemp_ice_extrap_only",66.6909349617484,0.153334319591522
"species_0_contemp_ice_extrap_only",66.940464146066,0.158163845539093
"species_0_contemp_ice_extrap_only",67.1899933303836,0.163126543164253
"species_0_contemp_ice_extrap_only",67.4395225147012,0.16822461783886
"species_0_contemp_ice_extrap_only",67.6890516990188,0.173460051417351
"species_0_contemp_ice_extrap_only",67.9385808833364,0.178834870457649
"species_0_contemp_ice_extrap_only",68.188110067654,0.18435050547123
"species_0_contemp_ice_extrap_only",68.4376392519715,0.190008759498596
"species_0_contemp_ice_extrap_only",68.6871684362891,0.195811301469803
"species_0_contemp_ice_extrap_only",68.9366976206067,0.201759144663811
"species_0_contemp_ice_extrap_only",69.1862268049243,0.207853645086288
"species_0_contemp_ice_extrap_only",69.4357559892419,0.214095830917358
"species_0_contemp_ice_extrap_only",69.6852851735595,0.220486745238304
"species_0_contemp_ice_extrap_only",69.9348143578771,0.227026641368866
"species_0_contemp_ice_extrap_only",70.1843435421947,0.233716174960136
"species_0_contemp_ice_extrap_only",70.4338727265122,0.240555763244629
"species_0_contemp_ice_extrap_only",70.6834019108298,0.247545003890991
"species_0_contemp_ice_extrap_only",70.9329310951474,0.254683822393417
"species_0_contemp_ice_extrap_only",71.182460279465,0.261971771717072
"species_0_contemp_ice_extrap_only",71.4319894637826,0.269408255815506
"species_0_contemp_ice_extrap_only",71.6815186481002,0.276991844177246
"species_0_contemp_ice_extrap_only",71.9310478324178,0.284721374511719
"species_0_contemp_ice_extrap_only",72.1805770167354,0.292595535516739
"species_0_contemp_ice_extrap_only",72.430106201053,0.300611883401871
"species_0_contemp_ice_extrap_only",72.6796353853706,0.308768451213837
"species_0_contemp_ice_extrap_only",72.9291645696882,0.317062705755234
"species_0_contemp_ice_extrap_only",73.1786937540057,0.325492024421692
"species_0_contemp_ice_extrap_only",73.4282229383233,0.334052711725235
"species_0_contemp_ice_extrap_only",73.6777521226409,0.342741519212723
"species_0_contemp_ice_extrap_only",73.9272813069585,0.351554840803146
"species_0_contemp_ice_extrap_only",74.1768104912761,0.360487997531891
"species_0_contemp_ice_extrap_only",74.4263396755937,0.369536757469177
"species_0_contemp_ice_extrap_only",74.6758688599113,0.378696262836456
"species_0_contemp_ice_extrap_only",74.9253980442289,0.387961715459824
"species_0_contemp_ice_extrap_only",75.1749272285465,0.397327065467834
"species_0_contemp_ice_extrap_only",75.424456412864,0.406786799430847
"species_0_contemp_ice_extrap_only",75.6739855971816,0.416335225105286
"species_0_contemp_ice_extrap_only",75.9235147814992,0.425965398550034
"species_0_contemp_ice_extrap_only",76.1730439658168,0.435670971870422
"species_0_contemp_ice_extrap_only",76.4225731501344,0.445445477962494
"species_0_contemp_ice_extrap_only",76.672102334452,0.455281138420105
"species_0_contemp_ice_extrap_only",76.9216315187696,0.465170979499817
"species_0_contemp_ice_extrap_only",77.1711607030872,0.47510752081871
"species_0_contemp_ice_extrap_only",77.4206898874048,0.485083371400833
"species_0_contemp_ice_extrap_only",77.6702190717224,0.495090067386627
"species_0_contemp_ice_extrap_only",77.91974825604,0.505119979381561
"species_0_contemp_ice_extrap_only",78.1692774403575,0.515165269374847
"species_0_contemp_ice_extrap_only",78.4188066246751,0.525217294692993
"species_0_contemp_ice_extrap_only",78.6683358089927,0.535268068313599
"species_0_contemp_ice_extrap_only",78.9178649933103,0.545309364795685
"species_0_contemp_ice_extrap_only",79.1673941776279,0.555333316326141
"species_0_contemp_ice_extrap_only",79.4169233619455,0.565331041812897
"species_0_contemp_ice_extrap_only",79.6664525462631,0.57529479265213
"species_0_contemp_ice_extrap_only",79.9159817305807,0.585216701030731
"species_0_contemp_ice_extrap_only",80.1655109148982,0.595088183879852
"species_0_contemp_ice_extrap_only",80.4150400992158,0.604901850223541
"species_0_contemp_ice_extrap_only",80.6645692835334,0.614649891853333
"species_0_contemp_ice_extrap_only",80.914098467851,0.624325156211853
"species_0_contemp_ice_extrap_only",81.1636276521686,0.633919835090637
"species_0_contemp_ice_extrap_only",81.4131568364862,0.643427073955536
"species_0_contemp_ice_extrap_only",81.6626860208038,0.652840375900269
"species_0_contemp_ice_extrap_only",81.9122152051214,0.662152647972107
"species_0_contemp_ice_extrap_only",82.161744389439,0.671357870101929
"species_0_contemp_ice_extrap_only",82.4112735737566,0.680450081825256
"species_0_contemp_ice_extrap_only",82.6608027580742,0.68942391872406
"species_0_contemp_ice_extrap_only",82.9103319423917,0.698273420333862
"species_0_contemp_ice_extrap_only",83.1598611267093,0.706993937492371
"species_0_contemp_ice_extrap_only",83.4093903110269,0.715580999851227
"species_0_contemp_ice_extrap_only",83.6589194953445,0.724029779434204
"species_0_contemp_ice_extrap_only",83.9084486796621,0.732336640357971
"species_0_contemp_ice_extrap_only",84.1579778639797,0.740497827529907
"species_0_contemp_ice_extrap_only",84.4075070482973,0.748510360717773
"species_0_contemp_ice_extrap_only",84.6570362326149,0.756370902061462
"species_0_contemp_ice_extrap_only",84.9065654169325,0.760794341564178
"species_0_contemp_ice_extrap_only",85.1560946012501,0.76316100358963
"species_0_contemp_ice_extrap_only",85.4056237855676,0.76495087146759
"species_0_contemp_ice_extrap_only",85.6551529698852,0.766042828559875
"species_0_contemp_ice_extrap_only",85.9046821542028,0.767145037651062
"species_0_contemp_ice_extrap_only",86.1542113385204,0.76825737953186
"species_0_contemp_ice_extrap_only",86.403740522838,0.76883339881897
"species_0_contemp_ice_extrap_only",86.6532697071556,0.76928985118866
"species_0_contemp_ice_extrap_only",86.9027988914732,0.769759356975555
"species_0_contemp_ice_extrap_only",87.1523280757908,0.770241796970367
"species_0_contemp_ice_extrap_only",87.4018572601084,0.770737171173096
"species_0_contemp_ice_extrap_only",87.651386444426,0.771245419979095
"species_0_contemp_ice_extrap_only",87.9009156287435,0.771766424179077
"species_0_contemp_ice_extrap_only",88.1504448130611,0.772300124168396
"species_0_contemp_ice_extrap_only",88.3999739973787,0.772846460342407
"species_0_contemp_ice_extrap_only",88.6495031816963,0.773405432701111
"species_0_contemp_ice_extrap_only",88.8990323660139,0.773976862430573
"species_0_contemp_ice_extrap_only",89.1485615503315,0.774560749530792
"species_0_contemp_ice_extrap_only",89.3980907346491,0.77515697479248
"species_0_contemp_ice_extrap_only",89.6476199189667,0.775765478610992
"species_0_contemp_ice_extrap_only",89.8971491032843,0.776386260986328
"species_0_contemp_ice_extrap_only",90.1466782876018,0.777019083499908
"species_0_contemp_ice_extrap_only",90.3962074719194,0.777664005756378
"species_0_contemp_ice_extrap_only",90.645736656237,0.778320908546448
"species_0_contemp_ice_extrap_only",90.8952658405546,0.778989613056183
"species_0_contemp_ice_extrap_only",91.1447950248722,0.779670178890228
"species_0_contemp_ice_extrap_only",91.3943242091898,0.78036242723465
"species_0_contemp_ice_extrap_only",91.6438533935074,0.781066298484802
"species_0_contemp_ice_extrap_only",91.893382577825,0.781781673431396
"species_0_contemp_ice_extrap_only",92.1429117621426,0.782508492469788
"species_0_contemp_ice_extrap_only",92.3924409464602,0.783246636390686
"species_0_contemp_ice_extrap_only",92.6419701307778,0.783995985984802
"species_0_contemp_ice_extrap_only",92.8914993150953,0.784756541252136
"species_0_contemp_ice_extrap_only",93.1410284994129,0.785528123378754
"species_0_contemp_ice_extrap_only",93.3905576837305,0.786310613155365
"species_0_contemp_ice_extrap_only",93.6400868680481,0.787103891372681
"species_0_contemp_ice_extrap_only",93.8896160523657,0.787907958030701
"species_0_contemp_ice_extrap_only",94.1391452366833,0.788722634315491
"species_0_contemp_ice_extrap_only",94.3886744210009,0.789547860622406
"species_0_contemp_ice_extrap_only",94.6382036053185,0.790383458137512
"species_0_contemp_ice_extrap_only",94.8877327896361,0.79122930765152
"species_0_contemp_ice_extrap_only",95.1372619739537,0.792085349559784
"species_0_contemp_ice_extrap_only",95.3867911582712,0.792951464653015
"species_0_contemp_ice_extrap_only",95.6363203425888,0.793827533721924
"species_0_contemp_ice_extrap_only",95.8858495269064,0.79471343755722
"species_0_contemp_ice_extrap_only",96.135378711224,0.795608997344971
"species_0_contemp_ice_extrap_only",96.3849078955416,0.796514213085175
"species_0_contemp_ice_extrap_only",96.6344370798592,0.797428846359253
"species_0_contemp_ice_extrap_only",96.8839662641768,0.798352777957916
"species_0_contemp_ice_extrap_only",97.1334954484944,0.799286007881165
"species_0_contemp_ice_extrap_only",97.383024632812,0.800228238105774
"species_0_contemp_ice_extrap_only",97.6325538171296,0.801179468631744
"species_0_contemp_ice_extrap_only",97.8820830014471,0.802139461040497
"species_0_contemp_ice_extrap_only",98.1316121857647,0.803108215332031
"species_0_contemp_ice_extrap_only",98.3811413700823,0.804085493087769
"species_0_contemp_ice_extrap_only",98.6306705543999,0.805071175098419
"species_0_contemp_ice_extrap_only",98.8801997387175,0.806065201759338
"species_0_contemp_ice_extrap_only",99.1297289230351,0.807067334651947
"species_0_contemp_ice_extrap_only",99.3792581073527,0.808077454566956
"species_0_contemp_ice_extrap_only",99.6287872916703,0.809095442295074
"species_0_contemp_ice_extrap_only",99.8783164759879,0.810121178627014
"species_0_contemp_ice_extrap_only",100.127845660305,0.81115448474884
"species_0_contemp_ice_extrap_only",100.377374844623,0.812195241451263
"species_0_contemp_ice_extrap_only",100.626904028941,0.813243269920349
"species_0_contemp_ice_extrap_only",100.876433213258,0.814298450946808
"species_0_contemp_ice_extrap_only",101.125962397576,0.815360605716705
"species_0_contemp_ice_extrap_only",101.375491581893,0.816429615020752
"species_0_contemp_ice_extrap_only",101.625020766211,0.817505359649658
"species_0_contemp_ice_extrap_only",101.874549950529,0.818587601184845
"species_0_contemp_ice_extrap_only",102.124079134846,0.819676220417023
"species_0_contemp_ice_extrap_only",102.373608319164,0.820771098136902
"species_0_contemp_ice_extrap_only",102.623137503481,0.821872055530548
"species_0_contemp_ice_extrap_only",102.872666687799,0.822978913784027
"species_0_contemp_ice_extrap_only",103.122195872117,0.824091553688049
"species_0_contemp_ice_extrap_only",103.371725056434,0.82520979642868
"species_0_contemp_ice_extrap_only",103.621254240752,0.826333522796631
"species_0_contemp_ice_extrap_only",103.870783425069,0.827462494373322
"species_0_contemp_ice_extrap_only",104.120312609387,0.828596591949463
"species_0_contemp_ice_extrap_only",104.369841793704,0.829735696315765
"species_0_contemp_ice_extrap_only",104.619370978022,0.830116450786591
"species_0_contemp_ice_extrap_only",104.86890016234,0.830116450786591
"species_0_contemp_ice_extrap_only",105.118429346657,0.830116450786591
"species_0_contemp_ice_extrap_only",105.367958530975,0.830116450786591
"species_0_contemp_ice_extrap_only",105.617487715292,0.830116450786591
"species_0_contemp_ice_extrap_only",105.86701689961,0.830116450786591
"species_0_contemp_ice_extrap_only",106.116546083928,0.830116450786591
"species_0_contemp_ice_extrap_only",106.366075268245,0.830116450786591
"species_0_contemp_ice_extrap_only",106.615604452563,0.830116450786591
"species_0_contemp_ice_extrap_only",106.86513363688,0.830116450786591
"species_0_contemp_ice_extrap_only",107.114662821198,0.830116450786591
"species_0_contemp_ice_extrap_only",107.364192005516,0.830116450786591
"species_0_contemp_ice_extrap_only",107.613721189833,0.830116450786591
"species_0_contemp_ice_extrap_only",107.863250374151,0.830116450786591
"species_0_contemp_ice_extrap_only",108.112779558468,0.830116450786591
"species_0_contemp_ice_extrap_only",108.362308742786,0.830116450786591
"species_0_contemp_ice_extrap_only",108.611837927104,0.830116450786591
"species_0_contemp_ice_extrap_only",108.861367111421,0.830116450786591
"species_0_contemp_ice_extrap_only",109.110896295739,0.830116450786591
"species_0_contemp_ice_extrap_only",109.360425480056,0.830116450786591
"species_0_contemp_ice_extrap_only",109.609954664374,0.830116450786591
"species_0_contemp_ice_extrap_only",109.859483848691,0.830116450786591
"species_0_contemp_ice_extrap_only",110.109013033009,0.830116450786591
"species_0_contemp_ice_extrap_only",110.358542217327,0.830116450786591
"species_0_contemp_ice_extrap_only",110.608071401644,0.830116450786591
"species_0_contemp_ice_extrap_only",110.857600585962,0.830116450786591
"species_0_contemp_ice_extrap_only",111.107129770279,0.830116450786591
"species_0_contemp_ice_extrap_only",111.356658954597,0.830116450786591
"species_0_contemp_ice_extrap_only",111.606188138915,0.830116450786591
"species_0_contemp_ice_extrap_only",111.855717323232,0.830116450786591
"species_0_contemp_ice_extrap_only",112.10524650755,0.830116450786591
"species_0_contemp_ice_extrap_only",112.354775691867,0.830116450786591
"species_0_contemp_ice_extrap_only",112.604304876185,0.830116450786591
"species_0_contemp_ice_extrap_only",112.853834060503,0.830116450786591
"species_0_contemp_ice_extrap_only",113.10336324482,0.830116450786591
"species_0_contemp_ice_extrap_only",113.352892429138,0.830116450786591
"species_0_contemp_ice_extrap_only",113.602421613455,0.830116450786591
"species_0_contemp_ice_extrap_only",113.851950797773,0.830116450786591
"species_0_contemp_ice_extrap_only",114.10147998209,0.830116450786591
"species_0_contemp_ice_extrap_only",114.351009166408,0.830116450786591
"species_0_contemp_ice_extrap_only",114.600538350726,0.830116450786591
"species_0_contemp_ice_extrap_only",114.850067535043,0.830116450786591
"species_0_contemp_ice_extrap",-9.91452462375168,0.0277066174894571
"species_0_contemp_ice_extrap",-9.6649954394341,0.0277066174894571
"species_0_contemp_ice_extrap",-9.41546625511651,0.0277066174894571
"species_0_contemp_ice_extrap",-9.16593707079892,0.0277066174894571
"species_0_contemp_ice_extrap",-8.91640788648133,0.0277066174894571
"species_0_contemp_ice_extrap",-8.66687870216374,0.0277066174894571
"species_0_contemp_ice_extrap",-8.41734951784615,0.0277066174894571
"species_0_contemp_ice_extrap",-8.16782033352856,0.0277066174894571
"species_0_contemp_ice_extrap",-7.91829114921097,0.0277066174894571
"species_0_contemp_ice_extrap",-7.66876196489338,0.0277066174894571
"species_0_contemp_ice_extrap",-7.41923278057579,0.0277066174894571
"species_0_contemp_ice_extrap",-7.1697035962582,0.0277066174894571
"species_0_contemp_ice_extrap",-6.92017441194061,0.0277066174894571
"species_0_contemp_ice_extrap",-6.67064522762302,0.0277066174894571
"species_0_contemp_ice_extrap",-6.42111604330543,0.0277066174894571
"species_0_contemp_ice_extrap",-6.17158685898784,0.0277066174894571
"species_0_contemp_ice_extrap",-5.92205767467025,0.0277066174894571
"species_0_contemp_ice_extrap",-5.67252849035266,0.0277066174894571
"species_0_contemp_ice_extrap",-5.42299930603507,0.0277066174894571
"species_0_contemp_ice_extrap",-5.17347012171748,0.0277066174894571
"species_0_contemp_ice_extrap",-4.92394093739989,0.0277066174894571
"species_0_contemp_ice_extrap",-4.6744117530823,0.0277066174894571
"species_0_contemp_ice_extrap",-4.42488256876471,0.0277066174894571
"species_0_contemp_ice_extrap",-4.17535338444712,0.0277066174894571
"species_0_contemp_ice_extrap",-3.92582420012953,0.0277066174894571
"species_0_contemp_ice_extrap",-3.67629501581194,0.0277066174894571
"species_0_contemp_ice_extrap",-3.42676583149435,0.0277066174894571
"species_0_contemp_ice_extrap",-3.17723664717676,0.0277066174894571
"species_0_contemp_ice_extrap",-2.92770746285917,0.0277066174894571
"species_0_contemp_ice_extrap",-2.67817827854158,0.0277066174894571
"species_0_contemp_ice_extrap",-2.42864909422399,0.0277066174894571
"species_0_contemp_ice_extrap",-2.1791199099064,0.0277066174894571
"species_0_contemp_ice_extrap",-1.92959072558881,0.0277066174894571
"species_0_contemp_ice_extrap",-1.68006154127122,0.0277066174894571
"species_0_contemp_ice_extrap",-1.43053235695363,0.0277066174894571
"species_0_contemp_ice_extrap",-1.18100317263604,0.0277066174894571
"species_0_contemp_ice_extrap",-0.93147398831845,0.0277066174894571
"species_0_contemp_ice_extrap",-0.68194480400086,0.0277066174894571
"species_0_contemp_ice_extrap",-0.432415619683269,0.0277066174894571
"species_0_contemp_ice_extrap",-0.182886435365679,0.0277066174894571
"species_0_contemp_ice_extrap",0.0666427489519101,0.0277066174894571
"species_0_contemp_ice_extrap",0.3161719332695,0.0277066174894571
"species_0_contemp_ice_extrap",0.565701117587089,0.027728321030736
"species_0_contemp_ice_extrap",0.81523030190468,0.0277945343405008
"species_0_contemp_ice_extrap",1.06475948622227,0.027862410992384
"species_0_contemp_ice_extrap",1.31428867053986,0.0279319602996111
"species_0_contemp_ice_extrap",1.56381785485745,0.0280031953006983
"species_0_contemp_ice_extrap",1.81334703917504,0.0280761290341616
"species_0_contemp_ice_extrap",2.06287622349263,0.0281507689505816
"species_0_contemp_ice_extrap",2.31240540781022,0.0282271318137646
"species_0_contemp_ice_extrap",2.56193459212781,0.0283052269369364
"species_0_contemp_ice_extrap",2.8114637764454,0.0283850710839033
"species_0_contemp_ice_extrap",3.06099296076299,0.028466671705246
"species_0_contemp_ice_extrap",3.31052214508058,0.0285500474274158
"species_0_contemp_ice_extrap",3.56005132939817,0.0286352094262838
"species_0_contemp_ice_extrap",3.80958051371576,0.0287221726030111
"species_0_contemp_ice_extrap",4.05910969803335,0.0288109518587589
"species_0_contemp_ice_extrap",4.30863888235094,0.0289015602320433
"species_0_contemp_ice_extrap",4.55816806666853,0.0289940144866705
"species_0_contemp_ice_extrap",4.80769725098612,0.0290883276611567
"species_0_contemp_ice_extrap",5.05722643530371,0.0291845183819532
"species_0_contemp_ice_extrap",5.3067556196213,0.0292826015502214
"species_0_contemp_ice_extrap",5.55628480393889,0.0293825939297676
"species_0_contemp_ice_extrap",5.80581398825648,0.0294845104217529
"species_0_contemp_ice_extrap",6.05534317257407,0.029588371515274
"species_0_contemp_ice_extrap",6.30487235689166,0.029694190248847
"species_0_contemp_ice_extrap",6.55440154120925,0.0298019889742136
"species_0_contemp_ice_extrap",6.80393072552684,0.029911782592535
"species_0_contemp_ice_extrap",7.05345990984443,0.0300235915929079
"species_0_contemp_ice_extrap",7.30298909416202,0.0301374346017838
"species_0_contemp_ice_extrap",7.55251827847961,0.030253330245614
"species_0_contemp_ice_extrap",7.80204746279719,0.0303712971508503
"species_0_contemp_ice_extrap",8.05157664711479,0.0304913576692343
"species_0_contemp_ice_extrap",8.30110583143238,0.0306135322898626
"species_0_contemp_ice_extrap",8.55063501574996,0.0307378396391869
"species_0_contemp_ice_extrap",8.80016420006756,0.0308643039315939
"species_0_contemp_ice_extrap",9.04969338438515,0.0309929437935352
"species_0_contemp_ice_extrap",9.29922256870274,0.0311237834393978
"species_0_contemp_ice_extrap",9.54875175302033,0.0312568470835686
"species_0_contemp_ice_extrap",9.79828093733791,0.031392153352499
"species_0_contemp_ice_extrap",10.0478101216555,0.0315297245979309
"species_0_contemp_ice_extrap",10.2973393059731,0.0316695906221867
"species_0_contemp_ice_extrap",10.5468684902907,0.0318117737770081
"species_0_contemp_ice_extrap",10.7963976746083,0.0319562964141369
"species_0_contemp_ice_extrap",11.0459268589259,0.0321031883358955
"species_0_contemp_ice_extrap",11.2954560432435,0.0322524681687355
"species_0_contemp_ice_extrap",11.544985227561,0.0324041694402695
"species_0_contemp_ice_extrap",11.7945144118786,0.0325583145022392
"species_0_contemp_ice_extrap",12.0440435961962,0.0327149294316769
"species_0_contemp_ice_extrap",12.2935727805138,0.0328740440309048
"species_0_contemp_ice_extrap",12.5431019648314,0.0330356881022453
"species_0_contemp_ice_extrap",12.792631149149,0.0331998877227306
"species_0_contemp_ice_extrap",13.0421603334666,0.0333666689693928
"species_0_contemp_ice_extrap",13.2916895177842,0.0335360690951347
"species_0_contemp_ice_extrap",13.5412187021018,0.0337081104516983
"species_0_contemp_ice_extrap",13.7907478864194,0.0338828302919865
"species_0_contemp_ice_extrap",14.0402770707369,0.0340602584183216
"species_0_contemp_ice_extrap",14.2898062550545,0.0342404209077358
"species_0_contemp_ice_extrap",14.5393354393721,0.0344233587384224
"species_0_contemp_ice_extrap",14.7888646236897,0.0346090979874134
"species_0_contemp_ice_extrap",15.0383938080073,0.0347976759076118
"species_0_contemp_ice_extrap",15.2879229923249,0.0349891260266304
"species_0_contemp_ice_extrap",15.5374521766425,0.0351834818720818
"species_0_contemp_ice_extrap",15.7869813609601,0.0353807806968689
"species_0_contemp_ice_extrap",16.0365105452777,0.0355810523033142
"species_0_contemp_ice_extrap",16.2860397295953,0.0357843413949013
"species_0_contemp_ice_extrap",16.5355689139128,0.0359906814992428
"species_0_contemp_ice_extrap",16.7850980982304,0.036200113594532
"species_0_contemp_ice_extrap",17.034627282548,0.0364126712083817
"species_0_contemp_ice_extrap",17.2841564668656,0.036628395318985
"species_0_contemp_ice_extrap",17.5336856511832,0.0368473269045353
"species_0_contemp_ice_extrap",17.7832148355008,0.0370695032179356
"species_0_contemp_ice_extrap",18.0327440198184,0.0372949726879597
"species_0_contemp_ice_extrap",18.282273204136,0.0375237688422203
"species_0_contemp_ice_extrap",18.5318023884536,0.0377559401094913
"species_0_contemp_ice_extrap",18.7813315727712,0.0379915237426758
"species_0_contemp_ice_extrap",19.0308607570887,0.0382305718958378
"species_0_contemp_ice_extrap",19.2803899414063,0.0384731218218803
"species_0_contemp_ice_extrap",19.5299191257239,0.0387192256748676
"species_0_contemp_ice_extrap",19.7794483100415,0.0389689244329929
"species_0_contemp_ice_extrap",20.0289774943591,0.0392222702503204
"species_0_contemp_ice_extrap",20.2785066786767,0.0394793078303337
"species_0_contemp_ice_extrap",20.5280358629943,0.0397400856018066
"species_0_contemp_ice_extrap",20.7775650473119,0.0400046519935131
"species_0_contemp_ice_extrap",21.0270942316295,0.0402730628848076
"species_0_contemp_ice_extrap",21.276623415947,0.0405453629791737
"species_0_contemp_ice_extrap",21.5261526002646,0.0408216081559658
"species_0_contemp_ice_extrap",21.7756817845822,0.0411018542945385
"species_0_contemp_ice_extrap",22.0252109688998,0.0413861498236656
"species_0_contemp_ice_extrap",22.2747401532174,0.0416745543479919
"species_0_contemp_ice_extrap",22.524269337535,0.0419671162962914
"species_0_contemp_ice_extrap",22.7737985218526,0.0422638989984989
"species_0_contemp_ice_extrap",23.0233277061702,0.0425649583339691
"species_0_contemp_ice_extrap",23.2728568904878,0.0428703539073467
"species_0_contemp_ice_extrap",23.5223860748054,0.0431801415979862
"species_0_contemp_ice_extrap",23.771915259123,0.0434943847358227
"species_0_contemp_ice_extrap",24.0214444434405,0.0438131466507912
"species_0_contemp_ice_extrap",24.2709736277581,0.0441364832222462
"species_0_contemp_ice_extrap",24.5205028120757,0.0444644652307034
"species_0_contemp_ice_extrap",24.7700319963933,0.0447971560060978
"species_0_contemp_ice_extrap",25.0195611807109,0.0451346188783646
"species_0_contemp_ice_extrap",25.2690903650285,0.045476920902729
"species_0_contemp_ice_extrap",25.5186195493461,0.0458241291344166
"species_0_contemp_ice_extrap",25.7681487336637,0.0461763180792332
"species_0_contemp_ice_extrap",26.0176779179813,0.0465335510671139
"species_0_contemp_ice_extrap",26.2672071022988,0.0468959026038647
"species_0_contemp_ice_extrap",26.5167362866164,0.0472634471952915
"species_0_contemp_ice_extrap",26.766265470934,0.0476362556219101
"species_0_contemp_ice_extrap",27.0157946552516,0.0480144023895264
"species_0_contemp_ice_extrap",27.2653238395692,0.0483979620039463
"species_0_contemp_ice_extrap",27.5148530238868,0.0487870164215565
"species_0_contemp_ice_extrap",27.7643822082044,0.0491816438734531
"species_0_contemp_ice_extrap",28.013911392522,0.0495819263160229
"species_0_contemp_ice_extrap",28.2634405768396,0.0499879345297813
"species_0_contemp_ice_extrap",28.5129697611572,0.050399761646986
"species_0_contemp_ice_extrap",28.7624989454747,0.0508174858987331
"species_0_contemp_ice_extrap",29.0120281297923,0.0512411966919899
"species_0_contemp_ice_extrap",29.2615573141099,0.0516709759831429
"species_0_contemp_ice_extrap",29.5110864984275,0.0521069169044495
"species_0_contemp_ice_extrap",29.7606156827451,0.0525491051375866
"species_0_contemp_ice_extrap",30.0101448670627,0.0529976300895214
"species_0_contemp_ice_extrap",30.2596740513803,0.0534525886178017
"species_0_contemp_ice_extrap",30.5092032356979,0.0539140738546848
"species_0_contemp_ice_extrap",30.7587324200155,0.0543821752071381
"species_0_contemp_ice_extrap",31.008261604333,0.0548569969832897
"species_0_contemp_ice_extrap",31.2577907886506,0.0553386397659779
"species_0_contemp_ice_extrap",31.5073199729682,0.0558271929621696
"species_0_contemp_ice_extrap",31.7568491572858,0.0563227646052837
"species_0_contemp_ice_extrap",32.0063783416034,0.0568254552781582
"species_0_contemp_ice_extrap",32.255907525921,0.057335376739502
"species_0_contemp_ice_extrap",32.5054367102386,0.0578526258468628
"species_0_contemp_ice_extrap",32.7549658945562,0.05837731808424
"species_0_contemp_ice_extrap",33.0044950788738,0.0589095540344715
"species_0_contemp_ice_extrap",33.2540242631914,0.0594494603574276
"species_0_contemp_ice_extrap",33.503553447509,0.0599971450865269
"species_0_contemp_ice_extrap",33.7530826318265,0.0605527088046074
"species_0_contemp_ice_extrap",34.0026118161441,0.0611162856221199
"species_0_contemp_ice_extrap",34.2521410004617,0.0616879835724831
"species_0_contemp_ice_extrap",34.5016701847793,0.0622679367661476
"species_0_contemp_ice_extrap",34.7511993690969,0.0628562495112419
"species_0_contemp_ice_extrap",35.0007285534145,0.0634530633687973
"species_0_contemp_ice_extrap",35.2502577377321,0.0640585049986839
"species_0_contemp_ice_extrap",35.4997869220497,0.0646726787090302
"species_0_contemp_ice_extrap",35.7493161063673,0.0652957409620285
"species_0_contemp_ice_extrap",35.9988452906849,0.0659278035163879
"species_0_contemp_ice_extrap",36.2483744750024,0.066569022834301
"species_0_contemp_ice_extrap",36.49790365932,0.0672195181250572
"species_0_contemp_ice_extrap",36.7474328436376,0.0678794384002686
"species_0_contemp_ice_extrap",36.9969620279552,0.0685489177703857
"species_0_contemp_ice_extrap",37.2464912122728,0.0692280903458595
"species_0_contemp_ice_extrap",37.4960203965904,0.069917120039463
"species_0_contemp_ice_extrap",37.745549580908,0.070616140961647
"species_0_contemp_ice_extrap",37.9950787652256,0.071325309574604
"species_0_contemp_ice_extrap",38.2446079495432,0.072044774889946
"species_0_contemp_ice_extrap",38.4941371338607,0.0727746784687042
"species_0_contemp_ice_extrap",38.7436663181783,0.0735151916742325
"species_0_contemp_ice_extrap",38.9931955024959,0.0742664635181427
"species_0_contemp_ice_extrap",39.2427246868135,0.0750286653637886
"species_0_contemp_ice_extrap",39.4922538711311,0.0758019462227821
"species_0_contemp_ice_extrap",39.7417830554487,0.0765864849090576
"species_0_contemp_ice_extrap",39.9913122397663,0.0773824378848076
"species_0_contemp_ice_extrap",40.2408414240839,0.0781899765133858
"species_0_contemp_ice_extrap",40.4903706084015,0.0790092796087265
"species_0_contemp_ice_extrap",40.7398997927191,0.0798405110836029
"species_0_contemp_ice_extrap",40.9894289770367,0.0806838646531105
"species_0_contemp_ice_extrap",41.2389581613542,0.0815394967794418
"species_0_contemp_ice_extrap",41.4884873456718,0.0824076160788536
"species_0_contemp_ice_extrap",41.7380165299894,0.0832883939146996
"species_0_contemp_ice_extrap",41.987545714307,0.0841820016503334
"species_0_contemp_ice_extrap",42.2370748986246,0.0850886628031731
"species_0_contemp_ice_extrap",42.4866040829422,0.0860085412859917
"species_0_contemp_ice_extrap",42.7361332672598,0.0869418531656265
"species_0_contemp_ice_extrap",42.9856624515774,0.0878887698054314
"species_0_contemp_ice_extrap",43.235191635895,0.0888495221734047
"species_0_contemp_ice_extrap",43.4847208202125,0.0898242965340614
"species_0_contemp_ice_extrap",43.7342500045301,0.0908132866024971
"species_0_contemp_ice_extrap",43.9837791888477,0.0918167307972908
"species_0_contemp_ice_extrap",44.2333083731653,0.0928348079323769
"species_0_contemp_ice_extrap",44.4828375574829,0.0938677564263344
"species_0_contemp_ice_extrap",44.7323667418005,0.0949157923460007
"species_0_contemp_ice_extrap",44.9818959261181,0.0959791019558907
"species_0_contemp_ice_extrap",45.2314251104357,0.0970579460263252
"species_0_contemp_ice_extrap",45.4809542947533,0.0981525182723999
"species_0_contemp_ice_extrap",45.7304834790709,0.099263072013855
"species_0_contemp_ice_extrap",45.9800126633885,0.100389808416367
"species_0_contemp_ice_extrap",46.229541847706,0.101532995700836
"species_0_contemp_ice_extrap",46.4790710320236,0.102692849934101
"species_0_contemp_ice_extrap",46.7286002163412,0.103869594633579
"species_0_contemp_ice_extrap",46.9781294006588,0.105063498020172
"species_0_contemp_ice_extrap",47.2276585849764,0.106274768710136
"species_0_contemp_ice_extrap",47.477187769294,0.107503697276115
"species_0_contemp_ice_extrap",47.7267169536116,0.108750484883785
"species_0_contemp_ice_extrap",47.9762461379292,0.110015422105789
"species_0_contemp_ice_extrap",48.2257753222468,0.111298754811287
"species_0_contemp_ice_extrap",48.4753045065643,0.112600706517696
"species_0_contemp_ice_extrap",48.7248336908819,0.113921575248241
"species_0_contemp_ice_extrap",48.9743628751995,0.115261599421501
"species_0_contemp_ice_extrap",49.2238920595171,0.116621062159538
"species_0_contemp_ice_extrap",49.4734212438347,0.118000224232674
"species_0_contemp_ice_extrap",49.7229504281523,0.119399331510067
"species_0_contemp_ice_extrap",49.9724796124699,0.120818696916103
"species_0_contemp_ice_extrap",50.2220087967875,0.122258543968201
"species_0_contemp_ice_extrap",50.4715379811051,0.123719207942486
"species_0_contemp_ice_extrap",50.7210671654227,0.125200912356377
"species_0_contemp_ice_extrap",50.9705963497402,0.126703977584839
"species_0_contemp_ice_extrap",51.2201255340578,0.128228679299355
"species_0_contemp_ice_extrap",51.4696547183754,0.129775255918503
"species_0_contemp_ice_extrap",51.719183902693,0.131344065070152
"species_0_contemp_ice_extrap",51.9687130870106,0.132935345172882
"species_0_contemp_ice_extrap",52.2182422713282,0.1345494389534
"species_0_contemp_ice_extrap",52.4677714556458,0.136186569929123
"species_0_contemp_ice_extrap",52.7173006399634,0.137847095727921
"species_0_contemp_ice_extrap",52.966829824281,0.139531299471855
"species_0_contemp_ice_extrap",53.2163590085986,0.141239434480667
"species_0_contemp_ice_extrap",53.4658881929161,0.142971858382225
"species_0_contemp_ice_extrap",53.7154173772337,0.144728824496269
"species_0_contemp_ice_extrap",53.9649465615513,0.146510675549507
"species_0_contemp_ice_extrap",54.2144757458689,0.148317709565163
"species_0_contemp_ice_extrap",54.4640049301865,0.150150194764137
"species_0_contemp_ice_extrap",54.7135341145041,0.1520084887743
"species_0_contemp_ice_extrap",54.9630632988217,0.153892830014229
"species_0_contemp_ice_extrap",55.2125924831393,0.155803620815277
"species_0_contemp_ice_extrap",55.4621216674569,0.157741069793701
"species_0_contemp_ice_extrap",55.7116508517745,0.159705564379692
"species_0_contemp_ice_extrap",55.961180036092,0.161697387695312
"species_0_contemp_ice_extrap",56.2107092204096,0.163716807961464
"species_0_contemp_ice_extrap",56.4602384047272,0.165764182806015
"species_0_contemp_ice_extrap",56.7097675890448,0.167839795351028
"species_0_contemp_ice_extrap",56.9592967733624,0.169943988323212
"species_0_contemp_ice_extrap",57.20882595768,0.172077015042305
"species_0_contemp_ice_extrap",57.4583551419976,0.174239233136177
"species_0_contemp_ice_extrap",57.7078843263152,0.176430940628052
"species_0_contemp_ice_extrap",57.9574135106328,0.178652390837669
"species_0_contemp_ice_extrap",58.2069426949503,0.18090395629406
"species_0_contemp_ice_extrap",58.4564718792679,0.183185875415802
"species_0_contemp_ice_extrap",58.7060010635855,0.185498520731926
"species_0_contemp_ice_extrap",58.9555302479031,0.187842130661011
"species_0_contemp_ice_extrap",59.2050594322207,0.19021700322628
"species_0_contemp_ice_extrap",59.4545886165383,0.192623466253281
"species_0_contemp_ice_extrap",59.7041178008559,0.195061758160591
"species_0_contemp_ice_extrap",59.9536469851735,0.19753223657608
"species_0_contemp_ice_extrap",60.2031761694911,0.200035110116005
"species_0_contemp_ice_extrap",60.4527053538087,0.202570721507072
"species_0_contemp_ice_extrap",60.7022345381262,0.205139324069023
"species_0_contemp_ice_extrap",60.9517637224438,0.207741141319275
"species_0_contemp_ice_extrap",61.2012929067614,0.210376515984535
"species_0_contemp_ice_extrap",61.450822091079,0.2130456417799
"species_0_contemp_ice_extrap",61.7003512753966,0.215748846530914
"species_0_contemp_ice_extrap",61.9498804597142,0.218486309051514
"species_0_contemp_ice_extrap",62.1994096440318,0.221258342266083
"species_0_contemp_ice_extrap",62.4489388283494,0.224065139889717
"species_0_contemp_ice_extrap",62.698468012667,0.226906910538673
"species_0_contemp_ice_extrap",62.9479971969846,0.229783952236176
"species_0_contemp_ice_extrap",63.1975263813021,0.232696399092674
"species_0_contemp_ice_extrap",63.4470555656197,0.235644564032555
"species_0_contemp_ice_extrap",63.6965847499373,0.238628566265106
"species_0_contemp_ice_extrap",63.9461139342549,0.241648584604263
"species_0_contemp_ice_extrap",64.1956431185725,0.244704842567444
"species_0_contemp_ice_extrap",64.4451723028901,0.247797593474388
"species_0_contemp_ice_extrap",64.6947014872077,0.250926822423935
"species_0_contemp_ice_extrap",64.9442306715253,0.254092812538147
"species_0_contemp_ice_extrap",65.1937598558429,0.25729563832283
"species_0_contemp_ice_extrap",65.4432890401605,0.260535597801208
"species_0_contemp_ice_extrap",65.692818224478,0.263812571763992
"species_0_contemp_ice_extrap",65.9423474087956,0.267126768827438
"species_0_contemp_ice_extrap",66.1918765931132,0.270478427410126
"species_0_contemp_ice_extrap",66.4414057774308,0.273867398500443
"species_0_contemp_ice_extrap",66.6909349617484,0.277293831110001
"species_0_contemp_ice_extrap",66.940464146066,0.280757933855057
"species_0_contemp_ice_extrap",67.1899933303836,0.284259527921677
"species_0_contemp_ice_extrap",67.4395225147012,0.287798762321472
"species_0_contemp_ice_extrap",67.6890516990188,0.291375607252121
"species_0_contemp_ice_extrap",67.9385808833364,0.294990181922913
"species_0_contemp_ice_extrap",68.188110067654,0.29864227771759
"species_0_contemp_ice_extrap",68.4376392519715,0.302331924438477
"species_0_contemp_ice_extrap",68.6871684362891,0.306059241294861
"species_0_contemp_ice_extrap",68.9366976206067,0.309823900461197
"species_0_contemp_ice_extrap",69.1862268049243,0.313625931739807
"species_0_contemp_ice_extrap",69.4357559892419,0.317465215921402
"species_0_contemp_ice_extrap",69.6852851735595,0.321341782808304
"species_0_contemp_ice_extrap",69.9348143578771,0.325255244970322
"species_0_contemp_ice_extrap",70.1843435421947,0.329205542802811
"species_0_contemp_ice_extrap",70.4338727265122,0.333192616701126
"species_0_contemp_ice_extrap",70.6834019108298,0.337216049432755
"species_0_contemp_ice_extrap",70.9329310951474,0.341275751590729
"species_0_contemp_ice_extrap",71.182460279465,0.345371425151825
"species_0_contemp_ice_extrap",71.4319894637826,0.349502980709076
"species_0_contemp_ice_extrap",71.6815186481002,0.353669852018356
"species_0_contemp_ice_extrap",71.9310478324178,0.357871919870377
"species_0_contemp_ice_extrap",72.1805770167354,0.362108916044235
"species_0_contemp_ice_extrap",72.430106201053,0.366380244493484
"species_0_contemp_ice_extrap",72.6796353853706,0.370685696601868
"species_0_contemp_ice_extrap",72.9291645696882,0.375024855136871
"species_0_contemp_ice_extrap",73.1786937540057,0.379397451877594
"species_0_contemp_ice_extrap",73.4282229383233,0.383802741765976
"species_0_contemp_ice_extrap",73.6777521226409,0.388240426778793
"species_0_contemp_ice_extrap",73.9272813069585,0.3927101790905
"species_0_contemp_ice_extrap",74.1768104912761,0.397211134433746
"species_0_contemp_ice_extrap",74.4263396755937,0.401742994785309
"species_0_contemp_ice_extrap",74.6758688599113,0.406305104494095
"species_0_contemp_ice_extrap",74.9253980442289,0.410897105932236
"species_0_contemp_ice_extrap",75.1749272285465,0.415518045425415
"species_0_contemp_ice_extrap",75.424456412864,0.420167475938797
"species_0_contemp_ice_extrap",75.6739855971816,0.424844890832901
"species_0_contemp_ice_extrap",75.9235147814992,0.429549276828766
"species_0_contemp_ice_extrap",76.1730439658168,0.434280157089233
"species_0_contemp_ice_extrap",76.4225731501344,0.439036875963211
"species_0_contemp_ice_extrap",76.672102334452,0.44381844997406
"species_0_contemp_ice_extrap",76.9216315187696,0.448624223470688
"species_0_contemp_ice_extrap",77.1711607030872,0.453453421592712
"species_0_contemp_ice_extrap",77.4206898874048,0.458305388689041
"species_0_contemp_ice_extrap",77.6702190717224,0.463178992271423
"species_0_contemp_ice_extrap",77.91974825604,0.468073487281799
"species_0_contemp_ice_extrap",78.1692774403575,0.472988188266754
"species_0_contemp_ice_extrap",78.4188066246751,0.47792187333107
"species_0_contemp_ice_extrap",78.6683358089927,0.482873797416687
"species_0_contemp_ice_extrap",78.9178649933103,0.487843006849289
"species_0_contemp_ice_extrap",79.1673941776279,0.492828696966171
"species_0_contemp_ice_extrap",79.4169233619455,0.497829586267471
"species_0_contemp_ice_extrap",79.6664525462631,0.50284481048584
"species_0_contemp_ice_extrap",79.9159817305807,0.507873594760895
"species_0_contemp_ice_extrap",80.1655109148982,0.512914538383484
"species_0_contemp_ice_extrap",80.4150400992158,0.517966747283936
"species_0_contemp_ice_extrap",80.6645692835334,0.523029208183289
"species_0_contemp_ice_extrap",80.914098467851,0.528101027011871
"species_0_contemp_ice_extrap",81.1636276521686,0.533180713653564
"species_0_contemp_ice_extrap",81.4131568364862,0.538267374038696
"species_0_contemp_ice_extrap",81.6626860208038,0.54336005449295
"species_0_contemp_ice_extrap",81.9122152051214,0.548457324504852
"species_0_contemp_ice_extrap",82.161744389439,0.55355829000473
"species_0_contemp_ice_extrap",82.4112735737566,0.558661639690399
"species_0_contemp_ice_extrap",82.6608027580742,0.563766539096832
"species_0_contemp_ice_extrap",82.9103319423917,0.56887149810791
"species_0_contemp_ice_extrap",83.1598611267093,0.573975443840027
"species_0_contemp_ice_extrap",83.4093903110269,0.579077422618866
"species_0_contemp_ice_extrap",83.6589194953445,0.584175944328308
"species_0_contemp_ice_extrap",83.9084486796621,0.589270055294037
"species_0_contemp_ice_extrap",84.1579778639797,0.594358444213867
"species_0_contemp_ice_extrap",84.4075070482973,0.599440217018127
"species_0_contemp_ice_extrap",84.6570362326149,0.604513883590698
"species_0_contemp_ice_extrap",84.9065654169325,0.609578371047974
"species_0_contemp_ice_extrap",85.1560946012501,0.614632725715637
"species_0_contemp_ice_extrap",85.4056237855676,0.61967545747757
"species_0_contemp_ice_extrap",85.6551529698852,0.62470555305481
"species_0_contemp_ice_extrap",85.9046821542028,0.629721820354462
"species_0_contemp_ice_extrap",86.1542113385204,0.634723365306854
"species_0_contemp_ice_extrap",86.403740522838,0.639708697795868
"species_0_contemp_ice_extrap",86.6532697071556,0.644676804542542
"species_0_contemp_ice_extrap",86.9027988914732,0.649626791477203
"species_0_contemp_ice_extrap",87.1523280757908,0.654557228088379
"species_0_contemp_ice_extrap",87.4018572601084,0.659467160701752
"species_0_contemp_ice_extrap",87.651386444426,0.66435569524765
"species_0_contemp_ice_extrap",87.9009156287435,0.6692214012146
"species_0_contemp_ice_extrap",88.1504448130611,0.674063384532928
"species_0_contemp_ice_extrap",88.3999739973787,0.678880751132965
"species_0_contemp_ice_extrap",88.6495031816963,0.683672428131104
"species_0_contemp_ice_extrap",88.8990323660139,0.688437283039093
"species_0_contemp_ice_extrap",89.1485615503315,0.693174421787262
"species_0_contemp_ice_extrap",89.3980907346491,0.697605788707733
"species_0_contemp_ice_extrap",89.6476199189667,0.700973927974701
"species_0_contemp_ice_extrap",89.8971491032843,0.703616082668304
"species_0_contemp_ice_extrap",90.1466782876018,0.704689860343933
"species_0_contemp_ice_extrap",90.3962074719194,0.705208003520966
"species_0_contemp_ice_extrap",90.645736656237,0.705737233161926
"species_0_contemp_ice_extrap",90.8952658405546,0.706277430057526
"species_0_contemp_ice_extrap",91.1447950248722,0.706828594207764
"species_0_contemp_ice_extrap",91.3943242091898,0.707390666007996
"species_0_contemp_ice_extrap",91.6438533935074,0.707963645458221
"species_0_contemp_ice_extrap",91.893382577825,0.708547472953796
"species_0_contemp_ice_extrap",92.1429117621426,0.709142088890076
"species_0_contemp_ice_extrap",92.3924409464602,0.709747493267059
"species_0_contemp_ice_extrap",92.6419701307778,0.710363626480103
"species_0_contemp_ice_extrap",92.8914993150953,0.71099042892456
"species_0_contemp_ice_extrap",93.1410284994129,0.711627840995789
"species_0_contemp_ice_extrap",93.3905576837305,0.712275862693787
"species_0_contemp_ice_extrap",93.6400868680481,0.712934374809265
"species_0_contemp_ice_extrap",93.8896160523657,0.713603436946869
"species_0_contemp_ice_extrap",94.1391452366833,0.714282870292664
"species_0_contemp_ice_extrap",94.3886744210009,0.714972734451294
"species_0_contemp_ice_extrap",94.6382036053185,0.71567291021347
"species_0_contemp_ice_extrap",94.8877327896361,0.716383397579193
"species_0_contemp_ice_extrap",95.1372619739537,0.717104077339172
"species_0_contemp_ice_extrap",95.3867911582712,0.717834949493408
"species_0_contemp_ice_extrap",95.6363203425888,0.718576014041901
"species_0_contemp_ice_extrap",95.8858495269064,0.71932703256607
"species_0_contemp_ice_extrap",96.135378711224,0.720088124275208
"species_0_contemp_ice_extrap",96.3849078955416,0.720859169960022
"species_0_contemp_ice_extrap",96.6344370798592,0.721640050411224
"species_0_contemp_ice_extrap",96.8839662641768,0.72243082523346
"species_0_contemp_ice_extrap",97.1334954484944,0.723231315612793
"species_0_contemp_ice_extrap",97.383024632812,0.724041521549225
"species_0_contemp_ice_extrap",97.6325538171296,0.72486138343811
"species_0_contemp_ice_extrap",97.8820830014471,0.725690841674805
"species_0_contemp_ice_extrap",98.1316121857647,0.726529836654663
"species_0_contemp_ice_extrap",98.3811413700823,0.727378189563751
"species_0_contemp_ice_extrap",98.6306705543999,0.728236019611359
"species_0_contemp_ice_extrap",98.8801997387175,0.729103088378906
"species_0_contemp_ice_extrap",99.1297289230351,0.729979455471039
"species_0_contemp_ice_extrap",99.3792581073527,0.730864942073822
"species_0_contemp_ice_extrap",99.6287872916703,0.731759548187256
"species_0_contemp_ice_extrap",99.8783164759879,0.732663214206696
"species_0_contemp_ice_extrap",100.127845660305,0.733575820922852
"species_0_contemp_ice_extrap",100.377374844623,0.734497308731079
"species_0_contemp_ice_extrap",100.626904028941,0.735427558422089
"species_0_contemp_ice_extrap",100.876433213258,0.73636656999588
"species_0_contemp_ice_extrap",101.125962397576,0.737314224243164
"species_0_contemp_ice_extrap",101.375491581893,0.738270461559296
"species_0_contemp_ice_extrap",101.625020766211,0.73923522233963
"species_0_contemp_ice_extrap",101.874549950529,0.740208327770233
"species_0_contemp_ice_extrap",102.124079134846,0.741189777851105
"species_0_contemp_ice_extrap",102.373608319164,0.7421795129776
"species_0_contemp_ice_extrap",102.623137503481,0.74317741394043
"species_0_contemp_ice_extrap",102.872666687799,0.744183301925659
"species_0_contemp_ice_extrap",103.122195872117,0.745197236537933
"species_0_contemp_ice_extrap",103.371725056434,0.746219158172607
"species_0_contemp_ice_extrap",103.621254240752,0.747248768806458
"species_0_contemp_ice_extrap",103.870783425069,0.748286187648773
"species_0_contemp_ice_extrap",104.120312609387,0.74933123588562
"species_0_contemp_ice_extrap",104.369841793704,0.750383794307709
"species_0_contemp_ice_extrap",104.619370978022,0.75073629617691
"species_0_contemp_ice_extrap",104.86890016234,0.75073629617691
"species_0_contemp_ice_extrap",105.118429346657,0.75073629617691
"species_0_contemp_ice_extrap",105.367958530975,0.75073629617691
"species_0_contemp_ice_extrap",105.617487715292,0.75073629617691
"species_0_contemp_ice_extrap",105.86701689961,0.75073629617691
"species_0_contemp_ice_extrap",106.116546083928,0.75073629617691
"species_0_contemp_ice_extrap",106.366075268245,0.75073629617691
"species_0_contemp_ice_extrap",106.615604452563,0.75073629617691
"species_0_contemp_ice_extrap",106.86513363688,0.75073629617691
"species_0_contemp_ice_extrap",107.114662821198,0.75073629617691
"species_0_contemp_ice_extrap",107.364192005516,0.75073629617691
"species_0_contemp_ice_extrap",107.613721189833,0.75073629617691
"species_0_contemp_ice_extrap",107.863250374151,0.75073629617691
"species_0_contemp_ice_extrap",108.112779558468,0.75073629617691
"species_0_contemp_ice_extrap",108.362308742786,0.75073629617691
"species_0_contemp_ice_extrap",108.611837927104,0.75073629617691
"species_0_contemp_ice_extrap",108.861367111421,0.75073629617691
"species_0_contemp_ice_extrap",109.110896295739,0.75073629617691
"species_0_contemp_ice_extrap",109.360425480056,0.75073629617691
"species_0_contemp_ice_extrap",109.609954664374,0.75073629617691
"species_0_contemp_ice_extrap",109.859483848691,0.75073629617691
"species_0_contemp_ice_extrap",110.109013033009,0.75073629617691
"species_0_contemp_ice_extrap",110.358542217327,0.75073629617691
"species_0_contemp_ice_extrap",110.608071401644,0.75073629617691
"species_0_contemp_ice_extrap",110.857600585962,0.75073629617691
"species_0_contemp_ice_extrap",111.107129770279,0.75073629617691
"species_0_contemp_ice_extrap",111.356658954597,0.75073629617691
"species_0_contemp_ice_extrap",111.606188138915,0.75073629617691
"species_0_contemp_ice_extrap",111.855717323232,0.75073629617691
"species_0_contemp_ice_extrap",112.10524650755,0.75073629617691
"species_0_contemp_ice_extrap",112.354775691867,0.75073629617691
"species_0_contemp_ice_extrap",112.604304876185,0.75073629617691
"species_0_contemp_ice_extrap",112.853834060503,0.75073629617691
"species_0_contemp_ice_extrap",113.10336324482,0.75073629617691
"species_0_contemp_ice_extrap",113.352892429138,0.75073629617691
"species_0_contemp_ice_extrap",113.602421613455,0.75073629617691
"species_0_contemp_ice_extrap",113.851950797773,0.75073629617691
"species_0_contemp_ice_extrap",114.10147998209,0.75073629617691
"species_0_contemp_ice_extrap",114.351009166408,0.75073629617691
"species_0_contemp_ice_extrap",114.600538350726,0.75073629617691
"species_0_contemp_ice_extrap",114.850067535043,0.75073629617691
"species_1_bathy_extrap_only",-22.5434192895889,0.818341553211212
"species_1_bathy_extrap_only",-21.9775332191467,0.818341553211212
"species_1_bathy_extrap_only",-21.4116471487045,0.818341553211212
"species_1_bathy_extrap_only",-20.8457610782623,0.818341553211212
"species_1_bathy_extrap_only",-20.2798750078201,0.818341553211212
"species_1_bathy_extrap_only",-19.7139889373779,0.818341553211212
"species_1_bathy_extrap_only",-19.1481028669357,0.818341553211212
"species_1_bathy_extrap_only",-18.5822167964935,0.818341553211212
"species_1_bathy_extrap_only",-18.0163307260513,0.818341553211212
"species_1_bathy_extrap_only",-17.4504446556091,0.818341553211212
"species_1_bathy_extrap_only",-16.8845585851669,0.818341553211212
"species_1_bathy_extrap_only",-16.3186725147247,0.818341553211212
"species_1_bathy_extrap_only",-15.7527864442825,0.818341553211212
"species_1_bathy_extrap_only",-15.1869003738403,0.818341553211212
"species_1_bathy_extrap_only",-14.6210143033981,0.818341553211212
"species_1_bathy_extrap_only",-14.0551282329559,0.818341553211212
"species_1_bathy_extrap_only",-13.4892421625137,0.818341553211212
"species_1_bathy_extrap_only",-12.9233560920715,0.818341553211212
"species_1_bathy_extrap_only",-12.3574700216293,0.818341553211212
"species_1_bathy_extrap_only",-11.7915839511871,0.818341553211212
"species_1_bathy_extrap_only",-11.2256978807449,0.818341553211212
"species_1_bathy_extrap_only",-10.6598118103027,0.818341553211212
"species_1_bathy_extrap_only",-10.0939257398605,0.818341553211212
"species_1_bathy_extrap_only",-9.52803966941834,0.818341553211212
"species_1_bathy_extrap_only",-8.96215359897614,0.818341553211212
"species_1_bathy_extrap_only",-8.39626752853394,0.818341553211212
"species_1_bathy_extrap_only",-7.83038145809174,0.818341553211212
"species_1_bathy_extrap_only",-7.26449538764954,0.818341553211212
"species_1_bathy_extrap_only",-6.69860931720734,0.818341553211212
"species_1_bathy_extrap_only",-6.13272324676514,0.818341553211212
"species_1_bathy_extrap_only",-5.56683717632294,0.818341553211212
"species_1_bathy_extrap_only",-5.00095110588074,0.818341553211212
"species_1_bathy_extrap_only",-4.43506503543854,0.818341553211212
"species_1_bathy_extrap_only",-3.86917896499634,0.818341553211212
"species_1_bathy_extrap_only",-3.30329289455414,0.818341553211212
"species_1_bathy_extrap_only",-2.73740682411194,0.818341553211212
"species_1_bathy_extrap_only",-2.17152075366974,0.818341553211212
"species_1_bathy_extrap_only",-1.60563468322754,0.818341553211212
"species_1_bathy_extrap_only",-1.03974861278534,0.818341553211212
"species_1_bathy_extrap_only",-0.473862542343138,0.818341553211212
"species_1_bathy_extrap_only",0.0920235280990624,0.818341553211212
"species_1_bathy_extrap_only",0.657909598541263,0.818341553211212
"species_1_bathy_extrap_only",1.22379566898346,0.672304511070251
"species_1_bathy_extrap_only",1.78968173942566,0.694114863872528
"species_1_bathy_extrap_only",2.35556780986786,0.715088784694672
"species_1_bathy_extrap_only",2.92145388031006,0.735173225402832
"species_1_bathy_extrap_only",3.48733995075226,0.722196638584137
"species_1_bathy_extrap_only",4.05322602119446,0.682164013385773
"species_1_bathy_extrap_only",4.61911209163666,0.639244198799133
"species_1_bathy_extrap_only",5.18499816207886,0.593978226184845
"species_1_bathy_extrap_only",5.75088423252106,0.547056972980499
"species_1_bathy_extrap_only",6.31677030296326,0.496260523796082
"species_1_bathy_extrap_only",6.88265637340546,0.444951921701431
"species_1_bathy_extrap_only",7.44854244384766,0.394790679216385
"species_1_bathy_extrap_only",8.01442851428986,0.346751630306244
"species_1_bathy_extrap_only",8.58031458473206,0.301644533872604
"species_1_bathy_extrap_only",9.14620065517426,0.260069191455841
"species_1_bathy_extrap_only",9.71208672561646,0.222399190068245
"species_1_bathy_extrap_only",10.2779727960587,0.188793376088142
"species_1_bathy_extrap_only",10.8438588665009,0.159225821495056
"species_1_bathy_extrap_only",11.4097449369431,0.133526682853699
"species_1_bathy_extrap_only",11.9756310073853,0.11142572760582
"species_1_bathy_extrap_only",12.5415170778275,0.0925919264554977
"species_1_bathy_extrap_only",13.1074031482697,0.0766668766736984
"species_1_bathy_extrap_only",13.6732892187119,0.0632897466421127
"species_1_bathy_extrap_only",14.2391752891541,0.0521149896085262
"species_1_bathy_extrap_only",14.8050613595963,0.0428230836987495
"species_1_bathy_extrap_only",15.3709474300385,0.0351264961063862
"species_1_bathy_extrap_only",15.9368335004807,0.0287716444581747
"species_1_bathy_extrap_only",16.5027195709229,0.0235384162515402
"species_1_bathy_extrap_only",17.0686056413651,0.0192382019013166
"species_1_bathy_extrap_only",17.6344917118073,0.0157109517604113
"species_1_bathy_extrap_only",18.2003777822495,0.012821945361793
"species_1_bathy_extrap_only",18.7662638526917,0.0104585457593203
"species_1_bathy_extrap_only",19.3321499231339,0.00852701626718044
"species_1_bathy_extrap_only",19.8980359935761,0.00694970414042473
"species_1_bathy_extrap_only",20.4639220640183,0.00566249061375856
"species_1_bathy_extrap_only",21.0298081344605,0.00461258832365274
"species_1_bathy_extrap_only",21.5956942049027,0.00375661673024297
"species_1_bathy_extrap_only",22.1615802753449,0.00305900000967085
"species_1_bathy_extrap_only",22.7274663457871,0.00249061081558466
"species_1_bathy_extrap_only",23.2933524162293,0.00202761869877577
"species_1_bathy_extrap_only",23.8592384866715,0.00165055214893073
"species_1_bathy_extrap_only",24.4251245571137,0.00134426029399037
"species_1_bathy_extrap_only",24.9910106275558,0.00124541367404163
"species_1_bathy_extrap_only",25.5568966979981,0.00121745315846056
"species_1_bathy_extrap_only",26.1227827684403,0.00119018519762903
"species_1_bathy_extrap_only",26.6886688388825,0.00116352736949921
"species_1_bathy_extrap_only",27.2545549093247,0.0011374659370631
"species_1_bathy_extrap_only",27.8204409797669,0.00111198762897402
"species_1_bathy_extrap_only",28.386327050209,0.00108707929030061
"species_1_bathy_extrap_only",28.9522131206513,0.0010627283481881
"species_1_bathy_extrap_only",29.5180991910935,0.00103892234619707
"species_1_bathy_extrap_only",30.0839852615356,0.00101564906071872
"species_1_bathy_extrap_only",30.6498713319779,0.000992896617390215
"species_1_bathy_extrap_only",31.21575740242,0.000970653374679387
"species_1_bathy_extrap_only",31.7816434728622,0.00094890792388469
"species_1_bathy_extrap_only",32.3475295433045,0.00092764914734289
"species_1_bathy_extrap_only",32.9134156137467,0.000906866393052042
"species_1_bathy_extrap_only",33.4793016841889,0.00088654865976423
"species_1_bathy_extrap_only",34.045187754631,0.000866685702931136
"species_1_bathy_extrap_only",34.6110738250733,0.000847267569042742
"species_1_bathy_extrap_only",35.1769598955155,0.000828284013550729
"species_1_bathy_extrap_only",35.7428459659576,0.000809725432191044
"species_1_bathy_extrap_only",36.3087320363999,0.000791582453530282
"species_1_bathy_extrap_only",36.874618106842,0.000773845589719713
"species_1_bathy_extrap_only",37.4405041772843,0.000756505818571895
"species_1_bathy_extrap_only",38.0063902477265,0.000739554467145354
"species_1_bathy_extrap_only",38.5722763181687,0.000722982513252646
"species_1_bathy_extrap_only",39.1381623886109,0.000706781749613583
"species_1_bathy_extrap_only",39.704048459053,0.000690943677909672
"species_1_bathy_extrap_only",40.2699345294953,0.000675460265483707
"species_1_bathy_extrap_only",40.8358205999374,0.000660323712509125
"species_1_bathy_extrap_only",41.4017066703797,0.000645526044536382
"species_1_bathy_extrap_only",41.9675927408218,0.000631059752777219
"species_1_bathy_extrap_only",42.533478811264,0.000616917561274022
"species_1_bathy_extrap_only",43.0993648817062,0.000603092019446194
"species_1_bathy_extrap_only",43.6652509521485,0.000589576142374426
"species_1_bathy_extrap_only",44.2311370225907,0.00057636306155473
"species_1_bathy_extrap_only",44.7970230930329,0.000563445850275457
"species_1_bathy_extrap_only",45.362909163475,0.000550818105693907
"species_1_bathy_extrap_only",45.9287952339173,0.000538473075721413
"species_1_bathy_extrap_only",46.4946813043595,0.000526404590345919
"species_1_bathy_extrap_only",47.0605673748017,0.000514606537763029
"species_1_bathy_extrap_only",47.6264534452438,0.000503072689753026
"species_1_bathy_extrap_only",48.192339515686,0.000491797225549817
"species_1_bathy_extrap_only",48.7582255861283,0.000480774440802634
"species_1_bathy_extrap_only",49.3241116565705,0.000469998514745384
"species_1_bathy_extrap_only",49.8899977270126,0.000459464034065604
"species_1_bathy_extrap_only",50.4558837974549,0.000449165614554658
"species_1_bathy_extrap_only",51.021769867897,0.000439097842900082
"species_1_bathy_extrap_only",51.5876559383393,0.000429255713243038
"species_1_bathy_extrap_only",52.1535420087815,0.000419634015997872
"species_1_bathy_extrap_only",52.7194280792236,0.00041022791992873
"species_1_bathy_extrap_only",53.2853141496658,0.000401032652007416
"species_1_bathy_extrap_only",53.851200220108,0.000392043322790414
"species_1_bathy_extrap_only",54.4170862905503,0.000383255421184003
"species_1_bathy_extrap_only",54.9829723609925,0.000374664494302124
"species_1_bathy_extrap_only",55.5488584314346,0.000366266031051055
"species_1_bathy_extrap_only",56.1147445018768,0.000358055753167719
"species_1_bathy_extrap_only",56.680630572319,0.000350029498804361
"species_1_bathy_extrap_only",57.2465166427613,0.000342183047905564
"species_1_bathy_extrap_only",57.8124027132034,0.000334512471454218
"species_1_bathy_extrap_only",58.3782887836457,0.000327013753121719
"species_1_bathy_extrap_only",58.9441748540878,0.000319683051202446
"species_1_bathy_extrap_only",59.5100609245301,0.000312516698613763
"species_1_bathy_extrap_only",60.0759469949722,0.000305510911857709
"species_1_bathy_extrap_only",60.6418330654145,0.000298662111163139
"species_1_bathy_extrap_only",61.2077191358566,0.000291966862278059
"species_1_bathy_extrap_only",61.7736052062988,0.000285421585431322
"species_1_bathy_extrap_only",62.339491276741,0.000279023020993918
"species_1_bathy_extrap_only",62.9053773471832,0.000272767909336835
"species_1_bathy_extrap_only",63.4712634176254,0.000266652932623401
"species_1_bathy_extrap_only",64.0371494880677,0.000260675034951419
"species_1_bathy_extrap_only",64.6030355585098,0.000254831102211028
"species_1_bathy_extrap_only",65.1689216289521,0.000249118136707693
"species_1_bathy_extrap_only",65.7348076993943,0.000243533228058368
"species_1_bathy_extrap_only",66.3006937698364,0.000238073480431922
"species_1_bathy_extrap_only",66.8665798402786,0.000232736187172122
"species_1_bathy_extrap_only",67.4324659107209,0.000227518452447839
"species_1_bathy_extrap_only",67.998351981163,0.000222417671466246
"species_1_bathy_extrap_only",68.5642380516053,0.000217431210330687
"species_1_bathy_extrap_only",69.1301241220474,0.000212556522455998
"species_1_bathy_extrap_only",69.6960101924896,0.000207791163120419
"species_1_bathy_extrap_only",70.2618962629319,0.000203132556634955
"species_1_bathy_extrap_only",70.827782333374,0.00019857837469317
"species_1_bathy_extrap_only",71.3936684038162,0.000194126274436712
"species_1_bathy_extrap_only",71.9595544742585,0.00018977397121489
"species_1_bathy_extrap_only",72.5254405447006,0.00018551922403276
"species_1_bathy_extrap_only",73.0913266151429,0.000181359922862612
"species_1_bathy_extrap_only",73.657212685585,0.000177293783053756
"species_1_bathy_extrap_only",74.2230987560272,0.00017331879644189
"species_1_bathy_extrap_only",74.7889848264694,0.000169432925758883
"species_1_bathy_extrap_only",75.3548708969116,0.000165634148288518
"species_1_bathy_extrap_only",75.9207569673538,0.00016192058683373
"species_1_bathy_extrap_only",76.4866430377961,0.000158290218678303
"species_1_bathy_extrap_only",77.0525291082382,0.000154741239384748
"species_1_bathy_extrap_only",77.6184151786804,0.000151271815411747
"species_1_bathy_extrap_only",78.1843012491227,0.000147880156873725
"species_1_bathy_extrap_only",78.7501873195648,0.000144564546644688
"species_1_bathy_extrap_only",79.316073390007,0.000141323296702467
"species_1_bathy_extrap_only",79.8819594604493,0.000138154675369151
"species_1_bathy_extrap_only",80.4478455308914,0.000135057081934065
"species_1_bathy_extrap_only",81.0137316013337,0.000132028930238448
"species_1_bathy_extrap_only",81.5796176717758,0.000129068677779287
"species_1_bathy_extrap_only",82.145503742218,0.000126174811157398
"species_1_bathy_extrap_only",82.7113898126602,0.000123345787869766
"species_1_bathy_extrap_only",83.2772758831024,0.000120580196380615
"species_1_bathy_extrap_only",83.8431619535446,0.000117876596050337
"species_1_bathy_extrap_only",84.4090480239869,0.000115233611722942
"species_1_bathy_extrap_only",84.974934094429,0.000112649882794358
"species_1_bathy_extrap_only",85.5408201648712,0.00011012410686817
"species_1_bathy_extrap_only",86.1067062353134,0.000107654923340306
"species_1_bathy_extrap_only",86.6725923057556,0.000105241102573927
"species_1_bathy_extrap_only",87.2384783761978,0.000102881400380284
"species_1_bathy_extrap_only",87.80436444664,0.000100574594398495
"species_1_bathy_extrap_only",88.3702505170822,9.83195423032157e-05
"species_1_bathy_extrap_only",88.9361365875245,9.61150144576095e-05
"species_1_bathy_extrap_only",89.5020226579666,9.39599121920764e-05
"species_1_bathy_extrap_only",90.0679087284088,9.18531295610592e-05
"species_1_bathy_extrap_only",90.633794798851,8.97935824468732e-05
"species_1_bathy_extrap_only",91.1996808692932,8.77802085597068e-05
"species_1_bathy_extrap_only",91.7655669397354,8.58120038174093e-05
"species_1_bathy_extrap_only",92.3314530101776,8.38878986542113e-05
"species_1_bathy_extrap_only",92.8973390806198,8.20069326437078e-05
"species_1_bathy_extrap_only",93.463225151062,8.01681380835362e-05
"species_1_bathy_extrap_only",94.0291112215042,7.83705690992065e-05
"species_1_bathy_extrap_only",94.5949972919464,7.66133307479322e-05
"species_1_bathy_extrap_only",95.1608833623886,7.48954626033083e-05
"species_1_bathy_extrap_only",95.7267694328308,7.32161206542514e-05
"species_1_bathy_extrap_only",96.292655503273,7.15744245098904e-05
"species_1_bathy_extrap_only",96.8585415737153,6.99695301591419e-05
"species_1_bathy_extrap_only",97.4244276441574,6.84006299707107e-05
"species_1_bathy_extrap_only",97.9903137145996,6.68669235892594e-05
"species_1_bathy_extrap_only",98.5561997850418,6.53675815556198e-05
"species_1_bathy_extrap_only",99.122085855484,6.39018617221154e-05
"species_1_bathy_extrap_only",99.6879719259262,6.24690001131967e-05
"species_1_bathy_extrap_only",100.253857996368,6.10682691331021e-05
"species_1_bathy_extrap_only",100.819744066811,5.96989593759645e-05
"species_1_bathy_extrap_only",101.385630137253,5.83603359700646e-05
"species_1_bathy_extrap_only",101.951516207695,5.70517258893233e-05
"species_1_bathy_extrap_only",102.517402278137,5.57724561076611e-05
"species_1_bathy_extrap_only",103.083288348579,5.45218717888929e-05
"species_1_bathy_extrap_only",103.649174419022,5.32993290107697e-05
"species_1_bathy_extrap_only",104.215060489464,5.21042093168944e-05
"species_1_bathy_extrap_only",104.780946559906,5.09358724229969e-05
"species_1_bathy_extrap_only",105.346832630348,4.97937326144893e-05
"species_1_bathy_extrap_only",105.91271870079,4.86772041767836e-05
"species_1_bathy_extrap_only",106.478604771233,4.75857086712494e-05
"species_1_bathy_extrap_only",107.044490841675,4.65186858491506e-05
"species_1_bathy_extrap_only",107.610376912117,4.54756009276025e-05
"species_1_bathy_extrap_only",108.176262982559,4.44558936578687e-05
"species_1_bathy_extrap_only",108.742149053001,4.34590474469587e-05
"species_1_bathy_extrap_only",109.308035123444,4.24845529778395e-05
"species_1_bathy_extrap_only",109.873921193886,4.15319118474144e-05
"species_1_bathy_extrap_only",110.439807264328,4.06006402045023e-05
"species_1_bathy_extrap_only",111.00569333477,3.96902396460064e-05
"species_1_bathy_extrap_only",111.571579405212,3.88002517865971e-05
"species_1_bathy_extrap_only",112.137465475655,3.79302182409447e-05
"species_1_bathy_extrap_only",112.703351546097,3.70796951756347e-05
"species_1_bathy_extrap_only",113.269237616539,3.62482423952315e-05
"species_1_bathy_extrap_only",113.835123686981,3.54354451701511e-05
"species_1_bathy_extrap_only",114.401009757423,3.46408596669789e-05
"species_1_bathy_extrap_only",114.966895827866,3.38640929840039e-05
"species_1_bathy_extrap_only",115.532781898308,3.31047413055785e-05
"species_1_bathy_extrap_only",116.09866796875,3.2362419005949e-05
"species_1_bathy_extrap_only",116.664554039192,3.16367477353197e-05
"species_1_bathy_extrap_only",117.230440109634,3.09273418679368e-05
"species_1_bathy_extrap_only",117.796326180077,3.02338412438985e-05
"species_1_bathy_extrap_only",118.362212250519,2.95558911602711e-05
"species_1_bathy_extrap_only",118.928098320961,2.88931441900786e-05
"species_1_bathy_extrap_only",119.493984391403,2.82452565443236e-05
"species_1_bathy_extrap_only",120.059870461845,2.76119044428924e-05
"species_1_bathy_extrap_only",120.625756532288,2.6992745915777e-05
"species_1_bathy_extrap_only",121.19164260273,2.63874699157896e-05
"species_1_bathy_extrap_only",121.757528673172,2.57957672147313e-05
"species_1_bathy_extrap_only",122.323414743614,2.52173322223825e-05
"species_1_bathy_extrap_only",122.889300814056,2.46518757194281e-05
"species_1_bathy_extrap_only",123.455186884499,2.40990902966587e-05
"species_1_bathy_extrap_only",124.021072954941,2.35586994676851e-05
"species_1_bathy_extrap_only",124.586959025383,2.30304267461179e-05
"species_1_bathy_extrap_only",125.152845095825,2.25139992835466e-05
"species_1_bathy_extrap_only",125.718731166267,2.20091515075183e-05
"species_1_bathy_extrap_only",126.28461723671,2.15156305785058e-05
"species_1_bathy_extrap_only",126.850503307152,2.10331691050669e-05
"species_1_bathy_extrap_only",127.416389377594,2.05615269806003e-05
"species_1_bathy_extrap_only",127.982275448036,2.01004604605259e-05
"species_1_bathy_extrap_only",128.548161518478,1.96497385331895e-05
"species_1_bathy_extrap_only",129.114047588921,1.9209117454011e-05
"species_1_bathy_extrap_only",129.679933659363,1.87783753062831e-05
"species_1_bathy_extrap_only",130.245819729805,1.83572938112775e-05
"species_1_bathy_extrap_only",130.811705800247,1.79456528712763e-05
"species_1_bathy_extrap_only",131.377591870689,1.7543243302498e-05
"species_1_bathy_extrap_only",131.943477941132,1.71498559211614e-05
"species_1_bathy_extrap_only",132.509364011574,1.67652906384319e-05
"species_1_bathy_extrap_only",133.075250082016,1.63893473654753e-05
"species_1_bathy_extrap_only",133.641136152458,1.60218460223405e-05
"species_1_bathy_extrap_only",134.2070222229,1.56625737872673e-05
"species_1_bathy_extrap_only",134.772908293343,1.53113578562625e-05
"species_1_bathy_extrap_only",135.338794363785,1.4968018149375e-05
"species_1_bathy_extrap_only",135.904680434227,1.4632377315138e-05
"species_1_bathy_extrap_only",136.470566504669,1.43042625495582e-05
"species_1_bathy_extrap_only",137.036452575111,1.39835055961157e-05
"species_1_bathy_extrap_only",137.602338645554,1.36699409267749e-05
"species_1_bathy_extrap_only",138.168224715996,1.33634066514787e-05
"species_1_bathy_extrap_only",138.734110786438,1.30637472466333e-05
"species_1_bathy_extrap_only",139.29999685688,1.27708062791498e-05
"species_1_bathy_extrap_only",139.865882927322,1.24844345918973e-05
"species_1_bathy_extrap_only",140.431768997765,1.22044921226916e-05
"species_1_bathy_extrap_only",140.997655068207,1.19308197099599e-05
"species_1_bathy_extrap_only",141.563541138649,1.16632827484864e-05
"species_1_bathy_extrap_only",142.129427209091,1.14017466330552e-05
"species_1_bathy_extrap_only",142.695313279533,1.11460740299663e-05
"species_1_bathy_extrap_only",143.261199349976,1.08961348814773e-05
"species_1_bathy_extrap_only",143.827085420418,1.06518000393407e-05
"species_1_bathy_extrap_only",144.39297149086,1.04129439932876e-05
"species_1_bathy_extrap_only",144.958857561302,1.0179444871028e-05
"species_1_bathy_extrap_only",145.524743631744,9.95118080027169e-06
"species_1_bathy_extrap_only",146.090629702187,9.728035365697e-06
"species_1_bathy_extrap_only",146.656515772629,9.50990033743437e-06
"species_1_bathy_extrap_only",147.222401843071,9.29665020521497e-06
"species_1_bathy_extrap_only",147.788287913513,9.0881821961375e-06
"species_1_bathy_extrap_only",148.354173983955,8.88438808033243e-06
"species_1_bathy_extrap_only",148.920060054398,8.68516508489847e-06
"species_1_bathy_extrap_only",149.48594612484,8.49040861794492e-06
"species_1_bathy_extrap_only",150.051832195282,8.30001954454929e-06
"species_1_bathy_extrap_only",150.617718265724,8.11389963928377e-06
"species_1_bathy_extrap_only",151.183604336166,7.9319534052047e-06
"species_1_bathy_extrap_only",151.749490406609,7.75408625486307e-06
"species_1_bathy_extrap_only",152.315376477051,7.58020860303077e-06
"species_1_bathy_extrap_only",152.881262547493,7.41023450245848e-06
"species_1_bathy_extrap_only",153.447148617935,7.24406663721311e-06
"species_1_bathy_extrap_only",154.013034688377,7.08162542650825e-06
"species_1_bathy_extrap_only",154.57892075882,6.922826742084e-06
"species_1_bathy_extrap_only",155.144806829262,6.76758872941718e-06
"species_1_bathy_extrap_only",155.710692899704,6.61583180772141e-06
"species_1_bathy_extrap_only",156.276578970146,6.46747821519966e-06
"species_1_bathy_extrap_only",156.842465040588,6.32245109954965e-06
"species_1_bathy_extrap_only",157.408351111031,6.18067588220583e-06
"species_1_bathy_extrap_only",157.974237181473,6.04207980359206e-06
"species_1_bathy_extrap_only",158.540123251915,5.9065919231216e-06
"species_1_bathy_extrap_only",159.106009322357,5.77414539293386e-06
"species_1_bathy_extrap_only",159.671895392799,5.64466563446331e-06
"species_1_bathy_extrap_only",160.237781463242,5.51808898308082e-06
"species_1_bathy_extrap_only",160.803667533684,5.39435086466256e-06
"species_1_bathy_extrap_only",161.369553604126,5.27338761457941e-06
"species_1_bathy_extrap_only",161.935439674568,5.15513647769694e-06
"species_1_bathy_extrap_only",162.50132574501,5.03953742736485e-06
"species_1_bathy_extrap_only",163.067211815453,4.92653043693281e-06
"species_1_bathy_extrap_only",163.633097885895,4.81605729873991e-06
"species_1_bathy_extrap_only",164.198983956337,4.70806162411463e-06
"species_1_bathy_extrap_only",164.764870026779,4.60248747913283e-06
"species_1_bathy_extrap_only",165.330756097221,4.49928347734385e-06
"species_1_bathy_extrap_only",165.896642167664,4.39839095633943e-06
"species_1_bathy_extrap_only",166.462528238106,4.29976080340566e-06
"species_1_bathy_extrap_only",167.028414308548,4.20334254158661e-06
"species_1_bathy_extrap_only",167.59430037899,4.10908614867367e-06
"species_1_bathy_extrap_only",168.160186449432,4.016943876195e-06
"species_1_bathy_extrap_only",168.726072519875,3.92686706618406e-06
"species_1_bathy_extrap_only",169.291958590317,3.83881069865311e-06
"species_1_bathy_extrap_only",169.857844660759,3.75272861674603e-06
"species_1_bathy_extrap_only",170.423730731201,3.66857716471714e-06
"species_1_bathy_extrap_only",170.989616801643,3.58631245944707e-06
"species_1_bathy_extrap_only",171.555502872086,3.50589471054263e-06
"species_1_bathy_extrap_only",172.121388942528,3.42727798852138e-06
"species_1_bathy_extrap_only",172.68727501297,3.35042409460584e-06
"species_1_bathy_extrap_only",173.253161083412,3.27529392052384e-06
"species_1_bathy_extrap_only",173.819047153854,3.20184813062951e-06
"species_1_bathy_extrap_only",174.384933224297,3.1300494356401e-06
"species_1_bathy_extrap_only",174.950819294739,3.0598607736465e-06
"species_1_bathy_extrap_only",175.516705365181,2.99124599223433e-06
"species_1_bathy_extrap_only",176.082591435623,2.92416984848387e-06
"species_1_bathy_extrap_only",176.648477506065,2.85859800897015e-06
"species_1_bathy_extrap_only",177.214363576508,2.79449636764184e-06
"species_1_bathy_extrap_only",177.78024964695,2.73183377430541e-06
"species_1_bathy_extrap_only",178.346135717392,2.6705747586675e-06
"species_1_bathy_extrap_only",178.912021787834,2.61068930740294e-06
"species_1_bathy_extrap_only",179.477907858276,2.55214672506554e-06
"species_1_bathy_extrap_only",180.043793928719,2.49491699833015e-06
"species_1_bathy_extrap_only",180.609679999161,2.43897056861897e-06
"species_1_bathy_extrap_only",181.175566069603,2.38427878684888e-06
"species_1_bathy_extrap_only",181.741452140045,2.33081345868413e-06
"species_1_bathy_extrap_only",182.307338210487,2.27854684453632e-06
"species_1_bathy_extrap_only",182.87322428093,2.22745234168542e-06
"species_1_bathy_extrap_only",183.439110351372,2.17750357478508e-06
"species_1_bathy_extrap_only",184.004996421814,2.12867621485202e-06
"species_1_bathy_extrap_only",184.570882492256,2.08094229492417e-06
"species_1_bathy_extrap_only",185.136768562698,2.03427907763398e-06
"species_1_bathy_extrap_only",185.702654633141,1.98866200662451e-06
"species_1_bathy_extrap_only",186.268540703583,1.94406788978085e-06
"species_1_bathy_extrap_only",186.834426774025,1.9004737623618e-06
"species_1_bathy_extrap_only",187.400312844467,1.85785722806031e-06
"species_1_bathy_extrap_only",187.966198914909,1.81619634531671e-06
"species_1_bathy_extrap_only",188.532084985352,1.77546962731867e-06
"species_1_bathy_extrap_only",189.097971055794,1.73565615568805e-06
"species_1_bathy_extrap_only",189.663857126236,1.69673558048089e-06
"species_1_bathy_extrap_only",190.229743196678,1.65868868862162e-06
"species_1_bathy_extrap_only",190.79562926712,1.62149399329792e-06
"species_1_bathy_extrap_only",191.361515337563,1.58513330461574e-06
"species_1_bathy_extrap_only",191.927401408005,1.5495879779337e-06
"species_1_bathy_extrap_only",192.493287478447,1.51483970967092e-06
"species_1_bathy_extrap_only",193.059173548889,1.48087065099389e-06
"species_1_bathy_extrap_only",193.625059619331,1.44766340781644e-06
"species_1_bathy_extrap_only",194.190945689774,1.41520069973922e-06
"species_1_bathy_extrap_only",194.756831760216,1.38346604217077e-06
"species_1_bathy_extrap_only",195.322717830658,1.35244295051962e-06
"species_1_bathy_extrap_only",195.8886039011,1.32211550862849e-06
"species_1_bathy_extrap_only",196.454489971542,1.29246893720847e-06
"species_1_bathy_extrap_only",197.020376041985,1.26348641060758e-06
"species_1_bathy_extrap_only",197.586262112427,1.23515371797112e-06
"species_1_bathy_extrap_only",198.152148182869,1.20745642107067e-06
"species_1_bathy_extrap_only",198.718034253311,1.18038019536471e-06
"species_1_bathy_extrap_only",199.283920323753,1.15391105737217e-06
"species_1_bathy_extrap_only",199.849806394196,1.12803559204622e-06
"species_1_bathy_extrap_only",200.415692464638,1.10274027065316e-06
"species_1_bathy_extrap_only",200.98157853508,1.07801224658033e-06
"species_1_bathy_extrap_only",201.547464605522,1.05383867321507e-06
"species_1_bathy_extrap_only",202.113350675964,1.0302072723789e-06
"species_1_bathy_extrap_only",202.679236746407,1.00710633432755e-06
"species_1_bathy_extrap_only",203.245122816849,9.8452278507466e-07
"species_1_bathy_extrap_only",203.811008887291,9.62445596996986e-07
"species_1_bathy_extrap_only",204.376894957733,9.40863571941009e-07
"species_1_bathy_extrap_only",204.942781028175,9.19765454909793e-07
"species_1_bathy_extrap_only",205.508667098618,8.99140445653757e-07
"species_1_bathy_extrap_only",206.07455316906,8.7897797129699e-07
"species_1_bathy_extrap_only",206.640439239502,8.59267572650424e-07
"species_1_bathy_extrap_only",207.206325309944,8.39999188428919e-07
"species_1_bathy_extrap_only",207.772211380386,8.21162927877594e-07
"species_1_bathy_extrap_only",208.338097450829,8.02749013928405e-07
"species_1_bathy_extrap_only",208.903983521271,7.84748465321172e-07
"species_1_bathy_extrap_only",209.469869591713,7.67151107083919e-07
"species_1_bathy_extrap_only",210.035755662155,7.49948355860397e-07
"species_1_bathy_extrap_only",210.601641732597,7.33131400920684e-07
"species_1_bathy_extrap_only",211.16752780304,7.16691488378274e-07
"species_1_bathy_extrap_only",211.733413873482,7.00620262250595e-07
"species_1_bathy_extrap_only",212.299299943924,6.84909423398494e-07
"species_1_bathy_extrap_only",212.865186014366,6.69550900056493e-07
"species_1_bathy_extrap_only",213.431072084808,6.5453673414595e-07
"species_1_bathy_extrap_only",213.996958155251,6.39859308648738e-07
"species_1_bathy_extrap_only",214.562844225693,6.25510949703312e-07
"species_1_bathy_extrap_only",215.128730296135,6.1148472241257e-07
"species_1_bathy_extrap_only",215.694616366577,5.97772668697871e-07
"species_1_bathy_extrap_only",216.260502437019,5.8436813787921e-07
"species_1_bathy_extrap_only",216.826388507462,5.71264138216065e-07
"species_1_bathy_extrap_only",217.392274577904,5.58453962185013e-07
"species_1_bathy_extrap_only",217.958160648346,5.45931129636301e-07
"species_1_bathy_extrap_only",218.524046718788,5.33689046733343e-07
"species_1_bathy_extrap_only",219.08993278923,5.21721460700064e-07
"species_1_bathy_extrap_only",219.655818859673,5.10022289290646e-07
"species_1_bathy_extrap_only",220.221704930115,4.9858545025927e-07
"species_1_bathy_extrap_only",220.787591000557,4.87405088733794e-07
"species_1_bathy_extrap_only",221.353477070999,4.76475690902589e-07
"species_1_bathy_extrap_only",221.919363141441,4.65791117676417e-07
"species_1_bathy_extrap_only",222.485249211884,4.55346111039034e-07
"species_1_bathy_extrap_only",223.051135282326,4.45135356130777e-07
"species_1_bathy_extrap_only",223.617021352768,4.35153538091981e-07
"species_1_bathy_extrap_only",224.18290742321,4.2539556943666e-07
"species_1_bathy_extrap_only",224.748793493652,4.15856419522243e-07
"species_1_bathy_extrap_only",225.314679564095,4.06531171392999e-07
"species_1_bathy_extrap_only",225.880565634537,3.97415021780034e-07
"species_1_bathy_extrap_only",226.446451704979,3.88503309523003e-07
"species_1_bathy_extrap_only",227.012337775421,3.79791430304977e-07
"species_1_bathy_extrap_only",227.578223845863,3.7127514929125e-07
"species_1_bathy_extrap_only",228.144109916306,3.62949606369511e-07
"species_1_bathy_extrap_only",228.709995986748,3.54810737235312e-07
"species_1_bathy_extrap_only",229.27588205719,3.46854392319074e-07
"species_1_bathy_extrap_only",229.841768127632,3.3907645047293e-07
"species_1_bathy_extrap_only",230.407654198074,3.31472932657562e-07
"species_1_bathy_extrap_only",230.973540268517,3.24039916677066e-07
"species_1_bathy_extrap_only",231.539426338959,3.16773594022379e-07
"species_1_bathy_extrap_only",232.105312409401,3.09670184606148e-07
"species_1_bathy_extrap_only",232.671198479843,3.02726078871274e-07
"species_1_bathy_extrap_only",233.237084550285,2.95937695682369e-07
"species_1_bathy_extrap_only",233.802970620728,2.8930170969943e-07
"species_1_bathy_extrap_only",234.36885669117,2.82814340835102e-07
"species_1_bathy_extrap_only",234.934742761612,2.76472462701349e-07
"species_1_bathy_extrap_only",235.500628832054,2.70272778379876e-07
"species_1_bathy_extrap_only",236.066514902496,2.64212133060937e-07
"species_1_bathy_extrap_only",236.632400972939,2.58287371934785e-07
"species_1_bathy_extrap_only",237.198287043381,2.56342133297949e-07
"species_1_bathy_extrap_only",237.764173113823,2.56342133297949e-07
"species_1_bathy_extrap_only",238.330059184265,2.56342133297949e-07
"species_1_bathy_extrap_only",238.895945254707,2.56342133297949e-07
"species_1_bathy_extrap_only",239.46183132515,2.56342133297949e-07
"species_1_bathy_extrap_only",240.027717395592,2.56342133297949e-07
"species_1_bathy_extrap_only",240.593603466034,2.56342133297949e-07
"species_1_bathy_extrap_only",241.159489536476,2.56342133297949e-07
"species_1_bathy_extrap_only",241.725375606918,2.56342133297949e-07
"species_1_bathy_extrap_only",242.291261677361,2.56342133297949e-07
"species_1_bathy_extrap_only",242.857147747803,2.56342133297949e-07
"species_1_bathy_extrap_only",243.423033818245,2.56342133297949e-07
"species_1_bathy_extrap_only",243.988919888687,2.56342133297949e-07
"species_1_bathy_extrap_only",244.554805959129,2.56342133297949e-07
"species_1_bathy_extrap_only",245.120692029572,2.56342133297949e-07
"species_1_bathy_extrap_only",245.686578100014,2.56342133297949e-07
"species_1_bathy_extrap_only",246.252464170456,2.56342133297949e-07
"species_1_bathy_extrap_only",246.818350240898,2.56342133297949e-07
"species_1_bathy_extrap_only",247.38423631134,2.56342133297949e-07
"species_1_bathy_extrap_only",247.950122381783,2.56342133297949e-07
"species_1_bathy_extrap_only",248.516008452225,2.56342133297949e-07
"species_1_bathy_extrap_only",249.081894522667,2.56342133297949e-07
"species_1_bathy_extrap_only",249.647780593109,2.56342133297949e-07
"species_1_bathy_extrap_only",250.213666663551,2.56342133297949e-07
"species_1_bathy_extrap_only",250.779552733994,2.56342133297949e-07
"species_1_bathy_extrap_only",251.345438804436,2.56342133297949e-07
"species_1_bathy_extrap_only",251.911324874878,2.56342133297949e-07
"species_1_bathy_extrap_only",252.47721094532,2.56342133297949e-07
"species_1_bathy_extrap_only",253.043097015762,2.56342133297949e-07
"species_1_bathy_extrap_only",253.608983086205,2.56342133297949e-07
"species_1_bathy_extrap_only",254.174869156647,2.56342133297949e-07
"species_1_bathy_extrap_only",254.740755227089,2.56342133297949e-07
"species_1_bathy_extrap_only",255.306641297531,2.56342133297949e-07
"species_1_bathy_extrap_only",255.872527367973,2.56342133297949e-07
"species_1_bathy_extrap_only",256.438413438416,2.56342133297949e-07
"species_1_bathy_extrap_only",257.004299508858,2.56342133297949e-07
"species_1_bathy_extrap_only",257.5701855793,2.56342133297949e-07
"species_1_bathy_extrap_only",258.136071649742,2.56342133297949e-07
"species_1_bathy_extrap_only",258.701957720184,2.56342133297949e-07
"species_1_bathy_extrap_only",259.267843790627,2.56342133297949e-07
"species_1_bathy_extrap_only",259.833729861069,2.56342133297949e-07
"species_1_bathy_extrap_only",260.399615931511,2.56342133297949e-07
"species_1_bathy_extrap",-22.5434192895889,0.984753549098968
"species_1_bathy_extrap",-21.9775332191467,0.984753549098968
"species_1_bathy_extrap",-21.4116471487045,0.984753549098968
"species_1_bathy_extrap",-20.8457610782623,0.984753549098968
"species_1_bathy_extrap",-20.2798750078201,0.984753549098968
"species_1_bathy_extrap",-19.7139889373779,0.984753549098968
"species_1_bathy_extrap",-19.1481028669357,0.984753549098968
"species_1_bathy_extrap",-18.5822167964935,0.984753549098968
"species_1_bathy_extrap",-18.0163307260513,0.984753549098968
"species_1_bathy_extrap",-17.4504446556091,0.984753549098968
"species_1_bathy_extrap",-16.8845585851669,0.984753549098968
"species_1_bathy_extrap",-16.3186725147247,0.984753549098968
"species_1_bathy_extrap",-15.7527864442825,0.984753549098968
"species_1_bathy_extrap",-15.1869003738403,0.984753549098968
"species_1_bathy_extrap",-14.6210143033981,0.984753549098968
"species_1_bathy_extrap",-14.0551282329559,0.984753549098968
"species_1_bathy_extrap",-13.4892421625137,0.984753549098968
"species_1_bathy_extrap",-12.9233560920715,0.984753549098968
"species_1_bathy_extrap",-12.3574700216293,0.984753549098968
"species_1_bathy_extrap",-11.7915839511871,0.984753549098968
"species_1_bathy_extrap",-11.2256978807449,0.984753549098968
"species_1_bathy_extrap",-10.6598118103027,0.984753549098968
"species_1_bathy_extrap",-10.0939257398605,0.984753549098968
"species_1_bathy_extrap",-9.52803966941834,0.984753549098968
"species_1_bathy_extrap",-8.96215359897614,0.984753549098968
"species_1_bathy_extrap",-8.39626752853394,0.984753549098968
"species_1_bathy_extrap",-7.83038145809174,0.984753549098968
"species_1_bathy_extrap",-7.26449538764954,0.984753549098968
"species_1_bathy_extrap",-6.69860931720734,0.984753549098968
"species_1_bathy_extrap",-6.13272324676514,0.984753549098968
"species_1_bathy_extrap",-5.56683717632294,0.984753549098968
"species_1_bathy_extrap",-5.00095110588074,0.984753549098968
"species_1_bathy_extrap",-4.43506503543854,0.984753549098968
"species_1_bathy_extrap",-3.86917896499634,0.984753549098968
"species_1_bathy_extrap",-3.30329289455414,0.984753549098968
"species_1_bathy_extrap",-2.73740682411194,0.984753549098968
"species_1_bathy_extrap",-2.17152075366974,0.984753549098968
"species_1_bathy_extrap",-1.60563468322754,0.984753549098968
"species_1_bathy_extrap",-1.03974861278534,0.984753549098968
"species_1_bathy_extrap",-0.473862542343138,0.984753549098968
"species_1_bathy_extrap",0.0920235280990624,0.984753549098968
"species_1_bathy_extrap",0.657909598541263,0.984753549098968
"species_1_bathy_extrap",1.22379566898346,0.889803290367126
"species_1_bathy_extrap",1.78968173942566,0.773792684078217
"species_1_bathy_extrap",2.35556780986786,0.731890559196472
"species_1_bathy_extrap",2.92145388031006,0.685382425785065
"species_1_bathy_extrap",3.48733995075226,0.63483202457428
"species_1_bathy_extrap",4.05322602119446,0.591993808746338
"species_1_bathy_extrap",4.61911209163666,0.569172024726868
"species_1_bathy_extrap",5.18499816207886,0.546052515506744
"species_1_bathy_extrap",5.75088423252106,0.522732675075531
"species_1_bathy_extrap",6.31677030296326,0.499313294887543
"species_1_bathy_extrap",6.88265637340546,0.475896924734116
"species_1_bathy_extrap",7.44854244384766,0.452586054801941
"species_1_bathy_extrap",8.01442851428986,0.429481387138367
"species_1_bathy_extrap",8.58031458473206,0.406579554080963
"species_1_bathy_extrap",9.14620065517426,0.376017689704895
"species_1_bathy_extrap",9.71208672561646,0.346342414617538
"species_1_bathy_extrap",10.2779727960587,0.317816287279129
"species_1_bathy_extrap",10.8438588665009,0.290595203638077
"species_1_bathy_extrap",11.4097449369431,0.264800548553467
"species_1_bathy_extrap",11.9756310073853,0.240519315004349
"species_1_bathy_extrap",12.5415170778275,0.217804938554764
"species_1_bathy_extrap",13.1074031482697,0.196680188179016
"species_1_bathy_extrap",13.6732892187119,0.177140295505524
"species_1_bathy_extrap",14.2391752891541,0.159157067537308
"species_1_bathy_extrap",14.8050613595963,0.142682909965515
"species_1_bathy_extrap",15.3709474300385,0.12765508890152
"species_1_bathy_extrap",15.9368335004807,0.113999597728252
"species_1_bathy_extrap",16.5027195709229,0.101634651422501
"species_1_bathy_extrap",17.0686056413651,0.090473935008049
"species_1_bathy_extrap",17.6344917118073,0.0804290696978569
"species_1_bathy_extrap",18.2003777822495,0.0714118480682373
"species_1_bathy_extrap",18.7662638526917,0.0633359774947166
"species_1_bathy_extrap",19.3321499231339,0.0561182051897049
"species_1_bathy_extrap",19.8980359935761,0.0496793426573277
"species_1_bathy_extrap",20.4639220640183,0.0439448468387127
"species_1_bathy_extrap",21.0298081344605,0.0388452410697937
"species_1_bathy_extrap",21.5956942049027,0.0343161821365356
"species_1_bathy_extrap",22.1615802753449,0.0302985180169344
"species_1_bathy_extrap",22.7274663457871,0.0267382208257914
"species_1_bathy_extrap",23.2933524162293,0.0235861092805862
"species_1_bathy_extrap",23.8592384866715,0.0207976512610912
"species_1_bathy_extrap",24.4251245571137,0.0183326601982117
"species_1_bathy_extrap",24.9910106275558,0.0171410795301199
"species_1_bathy_extrap",25.5568966979981,0.016447626054287
"species_1_bathy_extrap",26.1227827684403,0.0157817732542753
"species_1_bathy_extrap",26.6886688388825,0.0151690784841776
"species_1_bathy_extrap",27.2545549093247,0.0146803557872772
"species_1_bathy_extrap",27.8204409797669,0.0142071526497602
"species_1_bathy_extrap",28.386327050209,0.013748986646533
"species_1_bathy_extrap",28.9522131206513,0.0133470091968775
"species_1_bathy_extrap",29.5180991910935,0.0129968235269189
"species_1_bathy_extrap",30.0839852615356,0.0127261783927679
"species_1_bathy_extrap",30.6498713319779,0.0124622136354446
"species_1_bathy_extrap",31.21575740242,0.0122036570683122
"species_1_bathy_extrap",31.7816434728622,0.0119503997266293
"species_1_bathy_extrap",32.3475295433045,0.0117023354396224
"species_1_bathy_extrap",32.9134156137467,0.0114593617618084
"species_1_bathy_extrap",33.4793016841889,0.0112213743850589
"species_1_bathy_extrap",34.045187754631,0.0109882736578584
"species_1_bathy_extrap",34.6110738250733,0.0107599655166268
"species_1_bathy_extrap",35.1769598955155,0.0105363475158811
"species_1_bathy_extrap",35.7428459659576,0.0103173293173313
"species_1_bathy_extrap",36.3087320363999,0.0101028187200427
"species_1_bathy_extrap",36.874618106842,0.0098927216604352
"species_1_bathy_extrap",37.4405041772843,0.00968695152550936
"species_1_bathy_extrap",38.0063902477265,0.00948542170226574
"species_1_bathy_extrap",38.5722763181687,0.00928804371505976
"species_1_bathy_extrap",39.1381623886109,0.00909473653882742
"species_1_bathy_extrap",39.704048459053,0.00890541449189186
"species_1_bathy_extrap",40.2699345294953,0.00871999934315681
"species_1_bathy_extrap",40.8358205999374,0.00853841286152601
"species_1_bathy_extrap",41.4017066703797,0.00836057402193546
"species_1_bathy_extrap",41.9675927408218,0.00818640924990177
"species_1_bathy_extrap",42.533478811264,0.00801584403961897
"species_1_bathy_extrap",43.0993648817062,0.00784880388528109
"species_1_bathy_extrap",43.6652509521485,0.00768521707504988
"species_1_bathy_extrap",44.2311370225907,0.0075250156223774
"species_1_bathy_extrap",44.7970230930329,0.00736812734976411
"species_1_bathy_extrap",45.362909163475,0.00721448706462979
"species_1_bathy_extrap",45.9287952339173,0.00706402724608779
"species_1_bathy_extrap",46.4946813043595,0.00691668316721916
"species_1_bathy_extrap",47.0605673748017,0.00677239242941141
"species_1_bathy_extrap",47.6264534452438,0.00663109077140689
"species_1_bathy_extrap",48.192339515686,0.00649271765723825
"species_1_bathy_extrap",48.7582255861283,0.00635721487924457
"species_1_bathy_extrap",49.3241116565705,0.00622452143579722
"species_1_bathy_extrap",49.8899977270126,0.00609458051621914
"species_1_bathy_extrap",50.4558837974549,0.00596733670681715
"species_1_bathy_extrap",51.021769867897,0.0058427331969142
"species_1_bathy_extrap",51.5876559383393,0.00572071736678481
"species_1_bathy_extrap",52.1535420087815,0.00560123473405838
"species_1_bathy_extrap",52.7194280792236,0.00548423361033201
"species_1_bathy_extrap",53.2853141496658,0.00536966370418668
"species_1_bathy_extrap",53.851200220108,0.00525747425854206
"species_1_bathy_extrap",54.4170862905503,0.00514761637896299
"species_1_bathy_extrap",54.9829723609925,0.00504004349932075
"species_1_bathy_extrap",55.5488584314346,0.00493470672518015
"species_1_bathy_extrap",56.1147445018768,0.00483156042173505
"species_1_bathy_extrap",56.680630572319,0.00473056081682444
"species_1_bathy_extrap",57.2465166427613,0.00463166180998087
"species_1_bathy_extrap",57.8124027132034,0.00453482195734978
"species_1_bathy_extrap",58.3782887836457,0.00443999702110887
"species_1_bathy_extrap",58.9441748540878,0.00434714648872614
"species_1_bathy_extrap",59.5100609245301,0.0042562298476696
"species_1_bathy_extrap",60.0759469949722,0.00416720611974597
"species_1_bathy_extrap",60.6418330654145,0.0040800366550684
"species_1_bathy_extrap",61.2077191358566,0.00399468373507261
"species_1_bathy_extrap",61.7736052062988,0.00391110917553306
"species_1_bathy_extrap",62.339491276741,0.00382927595637739
"species_1_bathy_extrap",62.9053773471832,0.0037491493858397
"species_1_bathy_extrap",63.4712634176254,0.0036706926766783
"species_1_bathy_extrap",64.0371494880677,0.0035938723012805
"species_1_bathy_extrap",64.6030355585098,0.00351865356788039
"species_1_bathy_extrap",65.1689216289521,0.00344500341452658
"species_1_bathy_extrap",65.7348076993943,0.00337288994342089
"species_1_bathy_extrap",66.3006937698364,0.00330228079110384
"species_1_bathy_extrap",66.8665798402786,0.00323314615525305
"species_1_bathy_extrap",67.4324659107209,0.00316545320674777
"species_1_bathy_extrap",67.998351981163,0.00309917330741882
"species_1_bathy_extrap",68.5642380516053,0.00303427688777447
"species_1_bathy_extrap",69.1301241220474,0.00297073530964553
"species_1_bathy_extrap",69.6960101924896,0.00290852133184671
"species_1_bathy_extrap",70.2618962629319,0.00284760561771691
"species_1_bathy_extrap",70.827782333374,0.00278796232305467
"species_1_bathy_extrap",71.3936684038162,0.00272956490516663
"species_1_bathy_extrap",71.9595544742585,0.00267238728702068
"species_1_bathy_extrap",72.5254405447006,0.00261640432290733
"species_1_bathy_extrap",73.0913266151429,0.00256159179843962
"species_1_bathy_extrap",73.657212685585,0.00250792386941612
"species_1_bathy_extrap",74.2230987560272,0.00245537771843374
"species_1_bathy_extrap",74.7889848264694,0.00240392982959747
"species_1_bathy_extrap",75.3548708969116,0.00235355738550425
"species_1_bathy_extrap",75.9207569673538,0.00230423850007355
"species_1_bathy_extrap",76.4866430377961,0.00225595035590231
"species_1_bathy_extrap",77.0525291082382,0.00220867176540196
"species_1_bathy_extrap",77.6184151786804,0.0021623820066452
"species_1_bathy_extrap",78.1843012491227,0.00211706012487411
"species_1_bathy_extrap",78.7501873195648,0.00207268632948399
"species_1_bathy_extrap",79.316073390007,0.00202924129553139
"species_1_bathy_extrap",79.8819594604493,0.00198670453391969
"species_1_bathy_extrap",80.4478455308914,0.00194505765102804
"species_1_bathy_extrap",81.0137316013337,0.00190428213682026
"species_1_bathy_extrap",81.5796176717758,0.00186435983050615
"species_1_bathy_extrap",82.145503742218,0.00182527350261807
"species_1_bathy_extrap",82.7113898126602,0.00178700464311987
"species_1_bathy_extrap",83.2772758831024,0.00174953672103584
"species_1_bathy_extrap",83.8431619535446,0.00171285297255963
"species_1_bathy_extrap",84.4090480239869,0.00167693721596152
"species_1_bathy_extrap",84.974934094429,0.00164177315309644
"species_1_bathy_extrap",85.5408201648712,0.0016073458828032
"species_1_bathy_extrap",86.1067062353134,0.00157363887410611
"species_1_bathy_extrap",86.6725923057556,0.00154063757508993
"species_1_bathy_extrap",87.2384783761978,0.00150832743383944
"species_1_bathy_extrap",87.80436444664,0.00147669389843941
"species_1_bathy_extrap",88.3702505170822,0.00144572311546654
"species_1_bathy_extrap",88.9361365875245,0.00141540064942092
"species_1_bathy_extrap",89.5020226579666,0.00138571322895586
"species_1_bathy_extrap",90.0679087284088,0.00135664769914001
"species_1_bathy_extrap",90.633794798851,0.00132819102145731
"species_1_bathy_extrap",91.1996808692932,0.00130033050663769
"species_1_bathy_extrap",91.7655669397354,0.00127305393107235
"species_1_bathy_extrap",92.3314530101776,0.0012463484890759
"species_1_bathy_extrap",92.8973390806198,0.00122020253911614
"species_1_bathy_extrap",93.463225151062,0.00119460443966091
"species_1_bathy_extrap",94.0291112215042,0.00116954278200865
"species_1_bathy_extrap",94.5949972919464,0.00114500650670379
"species_1_bathy_extrap",95.1608833623886,0.00112098420504481
"species_1_bathy_extrap",95.7267694328308,0.0010974652832374
"species_1_bathy_extrap",96.292655503273,0.0010744392639026
"species_1_bathy_extrap",96.8585415737153,0.00105189590249211
"species_1_bathy_extrap",97.4244276441574,0.00102982495445758
"species_1_bathy_extrap",97.9903137145996,0.00100821699015796
"species_1_bathy_extrap",98.5561997850418,0.000987061648629606
"species_1_bathy_extrap",99.122085855484,0.000966349791269749
"species_1_bathy_extrap",99.6879719259262,0.000946072163060308
"species_1_bathy_extrap",100.253857996368,0.000926219567190856
"species_1_bathy_extrap",100.819744066811,0.000906783505342901
"species_1_bathy_extrap",101.385630137253,0.000887754664290696
"species_1_bathy_extrap",101.951516207695,0.000869124778546393
"species_1_bathy_extrap",102.517402278137,0.00085088552441448
"species_1_bathy_extrap",103.083288348579,0.000833028694614768
"species_1_bathy_extrap",103.649174419022,0.000815546314697713
"species_1_bathy_extrap",104.215060489464,0.000798430817667395
"species_1_bathy_extrap",104.780946559906,0.000781673938035965
"species_1_bathy_extrap",105.346832630348,0.000765268516261131
"species_1_bathy_extrap",105.91271870079,0.000749207101762295
"species_1_bathy_extrap",106.478604771233,0.000733482593204826
"species_1_bathy_extrap",107.044490841675,0.000718087831046432
"species_1_bathy_extrap",107.610376912117,0.000703016179613769
"species_1_bathy_extrap",108.176262982559,0.000688260421156883
"species_1_bathy_extrap",108.742149053001,0.000673814211040735
"species_1_bathy_extrap",109.308035123444,0.000659670971799642
"species_1_bathy_extrap",109.873921193886,0.000645824417006224
"species_1_bathy_extrap",110.439807264328,0.000632268551271409
"species_1_bathy_extrap",111.00569333477,0.000618996797129512
"species_1_bathy_extrap",111.571579405212,0.000606003508437425
"species_1_bathy_extrap",112.137465475655,0.000593282748013735
"species_1_bathy_extrap",112.703351546097,0.000580828927922994
"species_1_bathy_extrap",113.269237616539,0.000568636285606772
"species_1_bathy_extrap",113.835123686981,0.000556699698790908
"species_1_bathy_extrap",114.401009757423,0.000545013346709311
"species_1_bathy_extrap",114.966895827866,0.000533572165295482
"species_1_bathy_extrap",115.532781898308,0.00052237109048292
"species_1_bathy_extrap",116.09866796875,0.000511404999997467
"species_1_bathy_extrap",116.664554039192,0.000500669120810926
"species_1_bathy_extrap",117.230440109634,0.000490158388856798
"species_1_bathy_extrap",117.796326180077,0.000479868234833702
"species_1_bathy_extrap",118.362212250519,0.000469794002128765
"species_1_bathy_extrap",118.928098320961,0.000459931150544435
"species_1_bathy_extrap",119.493984391403,0.000450275256298482
"species_1_bathy_extrap",120.059870461845,0.000440822128439322
"species_1_bathy_extrap",120.625756532288,0.000431567255873233
"species_1_bathy_extrap",121.19164260273,0.000422506593167782
"species_1_bathy_extrap",121.757528673172,0.000413636094890535
"species_1_bathy_extrap",122.323414743614,0.000404951744712889
"species_1_bathy_extrap",122.889300814056,0.000396449759136885
"species_1_bathy_extrap",123.455186884499,0.00038812612183392
"species_1_bathy_extrap",124.021072954941,0.000379977136617526
"species_1_bathy_extrap",124.586959025383,0.000371999223716557
"species_1_bathy_extrap",125.152845095825,0.000364188716048375
"species_1_bathy_extrap",125.718731166267,0.000356542150257155
"species_1_bathy_extrap",126.28461723671,0.000349056179402396
"species_1_bathy_extrap",126.850503307152,0.000341727223712951
"species_1_bathy_extrap",127.416389377594,0.0003345521108713
"species_1_bathy_extrap",127.982275448036,0.000327527610352263
"species_1_bathy_extrap",128.548161518478,0.000320650637149811
"species_1_bathy_extrap",129.114047588921,0.000313917902531102
"species_1_bathy_extrap",129.679933659363,0.000307326525216922
"species_1_bathy_extrap",130.245819729805,0.000300873478408903
"species_1_bathy_extrap",130.811705800247,0.00029455590993166
"species_1_bathy_extrap",131.377591870689,0.000288370938505977
"species_1_bathy_extrap",131.943477941132,0.000282315799267963
"species_1_bathy_extrap",132.509364011574,0.000276387785561383
"species_1_bathy_extrap",133.075250082016,0.000270584219833836
"species_1_bathy_extrap",133.641136152458,0.000264902599155903
"species_1_bathy_extrap",134.2070222229,0.00025934012955986
"species_1_bathy_extrap",134.772908293343,0.000253894424531609
"species_1_bathy_extrap",135.338794363785,0.000248563039349392
"species_1_bathy_extrap",135.904680434227,0.000243343587499112
"species_1_bathy_extrap",136.470566504669,0.000238233697018586
"species_1_bathy_extrap",137.036452575111,0.000233231097809039
"species_1_bathy_extrap",137.602338645554,0.00022833350521978
"species_1_bathy_extrap",138.168224715996,0.000223538736463524
"species_1_bathy_extrap",138.734110786438,0.000218844637856819
"species_1_bathy_extrap",139.29999685688,0.000214249099371955
"species_1_bathy_extrap",139.865882927322,0.00020975002553314
"species_1_bathy_extrap",140.431768997765,0.000205345524591394
"species_1_bathy_extrap",140.997655068207,0.000201033399207518
"species_1_bathy_extrap",141.563541138649,0.000196811786736362
"species_1_bathy_extrap",142.129427209091,0.000192678824532777
"species_1_bathy_extrap",142.695313279533,0.000188632620847784
"species_1_bathy_extrap",143.261199349976,0.000184671385795809
"species_1_bathy_extrap",143.827085420418,0.000180793314939365
"species_1_bathy_extrap",144.39297149086,0.000176996662048623
"species_1_bathy_extrap",144.958857561302,0.000173279739101417
"species_1_bathy_extrap",145.524743631744,0.000169640843523666
"species_1_bathy_extrap",146.090629702187,0.000166078360052779
"species_1_bathy_extrap",146.656515772629,0.000162590775289573
"species_1_bathy_extrap",147.222401843071,0.000159176313900389
"species_1_bathy_extrap",147.788287913513,0.000155833549797535
"species_1_bathy_extrap",148.354173983955,0.000152560984133743
"species_1_bathy_extrap",148.920060054398,0.000149357118061744
"species_1_bathy_extrap",149.48594612484,0.000146220540045761
"species_1_bathy_extrap",150.051832195282,0.000143149809446186
"species_1_bathy_extrap",150.617718265724,0.000140143572934903
"species_1_bathy_extrap",151.183604336166,0.000137200448079966
"species_1_bathy_extrap",151.749490406609,0.000134319125209004
"species_1_bathy_extrap",152.315376477051,0.000131498309201561
"species_1_bathy_extrap",152.881262547493,0.000128736792248674
"species_1_bathy_extrap",153.447148617935,0.000126033191918395
"species_1_bathy_extrap",154.013034688377,0.000123386358609423
"species_1_bathy_extrap",154.57892075882,0.000120795106340665
"species_1_bathy_extrap",155.144806829262,0.000118258270958904
"species_1_bathy_extrap",155.710692899704,0.000115774702862836
"species_1_bathy_extrap",156.276578970146,0.000113343288830947
"species_1_bathy_extrap",156.842465040588,0.000110962930193637
"species_1_bathy_extrap",157.408351111031,0.000108632557385135
"species_1_bathy_extrap",157.974237181473,0.000106351122667547
"species_1_bathy_extrap",158.540123251915,0.000104117592854891
"species_1_bathy_extrap",159.106009322357,0.000101931022072677
"species_1_bathy_extrap",159.671895392799,9.97903116513044e-05
"species_1_bathy_extrap",160.237781463242,9.76945593720302e-05
"species_1_bathy_extrap",160.803667533684,9.56428120844066e-05
"species_1_bathy_extrap",161.369553604126,9.36341530177742e-05
"species_1_bathy_extrap",161.935439674568,9.16676726774313e-05
"species_1_bathy_extrap",162.50132574501,8.97424906725064e-05
"species_1_bathy_extrap",163.067211815453,8.78577411640435e-05
"species_1_bathy_extrap",163.633097885895,8.60125655890442e-05
"species_1_bathy_extrap",164.198983956337,8.42061417642981e-05
"species_1_bathy_extrap",164.764870026779,8.24376475065947e-05
"species_1_bathy_extrap",165.330756097221,8.07063479442149e-05
"species_1_bathy_extrap",165.896642167664,7.90113481343724e-05
"species_1_bathy_extrap",166.462528238106,7.7351949585136e-05
"species_1_bathy_extrap",167.028414308548,7.57274028728716e-05
"species_1_bathy_extrap",167.59430037899,7.41369658499025e-05
"species_1_bathy_extrap",168.160186449432,7.25799327483401e-05
"species_1_bathy_extrap",168.726072519875,7.10555978002958e-05
"species_1_bathy_extrap",169.291958590317,6.95632770657539e-05
"species_1_bathy_extrap",169.857844660759,6.81022938806564e-05
"species_1_bathy_extrap",170.423730731201,6.66719934088178e-05
"species_1_bathy_extrap",170.989616801643,6.52717280900106e-05
"species_1_bathy_extrap",171.555502872086,6.3900908571668e-05
"species_1_bathy_extrap",172.121388942528,6.25588436378166e-05
"species_1_bathy_extrap",172.68727501297,6.1244958487805e-05
"species_1_bathy_extrap",173.253161083412,5.99586674070451e-05
"species_1_bathy_extrap",173.819047153854,5.86993919569068e-05
"species_1_bathy_extrap",174.384933224297,5.74665609747171e-05
"species_1_bathy_extrap",174.950819294739,5.62596214876976e-05
"species_1_bathy_extrap",175.516705365181,5.50780314370058e-05
"species_1_bathy_extrap",176.082591435623,5.39212524017785e-05
"species_1_bathy_extrap",176.648477506065,5.27887714270037e-05
"species_1_bathy_extrap",177.214363576508,5.16800719196908e-05
"species_1_bathy_extrap",177.78024964695,5.05946845805738e-05
"species_1_bathy_extrap",178.346135717392,4.95320637128316e-05
"species_1_bathy_extrap",178.912021787834,4.84917618450709e-05
"species_1_bathy_extrap",179.477907858276,4.74733060400467e-05
"species_1_bathy_extrap",180.043793928719,4.64762415504083e-05
"species_1_bathy_extrap",180.609679999161,4.55001136288047e-05
"species_1_bathy_extrap",181.175566069603,4.45444893557578e-05
"species_1_bathy_extrap",181.741452140045,4.36089321738109e-05
"species_1_bathy_extrap",182.307338210487,4.26930237154011e-05
"species_1_bathy_extrap",182.87322428093,4.17963528889231e-05
"species_1_bathy_extrap",183.439110351372,4.09185122407507e-05
"species_1_bathy_extrap",184.004996421814,4.00591343350243e-05
"species_1_bathy_extrap",184.570882492256,3.92177789763082e-05
"species_1_bathy_extrap",185.136768562698,3.83940932806581e-05
"species_1_bathy_extrap",185.702654633141,3.75877061742358e-05
"species_1_bathy_extrap",186.268540703583,3.67982574971393e-05
"species_1_bathy_extrap",186.834426774025,3.60253870894667e-05
"species_1_bathy_extrap",187.400312844467,3.52687493432313e-05
"species_1_bathy_extrap",187.966198914909,3.45280022884253e-05
"species_1_bathy_extrap",188.532084985352,3.38028148689773e-05
"species_1_bathy_extrap",189.097971055794,3.30928560288157e-05
"species_1_bathy_extrap",189.663857126236,3.23978056258056e-05
"species_1_bathy_extrap",190.229743196678,3.17173762596212e-05
"species_1_bathy_extrap",190.79562926712,3.10512150463182e-05
"species_1_bathy_extrap",191.361515337563,3.03990454995073e-05
"species_1_bathy_extrap",191.927401408005,2.97605747618945e-05
"species_1_bathy_extrap",192.493287478447,2.91355117951753e-05
"species_1_bathy_extrap",193.059173548889,2.85235782939708e-05
"species_1_bathy_extrap",193.625059619331,2.79244959529024e-05
"species_1_bathy_extrap",194.190945689774,2.73379955615383e-05
"species_1_bathy_extrap",194.756831760216,2.6763813366415e-05
"species_1_bathy_extrap",195.322717830658,2.62016892520478e-05
"species_1_bathy_extrap",195.8886039011,2.56513740168884e-05
"species_1_bathy_extrap",196.454489971542,2.5112629373325e-05
"species_1_bathy_extrap",197.020376041985,2.45851842919365e-05
"species_1_bathy_extrap",197.586262112427,2.40688186750049e-05
"species_1_bathy_extrap",198.152148182869,2.35632978728972e-05
"species_1_bathy_extrap",198.718034253311,2.30683945119381e-05
"species_1_bathy_extrap",199.283920323753,2.25838848564308e-05
"species_1_bathy_extrap",199.849806394196,2.2109550627647e-05
"species_1_bathy_extrap",200.415692464638,2.16451808228157e-05
"species_1_bathy_extrap",200.98157853508,2.11905626201769e-05
"species_1_bathy_extrap",201.547464605522,2.07454922929173e-05
"species_1_bathy_extrap",202.113350675964,2.03097697522026e-05
"species_1_bathy_extrap",202.679236746407,1.98832112801028e-05
"species_1_bathy_extrap",203.245122816849,1.94655985978898e-05
"species_1_bathy_extrap",203.811008887291,1.905675890157e-05
"species_1_bathy_extrap",204.376894957733,1.8656504835235e-05
"species_1_bathy_extrap",204.942781028175,1.82646563189337e-05
"species_1_bathy_extrap",205.508667098618,1.78810387296835e-05
"species_1_bathy_extrap",206.07455316906,1.7505479263491e-05
"species_1_bathy_extrap",206.640439239502,1.71378069353523e-05
"species_1_bathy_extrap",207.206325309944,1.67778562172316e-05
"species_1_bathy_extrap",207.772211380386,1.64254652190721e-05
"species_1_bathy_extrap",208.338097450829,1.6080477507785e-05
"species_1_bathy_extrap",208.903983521271,1.57427421072498e-05
"species_1_bathy_extrap",209.469869591713,1.54120916704414e-05
"species_1_bathy_extrap",210.035755662155,1.50883870446705e-05
"species_1_bathy_extrap",210.601641732597,1.47714808917954e-05
"species_1_bathy_extrap",211.16752780304,1.44612304211478e-05
"species_1_bathy_extrap",211.733413873482,1.41574964800384e-05
"species_1_bathy_extrap",212.299299943924,1.38601408252725e-05
"species_1_bathy_extrap",212.865186014366,1.35690315801185e-05
"species_1_bathy_extrap",213.431072084808,1.32840359583497e-05
"species_1_bathy_extrap",213.996958155251,1.3005026630708e-05
"species_1_bathy_extrap",214.562844225693,1.27318771774299e-05
"species_1_bathy_extrap",215.128730296135,1.24644720926881e-05
"species_1_bathy_extrap",215.694616366577,1.22026758617721e-05
"species_1_bathy_extrap",216.260502437019,1.19463784358231e-05
"species_1_bathy_extrap",216.826388507462,1.16954633995192e-05
"species_1_bathy_extrap",217.392274577904,1.14498188850121e-05
"species_1_bathy_extrap",217.958160648346,1.12093339339481e-05
"species_1_bathy_extrap",218.524046718788,1.0973899406963e-05
"species_1_bathy_extrap",219.08993278923,1.07434098026715e-05
"species_1_bathy_extrap",219.655818859673,1.05177614386776e-05
"species_1_bathy_extrap",220.221704930115,1.02968524515745e-05
"species_1_bathy_extrap",220.787591000557,1.00805837064399e-05
"species_1_bathy_extrap",221.353477070999,9.86886243481422e-06
"species_1_bathy_extrap",221.919363141441,9.66158222581726e-06
"species_1_bathy_extrap",222.485249211884,9.45865576795768e-06
"species_1_bathy_extrap",223.051135282326,9.25999120227061e-06
"species_1_bathy_extrap",223.617021352768,9.06549939827528e-06
"species_1_bathy_extrap",224.18290742321,8.87509213498561e-06
"species_1_bathy_extrap",224.748793493652,8.68868482939433e-06
"species_1_bathy_extrap",225.314679564095,8.50619198899949e-06
"species_1_bathy_extrap",225.880565634537,8.32753266877262e-06
"species_1_bathy_extrap",226.446451704979,8.15262592368526e-06
"species_1_bathy_extrap",227.012337775421,7.98139171820367e-06
"species_1_bathy_extrap",227.578223845863,7.81375911174109e-06
"species_1_bathy_extrap",228.144109916306,7.64964352129027e-06
"species_1_bathy_extrap",228.709995986748,7.48897400626447e-06
"species_1_bathy_extrap",229.27588205719,7.33167962607695e-06
"species_1_bathy_extrap",229.841768127632,7.17768853064626e-06
"species_1_bathy_extrap",230.407654198074,7.02693205312244e-06
"species_1_bathy_extrap",230.973540268517,6.87934198140283e-06
"species_1_bathy_extrap",231.539426338959,6.73485146762687e-06
"species_1_bathy_extrap",232.105312409401,6.59339593767072e-06
"species_1_bathy_extrap",232.671198479843,6.45491172690527e-06
"species_1_bathy_extrap",233.237084550285,6.31933608019608e-06
"species_1_bathy_extrap",233.802970620728,6.1866112446296e-06
"species_1_bathy_extrap",234.36885669117,6.05667037234525e-06
"species_1_bathy_extrap",234.934742761612,5.92945934840827e-06
"species_1_bathy_extrap",235.500628832054,5.8049195104104e-06
"species_1_bathy_extrap",236.066514902496,5.68299583392218e-06
"species_1_bathy_extrap",236.632400972939,5.5636328397668e-06
"species_1_bathy_extrap",237.198287043381,5.52440496903728e-06
"species_1_bathy_extrap",237.764173113823,5.52440496903728e-06
"species_1_bathy_extrap",238.330059184265,5.52440496903728e-06
"species_1_bathy_extrap",238.895945254707,5.52440496903728e-06
"species_1_bathy_extrap",239.46183132515,5.52440496903728e-06
"species_1_bathy_extrap",240.027717395592,5.52440496903728e-06
"species_1_bathy_extrap",240.593603466034,5.52440496903728e-06
"species_1_bathy_extrap",241.159489536476,5.52440496903728e-06
"species_1_bathy_extrap",241.725375606918,5.52440496903728e-06
"species_1_bathy_extrap",242.291261677361,5.52440496903728e-06
"species_1_bathy_extrap",242.857147747803,5.52440496903728e-06
"species_1_bathy_extrap",243.423033818245,5.52440496903728e-06
"species_1_bathy_extrap",243.988919888687,5.52440496903728e-06
"species_1_bathy_extrap",244.554805959129,5.52440496903728e-06
"species_1_bathy_extrap",245.120692029572,5.52440496903728e-06
"species_1_bathy_extrap",245.686578100014,5.52440496903728e-06
"species_1_bathy_extrap",246.252464170456,5.52440496903728e-06
"species_1_bathy_extrap",246.818350240898,5.52440496903728e-06
"species_1_bathy_extrap",247.38423631134,5.52440496903728e-06
"species_1_bathy_extrap",247.950122381783,5.52440496903728e-06
"species_1_bathy_extrap",248.516008452225,5.52440496903728e-06
"species_1_bathy_extrap",249.081894522667,5.52440496903728e-06
"species_1_bathy_extrap",249.647780593109,5.52440496903728e-06
"species_1_bathy_extrap",250.213666663551,5.52440496903728e-06
"species_1_bathy_extrap",250.779552733994,5.52440496903728e-06
"species_1_bathy_extrap",251.345438804436,5.52440496903728e-06
"species_1_bathy_extrap",251.911324874878,5.52440496903728e-06
"species_1_bathy_extrap",252.47721094532,5.52440496903728e-06
"species_1_bathy_extrap",253.043097015762,5.52440496903728e-06
"species_1_bathy_extrap",253.608983086205,5.52440496903728e-06
"species_1_bathy_extrap",254.174869156647,5.52440496903728e-06
"species_1_bathy_extrap",254.740755227089,5.52440496903728e-06
"species_1_bathy_extrap",255.306641297531,5.52440496903728e-06
"species_1_bathy_extrap",255.872527367973,5.52440496903728e-06
"species_1_bathy_extrap",256.438413438416,5.52440496903728e-06
"species_1_bathy_extrap",257.004299508858,5.52440496903728e-06
"species_1_bathy_extrap",257.5701855793,5.52440496903728e-06
"species_1_bathy_extrap",258.136071649742,5.52440496903728e-06
"species_1_bathy_extrap",258.701957720184,5.52440496903728e-06
"species_1_bathy_extrap",259.267843790627,5.52440496903728e-06
"species_1_bathy_extrap",259.833729861069,5.52440496903728e-06
"species_1_bathy_extrap",260.399615931511,5.52440496903728e-06
"species_1_contemp_ice_extrap_only",-9.91452462375168,7.61955088819377e-05
"species_1_contemp_ice_extrap_only",-9.6649954394341,7.61955088819377e-05
"species_1_contemp_ice_extrap_only",-9.41546625511651,7.61955088819377e-05
"species_1_contemp_ice_extrap_only",-9.16593707079892,7.61955088819377e-05
"species_1_contemp_ice_extrap_only",-8.91640788648133,7.61955088819377e-05
"species_1_contemp_ice_extrap_only",-8.66687870216374,7.61955088819377e-05
"species_1_contemp_ice_extrap_only",-8.41734951784615,7.61955088819377e-05
"species_1_contemp_ice_extrap_only",-8.16782033352856,7.61955088819377e-05
"species_1_contemp_ice_extrap_only",-7.91829114921097,7.61955088819377e-05
"species_1_contemp_ice_extrap_only",-7.66876196489338,7.61955088819377e-05
"species_1_contemp_ice_extrap_only",-7.41923278057579,7.61955088819377e-05
"species_1_contemp_ice_extrap_only",-7.1697035962582,7.61955088819377e-05
"species_1_contemp_ice_extrap_only",-6.92017441194061,7.61955088819377e-05
"species_1_contemp_ice_extrap_only",-6.67064522762302,7.61955088819377e-05
"species_1_contemp_ice_extrap_only",-6.42111604330543,7.61955088819377e-05
"species_1_contemp_ice_extrap_only",-6.17158685898784,7.61955088819377e-05
"species_1_contemp_ice_extrap_only",-5.92205767467025,7.61955088819377e-05
"species_1_contemp_ice_extrap_only",-5.67252849035266,7.61955088819377e-05
"species_1_contemp_ice_extrap_only",-5.42299930603507,7.61955088819377e-05
"species_1_contemp_ice_extrap_only",-5.17347012171748,7.61955088819377e-05
"species_1_contemp_ice_extrap_only",-4.92394093739989,7.61955088819377e-05
"species_1_contemp_ice_extrap_only",-4.6744117530823,7.61955088819377e-05
"species_1_contemp_ice_extrap_only",-4.42488256876471,7.61955088819377e-05
"species_1_contemp_ice_extrap_only",-4.17535338444712,7.61955088819377e-05
"species_1_contemp_ice_extrap_only",-3.92582420012953,7.61955088819377e-05
"species_1_contemp_ice_extrap_only",-3.67629501581194,7.61955088819377e-05
"species_1_contemp_ice_extrap_only",-3.42676583149435,7.61955088819377e-05
"species_1_contemp_ice_extrap_only",-3.17723664717676,7.61955088819377e-05
"species_1_contemp_ice_extrap_only",-2.92770746285917,7.61955088819377e-05
"species_1_contemp_ice_extrap_only",-2.67817827854158,7.61955088819377e-05
"species_1_contemp_ice_extrap_only",-2.42864909422399,7.61955088819377e-05
"species_1_contemp_ice_extrap_only",-2.1791199099064,7.61955088819377e-05
"species_1_contemp_ice_extrap_only",-1.92959072558881,7.61955088819377e-05
"species_1_contemp_ice_extrap_only",-1.68006154127122,7.61955088819377e-05
"species_1_contemp_ice_extrap_only",-1.43053235695363,7.61955088819377e-05
"species_1_contemp_ice_extrap_only",-1.18100317263604,7.61955088819377e-05
"species_1_contemp_ice_extrap_only",-0.93147398831845,7.61955088819377e-05
"species_1_contemp_ice_extrap_only",-0.68194480400086,7.61955088819377e-05
"species_1_contemp_ice_extrap_only",-0.432415619683269,7.61955088819377e-05
"species_1_contemp_ice_extrap_only",-0.182886435365679,7.61955088819377e-05
"species_1_contemp_ice_extrap_only",0.0666427489519101,7.61955088819377e-05
"species_1_contemp_ice_extrap_only",0.3161719332695,7.61955088819377e-05
"species_1_contemp_ice_extrap_only",0.565701117587089,7.79404945205897e-05
"species_1_contemp_ice_extrap_only",0.81523030190468,8.34260936244391e-05
"species_1_contemp_ice_extrap_only",1.06475948622227,8.93092947080731e-05
"species_1_contemp_ice_extrap_only",1.31428867053986,9.5619703643024e-05
"species_1_contemp_ice_extrap_only",1.56381785485745,0.000102389189123642
"species_1_contemp_ice_extrap_only",1.81334703917504,0.000109652057290077
"species_1_contemp_ice_extrap_only",2.06287622349263,0.000117445233627222
"species_1_contemp_ice_extrap_only",2.31240540781022,0.000125808481243439
"species_1_contemp_ice_extrap_only",2.56193459212781,0.000134784640977159
"species_1_contemp_ice_extrap_only",2.8114637764454,0.000144419798743911
"species_1_contemp_ice_extrap_only",3.06099296076299,0.000154763634782284
"species_1_contemp_ice_extrap_only",3.31052214508058,0.000165869656484574
"species_1_contemp_ice_extrap_only",3.56005132939817,0.000177795518538915
"species_1_contemp_ice_extrap_only",3.80958051371576,0.000190603328519501
"species_1_contemp_ice_extrap_only",4.05910969803335,0.000204359996132553
"species_1_contemp_ice_extrap_only",4.30863888235094,0.000219137669773772
"species_1_contemp_ice_extrap_only",4.55816806666853,0.000235014056670479
"species_1_contemp_ice_extrap_only",4.80769725098612,0.000252073019510135
"species_1_contemp_ice_extrap_only",5.05722643530371,0.000270404882030562
"species_1_contemp_ice_extrap_only",5.3067556196213,0.000290106981992722
"species_1_contemp_ice_extrap_only",5.55628480393889,0.000311284442432225
"species_1_contemp_ice_extrap_only",5.80581398825648,0.000334050477249548
"species_1_contemp_ice_extrap_only",6.05534317257407,0.000358527322532609
"species_1_contemp_ice_extrap_only",6.30487235689166,0.000384846731321886
"species_1_contemp_ice_extrap_only",6.55440154120925,0.000413150817621499
"species_1_contemp_ice_extrap_only",6.80393072552684,0.000443593016825616
"species_1_contemp_ice_extrap_only",7.05345990984443,0.000476338813314214
"species_1_contemp_ice_extrap_only",7.30298909416202,0.000511566700879484
"species_1_contemp_ice_extrap_only",7.55251827847961,0.000549469550605863
"species_1_contemp_ice_extrap_only",7.80204746279719,0.000590255309361964
"species_1_contemp_ice_extrap_only",8.05157664711479,0.000634148542303592
"species_1_contemp_ice_extrap_only",8.30110583143238,0.00068139162613079
"species_1_contemp_ice_extrap_only",8.55063501574996,0.000732246437110007
"species_1_contemp_ice_extrap_only",8.80016420006756,0.000786995282396674
"species_1_contemp_ice_extrap_only",9.04969338438515,0.000845943461172283
"species_1_contemp_ice_extrap_only",9.29922256870274,0.000909420778043568
"species_1_contemp_ice_extrap_only",9.54875175302033,0.000977782648988068
"species_1_contemp_ice_extrap_only",9.79828093733791,0.00105141382664442
"species_1_contemp_ice_extrap_only",10.0478101216555,0.00113072979729623
"species_1_contemp_ice_extrap_only",10.2973393059731,0.0012161786435172
"species_1_contemp_ice_extrap_only",10.5468684902907,0.00130824535153806
"species_1_contemp_ice_extrap_only",10.7963976746083,0.00140745367389172
"species_1_contemp_ice_extrap_only",11.0459268589259,0.00151436985470355
"species_1_contemp_ice_extrap_only",11.2954560432435,0.00162960449233651
"species_1_contemp_ice_extrap_only",11.544985227561,0.00175381894223392
"species_1_contemp_ice_extrap_only",11.7945144118786,0.00188772776164114
"species_1_contemp_ice_extrap_only",12.0440435961962,0.00203210161998868
"species_1_contemp_ice_extrap_only",12.2935727805138,0.00218777568079531
"species_1_contemp_ice_extrap_only",12.5431019648314,0.00235565169714391
"species_1_contemp_ice_extrap_only",12.792631149149,0.00253670359961689
"species_1_contemp_ice_extrap_only",13.0421603334666,0.00273198471404612
"species_1_contemp_ice_extrap_only",13.2916895177842,0.00294263544492424
"species_1_contemp_ice_extrap_only",13.5412187021018,0.00316988420672715
"species_1_contemp_ice_extrap_only",13.7907478864194,0.00341506279073656
"species_1_contemp_ice_extrap_only",14.0402770707369,0.00367961032316089
"species_1_contemp_ice_extrap_only",14.2898062550545,0.00396507931873202
"species_1_contemp_ice_extrap_only",14.5393354393721,0.00427315011620522
"species_1_contemp_ice_extrap_only",14.7888646236897,0.0046056411229074
"species_1_contemp_ice_extrap_only",15.0383938080073,0.00496451091021299
"species_1_contemp_ice_extrap_only",15.2879229923249,0.00535188196226954
"species_1_contemp_ice_extrap_only",15.5374521766425,0.0057700457982719
"species_1_contemp_ice_extrap_only",15.7869813609601,0.00622147973626852
"species_1_contemp_ice_extrap_only",16.0365105452777,0.00670885387808084
"species_1_contemp_ice_extrap_only",16.2860397295953,0.00723505904898047
"species_1_contemp_ice_extrap_only",16.5355689139128,0.00780321378260851
"species_1_contemp_ice_extrap_only",16.7850980982304,0.00841669086366892
"species_1_contemp_ice_extrap_only",17.034627282548,0.00907911546528339
"species_1_contemp_ice_extrap_only",17.2841564668656,0.00978641398251057
"species_1_contemp_ice_extrap_only",17.5336856511832,0.0103611471131444
"species_1_contemp_ice_extrap_only",17.7832148355008,0.0102185411378741
"species_1_contemp_ice_extrap_only",18.0327440198184,0.0100791687145829
"species_1_contemp_ice_extrap_only",18.282273204136,0.00994295068085194
"species_1_contemp_ice_extrap_only",18.5318023884536,0.00980981159955263
"species_1_contemp_ice_extrap_only",18.7813315727712,0.00967967789620161
"species_1_contemp_ice_extrap_only",19.0308607570887,0.00955247785896063
"species_1_contemp_ice_extrap_only",19.2803899414063,0.00942814163863659
"species_1_contemp_ice_extrap_only",19.5299191257239,0.00930660031735897
"species_1_contemp_ice_extrap_only",19.7794483100415,0.00918778963387012
"species_1_contemp_ice_extrap_only",20.0289774943591,0.00907164346426725
"species_1_contemp_ice_extrap_only",20.2785066786767,0.00895810034126043
"species_1_contemp_ice_extrap_only",20.5280358629943,0.00884710066020489
"species_1_contemp_ice_extrap_only",20.7775650473119,0.00873858481645584
"species_1_contemp_ice_extrap_only",21.0270942316295,0.00863249506801367
"species_1_contemp_ice_extrap_only",21.276623415947,0.00852877553552389
"species_1_contemp_ice_extrap_only",21.5261526002646,0.00842737220227718
"species_1_contemp_ice_extrap_only",21.7756817845822,0.00832823198288679
"species_1_contemp_ice_extrap_only",22.0252109688998,0.00823130551725626
"species_1_contemp_ice_extrap_only",22.2747401532174,0.00813654158264399
"species_1_contemp_ice_extrap_only",22.524269337535,0.00804389081895351
"species_1_contemp_ice_extrap_only",22.7737985218526,0.00795330759137869
"species_1_contemp_ice_extrap_only",23.0233277061702,0.00786474626511335
"species_1_contemp_ice_extrap_only",23.2728568904878,0.00777816027402878
"species_1_contemp_ice_extrap_only",23.5223860748054,0.00769350817427039
"species_1_contemp_ice_extrap_only",23.771915259123,0.00761074712499976
"species_1_contemp_ice_extrap_only",24.0214444434405,0.0075298361480236
"species_1_contemp_ice_extrap_only",24.2709736277581,0.0074507356621325
"species_1_contemp_ice_extrap_only",24.5205028120757,0.00737340608611703
"species_1_contemp_ice_extrap_only",24.7700319963933,0.0072978101670742
"species_1_contemp_ice_extrap_only",25.0195611807109,0.00722391158342361
"species_1_contemp_ice_extrap_only",25.2690903650285,0.00715167401358485
"species_1_contemp_ice_extrap_only",25.5186195493461,0.00708106346428394
"species_1_contemp_ice_extrap_only",25.7681487336637,0.00701204547658563
"species_1_contemp_ice_extrap_only",26.0176779179813,0.0069445869885385
"species_1_contemp_ice_extrap_only",26.2672071022988,0.00687865726649761
"species_1_contemp_ice_extrap_only",26.5167362866164,0.00681422371417284
"species_1_contemp_ice_extrap_only",26.766265470934,0.00675125746056437
"species_1_contemp_ice_extrap_only",27.0157946552516,0.00668972823768854
"species_1_contemp_ice_extrap_only",27.2653238395692,0.0066296081058681
"species_1_contemp_ice_extrap_only",27.5148530238868,0.00657086865976453
"species_1_contemp_ice_extrap_only",27.7643822082044,0.00651348382234573
"species_1_contemp_ice_extrap_only",28.013911392522,0.00645742565393448
"species_1_contemp_ice_extrap_only",28.2634405768396,0.00640267040580511
"species_1_contemp_ice_extrap_only",28.5129697611572,0.00634919200092554
"species_1_contemp_ice_extrap_only",28.7624989454747,0.0062969671562314
"species_1_contemp_ice_extrap_only",29.0120281297923,0.00624597165733576
"species_1_contemp_ice_extrap_only",29.2615573141099,0.0061961836181581
"species_1_contemp_ice_extrap_only",29.5110864984275,0.00614757928997278
"species_1_contemp_ice_extrap_only",29.7606156827451,0.00610013864934444
"species_1_contemp_ice_extrap_only",30.0101448670627,0.00605383981019258
"species_1_contemp_ice_extrap_only",30.2596740513803,0.00600866321474314
"species_1_contemp_ice_extrap_only",30.5092032356979,0.00596458790823817
"species_1_contemp_ice_extrap_only",30.7587324200155,0.00592159572988749
"species_1_contemp_ice_extrap_only",31.008261604333,0.0058796675875783
"species_1_contemp_ice_extrap_only",31.2577907886506,0.00583878485485911
"species_1_contemp_ice_extrap_only",31.5073199729682,0.00579893123358488
"species_1_contemp_ice_extrap_only",31.7568491572858,0.00576008809730411
"species_1_contemp_ice_extrap_only",32.0063783416034,0.00572224007919431
"species_1_contemp_ice_extrap_only",32.255907525921,0.00568536948412657
"species_1_contemp_ice_extrap_only",32.5054367102386,0.00564946280792356
"species_1_contemp_ice_extrap_only",32.7549658945562,0.00561450282111764
"species_1_contemp_ice_extrap_only",33.0044950788738,0.00558047648519278
"species_1_contemp_ice_extrap_only",33.2540242631914,0.00554736843332648
"species_1_contemp_ice_extrap_only",33.503553447509,0.00551516469568014
"species_1_contemp_ice_extrap_only",33.7530826318265,0.00548385269939899
"species_1_contemp_ice_extrap_only",34.0026118161441,0.00545341847464442
"species_1_contemp_ice_extrap_only",34.2521410004617,0.0054290653206408
"species_1_contemp_ice_extrap_only",34.5016701847793,0.00540792802348733
"species_1_contemp_ice_extrap_only",34.7511993690969,0.00539654865860939
"species_1_contemp_ice_extrap_only",35.0007285534145,0.00539363082498312
"species_1_contemp_ice_extrap_only",35.2502577377321,0.00540641415864229
"species_1_contemp_ice_extrap_only",35.4997869220497,0.00542802968993783
"species_1_contemp_ice_extrap_only",35.7493161063673,0.005466653034091
"species_1_contemp_ice_extrap_only",35.9988452906849,0.00550998095422983
"species_1_contemp_ice_extrap_only",36.2483744750024,0.00555679155513644
"species_1_contemp_ice_extrap_only",36.49790365932,0.005614357534796
"species_1_contemp_ice_extrap_only",36.7474328436376,0.00567959854379296
"species_1_contemp_ice_extrap_only",36.9969620279552,0.00575305242091417
"species_1_contemp_ice_extrap_only",37.2464912122728,0.00583086861297488
"species_1_contemp_ice_extrap_only",37.4960203965904,0.00591315003111959
"species_1_contemp_ice_extrap_only",37.745549580908,0.00599991297349334
"species_1_contemp_ice_extrap_only",37.9950787652256,0.00609267968684435
"species_1_contemp_ice_extrap_only",38.2446079495432,0.00618792325258255
"species_1_contemp_ice_extrap_only",38.4941371338607,0.00628545321524143
"species_1_contemp_ice_extrap_only",38.7436663181783,0.0063853319734335
"species_1_contemp_ice_extrap_only",38.9931955024959,0.00649022962898016
"species_1_contemp_ice_extrap_only",39.2427246868135,0.0066222962923348
"species_1_contemp_ice_extrap_only",39.4922538711311,0.00675789779052138
"species_1_contemp_ice_extrap_only",39.7417830554487,0.0068971449509263
"species_1_contemp_ice_extrap_only",39.9913122397663,0.00704014487564564
"species_1_contemp_ice_extrap_only",40.2408414240839,0.00718700932338834
"species_1_contemp_ice_extrap_only",40.4903706084015,0.00733785890042782
"species_1_contemp_ice_extrap_only",40.7398997927191,0.00749281048774719
"species_1_contemp_ice_extrap_only",40.9894289770367,0.00765199307352304
"species_1_contemp_ice_extrap_only",41.2389581613542,0.00781553145498037
"species_1_contemp_ice_extrap_only",41.4884873456718,0.00798356346786022
"species_1_contemp_ice_extrap_only",41.7380165299894,0.00815622508525848
"species_1_contemp_ice_extrap_only",41.987545714307,0.00833365600556135
"species_1_contemp_ice_extrap_only",42.2370748986246,0.00851600803434849
"species_1_contemp_ice_extrap_only",42.4866040829422,0.00870342832058668
"species_1_contemp_ice_extrap_only",42.7361332672598,0.00889607984572649
"species_1_contemp_ice_extrap_only",42.9856624515774,0.00909411907196045
"species_1_contemp_ice_extrap_only",43.235191635895,0.00929771922528744
"species_1_contemp_ice_extrap_only",43.4847208202125,0.00950705260038376
"species_1_contemp_ice_extrap_only",43.7342500045301,0.00972229428589344
"species_1_contemp_ice_extrap_only",43.9837791888477,0.00994363706558943
"species_1_contemp_ice_extrap_only",44.2333083731653,0.0101712662726641
"species_1_contemp_ice_extrap_only",44.4828375574829,0.0104053867980838
"species_1_contemp_ice_extrap_only",44.7323667418005,0.0106461998075247
"species_1_contemp_ice_extrap_only",44.9818959261181,0.0108939157798886
"species_1_contemp_ice_extrap_only",45.2314251104357,0.0111487591639161
"species_1_contemp_ice_extrap_only",45.4809542947533,0.0114109516143799
"species_1_contemp_ice_extrap_only",45.7304834790709,0.0116807334125042
"species_1_contemp_ice_extrap_only",45.9800126633885,0.011958341114223
"species_1_contemp_ice_extrap_only",46.229541847706,0.012244033627212
"species_1_contemp_ice_extrap_only",46.4790710320236,0.0125380652025342
"species_1_contemp_ice_extrap_only",46.7286002163412,0.0128407012671232
"species_1_contemp_ice_extrap_only",46.9781294006588,0.0131522286683321
"species_1_contemp_ice_extrap_only",47.2276585849764,0.0134729249402881
"species_1_contemp_ice_extrap_only",47.477187769294,0.0138030964881182
"species_1_contemp_ice_extrap_only",47.7267169536116,0.0141430422663689
"species_1_contemp_ice_extrap_only",47.9762461379292,0.0144930891692638
"species_1_contemp_ice_extrap_only",48.2257753222468,0.0148535631597042
"species_1_contemp_ice_extrap_only",48.4753045065643,0.0152247967198491
"species_1_contemp_ice_extrap_only",48.7248336908819,0.0156071549281478
"species_1_contemp_ice_extrap_only",48.9743628751995,0.0160009898245335
"species_1_contemp_ice_extrap_only",49.2238920595171,0.0164066907018423
"species_1_contemp_ice_extrap_only",49.4734212438347,0.0168246421962976
"species_1_contemp_ice_extrap_only",49.7229504281523,0.0172552410513163
"species_1_contemp_ice_extrap_only",49.9724796124699,0.0176989156752825
"species_1_contemp_ice_extrap_only",50.2220087967875,0.018156087026
"species_1_contemp_ice_extrap_only",50.4715379811051,0.0186272151768208
"species_1_contemp_ice_extrap_only",50.7210671654227,0.0191127490252256
"species_1_contemp_ice_extrap_only",50.9705963497402,0.0196131784468889
"species_1_contemp_ice_extrap_only",51.2201255340578,0.0201289933174849
"species_1_contemp_ice_extrap_only",51.4696547183754,0.0206606965512037
"species_1_contemp_ice_extrap_only",51.719183902693,0.0212088357657194
"species_1_contemp_ice_extrap_only",51.9687130870106,0.0217739380896091
"species_1_contemp_ice_extrap_only",52.2182422713282,0.0223565902560949
"species_1_contemp_ice_extrap_only",52.4677714556458,0.0229573603719473
"species_1_contemp_ice_extrap_only",52.7173006399634,0.0235768705606461
"species_1_contemp_ice_extrap_only",52.966829824281,0.0242157410830259
"species_1_contemp_ice_extrap_only",53.2163590085986,0.024874608963728
"species_1_contemp_ice_extrap_only",53.4658881929161,0.0255541671067476
"species_1_contemp_ice_extrap_only",53.7154173772337,0.0262550842016935
"species_1_contemp_ice_extrap_only",53.9649465615513,0.0269781015813351
"species_1_contemp_ice_extrap_only",54.2144757458689,0.0277239494025707
"species_1_contemp_ice_extrap_only",54.4640049301865,0.0284933801740408
"species_1_contemp_ice_extrap_only",54.7135341145041,0.0292872134596109
"species_1_contemp_ice_extrap_only",54.9630632988217,0.0301062408834696
"species_1_contemp_ice_extrap_only",55.2125924831393,0.0309513341635466
"species_1_contemp_ice_extrap_only",55.4621216674569,0.0318233445286751
"species_1_contemp_ice_extrap_only",55.7116508517745,0.0327231995761395
"species_1_contemp_ice_extrap_only",55.961180036092,0.0336518213152885
"species_1_contemp_ice_extrap_only",56.2107092204096,0.0346101559698582
"species_1_contemp_ice_extrap_only",56.4602384047272,0.0356188863515854
"species_1_contemp_ice_extrap_only",56.7097675890448,0.0366799421608448
"species_1_contemp_ice_extrap_only",56.9592967733624,0.0377760827541351
"species_1_contemp_ice_extrap_only",57.20882595768,0.0389084815979004
"species_1_contemp_ice_extrap_only",57.4583551419976,0.0400784015655518
"species_1_contemp_ice_extrap_only",57.7078843263152,0.0412871092557907
"species_1_contemp_ice_extrap_only",57.9574135106328,0.0425359047949314
"species_1_contemp_ice_extrap_only",58.2069426949503,0.0438545793294907
"species_1_contemp_ice_extrap_only",58.4564718792679,0.0452811904251575
"species_1_contemp_ice_extrap_only",58.7060010635855,0.0468870215117931
"species_1_contemp_ice_extrap_only",58.9555302479031,0.0485538206994534
"species_1_contemp_ice_extrap_only",59.2050594322207,0.0502828992903233
"species_1_contemp_ice_extrap_only",59.4545886165383,0.0520765967667103
"species_1_contemp_ice_extrap_only",59.7041178008559,0.0539372153580189
"species_1_contemp_ice_extrap_only",59.9536469851735,0.0558672472834587
"species_1_contemp_ice_extrap_only",60.2031761694911,0.0578691363334656
"species_1_contemp_ice_extrap_only",60.4527053538087,0.0599455237388611
"species_1_contemp_ice_extrap_only",60.7022345381262,0.062099039554596
"species_1_contemp_ice_extrap_only",60.9517637224438,0.0643323734402657
"species_1_contemp_ice_extrap_only",61.2012929067614,0.0666484013199806
"species_1_contemp_ice_extrap_only",61.450822091079,0.0690499395132065
"species_1_contemp_ice_extrap_only",61.7003512753966,0.071540005505085
"species_1_contemp_ice_extrap_only",61.9498804597142,0.0741215571761131
"species_1_contemp_ice_extrap_only",62.1994096440318,0.0767977684736252
"species_1_contemp_ice_extrap_only",62.4489388283494,0.0795717760920525
"species_1_contemp_ice_extrap_only",62.698468012667,0.082446776330471
"species_1_contemp_ice_extrap_only",62.9479971969846,0.0854261666536331
"species_1_contemp_ice_extrap_only",63.1975263813021,0.0885132253170013
"species_1_contemp_ice_extrap_only",63.4470555656197,0.0917114764451981
"species_1_contemp_ice_extrap_only",63.6965847499373,0.0950243696570396
"species_1_contemp_ice_extrap_only",63.9461139342549,0.0984553918242454
"species_1_contemp_ice_extrap_only",64.1956431185725,0.102008178830147
"species_1_contemp_ice_extrap_only",64.4451723028901,0.105686478316784
"species_1_contemp_ice_extrap_only",64.6947014872077,0.109493739902973
"species_1_contemp_ice_extrap_only",64.9442306715253,0.1134337708354
"species_1_contemp_ice_extrap_only",65.1937598558429,0.117510281503201
"species_1_contemp_ice_extrap_only",65.4432890401605,0.121727138757706
"species_1_contemp_ice_extrap_only",65.692818224478,0.126087814569473
"species_1_contemp_ice_extrap_only",65.9423474087956,0.130596160888672
"species_1_contemp_ice_extrap_only",66.1918765931132,0.135256037116051
"species_1_contemp_ice_extrap_only",66.4414057774308,0.140070825815201
"species_1_contemp_ice_extrap_only",66.6909349617484,0.145044311881065
"species_1_contemp_ice_extrap_only",66.940464146066,0.150180220603943
"species_1_contemp_ice_extrap_only",67.1899933303836,0.155481725931168
"species_1_contemp_ice_extrap_only",67.4395225147012,0.160952404141426
"species_1_contemp_ice_extrap_only",67.6890516990188,0.166595578193665
"species_1_contemp_ice_extrap_only",67.9385808833364,0.172414571046829
"species_1_contemp_ice_extrap_only",68.188110067654,0.178412094712257
"species_1_contemp_ice_extrap_only",68.4376392519715,0.184591174125671
"species_1_contemp_ice_extrap_only",68.6871684362891,0.190954715013504
"species_1_contemp_ice_extrap_only",68.9366976206067,0.197504788637161
"species_1_contemp_ice_extrap_only",69.1862268049243,0.20424385368824
"species_1_contemp_ice_extrap_only",69.4357559892419,0.211173892021179
"species_1_contemp_ice_extrap_only",69.6852851735595,0.218296870589256
"species_1_contemp_ice_extrap_only",69.9348143578771,0.22561377286911
"species_1_contemp_ice_extrap_only",70.1843435421947,0.233125910162926
"species_1_contemp_ice_extrap_only",70.4338727265122,0.240834280848503
"species_1_contemp_ice_extrap_only",70.6834019108298,0.248738795518875
"species_1_contemp_ice_extrap_only",70.9329310951474,0.256839662790298
"species_1_contemp_ice_extrap_only",71.182460279465,0.265136480331421
"species_1_contemp_ice_extrap_only",71.4319894637826,0.27362859249115
"species_1_contemp_ice_extrap_only",71.6815186481002,0.282314151525497
"species_1_contemp_ice_extrap_only",71.9310478324178,0.291191577911377
"species_1_contemp_ice_extrap_only",72.1805770167354,0.300258874893188
"species_1_contemp_ice_extrap_only",72.430106201053,0.309512555599213
"species_1_contemp_ice_extrap_only",72.6796353853706,0.318949550390244
"species_1_contemp_ice_extrap_only",72.9291645696882,0.328565925359726
"species_1_contemp_ice_extrap_only",73.1786937540057,0.338357448577881
"species_1_contemp_ice_extrap_only",73.4282229383233,0.348318427801132
"species_1_contemp_ice_extrap_only",73.6777521226409,0.358443588018417
"species_1_contemp_ice_extrap_only",73.9272813069585,0.368726968765259
"species_1_contemp_ice_extrap_only",74.1768104912761,0.379161149263382
"species_1_contemp_ice_extrap_only",74.4263396755937,0.389739066362381
"species_1_contemp_ice_extrap_only",74.6758688599113,0.400452822446823
"species_1_contemp_ice_extrap_only",74.9253980442289,0.411294251680374
"species_1_contemp_ice_extrap_only",75.1749272285465,0.422253727912903
"species_1_contemp_ice_extrap_only",75.424456412864,0.433322042226791
"species_1_contemp_ice_extrap_only",75.6739855971816,0.444489598274231
"species_1_contemp_ice_extrap_only",75.9235147814992,0.455745220184326
"species_1_contemp_ice_extrap_only",76.1730439658168,0.467078447341919
"species_1_contemp_ice_extrap_only",76.4225731501344,0.478478372097015
"species_1_contemp_ice_extrap_only",76.672102334452,0.489932715892792
"species_1_contemp_ice_extrap_only",76.9216315187696,0.501429975032806
"species_1_contemp_ice_extrap_only",77.1711607030872,0.51295804977417
"species_1_contemp_ice_extrap_only",77.4206898874048,0.524504959583282
"species_1_contemp_ice_extrap_only",77.6702190717224,0.536057591438293
"species_1_contemp_ice_extrap_only",77.91974825604,0.547603666782379
"species_1_contemp_ice_extrap_only",78.1692774403575,0.559130907058716
"species_1_contemp_ice_extrap_only",78.4188066246751,0.570626139640808
"species_1_contemp_ice_extrap_only",78.6683358089927,0.582077205181122
"species_1_contemp_ice_extrap_only",78.9178649933103,0.593471586704254
"species_1_contemp_ice_extrap_only",79.1673941776279,0.604797601699829
"species_1_contemp_ice_extrap_only",79.4169233619455,0.61604243516922
"species_1_contemp_ice_extrap_only",79.6664525462631,0.627194762229919
"species_1_contemp_ice_extrap_only",79.9159817305807,0.638243615627289
"species_1_contemp_ice_extrap_only",80.1655109148982,0.649177372455597
"species_1_contemp_ice_extrap_only",80.4150400992158,0.659985721111298
"species_1_contemp_ice_extrap_only",80.6645692835334,0.670529663562775
"species_1_contemp_ice_extrap_only",80.914098467851,0.67868983745575
"species_1_contemp_ice_extrap_only",81.1636276521686,0.686476051807404
"species_1_contemp_ice_extrap_only",81.4131568364862,0.69418603181839
"species_1_contemp_ice_extrap_only",81.6626860208038,0.700991809368134
"species_1_contemp_ice_extrap_only",81.9122152051214,0.707685589790344
"species_1_contemp_ice_extrap_only",82.161744389439,0.714316964149475
"species_1_contemp_ice_extrap_only",82.4112735737566,0.720883250236511
"species_1_contemp_ice_extrap_only",82.6608027580742,0.725617945194244
"species_1_contemp_ice_extrap_only",82.9103319423917,0.729266405105591
"species_1_contemp_ice_extrap_only",83.1598611267093,0.732909619808197
"species_1_contemp_ice_extrap_only",83.4093903110269,0.736546635627747
"species_1_contemp_ice_extrap_only",83.6589194953445,0.740176498889923
"species_1_contemp_ice_extrap_only",83.9084486796621,0.743655681610107
"species_1_contemp_ice_extrap_only",84.1579778639797,0.746340334415436
"species_1_contemp_ice_extrap_only",84.4075070482973,0.749030768871307
"species_1_contemp_ice_extrap_only",84.6570362326149,0.75172621011734
"species_1_contemp_ice_extrap_only",84.9065654169325,0.752564489841461
"species_1_contemp_ice_extrap_only",85.1560946012501,0.752439439296722
"species_1_contemp_ice_extrap_only",85.4056237855676,0.752338409423828
"species_1_contemp_ice_extrap_only",85.6551529698852,0.752261459827423
"species_1_contemp_ice_extrap_only",85.9046821542028,0.752208650112152
"species_1_contemp_ice_extrap_only",86.1542113385204,0.752179861068726
"species_1_contemp_ice_extrap_only",86.403740522838,0.752175271511078
"species_1_contemp_ice_extrap_only",86.6532697071556,0.752194702625275
"species_1_contemp_ice_extrap_only",86.9027988914732,0.75223833322525
"species_1_contemp_ice_extrap_only",87.1523280757908,0.75230598449707
"species_1_contemp_ice_extrap_only",87.4018572601084,0.752397775650024
"species_1_contemp_ice_extrap_only",87.651386444426,0.752513587474823
"species_1_contemp_ice_extrap_only",87.9009156287435,0.752653479576111
"species_1_contemp_ice_extrap_only",88.1504448130611,0.752817332744598
"species_1_contemp_ice_extrap_only",88.3999739973787,0.753005266189575
"species_1_contemp_ice_extrap_only",88.6495031816963,0.753217041492462
"species_1_contemp_ice_extrap_only",88.8990323660139,0.753452777862549
"species_1_contemp_ice_extrap_only",89.1485615503315,0.75371241569519
"species_1_contemp_ice_extrap_only",89.3980907346491,0.753995776176453
"species_1_contemp_ice_extrap_only",89.6476199189667,0.754302978515625
"species_1_contemp_ice_extrap_only",89.8971491032843,0.754633784294128
"species_1_contemp_ice_extrap_only",90.1466782876018,0.754988253116608
"species_1_contemp_ice_extrap_only",90.3962074719194,0.755366325378418
"species_1_contemp_ice_extrap_only",90.645736656237,0.755767822265625
"species_1_contemp_ice_extrap_only",90.8952658405546,0.756192684173584
"species_1_contemp_ice_extrap_only",91.1447950248722,0.75664097070694
"species_1_contemp_ice_extrap_only",91.3943242091898,0.757112383842468
"species_1_contemp_ice_extrap_only",91.6438533935074,0.757606983184814
"species_1_contemp_ice_extrap_only",91.893382577825,0.758124589920044
"species_1_contemp_ice_extrap_only",92.1429117621426,0.758665144443512
"species_1_contemp_ice_extrap_only",92.3924409464602,0.759228527545929
"species_1_contemp_ice_extrap_only",92.6419701307778,0.759814620018005
"species_1_contemp_ice_extrap_only",92.8914993150953,0.760423302650452
"species_1_contemp_ice_extrap_only",93.1410284994129,0.761054396629333
"species_1_contemp_ice_extrap_only",93.3905576837305,0.761707842350006
"species_1_contemp_ice_extrap_only",93.6400868680481,0.76238352060318
"species_1_contemp_ice_extrap_only",93.8896160523657,0.763081252574921
"species_1_contemp_ice_extrap_only",94.1391452366833,0.763800919055939
"species_1_contemp_ice_extrap_only",94.3886744210009,0.7645423412323
"species_1_contemp_ice_extrap_only",94.6382036053185,0.765305399894714
"species_1_contemp_ice_extrap_only",94.8877327896361,0.766089916229248
"species_1_contemp_ice_extrap_only",95.1372619739537,0.766895771026611
"species_1_contemp_ice_extrap_only",95.3867911582712,0.76772266626358
"species_1_contemp_ice_extrap_only",95.6363203425888,0.768570601940155
"species_1_contemp_ice_extrap_only",95.8858495269064,0.769439280033112
"species_1_contemp_ice_extrap_only",96.135378711224,0.77032858133316
"species_1_contemp_ice_extrap_only",96.3849078955416,0.771238267421722
"species_1_contemp_ice_extrap_only",96.6344370798592,0.772168219089508
"species_1_contemp_ice_extrap_only",96.8839662641768,0.773118138313293
"species_1_contemp_ice_extrap_only",97.1334954484944,0.774087905883789
"species_1_contemp_ice_extrap_only",97.383024632812,0.775077223777771
"species_1_contemp_ice_extrap_only",97.6325538171296,0.776086032390594
"species_1_contemp_ice_extrap_only",97.8820830014471,0.777113974094391
"species_1_contemp_ice_extrap_only",98.1316121857647,0.778160870075226
"species_1_contemp_ice_extrap_only",98.3811413700823,0.77922648191452
"species_1_contemp_ice_extrap_only",98.6306705543999,0.78031063079834
"species_1_contemp_ice_extrap_only",98.8801997387175,0.781413078308105
"species_1_contemp_ice_extrap_only",99.1297289230351,0.782533466815948
"species_1_contemp_ice_extrap_only",99.3792581073527,0.783671677112579
"species_1_contemp_ice_extrap_only",99.6287872916703,0.784827351570129
"species_1_contemp_ice_extrap_only",99.8783164759879,0.786000370979309
"species_1_contemp_ice_extrap_only",100.127845660305,0.78719037771225
"species_1_contemp_ice_extrap_only",100.377374844623,0.788397133350372
"species_1_contemp_ice_extrap_only",100.626904028941,0.789620339870453
"species_1_contemp_ice_extrap_only",100.876433213258,0.790859758853912
"species_1_contemp_ice_extrap_only",101.125962397576,0.792115092277527
"species_1_contemp_ice_extrap_only",101.375491581893,0.793386042118073
"species_1_contemp_ice_extrap_only",101.625020766211,0.794672429561615
"species_1_contemp_ice_extrap_only",101.874549950529,0.795973777770996
"species_1_contemp_ice_extrap_only",102.124079134846,0.797289907932281
"species_1_contemp_ice_extrap_only",102.373608319164,0.798620522022247
"species_1_contemp_ice_extrap_only",102.623137503481,0.79996532201767
"species_1_contemp_ice_extrap_only",102.872666687799,0.801323890686035
"species_1_contemp_ice_extrap_only",103.122195872117,0.802696049213409
"species_1_contemp_ice_extrap_only",103.371725056434,0.804081439971924
"species_1_contemp_ice_extrap_only",103.621254240752,0.805479645729065
"species_1_contemp_ice_extrap_only",103.870783425069,0.806890487670898
"species_1_contemp_ice_extrap_only",104.120312609387,0.808313608169556
"species_1_contemp_ice_extrap_only",104.369841793704,0.809748589992523
"species_1_contemp_ice_extrap_only",104.619370978022,0.810229480266571
"species_1_contemp_ice_extrap_only",104.86890016234,0.810229480266571
"species_1_contemp_ice_extrap_only",105.118429346657,0.810229480266571
"species_1_contemp_ice_extrap_only",105.367958530975,0.810229480266571
"species_1_contemp_ice_extrap_only",105.617487715292,0.810229480266571
"species_1_contemp_ice_extrap_only",105.86701689961,0.810229480266571
"species_1_contemp_ice_extrap_only",106.116546083928,0.810229480266571
"species_1_contemp_ice_extrap_only",106.366075268245,0.810229480266571
"species_1_contemp_ice_extrap_only",106.615604452563,0.810229480266571
"species_1_contemp_ice_extrap_only",106.86513363688,0.810229480266571
"species_1_contemp_ice_extrap_only",107.114662821198,0.810229480266571
"species_1_contemp_ice_extrap_only",107.364192005516,0.810229480266571
"species_1_contemp_ice_extrap_only",107.613721189833,0.810229480266571
"species_1_contemp_ice_extrap_only",107.863250374151,0.810229480266571
"species_1_contemp_ice_extrap_only",108.112779558468,0.810229480266571
"species_1_contemp_ice_extrap_only",108.362308742786,0.810229480266571
"species_1_contemp_ice_extrap_only",108.611837927104,0.810229480266571
"species_1_contemp_ice_extrap_only",108.861367111421,0.810229480266571
"species_1_contemp_ice_extrap_only",109.110896295739,0.810229480266571
"species_1_contemp_ice_extrap_only",109.360425480056,0.810229480266571
"species_1_contemp_ice_extrap_only",109.609954664374,0.810229480266571
"species_1_contemp_ice_extrap_only",109.859483848691,0.810229480266571
"species_1_contemp_ice_extrap_only",110.109013033009,0.810229480266571
"species_1_contemp_ice_extrap_only",110.358542217327,0.810229480266571
"species_1_contemp_ice_extrap_only",110.608071401644,0.810229480266571
"species_1_contemp_ice_extrap_only",110.857600585962,0.810229480266571
"species_1_contemp_ice_extrap_only",111.107129770279,0.810229480266571
"species_1_contemp_ice_extrap_only",111.356658954597,0.810229480266571
"species_1_contemp_ice_extrap_only",111.606188138915,0.810229480266571
"species_1_contemp_ice_extrap_only",111.855717323232,0.810229480266571
"species_1_contemp_ice_extrap_only",112.10524650755,0.810229480266571
"species_1_contemp_ice_extrap_only",112.354775691867,0.810229480266571
"species_1_contemp_ice_extrap_only",112.604304876185,0.810229480266571
"species_1_contemp_ice_extrap_only",112.853834060503,0.810229480266571
"species_1_contemp_ice_extrap_only",113.10336324482,0.810229480266571
"species_1_contemp_ice_extrap_only",113.352892429138,0.810229480266571
"species_1_contemp_ice_extrap_only",113.602421613455,0.810229480266571
"species_1_contemp_ice_extrap_only",113.851950797773,0.810229480266571
"species_1_contemp_ice_extrap_only",114.10147998209,0.810229480266571
"species_1_contemp_ice_extrap_only",114.351009166408,0.810229480266571
"species_1_contemp_ice_extrap_only",114.600538350726,0.810229480266571
"species_1_contemp_ice_extrap_only",114.850067535043,0.810229480266571
"species_1_contemp_ice_extrap",-9.91452462375168,0.0347753427922726
"species_1_contemp_ice_extrap",-9.6649954394341,0.0347753427922726
"species_1_contemp_ice_extrap",-9.41546625511651,0.0347753427922726
"species_1_contemp_ice_extrap",-9.16593707079892,0.0347753427922726
"species_1_contemp_ice_extrap",-8.91640788648133,0.0347753427922726
"species_1_contemp_ice_extrap",-8.66687870216374,0.0347753427922726
"species_1_contemp_ice_extrap",-8.41734951784615,0.0347753427922726
"species_1_contemp_ice_extrap",-8.16782033352856,0.0347753427922726
"species_1_contemp_ice_extrap",-7.91829114921097,0.0347753427922726
"species_1_contemp_ice_extrap",-7.66876196489338,0.0347753427922726
"species_1_contemp_ice_extrap",-7.41923278057579,0.0347753427922726
"species_1_contemp_ice_extrap",-7.1697035962582,0.0347753427922726
"species_1_contemp_ice_extrap",-6.92017441194061,0.0347753427922726
"species_1_contemp_ice_extrap",-6.67064522762302,0.0347753427922726
"species_1_contemp_ice_extrap",-6.42111604330543,0.0347753427922726
"species_1_contemp_ice_extrap",-6.17158685898784,0.0347753427922726
"species_1_contemp_ice_extrap",-5.92205767467025,0.0347753427922726
"species_1_contemp_ice_extrap",-5.67252849035266,0.0347753427922726
"species_1_contemp_ice_extrap",-5.42299930603507,0.0347753427922726
"species_1_contemp_ice_extrap",-5.17347012171748,0.0347753427922726
"species_1_contemp_ice_extrap",-4.92394093739989,0.0347753427922726
"species_1_contemp_ice_extrap",-4.6744117530823,0.0347753427922726
"species_1_contemp_ice_extrap",-4.42488256876471,0.0347753427922726
"species_1_contemp_ice_extrap",-4.17535338444712,0.0347753427922726
"species_1_contemp_ice_extrap",-3.92582420012953,0.0347753427922726
"species_1_contemp_ice_extrap",-3.67629501581194,0.0347753427922726
"species_1_contemp_ice_extrap",-3.42676583149435,0.0347753427922726
"species_1_contemp_ice_extrap",-3.17723664717676,0.0347753427922726
"species_1_contemp_ice_extrap",-2.92770746285917,0.0347753427922726
"species_1_contemp_ice_extrap",-2.67817827854158,0.0347753427922726
"species_1_contemp_ice_extrap",-2.42864909422399,0.0347753427922726
"species_1_contemp_ice_extrap",-2.1791199099064,0.0347753427922726
"species_1_contemp_ice_extrap",-1.92959072558881,0.0347753427922726
"species_1_contemp_ice_extrap",-1.68006154127122,0.0347753427922726
"species_1_contemp_ice_extrap",-1.43053235695363,0.0347753427922726
"species_1_contemp_ice_extrap",-1.18100317263604,0.0347753427922726
"species_1_contemp_ice_extrap",-0.93147398831845,0.0347753427922726
"species_1_contemp_ice_extrap",-0.68194480400086,0.0347753427922726
"species_1_contemp_ice_extrap",-0.432415619683269,0.0347753427922726
"species_1_contemp_ice_extrap",-0.182886435365679,0.0347753427922726
"species_1_contemp_ice_extrap",0.0666427489519101,0.0347753427922726
"species_1_contemp_ice_extrap",0.3161719332695,0.0347753427922726
"species_1_contemp_ice_extrap",0.565701117587089,0.0347313731908798
"species_1_contemp_ice_extrap",0.81523030190468,0.034601554274559
"species_1_contemp_ice_extrap",1.06475948622227,0.0344748497009277
"species_1_contemp_ice_extrap",1.31428867053986,0.0343512333929539
"species_1_contemp_ice_extrap",1.56381785485745,0.0342306680977345
"species_1_contemp_ice_extrap",1.81334703917504,0.034113135188818
"species_1_contemp_ice_extrap",2.06287622349263,0.0339986011385918
"species_1_contemp_ice_extrap",2.31240540781022,0.033887043595314
"species_1_contemp_ice_extrap",2.56193459212781,0.0337784327566624
"species_1_contemp_ice_extrap",2.8114637764454,0.0336727425456047
"species_1_contemp_ice_extrap",3.06099296076299,0.0335699543356895
"species_1_contemp_ice_extrap",3.31052214508058,0.0334700420498848
"species_1_contemp_ice_extrap",3.56005132939817,0.0333729796111584
"species_1_contemp_ice_extrap",3.80958051371576,0.0332787483930588
"species_1_contemp_ice_extrap",4.05910969803335,0.0331873260438442
"species_1_contemp_ice_extrap",4.30863888235094,0.0330986902117729
"species_1_contemp_ice_extrap",4.55816806666853,0.0330128222703934
"species_1_contemp_ice_extrap",4.80769725098612,0.0329296998679638
"species_1_contemp_ice_extrap",5.05722643530371,0.0328493043780327
"species_1_contemp_ice_extrap",5.3067556196213,0.0327716208994389
"species_1_contemp_ice_extrap",5.55628480393889,0.0326966308057308
"species_1_contemp_ice_extrap",5.80581398825648,0.0326243154704571
"species_1_contemp_ice_extrap",6.05534317257407,0.0325546599924564
"species_1_contemp_ice_extrap",6.30487235689166,0.0324876457452774
"species_1_contemp_ice_extrap",6.55440154120925,0.0324232615530491
"species_1_contemp_ice_extrap",6.80393072552684,0.03236148878932
"species_1_contemp_ice_extrap",7.05345990984443,0.0323023125529289
"species_1_contemp_ice_extrap",7.30298909416202,0.0322457253932953
"species_1_contemp_ice_extrap",7.55251827847961,0.0321917124092579
"species_1_contemp_ice_extrap",7.80204746279719,0.0321402586996555
"species_1_contemp_ice_extrap",8.05157664711479,0.0320913530886173
"species_1_contemp_ice_extrap",8.30110583143238,0.0320449881255627
"species_1_contemp_ice_extrap",8.55063501574996,0.0320011526346207
"species_1_contemp_ice_extrap",8.80016420006756,0.0319598317146301
"species_1_contemp_ice_extrap",9.04969338438515,0.0319210216403008
"species_1_contemp_ice_extrap",9.29922256870274,0.0318847075104713
"species_1_contemp_ice_extrap",9.54875175302033,0.0318508893251419
"species_1_contemp_ice_extrap",9.79828093733791,0.0318195559084415
"species_1_contemp_ice_extrap",10.0478101216555,0.0317906960844994
"species_1_contemp_ice_extrap",10.2973393059731,0.0317643098533154
"species_1_contemp_ice_extrap",10.5468684902907,0.0317403897643089
"species_1_contemp_ice_extrap",10.7963976746083,0.0317189283668995
"species_1_contemp_ice_extrap",11.0459268589259,0.0316999182105064
"species_1_contemp_ice_extrap",11.2954560432435,0.0316833630204201
"species_1_contemp_ice_extrap",11.544985227561,0.0316692516207695
"species_1_contemp_ice_extrap",11.7945144118786,0.0316575840115547
"species_1_contemp_ice_extrap",12.0440435961962,0.0316483601927757
"species_1_contemp_ice_extrap",12.2935727805138,0.0316415727138519
"species_1_contemp_ice_extrap",12.5431019648314,0.0316372253000736
"species_1_contemp_ice_extrap",12.792631149149,0.0316353105008602
"species_1_contemp_ice_extrap",13.0421603334666,0.031635832041502
"species_1_contemp_ice_extrap",13.2916895177842,0.0316387936472893
"species_1_contemp_ice_extrap",13.5412187021018,0.0316441878676414
"species_1_contemp_ice_extrap",13.7907478864194,0.0316520221531391
"species_1_contemp_ice_extrap",14.0402770707369,0.0316622965037823
"species_1_contemp_ice_extrap",14.2898062550545,0.0316750146448612
"species_1_contemp_ice_extrap",14.5393354393721,0.0316901728510857
"species_1_contemp_ice_extrap",14.7888646236897,0.0317077822983265
"species_1_contemp_ice_extrap",15.0383938080073,0.031727846711874
"species_1_contemp_ice_extrap",15.2879229923249,0.0317503623664379
"species_1_contemp_ice_extrap",15.5374521766425,0.0317753441631794
"species_1_contemp_ice_extrap",15.7869813609601,0.0318027921020985
"species_1_contemp_ice_extrap",16.0365105452777,0.0318327099084854
"species_1_contemp_ice_extrap",16.2860397295953,0.0318651124835014
"species_1_contemp_ice_extrap",16.5355689139128,0.0318999998271465
"species_1_contemp_ice_extrap",16.7850980982304,0.0319373831152916
"species_1_contemp_ice_extrap",17.034627282548,0.0319772735238075
"species_1_contemp_ice_extrap",17.2841564668656,0.0320196710526943
"species_1_contemp_ice_extrap",17.5336856511832,0.0320645943284035
"species_1_contemp_ice_extrap",17.7832148355008,0.0321120508015156
"species_1_contemp_ice_extrap",18.0327440198184,0.0321620479226112
"species_1_contemp_ice_extrap",18.282273204136,0.0322145968675613
"species_1_contemp_ice_extrap",18.5318023884536,0.0322697162628174
"species_1_contemp_ice_extrap",18.7813315727712,0.03232741355896
"species_1_contemp_ice_extrap",19.0308607570887,0.03238769993186
"species_1_contemp_ice_extrap",19.2803899414063,0.0324505940079689
"species_1_contemp_ice_extrap",19.5299191257239,0.0325161069631577
"species_1_contemp_ice_extrap",19.7794483100415,0.0325842536985874
"species_1_contemp_ice_extrap",20.0289774943591,0.0326550528407097
"species_1_contemp_ice_extrap",20.2785066786767,0.0327285155653954
"species_1_contemp_ice_extrap",20.5280358629943,0.0328046604990959
"species_1_contemp_ice_extrap",20.7775650473119,0.0328835062682629
"species_1_contemp_ice_extrap",21.0270942316295,0.0329650677740574
"species_1_contemp_ice_extrap",21.276623415947,0.0330493673682213
"species_1_contemp_ice_extrap",21.5261526002646,0.033136423677206
"species_1_contemp_ice_extrap",21.7756817845822,0.0332262553274632
"species_1_contemp_ice_extrap",22.0252109688998,0.0333188809454441
"species_1_contemp_ice_extrap",22.2747401532174,0.0334143228828907
"species_1_contemp_ice_extrap",22.524269337535,0.033512607216835
"species_1_contemp_ice_extrap",22.7737985218526,0.0336137525737286
"species_1_contemp_ice_extrap",23.0233277061702,0.0337177850306034
"species_1_contemp_ice_extrap",23.2728568904878,0.0338247269392014
"species_1_contemp_ice_extrap",23.5223860748054,0.0339346006512642
"species_1_contemp_ice_extrap",23.771915259123,0.034047432243824
"species_1_contemp_ice_extrap",24.0214444434405,0.0341632515192032
"species_1_contemp_ice_extrap",24.2709736277581,0.0342820845544338
"species_1_contemp_ice_extrap",24.5205028120757,0.0344039537012577
"species_1_contemp_ice_extrap",24.7700319963933,0.0345288962125778
"species_1_contemp_ice_extrap",25.0195611807109,0.034656934440136
"species_1_contemp_ice_extrap",25.2690903650285,0.0347880981862545
"species_1_contemp_ice_extrap",25.5186195493461,0.0349224209785461
"species_1_contemp_ice_extrap",25.7681487336637,0.0350599363446236
"species_1_contemp_ice_extrap",26.0176779179813,0.0352006703615189
"species_1_contemp_ice_extrap",26.2672071022988,0.0353446640074253
"species_1_contemp_ice_extrap",26.5167362866164,0.035491943359375
"species_1_contemp_ice_extrap",26.766265470934,0.0356425493955612
"species_1_contemp_ice_extrap",27.0157946552516,0.0357965119183064
"species_1_contemp_ice_extrap",27.2653238395692,0.0359538719058037
"species_1_contemp_ice_extrap",27.5148530238868,0.0361146666109562
"species_1_contemp_ice_extrap",27.7643822082044,0.0362789332866669
"species_1_contemp_ice_extrap",28.013911392522,0.036446712911129
"species_1_contemp_ice_extrap",28.2634405768396,0.0366180427372456
"species_1_contemp_ice_extrap",28.5129697611572,0.0367929637432098
"species_1_contemp_ice_extrap",28.7624989454747,0.0369715206325054
"species_1_contemp_ice_extrap",29.0120281297923,0.0371537543833256
"species_1_contemp_ice_extrap",29.2615573141099,0.0373397096991539
"species_1_contemp_ice_extrap",29.5110864984275,0.0375294350087643
"species_1_contemp_ice_extrap",29.7606156827451,0.0377229675650597
"species_1_contemp_ice_extrap",30.0101448670627,0.0379203632473946
"species_1_contemp_ice_extrap",30.2596740513803,0.0381216630339622
"species_1_contemp_ice_extrap",30.5092032356979,0.0383269228041172
"species_1_contemp_ice_extrap",30.7587324200155,0.038536187261343
"species_1_contemp_ice_extrap",31.008261604333,0.0387495122849941
"species_1_contemp_ice_extrap",31.2577907886506,0.0389669500291348
"species_1_contemp_ice_extrap",31.5073199729682,0.0391885489225388
"species_1_contemp_ice_extrap",31.7568491572858,0.0394143648445606
"species_1_contemp_ice_extrap",32.0063783416034,0.0396444573998451
"species_1_contemp_ice_extrap",32.255907525921,0.039878886193037
"species_1_contemp_ice_extrap",32.5054367102386,0.0401176996529102
"species_1_contemp_ice_extrap",32.7549658945562,0.0403609648346901
"species_1_contemp_ice_extrap",33.0044950788738,0.0406087376177311
"species_1_contemp_ice_extrap",33.2540242631914,0.0408610887825489
"species_1_contemp_ice_extrap",33.503553447509,0.041118074208498
"species_1_contemp_ice_extrap",33.7530826318265,0.0413797572255135
"species_1_contemp_ice_extrap",34.0026118161441,0.0417639464139938
"species_1_contemp_ice_extrap",34.2521410004617,0.0422013439238071
"species_1_contemp_ice_extrap",34.5016701847793,0.042646374553442
"species_1_contemp_ice_extrap",34.7511993690969,0.043099157512188
"species_1_contemp_ice_extrap",35.0007285534145,0.0435598492622375
"species_1_contemp_ice_extrap",35.2502577377321,0.0440285876393318
"species_1_contemp_ice_extrap",35.4997869220497,0.0445055067539215
"species_1_contemp_ice_extrap",35.7493161063673,0.04499077424407
"species_1_contemp_ice_extrap",35.9988452906849,0.0454845279455185
"species_1_contemp_ice_extrap",36.2483744750024,0.04598693177104
"species_1_contemp_ice_extrap",36.49790365932,0.0464981347322464
"species_1_contemp_ice_extrap",36.7474328436376,0.0470183081924915
"species_1_contemp_ice_extrap",36.9969620279552,0.0475476123392582
"species_1_contemp_ice_extrap",37.2464912122728,0.0480862073600292
"species_1_contemp_ice_extrap",37.4960203965904,0.0486342795193195
"species_1_contemp_ice_extrap",37.745549580908,0.0491919852793217
"species_1_contemp_ice_extrap",37.9950787652256,0.0497595220804214
"species_1_contemp_ice_extrap",38.2446079495432,0.0503370575606823
"species_1_contemp_ice_extrap",38.4941371338607,0.0509247742593288
"species_1_contemp_ice_extrap",38.7436663181783,0.0515228733420372
"species_1_contemp_ice_extrap",38.9931955024959,0.0521315298974514
"species_1_contemp_ice_extrap",39.2427246868135,0.052750963717699
"species_1_contemp_ice_extrap",39.4922538711311,0.0533813498914242
"species_1_contemp_ice_extrap",39.7417830554487,0.0540229119360447
"species_1_contemp_ice_extrap",39.9913122397663,0.0546758472919464
"species_1_contemp_ice_extrap",40.2408414240839,0.055340364575386
"species_1_contemp_ice_extrap",40.4903706084015,0.0560166910290718
"species_1_contemp_ice_extrap",40.7398997927191,0.0567050278186798
"species_1_contemp_ice_extrap",40.9894289770367,0.05740562453866
"species_1_contemp_ice_extrap",41.2389581613542,0.0581186860799789
"species_1_contemp_ice_extrap",41.4884873456718,0.0588444657623768
"species_1_contemp_ice_extrap",41.7380165299894,0.0595831908285618
"species_1_contemp_ice_extrap",41.987545714307,0.0603350959718227
"species_1_contemp_ice_extrap",42.2370748986246,0.0611004419624806
"species_1_contemp_ice_extrap",42.4866040829422,0.0618794597685337
"species_1_contemp_ice_extrap",42.7361332672598,0.0626724362373352
"species_1_contemp_ice_extrap",42.9856624515774,0.063479594886303
"species_1_contemp_ice_extrap",43.235191635895,0.0643012374639511
"species_1_contemp_ice_extrap",43.4847208202125,0.0651376098394394
"species_1_contemp_ice_extrap",43.7342500045301,0.0659889876842499
"species_1_contemp_ice_extrap",43.9837791888477,0.066855676472187
"species_1_contemp_ice_extrap",44.2333083731653,0.0677379220724106
"species_1_contemp_ice_extrap",44.4828375574829,0.0686360523104668
"species_1_contemp_ice_extrap",44.7323667418005,0.0695503503084183
"species_1_contemp_ice_extrap",44.9818959261181,0.0704810991883278
"species_1_contemp_ice_extrap",45.2314251104357,0.0714286342263222
"species_1_contemp_ice_extrap",45.4809542947533,0.0723932459950447
"species_1_contemp_ice_extrap",45.7304834790709,0.0733752772212029
"species_1_contemp_ice_extrap",45.9800126633885,0.0743750110268593
"species_1_contemp_ice_extrap",46.229541847706,0.0753928273916245
"species_1_contemp_ice_extrap",46.4790710320236,0.0764290243387222
"species_1_contemp_ice_extrap",46.7286002163412,0.0774839445948601
"species_1_contemp_ice_extrap",46.9781294006588,0.0785579606890678
"species_1_contemp_ice_extrap",47.2276585849764,0.0796513855457306
"species_1_contemp_ice_extrap",47.477187769294,0.0807646214962006
"species_1_contemp_ice_extrap",47.7267169536116,0.0818979889154434
"species_1_contemp_ice_extrap",47.9762461379292,0.083051897585392
"species_1_contemp_ice_extrap",48.2257753222468,0.084226705133915
"species_1_contemp_ice_extrap",48.4753045065643,0.0854227766394615
"species_1_contemp_ice_extrap",48.7248336908819,0.0866405367851257
"species_1_contemp_ice_extrap",48.9743628751995,0.0878803506493568
"species_1_contemp_ice_extrap",49.2238920595171,0.0891426429152489
"species_1_contemp_ice_extrap",49.4734212438347,0.0904278084635735
"species_1_contemp_ice_extrap",49.7229504281523,0.0917362496256828
"species_1_contemp_ice_extrap",49.9724796124699,0.0930684134364128
"species_1_contemp_ice_extrap",50.2220087967875,0.0944246873259544
"species_1_contemp_ice_extrap",50.4715379811051,0.0958055481314659
"species_1_contemp_ice_extrap",50.7210671654227,0.0972113981842995
"species_1_contemp_ice_extrap",50.9705963497402,0.0986427068710327
"species_1_contemp_ice_extrap",51.2201255340578,0.100099928677082
"species_1_contemp_ice_extrap",51.4696547183754,0.101583480834961
"species_1_contemp_ice_extrap",51.719183902693,0.103093877434731
"species_1_contemp_ice_extrap",51.9687130870106,0.104631535708904
"species_1_contemp_ice_extrap",52.2182422713282,0.106196992099285
"species_1_contemp_ice_extrap",52.4677714556458,0.107790671288967
"species_1_contemp_ice_extrap",52.7173006399634,0.109413109719753
"species_1_contemp_ice_extrap",52.966829824281,0.111064784228802
"species_1_contemp_ice_extrap",53.2163590085986,0.11274615675211
"species_1_contemp_ice_extrap",53.4658881929161,0.114457800984383
"species_1_contemp_ice_extrap",53.7154173772337,0.116200156509876
"species_1_contemp_ice_extrap",53.9649465615513,0.117973811924458
"species_1_contemp_ice_extrap",54.2144757458689,0.119779251515865
"species_1_contemp_ice_extrap",54.4640049301865,0.121616974473
"species_1_contemp_ice_extrap",54.7135341145041,0.123487576842308
"species_1_contemp_ice_extrap",54.9630632988217,0.12539154291153
"species_1_contemp_ice_extrap",55.2125924831393,0.127329453825951
"species_1_contemp_ice_extrap",55.4621216674569,0.129301816225052
"species_1_contemp_ice_extrap",55.7116508517745,0.131309226155281
"species_1_contemp_ice_extrap",55.961180036092,0.133352220058441
"species_1_contemp_ice_extrap",56.2107092204096,0.135431319475174
"species_1_contemp_ice_extrap",56.4602384047272,0.137547165155411
"species_1_contemp_ice_extrap",56.7097675890448,0.139700248837471
"species_1_contemp_ice_extrap",56.9592967733624,0.141891211271286
"species_1_contemp_ice_extrap",57.20882595768,0.144120544195175
"species_1_contemp_ice_extrap",57.4583551419976,0.14638888835907
"species_1_contemp_ice_extrap",57.7078843263152,0.148696810007095
"species_1_contemp_ice_extrap",57.9574135106328,0.151044845581055
"species_1_contemp_ice_extrap",58.2069426949503,0.153433635830879
"species_1_contemp_ice_extrap",58.4564718792679,0.15586368739605
"species_1_contemp_ice_extrap",58.7060010635855,0.158335670828819
"species_1_contemp_ice_extrap",58.9555302479031,0.160850122570992
"species_1_contemp_ice_extrap",59.2050594322207,0.163407579064369
"species_1_contemp_ice_extrap",59.4545886165383,0.166008710861206
"species_1_contemp_ice_extrap",59.7041178008559,0.168654009699821
"species_1_contemp_ice_extrap",59.9536469851735,0.171344116330147
"species_1_contemp_ice_extrap",60.2031761694911,0.174079552292824
"species_1_contemp_ice_extrap",60.4527053538087,0.176860958337784
"species_1_contemp_ice_extrap",60.7022345381262,0.179688856005669
"species_1_contemp_ice_extrap",60.9517637224438,0.182563751935959
"species_1_contemp_ice_extrap",61.2012929067614,0.185486316680908
"species_1_contemp_ice_extrap",61.450822091079,0.188456982374191
"species_1_contemp_ice_extrap",61.7003512753966,0.191476404666901
"species_1_contemp_ice_extrap",61.9498804597142,0.194545030593872
"species_1_contemp_ice_extrap",62.1994096440318,0.197663456201553
"species_1_contemp_ice_extrap",62.4489388283494,0.200832173228264
"species_1_contemp_ice_extrap",62.698468012667,0.204051643610001
"species_1_contemp_ice_extrap",62.9479971969846,0.20732244849205
"species_1_contemp_ice_extrap",63.1975263813021,0.210644975304604
"species_1_contemp_ice_extrap",63.4470555656197,0.214019790291786
"species_1_contemp_ice_extrap",63.6965847499373,0.217447325587273
"species_1_contemp_ice_extrap",63.9461139342549,0.220927953720093
"species_1_contemp_ice_extrap",64.1956431185725,0.224462151527405
"species_1_contemp_ice_extrap",64.4451723028901,0.228050455451012
"species_1_contemp_ice_extrap",64.6947014872077,0.231693029403686
"species_1_contemp_ice_extrap",64.9442306715253,0.235390350222588
"species_1_contemp_ice_extrap",65.1937598558429,0.239142775535583
"species_1_contemp_ice_extrap",65.4432890401605,0.242950767278671
"species_1_contemp_ice_extrap",65.692818224478,0.246814370155334
"species_1_contemp_ice_extrap",65.9423474087956,0.250734031200409
"species_1_contemp_ice_extrap",66.1918765931132,0.254710078239441
"species_1_contemp_ice_extrap",66.4414057774308,0.258742541074753
"species_1_contemp_ice_extrap",66.6909349617484,0.262831747531891
"species_1_contemp_ice_extrap",66.940464146066,0.266977995634079
"species_1_contemp_ice_extrap",67.1899933303836,0.271181166172028
"species_1_contemp_ice_extrap",67.4395225147012,0.275441527366638
"species_1_contemp_ice_extrap",67.6890516990188,0.279759138822556
"species_1_contemp_ice_extrap",67.9385808833364,0.284134209156036
"species_1_contemp_ice_extrap",68.188110067654,0.288566470146179
"species_1_contemp_ice_extrap",68.4376392519715,0.293056041002274
"species_1_contemp_ice_extrap",68.6871684362891,0.297603011131287
"species_1_contemp_ice_extrap",68.9366976206067,0.302206993103027
"species_1_contemp_ice_extrap",69.1862268049243,0.306868016719818
"species_1_contemp_ice_extrap",69.4357559892419,0.311585873365402
"species_1_contemp_ice_extrap",69.6852851735595,0.316360503435135
"species_1_contemp_ice_extrap",69.9348143578771,0.321191340684891
"species_1_contemp_ice_extrap",70.1843435421947,0.326078236103058
"species_1_contemp_ice_extrap",70.4338727265122,0.331021010875702
"species_1_contemp_ice_extrap",70.6834019108298,0.336018919944763
"species_1_contemp_ice_extrap",70.9329310951474,0.34107169508934
"species_1_contemp_ice_extrap",71.182460279465,0.346178859472275
"species_1_contemp_ice_extrap",71.4319894637826,0.351339966058731
"species_1_contemp_ice_extrap",71.6815186481002,0.356554180383682
"species_1_contemp_ice_extrap",71.9310478324178,0.361820936203003
"species_1_contemp_ice_extrap",72.1805770167354,0.367139786481857
"species_1_contemp_ice_extrap",72.430106201053,0.372509568929672
"species_1_contemp_ice_extrap",72.6796353853706,0.377929717302322
"species_1_contemp_ice_extrap",72.9291645696882,0.383399307727814
"species_1_contemp_ice_extrap",73.1786937540057,0.388917654752731
"species_1_contemp_ice_extrap",73.4282229383233,0.39448344707489
"species_1_contemp_ice_extrap",73.6777521226409,0.400095820426941
"species_1_contemp_ice_extrap",73.9272813069585,0.405753880739212
"species_1_contemp_ice_extrap",74.1768104912761,0.411456167697906
"species_1_contemp_ice_extrap",74.4263396755937,0.417201668024063
"species_1_contemp_ice_extrap",74.6758688599113,0.422989159822464
"species_1_contemp_ice_extrap",74.9253980442289,0.428817480802536
"species_1_contemp_ice_extrap",75.1749272285465,0.43468502163887
"species_1_contemp_ice_extrap",75.424456412864,0.440590500831604
"species_1_contemp_ice_extrap",75.6739855971816,0.446532666683197
"species_1_contemp_ice_extrap",75.9235147814992,0.452509671449661
"species_1_contemp_ice_extrap",76.1730439658168,0.458520144224167
"species_1_contemp_ice_extrap",76.4225731501344,0.464562654495239
"species_1_contemp_ice_extrap",76.672102334452,0.470635235309601
"species_1_contemp_ice_extrap",76.9216315187696,0.47673636674881
"species_1_contemp_ice_extrap",77.1711607030872,0.482864290475845
"species_1_contemp_ice_extrap",77.4206898874048,0.489017426967621
"species_1_contemp_ice_extrap",77.6702190717224,0.495193600654602
"species_1_contemp_ice_extrap",77.91974825604,0.501391112804413
"species_1_contemp_ice_extrap",78.1692774403575,0.507608234882355
"species_1_contemp_ice_extrap",78.4188066246751,0.513842701911926
"species_1_contemp_ice_extrap",78.6683358089927,0.520092725753784
"species_1_contemp_ice_extrap",78.9178649933103,0.526356279850006
"species_1_contemp_ice_extrap",79.1673941776279,0.532631516456604
"species_1_contemp_ice_extrap",79.4169233619455,0.538916051387787
"species_1_contemp_ice_extrap",79.6664525462631,0.545207917690277
"species_1_contemp_ice_extrap",79.9159817305807,0.551505267620087
"species_1_contemp_ice_extrap",80.1655109148982,0.55780553817749
"species_1_contemp_ice_extrap",80.4150400992158,0.564106822013855
"species_1_contemp_ice_extrap",80.6645692835334,0.570406973361969
"species_1_contemp_ice_extrap",80.914098467851,0.576704025268555
"species_1_contemp_ice_extrap",81.1636276521686,0.582995355129242
"species_1_contemp_ice_extrap",81.4131568364862,0.589278995990753
"species_1_contemp_ice_extrap",81.6626860208038,0.592412233352661
"species_1_contemp_ice_extrap",81.9122152051214,0.595360934734344
"species_1_contemp_ice_extrap",82.161744389439,0.598321914672852
"species_1_contemp_ice_extrap",82.4112735737566,0.601294815540314
"species_1_contemp_ice_extrap",82.6608027580742,0.604279398918152
"species_1_contemp_ice_extrap",82.9103319423917,0.607275068759918
"species_1_contemp_ice_extrap",83.1598611267093,0.610281586647034
"species_1_contemp_ice_extrap",83.4093903110269,0.613298714160919
"species_1_contemp_ice_extrap",83.6589194953445,0.616325855255127
"species_1_contemp_ice_extrap",83.9084486796621,0.619362771511078
"species_1_contemp_ice_extrap",84.1579778639797,0.622409045696259
"species_1_contemp_ice_extrap",84.4075070482973,0.62546443939209
"species_1_contemp_ice_extrap",84.6570362326149,0.628528296947479
"species_1_contemp_ice_extrap",84.9065654169325,0.631600439548492
"species_1_contemp_ice_extrap",85.1560946012501,0.634680390357971
"species_1_contemp_ice_extrap",85.4056237855676,0.637767672538757
"species_1_contemp_ice_extrap",85.6551529698852,0.640861928462982
"species_1_contemp_ice_extrap",85.9046821542028,0.643962740898132
"species_1_contemp_ice_extrap",86.1542113385204,0.647069752216339
"species_1_contemp_ice_extrap",86.403740522838,0.650182366371155
"species_1_contemp_ice_extrap",86.6532697071556,0.653300285339355
"species_1_contemp_ice_extrap",86.9027988914732,0.656423151493073
"species_1_contemp_ice_extrap",87.1523280757908,0.659550249576569
"species_1_contemp_ice_extrap",87.4018572601084,0.662681341171265
"species_1_contemp_ice_extrap",87.651386444426,0.665815949440002
"species_1_contemp_ice_extrap",87.9009156287435,0.668953537940979
"species_1_contemp_ice_extrap",88.1504448130611,0.672093689441681
"species_1_contemp_ice_extrap",88.3999739973787,0.675235986709595
"species_1_contemp_ice_extrap",88.6495031816963,0.678266644477844
"species_1_contemp_ice_extrap",88.8990323660139,0.6804239153862
"species_1_contemp_ice_extrap",89.1485615503315,0.68259072303772
"species_1_contemp_ice_extrap",89.3980907346491,0.684007465839386
"species_1_contemp_ice_extrap",89.6476199189667,0.684717237949371
"species_1_contemp_ice_extrap",89.8971491032843,0.685081243515015
"species_1_contemp_ice_extrap",90.1466782876018,0.685196161270142
"species_1_contemp_ice_extrap",90.3962074719194,0.685328245162964
"species_1_contemp_ice_extrap",90.645736656237,0.685477435588837
"species_1_contemp_ice_extrap",90.8952658405546,0.68564373254776
"species_1_contemp_ice_extrap",91.1447950248722,0.685827076435089
"species_1_contemp_ice_extrap",91.3943242091898,0.686027526855469
"species_1_contemp_ice_extrap",91.6438533935074,0.686245024204254
"species_1_contemp_ice_extrap",91.893382577825,0.6864795088768
"species_1_contemp_ice_extrap",92.1429117621426,0.686731100082397
"species_1_contemp_ice_extrap",92.3924409464602,0.686999619007111
"species_1_contemp_ice_extrap",92.6419701307778,0.68728506565094
"species_1_contemp_ice_extrap",92.8914993150953,0.68758749961853
"species_1_contemp_ice_extrap",93.1410284994129,0.687906861305237
"species_1_contemp_ice_extrap",93.3905576837305,0.688243091106415
"species_1_contemp_ice_extrap",93.6400868680481,0.688596129417419
"species_1_contemp_ice_extrap",93.8896160523657,0.688966035842896
"species_1_contemp_ice_extrap",94.1391452366833,0.689352750778198
"species_1_contemp_ice_extrap",94.3886744210009,0.689756155014038
"species_1_contemp_ice_extrap",94.6382036053185,0.690176367759705
"species_1_contemp_ice_extrap",94.8877327896361,0.690613150596619
"species_1_contemp_ice_extrap",95.1372619739537,0.69106662273407
"species_1_contemp_ice_extrap",95.3867911582712,0.691536664962769
"species_1_contemp_ice_extrap",95.6363203425888,0.69202333688736
"species_1_contemp_ice_extrap",95.8858495269064,0.692526400089264
"species_1_contemp_ice_extrap",96.135378711224,0.693045973777771
"species_1_contemp_ice_extrap",96.3849078955416,0.693581998348236
"species_1_contemp_ice_extrap",96.6344370798592,0.69413435459137
"species_1_contemp_ice_extrap",96.8839662641768,0.694702982902527
"species_1_contemp_ice_extrap",97.1334954484944,0.695287883281708
"species_1_contemp_ice_extrap",97.383024632812,0.695888996124268
"species_1_contemp_ice_extrap",97.6325538171296,0.696506261825562
"species_1_contemp_ice_extrap",97.8820830014471,0.6971395611763
"species_1_contemp_ice_extrap",98.1316121857647,0.697788953781128
"species_1_contemp_ice_extrap",98.3811413700823,0.698454260826111
"species_1_contemp_ice_extrap",98.6306705543999,0.699135422706604
"species_1_contemp_ice_extrap",98.8801997387175,0.699832499027252
"species_1_contemp_ice_extrap",99.1297289230351,0.700545251369476
"species_1_contemp_ice_extrap",99.3792581073527,0.701273739337921
"species_1_contemp_ice_extrap",99.6287872916703,0.702017784118652
"species_1_contemp_ice_extrap",99.8783164759879,0.702777445316315
"species_1_contemp_ice_extrap",100.127845660305,0.703552544116974
"species_1_contemp_ice_extrap",100.377374844623,0.704343020915985
"species_1_contemp_ice_extrap",100.626904028941,0.705148875713348
"species_1_contemp_ice_extrap",100.876433213258,0.705969870090485
"species_1_contemp_ice_extrap",101.125962397576,0.706806004047394
"species_1_contemp_ice_extrap",101.375491581893,0.707657217979431
"species_1_contemp_ice_extrap",101.625020766211,0.708523452281952
"species_1_contemp_ice_extrap",101.874549950529,0.709404528141022
"species_1_contemp_ice_extrap",102.124079134846,0.710300385951996
"species_1_contemp_ice_extrap",102.373608319164,0.71121096611023
"species_1_contemp_ice_extrap",102.623137503481,0.712136089801788
"species_1_contemp_ice_extrap",102.872666687799,0.713075757026672
"species_1_contemp_ice_extrap",103.122195872117,0.714029788970947
"species_1_contemp_ice_extrap",103.371725056434,0.714998185634613
"species_1_contemp_ice_extrap",103.621254240752,0.715980708599091
"species_1_contemp_ice_extrap",103.870783425069,0.71697735786438
"species_1_contemp_ice_extrap",104.120312609387,0.717988014221191
"species_1_contemp_ice_extrap",104.369841793704,0.719012498855591
"species_1_contemp_ice_extrap",104.619370978022,0.719357073307037
"species_1_contemp_ice_extrap",104.86890016234,0.719357073307037
"species_1_contemp_ice_extrap",105.118429346657,0.719357073307037
"species_1_contemp_ice_extrap",105.367958530975,0.719357073307037
"species_1_contemp_ice_extrap",105.617487715292,0.719357073307037
"species_1_contemp_ice_extrap",105.86701689961,0.719357073307037
"species_1_contemp_ice_extrap",106.116546083928,0.719357073307037
"species_1_contemp_ice_extrap",106.366075268245,0.719357073307037
"species_1_contemp_ice_extrap",106.615604452563,0.719357073307037
"species_1_contemp_ice_extrap",106.86513363688,0.719357073307037
"species_1_contemp_ice_extrap",107.114662821198,0.719357073307037
"species_1_contemp_ice_extrap",107.364192005516,0.719357073307037
"species_1_contemp_ice_extrap",107.613721189833,0.719357073307037
"species_1_contemp_ice_extrap",107.863250374151,0.719357073307037
"species_1_contemp_ice_extrap",108.112779558468,0.719357073307037
"species_1_contemp_ice_extrap",108.362308742786,0.719357073307037
"species_1_contemp_ice_extrap",108.611837927104,0.719357073307037
"species_1_contemp_ice_extrap",108.861367111421,0.719357073307037
"species_1_contemp_ice_extrap",109.110896295739,0.719357073307037
"species_1_contemp_ice_extrap",109.360425480056,0.719357073307037
"species_1_contemp_ice_extrap",109.609954664374,0.719357073307037
"species_1_contemp_ice_extrap",109.859483848691,0.719357073307037
"species_1_contemp_ice_extrap",110.109013033009,0.719357073307037
"species_1_contemp_ice_extrap",110.358542217327,0.719357073307037
"species_1_contemp_ice_extrap",110.608071401644,0.719357073307037
"species_1_contemp_ice_extrap",110.857600585962,0.719357073307037
"species_1_contemp_ice_extrap",111.107129770279,0.719357073307037
"species_1_contemp_ice_extrap",111.356658954597,0.719357073307037
"species_1_contemp_ice_extrap",111.606188138915,0.719357073307037
"species_1_contemp_ice_extrap",111.855717323232,0.719357073307037
"species_1_contemp_ice_extrap",112.10524650755,0.719357073307037
"species_1_contemp_ice_extrap",112.354775691867,0.719357073307037
"species_1_contemp_ice_extrap",112.604304876185,0.719357073307037
"species_1_contemp_ice_extrap",112.853834060503,0.719357073307037
"species_1_contemp_ice_extrap",113.10336324482,0.719357073307037
"species_1_contemp_ice_extrap",113.352892429138,0.719357073307037
"species_1_contemp_ice_extrap",113.602421613455,0.719357073307037
"species_1_contemp_ice_extrap",113.851950797773,0.719357073307037
"species_1_contemp_ice_extrap",114.10147998209,0.719357073307037
"species_1_contemp_ice_extrap",114.351009166408,0.719357073307037
"species_1_contemp_ice_extrap",114.600538350726,0.719357073307037
"species_1_contemp_ice_extrap",114.850067535043,0.719357073307037
"species_2_bathy_extrap_only",-22.4101971507073,0.382081031799316
"species_2_bathy_extrap_only",-21.8446017467499,0.382081031799316
"species_2_bathy_extrap_only",-21.2790063427925,0.382081031799316
"species_2_bathy_extrap_only",-20.7134109388352,0.382081031799316
"species_2_bathy_extrap_only",-20.1478155348778,0.382081031799316
"species_2_bathy_extrap_only",-19.5822201309204,0.382081031799316
"species_2_bathy_extrap_only",-19.0166247269631,0.382081031799316
"species_2_bathy_extrap_only",-18.4510293230057,0.382081031799316
"species_2_bathy_extrap_only",-17.8854339190483,0.382081031799316
"species_2_bathy_extrap_only",-17.319838515091,0.382081031799316
"species_2_bathy_extrap_only",-16.7542431111336,0.382081031799316
"species_2_bathy_extrap_only",-16.1886477071762,0.382081031799316
"species_2_bathy_extrap_only",-15.6230523032189,0.382081031799316
"species_2_bathy_extrap_only",-15.0574568992615,0.382081031799316
"species_2_bathy_extrap_only",-14.4918614953041,0.382081031799316
"species_2_bathy_extrap_only",-13.9262660913467,0.382081031799316
"species_2_bathy_extrap_only",-13.3606706873894,0.382081031799316
"species_2_bathy_extrap_only",-12.795075283432,0.382081031799316
"species_2_bathy_extrap_only",-12.2294798794746,0.382081031799316
"species_2_bathy_extrap_only",-11.6638844755173,0.382081031799316
"species_2_bathy_extrap_only",-11.0982890715599,0.382081031799316
"species_2_bathy_extrap_only",-10.5326936676025,0.382081031799316
"species_2_bathy_extrap_only",-9.96709826364518,0.382081031799316
"species_2_bathy_extrap_only",-9.40150285968781,0.382081031799316
"species_2_bathy_extrap_only",-8.83590745573045,0.382081031799316
"species_2_bathy_extrap_only",-8.27031205177308,0.382081031799316
"species_2_bathy_extrap_only",-7.70471664781571,0.382081031799316
"species_2_bathy_extrap_only",-7.13912124385834,0.382081031799316
"species_2_bathy_extrap_only",-6.57352583990098,0.382081031799316
"species_2_bathy_extrap_only",-6.00793043594361,0.382081031799316
"species_2_bathy_extrap_only",-5.44233503198624,0.382081031799316
"species_2_bathy_extrap_only",-4.87673962802888,0.382081031799316
"species_2_bathy_extrap_only",-4.31114422407151,0.382081031799316
"species_2_bathy_extrap_only",-3.74554882011414,0.382081031799316
"species_2_bathy_extrap_only",-3.17995341615678,0.382081031799316
"species_2_bathy_extrap_only",-2.61435801219941,0.382081031799316
"species_2_bathy_extrap_only",-2.04876260824204,0.382081031799316
"species_2_bathy_extrap_only",-1.48316720428468,0.382081031799316
"species_2_bathy_extrap_only",-0.917571800327309,0.382081031799316
"species_2_bathy_extrap_only",-0.351976396369938,0.382081031799316
"species_2_bathy_extrap_only",0.213619007587425,0.382081031799316
"species_2_bathy_extrap_only",0.779214411544793,0.382081031799316
"species_2_bathy_extrap_only",1.34480981550216,0.427135765552521
"species_2_bathy_extrap_only",1.91040521945953,0.566598534584045
"species_2_bathy_extrap_only",2.47600062341689,0.681586623191833
"species_2_bathy_extrap_only",3.04159602737426,0.749051511287689
"species_2_bathy_extrap_only",3.60719143133163,0.73385363817215
"species_2_bathy_extrap_only",4.17278683528899,0.694057285785675
"species_2_bathy_extrap_only",4.73838223924636,0.651139140129089
"species_2_bathy_extrap_only",5.30397764320373,0.60562139749527
"species_2_bathy_extrap_only",5.8695730471611,0.55819433927536
"species_2_bathy_extrap_only",6.43516845111846,0.509681463241577
"species_2_bathy_extrap_only",7.00076385507583,0.458619028329849
"species_2_bathy_extrap_only",7.5663592590332,0.406954109668732
"species_2_bathy_extrap_only",8.13195466299057,0.35446634888649
"species_2_bathy_extrap_only",8.69755006694793,0.304095059633255
"species_2_bathy_extrap_only",9.2631454709053,0.2580206990242
"species_2_bathy_extrap_only",9.82874087486266,0.216752871870995
"species_2_bathy_extrap_only",10.39433627882,0.180479943752289
"species_2_bathy_extrap_only",10.9599316827774,0.149121522903442
"species_2_bathy_extrap_only",11.5255270867348,0.122397847473621
"species_2_bathy_extrap_only",12.0911224906921,0.0999009683728218
"species_2_bathy_extrap_only",12.6567178946495,0.0811566635966301
"species_2_bathy_extrap_only",13.2223132986069,0.0656727477908134
"species_2_bathy_extrap_only",13.7879087025642,0.0529726855456829
"species_2_bathy_extrap_only",14.3535041065216,0.0426165908575058
"species_2_bathy_extrap_only",14.919099510479,0.0342119596898556
"species_2_bathy_extrap_only",15.4846949144363,0.0274173878133297
"species_2_bathy_extrap_only",16.0502903183937,0.0219415612518787
"species_2_bathy_extrap_only",16.6158857223511,0.017539668828249
"species_2_bathy_extrap_only",17.1814811263084,0.0140082202851772
"species_2_bathy_extrap_only",17.7470765302658,0.0112846363335848
"species_2_bathy_extrap_only",18.3126719342232,0.00925548188388348
"species_2_bathy_extrap_only",18.8782673381805,0.00761526357382536
"species_2_bathy_extrap_only",19.4438627421379,0.00646003009751439
"species_2_bathy_extrap_only",20.0094581460953,0.00601310189813375
"species_2_bathy_extrap_only",20.5750535500526,0.00572968181222677
"species_2_bathy_extrap_only",21.14064895401,0.00551645923405886
"species_2_bathy_extrap_only",21.7062443579674,0.00534877274185419
"species_2_bathy_extrap_only",22.2718397619247,0.00520411739125848
"species_2_bathy_extrap_only",22.8374351658821,0.00506600411608815
"species_2_bathy_extrap_only",23.4030305698395,0.00493153790012002
"species_2_bathy_extrap_only",23.9686259737968,0.00480062328279018
"species_2_bathy_extrap_only",24.5342213777542,0.00467316806316376
"species_2_bathy_extrap_only",25.0998167817116,0.00454908097162843
"species_2_bathy_extrap_only",25.6654121856689,0.00442827446386218
"species_2_bathy_extrap_only",26.2310075896263,0.00431066192686558
"species_2_bathy_extrap_only",26.7966029935837,0.00419616047292948
"species_2_bathy_extrap_only",27.362198397541,0.00408468768000603
"species_2_bathy_extrap_only",27.9277938014984,0.00397616438567638
"species_2_bathy_extrap_only",28.4933892054558,0.00387051305733621
"species_2_bathy_extrap_only",29.0589846094131,0.00376765825785697
"species_2_bathy_extrap_only",29.6245800133705,0.00366752687841654
"species_2_bathy_extrap_only",30.1901754173279,0.00357004697434604
"species_2_bathy_extrap_only",30.7557708212852,0.00347514916211367
"species_2_bathy_extrap_only",31.3213662252426,0.00338276545517147
"species_2_bathy_extrap_only",31.8869616292,0.00329282926395535
"species_2_bathy_extrap_only",32.4525570331573,0.00320527656003833
"species_2_bathy_extrap_only",33.0181524371147,0.00312004424631596
"species_2_bathy_extrap_only",33.5837478410721,0.00303707178682089
"species_2_bathy_extrap_only",34.1493432450294,0.00295629957690835
"species_2_bathy_extrap_only",34.7149386489868,0.0028776687104255
"species_2_bathy_extrap_only",35.2805340529442,0.00280112377367914
"species_2_bathy_extrap_only",35.8461294569016,0.00272660912014544
"species_2_bathy_extrap_only",36.4117248608589,0.00265407166443765
"species_2_bathy_extrap_only",36.9773202648163,0.00258345855399966
"species_2_bathy_extrap_only",37.5429156687737,0.00251471973024309
"species_2_bathy_extrap_only",38.108511072731,0.00244780513457954
"species_2_bathy_extrap_only",38.6741064766884,0.00238266726955771
"species_2_bathy_extrap_only",39.2397018806457,0.00231925863772631
"species_2_bathy_extrap_only",39.8052972846031,0.00225753313861787
"species_2_bathy_extrap_only",40.3708926885605,0.00219744723290205
"species_2_bathy_extrap_only",40.9364880925178,0.00213895691558719
"species_2_bathy_extrap_only",41.5020834964752,0.00208202050998807
"species_2_bathy_extrap_only",42.0676789004326,0.00202659610658884
"species_2_bathy_extrap_only",42.63327430439,0.00197264482267201
"species_2_bathy_extrap_only",43.1988697083473,0.00192012649495155
"species_2_bathy_extrap_only",43.7644651123047,0.00186900410335511
"species_2_bathy_extrap_only",44.3300605162621,0.00181924039497972
"species_2_bathy_extrap_only",44.8956559202194,0.00177079904824495
"species_2_bathy_extrap_only",45.4612513241768,0.00172364560421556
"species_2_bathy_extrap_only",46.0268467281342,0.00167774537112564
"species_2_bathy_extrap_only",46.5924421320915,0.00163306575268507
"species_2_bathy_extrap_only",47.1580375360489,0.00158957380335778
"species_2_bathy_extrap_only",47.7236329400063,0.00154723855666816
"species_2_bathy_extrap_only",48.2892283439636,0.00150602927897125
"species_2_bathy_extrap_only",48.854823747921,0.00146591558586806
"species_2_bathy_extrap_only",49.4204191518784,0.00142686907202005
"species_2_bathy_extrap_only",49.9860145558357,0.00138886086642742
"species_2_bathy_extrap_only",50.5516099597931,0.00135186407715082
"species_2_bathy_extrap_only",51.1172053637505,0.0013158512301743
"species_2_bathy_extrap_only",51.6828007677078,0.00128079671412706
"species_2_bathy_extrap_only",52.2483961716652,0.00124667468480766
"species_2_bathy_extrap_only",52.8139915756226,0.00121346092782915
"species_2_bathy_extrap_only",53.3795869795799,0.00118113087955862
"species_2_bathy_extrap_only",53.9451823835373,0.00114966102410108
"species_2_bathy_extrap_only",54.5107777874947,0.0011190288932994
"species_2_bathy_extrap_only",55.076373191452,0.00108921190258116
"species_2_bathy_extrap_only",55.6419685954094,0.00106018874794245
"species_2_bathy_extrap_only",56.2075639993668,0.00103193789254874
"species_2_bathy_extrap_only",56.7731594033241,0.00100443931296468
"species_2_bathy_extrap_only",57.3387548072815,0.000977672636508942
"species_2_bathy_extrap_only",57.9043502112389,0.00095161865465343
"species_2_bathy_extrap_only",58.4699456151962,0.000926258391700685
"species_2_bathy_extrap_only",59.0355410191536,0.000901573221199214
"species_2_bathy_extrap_only",59.601136423111,0.000877545448020101
"species_2_bathy_extrap_only",60.1667318270683,0.000854157377034426
"species_2_bathy_extrap_only",60.7323272310257,0.000831392244435847
"species_2_bathy_extrap_only",61.2979226349831,0.00080923322821036
"species_2_bathy_extrap_only",61.8635180389404,0.000787664495874196
"species_2_bathy_extrap_only",62.4291134428978,0.000766670040320605
"species_2_bathy_extrap_only",62.9947088468552,0.000746234902180731
"species_2_bathy_extrap_only",63.5603042508125,0.000726344063878059
"species_2_bathy_extrap_only",64.1258996547699,0.000706982857082039
"species_2_bathy_extrap_only",64.6914950587273,0.000688137428369373
"species_2_bathy_extrap_only",65.2570904626846,0.000669794273562729
"species_2_bathy_extrap_only",65.822685866642,0.00065193948103115
"species_2_bathy_extrap_only",66.3882812705994,0.000634560361504555
"species_2_bathy_extrap_only",66.9538766745567,0.000617644225712866
"species_2_bathy_extrap_only",67.5194720785141,0.000601179024670273
"species_2_bathy_extrap_only",68.0850674824715,0.000585152243729681
"species_2_bathy_extrap_only",68.6506628864288,0.000569552532397211
"species_2_bathy_extrap_only",69.2162582903862,0.000554368598386645
"species_2_bathy_extrap_only",69.7818536943436,0.000539589091204107
"species_2_bathy_extrap_only",70.3474490983009,0.000525203358847648
"species_2_bathy_extrap_only",70.9130445022583,0.000511200982145965
"species_2_bathy_extrap_only",71.4786399062157,0.000497571949381381
"species_2_bathy_extrap_only",72.044235310173,0.000484305899590254
"species_2_bathy_extrap_only",72.6098307141304,0.000471393374027684
"species_2_bathy_extrap_only",73.1754261180878,0.000458825117675588
"species_2_bathy_extrap_only",73.7410215220451,0.000446591671789065
"species_2_bathy_extrap_only",74.3066169260025,0.000434684217907488
"species_2_bathy_extrap_only",74.8722123299599,0.000423094141297042
"species_2_bathy_extrap_only",75.4378077339172,0.000411813118262217
"species_2_bathy_extrap_only",76.0034031378746,0.000400832621380687
"species_2_bathy_extrap_only",76.568998541832,0.00039014479261823
"species_2_bathy_extrap_only",77.1345939457893,0.000379741977667436
"species_2_bathy_extrap_only",77.7001893497467,0.000369616289390251
"species_2_bathy_extrap_only",78.2657847537041,0.000359760510036722
"species_2_bathy_extrap_only",78.8313801576614,0.000350167421856895
"species_2_bathy_extrap_only",79.3969755616188,0.000340830214554444
"species_2_bathy_extrap_only",79.9625709655762,0.000331741757690907
"species_2_bathy_extrap_only",80.5281663695335,0.000322895561112091
"species_2_bathy_extrap_only",81.0937617734909,0.000314285192871466
"species_2_bathy_extrap_only",81.6593571774483,0.000305904453853145
"species_2_bathy_extrap_only",82.2249525814056,0.000297747057629749
"species_2_bathy_extrap_only",82.790547985363,0.000289807096123695
"species_2_bathy_extrap_only",83.3561433893204,0.000282078923191875
"species_2_bathy_extrap_only",83.9217387932777,0.000274556688964367
"species_2_bathy_extrap_only",84.4873341972351,0.000267234980128706
"species_2_bathy_extrap_only",85.0529296011925,0.000260108470683917
"species_2_bathy_extrap_only",85.6185250051498,0.000253172067459673
"species_2_bathy_extrap_only",86.1841204091072,0.000246420473558828
"species_2_bathy_extrap_only",86.7497158130646,0.000239848915953189
"species_2_bathy_extrap_only",87.315311217022,0.000233452650718391
"species_2_bathy_extrap_only",87.8809066209793,0.000227226832066663
"species_2_bathy_extrap_only",88.4465020249367,0.000221167007111944
"species_2_bathy_extrap_only",89.0120974288941,0.000215268766623922
"species_2_bathy_extrap_only",89.5776928328514,0.000209527861443348
"species_2_bathy_extrap_only",90.1432882368088,0.000203939940547571
"species_2_bathy_extrap_only",90.7088836407662,0.000198501031263731
"species_2_bathy_extrap_only",91.2744790447235,0.000193207146367058
"species_2_bathy_extrap_only",91.8400744486809,0.000188054473255761
"species_2_bathy_extrap_only",92.4056698526382,0.000183039141120389
"species_2_bathy_extrap_only",92.9712652565956,0.000178157526534051
"species_2_bathy_extrap_only",93.536860660553,0.000173406151589006
"species_2_bathy_extrap_only",94.1024560645104,0.000168781407410279
"species_2_bathy_extrap_only",94.6680514684677,0.000164279990713112
"species_2_bathy_extrap_only",95.2336468724251,0.000159898612764664
"species_2_bathy_extrap_only",95.7992422763824,0.00015563411579933
"species_2_bathy_extrap_only",96.3648376803398,0.000151483283843845
"species_2_bathy_extrap_only",96.9304330842972,0.000147443133755587
"species_2_bathy_extrap_only",97.4960284882546,0.000143510784255341
"species_2_bathy_extrap_only",98.0616238922119,0.000139683237648569
"species_2_bathy_extrap_only",98.6272192961693,0.000135957772727124
"species_2_bathy_extrap_only",99.1928147001267,0.000132331639179029
"species_2_bathy_extrap_only",99.758410104084,0.000128802261315286
"species_2_bathy_extrap_only",100.324005508041,0.000125366961583495
"species_2_bathy_extrap_only",100.889600911999,0.000122023266158067
"species_2_bathy_extrap_only",101.455196315956,0.000118768788524903
"species_2_bathy_extrap_only",102.020791719913,0.000115601054858416
"species_2_bathy_extrap_only",102.586387123871,0.000112517802335788
"species_2_bathy_extrap_only",103.151982527828,0.000109516775410157
"species_2_bathy_extrap_only",103.717577931786,0.00010659582039807
"species_2_bathy_extrap_only",104.283173335743,0.000103752725408413
"species_2_bathy_extrap_only",104.8487687397,0.000100985453173053
"species_2_bathy_extrap_only",105.414364143658,9.82919882517308e-05
"species_2_bathy_extrap_only",105.979959547615,9.56703806878068e-05
"species_2_bathy_extrap_only",106.545554951572,9.31186586967669e-05
"species_2_bathy_extrap_only",107.11115035553,9.06349887372926e-05
"species_2_bathy_extrap_only",107.676745759487,8.82175954757258e-05
"species_2_bathy_extrap_only",108.242341163445,8.58646380947903e-05
"species_2_bathy_extrap_only",108.807936567402,8.35744358482771e-05
"species_2_bathy_extrap_only",109.373531971359,8.13453079899773e-05
"species_2_bathy_extrap_only",109.939127375317,7.91756610851735e-05
"species_2_bathy_extrap_only",110.504722779274,7.70638580434024e-05
"species_2_bathy_extrap_only",111.070318183231,7.50083709135652e-05
"species_2_bathy_extrap_only",111.635913587189,7.30077299522236e-05
"species_2_bathy_extrap_only",112.201508991146,7.10604290361516e-05
"species_2_bathy_extrap_only",112.767104395103,6.91650566295721e-05
"species_2_bathy_extrap_only",113.332699799061,6.73202375764959e-05
"species_2_bathy_extrap_only",113.898295203018,6.55246476526372e-05
"species_2_bathy_extrap_only",114.463890606976,6.37769189779647e-05
"species_2_bathy_extrap_only",115.029486010933,6.20758073637262e-05
"species_2_bathy_extrap_only",115.59508141489,6.04200686211698e-05
"species_2_bathy_extrap_only",116.160676818848,5.88085094932467e-05
"species_2_bathy_extrap_only",116.726272222805,5.72399112570565e-05
"species_2_bathy_extrap_only",117.291867626762,5.57131534151267e-05
"species_2_bathy_extrap_only",117.85746303072,5.42271336598787e-05
"species_2_bathy_extrap_only",118.423058434677,5.27807278558612e-05
"species_2_bathy_extrap_only",118.988653838634,5.1372899179114e-05
"species_2_bathy_extrap_only",119.554249242592,5.00026217196137e-05
"species_2_bathy_extrap_only",120.119844646549,4.86689095851034e-05
"species_2_bathy_extrap_only",120.685440050507,4.73707550554536e-05
"species_2_bathy_extrap_only",121.251035454464,4.61072195321321e-05
"species_2_bathy_extrap_only",121.816630858421,4.48774044343736e-05
"species_2_bathy_extrap_only",122.382226262379,4.36803748016246e-05
"species_2_bathy_extrap_only",122.947821666336,4.25152720708866e-05
"species_2_bathy_extrap_only",123.513417070293,4.13812449551187e-05
"species_2_bathy_extrap_only",124.079012474251,4.02774821850471e-05
"species_2_bathy_extrap_only",124.644607878208,3.92031433875673e-05
"species_2_bathy_extrap_only",125.210203282166,3.8157457311172e-05
"species_2_bathy_extrap_only",125.775798686123,3.7139678170206e-05
"species_2_bathy_extrap_only",126.34139409008,3.61490310751833e-05
"species_2_bathy_extrap_only",126.906989494038,3.51848102582153e-05
"species_2_bathy_extrap_only",127.472584897995,3.42463026754558e-05
"species_2_bathy_extrap_only",128.038180301952,3.33328425767832e-05
"species_2_bathy_extrap_only",128.60377570591,3.24437351082452e-05
"species_2_bathy_extrap_only",129.169371109867,3.15783436235506e-05
"species_2_bathy_extrap_only",129.734966513824,3.07360314764082e-05
"species_2_bathy_extrap_only",130.300561917782,2.99161893053679e-05
"species_2_bathy_extrap_only",130.866157321739,2.91182350338204e-05
"species_2_bathy_extrap_only",131.431752725697,2.83415429294109e-05
"species_2_bathy_extrap_only",131.997348129654,2.75855672953185e-05
"species_2_bathy_extrap_only",132.562943533611,2.68497551587643e-05
"species_2_bathy_extrap_only",133.128538937569,2.61335699178744e-05
"species_2_bathy_extrap_only",133.694134341526,2.54364877037005e-05
"species_2_bathy_extrap_only",134.259729745483,2.47579991992097e-05
"species_2_bathy_extrap_only",134.825325149441,2.40976078202948e-05
"species_2_bathy_extrap_only",135.390920553398,2.34548497246578e-05
"species_2_bathy_extrap_only",135.956515957356,2.28292174142553e-05
"species_2_bathy_extrap_only",136.522111361313,2.22202725126408e-05
"species_2_bathy_extrap_only",137.08770676527,2.16275711864e-05
"species_2_bathy_extrap_only",137.653302169228,2.10506786970655e-05
"species_2_bathy_extrap_only",138.218897573185,2.04891748580849e-05
"species_2_bathy_extrap_only",138.784492977142,1.99426467588637e-05
"species_2_bathy_extrap_only",139.3500883811,1.94107105926378e-05
"species_2_bathy_extrap_only",139.915683785057,1.88929498108337e-05
"species_2_bathy_extrap_only",140.481279189014,1.83889987965813e-05
"species_2_bathy_extrap_only",141.046874592972,1.78984901140211e-05
"species_2_bathy_extrap_only",141.612469996929,1.74210654222406e-05
"species_2_bathy_extrap_only",142.178065400887,1.69563754752744e-05
"species_2_bathy_extrap_only",142.743660804844,1.65040801221039e-05
"species_2_bathy_extrap_only",143.309256208801,1.60638610395836e-05
"species_2_bathy_extrap_only",143.874851612759,1.56353726197267e-05
"species_2_bathy_extrap_only",144.440447016716,1.52183129102923e-05
"species_2_bathy_extrap_only",145.006042420673,1.481237814005e-05
"species_2_bathy_extrap_only",145.571637824631,1.44172709042323e-05
"species_2_bathy_extrap_only",146.137233228588,1.40327028930187e-05
"species_2_bathy_extrap_only",146.702828632545,1.36583930725465e-05
"species_2_bathy_extrap_only",147.268424036503,1.32940767798573e-05
"species_2_bathy_extrap_only",147.83401944046,1.29394684336148e-05
"species_2_bathy_extrap_only",148.399614844418,1.25943197417655e-05
"species_2_bathy_extrap_only",148.965210248375,1.22583760457928e-05
"species_2_bathy_extrap_only",149.530805652332,1.19313945106114e-05
"species_2_bathy_extrap_only",150.09640105629,1.16131341201253e-05
"species_2_bathy_extrap_only",150.661996460247,1.13033629531856e-05
"species_2_bathy_extrap_only",151.227591864204,1.10018627310637e-05
"species_2_bathy_extrap_only",151.793187268162,1.07083969851374e-05
"species_2_bathy_extrap_only",152.358782672119,1.04227583506145e-05
"species_2_bathy_extrap_only",152.924378076077,1.0144739462703e-05
"species_2_bathy_extrap_only",153.489973480034,9.8741365945898e-06
"species_2_bathy_extrap_only",154.055568883991,9.61075147642987e-06
"species_2_bathy_extrap_only",154.621164287949,9.35439220484113e-06
"species_2_bathy_extrap_only",155.186759691906,9.10487688088324e-06
"species_2_bathy_extrap_only",155.752355095863,8.86201178218471e-06
"species_2_bathy_extrap_only",156.317950499821,8.6256241047522e-06
"species_2_bathy_extrap_only",156.883545903778,8.39554195408709e-06
"species_2_bathy_extrap_only",157.449141307735,8.17159616417484e-06
"species_2_bathy_extrap_only",158.014736711693,7.95362484495854e-06
"species_2_bathy_extrap_only",158.58033211565,7.74146792537067e-06
"species_2_bathy_extrap_only",159.145927519608,7.53496942706988e-06
"species_2_bathy_extrap_only",159.711522923565,7.33398474039859e-06
"species_2_bathy_extrap_only",160.277118327522,7.13835606802604e-06
"species_2_bathy_extrap_only",160.84271373148,6.94794516675756e-06
"species_2_bathy_extrap_only",161.408309135437,6.76261379339849e-06
"species_2_bathy_extrap_only",161.973904539394,6.58222552374355e-06
"species_2_bathy_extrap_only",162.539499943352,6.40664893580834e-06
"species_2_bathy_extrap_only",163.105095347309,6.2357557908399e-06
"species_2_bathy_extrap_only",163.670690751266,6.06942558079027e-06
"species_2_bathy_extrap_only",164.236286155224,5.90752779316972e-06
"species_2_bathy_extrap_only",164.801881559181,5.74994828639319e-06
"species_2_bathy_extrap_only",165.367476963139,5.59657246412826e-06
"species_2_bathy_extrap_only",165.933072367096,5.4472875490319e-06
"species_2_bathy_extrap_only",166.498667771053,5.3019844017399e-06
"species_2_bathy_extrap_only",167.064263175011,5.16055752086686e-06
"species_2_bathy_extrap_only",167.629858578968,5.02290640724823e-06
"species_2_bathy_extrap_only",168.195453982925,4.8889237405092e-06
"species_2_bathy_extrap_only",168.761049386883,4.75851493320079e-06
"species_2_bathy_extrap_only",169.32664479084,4.6315844883793e-06
"species_2_bathy_extrap_only",169.892240194798,4.50803963758517e-06
"species_2_bathy_extrap_only",170.457835598755,4.38779079559026e-06
"species_2_bathy_extrap_only",171.023431002712,4.27074883191381e-06
"species_2_bathy_extrap_only",171.58902640667,4.15683234677999e-06
"species_2_bathy_extrap_only",172.154621810627,4.04595130021335e-06
"species_2_bathy_extrap_only",172.720217214584,3.93802838516422e-06
"species_2_bathy_extrap_only",173.285812618542,3.83298356609885e-06
"species_2_bathy_extrap_only",173.851408022499,3.73074112758331e-06
"species_2_bathy_extrap_only",174.417003426456,3.63122580893105e-06
"species_2_bathy_extrap_only",174.982598830414,3.53436507793958e-06
"species_2_bathy_extrap_only",175.548194234371,3.44009049513261e-06
"species_2_bathy_extrap_only",176.113789638329,3.34832816406561e-06
"species_2_bathy_extrap_only",176.679385042286,3.25901351061475e-06
"species_2_bathy_extrap_only",177.244980446243,3.17208127853519e-06
"species_2_bathy_extrap_only",177.810575850201,3.0874678031978e-06
"species_2_bathy_extrap_only",178.376171254158,3.00511146633653e-06
"species_2_bathy_extrap_only",178.941766658115,2.92495178655372e-06
"species_2_bathy_extrap_only",179.507362062073,2.84693260255153e-06
"species_2_bathy_extrap_only",180.07295746603,2.77099229606392e-06
"species_2_bathy_extrap_only",180.638552869987,2.69707766165084e-06
"species_2_bathy_extrap_only",181.204148273945,2.62513458437752e-06
"species_2_bathy_extrap_only",181.769743677902,2.55511076829862e-06
"species_2_bathy_extrap_only",182.33533908186,2.48695459958981e-06
"species_2_bathy_extrap_only",182.900934485817,2.42061651078984e-06
"species_2_bathy_extrap_only",183.466529889774,2.35604784393217e-06
"species_2_bathy_extrap_only",184.032125293732,2.29320335165539e-06
"species_2_bathy_extrap_only",184.597720697689,2.23203346649825e-06
"species_2_bathy_extrap_only",185.163316101646,2.17249521483609e-06
"species_2_bathy_extrap_only",185.728911505604,2.1145451682969e-06
"species_2_bathy_extrap_only",186.294506909561,2.05814080800337e-06
"species_2_bathy_extrap_only",186.860102313518,2.00324097932025e-06
"species_2_bathy_extrap_only",187.425697717476,1.94980566448066e-06
"species_2_bathy_extrap_only",187.991293121433,1.89779711945448e-06
"species_2_bathy_extrap_only",188.556888525391,1.84717441698012e-06
"species_2_bathy_extrap_only",189.122483929348,1.79790208676422e-06
"species_2_bathy_extrap_only",189.688079333305,1.74994397639239e-06
"species_2_bathy_extrap_only",190.253674737263,1.70326518400543e-06
"species_2_bathy_extrap_only",190.81927014122,1.65783160355204e-06
"species_2_bathy_extrap_only",191.384865545177,1.61360981110192e-06
"species_2_bathy_extrap_only",191.950460949135,1.57056877014838e-06
"species_2_bathy_extrap_only",192.516056353092,1.52867471570062e-06
"species_2_bathy_extrap_only",193.08165175705,1.48789820286765e-06
"species_2_bathy_extrap_only",193.647247161007,1.44820933201117e-06
"species_2_bathy_extrap_only",194.212842564964,1.40957911298756e-06
"species_2_bathy_extrap_only",194.778437968922,1.37197935146105e-06
"species_2_bathy_extrap_only",195.344033372879,1.33538253521692e-06
"species_2_bathy_extrap_only",195.909628776836,1.29976285734301e-06
"species_2_bathy_extrap_only",196.475224180794,1.26509235087724e-06
"species_2_bathy_extrap_only",197.040819584751,1.23134668683633e-06
"species_2_bathy_extrap_only",197.606414988709,1.1985011951765e-06
"species_2_bathy_extrap_only",198.172010392666,1.166531887975e-06
"species_2_bathy_extrap_only",198.737605796623,1.1354152320564e-06
"species_2_bathy_extrap_only",199.303201200581,1.10512860374001e-06
"species_2_bathy_extrap_only",199.868796604538,1.07565074358718e-06
"species_2_bathy_extrap_only",200.434392008495,1.04695834579616e-06
"species_2_bathy_extrap_only",200.999987412453,1.01903128779668e-06
"species_2_bathy_extrap_only",201.56558281641,9.91849105957954e-07
"species_2_bathy_extrap_only",202.131178220367,9.65392132457055e-07
"species_2_bathy_extrap_only",202.696773624325,9.39640756314475e-07
"species_2_bathy_extrap_only",203.262369028282,9.14576332888828e-07
"species_2_bathy_extrap_only",203.82796443224,8.90181127033429e-07
"species_2_bathy_extrap_only",204.393559836197,8.66436039359542e-07
"species_2_bathy_extrap_only",204.959155240154,8.43324301058601e-07
"species_2_bathy_extrap_only",205.524750644112,8.20829086478625e-07
"species_2_bathy_extrap_only",206.090346048069,7.98933911028143e-07
"species_2_bathy_extrap_only",206.655941452026,7.77622744863038e-07
"species_2_bathy_extrap_only",207.221536855984,7.56880069729959e-07
"species_2_bathy_extrap_only",207.787132259941,7.36691220026842e-07
"species_2_bathy_extrap_only",208.352727663898,7.17040393283241e-07
"species_2_bathy_extrap_only",208.918323067856,6.97913719704957e-07
"species_2_bathy_extrap_only",209.483918471813,6.79297215810948e-07
"species_2_bathy_extrap_only",210.049513875771,6.61177352867526e-07
"species_2_bathy_extrap_only",210.615109279728,6.43540772671258e-07
"species_2_bathy_extrap_only",211.180704683685,6.26374628609483e-07
"species_2_bathy_extrap_only",211.746300087643,6.0966641513005e-07
"species_2_bathy_extrap_only",212.3118954916,5.93404308801837e-07
"species_2_bathy_extrap_only",212.877490895557,5.77575576699019e-07
"species_2_bathy_extrap_only",213.443086299515,5.62169077511498e-07
"species_2_bathy_extrap_only",214.008681703472,5.47173499398923e-07
"species_2_bathy_extrap_only",214.57427710743,5.32577928424871e-07
"species_2_bathy_extrap_only",215.139872511387,5.18371678026597e-07
"species_2_bathy_extrap_only",215.705467915344,5.04544402701868e-07
"species_2_bathy_extrap_only",216.271063319302,4.9108626853922e-07
"species_2_bathy_extrap_only",216.836658723259,4.77986816349585e-07
"species_2_bathy_extrap_only",217.402254127216,4.65236752233977e-07
"species_2_bathy_extrap_only",217.967849531174,4.52826810715123e-07
"species_2_bathy_extrap_only",218.533444935131,4.40747896846006e-07
"species_2_bathy_extrap_only",219.099040339088,4.28991171474991e-07
"species_2_bathy_extrap_only",219.664635743046,4.17548051245831e-07
"species_2_bathy_extrap_only",220.230231147003,4.06410464393048e-07
"species_2_bathy_extrap_only",220.795826550961,3.95569685451847e-07
"species_2_bathy_extrap_only",221.361421954918,3.8501806898239e-07
"species_2_bathy_extrap_only",221.927017358875,3.74747912701423e-07
"species_2_bathy_extrap_only",222.492612762833,3.64751684855946e-07
"species_2_bathy_extrap_only",223.05820816679,3.55022137910055e-07
"species_2_bathy_extrap_only",223.623803570747,3.45552109592973e-07
"species_2_bathy_extrap_only",224.189398974705,3.36334920802983e-07
"species_2_bathy_extrap_only",224.754994378662,3.27363352425891e-07
"species_2_bathy_extrap_only",225.32058978262,3.18631094842203e-07
"species_2_bathy_extrap_only",225.886185186577,3.10131781589007e-07
"species_2_bathy_extrap_only",226.451780590534,3.01859188311937e-07
"species_2_bathy_extrap_only",227.017375994492,2.93807232765175e-07
"species_2_bathy_extrap_only",227.582971398449,2.85970088498289e-07
"species_2_bathy_extrap_only",228.148566802406,2.78342184856228e-07
"species_2_bathy_extrap_only",228.714162206364,2.70917553280015e-07
"species_2_bathy_extrap_only",229.279757610321,2.63690964175112e-07
"species_2_bathy_extrap_only",229.845353014278,2.56657131103566e-07
"species_2_bathy_extrap_only",230.410948418236,2.4981093815768e-07
"species_2_bathy_extrap_only",230.976543822193,2.43147354694884e-07
"species_2_bathy_extrap_only",231.54213922615,2.3666153481372e-07
"species_2_bathy_extrap_only",232.107734630108,2.30348874197261e-07
"species_2_bathy_extrap_only",232.673330034065,2.24204427468067e-07
"species_2_bathy_extrap_only",233.238925438023,2.18223888737157e-07
"species_2_bathy_extrap_only",233.80452084198,2.1240288106128e-07
"species_2_bathy_extrap_only",234.370116245937,2.06737141184021e-07
"species_2_bathy_extrap_only",234.935711649895,2.01222533746659e-07
"species_2_bathy_extrap_only",235.501307053852,1.95855022866454e-07
"species_2_bathy_extrap_only",236.066902457809,1.90630700558359e-07
"species_2_bathy_extrap_only",236.632497861767,1.85545857789293e-07
"species_2_bathy_extrap_only",237.198093265724,1.83881141424536e-07
"species_2_bathy_extrap_only",237.763688669682,1.83881141424536e-07
"species_2_bathy_extrap_only",238.329284073639,1.83881141424536e-07
"species_2_bathy_extrap_only",238.894879477596,1.83881141424536e-07
"species_2_bathy_extrap_only",239.460474881554,1.83881141424536e-07
"species_2_bathy_extrap_only",240.026070285511,1.83881141424536e-07
"species_2_bathy_extrap_only",240.591665689468,1.83881141424536e-07
"species_2_bathy_extrap_only",241.157261093426,1.83881141424536e-07
"species_2_bathy_extrap_only",241.722856497383,1.83881141424536e-07
"species_2_bathy_extrap_only",242.28845190134,1.83881141424536e-07
"species_2_bathy_extrap_only",242.854047305298,1.83881141424536e-07
"species_2_bathy_extrap_only",243.419642709255,1.83881141424536e-07
"species_2_bathy_extrap_only",243.985238113213,1.83881141424536e-07
"species_2_bathy_extrap_only",244.55083351717,1.83881141424536e-07
"species_2_bathy_extrap_only",245.116428921127,1.83881141424536e-07
"species_2_bathy_extrap_only",245.682024325085,1.83881141424536e-07
"species_2_bathy_extrap_only",246.247619729042,1.83881141424536e-07
"species_2_bathy_extrap_only",246.813215132999,1.83881141424536e-07
"species_2_bathy_extrap_only",247.378810536957,1.83881141424536e-07
"species_2_bathy_extrap_only",247.944405940914,1.83881141424536e-07
"species_2_bathy_extrap_only",248.510001344872,1.83881141424536e-07
"species_2_bathy_extrap_only",249.075596748829,1.83881141424536e-07
"species_2_bathy_extrap_only",249.641192152786,1.83881141424536e-07
"species_2_bathy_extrap_only",250.206787556744,1.83881141424536e-07
"species_2_bathy_extrap_only",250.772382960701,1.83881141424536e-07
"species_2_bathy_extrap_only",251.337978364658,1.83881141424536e-07
"species_2_bathy_extrap_only",251.903573768616,1.83881141424536e-07
"species_2_bathy_extrap_only",252.469169172573,1.83881141424536e-07
"species_2_bathy_extrap_only",253.03476457653,1.83881141424536e-07
"species_2_bathy_extrap_only",253.600359980488,1.83881141424536e-07
"species_2_bathy_extrap_only",254.165955384445,1.83881141424536e-07
"species_2_bathy_extrap_only",254.731550788403,1.83881141424536e-07
"species_2_bathy_extrap_only",255.29714619236,1.83881141424536e-07
"species_2_bathy_extrap_only",255.862741596317,1.83881141424536e-07
"species_2_bathy_extrap_only",256.428337000275,1.83881141424536e-07
"species_2_bathy_extrap_only",256.993932404232,1.83881141424536e-07
"species_2_bathy_extrap_only",257.559527808189,1.83881141424536e-07
"species_2_bathy_extrap_only",258.125123212147,1.83881141424536e-07
"species_2_bathy_extrap_only",258.690718616104,1.83881141424536e-07
"species_2_bathy_extrap_only",259.256314020062,1.83881141424536e-07
"species_2_bathy_extrap_only",259.821909424019,1.83881141424536e-07
"species_2_bathy_extrap_only",260.387504827976,1.83881141424536e-07
"species_2_bathy_extrap",-22.4101971507073,0.763472318649292
"species_2_bathy_extrap",-21.8446017467499,0.763472318649292
"species_2_bathy_extrap",-21.2790063427925,0.763472318649292
"species_2_bathy_extrap",-20.7134109388352,0.763472318649292
"species_2_bathy_extrap",-20.1478155348778,0.763472318649292
"species_2_bathy_extrap",-19.5822201309204,0.763472318649292
"species_2_bathy_extrap",-19.0166247269631,0.763472318649292
"species_2_bathy_extrap",-18.4510293230057,0.763472318649292
"species_2_bathy_extrap",-17.8854339190483,0.763472318649292
"species_2_bathy_extrap",-17.319838515091,0.763472318649292
"species_2_bathy_extrap",-16.7542431111336,0.763472318649292
"species_2_bathy_extrap",-16.1886477071762,0.763472318649292
"species_2_bathy_extrap",-15.6230523032189,0.763472318649292
"species_2_bathy_extrap",-15.0574568992615,0.763472318649292
"species_2_bathy_extrap",-14.4918614953041,0.763472318649292
"species_2_bathy_extrap",-13.9262660913467,0.763472318649292
"species_2_bathy_extrap",-13.3606706873894,0.763472318649292
"species_2_bathy_extrap",-12.795075283432,0.763472318649292
"species_2_bathy_extrap",-12.2294798794746,0.763472318649292
"species_2_bathy_extrap",-11.6638844755173,0.763472318649292
"species_2_bathy_extrap",-11.0982890715599,0.763472318649292
"species_2_bathy_extrap",-10.5326936676025,0.763472318649292
"species_2_bathy_extrap",-9.96709826364518,0.763472318649292
"species_2_bathy_extrap",-9.40150285968781,0.763472318649292
"species_2_bathy_extrap",-8.83590745573045,0.763472318649292
"species_2_bathy_extrap",-8.27031205177308,0.763472318649292
"species_2_bathy_extrap",-7.70471664781571,0.763472318649292
"species_2_bathy_extrap",-7.13912124385834,0.763472318649292
"species_2_bathy_extrap",-6.57352583990098,0.763472318649292
"species_2_bathy_extrap",-6.00793043594361,0.763472318649292
"species_2_bathy_extrap",-5.44233503198624,0.763472318649292
"species_2_bathy_extrap",-4.87673962802888,0.763472318649292
"species_2_bathy_extrap",-4.31114422407151,0.763472318649292
"species_2_bathy_extrap",-3.74554882011414,0.763472318649292
"species_2_bathy_extrap",-3.17995341615678,0.763472318649292
"species_2_bathy_extrap",-2.61435801219941,0.763472318649292
"species_2_bathy_extrap",-2.04876260824204,0.763472318649292
"species_2_bathy_extrap",-1.48316720428468,0.763472318649292
"species_2_bathy_extrap",-0.917571800327309,0.763472318649292
"species_2_bathy_extrap",-0.351976396369938,0.763472318649292
"species_2_bathy_extrap",0.213619007587425,0.763472318649292
"species_2_bathy_extrap",0.779214411544793,0.763472318649292
"species_2_bathy_extrap",1.34480981550216,0.755491614341736
"species_2_bathy_extrap",1.91040521945953,0.730476379394531
"species_2_bathy_extrap",2.47600062341689,0.703904926776886
"species_2_bathy_extrap",3.04159602737426,0.675876200199127
"species_2_bathy_extrap",3.60719143133163,0.646526634693146
"species_2_bathy_extrap",4.17278683528899,0.616029262542725
"species_2_bathy_extrap",4.73838223924636,0.58845180273056
"species_2_bathy_extrap",5.30397764320373,0.561851918697357
"species_2_bathy_extrap",5.8695730471611,0.534891664981842
"species_2_bathy_extrap",6.43516845111846,0.507725954055786
"species_2_bathy_extrap",7.00076385507583,0.48051455616951
"species_2_bathy_extrap",7.5663592590332,0.453418284654617
"species_2_bathy_extrap",8.13195466299057,0.424237966537476
"species_2_bathy_extrap",8.69755006694793,0.39029335975647
"species_2_bathy_extrap",9.2631454709053,0.357378929853439
"species_2_bathy_extrap",9.82874087486266,0.325757205486298
"species_2_bathy_extrap",10.39433627882,0.295646190643311
"species_2_bathy_extrap",10.9599316827774,0.267215430736542
"species_2_bathy_extrap",11.5255270867348,0.240584820508957
"species_2_bathy_extrap",12.0911224906921,0.215826526284218
"species_2_bathy_extrap",12.6567178946495,0.192968666553497
"species_2_bathy_extrap",13.2223132986069,0.17200069129467
"species_2_bathy_extrap",13.7879087025642,0.15287946164608
"species_2_bathy_extrap",14.3535041065216,0.135535970330238
"species_2_bathy_extrap",14.919099510479,0.119881585240364
"species_2_bathy_extrap",15.4846949144363,0.10581398755312
"species_2_bathy_extrap",16.0502903183937,0.0932222679257393
"species_2_bathy_extrap",16.6158857223511,0.0819916054606438
"species_2_bathy_extrap",17.1814811263084,0.0720064491033554
"species_2_bathy_extrap",17.7470765302658,0.0631536617875099
"species_2_bathy_extrap",18.3126719342232,0.0553243868052959
"species_2_bathy_extrap",18.8782673381805,0.0484155565500259
"species_2_bathy_extrap",19.4438627421379,0.0423308350145817
"species_2_bathy_extrap",20.0094581460953,0.0369811020791531
"species_2_bathy_extrap",20.5750535500526,0.032497301697731
"species_2_bathy_extrap",21.14064895401,0.0297158472239971
"species_2_bathy_extrap",21.7062443579674,0.0277783740311861
"species_2_bathy_extrap",22.2718397619247,0.0263080112636089
"species_2_bathy_extrap",22.8374351658821,0.0257467720657587
"species_2_bathy_extrap",23.4030305698395,0.0254123657941818
"species_2_bathy_extrap",23.9686259737968,0.025082191452384
"species_2_bathy_extrap",24.5342213777542,0.024756196886301
"species_2_bathy_extrap",25.0998167817116,0.0244343336671591
"species_2_bathy_extrap",25.6654121856689,0.0241165515035391
"species_2_bathy_extrap",26.2310075896263,0.0238028019666672
"species_2_bathy_extrap",26.7966029935837,0.0234930366277695
"species_2_bathy_extrap",27.362198397541,0.0231872051954269
"species_2_bathy_extrap",27.9277938014984,0.022885262966156
"species_2_bathy_extrap",28.4933892054558,0.0225871615111828
"species_2_bathy_extrap",29.0589846094131,0.0222928542643785
"species_2_bathy_extrap",29.6245800133705,0.0220022946596146
"species_2_bathy_extrap",30.1901754173279,0.0217154379934072
"species_2_bathy_extrap",30.7557708212852,0.021432239562273
"species_2_bathy_extrap",31.3213662252426,0.0211526565253735
"species_2_bathy_extrap",31.8869616292,0.0208766423165798
"species_2_bathy_extrap",32.4525570331573,0.0206041522324085
"species_2_bathy_extrap",33.0181524371147,0.0203351452946663
"species_2_bathy_extrap",33.5837478410721,0.0200695786625147
"species_2_bathy_extrap",34.1493432450294,0.0198074113577604
"species_2_bathy_extrap",34.7149386489868,0.0195485986769199
"species_2_bathy_extrap",35.2805340529442,0.0192931015044451
"species_2_bathy_extrap",35.8461294569016,0.0190408788621426
"species_2_bathy_extrap",36.4117248608589,0.0187918916344643
"species_2_bathy_extrap",36.9773202648163,0.0185460969805717
"species_2_bathy_extrap",37.5429156687737,0.0183034595102072
"species_2_bathy_extrap",38.108511072731,0.018063934519887
"species_2_bathy_extrap",38.6741064766884,0.0178274903446436
"species_2_bathy_extrap",39.2397018806457,0.0175940841436386
"species_2_bathy_extrap",39.8052972846031,0.0173636805266142
"species_2_bathy_extrap",40.3708926885605,0.0171362422406673
"species_2_bathy_extrap",40.9364880925178,0.0169117283076048
"species_2_bathy_extrap",41.5020834964752,0.0166901089251041
"species_2_bathy_extrap",42.0676789004326,0.0164713449776173
"species_2_bathy_extrap",42.63327430439,0.0162554010748863
"species_2_bathy_extrap",43.1988697083473,0.0160422399640083
"species_2_bathy_extrap",43.7644651123047,0.0158318318426609
"species_2_bathy_extrap",44.3300605162621,0.0156241385266185
"species_2_bathy_extrap",44.8956559202194,0.0154191264882684
"species_2_bathy_extrap",45.4612513241768,0.015216764062643
"species_2_bathy_extrap",46.0268467281342,0.0150170158594847
"species_2_bathy_extrap",46.5924421320915,0.0148198511451483
"species_2_bathy_extrap",47.1580375360489,0.0146252354606986
"species_2_bathy_extrap",47.7236329400063,0.0144331399351358
"species_2_bathy_extrap",48.2892283439636,0.0142435301095247
"species_2_bathy_extrap",48.854823747921,0.0140563752502203
"species_2_bathy_extrap",49.4204191518784,0.0138716455549002
"species_2_bathy_extrap",49.9860145558357,0.0136893093585968
"species_2_bathy_extrap",50.5516099597931,0.0135093377903104
"species_2_bathy_extrap",51.1172053637505,0.0133316991850734
"species_2_bathy_extrap",51.6828007677078,0.0131563665345311
"species_2_bathy_extrap",52.2483961716652,0.0129833081737161
"species_2_bathy_extrap",52.8139915756226,0.0128124970942736
"species_2_bathy_extrap",53.3795869795799,0.0126439053565264
"species_2_bathy_extrap",53.9451823835373,0.0124775022268295
"species_2_bathy_extrap",54.5107777874947,0.0123132634907961
"species_2_bathy_extrap",55.076373191452,0.0121511584147811
"species_2_bathy_extrap",55.6419685954094,0.0119911637157202
"species_2_bathy_extrap",56.2075639993668,0.0118332477286458
"species_2_bathy_extrap",56.7731594033241,0.0116773890331388
"species_2_bathy_extrap",57.3387548072815,0.0115235578268766
"species_2_bathy_extrap",57.9043502112389,0.0113717308267951
"species_2_bathy_extrap",58.4699456151962,0.011221881955862
"species_2_bathy_extrap",59.0355410191536,0.0110739842057228
"species_2_bathy_extrap",59.601136423111,0.010928014293313
"species_2_bathy_extrap",60.1667318270683,0.0107839480042458
"species_2_bathy_extrap",60.7323272310257,0.0106417601928115
"species_2_bathy_extrap",61.2979226349831,0.0105014266446233
"species_2_bathy_extrap",61.8635180389404,0.0103629259392619
"species_2_bathy_extrap",62.4291134428978,0.0102262310683727
"species_2_bathy_extrap",62.9947088468552,0.0100913224741817
"species_2_bathy_extrap",63.5603042508125,0.00995817594230175
"species_2_bathy_extrap",64.1258996547699,0.00982676725834608
"species_2_bathy_extrap",64.6914950587273,0.009697075933218
"species_2_bathy_extrap",65.2570904626846,0.00956908147782087
"species_2_bathy_extrap",65.822685866642,0.00944275874644518
"species_2_bathy_extrap",66.3882812705994,0.00931808818131685
"species_2_bathy_extrap",66.9538766745567,0.0091950474306941
"species_2_bathy_extrap",67.5194720785141,0.00907361879944801
"species_2_bathy_extrap",68.0850674824715,0.00895377714186907
"species_2_bathy_extrap",68.6506628864288,0.00883550476282835
"species_2_bathy_extrap",69.2162582903862,0.00871878210455179
"species_2_bathy_extrap",69.7818536943436,0.0086035868152976
"species_2_bathy_extrap",70.3474490983009,0.00848990026861429
"species_2_bathy_extrap",70.9130445022583,0.00837770290672779
"species_2_bathy_extrap",71.4786399062157,0.00826697796583176
"species_2_bathy_extrap",72.044235310173,0.0081577030941844
"species_2_bathy_extrap",72.6098307141304,0.0080498605966568
"species_2_bathy_extrap",73.1754261180878,0.00794343370944262
"species_2_bathy_extrap",73.7410215220451,0.00783840101212263
"species_2_bathy_extrap",74.3066169260025,0.00773474713787436
"species_2_bathy_extrap",74.8722123299599,0.00763245252892375
"species_2_bathy_extrap",75.4378077339172,0.00753150274977088
"species_2_bathy_extrap",76.0034031378746,0.00743187637999654
"species_2_bathy_extrap",76.568998541832,0.00733355805277824
"species_2_bathy_extrap",77.1345939457893,0.00723653240129352
"species_2_bathy_extrap",77.7001893497467,0.00714077986776829
"species_2_bathy_extrap",78.2657847537041,0.00704628508538008
"species_2_bathy_extrap",78.8313801576614,0.00695303222164512
"species_2_bathy_extrap",79.3969755616188,0.00686100637540221
"species_2_bathy_extrap",79.9625709655762,0.00677018845453858
"species_2_bathy_extrap",80.5281663695335,0.0066805649548769
"species_2_bathy_extrap",81.0937617734909,0.00659212004393339
"species_2_bathy_extrap",81.6593571774483,0.00650483975186944
"species_2_bathy_extrap",82.2249525814056,0.00641870638355613
"species_2_bathy_extrap",82.790547985363,0.00633370596915483
"species_2_bathy_extrap",83.3561433893204,0.00624982547014952
"species_2_bathy_extrap",83.9217387932777,0.00616704765707254
"species_2_bathy_extrap",84.4873341972351,0.00608535949140787
"species_2_bathy_extrap",85.0529296011925,0.00600474700331688
"species_2_bathy_extrap",85.6185250051498,0.00592519715428352
"species_2_bathy_extrap",86.1841204091072,0.00584669364616275
"species_2_bathy_extrap",86.7497158130646,0.00576922437176108
"species_2_bathy_extrap",87.315311217022,0.00569277629256248
"species_2_bathy_extrap",87.8809066209793,0.00561733497306705
"species_2_bathy_extrap",88.4465020249367,0.00554288784042001
"species_2_bathy_extrap",89.0120974288941,0.00546942185610533
"species_2_bathy_extrap",89.5776928328514,0.00539692537859082
"species_2_bathy_extrap",90.1432882368088,0.0053253835067153
"species_2_bathy_extrap",90.7088836407662,0.00525478506460786
"species_2_bathy_extrap",91.2744790447235,0.00518511747941375
"species_2_bathy_extrap",91.8400744486809,0.00511637004092336
"species_2_bathy_extrap",92.4056698526382,0.00504852831363678
"species_2_bathy_extrap",92.9712652565956,0.0049815820530057
"species_2_bathy_extrap",93.536860660553,0.00491551961749792
"species_2_bathy_extrap",94.1024560645104,0.0048503284342587
"species_2_bathy_extrap",94.6680514684677,0.00478599732741714
"species_2_bathy_extrap",95.2336468724251,0.00472251558676362
"species_2_bathy_extrap",95.7992422763824,0.00465987296774983
"species_2_bathy_extrap",96.3648376803398,0.00459805643185973
"species_2_bathy_extrap",96.9304330842972,0.00453705620020628
"species_2_bathy_extrap",97.4960284882546,0.00447686202824116
"species_2_bathy_extrap",98.0616238922119,0.00441746274009347
"species_2_bathy_extrap",98.6272192961693,0.00435884762555361
"species_2_bathy_extrap",99.1928147001267,0.00430100737139583
"species_2_bathy_extrap",99.758410104084,0.0042439317330718
"species_2_bathy_extrap",100.324005508041,0.00418760953471065
"species_2_bathy_extrap",100.889600911999,0.00413203192874789
"species_2_bathy_extrap",101.455196315956,0.0040771896019578
"species_2_bathy_extrap",102.020791719913,0.00402307184413075
"species_2_bathy_extrap",102.586387123871,0.00396966887637973
"species_2_bathy_extrap",103.151982527828,0.00391697231680155
"species_2_bathy_extrap",103.717577931786,0.0038649735506624
"species_2_bathy_extrap",104.283173335743,0.00381366140209138
"species_2_bathy_extrap",104.8487687397,0.00376302818767726
"species_2_bathy_extrap",105.414364143658,0.00371306436136365
"species_2_bathy_extrap",105.979959547615,0.00366376247256994
"species_2_bathy_extrap",106.545554951572,0.00361511204391718
"species_2_bathy_extrap",107.11115035553,0.00356710515916348
"species_2_bathy_extrap",107.676745759487,0.00351973436772823
"species_2_bathy_extrap",108.242341163445,0.00347298989072442
"species_2_bathy_extrap",108.807936567402,0.0034268640447408
"species_2_bathy_extrap",109.373531971359,0.00338134868070483
"species_2_bathy_extrap",109.939127375317,0.00333643634803593
"species_2_bathy_extrap",110.504722779274,0.00329211796633899
"species_2_bathy_extrap",111.070318183231,0.0032483865506947
"species_2_bathy_extrap",111.635913587189,0.00320523465052247
"species_2_bathy_extrap",112.201508991146,0.00316265365108848
"species_2_bathy_extrap",112.767104395103,0.00312063633464277
"species_2_bathy_extrap",113.332699799061,0.00307917571626604
"species_2_bathy_extrap",113.898295203018,0.00303826481103897
"species_2_bathy_extrap",114.463890606976,0.0029978952370584
"species_2_bathy_extrap",115.029486010933,0.0029580604750663
"species_2_bathy_extrap",115.59508141489,0.00291875354014337
"species_2_bathy_extrap",116.160676818848,0.00287996791303158
"species_2_bathy_extrap",116.726272222805,0.00284169567748904
"species_2_bathy_extrap",117.291867626762,0.00280393054708838
"species_2_bathy_extrap",117.85746303072,0.00276666646823287
"species_2_bathy_extrap",118.423058434677,0.00272989575751126
"species_2_bathy_extrap",118.988653838634,0.00269361236132681
"species_2_bathy_extrap",119.554249242592,0.0026578102260828
"species_2_bathy_extrap",120.119844646549,0.0026224828325212
"species_2_bathy_extrap",120.685440050507,0.00258762342855334
"species_2_bathy_extrap",121.251035454464,0.00255322619341314
"species_2_bathy_extrap",121.816630858421,0.00251928553916514
"species_2_bathy_extrap",122.382226262379,0.00248579448089004
"species_2_bathy_extrap",122.947821666336,0.00245274766348302
"species_2_bathy_extrap",123.513417070293,0.00242013903334737
"species_2_bathy_extrap",124.079012474251,0.00238796323537827
"species_2_bathy_extrap",124.644607878208,0.00235621398314834
"species_2_bathy_extrap",125.210203282166,0.00232488568872213
"species_2_bathy_extrap",125.775798686123,0.00229397346265614
"species_2_bathy_extrap",126.34139409008,0.00226347078569233
"species_2_bathy_extrap",126.906989494038,0.00223337300121784
"species_2_bathy_extrap",127.472584897995,0.00220367428846657
"species_2_bathy_extrap",128.038180301952,0.0021743702236563
"species_2_bathy_extrap",128.60377570591,0.00214545452035964
"species_2_bathy_extrap",129.169371109867,0.00211692275479436
"species_2_bathy_extrap",129.734966513824,0.00208876933902502
"species_2_bathy_extrap",130.300561917782,0.00206098984926939
"species_2_bathy_extrap",130.866157321739,0.00203357962891459
"species_2_bathy_extrap",131.431752725697,0.00200653239153326
"species_2_bathy_extrap",131.997348129654,0.00197984441183507
"species_2_bathy_extrap",132.562943533611,0.00195351056754589
"species_2_bathy_extrap",133.128538937569,0.00192752620205283
"species_2_bathy_extrap",133.694134341526,0.00190188700798899
"species_2_bathy_extrap",134.259729745483,0.00187658809591085
"species_2_bathy_extrap",134.825325149441,0.0018516251584515
"species_2_bathy_extrap",135.390920553398,0.00182699423749
"species_2_bathy_extrap",135.956515957356,0.00180268986150622
"species_2_bathy_extrap",136.522111361313,0.00177870807237923
"species_2_bathy_extrap",137.08770676527,0.00175504491198808
"species_2_bathy_extrap",137.653302169228,0.00173169595655054
"species_2_bathy_extrap",138.218897573185,0.00170865701511502
"species_2_bathy_extrap",138.784492977142,0.00168592412956059
"species_2_bathy_extrap",139.3500883811,0.00166349380742759
"species_2_bathy_extrap",139.915683785057,0.00164136081002653
"species_2_bathy_extrap",140.481279189014,0.0016195218777284
"species_2_bathy_extrap",141.046874592972,0.00159797305241227
"species_2_bathy_extrap",141.612469996929,0.00157671037595719
"species_2_bathy_extrap",142.178065400887,0.00155573023948818
"species_2_bathy_extrap",142.743660804844,0.00153502891771495
"species_2_bathy_extrap",143.309256208801,0.00151460315100849
"species_2_bathy_extrap",143.874851612759,0.00149444816634059
"species_2_bathy_extrap",144.440447016716,0.00147456105332822
"species_2_bathy_extrap",145.006042420673,0.00145493820309639
"species_2_bathy_extrap",145.571637824631,0.00143557600677013
"species_2_bathy_extrap",146.137233228588,0.00141647120472044
"species_2_bathy_extrap",146.702828632545,0.00139762030448765
"species_2_bathy_extrap",147.268424036503,0.00137902039568871
"species_2_bathy_extrap",147.83401944046,0.00136066717095673
"species_2_bathy_extrap",148.399614844418,0.0013425579527393
"species_2_bathy_extrap",148.965210248375,0.00132468936499208
"species_2_bathy_extrap",149.530805652332,0.00130705838091671
"species_2_bathy_extrap",150.09640105629,0.00128966162446886
"species_2_bathy_extrap",150.661996460247,0.00127249618526548
"species_2_bathy_extrap",151.227591864204,0.00125555938575417
"species_2_bathy_extrap",151.793187268162,0.00123884726781398
"species_2_bathy_extrap",152.358782672119,0.00122235738672316
"species_2_bathy_extrap",152.924378076077,0.00120608671568334
"species_2_bathy_extrap",153.489973480034,0.00119003222789615
"species_2_bathy_extrap",154.055568883991,0.00117419136222452
"species_2_bathy_extrap",154.621164287949,0.00115856097545475
"species_2_bathy_extrap",155.186759691906,0.00114313897211105
"species_2_bathy_extrap",155.752355095863,0.00112792151048779
"species_2_bathy_extrap",156.317950499821,0.0011129064951092
"species_2_bathy_extrap",156.883545903778,0.00109809101559222
"species_2_bathy_extrap",157.449141307735,0.00108347262721509
"species_2_bathy_extrap",158.014736711693,0.00106904865242541
"species_2_bathy_extrap",158.58033211565,0.0010548165300861
"species_2_bathy_extrap",159.145927519608,0.00104077358264476
"species_2_bathy_extrap",159.711522923565,0.00102691783104092
"species_2_bathy_extrap",160.277118327522,0.00101324589923024
"species_2_bathy_extrap",160.84271373148,0.00099975592456758
"species_2_bathy_extrap",161.408309135437,0.000986445345915854
"species_2_bathy_extrap",161.973904539394,0.000973311776760966
"species_2_bathy_extrap",162.539499943352,0.000960352888796478
"species_2_bathy_extrap",163.105095347309,0.000947566411923617
"species_2_bathy_extrap",163.670690751266,0.00093495036708191
"species_2_bathy_extrap",164.236286155224,0.000922501785680652
"species_2_bathy_extrap",164.801881559181,0.000910218746867031
"species_2_bathy_extrap",165.367476963139,0.000898099213372916
"species_2_bathy_extrap",165.933072367096,0.00088614079868421
"species_2_bathy_extrap",166.498667771053,0.000874341581948102
"species_2_bathy_extrap",167.064263175011,0.000862699293065816
"species_2_bathy_extrap",167.629858578968,0.000851212185807526
"species_2_bathy_extrap",168.195453982925,0.000839877582620829
"species_2_bathy_extrap",168.761049386883,0.00082869385369122
"species_2_bathy_extrap",169.32664479084,0.000817658845335245
"species_2_bathy_extrap",169.892240194798,0.000806770694907755
"species_2_bathy_extrap",170.457835598755,0.000796027423348278
"species_2_bathy_extrap",171.023431002712,0.000785427109804004
"species_2_bathy_extrap",171.58902640667,0.000774968124460429
"species_2_bathy_extrap",172.154621810627,0.000764648022595793
"species_2_bathy_extrap",172.720217214584,0.000754465290810913
"species_2_bathy_extrap",173.285812618542,0.000744418008252978
"species_2_bathy_extrap",173.851408022499,0.000734504428692162
"species_2_bathy_extrap",174.417003426456,0.000724722805898637
"species_2_bathy_extrap",174.982598830414,0.000715071335434914
"species_2_bathy_extrap",175.548194234371,0.00070554856210947
"species_2_bathy_extrap",176.113789638329,0.000696152215823531
"species_2_bathy_extrap",176.679385042286,0.000686881016008556
"species_2_bathy_extrap",177.244980446243,0.000677733158227056
"species_2_bathy_extrap",177.810575850201,0.000668707012664527
"species_2_bathy_extrap",178.376171254158,0.000659801065921783
"species_2_bathy_extrap",178.941766658115,0.00065101362997666
"species_2_bathy_extrap",179.507362062073,0.000642343366052955
"species_2_bathy_extrap",180.07295746603,0.000633788295090199
"species_2_bathy_extrap",180.638552869987,0.000625347078312188
"species_2_bathy_extrap",181.204148273945,0.000617018202319741
"species_2_bathy_extrap",181.769743677902,0.000608800211921334
"species_2_bathy_extrap",182.33533908186,0.000600691651925445
"species_2_bathy_extrap",182.900934485817,0.000592690950725228
"species_2_bathy_extrap",183.466529889774,0.000584796769544482
"species_2_bathy_extrap",184.032125293732,0.000577007886022329
"species_2_bathy_extrap",184.597720697689,0.000569322495721281
"species_2_bathy_extrap",185.163316101646,0.000561739434488118
"species_2_bathy_extrap",185.728911505604,0.000554257247131318
"species_2_bathy_extrap",186.294506909561,0.000546874711290002
"species_2_bathy_extrap",186.860102313518,0.000539590429980308
"species_2_bathy_extrap",187.425697717476,0.000532403180841357
"species_2_bathy_extrap",187.991293121433,0.000525311741512269
"species_2_bathy_extrap",188.556888525391,0.0005183145403862
"species_2_bathy_extrap",189.122483929348,0.000511410529725254
"species_2_bathy_extrap",189.688079333305,0.000504598370753229
"species_2_bathy_extrap",190.253674737263,0.000497876957524568
"species_2_bathy_extrap",190.81927014122,0.000491245009470731
"species_2_bathy_extrap",191.384865545177,0.0004847013624385
"species_2_bathy_extrap",191.950460949135,0.000478244997793809
"species_2_bathy_extrap",192.516056353092,0.000471874460345134
"species_2_bathy_extrap",193.08165175705,0.00046558870235458
"species_2_bathy_extrap",193.647247161007,0.00045938664698042
"species_2_bathy_extrap",194.212842564964,0.000453267188277096
"species_2_bathy_extrap",194.778437968922,0.00044722919119522
"species_2_bathy_extrap",195.344033372879,0.000441271607996896
"species_2_bathy_extrap",195.909628776836,0.000435393507359549
"species_2_bathy_extrap",196.475224180794,0.000429593521403149
"species_2_bathy_extrap",197.040819584751,0.00042387074790895
"species_2_bathy_extrap",197.606414988709,0.000418224197346717
"species_2_bathy_extrap",198.172010392666,0.000412652821978554
"species_2_bathy_extrap",198.737605796623,0.000407155632274225
"species_2_bathy_extrap",199.303201200581,0.000401731638703495
"species_2_bathy_extrap",199.868796604538,0.000396380026359111
"species_2_bathy_extrap",200.434392008495,0.000391099543776363
"species_2_bathy_extrap",200.999987412453,0.000385889376047999
"species_2_bathy_extrap",201.56558281641,0.000380748591851443
"species_2_bathy_extrap",202.131178220367,0.000375676259864122
"species_2_bathy_extrap",202.696773624325,0.00037067147786729
"species_2_bathy_extrap",203.262369028282,0.000365733343642205
"species_2_bathy_extrap",203.82796443224,0.000360861129593104
"species_2_bathy_extrap",204.393559836197,0.000356053642462939
"species_2_bathy_extrap",204.959155240154,0.000351310183759779
"species_2_bathy_extrap",205.524750644112,0.00034662988036871
"species_2_bathy_extrap",206.090346048069,0.000342011946486309
"species_2_bathy_extrap",206.655941452026,0.000337455479893833
"species_2_bathy_extrap",207.221536855984,0.00033295972389169
"species_2_bathy_extrap",207.787132259941,0.000328523950884119
"species_2_bathy_extrap",208.352727663898,0.000324147113133222
"species_2_bathy_extrap",208.918323067856,0.00031982859945856
"species_2_bathy_extrap",209.483918471813,0.000315567594952881
"species_2_bathy_extrap",210.049513875771,0.000311363313812762
"species_2_bathy_extrap",210.615109279728,0.000307215057546273
"species_2_bathy_extrap",211.180704683685,0.00030312204034999
"species_2_bathy_extrap",211.746300087643,0.000299083563731983
"species_2_bathy_extrap",212.3118954916,0.000295098958304152
"species_2_bathy_extrap",212.877490895557,0.000291167321847752
"species_2_bathy_extrap",213.443086299515,0.000287288043182343
"species_2_bathy_extrap",214.008681703472,0.000283460452919826
"species_2_bathy_extrap",214.57427710743,0.000279683823464438
"species_2_bathy_extrap",215.139872511387,0.00027595751453191
"species_2_bathy_extrap",215.705467915344,0.000272280827630311
"species_2_bathy_extrap",216.271063319302,0.000268653209786862
"species_2_bathy_extrap",216.836658723259,0.00026507381699048
"species_2_bathy_extrap",217.402254127216,0.000261542096268386
"species_2_bathy_extrap",217.967849531174,0.00025805743644014
"species_2_bathy_extrap",218.533444935131,0.000254619168117642
"species_2_bathy_extrap",219.099040339088,0.000251226738328114
"species_2_bathy_extrap",219.664635743046,0.000247879448579624
"species_2_bathy_extrap",220.230231147003,0.000244576862314716
"species_2_bathy_extrap",220.795826550961,0.000241318179178052
"species_2_bathy_extrap",221.361421954918,0.000238102904404514
"species_2_bathy_extrap",221.927017358875,0.000234930441365577
"species_2_bathy_extrap",222.492612762833,0.000231800251640379
"species_2_bathy_extrap",223.05820816679,0.000228711767704226
"species_2_bathy_extrap",223.623803570747,0.000225664407480508
"species_2_bathy_extrap",224.189398974705,0.000222657734411769
"species_2_bathy_extrap",224.754994378662,0.000219691020902246
"species_2_bathy_extrap",225.32058978262,0.000216763844946399
"species_2_bathy_extrap",225.886185186577,0.000213875639019534
"species_2_bathy_extrap",226.451780590534,0.000211025922908448
"species_2_bathy_extrap",227.017375994492,0.000208214172744192
"species_2_bathy_extrap",227.582971398449,0.000205439879209734
"species_2_bathy_extrap",228.148566802406,0.000202702605747618
"species_2_bathy_extrap",228.714162206364,0.000200001726625487
"species_2_bathy_extrap",229.279757610321,0.000197336834389716
"species_2_bathy_extrap",229.845353014278,0.000194707434275188
"species_2_bathy_extrap",230.410948418236,0.000192113075172529
"species_2_bathy_extrap",230.976543822193,0.000189553262316622
"species_2_bathy_extrap",231.54213922615,0.00018702755915001
"species_2_bathy_extrap",232.107734630108,0.000184535572770983
"species_2_bathy_extrap",232.673330034065,0.000182076721102931
"species_2_bathy_extrap",233.238925438023,0.000179650625796057
"species_2_bathy_extrap",233.80452084198,0.000177256835740991
"species_2_bathy_extrap",234.370116245937,0.00017489495803602
"species_2_bathy_extrap",234.935711649895,0.000172564527019858
"species_2_bathy_extrap",235.501307053852,0.000170265149790794
"species_2_bathy_extrap",236.066902457809,0.0001679964188952
"species_2_bathy_extrap",236.632497861767,0.000165757955983281
"species_2_bathy_extrap",237.198093265724,0.00016501841309946
"species_2_bathy_extrap",237.763688669682,0.00016501841309946
"species_2_bathy_extrap",238.329284073639,0.00016501841309946
"species_2_bathy_extrap",238.894879477596,0.00016501841309946
"species_2_bathy_extrap",239.460474881554,0.00016501841309946
"species_2_bathy_extrap",240.026070285511,0.00016501841309946
"species_2_bathy_extrap",240.591665689468,0.00016501841309946
"species_2_bathy_extrap",241.157261093426,0.00016501841309946
"species_2_bathy_extrap",241.722856497383,0.00016501841309946
"species_2_bathy_extrap",242.28845190134,0.00016501841309946
"species_2_bathy_extrap",242.854047305298,0.00016501841309946
"species_2_bathy_extrap",243.419642709255,0.00016501841309946
"species_2_bathy_extrap",243.985238113213,0.00016501841309946
"species_2_bathy_extrap",244.55083351717,0.00016501841309946
"species_2_bathy_extrap",245.116428921127,0.00016501841309946
"species_2_bathy_extrap",245.682024325085,0.00016501841309946
"species_2_bathy_extrap",246.247619729042,0.00016501841309946
"species_2_bathy_extrap",246.813215132999,0.00016501841309946
"species_2_bathy_extrap",247.378810536957,0.00016501841309946
"species_2_bathy_extrap",247.944405940914,0.00016501841309946
"species_2_bathy_extrap",248.510001344872,0.00016501841309946
"species_2_bathy_extrap",249.075596748829,0.00016501841309946
"species_2_bathy_extrap",249.641192152786,0.00016501841309946
"species_2_bathy_extrap",250.206787556744,0.00016501841309946
"species_2_bathy_extrap",250.772382960701,0.00016501841309946
"species_2_bathy_extrap",251.337978364658,0.00016501841309946
"species_2_bathy_extrap",251.903573768616,0.00016501841309946
"species_2_bathy_extrap",252.469169172573,0.00016501841309946
"species_2_bathy_extrap",253.03476457653,0.00016501841309946
"species_2_bathy_extrap",253.600359980488,0.00016501841309946
"species_2_bathy_extrap",254.165955384445,0.00016501841309946
"species_2_bathy_extrap",254.731550788403,0.00016501841309946
"species_2_bathy_extrap",255.29714619236,0.00016501841309946
"species_2_bathy_extrap",255.862741596317,0.00016501841309946
"species_2_bathy_extrap",256.428337000275,0.00016501841309946
"species_2_bathy_extrap",256.993932404232,0.00016501841309946
"species_2_bathy_extrap",257.559527808189,0.00016501841309946
"species_2_bathy_extrap",258.125123212147,0.00016501841309946
"species_2_bathy_extrap",258.690718616104,0.00016501841309946
"species_2_bathy_extrap",259.256314020062,0.00016501841309946
"species_2_bathy_extrap",259.821909424019,0.00016501841309946
"species_2_bathy_extrap",260.387504827976,0.00016501841309946
"species_2_contemp_ice_extrap_only",-9.91452462375168,0.000128359839436598
"species_2_contemp_ice_extrap_only",-9.6649954394341,0.000128359839436598
"species_2_contemp_ice_extrap_only",-9.41546625511651,0.000128359839436598
"species_2_contemp_ice_extrap_only",-9.16593707079892,0.000128359839436598
"species_2_contemp_ice_extrap_only",-8.91640788648133,0.000128359839436598
"species_2_contemp_ice_extrap_only",-8.66687870216374,0.000128359839436598
"species_2_contemp_ice_extrap_only",-8.41734951784615,0.000128359839436598
"species_2_contemp_ice_extrap_only",-8.16782033352856,0.000128359839436598
"species_2_contemp_ice_extrap_only",-7.91829114921097,0.000128359839436598
"species_2_contemp_ice_extrap_only",-7.66876196489338,0.000128359839436598
"species_2_contemp_ice_extrap_only",-7.41923278057579,0.000128359839436598
"species_2_contemp_ice_extrap_only",-7.1697035962582,0.000128359839436598
"species_2_contemp_ice_extrap_only",-6.92017441194061,0.000128359839436598
"species_2_contemp_ice_extrap_only",-6.67064522762302,0.000128359839436598
"species_2_contemp_ice_extrap_only",-6.42111604330543,0.000128359839436598
"species_2_contemp_ice_extrap_only",-6.17158685898784,0.000128359839436598
"species_2_contemp_ice_extrap_only",-5.92205767467025,0.000128359839436598
"species_2_contemp_ice_extrap_only",-5.67252849035266,0.000128359839436598
"species_2_contemp_ice_extrap_only",-5.42299930603507,0.000128359839436598
"species_2_contemp_ice_extrap_only",-5.17347012171748,0.000128359839436598
"species_2_contemp_ice_extrap_only",-4.92394093739989,0.000128359839436598
"species_2_contemp_ice_extrap_only",-4.6744117530823,0.000128359839436598
"species_2_contemp_ice_extrap_only",-4.42488256876471,0.000128359839436598
"species_2_contemp_ice_extrap_only",-4.17535338444712,0.000128359839436598
"species_2_contemp_ice_extrap_only",-3.92582420012953,0.000128359839436598
"species_2_contemp_ice_extrap_only",-3.67629501581194,0.000128359839436598
"species_2_contemp_ice_extrap_only",-3.42676583149435,0.000128359839436598
"species_2_contemp_ice_extrap_only",-3.17723664717676,0.000128359839436598
"species_2_contemp_ice_extrap_only",-2.92770746285917,0.000128359839436598
"species_2_contemp_ice_extrap_only",-2.67817827854158,0.000128359839436598
"species_2_contemp_ice_extrap_only",-2.42864909422399,0.000128359839436598
"species_2_contemp_ice_extrap_only",-2.1791199099064,0.000128359839436598
"species_2_contemp_ice_extrap_only",-1.92959072558881,0.000128359839436598
"species_2_contemp_ice_extrap_only",-1.68006154127122,0.000128359839436598
"species_2_contemp_ice_extrap_only",-1.43053235695363,0.000128359839436598
"species_2_contemp_ice_extrap_only",-1.18100317263604,0.000128359839436598
"species_2_contemp_ice_extrap_only",-0.93147398831845,0.000128359839436598
"species_2_contemp_ice_extrap_only",-0.68194480400086,0.000128359839436598
"species_2_contemp_ice_extrap_only",-0.432415619683269,0.000128359839436598
"species_2_contemp_ice_extrap_only",-0.182886435365679,0.000128359839436598
"species_2_contemp_ice_extrap_only",0.0666427489519101,0.000128359839436598
"species_2_contemp_ice_extrap_only",0.3161719332695,0.000128359839436598
"species_2_contemp_ice_extrap_only",0.565701117587089,0.000130464643007144
"species_2_contemp_ice_extrap_only",0.81523030190468,0.000136992690386251
"species_2_contemp_ice_extrap_only",1.06475948622227,0.000143854136695154
"species_2_contemp_ice_extrap_only",1.31428867053986,0.000151066342368722
"species_2_contemp_ice_extrap_only",1.56381785485745,0.000158647599164397
"species_2_contemp_ice_extrap_only",1.81334703917504,0.00016661714471411
"species_2_contemp_ice_extrap_only",2.06287622349263,0.000174995249835774
"species_2_contemp_ice_extrap_only",2.31240540781022,0.000183803247637115
"species_2_contemp_ice_extrap_only",2.56193459212781,0.000193063649930991
"species_2_contemp_ice_extrap_only",2.8114637764454,0.000202800089027733
"species_2_contemp_ice_extrap_only",3.06099296076299,0.000213037536013871
"species_2_contemp_ice_extrap_only",3.31052214508058,0.000223802257096395
"species_2_contemp_ice_extrap_only",3.56005132939817,0.000235121915466152
"species_2_contemp_ice_extrap_only",3.80958051371576,0.000247025658609346
"species_2_contemp_ice_extrap_only",4.05910969803335,0.000259544205619022
"species_2_contemp_ice_extrap_only",4.30863888235094,0.000272709876298904
"species_2_contemp_ice_extrap_only",4.55816806666853,0.000286556751234457
"species_2_contemp_ice_extrap_only",4.80769725098612,0.000301120744552463
"species_2_contemp_ice_extrap_only",5.05722643530371,0.000316439720336348
"species_2_contemp_ice_extrap_only",5.3067556196213,0.000332553434418514
"species_2_contemp_ice_extrap_only",5.55628480393889,0.000349504000041634
"species_2_contemp_ice_extrap_only",5.80581398825648,0.000367335567716509
"species_2_contemp_ice_extrap_only",6.05534317257407,0.000386094878194854
"species_2_contemp_ice_extrap_only",6.30487235689166,0.000405831000534818
"species_2_contemp_ice_extrap_only",6.55440154120925,0.000426595681346953
"species_2_contemp_ice_extrap_only",6.80393072552684,0.000448443606728688
"species_2_contemp_ice_extrap_only",7.05345990984443,0.000471432256745174
"species_2_contemp_ice_extrap_only",7.30298909416202,0.000495622167363763
"species_2_contemp_ice_extrap_only",7.55251827847961,0.000521077425219119
"species_2_contemp_ice_extrap_only",7.80204746279719,0.000547865172848105
"species_2_contemp_ice_extrap_only",8.05157664711479,0.00057605654001236
"species_2_contemp_ice_extrap_only",8.30110583143238,0.000605726265348494
"species_2_contemp_ice_extrap_only",8.55063501574996,0.00063695345306769
"species_2_contemp_ice_extrap_only",8.80016420006756,0.000669820932671428
"species_2_contemp_ice_extrap_only",9.04969338438515,0.000704416597727686
"species_2_contemp_ice_extrap_only",9.29922256870274,0.000740832940209657
"species_2_contemp_ice_extrap_only",9.54875175302033,0.000779167108703405
"species_2_contemp_ice_extrap_only",9.79828093733791,0.000819522072561085
"species_2_contemp_ice_extrap_only",10.0478101216555,0.00086200621444732
"species_2_contemp_ice_extrap_only",10.2973393059731,0.000906733446754515
"species_2_contemp_ice_extrap_only",10.5468684902907,0.000953824375756085
"species_2_contemp_ice_extrap_only",10.7963976746083,0.00100340601056814
"species_2_contemp_ice_extrap_only",11.0459268589259,0.00105561222881079
"species_2_contemp_ice_extrap_only",11.2954560432435,0.00111058412585407
"species_2_contemp_ice_extrap_only",11.544985227561,0.00116847059689462
"species_2_contemp_ice_extrap_only",11.7945144118786,0.00122942891903222
"species_2_contemp_ice_extrap_only",12.0440435961962,0.00129362416919321
"species_2_contemp_ice_extrap_only",12.2935727805138,0.00136123120319098
"species_2_contemp_ice_extrap_only",12.5431019648314,0.00143243442289531
"species_2_contemp_ice_extrap_only",12.792631149149,0.00150742754340172
"species_2_contemp_ice_extrap_only",13.0421603334666,0.00158641557209194
"species_2_contemp_ice_extrap_only",13.2916895177842,0.0016696146922186
"species_2_contemp_ice_extrap_only",13.5412187021018,0.00175725226290524
"species_2_contemp_ice_extrap_only",13.7907478864194,0.00184956891462207
"species_2_contemp_ice_extrap_only",14.0402770707369,0.0019468180835247
"species_2_contemp_ice_extrap_only",14.2898062550545,0.00204926659353077
"species_2_contemp_ice_extrap_only",14.5393354393721,0.00215719663538039
"species_2_contemp_ice_extrap_only",14.7888646236897,0.00227090576663613
"species_2_contemp_ice_extrap_only",15.0383938080073,0.00239070667885244
"species_2_contemp_ice_extrap_only",15.2879229923249,0.00251693069003522
"species_2_contemp_ice_extrap_only",15.5374521766425,0.00264992634765804
"species_2_contemp_ice_extrap_only",15.7869813609601,0.00279006245546043
"species_2_contemp_ice_extrap_only",16.0365105452777,0.00293772527948022
"species_2_contemp_ice_extrap_only",16.2860397295953,0.00309332506731153
"species_2_contemp_ice_extrap_only",16.5355689139128,0.00325729325413704
"species_2_contemp_ice_extrap_only",16.7850980982304,0.00343008595518768
"species_2_contemp_ice_extrap_only",17.034627282548,0.00361218070611358
"species_2_contemp_ice_extrap_only",17.2841564668656,0.0038040850777179
"species_2_contemp_ice_extrap_only",17.5336856511832,0.0040063327178359
"species_2_contemp_ice_extrap_only",17.7832148355008,0.0042194863781333
"species_2_contemp_ice_extrap_only",18.0327440198184,0.00444413954392076
"species_2_contemp_ice_extrap_only",18.282273204136,0.00468091759830713
"species_2_contemp_ice_extrap_only",18.5318023884536,0.00493048317730427
"species_2_contemp_ice_extrap_only",18.7813315727712,0.00519352732226253
"species_2_contemp_ice_extrap_only",19.0308607570887,0.00543531263247132
"species_2_contemp_ice_extrap_only",19.2803899414063,0.00552965607494116
"species_2_contemp_ice_extrap_only",19.5299191257239,0.00560619868338108
"species_2_contemp_ice_extrap_only",19.7794483100415,0.00567450514063239
"species_2_contemp_ice_extrap_only",20.0289774943591,0.00574390962719917
"species_2_contemp_ice_extrap_only",20.2785066786767,0.00581443170085549
"species_2_contemp_ice_extrap_only",20.5280358629943,0.00588609091937542
"species_2_contemp_ice_extrap_only",20.7775650473119,0.00595890870317817
"species_2_contemp_ice_extrap_only",21.0270942316295,0.00603290600702167
"species_2_contemp_ice_extrap_only",21.276623415947,0.00610810378566384
"species_2_contemp_ice_extrap_only",21.5261526002646,0.0061845239251852
"species_2_contemp_ice_extrap_only",21.7756817845822,0.00626218970865011
"species_2_contemp_ice_extrap_only",22.0252109688998,0.00634112162515521
"species_2_contemp_ice_extrap_only",22.2747401532174,0.00642134482041001
"species_2_contemp_ice_extrap_only",22.524269337535,0.00650288164615631
"species_2_contemp_ice_extrap_only",22.7737985218526,0.00658575678244233
"species_2_contemp_ice_extrap_only",23.0233277061702,0.0066699949093163
"species_2_contemp_ice_extrap_only",23.2728568904878,0.00675562117248774
"species_2_contemp_ice_extrap_only",23.5223860748054,0.00684266025200486
"species_2_contemp_ice_extrap_only",23.771915259123,0.00693113915622234
"species_2_contemp_ice_extrap_only",24.0214444434405,0.00702108349651098
"species_2_contemp_ice_extrap_only",24.2709736277581,0.0071125216782093
"species_2_contemp_ice_extrap_only",24.5205028120757,0.00720548024401069
"species_2_contemp_ice_extrap_only",24.7700319963933,0.00729998853057623
"species_2_contemp_ice_extrap_only",25.0195611807109,0.00739607447758317
"species_2_contemp_ice_extrap_only",25.2690903650285,0.00749376742169261
"species_2_contemp_ice_extrap_only",25.5186195493461,0.00759309763088822
"species_2_contemp_ice_extrap_only",25.7681487336637,0.00769409583881497
"species_2_contemp_ice_extrap_only",26.0176779179813,0.00779679277911782
"species_2_contemp_ice_extrap_only",26.2672071022988,0.00790122151374817
"species_2_contemp_ice_extrap_only",26.5167362866164,0.00800741370767355
"species_2_contemp_ice_extrap_only",26.766265470934,0.00811540149152279
"species_2_contemp_ice_extrap_only",27.0157946552516,0.00822522025555372
"species_2_contemp_ice_extrap_only",27.2653238395692,0.00833690445870161
"species_2_contemp_ice_extrap_only",27.5148530238868,0.00845048855990171
"species_2_contemp_ice_extrap_only",27.7643822082044,0.00856600794941187
"species_2_contemp_ice_extrap_only",28.013911392522,0.00868350174278021
"species_2_contemp_ice_extrap_only",28.2634405768396,0.00880300533026457
"species_2_contemp_ice_extrap_only",28.5129697611572,0.00892455782741308
"species_2_contemp_ice_extrap_only",28.7624989454747,0.00904819648712874
"species_2_contemp_ice_extrap_only",29.0120281297923,0.00917396415024996
"species_2_contemp_ice_extrap_only",29.2615573141099,0.00930189900100231
"species_2_contemp_ice_extrap_only",29.5110864984275,0.00943204388022423
"species_2_contemp_ice_extrap_only",29.7606156827451,0.00956443976610899
"species_2_contemp_ice_extrap_only",30.0101448670627,0.0096991304308176
"species_2_contemp_ice_extrap_only",30.2596740513803,0.00983616057783365
"species_2_contemp_ice_extrap_only",30.5092032356979,0.00997557491064072
"species_2_contemp_ice_extrap_only",30.7587324200155,0.010117419064045
"species_2_contemp_ice_extrap_only",31.008261604333,0.0102617396041751
"species_2_contemp_ice_extrap_only",31.2577907886506,0.0104085868224502
"species_2_contemp_ice_extrap_only",31.5073199729682,0.0105580054223537
"species_2_contemp_ice_extrap_only",31.7568491572858,0.01071004755795
"species_2_contemp_ice_extrap_only",32.0063783416034,0.0108647644519806
"species_2_contemp_ice_extrap_only",32.255907525921,0.0110222082585096
"species_2_contemp_ice_extrap_only",32.5054367102386,0.0111824292689562
"species_2_contemp_ice_extrap_only",32.7549658945562,0.0113454861566424
"species_2_contemp_ice_extrap_only",33.0044950788738,0.0115114292129874
"species_2_contemp_ice_extrap_only",33.2540242631914,0.0116803189739585
"species_2_contemp_ice_extrap_only",33.503553447509,0.0118522122502327
"species_2_contemp_ice_extrap_only",33.7530826318265,0.0120271639898419
"species_2_contemp_ice_extrap_only",34.0026118161441,0.0122052393853664
"species_2_contemp_ice_extrap_only",34.2521410004617,0.0123864952474833
"species_2_contemp_ice_extrap_only",34.5016701847793,0.0125709995627403
"species_2_contemp_ice_extrap_only",34.7511993690969,0.0127588091418147
"species_2_contemp_ice_extrap_only",35.0007285534145,0.0129499966278672
"species_2_contemp_ice_extrap_only",35.2502577377321,0.0131446244195104
"species_2_contemp_ice_extrap_only",35.4997869220497,0.0133427577093244
"species_2_contemp_ice_extrap_only",35.7493161063673,0.0135444728657603
"species_2_contemp_ice_extrap_only",35.9988452906849,0.0137498332187533
"species_2_contemp_ice_extrap_only",36.2483744750024,0.0139589188620448
"species_2_contemp_ice_extrap_only",36.49790365932,0.0141717959195375
"species_2_contemp_ice_extrap_only",36.7474328436376,0.0143885472789407
"species_2_contemp_ice_extrap_only",36.9969620279552,0.014609245583415
"species_2_contemp_ice_extrap_only",37.2464912122728,0.0148339662700891
"species_2_contemp_ice_extrap_only",37.4960203965904,0.0150627978146076
"species_2_contemp_ice_extrap_only",37.745549580908,0.0152958128601313
"species_2_contemp_ice_extrap_only",37.9950787652256,0.015533103607595
"species_2_contemp_ice_extrap_only",38.2446079495432,0.0157747510820627
"species_2_contemp_ice_extrap_only",38.4941371338607,0.0160208400338888
"species_2_contemp_ice_extrap_only",38.7436663181783,0.0162714663892984
"species_2_contemp_ice_extrap_only",38.9931955024959,0.0165267139673233
"species_2_contemp_ice_extrap_only",39.2427246868135,0.0167866814881563
"species_2_contemp_ice_extrap_only",39.4922538711311,0.0170514564961195
"species_2_contemp_ice_extrap_only",39.7417830554487,0.0173211451619864
"species_2_contemp_ice_extrap_only",39.9913122397663,0.0175958406180143
"species_2_contemp_ice_extrap_only",40.2408414240839,0.0178756397217512
"species_2_contemp_ice_extrap_only",40.4903706084015,0.0181606542319059
"species_2_contemp_ice_extrap_only",40.7398997927191,0.0184509810060263
"species_2_contemp_ice_extrap_only",40.9894289770367,0.0187467373907566
"species_2_contemp_ice_extrap_only",41.2389581613542,0.0190480202436447
"species_2_contemp_ice_extrap_only",41.4884873456718,0.0193549543619156
"species_2_contemp_ice_extrap_only",41.7380165299894,0.0196676477789879
"species_2_contemp_ice_extrap_only",41.987545714307,0.0199862122535706
"species_2_contemp_ice_extrap_only",42.2370748986246,0.0203107763081789
"species_2_contemp_ice_extrap_only",42.4866040829422,0.0206414517015219
"species_2_contemp_ice_extrap_only",42.7361332672598,0.0209783744066954
"species_2_contemp_ice_extrap_only",42.9856624515774,0.0213216580450535
"species_2_contemp_ice_extrap_only",43.235191635895,0.0216714460402727
"species_2_contemp_ice_extrap_only",43.4847208202125,0.0220278613269329
"species_2_contemp_ice_extrap_only",43.7342500045301,0.0223910342901945
"species_2_contemp_ice_extrap_only",43.9837791888477,0.0227611158043146
"species_2_contemp_ice_extrap_only",44.2333083731653,0.0231382325291634
"species_2_contemp_ice_extrap_only",44.4828375574829,0.0235225409269333
"species_2_contemp_ice_extrap_only",44.7323667418005,0.0239141825586557
"species_2_contemp_ice_extrap_only",44.9818959261181,0.0243132971227169
"species_2_contemp_ice_extrap_only",45.2314251104357,0.0247200522571802
"species_2_contemp_ice_extrap_only",45.4809542947533,0.0251345913857222
"species_2_contemp_ice_extrap_only",45.7304834790709,0.0255570858716965
"species_2_contemp_ice_extrap_only",45.9800126633885,0.0259876828640699
"species_2_contemp_ice_extrap_only",46.229541847706,0.0264265649020672
"species_2_contemp_ice_extrap_only",46.4790710320236,0.0268738903105259
"species_2_contemp_ice_extrap_only",46.7286002163412,0.0273298285901546
"species_2_contemp_ice_extrap_only",46.9781294006588,0.0277945660054684
"species_2_contemp_ice_extrap_only",47.2276585849764,0.0282682701945305
"species_2_contemp_ice_extrap_only",47.477187769294,0.0287511385977268
"species_2_contemp_ice_extrap_only",47.7267169536116,0.0292433444410563
"species_2_contemp_ice_extrap_only",47.9762461379292,0.02974509075284
"species_2_contemp_ice_extrap_only",48.2257753222468,0.0302565675228834
"species_2_contemp_ice_extrap_only",48.4753045065643,0.0307779647409916
"species_2_contemp_ice_extrap_only",48.7248336908819,0.031309500336647
"species_2_contemp_ice_extrap_only",48.9743628751995,0.0318513661623001
"species_2_contemp_ice_extrap_only",49.2238920595171,0.032403789460659
"species_2_contemp_ice_extrap_only",49.4734212438347,0.0329669751226902
"species_2_contemp_ice_extrap_only",49.7229504281523,0.0335411392152309
"species_2_contemp_ice_extrap_only",49.9724796124699,0.03412651643157
"species_2_contemp_ice_extrap_only",50.2220087967875,0.0347233191132545
"species_2_contemp_ice_extrap_only",50.4715379811051,0.035331804305315
"species_2_contemp_ice_extrap_only",50.7210671654227,0.0359521843492985
"species_2_contemp_ice_extrap_only",50.9705963497402,0.0365847237408161
"species_2_contemp_ice_extrap_only",51.2201255340578,0.0372296571731567
"species_2_contemp_ice_extrap_only",51.4696547183754,0.03788723051548
"species_2_contemp_ice_extrap_only",51.719183902693,0.0385577157139778
"species_2_contemp_ice_extrap_only",51.9687130870106,0.0392413586378098
"species_2_contemp_ice_extrap_only",52.2182422713282,0.0399384461343288
"species_2_contemp_ice_extrap_only",52.4677714556458,0.0406492277979851
"species_2_contemp_ice_extrap_only",52.7173006399634,0.0413740016520023
"species_2_contemp_ice_extrap_only",52.966829824281,0.0421130433678627
"species_2_contemp_ice_extrap_only",53.2163590085986,0.042866624891758
"species_2_contemp_ice_extrap_only",53.4658881929161,0.0436350628733635
"species_2_contemp_ice_extrap_only",53.7154173772337,0.0444186367094517
"species_2_contemp_ice_extrap_only",53.9649465615513,0.0452176705002785
"species_2_contemp_ice_extrap_only",54.2144757458689,0.0460324659943581
"species_2_contemp_ice_extrap_only",54.4640049301865,0.0468633249402046
"species_2_contemp_ice_extrap_only",54.7135341145041,0.0477105937898159
"species_2_contemp_ice_extrap_only",54.9630632988217,0.0485745742917061
"species_2_contemp_ice_extrap_only",55.2125924831393,0.0494556277990341
"species_2_contemp_ice_extrap_only",55.4621216674569,0.0503540672361851
"species_2_contemp_ice_extrap_only",55.7116508517745,0.0512702651321888
"species_2_contemp_ice_extrap_only",55.961180036092,0.0522045567631721
"species_2_contemp_ice_extrap_only",56.2107092204096,0.0531572885811329
"species_2_contemp_ice_extrap_only",56.4602384047272,0.0541288554668427
"species_2_contemp_ice_extrap_only",56.7097675890448,0.0551195964217186
"species_2_contemp_ice_extrap_only",56.9592967733624,0.0561299175024033
"species_2_contemp_ice_extrap_only",57.20882595768,0.0571601763367653
"species_2_contemp_ice_extrap_only",57.4583551419976,0.0582107864320278
"species_2_contemp_ice_extrap_only",57.7078843263152,0.0592821352183819
"species_2_contemp_ice_extrap_only",57.9574135106328,0.0603746064007282
"species_2_contemp_ice_extrap_only",58.2069426949503,0.0614886432886124
"species_2_contemp_ice_extrap_only",58.4564718792679,0.0626246258616447
"species_2_contemp_ice_extrap_only",58.7060010635855,0.0637830197811127
"species_2_contemp_ice_extrap_only",58.9555302479031,0.0649642273783684
"species_2_contemp_ice_extrap_only",59.2050594322207,0.0661686733365059
"species_2_contemp_ice_extrap_only",59.4545886165383,0.0673968344926834
"species_2_contemp_ice_extrap_only",59.7041178008559,0.0686491206288338
"species_2_contemp_ice_extrap_only",59.9536469851735,0.069926030933857
"species_2_contemp_ice_extrap_only",60.2031761694911,0.0714121609926224
"species_2_contemp_ice_extrap_only",60.4527053538087,0.0729672610759735
"species_2_contemp_ice_extrap_only",60.7022345381262,0.0745567679405212
"species_2_contemp_ice_extrap_only",60.9517637224438,0.0761813595890999
"species_2_contemp_ice_extrap_only",61.2012929067614,0.0779372081160545
"species_2_contemp_ice_extrap_only",61.450822091079,0.0797544941306114
"species_2_contemp_ice_extrap_only",61.7003512753966,0.0820644497871399
"species_2_contemp_ice_extrap_only",61.9498804597142,0.0845363810658455
"species_2_contemp_ice_extrap_only",62.1994096440318,0.0872922912240028
"species_2_contemp_ice_extrap_only",62.4489388283494,0.0902339592576027
"species_2_contemp_ice_extrap_only",62.698468012667,0.093268595635891
"species_2_contemp_ice_extrap_only",62.9479971969846,0.0963986441493034
"species_2_contemp_ice_extrap_only",63.1975263813021,0.0996263846755028
"species_2_contemp_ice_extrap_only",63.4470555656197,0.10295432060957
"species_2_contemp_ice_extrap_only",63.6965847499373,0.106384783983231
"species_2_contemp_ice_extrap_only",63.9461139342549,0.109920121729374
"species_2_contemp_ice_extrap_only",64.1956431185725,0.113562785089016
"species_2_contemp_ice_extrap_only",64.4451723028901,0.117315270006657
"species_2_contemp_ice_extrap_only",64.6947014872077,0.121179722249508
"species_2_contemp_ice_extrap_only",64.9442306715253,0.125158607959747
"species_2_contemp_ice_extrap_only",65.1937598558429,0.129254251718521
"species_2_contemp_ice_extrap_only",65.4432890401605,0.133469074964523
"species_2_contemp_ice_extrap_only",65.692818224478,0.137805089354515
"species_2_contemp_ice_extrap_only",65.9423474087956,0.142264604568481
"species_2_contemp_ice_extrap_only",66.1918765931132,0.146849945187569
"species_2_contemp_ice_extrap_only",66.4414057774308,0.15156289935112
"species_2_contemp_ice_extrap_only",66.6909349617484,0.156405627727509
"species_2_contemp_ice_extrap_only",66.940464146066,0.161380216479301
"species_2_contemp_ice_extrap_only",67.1899933303836,0.166488215327263
"species_2_contemp_ice_extrap_only",67.4395225147012,0.171731516718864
"species_2_contemp_ice_extrap_only",67.6890516990188,0.177111759781837
"species_2_contemp_ice_extrap_only",67.9385808833364,0.182630643248558
"species_2_contemp_ice_extrap_only",68.188110067654,0.188289195299149
"species_2_contemp_ice_extrap_only",68.4376392519715,0.194088861346245
"species_2_contemp_ice_extrap_only",68.6871684362891,0.200030893087387
"species_2_contemp_ice_extrap_only",68.9366976206067,0.206115886569023
"species_2_contemp_ice_extrap_only",69.1862268049243,0.212344765663147
"species_2_contemp_ice_extrap_only",69.4357559892419,0.218718126416206
"species_2_contemp_ice_extrap_only",69.6852851735595,0.225236535072327
"species_2_contemp_ice_extrap_only",69.9348143578771,0.23189976811409
"species_2_contemp_ice_extrap_only",70.1843435421947,0.238708004355431
"species_2_contemp_ice_extrap_only",70.4338727265122,0.245661184191704
"species_2_contemp_ice_extrap_only",70.6834019108298,0.252758353948593
"species_2_contemp_ice_extrap_only",70.9329310951474,0.25999903678894
"species_2_contemp_ice_extrap_only",71.182460279465,0.267382174730301
"species_2_contemp_ice_extrap_only",71.4319894637826,0.274906784296036
"species_2_contemp_ice_extrap_only",71.6815186481002,0.2825708091259
"species_2_contemp_ice_extrap_only",71.9310478324178,0.29037269949913
"species_2_contemp_ice_extrap_only",72.1805770167354,0.298310607671738
"species_2_contemp_ice_extrap_only",72.430106201053,0.306381613016129
"species_2_contemp_ice_extrap_only",72.6796353853706,0.314583301544189
"species_2_contemp_ice_extrap_only",72.9291645696882,0.322912693023682
"species_2_contemp_ice_extrap_only",73.1786937540057,0.331366777420044
"species_2_contemp_ice_extrap_only",73.4282229383233,0.339941412210464
"species_2_contemp_ice_extrap_only",73.6777521226409,0.348632991313934
"species_2_contemp_ice_extrap_only",73.9272813069585,0.357437610626221
"species_2_contemp_ice_extrap_only",74.1768104912761,0.36635023355484
"species_2_contemp_ice_extrap_only",74.4263396755937,0.375366389751434
"species_2_contemp_ice_extrap_only",74.6758688599113,0.384481012821198
"species_2_contemp_ice_extrap_only",74.9253980442289,0.393689036369324
"species_2_contemp_ice_extrap_only",75.1749272285465,0.402984321117401
"species_2_contemp_ice_extrap_only",75.424456412864,0.412361264228821
"species_2_contemp_ice_extrap_only",75.6739855971816,0.421814113855362
"species_2_contemp_ice_extrap_only",75.9235147814992,0.431335926055908
"species_2_contemp_ice_extrap_only",76.1730439658168,0.440920412540436
"species_2_contemp_ice_extrap_only",76.4225731501344,0.450561165809631
"species_2_contemp_ice_extrap_only",76.672102334452,0.460250645875931
"species_2_contemp_ice_extrap_only",76.9216315187696,0.46998205780983
"species_2_contemp_ice_extrap_only",77.1711607030872,0.479748159646988
"species_2_contemp_ice_extrap_only",77.4206898874048,0.489541918039322
"species_2_contemp_ice_extrap_only",77.6702190717224,0.499355226755142
"species_2_contemp_ice_extrap_only",77.91974825604,0.509180843830109
"species_2_contemp_ice_extrap_only",78.1692774403575,0.519011557102203
"species_2_contemp_ice_extrap_only",78.4188066246751,0.528838992118835
"species_2_contemp_ice_extrap_only",78.6683358089927,0.538655936717987
"species_2_contemp_ice_extrap_only",78.9178649933103,0.548454701900482
"species_2_contemp_ice_extrap_only",79.1673941776279,0.558228015899658
"species_2_contemp_ice_extrap_only",79.4169233619455,0.567967772483826
"species_2_contemp_ice_extrap_only",79.6664525462631,0.577666759490967
"species_2_contemp_ice_extrap_only",79.9159817305807,0.587318003177643
"species_2_contemp_ice_extrap_only",80.1655109148982,0.596913695335388
"species_2_contemp_ice_extrap_only",80.4150400992158,0.606447100639343
"species_2_contemp_ice_extrap_only",80.6645692835334,0.615911304950714
"species_2_contemp_ice_extrap_only",80.914098467851,0.62529993057251
"species_2_contemp_ice_extrap_only",81.1636276521686,0.634605884552002
"species_2_contemp_ice_extrap_only",81.4131568364862,0.643823266029358
"species_2_contemp_ice_extrap_only",81.6626860208038,0.652946293354034
"species_2_contemp_ice_extrap_only",81.9122152051214,0.661968648433685
"species_2_contemp_ice_extrap_only",82.161744389439,0.67088508605957
"species_2_contemp_ice_extrap_only",82.4112735737566,0.679690539836884
"species_2_contemp_ice_extrap_only",82.6608027580742,0.688380181789398
"species_2_contemp_ice_extrap_only",82.9103319423917,0.696948945522308
"species_2_contemp_ice_extrap_only",83.1598611267093,0.705392777919769
"species_2_contemp_ice_extrap_only",83.4093903110269,0.71370792388916
"species_2_contemp_ice_extrap_only",83.6589194953445,0.721890151500702
"species_2_contemp_ice_extrap_only",83.9084486796621,0.729913055896759
"species_2_contemp_ice_extrap_only",84.1579778639797,0.737670242786407
"species_2_contemp_ice_extrap_only",84.4075070482973,0.745238840579987
"species_2_contemp_ice_extrap_only",84.6570362326149,0.752037465572357
"species_2_contemp_ice_extrap_only",84.9065654169325,0.75437068939209
"species_2_contemp_ice_extrap_only",85.1560946012501,0.75476735830307
"species_2_contemp_ice_extrap_only",85.4056237855676,0.755172252655029
"species_2_contemp_ice_extrap_only",85.6551529698852,0.755585491657257
"species_2_contemp_ice_extrap_only",85.9046821542028,0.756007015705109
"species_2_contemp_ice_extrap_only",86.1542113385204,0.756436765193939
"species_2_contemp_ice_extrap_only",86.403740522838,0.756874680519104
"species_2_contemp_ice_extrap_only",86.6532697071556,0.757320761680603
"species_2_contemp_ice_extrap_only",86.9027988914732,0.757775008678436
"species_2_contemp_ice_extrap_only",87.1523280757908,0.758237302303314
"species_2_contemp_ice_extrap_only",87.4018572601084,0.758707702159882
"species_2_contemp_ice_extrap_only",87.651386444426,0.759186148643494
"species_2_contemp_ice_extrap_only",87.9009156287435,0.759672582149506
"species_2_contemp_ice_extrap_only",88.1504448130611,0.760166943073273
"species_2_contemp_ice_extrap_only",88.3999739973787,0.760669231414795
"species_2_contemp_ice_extrap_only",88.6495031816963,0.761179447174072
"species_2_contemp_ice_extrap_only",88.8990323660139,0.761697471141815
"species_2_contemp_ice_extrap_only",89.1485615503315,0.762223303318024
"species_2_contemp_ice_extrap_only",89.3980907346491,0.762756943702698
"species_2_contemp_ice_extrap_only",89.6476199189667,0.763298273086548
"species_2_contemp_ice_extrap_only",89.8971491032843,0.763847291469574
"species_2_contemp_ice_extrap_only",90.1466782876018,0.764403939247131
"species_2_contemp_ice_extrap_only",90.3962074719194,0.76496821641922
"species_2_contemp_ice_extrap_only",90.645736656237,0.765540063381195
"species_2_contemp_ice_extrap_only",90.8952658405546,0.766119420528412
"species_2_contemp_ice_extrap_only",91.1447950248722,0.766706228256226
"species_2_contemp_ice_extrap_only",91.3943242091898,0.767300486564636
"species_2_contemp_ice_extrap_only",91.6438533935074,0.767902135848999
"species_2_contemp_ice_extrap_only",91.893382577825,0.768511116504669
"species_2_contemp_ice_extrap_only",92.1429117621426,0.769127368927002
"species_2_contemp_ice_extrap_only",92.3924409464602,0.769750893115997
"species_2_contemp_ice_extrap_only",92.6419701307778,0.770381569862366
"species_2_contemp_ice_extrap_only",92.8914993150953,0.771019399166107
"species_2_contemp_ice_extrap_only",93.1410284994129,0.771664381027222
"species_2_contemp_ice_extrap_only",93.3905576837305,0.772316336631775
"species_2_contemp_ice_extrap_only",93.6400868680481,0.772975325584412
"species_2_contemp_ice_extrap_only",93.8896160523657,0.773641228675842
"species_2_contemp_ice_extrap_only",94.1391452366833,0.774314045906067
"species_2_contemp_ice_extrap_only",94.3886744210009,0.774993717670441
"species_2_contemp_ice_extrap_only",94.6382036053185,0.775680124759674
"species_2_contemp_ice_extrap_only",94.8877327896361,0.776373326778412
"species_2_contemp_ice_extrap_only",95.1372619739537,0.77707314491272
"species_2_contemp_ice_extrap_only",95.3867911582712,0.777779579162598
"species_2_contemp_ice_extrap_only",95.6363203425888,0.778492629528046
"species_2_contemp_ice_extrap_only",95.8858495269064,0.779212117195129
"species_2_contemp_ice_extrap_only",96.135378711224,0.779938101768494
"species_2_contemp_ice_extrap_only",96.3849078955416,0.780670523643494
"species_2_contemp_ice_extrap_only",96.6344370798592,0.781409204006195
"species_2_contemp_ice_extrap_only",96.8839662641768,0.782154142856598
"species_2_contemp_ice_extrap_only",97.1334954484944,0.782905399799347
"species_2_contemp_ice_extrap_only",97.383024632812,0.783662676811218
"species_2_contemp_ice_extrap_only",97.6325538171296,0.784426152706146
"species_2_contemp_ice_extrap_only",97.8820830014471,0.785195589065552
"species_2_contemp_ice_extrap_only",98.1316121857647,0.78597104549408
"species_2_contemp_ice_extrap_only",98.3811413700823,0.786752343177795
"species_2_contemp_ice_extrap_only",98.6306705543999,0.787539541721344
"species_2_contemp_ice_extrap_only",98.8801997387175,0.788332521915436
"species_2_contemp_ice_extrap_only",99.1297289230351,0.789131164550781
"species_2_contemp_ice_extrap_only",99.3792581073527,0.78993546962738
"species_2_contemp_ice_extrap_only",99.6287872916703,0.790745317935944
"species_2_contemp_ice_extrap_only",99.8783164759879,0.791560769081116
"species_2_contemp_ice_extrap_only",100.127845660305,0.792381584644318
"species_2_contemp_ice_extrap_only",100.377374844623,0.793207824230194
"species_2_contemp_ice_extrap_only",100.626904028941,0.794039368629456
"species_2_contemp_ice_extrap_only",100.876433213258,0.794876098632812
"species_2_contemp_ice_extrap_only",101.125962397576,0.79571807384491
"species_2_contemp_ice_extrap_only",101.375491581893,0.796565115451813
"species_2_contemp_ice_extrap_only",101.625020766211,0.797417223453522
"species_2_contemp_ice_extrap_only",101.874549950529,0.798274219036102
"species_2_contemp_ice_extrap_only",102.124079134846,0.799136161804199
"species_2_contemp_ice_extrap_only",102.373608319164,0.800002872943878
"species_2_contemp_ice_extrap_only",102.623137503481,0.800874352455139
"species_2_contemp_ice_extrap_only",102.872666687799,0.801750481128693
"species_2_contemp_ice_extrap_only",103.122195872117,0.802631258964539
"species_2_contemp_ice_extrap_only",103.371725056434,0.803516507148743
"species_2_contemp_ice_extrap_only",103.621254240752,0.804406225681305
"species_2_contemp_ice_extrap_only",103.870783425069,0.805300295352936
"species_2_contemp_ice_extrap_only",104.120312609387,0.806198716163635
"species_2_contemp_ice_extrap_only",104.369841793704,0.807101249694824
"species_2_contemp_ice_extrap_only",104.619370978022,0.807403087615967
"species_2_contemp_ice_extrap_only",104.86890016234,0.807403087615967
"species_2_contemp_ice_extrap_only",105.118429346657,0.807403087615967
"species_2_contemp_ice_extrap_only",105.367958530975,0.807403087615967
"species_2_contemp_ice_extrap_only",105.617487715292,0.807403087615967
"species_2_contemp_ice_extrap_only",105.86701689961,0.807403087615967
"species_2_contemp_ice_extrap_only",106.116546083928,0.807403087615967
"species_2_contemp_ice_extrap_only",106.366075268245,0.807403087615967
"species_2_contemp_ice_extrap_only",106.615604452563,0.807403087615967
"species_2_contemp_ice_extrap_only",106.86513363688,0.807403087615967
"species_2_contemp_ice_extrap_only",107.114662821198,0.807403087615967
"species_2_contemp_ice_extrap_only",107.364192005516,0.807403087615967
"species_2_contemp_ice_extrap_only",107.613721189833,0.807403087615967
"species_2_contemp_ice_extrap_only",107.863250374151,0.807403087615967
"species_2_contemp_ice_extrap_only",108.112779558468,0.807403087615967
"species_2_contemp_ice_extrap_only",108.362308742786,0.807403087615967
"species_2_contemp_ice_extrap_only",108.611837927104,0.807403087615967
"species_2_contemp_ice_extrap_only",108.861367111421,0.807403087615967
"species_2_contemp_ice_extrap_only",109.110896295739,0.807403087615967
"species_2_contemp_ice_extrap_only",109.360425480056,0.807403087615967
"species_2_contemp_ice_extrap_only",109.609954664374,0.807403087615967
"species_2_contemp_ice_extrap_only",109.859483848691,0.807403087615967
"species_2_contemp_ice_extrap_only",110.109013033009,0.807403087615967
"species_2_contemp_ice_extrap_only",110.358542217327,0.807403087615967
"species_2_contemp_ice_extrap_only",110.608071401644,0.807403087615967
"species_2_contemp_ice_extrap_only",110.857600585962,0.807403087615967
"species_2_contemp_ice_extrap_only",111.107129770279,0.807403087615967
"species_2_contemp_ice_extrap_only",111.356658954597,0.807403087615967
"species_2_contemp_ice_extrap_only",111.606188138915,0.807403087615967
"species_2_contemp_ice_extrap_only",111.855717323232,0.807403087615967
"species_2_contemp_ice_extrap_only",112.10524650755,0.807403087615967
"species_2_contemp_ice_extrap_only",112.354775691867,0.807403087615967
"species_2_contemp_ice_extrap_only",112.604304876185,0.807403087615967
"species_2_contemp_ice_extrap_only",112.853834060503,0.807403087615967
"species_2_contemp_ice_extrap_only",113.10336324482,0.807403087615967
"species_2_contemp_ice_extrap_only",113.352892429138,0.807403087615967
"species_2_contemp_ice_extrap_only",113.602421613455,0.807403087615967
"species_2_contemp_ice_extrap_only",113.851950797773,0.807403087615967
"species_2_contemp_ice_extrap_only",114.10147998209,0.807403087615967
"species_2_contemp_ice_extrap_only",114.351009166408,0.807403087615967
"species_2_contemp_ice_extrap_only",114.600538350726,0.807403087615967
"species_2_contemp_ice_extrap_only",114.850067535043,0.807403087615967
"species_2_contemp_ice_extrap",-9.91452462375168,0.0149159617722034
"species_2_contemp_ice_extrap",-9.6649954394341,0.0149159617722034
"species_2_contemp_ice_extrap",-9.41546625511651,0.0149159617722034
"species_2_contemp_ice_extrap",-9.16593707079892,0.0149159617722034
"species_2_contemp_ice_extrap",-8.91640788648133,0.0149159617722034
"species_2_contemp_ice_extrap",-8.66687870216374,0.0149159617722034
"species_2_contemp_ice_extrap",-8.41734951784615,0.0149159617722034
"species_2_contemp_ice_extrap",-8.16782033352856,0.0149159617722034
"species_2_contemp_ice_extrap",-7.91829114921097,0.0149159617722034
"species_2_contemp_ice_extrap",-7.66876196489338,0.0149159617722034
"species_2_contemp_ice_extrap",-7.41923278057579,0.0149159617722034
"species_2_contemp_ice_extrap",-7.1697035962582,0.0149159617722034
"species_2_contemp_ice_extrap",-6.92017441194061,0.0149159617722034
"species_2_contemp_ice_extrap",-6.67064522762302,0.0149159617722034
"species_2_contemp_ice_extrap",-6.42111604330543,0.0149159617722034
"species_2_contemp_ice_extrap",-6.17158685898784,0.0149159617722034
"species_2_contemp_ice_extrap",-5.92205767467025,0.0149159617722034
"species_2_contemp_ice_extrap",-5.67252849035266,0.0149159617722034
"species_2_contemp_ice_extrap",-5.42299930603507,0.0149159617722034
"species_2_contemp_ice_extrap",-5.17347012171748,0.0149159617722034
"species_2_contemp_ice_extrap",-4.92394093739989,0.0149159617722034
"species_2_contemp_ice_extrap",-4.6744117530823,0.0149159617722034
"species_2_contemp_ice_extrap",-4.42488256876471,0.0149159617722034
"species_2_contemp_ice_extrap",-4.17535338444712,0.0149159617722034
"species_2_contemp_ice_extrap",-3.92582420012953,0.0149159617722034
"species_2_contemp_ice_extrap",-3.67629501581194,0.0149159617722034
"species_2_contemp_ice_extrap",-3.42676583149435,0.0149159617722034
"species_2_contemp_ice_extrap",-3.17723664717676,0.0149159617722034
"species_2_contemp_ice_extrap",-2.92770746285917,0.0149159617722034
"species_2_contemp_ice_extrap",-2.67817827854158,0.0149159617722034
"species_2_contemp_ice_extrap",-2.42864909422399,0.0149159617722034
"species_2_contemp_ice_extrap",-2.1791199099064,0.0149159617722034
"species_2_contemp_ice_extrap",-1.92959072558881,0.0149159617722034
"species_2_contemp_ice_extrap",-1.68006154127122,0.0149159617722034
"species_2_contemp_ice_extrap",-1.43053235695363,0.0149159617722034
"species_2_contemp_ice_extrap",-1.18100317263604,0.0149159617722034
"species_2_contemp_ice_extrap",-0.93147398831845,0.0149159617722034
"species_2_contemp_ice_extrap",-0.68194480400086,0.0149159617722034
"species_2_contemp_ice_extrap",-0.432415619683269,0.0149159617722034
"species_2_contemp_ice_extrap",-0.182886435365679,0.0149159617722034
"species_2_contemp_ice_extrap",0.0666427489519101,0.0149159617722034
"species_2_contemp_ice_extrap",0.3161719332695,0.0149159617722034
"species_2_contemp_ice_extrap",0.565701117587089,0.0149643691256642
"species_2_contemp_ice_extrap",0.81523030190468,0.0151107516139746
"species_2_contemp_ice_extrap",1.06475948622227,0.0152588943019509
"species_2_contemp_ice_extrap",1.31428867053986,0.0154088204726577
"species_2_contemp_ice_extrap",1.56381785485745,0.0155605534091592
"species_2_contemp_ice_extrap",1.81334703917504,0.015714118257165
"species_2_contemp_ice_extrap",2.06287622349263,0.0158695373684168
"species_2_contemp_ice_extrap",2.31240540781022,0.0160268377512693
"species_2_contemp_ice_extrap",2.56193459212781,0.0161860436201096
"species_2_contemp_ice_extrap",2.8114637764454,0.0163471791893244
"species_2_contemp_ice_extrap",3.06099296076299,0.0165102686733007
"species_2_contemp_ice_extrap",3.31052214508058,0.016675341874361
"species_2_contemp_ice_extrap",3.56005132939817,0.0168424248695374
"species_2_contemp_ice_extrap",3.80958051371576,0.0170115418732166
"species_2_contemp_ice_extrap",4.05910969803335,0.0171827208250761
"species_2_contemp_ice_extrap",4.30863888235094,0.017355989664793
"species_2_contemp_ice_extrap",4.55816806666853,0.0175313763320446
"species_2_contemp_ice_extrap",4.80769725098612,0.0177089106291533
"species_2_contemp_ice_extrap",5.05722643530371,0.0178886186331511
"species_2_contemp_ice_extrap",5.3067556196213,0.0180705301463604
"species_2_contemp_ice_extrap",5.55628480393889,0.0182546768337488
"species_2_contemp_ice_extrap",5.80581398825648,0.0184410847723484
"species_2_contemp_ice_extrap",6.05534317257407,0.018629789352417
"species_2_contemp_ice_extrap",6.30487235689166,0.0188208166509867
"species_2_contemp_ice_extrap",6.55440154120925,0.0190142001956701
"species_2_contemp_ice_extrap",6.80393072552684,0.0192099716514349
"species_2_contemp_ice_extrap",7.05345990984443,0.0194081645458937
"species_2_contemp_ice_extrap",7.30298909416202,0.0196088068187237
"species_2_contemp_ice_extrap",7.55251827847961,0.0198119357228279
"species_2_contemp_ice_extrap",7.80204746279719,0.0200175829231739
"species_2_contemp_ice_extrap",8.05157664711479,0.0202257838100195
"species_2_contemp_ice_extrap",8.30110583143238,0.0204365719109774
"species_2_contemp_ice_extrap",8.55063501574996,0.0206499826163054
"species_2_contemp_ice_extrap",8.80016420006756,0.0208660513162613
"species_2_contemp_ice_extrap",9.04969338438515,0.0210848115384579
"species_2_contemp_ice_extrap",9.29922256870274,0.0213063042610884
"species_2_contemp_ice_extrap",9.54875175302033,0.0215305630117655
"species_2_contemp_ice_extrap",9.79828093733791,0.0217576250433922
"species_2_contemp_ice_extrap",10.0478101216555,0.0219875313341618
"species_2_contemp_ice_extrap",10.2973393059731,0.022220317274332
"species_2_contemp_ice_extrap",10.5468684902907,0.0224560238420963
"species_2_contemp_ice_extrap",10.7963976746083,0.0226946901530027
"species_2_contemp_ice_extrap",11.0459268589259,0.0229363553225994
"species_2_contemp_ice_extrap",11.2954560432435,0.0231810621917248
"species_2_contemp_ice_extrap",11.544985227561,0.023428849875927
"species_2_contemp_ice_extrap",11.7945144118786,0.0236797630786896
"species_2_contemp_ice_extrap",12.0440435961962,0.0239338409155607
"species_2_contemp_ice_extrap",12.2935727805138,0.024191128090024
"species_2_contemp_ice_extrap",12.5431019648314,0.0244516711682081
"species_2_contemp_ice_extrap",12.792631149149,0.0247155074030161
"species_2_contemp_ice_extrap",13.0421603334666,0.0249826870858669
"species_2_contemp_ice_extrap",13.2916895177842,0.0252532567828894
"species_2_contemp_ice_extrap",13.5412187021018,0.0255272574722767
"species_2_contemp_ice_extrap",13.7907478864194,0.0258047394454479
"species_2_contemp_ice_extrap",14.0402770707369,0.026085751131177
"species_2_contemp_ice_extrap",14.2898062550545,0.0263703372329473
"species_2_contemp_ice_extrap",14.5393354393721,0.0266585499048233
"species_2_contemp_ice_extrap",14.7888646236897,0.0269504375755787
"species_2_contemp_ice_extrap",15.0383938080073,0.0272460486739874
"species_2_contemp_ice_extrap",15.2879229923249,0.0275454334914684
"species_2_contemp_ice_extrap",15.5374521766425,0.0278486479073763
"species_2_contemp_ice_extrap",15.7869813609601,0.02815574221313
"species_2_contemp_ice_extrap",16.0365105452777,0.0284667667001486
"species_2_contemp_ice_extrap",16.2860397295953,0.0287817791104317
"species_2_contemp_ice_extrap",16.5355689139128,0.0291008297353983
"species_2_contemp_ice_extrap",16.7850980982304,0.0294239800423384
"species_2_contemp_ice_extrap",17.034627282548,0.0297512803226709
"species_2_contemp_ice_extrap",17.2841564668656,0.0300827883183956
"species_2_contemp_ice_extrap",17.5336856511832,0.030418561771512
"species_2_contemp_ice_extrap",17.7832148355008,0.030758660286665
"species_2_contemp_ice_extrap",18.0327440198184,0.0311031434684992
"species_2_contemp_ice_extrap",18.282273204136,0.0314520671963692
"species_2_contemp_ice_extrap",18.5318023884536,0.0318055003881454
"species_2_contemp_ice_extrap",18.7813315727712,0.0321634970605373
"species_2_contemp_ice_extrap",19.0308607570887,0.0325261205434799
"species_2_contemp_ice_extrap",19.2803899414063,0.0328934341669083
"species_2_contemp_ice_extrap",19.5299191257239,0.0332655049860477
"species_2_contemp_ice_extrap",19.7794483100415,0.0336423963308334
"species_2_contemp_ice_extrap",20.0289774943591,0.034024178981781
"species_2_contemp_ice_extrap",20.2785066786767,0.0344109088182449
"species_2_contemp_ice_extrap",20.5280358629943,0.0348026603460312
"species_2_contemp_ice_extrap",20.7775650473119,0.0351995043456554
"species_2_contemp_ice_extrap",21.0270942316295,0.0356015041470528
"species_2_contemp_ice_extrap",21.276623415947,0.0360087342560291
"species_2_contemp_ice_extrap",21.5261526002646,0.0364212654531002
"species_2_contemp_ice_extrap",21.7756817845822,0.036839172244072
"species_2_contemp_ice_extrap",22.0252109688998,0.0372625254094601
"species_2_contemp_ice_extrap",22.2747401532174,0.0376913957297802
"species_2_contemp_ice_extrap",22.524269337535,0.0381258651614189
"species_2_contemp_ice_extrap",22.7737985218526,0.0385660044848919
"species_2_contemp_ice_extrap",23.0233277061702,0.0390118956565857
"species_2_contemp_ice_extrap",23.2728568904878,0.0394636169075966
"species_2_contemp_ice_extrap",23.5223860748054,0.0399212427437306
"species_2_contemp_ice_extrap",23.771915259123,0.0403848551213741
"species_2_contemp_ice_extrap",24.0214444434405,0.0408545359969139
"species_2_contemp_ice_extrap",24.2709736277581,0.0413303710520267
"species_2_contemp_ice_extrap",24.5205028120757,0.0418124385178089
"species_2_contemp_ice_extrap",24.7700319963933,0.0423008278012276
"species_2_contemp_ice_extrap",25.0195611807109,0.0427956245839596
"species_2_contemp_ice_extrap",25.2690903650285,0.0432969070971012
"species_2_contemp_ice_extrap",25.5186195493461,0.0438047759234905
"species_2_contemp_ice_extrap",25.7681487336637,0.0443193092942238
"species_2_contemp_ice_extrap",26.0176779179813,0.0448406040668488
"species_2_contemp_ice_extrap",26.2672071022988,0.0453687496483326
"species_2_contemp_ice_extrap",26.5167362866164,0.0459038428962231
"species_2_contemp_ice_extrap",26.766265470934,0.046445969492197
"species_2_contemp_ice_extrap",27.0157946552516,0.0469952262938023
"species_2_contemp_ice_extrap",27.2653238395692,0.0475517101585865
"species_2_contemp_ice_extrap",27.5148530238868,0.0481155216693878
"species_2_contemp_ice_extrap",27.7643822082044,0.048686757683754
"species_2_contemp_ice_extrap",28.013911392522,0.049265518784523
"species_2_contemp_ice_extrap",28.2634405768396,0.0498519018292427
"species_2_contemp_ice_extrap",28.5129697611572,0.0504460111260414
"species_2_contemp_ice_extrap",28.7624989454747,0.0510479509830475
"species_2_contemp_ice_extrap",29.0120281297923,0.051657821983099
"species_2_contemp_ice_extrap",29.2615573141099,0.0522757358849049
"species_2_contemp_ice_extrap",29.5110864984275,0.0529018044471741
"species_2_contemp_ice_extrap",29.7606156827451,0.0535361208021641
"species_2_contemp_ice_extrap",30.0101448670627,0.0541788078844547
"species_2_contemp_ice_extrap",30.2596740513803,0.0548299662768841
"species_2_contemp_ice_extrap",30.5092032356979,0.055489718914032
"species_2_contemp_ice_extrap",30.7587324200155,0.0561581738293171
"species_2_contemp_ice_extrap",31.008261604333,0.0568354465067387
"species_2_contemp_ice_extrap",31.2577907886506,0.0575216598808765
"species_2_contemp_ice_extrap",31.5073199729682,0.0582169182598591
"species_2_contemp_ice_extrap",31.7568491572858,0.0589213520288467
"species_2_contemp_ice_extrap",32.0063783416034,0.0596350729465485
"species_2_contemp_ice_extrap",32.255907525921,0.0603582188487053
"species_2_contemp_ice_extrap",32.5054367102386,0.061090886592865
"species_2_contemp_ice_extrap",32.7549658945562,0.0618332326412201
"species_2_contemp_ice_extrap",33.0044950788738,0.0625853464007378
"species_2_contemp_ice_extrap",33.2540242631914,0.0633473992347717
"species_2_contemp_ice_extrap",33.503553447509,0.0641194880008698
"species_2_contemp_ice_extrap",33.7530826318265,0.064901739358902
"species_2_contemp_ice_extrap",34.0026118161441,0.0656943023204803
"species_2_contemp_ice_extrap",34.2521410004617,0.066497303545475
"species_2_contemp_ice_extrap",34.5016701847793,0.0673108845949173
"species_2_contemp_ice_extrap",34.7511993690969,0.0681351572275162
"species_2_contemp_ice_extrap",35.0007285534145,0.0689702928066254
"species_2_contemp_ice_extrap",35.2502577377321,0.0698164105415344
"species_2_contemp_ice_extrap",35.4997869220497,0.0706736445426941
"species_2_contemp_ice_extrap",35.7493161063673,0.0715421512722969
"species_2_contemp_ice_extrap",35.9988452906849,0.072422057390213
"species_2_contemp_ice_extrap",36.2483744750024,0.0733135268092155
"species_2_contemp_ice_extrap",36.49790365932,0.074216678738594
"species_2_contemp_ice_extrap",36.7474328436376,0.0751316919922829
"species_2_contemp_ice_extrap",36.9969620279552,0.0760587006807327
"species_2_contemp_ice_extrap",37.2464912122728,0.0769978314638138
"species_2_contemp_ice_extrap",37.4960203965904,0.0779492780566216
"species_2_contemp_ice_extrap",37.745549580908,0.078913152217865
"species_2_contemp_ice_extrap",37.9950787652256,0.0798896476626396
"species_2_contemp_ice_extrap",38.2446079495432,0.0808788985013962
"species_2_contemp_ice_extrap",38.4941371338607,0.081881046295166
"species_2_contemp_ice_extrap",38.7436663181783,0.082896277308464
"species_2_contemp_ice_extrap",38.9931955024959,0.083924725651741
"species_2_contemp_ice_extrap",39.2427246868135,0.0849665775895119
"species_2_contemp_ice_extrap",39.4922538711311,0.0860219746828079
"species_2_contemp_ice_extrap",39.7417830554487,0.0870910957455635
"species_2_contemp_ice_extrap",39.9913122397663,0.0881741046905518
"species_2_contemp_ice_extrap",40.2408414240839,0.089271143078804
"species_2_contemp_ice_extrap",40.4903706084015,0.0903824120759964
"species_2_contemp_ice_extrap",40.7398997927191,0.0915080457925796
"species_2_contemp_ice_extrap",40.9894289770367,0.0926482453942299
"species_2_contemp_ice_extrap",41.2389581613542,0.0938031524419784
"species_2_contemp_ice_extrap",41.4884873456718,0.0949729755520821
"species_2_contemp_ice_extrap",41.7380165299894,0.0961578637361526
"species_2_contemp_ice_extrap",41.987545714307,0.0973579734563828
"species_2_contemp_ice_extrap",42.2370748986246,0.0985735282301903
"species_2_contemp_ice_extrap",42.4866040829422,0.0998046472668648
"species_2_contemp_ice_extrap",42.7361332672598,0.101051568984985
"species_2_contemp_ice_extrap",42.9856624515774,0.102314412593842
"species_2_contemp_ice_extrap",43.235191635895,0.103593409061432
"species_2_contemp_ice_extrap",43.4847208202125,0.104888714849949
"species_2_contemp_ice_extrap",43.7342500045301,0.106200493872166
"species_2_contemp_ice_extrap",43.9837791888477,0.10752896219492
"species_2_contemp_ice_extrap",44.2333083731653,0.108874268829823
"species_2_contemp_ice_extrap",44.4828375574829,0.110236637294292
"species_2_contemp_ice_extrap",44.7323667418005,0.111616231501102
"species_2_contemp_ice_extrap",44.9818959261181,0.113013215363026
"species_2_contemp_ice_extrap",45.2314251104357,0.114427819848061
"species_2_contemp_ice_extrap",45.4809542947533,0.115860179066658
"species_2_contemp_ice_extrap",45.7304834790709,0.117310538887978
"species_2_contemp_ice_extrap",45.9800126633885,0.11877902597189
"species_2_contemp_ice_extrap",46.229541847706,0.120265893638134
"species_2_contemp_ice_extrap",46.4790710320236,0.121771283447742
"species_2_contemp_ice_extrap",46.7286002163412,0.12329538166523
"species_2_contemp_ice_extrap",46.9781294006588,0.124838411808014
"species_2_contemp_ice_extrap",47.2276585849764,0.126400530338287
"species_2_contemp_ice_extrap",47.477187769294,0.127981960773468
"species_2_contemp_ice_extrap",47.7267169536116,0.129582837224007
"species_2_contemp_ice_extrap",47.9762461379292,0.131203427910805
"species_2_contemp_ice_extrap",48.2257753222468,0.132843866944313
"species_2_contemp_ice_extrap",48.4753045065643,0.134504333138466
"species_2_contemp_ice_extrap",48.7248336908819,0.136185064911842
"species_2_contemp_ice_extrap",48.9743628751995,0.137886196374893
"species_2_contemp_ice_extrap",49.2238920595171,0.139607980847359
"species_2_contemp_ice_extrap",49.4734212438347,0.141350567340851
"species_2_contemp_ice_extrap",49.7229504281523,0.143114119768143
"species_2_contemp_ice_extrap",49.9724796124699,0.144898876547813
"species_2_contemp_ice_extrap",50.2220087967875,0.146704986691475
"species_2_contemp_ice_extrap",50.4715379811051,0.148532658815384
"species_2_contemp_ice_extrap",50.7210671654227,0.150382041931152
"species_2_contemp_ice_extrap",50.9705963497402,0.15225338935852
"species_2_contemp_ice_extrap",51.2201255340578,0.154146835207939
"species_2_contemp_ice_extrap",51.4696547183754,0.15606252849102
"species_2_contemp_ice_extrap",51.719183902693,0.158000722527504
"species_2_contemp_ice_extrap",51.9687130870106,0.159961521625519
"species_2_contemp_ice_extrap",52.2182422713282,0.161945179104805
"species_2_contemp_ice_extrap",52.4677714556458,0.163951799273491
"species_2_contemp_ice_extrap",52.7173006399634,0.165981605648994
"species_2_contemp_ice_extrap",52.966829824281,0.16803477704525
"species_2_contemp_ice_extrap",53.2163590085986,0.170111402869225
"species_2_contemp_ice_extrap",53.4658881929161,0.17221175134182
"species_2_contemp_ice_extrap",53.7154173772337,0.174335911870003
"species_2_contemp_ice_extrap",53.9649465615513,0.176484107971191
"species_2_contemp_ice_extrap",54.2144757458689,0.178656473755836
"species_2_contemp_ice_extrap",54.4640049301865,0.180853113532066
"species_2_contemp_ice_extrap",54.7135341145041,0.183074280619621
"species_2_contemp_ice_extrap",54.9630632988217,0.185320034623146
"species_2_contemp_ice_extrap",55.2125924831393,0.18759061396122
"species_2_contemp_ice_extrap",55.4621216674569,0.189886063337326
"species_2_contemp_ice_extrap",55.7116508517745,0.192206636071205
"species_2_contemp_ice_extrap",55.961180036092,0.194552391767502
"species_2_contemp_ice_extrap",56.2107092204096,0.196923464536667
"species_2_contemp_ice_extrap",56.4602384047272,0.199320033192635
"species_2_contemp_ice_extrap",56.7097675890448,0.20174215734005
"species_2_contemp_ice_extrap",56.9592967733624,0.204190045595169
"species_2_contemp_ice_extrap",57.20882595768,0.206663742661476
"species_2_contemp_ice_extrap",57.4583551419976,0.209163412451744
"species_2_contemp_ice_extrap",57.7078843263152,0.21168914437294
"species_2_contemp_ice_extrap",57.9574135106328,0.214240998029709
"species_2_contemp_ice_extrap",58.2069426949503,0.216819167137146
"species_2_contemp_ice_extrap",58.4564718792679,0.21942363679409
"species_2_contemp_ice_extrap",58.7060010635855,0.222054615616798
"species_2_contemp_ice_extrap",58.9555302479031,0.22471210360527
"species_2_contemp_ice_extrap",59.2050594322207,0.227396160364151
"species_2_contemp_ice_extrap",59.4545886165383,0.230106934905052
"species_2_contemp_ice_extrap",59.7041178008559,0.232844412326813
"species_2_contemp_ice_extrap",59.9536469851735,0.235608741641045
"species_2_contemp_ice_extrap",60.2031761694911,0.238399863243103
"species_2_contemp_ice_extrap",60.4527053538087,0.241217941045761
"species_2_contemp_ice_extrap",60.7022345381262,0.244062960147858
"species_2_contemp_ice_extrap",60.9517637224438,0.246934920549393
"species_2_contemp_ice_extrap",61.2012929067614,0.249833911657333
"species_2_contemp_ice_extrap",61.450822091079,0.252759873867035
"species_2_contemp_ice_extrap",61.7003512753966,0.255712896585464
"species_2_contemp_ice_extrap",61.9498804597142,0.258692920207977
"species_2_contemp_ice_extrap",62.1994096440318,0.261700004339218
"species_2_contemp_ice_extrap",62.4489388283494,0.264734119176865
"species_2_contemp_ice_extrap",62.698468012667,0.26779517531395
"species_2_contemp_ice_extrap",62.9479971969846,0.270883232355118
"species_2_contemp_ice_extrap",63.1975263813021,0.273998141288757
"species_2_contemp_ice_extrap",63.4470555656197,0.277140021324158
"species_2_contemp_ice_extrap",63.6965847499373,0.280308693647385
"species_2_contemp_ice_extrap",63.9461139342549,0.283504098653793
"species_2_contemp_ice_extrap",64.1956431185725,0.286726176738739
"species_2_contemp_ice_extrap",64.4451723028901,0.289974957704544
"species_2_contemp_ice_extrap",64.6947014872077,0.293250143527985
"species_2_contemp_ice_extrap",64.9442306715253,0.296551734209061
"species_2_contemp_ice_extrap",65.1937598558429,0.299879640340805
"species_2_contemp_ice_extrap",65.4432890401605,0.303233802318573
"species_2_contemp_ice_extrap",65.692818224478,0.306613922119141
"species_2_contemp_ice_extrap",65.9423474087956,0.310019969940186
"species_2_contemp_ice_extrap",66.1918765931132,0.313451826572418
"species_2_contemp_ice_extrap",66.4414057774308,0.316909193992615
"species_2_contemp_ice_extrap",66.6909349617484,0.320391982793808
"species_2_contemp_ice_extrap",66.940464146066,0.323900103569031
"species_2_contemp_ice_extrap",67.1899933303836,0.327433168888092
"species_2_contemp_ice_extrap",67.4395225147012,0.330991059541702
"species_2_contemp_ice_extrap",67.6890516990188,0.334573596715927
"species_2_contemp_ice_extrap",67.9385808833364,0.338180601596832
"species_2_contemp_ice_extrap",68.188110067654,0.341811686754227
"species_2_contemp_ice_extrap",68.4376392519715,0.345466673374176
"species_2_contemp_ice_extrap",68.6871684362891,0.349145412445068
"species_2_contemp_ice_extrap",68.9366976206067,0.352847456932068
"species_2_contemp_ice_extrap",69.1862268049243,0.356572568416595
"species_2_contemp_ice_extrap",69.4357559892419,0.360320508480072
"species_2_contemp_ice_extrap",69.6852851735595,0.364091038703918
"species_2_contemp_ice_extrap",69.9348143578771,0.367883682250977
"species_2_contemp_ice_extrap",70.1843435421947,0.371698141098022
"species_2_contemp_ice_extrap",70.4338727265122,0.375534296035767
"species_2_contemp_ice_extrap",70.6834019108298,0.379391461610794
"species_2_contemp_ice_extrap",70.9329310951474,0.38326945900917
"species_2_contemp_ice_extrap",71.182460279465,0.387167930603027
"species_2_contemp_ice_extrap",71.4319894637826,0.391086548566818
"species_2_contemp_ice_extrap",71.6815186481002,0.395024746656418
"species_2_contemp_ice_extrap",71.9310478324178,0.39898219704628
"species_2_contemp_ice_extrap",72.1805770167354,0.40295860171318
"species_2_contemp_ice_extrap",72.430106201053,0.40695333480835
"species_2_contemp_ice_extrap",72.6796353853706,0.410966068506241
"species_2_contemp_ice_extrap",72.9291645696882,0.414996325969696
"species_2_contemp_ice_extrap",73.1786937540057,0.419043779373169
"species_2_contemp_ice_extrap",73.4282229383233,0.423107743263245
"species_2_contemp_ice_extrap",73.6777521226409,0.427187860012054
"species_2_contemp_ice_extrap",73.9272813069585,0.431283742189407
"species_2_contemp_ice_extrap",74.1768104912761,0.435394644737244
"species_2_contemp_ice_extrap",74.4263396755937,0.439520210027695
"species_2_contemp_ice_extrap",74.6758688599113,0.443659901618958
"species_2_contemp_ice_extrap",74.9253980442289,0.447813332080841
"species_2_contemp_ice_extrap",75.1749272285465,0.451979696750641
"species_2_contemp_ice_extrap",75.424456412864,0.456158608198166
"species_2_contemp_ice_extrap",75.6739855971816,0.46034961938858
"species_2_contemp_ice_extrap",75.9235147814992,0.464551895856857
"species_2_contemp_ice_extrap",76.1730439658168,0.468765050172806
"species_2_contemp_ice_extrap",76.4225731501344,0.472988605499268
"species_2_contemp_ice_extrap",76.672102334452,0.477221697568893
"species_2_contemp_ice_extrap",76.9216315187696,0.48146390914917
"species_2_contemp_ice_extrap",77.1711607030872,0.485714614391327
"species_2_contemp_ice_extrap",77.4206898874048,0.489973336458206
"species_2_contemp_ice_extrap",77.6702190717224,0.494239240884781
"species_2_contemp_ice_extrap",77.91974825604,0.498511791229248
"species_2_contemp_ice_extrap",78.1692774403575,0.502790510654449
"species_2_contemp_ice_extrap",78.4188066246751,0.507074534893036
"species_2_contemp_ice_extrap",78.6683358089927,0.511363387107849
"species_2_contemp_ice_extrap",78.9178649933103,0.515656352043152
"species_2_contemp_ice_extrap",79.1673941776279,0.519952952861786
"species_2_contemp_ice_extrap",79.4169233619455,0.52425229549408
"species_2_contemp_ice_extrap",79.6664525462631,0.528553903102875
"species_2_contemp_ice_extrap",79.9159817305807,0.532857179641724
"species_2_contemp_ice_extrap",80.1655109148982,0.537161231040955
"species_2_contemp_ice_extrap",80.4150400992158,0.541465580463409
"species_2_contemp_ice_extrap",80.6645692835334,0.545769512653351
"species_2_contemp_ice_extrap",80.914098467851,0.550072491168976
"species_2_contemp_ice_extrap",81.1636276521686,0.554373681545258
"species_2_contemp_ice_extrap",81.4131568364862,0.558672428131104
"species_2_contemp_ice_extrap",81.6626860208038,0.562968313694
"species_2_contemp_ice_extrap",81.9122152051214,0.567260324954987
"species_2_contemp_ice_extrap",82.161744389439,0.571548044681549
"species_2_contemp_ice_extrap",82.4112735737566,0.575830698013306
"species_2_contemp_ice_extrap",82.6608027580742,0.580107808113098
"species_2_contemp_ice_extrap",82.9103319423917,0.584378480911255
"species_2_contemp_ice_extrap",83.1598611267093,0.588642179965973
"species_2_contemp_ice_extrap",83.4093903110269,0.592898309230804
"species_2_contemp_ice_extrap",83.6589194953445,0.597146034240723
"species_2_contemp_ice_extrap",83.9084486796621,0.601384878158569
"species_2_contemp_ice_extrap",84.1579778639797,0.605614125728607
"species_2_contemp_ice_extrap",84.4075070482973,0.609833300113678
"species_2_contemp_ice_extrap",84.6570362326149,0.61404150724411
"species_2_contemp_ice_extrap",84.9065654169325,0.618238210678101
"species_2_contemp_ice_extrap",85.1560946012501,0.622422993183136
"species_2_contemp_ice_extrap",85.4056237855676,0.6265949010849
"species_2_contemp_ice_extrap",85.6551529698852,0.630753517150879
"species_2_contemp_ice_extrap",85.9046821542028,0.63489818572998
"species_2_contemp_ice_extrap",86.1542113385204,0.639028489589691
"species_2_contemp_ice_extrap",86.403740522838,0.643143534660339
"species_2_contemp_ice_extrap",86.6532697071556,0.647242963314056
"species_2_contemp_ice_extrap",86.9027988914732,0.651326179504395
"species_2_contemp_ice_extrap",87.1523280757908,0.655392467975616
"species_2_contemp_ice_extrap",87.4018572601084,0.659441351890564
"species_2_contemp_ice_extrap",87.651386444426,0.663472414016724
"species_2_contemp_ice_extrap",87.9009156287435,0.667484939098358
"species_2_contemp_ice_extrap",88.1504448130611,0.671478390693665
"species_2_contemp_ice_extrap",88.3999739973787,0.675452351570129
"species_2_contemp_ice_extrap",88.6495031816963,0.679406404495239
"species_2_contemp_ice_extrap",88.8990323660139,0.683339774608612
"species_2_contemp_ice_extrap",89.1485615503315,0.686632752418518
"species_2_contemp_ice_extrap",89.3980907346491,0.687720239162445
"species_2_contemp_ice_extrap",89.6476199189667,0.688488483428955
"species_2_contemp_ice_extrap",89.8971491032843,0.68926066160202
"species_2_contemp_ice_extrap",90.1466782876018,0.690036773681641
"species_2_contemp_ice_extrap",90.3962074719194,0.690816819667816
"species_2_contemp_ice_extrap",90.645736656237,0.691600739955902
"species_2_contemp_ice_extrap",90.8952658405546,0.692388534545898
"species_2_contemp_ice_extrap",91.1447950248722,0.69318014383316
"species_2_contemp_ice_extrap",91.3943242091898,0.693975627422333
"species_2_contemp_ice_extrap",91.6438533935074,0.694774806499481
"species_2_contemp_ice_extrap",91.893382577825,0.69557785987854
"species_2_contemp_ice_extrap",92.1429117621426,0.696384608745575
"species_2_contemp_ice_extrap",92.3924409464602,0.697195053100586
"species_2_contemp_ice_extrap",92.6419701307778,0.698009252548218
"species_2_contemp_ice_extrap",92.8914993150953,0.698827087879181
"species_2_contemp_ice_extrap",93.1410284994129,0.699648559093475
"species_2_contemp_ice_extrap",93.3905576837305,0.700473606586456
"species_2_contemp_ice_extrap",93.6400868680481,0.701302289962769
"species_2_contemp_ice_extrap",93.8896160523657,0.702134549617767
"species_2_contemp_ice_extrap",94.1391452366833,0.702970266342163
"species_2_contemp_ice_extrap",94.3886744210009,0.703809559345245
"species_2_contemp_ice_extrap",94.6382036053185,0.704652309417725
"species_2_contemp_ice_extrap",94.8877327896361,0.705498516559601
"species_2_contemp_ice_extrap",95.1372619739537,0.706348180770874
"species_2_contemp_ice_extrap",95.3867911582712,0.707201182842255
"species_2_contemp_ice_extrap",95.6363203425888,0.708057582378387
"species_2_contemp_ice_extrap",95.8858495269064,0.708917319774628
"species_2_contemp_ice_extrap",96.135378711224,0.709780335426331
"species_2_contemp_ice_extrap",96.3849078955416,0.710646688938141
"species_2_contemp_ice_extrap",96.6344370798592,0.711516261100769
"species_2_contemp_ice_extrap",96.8839662641768,0.71238911151886
"species_2_contemp_ice_extrap",97.1334954484944,0.713265120983124
"species_2_contemp_ice_extrap",97.383024632812,0.714144289493561
"species_2_contemp_ice_extrap",97.6325538171296,0.715026557445526
"species_2_contemp_ice_extrap",97.8820830014471,0.715911984443665
"species_2_contemp_ice_extrap",98.1316121857647,0.716800451278687
"species_2_contemp_ice_extrap",98.3811413700823,0.717691957950592
"species_2_contemp_ice_extrap",98.6306705543999,0.718586504459381
"species_2_contemp_ice_extrap",98.8801997387175,0.719484031200409
"species_2_contemp_ice_extrap",99.1297289230351,0.720384478569031
"species_2_contemp_ice_extrap",99.3792581073527,0.721287846565247
"species_2_contemp_ice_extrap",99.6287872916703,0.722194135189056
"species_2_contemp_ice_extrap",99.8783164759879,0.723103284835815
"species_2_contemp_ice_extrap",100.127845660305,0.724015235900879
"species_2_contemp_ice_extrap",100.377374844623,0.724929988384247
"species_2_contemp_ice_extrap",100.626904028941,0.725847482681274
"species_2_contemp_ice_extrap",100.876433213258,0.726767718791962
"species_2_contemp_ice_extrap",101.125962397576,0.727690637111664
"species_2_contemp_ice_extrap",101.375491581893,0.728616178035736
"species_2_contemp_ice_extrap",101.625020766211,0.729544401168823
"species_2_contemp_ice_extrap",101.874549950529,0.730475187301636
"species_2_contemp_ice_extrap",102.124079134846,0.731408536434174
"species_2_contemp_ice_extrap",102.373608319164,0.732344448566437
"species_2_contemp_ice_extrap",102.623137503481,0.733282804489136
"species_2_contemp_ice_extrap",102.872666687799,0.73422360420227
"species_2_contemp_ice_extrap",103.122195872117,0.735166847705841
"species_2_contemp_ice_extrap",103.371725056434,0.736112534999847
"species_2_contemp_ice_extrap",103.621254240752,0.737060487270355
"species_2_contemp_ice_extrap",103.870783425069,0.738010823726654
"species_2_contemp_ice_extrap",104.120312609387,0.738963425159454
"species_2_contemp_ice_extrap",104.369841793704,0.739918231964111
"species_2_contemp_ice_extrap",104.619370978022,0.74023699760437
"species_2_contemp_ice_extrap",104.86890016234,0.74023699760437
"species_2_contemp_ice_extrap",105.118429346657,0.74023699760437
"species_2_contemp_ice_extrap",105.367958530975,0.74023699760437
"species_2_contemp_ice_extrap",105.617487715292,0.74023699760437
"species_2_contemp_ice_extrap",105.86701689961,0.74023699760437
"species_2_contemp_ice_extrap",106.116546083928,0.74023699760437
"species_2_contemp_ice_extrap",106.366075268245,0.74023699760437
"species_2_contemp_ice_extrap",106.615604452563,0.74023699760437
"species_2_contemp_ice_extrap",106.86513363688,0.74023699760437
"species_2_contemp_ice_extrap",107.114662821198,0.74023699760437
"species_2_contemp_ice_extrap",107.364192005516,0.74023699760437
"species_2_contemp_ice_extrap",107.613721189833,0.74023699760437
"species_2_contemp_ice_extrap",107.863250374151,0.74023699760437
"species_2_contemp_ice_extrap",108.112779558468,0.74023699760437
"species_2_contemp_ice_extrap",108.362308742786,0.74023699760437
"species_2_contemp_ice_extrap",108.611837927104,0.74023699760437
"species_2_contemp_ice_extrap",108.861367111421,0.74023699760437
"species_2_contemp_ice_extrap",109.110896295739,0.74023699760437
"species_2_contemp_ice_extrap",109.360425480056,0.74023699760437
"species_2_contemp_ice_extrap",109.609954664374,0.74023699760437
"species_2_contemp_ice_extrap",109.859483848691,0.74023699760437
"species_2_contemp_ice_extrap",110.109013033009,0.74023699760437
"species_2_contemp_ice_extrap",110.358542217327,0.74023699760437
"species_2_contemp_ice_extrap",110.608071401644,0.74023699760437
"species_2_contemp_ice_extrap",110.857600585962,0.74023699760437
"species_2_contemp_ice_extrap",111.107129770279,0.74023699760437
"species_2_contemp_ice_extrap",111.356658954597,0.74023699760437
"species_2_contemp_ice_extrap",111.606188138915,0.74023699760437
"species_2_contemp_ice_extrap",111.855717323232,0.74023699760437
"species_2_contemp_ice_extrap",112.10524650755,0.74023699760437
"species_2_contemp_ice_extrap",112.354775691867,0.74023699760437
"species_2_contemp_ice_extrap",112.604304876185,0.74023699760437
"species_2_contemp_ice_extrap",112.853834060503,0.74023699760437
"species_2_contemp_ice_extrap",113.10336324482,0.74023699760437
"species_2_contemp_ice_extrap",113.352892429138,0.74023699760437
"species_2_contemp_ice_extrap",113.602421613455,0.74023699760437
"species_2_contemp_ice_extrap",113.851950797773,0.74023699760437
"species_2_contemp_ice_extrap",114.10147998209,0.74023699760437
"species_2_contemp_ice_extrap",114.351009166408,0.74023699760437
"species_2_contemp_ice_extrap",114.600538350726,0.74023699760437
"species_2_contemp_ice_extrap",114.850067535043,0.74023699760437
"species_3_bathy_extrap_only",-22.5434192895889,0.839815437793732
"species_3_bathy_extrap_only",-21.9775332191467,0.839815437793732
"species_3_bathy_extrap_only",-21.4116471487045,0.839815437793732
"species_3_bathy_extrap_only",-20.8457610782623,0.839815437793732
"species_3_bathy_extrap_only",-20.2798750078201,0.839815437793732
"species_3_bathy_extrap_only",-19.7139889373779,0.839815437793732
"species_3_bathy_extrap_only",-19.1481028669357,0.839815437793732
"species_3_bathy_extrap_only",-18.5822167964935,0.839815437793732
"species_3_bathy_extrap_only",-18.0163307260513,0.839815437793732
"species_3_bathy_extrap_only",-17.4504446556091,0.839815437793732
"species_3_bathy_extrap_only",-16.8845585851669,0.839815437793732
"species_3_bathy_extrap_only",-16.3186725147247,0.839815437793732
"species_3_bathy_extrap_only",-15.7527864442825,0.839815437793732
"species_3_bathy_extrap_only",-15.1869003738403,0.839815437793732
"species_3_bathy_extrap_only",-14.6210143033981,0.839815437793732
"species_3_bathy_extrap_only",-14.0551282329559,0.839815437793732
"species_3_bathy_extrap_only",-13.4892421625137,0.839815437793732
"species_3_bathy_extrap_only",-12.9233560920715,0.839815437793732
"species_3_bathy_extrap_only",-12.3574700216293,0.839815437793732
"species_3_bathy_extrap_only",-11.7915839511871,0.839815437793732
"species_3_bathy_extrap_only",-11.2256978807449,0.839815437793732
"species_3_bathy_extrap_only",-10.6598118103027,0.839815437793732
"species_3_bathy_extrap_only",-10.0939257398605,0.839815437793732
"species_3_bathy_extrap_only",-9.52803966941834,0.839815437793732
"species_3_bathy_extrap_only",-8.96215359897614,0.839815437793732
"species_3_bathy_extrap_only",-8.39626752853394,0.839815437793732
"species_3_bathy_extrap_only",-7.83038145809174,0.839815437793732
"species_3_bathy_extrap_only",-7.26449538764954,0.839815437793732
"species_3_bathy_extrap_only",-6.69860931720734,0.839815437793732
"species_3_bathy_extrap_only",-6.13272324676514,0.839815437793732
"species_3_bathy_extrap_only",-5.56683717632294,0.839815437793732
"species_3_bathy_extrap_only",-5.00095110588074,0.839815437793732
"species_3_bathy_extrap_only",-4.43506503543854,0.839815437793732
"species_3_bathy_extrap_only",-3.86917896499634,0.839815437793732
"species_3_bathy_extrap_only",-3.30329289455414,0.839815437793732
"species_3_bathy_extrap_only",-2.73740682411194,0.839815437793732
"species_3_bathy_extrap_only",-2.17152075366974,0.839815437793732
"species_3_bathy_extrap_only",-1.60563468322754,0.839815437793732
"species_3_bathy_extrap_only",-1.03974861278534,0.839815437793732
"species_3_bathy_extrap_only",-0.473862542343138,0.839815437793732
"species_3_bathy_extrap_only",0.0920235280990624,0.839815437793732
"species_3_bathy_extrap_only",0.657909598541263,0.839815437793732
"species_3_bathy_extrap_only",1.22379566898346,0.706809520721436
"species_3_bathy_extrap_only",1.78968173942566,0.719505369663239
"species_3_bathy_extrap_only",2.35556780986786,0.731859982013702
"species_3_bathy_extrap_only",2.92145388031006,0.743864178657532
"species_3_bathy_extrap_only",3.48733995075226,0.738380372524261
"species_3_bathy_extrap_only",4.05322602119446,0.701761186122894
"species_3_bathy_extrap_only",4.61911209163666,0.66236013174057
"species_3_bathy_extrap_only",5.18499816207886,0.620568215847015
"species_3_bathy_extrap_only",5.75088423252106,0.576907694339752
"species_3_bathy_extrap_only",6.31677030296326,0.532011926174164
"species_3_bathy_extrap_only",6.88265637340546,0.486591726541519
"species_3_bathy_extrap_only",7.44854244384766,0.441391944885254
"species_3_bathy_extrap_only",8.01442851428986,0.396900594234467
"species_3_bathy_extrap_only",8.58031458473206,0.35206013917923
"species_3_bathy_extrap_only",9.14620065517426,0.3096843957901
"species_3_bathy_extrap_only",9.71208672561646,0.270281493663788
"species_3_bathy_extrap_only",10.2779727960587,0.234191223978996
"species_3_bathy_extrap_only",10.8438588665009,0.201588794589043
"species_3_bathy_extrap_only",11.4097449369431,0.172502622008324
"species_3_bathy_extrap_only",11.9756310073853,0.14684134721756
"species_3_bathy_extrap_only",12.5415170778275,0.124423392117023
"species_3_bathy_extrap_only",13.1074031482697,0.105006724596024
"species_3_bathy_extrap_only",13.6732892187119,0.0883144438266754
"species_3_bathy_extrap_only",14.2391752891541,0.0740560963749886
"species_3_bathy_extrap_only",14.8050613595963,0.0619433298707008
"species_3_bathy_extrap_only",15.3709474300385,0.0517011322081089
"species_3_bathy_extrap_only",15.9368335004807,0.0430747047066688
"species_3_bathy_extrap_only",16.5027195709229,0.0358332134783268
"species_3_bathy_extrap_only",17.0686056413651,0.0297712590545416
"species_3_bathy_extrap_only",17.6344917118073,0.0247085336595774
"species_3_bathy_extrap_only",18.2003777822495,0.0204885508865118
"species_3_bathy_extrap_only",18.7662638526917,0.0169767662882805
"species_3_bathy_extrap_only",19.3321499231339,0.0140582714229822
"species_3_bathy_extrap_only",19.8980359935761,0.0116355586796999
"species_3_bathy_extrap_only",20.4639220640183,0.00964913424104452
"species_3_bathy_extrap_only",21.0298081344605,0.00836560875177383
"species_3_bathy_extrap_only",21.5956942049027,0.00782268866896629
"species_3_bathy_extrap_only",22.1615802753449,0.00736122624948621
"species_3_bathy_extrap_only",22.7274663457871,0.00703693274408579
"species_3_bathy_extrap_only",23.2933524162293,0.00679995305836201
"species_3_bathy_extrap_only",23.8592384866715,0.00658746203407645
"species_3_bathy_extrap_only",24.4251245571137,0.0063815675675869
"species_3_bathy_extrap_only",24.9910106275558,0.0061820694245398
"species_3_bathy_extrap_only",25.5568966979981,0.00598877016454935
"species_3_bathy_extrap_only",26.1227827684403,0.00580147886648774
"species_3_bathy_extrap_only",26.6886688388825,0.00562001252546906
"species_3_bathy_extrap_only",27.2545549093247,0.00544419093057513
"species_3_bathy_extrap_only",27.8204409797669,0.00527384085580707
"species_3_bathy_extrap_only",28.386327050209,0.00510879326611757
"species_3_bathy_extrap_only",28.9522131206513,0.00494888564571738
"species_3_bathy_extrap_only",29.5180991910935,0.00479395920410752
"species_3_bathy_extrap_only",30.0839852615356,0.00464386027306318
"species_3_bathy_extrap_only",30.6498713319779,0.00449843890964985
"species_3_bathy_extrap_only",31.21575740242,0.00435755215585232
"species_3_bathy_extrap_only",31.7816434728622,0.00422105891630054
"species_3_bathy_extrap_only",32.3475295433045,0.00408882321789861
"species_3_bathy_extrap_only",32.9134156137467,0.00396071467548609
"species_3_bathy_extrap_only",33.4793016841889,0.00383660360239446
"species_3_bathy_extrap_only",34.045187754631,0.00371636706404388
"species_3_bathy_extrap_only",34.6110738250733,0.00359988585114479
"species_3_bathy_extrap_only",35.1769598955155,0.00348704168573022
"species_3_bathy_extrap_only",35.7428459659576,0.00337772304192185
"species_3_bathy_extrap_only",36.3087320363999,0.00327182095497847
"species_3_bathy_extrap_only",36.874618106842,0.00316922808997333
"species_3_bathy_extrap_only",37.4405041772843,0.00306984200142324
"species_3_bathy_extrap_only",38.0063902477265,0.00297356420196593
"species_3_bathy_extrap_only",38.5722763181687,0.00288029643706977
"species_3_bathy_extrap_only",39.1381623886109,0.00278994673863053
"species_3_bathy_extrap_only",39.704048459053,0.00270242267288268
"species_3_bathy_extrap_only",40.2699345294953,0.00261763716116548
"species_3_bathy_extrap_only",40.8358205999374,0.00253550545312464
"species_3_bathy_extrap_only",41.4017066703797,0.0024559439625591
"species_3_bathy_extrap_only",41.9675927408218,0.00237887306138873
"species_3_bathy_extrap_only",42.533478811264,0.00230421544983983
"species_3_bathy_extrap_only",43.0993648817062,0.00223189522512257
"species_3_bathy_extrap_only",43.6652509521485,0.00216184020973742
"species_3_bathy_extrap_only",44.2311370225907,0.00209397962316871
"species_3_bathy_extrap_only",44.7970230930329,0.00202824454754591
"species_3_bathy_extrap_only",45.362909163475,0.00196456932462752
"species_3_bathy_extrap_only",45.9287952339173,0.00190288899466395
"species_3_bathy_extrap_only",46.4946813043595,0.001843141624704
"species_3_bathy_extrap_only",47.0605673748017,0.00178526726085693
"species_3_bathy_extrap_only",47.6264534452438,0.00172920653130859
"species_3_bathy_extrap_only",48.192339515686,0.00167490332387388
"species_3_bathy_extrap_only",48.7582255861283,0.00162230303976685
"species_3_bathy_extrap_only",49.3241116565705,0.00157135166227818
"species_3_bathy_extrap_only",49.8899977270126,0.00152199808508158
"species_3_bathy_extrap_only",50.4558837974549,0.00147419271524996
"species_3_bathy_extrap_only",51.021769867897,0.0014278864255175
"species_3_bathy_extrap_only",51.5876559383393,0.00138303288258612
"species_3_bathy_extrap_only",52.1535420087815,0.0013395861024037
"species_3_bathy_extrap_only",52.7194280792236,0.00129750254563987
"species_3_bathy_extrap_only",53.2853141496658,0.00125673948787153
"species_3_bathy_extrap_only",53.851200220108,0.00121725536882877
"species_3_bathy_extrap_only",54.4170862905503,0.00117901025805622
"species_3_bathy_extrap_only",54.9829723609925,0.00114196562208235
"species_3_bathy_extrap_only",55.5488584314346,0.00110608339309692
"species_3_bathy_extrap_only",56.1147445018768,0.00107132748235017
"species_3_bathy_extrap_only",56.680630572319,0.0010376627324149
"species_3_bathy_extrap_only",57.2465166427613,0.00100505456794053
"species_3_bathy_extrap_only",57.8124027132034,0.000973470392636955
"species_3_bathy_extrap_only",58.3782887836457,0.000942877552006394
"species_3_bathy_extrap_only",58.9441748540878,0.000913245254196227
"species_3_bathy_extrap_only",59.5100609245301,0.000884543580468744
"species_3_bathy_extrap_only",60.0759469949722,0.000856743019539863
"species_3_bathy_extrap_only",60.6418330654145,0.000829815515317023
"species_3_bathy_extrap_only",61.2077191358566,0.000803733768407255
"species_3_bathy_extrap_only",61.7736052062988,0.000778471061494201
"species_3_bathy_extrap_only",62.339491276741,0.000754001724999398
"species_3_bathy_extrap_only",62.9053773471832,0.000730301137082279
"species_3_bathy_extrap_only",63.4712634176254,0.000707344908732921
"species_3_bathy_extrap_only",64.0371494880677,0.000685109873302281
"species_3_bathy_extrap_only",64.6030355585098,0.000663573213387281
"species_3_bathy_extrap_only",65.1689216289521,0.000642713101115078
"species_3_bathy_extrap_only",65.7348076993943,0.0006225083488971
"species_3_bathy_extrap_only",66.3006937698364,0.000602938409429044
"species_3_bathy_extrap_only",66.8665798402786,0.00058398355031386
"species_3_bathy_extrap_only",67.4324659107209,0.0005656240391545
"species_3_bathy_extrap_only",67.998351981163,0.000547841365914792
"species_3_bathy_extrap_only",68.5642380516053,0.000530617486219853
"species_3_bathy_extrap_only",69.1301241220474,0.000513934879563749
"species_3_bathy_extrap_only",69.6960101924896,0.000497776665724814
"species_3_bathy_extrap_only",70.2618962629319,0.000482126051792875
"species_3_bathy_extrap_only",70.827782333374,0.000466967263491824
"species_3_bathy_extrap_only",71.3936684038162,0.00045228487579152
"species_3_bathy_extrap_only",71.9595544742585,0.000438063929323107
"species_3_bathy_extrap_only",72.5254405447006,0.000424289930379018
"species_3_bathy_extrap_only",73.0913266151429,0.000410949054639786
"species_3_bathy_extrap_only",73.657212685585,0.000398027274059132
"species_3_bathy_extrap_only",74.2230987560272,0.000385511666536331
"species_3_bathy_extrap_only",74.7889848264694,0.000373389455489814
"species_3_bathy_extrap_only",75.3548708969116,0.000361648271791637
"species_3_bathy_extrap_only",75.9207569673538,0.000350276328390464
"species_3_bathy_extrap_only",76.4866430377961,0.000339261692715809
"species_3_bathy_extrap_only",77.0525291082382,0.000328593305312097
"species_3_bathy_extrap_only",77.6184151786804,0.000318260281346738
"species_3_bathy_extrap_only",78.1843012491227,0.000308252114336938
"species_3_bathy_extrap_only",78.7501873195648,0.000298558559734374
"species_3_bathy_extrap_only",79.316073390007,0.000289169867755845
"species_3_bathy_extrap_only",79.8819594604493,0.000280076230410486
"species_3_bathy_extrap_only",80.4478455308914,0.000271268479991704
"species_3_bathy_extrap_only",81.0137316013337,0.000262737623415887
"species_3_bathy_extrap_only",81.5796176717758,0.00025447498774156
"species_3_bathy_extrap_only",82.145503742218,0.000246472249273211
"species_3_bathy_extrap_only",82.7113898126602,0.000238721011555754
"species_3_bathy_extrap_only",83.2772758831024,0.000231213489314541
"species_3_bathy_extrap_only",83.8431619535446,0.000223942013690248
"species_3_bathy_extrap_only",84.4090480239869,0.000216899163206108
"species_3_bathy_extrap_only",84.974934094429,0.000210077778319828
"species_3_bathy_extrap_only",85.5408201648712,0.000203470946871676
"species_3_bathy_extrap_only",86.1067062353134,0.000197071785805747
"species_3_bathy_extrap_only",86.6725923057556,0.000190873834071681
"species_3_bathy_extrap_only",87.2384783761978,0.000184870776138268
"species_3_bathy_extrap_only",87.80436444664,0.000179056471097283
"species_3_bathy_extrap_only",88.3702505170822,0.000173425083630718
"species_3_bathy_extrap_only",88.9361365875245,0.000167970705660991
"species_3_bathy_extrap_only",89.5020226579666,0.000162687836564146
"species_3_bathy_extrap_only",90.0679087284088,0.000157571092131548
"species_3_bathy_extrap_only",90.633794798851,0.000152615262777545
"species_3_bathy_extrap_only",91.1996808692932,0.000147815269883722
"species_3_bathy_extrap_only",91.7655669397354,0.000143166282214224
"species_3_bathy_extrap_only",92.3314530101776,0.000138663439429365
"species_3_bathy_extrap_only",92.8973390806198,0.000134302201331593
"species_3_bathy_extrap_only",93.463225151062,0.000130078100482933
"species_3_bathy_extrap_only",94.0291112215042,0.000125986858620308
"species_3_bathy_extrap_only",94.5949972919464,0.000122024321171921
"species_3_bathy_extrap_only",95.1608833623886,0.000118186348117888
"species_3_bathy_extrap_only",95.7267694328308,0.000114469075924717
"species_3_bathy_extrap_only",96.292655503273,0.00011086871381849
"species_3_bathy_extrap_only",96.8585415737153,0.000107381572888698
"species_3_bathy_extrap_only",97.4244276441574,0.000104004109743983
"species_3_bathy_extrap_only",97.9903137145996,0.000100732904684264
"species_3_bathy_extrap_only",98.5561997850418,9.75645380094647e-05
"species_3_bathy_extrap_only",99.122085855484,9.44958155741915e-05
"species_3_bathy_extrap_only",99.6879719259262,9.15236014407128e-05
"species_3_bathy_extrap_only",100.253857996368,8.86448688106611e-05
"species_3_bathy_extrap_only",100.819744066811,8.58567145769484e-05
"species_3_bathy_extrap_only",101.385630137253,8.31562138046138e-05
"species_3_bathy_extrap_only",101.951516207695,8.05406380095519e-05
"species_3_bathy_extrap_only",102.517402278137,7.80073314672336e-05
"species_3_bathy_extrap_only",103.083288348579,7.55537039367482e-05
"species_3_bathy_extrap_only",103.649174419022,7.31772452127188e-05
"species_3_bathy_extrap_only",104.215060489464,7.08755542291328e-05
"species_3_bathy_extrap_only",104.780946559906,6.86462299199775e-05
"species_3_bathy_extrap_only",105.346832630348,6.648702401435e-05
"species_3_bathy_extrap_only",105.91271870079,6.43957246211357e-05
"species_3_bathy_extrap_only",106.478604771233,6.23702071607113e-05
"species_3_bathy_extrap_only",107.044490841675,6.04083943471778e-05
"species_3_bathy_extrap_only",107.610376912117,5.85083107580431e-05
"species_3_bathy_extrap_only",108.176262982559,5.66679627809208e-05
"species_3_bathy_extrap_only",108.742149053001,5.48855023225769e-05
"species_3_bathy_extrap_only",109.308035123444,5.31591031176504e-05
"species_3_bathy_extrap_only",109.873921193886,5.14870043843985e-05
"species_3_bathy_extrap_only",110.439807264328,4.98675181006547e-05
"species_3_bathy_extrap_only",111.00569333477,4.8298948968295e-05
"species_3_bathy_extrap_only",111.571579405212,4.67797181045171e-05
"species_3_bathy_extrap_only",112.137465475655,4.53082720923703e-05
"species_3_bathy_extrap_only",112.703351546097,4.38831084466074e-05
"species_3_bathy_extrap_only",113.269237616539,4.25027683377266e-05
"species_3_bathy_extrap_only",113.835123686981,4.11658656958025e-05
"species_3_bathy_extrap_only",114.401009757423,3.98709926230367e-05
"species_3_bathy_extrap_only",114.966895827866,3.86168503609952e-05
"species_3_bathy_extrap_only",115.532781898308,3.74021547031589e-05
"species_3_bathy_extrap_only",116.09866796875,3.62256687367335e-05
"species_3_bathy_extrap_only",116.664554039192,3.50861992046703e-05
"species_3_bathy_extrap_only",117.230440109634,3.39825564878993e-05
"species_3_bathy_extrap_only",117.796326180077,3.29136310028844e-05
"species_3_bathy_extrap_only",118.362212250519,3.18783240800258e-05
"species_3_bathy_extrap_only",118.928098320961,3.08755843434483e-05
"species_3_bathy_extrap_only",119.493984391403,2.99043822451495e-05
"species_3_bathy_extrap_only",120.059870461845,2.8963742806809e-05
"species_3_bathy_extrap_only",120.625756532288,2.80526783171808e-05
"species_3_bathy_extrap_only",121.19164260273,2.71702720056055e-05
"species_3_bathy_extrap_only",121.757528673172,2.63156198343495e-05
"species_3_bathy_extrap_only",122.323414743614,2.54878505074885e-05
"species_3_bathy_extrap_only",122.889300814056,2.46861291088862e-05
"species_3_bathy_extrap_only",123.455186884499,2.39096152654383e-05
"species_3_bathy_extrap_only",124.021072954941,2.31575268117012e-05
"species_3_bathy_extrap_only",124.586959025383,2.24290943151573e-05
"species_3_bathy_extrap_only",125.152845095825,2.17235756281298e-05
"species_3_bathy_extrap_only",125.718731166267,2.10402486118255e-05
"species_3_bathy_extrap_only",126.28461723671,2.03784238692606e-05
"species_3_bathy_extrap_only",126.850503307152,1.97374083654722e-05
"species_3_bathy_extrap_only",127.416389377594,1.91165545402328e-05
"species_3_bathy_extrap_only",127.982275448036,1.85152312042192e-05
"species_3_bathy_extrap_only",128.548161518478,1.79328308149707e-05
"species_3_bathy_extrap_only",129.114047588921,1.73687403730582e-05
"species_3_bathy_extrap_only",129.679933659363,1.68223941727774e-05
"species_3_bathy_extrap_only",130.245819729805,1.62932337843813e-05
"species_3_bathy_extrap_only",130.811705800247,1.5780718968017e-05
"species_3_bathy_extrap_only",131.377591870689,1.5284324035747e-05
"species_3_bathy_extrap_only",131.943477941132,1.48035442180117e-05
"species_3_bathy_extrap_only",132.509364011574,1.43378874781774e-05
"species_3_bathy_extrap_only",133.075250082016,1.38868781505153e-05
"species_3_bathy_extrap_only",133.641136152458,1.34500669446425e-05
"species_3_bathy_extrap_only",134.2070222229,1.30269836517982e-05
"species_3_bathy_extrap_only",134.772908293343,1.2617208994925e-05
"species_3_bathy_extrap_only",135.338794363785,1.22203246064601e-05
"species_3_bathy_extrap_only",135.904680434227,1.18359230327769e-05
"species_3_bathy_extrap_only",136.470566504669,1.14636141006486e-05
"species_3_bathy_extrap_only",137.036452575111,1.11030158223002e-05
"species_3_bathy_extrap_only",137.602338645554,1.07537607618724e-05
"species_3_bathy_extrap_only",138.168224715996,1.04154914879473e-05
"species_3_bathy_extrap_only",138.734110786438,1.00878633020329e-05
"species_3_bathy_extrap_only",139.29999685688,9.77053969108965e-06
"species_3_bathy_extrap_only",139.865882927322,9.46319869399304e-06
"species_3_bathy_extrap_only",140.431768997765,9.16553290153388e-06
"species_3_bathy_extrap_only",140.997655068207,8.87722217157716e-06
"species_3_bathy_extrap_only",141.563541138649,8.59798092278652e-06
"species_3_bathy_extrap_only",142.129427209091,8.3275226643309e-06
"species_3_bathy_extrap_only",142.695313279533,8.06557272881037e-06
"species_3_bathy_extrap_only",143.261199349976,7.81186190579319e-06
"species_3_bathy_extrap_only",143.827085420418,7.56613189878408e-06
"species_3_bathy_extrap_only",144.39297149086,7.32813168724533e-06
"species_3_bathy_extrap_only",144.958857561302,7.09761798134423e-06
"species_3_bathy_extrap_only",145.524743631744,6.87435522195301e-06
"species_3_bathy_extrap_only",146.090629702187,6.65811558064888e-06
"species_3_bathy_extrap_only",146.656515772629,6.44868305244017e-06
"species_3_bathy_extrap_only",147.222401843071,6.24583299213555e-06
"species_3_bathy_extrap_only",147.788287913513,6.04936394665856e-06
"species_3_bathy_extrap_only",148.354173983955,5.85907491768012e-06
"species_3_bathy_extrap_only",148.920060054398,5.6747717280814e-06
"species_3_bathy_extrap_only",149.48594612484,5.49626565771177e-06
"species_3_bathy_extrap_only",150.051832195282,5.3233748076309e-06
"species_3_bathy_extrap_only",150.617718265724,5.15592228111927e-06
"species_3_bathy_extrap_only",151.183604336166,4.99373754792032e-06
"species_3_bathy_extrap_only",151.749490406609,4.83665417050361e-06
"species_3_bathy_extrap_only",152.315376477051,4.68451162305428e-06
"species_3_bathy_extrap_only",152.881262547493,4.53715938419919e-06
"species_3_bathy_extrap_only",153.447148617935,4.39443783761817e-06
"species_3_bathy_extrap_only",154.013034688377,4.25620601163246e-06
"species_3_bathy_extrap_only",154.57892075882,4.12232247981592e-06
"species_3_bathy_extrap_only",155.144806829262,3.99265036321594e-06
"species_3_bathy_extrap_only",155.710692899704,3.86705687560607e-06
"species_3_bathy_extrap_only",156.276578970146,3.74541446035437e-06
"species_3_bathy_extrap_only",156.842465040588,3.62759828931303e-06
"species_3_bathy_extrap_only",157.408351111031,3.51348808180774e-06
"species_3_bathy_extrap_only",157.974237181473,3.40296742251667e-06
"species_3_bathy_extrap_only",158.540123251915,3.29592330672313e-06
"species_3_bathy_extrap_only",159.106009322357,3.19224909617333e-06
"species_3_bathy_extrap_only",159.671895392799,3.09183315039263e-06
"species_3_bathy_extrap_only",160.237781463242,2.99457610708487e-06
"species_3_bathy_extrap_only",160.803667533684,2.90037837658019e-06
"species_3_bathy_extrap_only",161.369553604126,2.80914355244022e-06
"species_3_bathy_extrap_only",161.935439674568,2.72077886620536e-06
"species_3_bathy_extrap_only",162.50132574501,2.63519359577913e-06
"species_3_bathy_extrap_only",163.067211815453,2.55230065704382e-06
"species_3_bathy_extrap_only",163.633097885895,2.47201501224481e-06
"species_3_bathy_extrap_only",164.198983956337,2.39425503423263e-06
"species_3_bathy_extrap_only",164.764870026779,2.31894091484719e-06
"species_3_bathy_extrap_only",165.330756097221,2.24599784814927e-06
"species_3_bathy_extrap_only",165.896642167664,2.17534739022085e-06
"species_3_bathy_extrap_only",166.462528238106,2.10691928259621e-06
"species_3_bathy_extrap_only",167.028414308548,2.04064372155699e-06
"species_3_bathy_extrap_only",167.59430037899,1.97645294974791e-06
"species_3_bathy_extrap_only",168.160186449432,1.91428125617676e-06
"species_3_bathy_extrap_only",168.726072519875,1.85406531727494e-06
"species_3_bathy_extrap_only",169.291958590317,1.7957435147764e-06
"species_3_bathy_extrap_only",169.857844660759,1.73925627677818e-06
"species_3_bathy_extrap_only",170.423730731201,1.68454596405354e-06
"species_3_bathy_extrap_only",170.989616801643,1.6315565289915e-06
"species_3_bathy_extrap_only",171.555502872086,1.58023533458618e-06
"species_3_bathy_extrap_only",172.121388942528,1.53052724272129e-06
"species_3_bathy_extrap_only",172.68727501297,1.48238268593559e-06
"species_3_bathy_extrap_only",173.253161083412,1.43575255151518e-06
"species_3_bathy_extrap_only",173.819047153854,1.39058931836189e-06
"species_3_bathy_extrap_only",174.384933224297,1.34684660224593e-06
"species_3_bathy_extrap_only",174.950819294739,1.30447995161376e-06
"species_3_bathy_extrap_only",175.516705365181,1.26344605178019e-06
"species_3_bathy_extrap_only",176.082591435623,1.22370283861528e-06
"species_3_bathy_extrap_only",176.648477506065,1.18520972591796e-06
"species_3_bathy_extrap_only",177.214363576508,1.14792760541604e-06
"species_3_bathy_extrap_only",177.78024964695,1.11181907413993e-06
"species_3_bathy_extrap_only",178.346135717392,1.07684547856479e-06
"species_3_bathy_extrap_only",178.912021787834,1.04297203051829e-06
"species_3_bathy_extrap_only",179.477907858276,1.01016416920174e-06
"species_3_bathy_extrap_only",180.043793928719,9.78388243311201e-07
"species_3_bathy_extrap_only",180.609679999161,9.47611852097907e-07
"species_3_bathy_extrap_only",181.175566069603,9.17803561151231e-07
"species_3_bathy_extrap_only",181.741452140045,8.88932959242084e-07
"species_3_bathy_extrap_only",182.307338210487,8.60970487792656e-07
"species_3_bathy_extrap_only",182.87322428093,8.33887611406681e-07
"species_3_bathy_extrap_only",183.439110351372,8.07656704182591e-07
"species_3_bathy_extrap_only",184.004996421814,7.82251561304292e-07
"species_3_bathy_extrap_only",184.570882492256,7.57644897930732e-07
"species_3_bathy_extrap_only",185.136768562698,7.33812271391798e-07
"species_3_bathy_extrap_only",185.702654633141,7.10729295860801e-07
"species_3_bathy_extrap_only",186.268540703583,6.88372438162332e-07
"species_3_bathy_extrap_only",186.834426774025,6.66718847242009e-07
"species_3_bathy_extrap_only",187.400312844467,6.45746411009895e-07
"species_3_bathy_extrap_only",187.966198914909,6.2543369949708e-07
"species_3_bathy_extrap_only",188.532084985352,6.0575990801226e-07
"species_3_bathy_extrap_only",189.097971055794,5.86705027671997e-07
"species_3_bathy_extrap_only",189.663857126236,5.68249504340201e-07
"species_3_bathy_extrap_only",190.229743196678,5.50374977592583e-07
"species_3_bathy_extrap_only",190.79562926712,5.33062291196984e-07
"species_3_bathy_extrap_only",191.361515337563,5.16294164754072e-07
"species_3_bathy_extrap_only",191.927401408005,5.00053488394769e-07
"species_3_bathy_extrap_only",192.493287478447,4.84323720684188e-07
"species_3_bathy_extrap_only",193.059173548889,4.69088718091371e-07
"species_3_bathy_extrap_only",193.625059619331,4.54332962362969e-07
"species_3_bathy_extrap_only",194.190945689774,4.40041361571275e-07
"species_3_bathy_extrap_only",194.756831760216,4.26199335379351e-07
"species_3_bathy_extrap_only",195.322717830658,4.12792729775902e-07
"species_3_bathy_extrap_only",195.8886039011,3.99807817075271e-07
"species_3_bathy_extrap_only",196.454489971542,3.87231722243087e-07
"species_3_bathy_extrap_only",197.020376041985,3.75050859702242e-07
"species_3_bathy_extrap_only",197.586262112427,3.63253178647938e-07
"species_3_bathy_extrap_only",198.152148182869,3.51826628275376e-07
"species_3_bathy_extrap_only",198.718034253311,3.40759470418561e-07
"species_3_bathy_extrap_only",199.283920323753,3.30040478502269e-07
"species_3_bathy_extrap_only",199.849806394196,3.1965865332495e-07
"species_3_bathy_extrap_only",200.415692464638,3.09603393588986e-07
"species_3_bathy_extrap_only",200.98157853508,2.99864439057274e-07
"species_3_bathy_extrap_only",201.547464605522,2.90431842131511e-07
"species_3_bathy_extrap_only",202.113350675964,2.81295967852202e-07
"species_3_bathy_extrap_only",202.679236746407,2.72447692850619e-07
"species_3_bathy_extrap_only",203.245122816849,2.63877524275813e-07
"species_3_bathy_extrap_only",203.811008887291,2.55576935614954e-07
"species_3_bathy_extrap_only",204.376894957733,2.47537428776923e-07
"species_3_bathy_extrap_only",204.942781028175,2.39750846731113e-07
"species_3_bathy_extrap_only",205.508667098618,2.32209188766319e-07
"species_3_bathy_extrap_only",206.07455316906,2.24904766810141e-07
"species_3_bathy_extrap_only",206.640439239502,2.17830120163853e-07
"species_3_bathy_extrap_only",207.206325309944,2.10978001291551e-07
"species_3_bathy_extrap_only",207.772211380386,2.04341432663568e-07
"species_3_bathy_extrap_only",208.338097450829,1.97913621491352e-07
"species_3_bathy_extrap_only",208.903983521271,1.91688172890281e-07
"species_3_bathy_extrap_only",209.469869591713,1.85658379336928e-07
"species_3_bathy_extrap_only",210.035755662155,1.79818272272314e-07
"species_3_bathy_extrap_only",210.601641732597,1.74161868926603e-07
"species_3_bathy_extrap_only",211.16752780304,1.68683399692782e-07
"species_3_bathy_extrap_only",211.733413873482,1.63377251283237e-07
"species_3_bathy_extrap_only",212.299299943924,1.58238023573176e-07
"species_3_bathy_extrap_only",212.865186014366,1.53260458546356e-07
"species_3_bathy_extrap_only",213.431072084808,1.48439454505933e-07
"species_3_bathy_extrap_only",213.996958155251,1.43770108707031e-07
"species_3_bathy_extrap_only",214.562844225693,1.39247646302465e-07
"species_3_bathy_extrap_only",215.128730296135,1.34867562451291e-07
"species_3_bathy_extrap_only",215.694616366577,1.30625139149743e-07
"species_3_bathy_extrap_only",216.260502437019,1.2651615577397e-07
"species_3_bathy_extrap_only",216.826388507462,1.22536434332687e-07
"species_3_bathy_extrap_only",217.392274577904,1.18681903416018e-07
"species_3_bathy_extrap_only",217.958160648346,1.14948619511779e-07
"species_3_bathy_extrap_only",218.524046718788,1.11332774110906e-07
"species_3_bathy_extrap_only",219.08993278923,1.07830665285746e-07
"species_3_bathy_extrap_only",219.655818859673,1.04438719006339e-07
"species_3_bathy_extrap_only",220.221704930115,1.01153467824133e-07
"species_3_bathy_extrap_only",220.787591000557,9.79715650828439e-08
"species_3_bathy_extrap_only",221.353477070999,9.48898275510146e-08
"species_3_bathy_extrap_only",221.919363141441,9.19049512049242e-08
"species_3_bathy_extrap_only",222.485249211884,8.90139730813644e-08
"species_3_bathy_extrap_only",223.051135282326,8.62139302171272e-08
"species_3_bathy_extrap_only",223.617021352768,8.35019662304149e-08
"species_3_bathy_extrap_only",224.18290742321,8.08753028991305e-08
"species_3_bathy_extrap_only",224.748793493652,7.8331275688015e-08
"species_3_bathy_extrap_only",225.314679564095,7.58672697998009e-08
"species_3_bathy_extrap_only",225.880565634537,7.34807699132034e-08
"species_3_bathy_extrap_only",226.446451704979,7.11693459720664e-08
"species_3_bathy_extrap_only",227.012337775421,6.89306247636523e-08
"species_3_bathy_extrap_only",227.578223845863,6.67623822891983e-08
"species_3_bathy_extrap_only",228.144109916306,6.4662287968531e-08
"species_3_bathy_extrap_only",228.709995986748,6.26282599114347e-08
"species_3_bathy_extrap_only",229.27588205719,6.06582091222663e-08
"species_3_bathy_extrap_only",229.841768127632,5.87501318705108e-08
"species_3_bathy_extrap_only",230.407654198074,5.6902074163645e-08
"species_3_bathy_extrap_only",230.973540268517,5.51121495107054e-08
"species_3_bathy_extrap_only",231.539426338959,5.33785318168611e-08
"species_3_bathy_extrap_only",232.105312409401,5.16994447252728e-08
"species_3_bathy_extrap_only",232.671198479843,5.00731722752334e-08
"species_3_bathy_extrap_only",233.237084550285,4.84980589021689e-08
"species_3_bathy_extrap_only",233.802970620728,4.6972534306633e-08
"species_3_bathy_extrap_only",234.36885669117,4.54949571349061e-08
"species_3_bathy_extrap_only",234.934742761612,4.40638565635254e-08
"species_3_bathy_extrap_only",235.500628832054,4.26777724271688e-08
"species_3_bathy_extrap_only",236.066514902496,4.1335290745792e-08
"species_3_bathy_extrap_only",236.632400972939,4.00350401719152e-08
"species_3_bathy_extrap_only",237.198287043381,3.96107751043928e-08
"species_3_bathy_extrap_only",237.764173113823,3.96107751043928e-08
"species_3_bathy_extrap_only",238.330059184265,3.96107751043928e-08
"species_3_bathy_extrap_only",238.895945254707,3.96107751043928e-08
"species_3_bathy_extrap_only",239.46183132515,3.96107751043928e-08
"species_3_bathy_extrap_only",240.027717395592,3.96107751043928e-08
"species_3_bathy_extrap_only",240.593603466034,3.96107751043928e-08
"species_3_bathy_extrap_only",241.159489536476,3.96107751043928e-08
"species_3_bathy_extrap_only",241.725375606918,3.96107751043928e-08
"species_3_bathy_extrap_only",242.291261677361,3.96107751043928e-08
"species_3_bathy_extrap_only",242.857147747803,3.96107751043928e-08
"species_3_bathy_extrap_only",243.423033818245,3.96107751043928e-08
"species_3_bathy_extrap_only",243.988919888687,3.96107751043928e-08
"species_3_bathy_extrap_only",244.554805959129,3.96107751043928e-08
"species_3_bathy_extrap_only",245.120692029572,3.96107751043928e-08
"species_3_bathy_extrap_only",245.686578100014,3.96107751043928e-08
"species_3_bathy_extrap_only",246.252464170456,3.96107751043928e-08
"species_3_bathy_extrap_only",246.818350240898,3.96107751043928e-08
"species_3_bathy_extrap_only",247.38423631134,3.96107751043928e-08
"species_3_bathy_extrap_only",247.950122381783,3.96107751043928e-08
"species_3_bathy_extrap_only",248.516008452225,3.96107751043928e-08
"species_3_bathy_extrap_only",249.081894522667,3.96107751043928e-08
"species_3_bathy_extrap_only",249.647780593109,3.96107751043928e-08
"species_3_bathy_extrap_only",250.213666663551,3.96107751043928e-08
"species_3_bathy_extrap_only",250.779552733994,3.96107751043928e-08
"species_3_bathy_extrap_only",251.345438804436,3.96107751043928e-08
"species_3_bathy_extrap_only",251.911324874878,3.96107751043928e-08
"species_3_bathy_extrap_only",252.47721094532,3.96107751043928e-08
"species_3_bathy_extrap_only",253.043097015762,3.96107751043928e-08
"species_3_bathy_extrap_only",253.608983086205,3.96107751043928e-08
"species_3_bathy_extrap_only",254.174869156647,3.96107751043928e-08
"species_3_bathy_extrap_only",254.740755227089,3.96107751043928e-08
"species_3_bathy_extrap_only",255.306641297531,3.96107751043928e-08
"species_3_bathy_extrap_only",255.872527367973,3.96107751043928e-08
"species_3_bathy_extrap_only",256.438413438416,3.96107751043928e-08
"species_3_bathy_extrap_only",257.004299508858,3.96107751043928e-08
"species_3_bathy_extrap_only",257.5701855793,3.96107751043928e-08
"species_3_bathy_extrap_only",258.136071649742,3.96107751043928e-08
"species_3_bathy_extrap_only",258.701957720184,3.96107751043928e-08
"species_3_bathy_extrap_only",259.267843790627,3.96107751043928e-08
"species_3_bathy_extrap_only",259.833729861069,3.96107751043928e-08
"species_3_bathy_extrap_only",260.399615931511,3.96107751043928e-08
"species_3_bathy_extrap",-22.5434192895889,0.984989047050476
"species_3_bathy_extrap",-21.9775332191467,0.984989047050476
"species_3_bathy_extrap",-21.4116471487045,0.984989047050476
"species_3_bathy_extrap",-20.8457610782623,0.984989047050476
"species_3_bathy_extrap",-20.2798750078201,0.984989047050476
"species_3_bathy_extrap",-19.7139889373779,0.984989047050476
"species_3_bathy_extrap",-19.1481028669357,0.984989047050476
"species_3_bathy_extrap",-18.5822167964935,0.984989047050476
"species_3_bathy_extrap",-18.0163307260513,0.984989047050476
"species_3_bathy_extrap",-17.4504446556091,0.984989047050476
"species_3_bathy_extrap",-16.8845585851669,0.984989047050476
"species_3_bathy_extrap",-16.3186725147247,0.984989047050476
"species_3_bathy_extrap",-15.7527864442825,0.984989047050476
"species_3_bathy_extrap",-15.1869003738403,0.984989047050476
"species_3_bathy_extrap",-14.6210143033981,0.984989047050476
"species_3_bathy_extrap",-14.0551282329559,0.984989047050476
"species_3_bathy_extrap",-13.4892421625137,0.984989047050476
"species_3_bathy_extrap",-12.9233560920715,0.984989047050476
"species_3_bathy_extrap",-12.3574700216293,0.984989047050476
"species_3_bathy_extrap",-11.7915839511871,0.984989047050476
"species_3_bathy_extrap",-11.2256978807449,0.984989047050476
"species_3_bathy_extrap",-10.6598118103027,0.984989047050476
"species_3_bathy_extrap",-10.0939257398605,0.984989047050476
"species_3_bathy_extrap",-9.52803966941834,0.984989047050476
"species_3_bathy_extrap",-8.96215359897614,0.984989047050476
"species_3_bathy_extrap",-8.39626752853394,0.984989047050476
"species_3_bathy_extrap",-7.83038145809174,0.984989047050476
"species_3_bathy_extrap",-7.26449538764954,0.984989047050476
"species_3_bathy_extrap",-6.69860931720734,0.984989047050476
"species_3_bathy_extrap",-6.13272324676514,0.984989047050476
"species_3_bathy_extrap",-5.56683717632294,0.984989047050476
"species_3_bathy_extrap",-5.00095110588074,0.984989047050476
"species_3_bathy_extrap",-4.43506503543854,0.984989047050476
"species_3_bathy_extrap",-3.86917896499634,0.984989047050476
"species_3_bathy_extrap",-3.30329289455414,0.984989047050476
"species_3_bathy_extrap",-2.73740682411194,0.984989047050476
"species_3_bathy_extrap",-2.17152075366974,0.984989047050476
"species_3_bathy_extrap",-1.60563468322754,0.984989047050476
"species_3_bathy_extrap",-1.03974861278534,0.984989047050476
"species_3_bathy_extrap",-0.473862542343138,0.984989047050476
"species_3_bathy_extrap",0.0920235280990624,0.984989047050476
"species_3_bathy_extrap",0.657909598541263,0.984989047050476
"species_3_bathy_extrap",1.22379566898346,0.859606623649597
"species_3_bathy_extrap",1.78968173942566,0.719926834106445
"species_3_bathy_extrap",2.35556780986786,0.692467570304871
"species_3_bathy_extrap",2.92145388031006,0.66357421875
"species_3_bathy_extrap",3.48733995075226,0.633403301239014
"species_3_bathy_extrap",4.05322602119446,0.602148950099945
"species_3_bathy_extrap",4.61911209163666,0.575775027275085
"species_3_bathy_extrap",5.18499816207886,0.55196487903595
"species_3_bathy_extrap",5.75088423252106,0.527914047241211
"species_3_bathy_extrap",6.31677030296326,0.503732979297638
"species_3_bathy_extrap",6.88265637340546,0.479534387588501
"species_3_bathy_extrap",7.44854244384766,0.455431461334229
"species_3_bathy_extrap",8.01442851428986,0.431535571813583
"species_3_bathy_extrap",8.58031458473206,0.407633036375046
"species_3_bathy_extrap",9.14620065517426,0.376972854137421
"species_3_bathy_extrap",9.71208672561646,0.347266852855682
"species_3_bathy_extrap",10.2779727960587,0.31870424747467
"species_3_bathy_extrap",10.8438588665009,0.291442036628723
"species_3_bathy_extrap",11.4097449369431,0.265602648258209
"species_3_bathy_extrap",11.9756310073853,0.241274148225784
"species_3_bathy_extrap",12.5415170778275,0.218511000275612
"species_3_bathy_extrap",13.1074031482697,0.197336927056313
"species_3_bathy_extrap",13.6732892187119,0.177747935056686
"species_3_bathy_extrap",14.2391752891541,0.159716576337814
"species_3_bathy_extrap",14.8050613595963,0.143195807933807
"species_3_bathy_extrap",15.3709474300385,0.128123342990875
"species_3_bathy_extrap",15.9368335004807,0.114425532519817
"species_3_bathy_extrap",16.5027195709229,0.102020785212517
"species_3_bathy_extrap",17.0686056413651,0.0908229202032089
"species_3_bathy_extrap",17.6344917118073,0.0807436257600784
"species_3_bathy_extrap",18.2003777822495,0.0716946721076965
"species_3_bathy_extrap",18.7662638526917,0.0635897070169449
"species_3_bathy_extrap",19.3321499231339,0.0563453808426857
"species_3_bathy_extrap",19.8980359935761,0.0498823896050453
"species_3_bathy_extrap",20.4639220640183,0.0441260375082493
"species_3_bathy_extrap",21.0298081344605,0.0391108468174934
"species_3_bathy_extrap",21.5956942049027,0.0353011265397072
"species_3_bathy_extrap",22.1615802753449,0.032011941075325
"species_3_bathy_extrap",22.7274663457871,0.0301126297563314
"species_3_bathy_extrap",23.2933524162293,0.0291962828487158
"species_3_bathy_extrap",23.8592384866715,0.0284530464559793
"species_3_bathy_extrap",24.4251245571137,0.0278260502964258
"species_3_bathy_extrap",24.9910106275558,0.0273393280804157
"species_3_bathy_extrap",25.5568966979981,0.0268608834594488
"species_3_bathy_extrap",26.1227827684403,0.0263905841857195
"species_3_bathy_extrap",26.6886688388825,0.0259282998740673
"species_3_bathy_extrap",27.2545549093247,0.025473902001977
"species_3_bathy_extrap",27.8204409797669,0.0250272639095783
"species_3_bathy_extrap",28.386327050209,0.0245882570743561
"species_3_bathy_extrap",28.9522131206513,0.0241567622870207
"species_3_bathy_extrap",29.5180991910935,0.0237326547503471
"species_3_bathy_extrap",30.0839852615356,0.0233158133924007
"species_3_bathy_extrap",30.6498713319779,0.0229061227291822
"species_3_bathy_extrap",31.21575740242,0.0225034654140472
"species_3_bathy_extrap",31.7816434728622,0.0221077259629965
"species_3_bathy_extrap",32.3475295433045,0.0217187907546759
"species_3_bathy_extrap",32.9134156137467,0.0213365517556667
"species_3_bathy_extrap",33.4793016841889,0.0209608916193247
"species_3_bathy_extrap",34.045187754631,0.0205917060375214
"species_3_bathy_extrap",34.6110738250733,0.0202288925647736
"species_3_bathy_extrap",35.1769598955155,0.0198723394423723
"species_3_bathy_extrap",35.7428459659576,0.0195219460874796
"species_3_bathy_extrap",36.3087320363999,0.0191776100546122
"species_3_bathy_extrap",36.874618106842,0.018839230760932
"species_3_bathy_extrap",37.4405041772843,0.018506707623601
"species_3_bathy_extrap",38.0063902477265,0.0181799493730068
"species_3_bathy_extrap",38.5722763181687,0.0178588517010212
"species_3_bathy_extrap",39.1381623886109,0.0175433270633221
"species_3_bathy_extrap",39.704048459053,0.0172332767397165
"species_3_bathy_extrap",40.2699345294953,0.0169286113232374
"species_3_bathy_extrap",40.8358205999374,0.0166292432695627
"species_3_bathy_extrap",41.4017066703797,0.016335079446435
"species_3_bathy_extrap",41.9675927408218,0.0160460323095322
"species_3_bathy_extrap",42.533478811264,0.0157620217651129
"species_3_bathy_extrap",43.0993648817062,0.0154829574748874
"species_3_bathy_extrap",43.6652509521485,0.0152087574824691
"species_3_bathy_extrap",44.2311370225907,0.014939340762794
"species_3_bathy_extrap",44.7970230930329,0.014674624428153
"species_3_bathy_extrap",45.362909163475,0.0144145311787724
"species_3_bathy_extrap",45.9287952339173,0.0141589809209108
"species_3_bathy_extrap",46.4946813043595,0.0139078963547945
"species_3_bathy_extrap",47.0605673748017,0.0136612048372626
"species_3_bathy_extrap",47.6264534452438,0.0134188272058964
"species_3_bathy_extrap",48.192339515686,0.0131806926801801
"species_3_bathy_extrap",48.7582255861283,0.012946730479598
"species_3_bathy_extrap",49.3241116565705,0.0127168660983443
"species_3_bathy_extrap",49.8899977270126,0.0124910306185484
"species_3_bathy_extrap",50.4558837974549,0.0122691579163074
"species_3_bathy_extrap",51.021769867897,0.0120511772111058
"species_3_bathy_extrap",51.5876559383393,0.0118370233103633
"species_3_bathy_extrap",52.1535420087815,0.0116266291588545
"species_3_bathy_extrap",52.7194280792236,0.0114199314266443
"species_3_bathy_extrap",53.2853141496658,0.0112168686464429
"species_3_bathy_extrap",53.851200220108,0.0110173737630248
"species_3_bathy_extrap",54.4170862905503,0.0108213890343904
"species_3_bathy_extrap",54.9829723609925,0.0106288539245725
"species_3_bathy_extrap",55.5488584314346,0.0104397078976035
"species_3_bathy_extrap",56.1147445018768,0.0102538922801614
"species_3_bathy_extrap",56.680630572319,0.0100713511928916
"species_3_bathy_extrap",57.2465166427613,0.00989202689379454
"species_3_bathy_extrap",57.8124027132034,0.0097158644348383
"species_3_bathy_extrap",58.3782887836457,0.0095428079366684
"species_3_bathy_extrap",58.9441748540878,0.00937280524522066
"species_3_bathy_extrap",59.5100609245301,0.00920580420643091
"species_3_bathy_extrap",60.0759469949722,0.00904174987226725
"species_3_bathy_extrap",60.6418330654145,0.00888059288263321
"species_3_bathy_extrap",61.2077191358566,0.00872228480875492
"species_3_bathy_extrap",61.7736052062988,0.00856677256524563
"species_3_bathy_extrap",62.339491276741,0.0084140095859766
"species_3_bathy_extrap",62.9053773471832,0.00826394930481911
"species_3_bathy_extrap",63.4712634176254,0.00811654236167669
"species_3_bathy_extrap",64.0371494880677,0.00797174405306578
"species_3_bathy_extrap",64.6030355585098,0.0078295087441802
"species_3_bathy_extrap",65.1689216289521,0.00768979033455253
"species_3_bathy_extrap",65.7348076993943,0.00755254691466689
"species_3_bathy_extrap",66.3006937698364,0.007417734246701
"species_3_bathy_extrap",66.8665798402786,0.00728531228378415
"species_3_bathy_extrap",67.4324659107209,0.00715523585677147
"species_3_bathy_extrap",67.998351981163,0.00702746491879225
"species_3_bathy_extrap",68.5642380516053,0.00690196035429835
"species_3_bathy_extrap",69.1301241220474,0.0067786811850965
"species_3_bathy_extrap",69.6960101924896,0.00665759108960629
"species_3_bathy_extrap",70.2618962629319,0.00653864862397313
"species_3_bathy_extrap",70.827782333374,0.00642181700095534
"species_3_bathy_extrap",71.3936684038162,0.00630705989897251
"species_3_bathy_extrap",71.9595544742585,0.00619434053078294
"species_3_bathy_extrap",72.5254405447006,0.0060836230404675
"species_3_bathy_extrap",73.0913266151429,0.0059748743660748
"species_3_bathy_extrap",73.657212685585,0.00586805678904057
"species_3_bathy_extrap",74.2230987560272,0.00576313771307468
"species_3_bathy_extrap",74.7889848264694,0.00566008407622576
"species_3_bathy_extrap",75.3548708969116,0.00555886281654239
"species_3_bathy_extrap",75.9207569673538,0.00545944320037961
"species_3_bathy_extrap",76.4866430377961,0.00536179076880217
"species_3_bathy_extrap",77.0525291082382,0.00526587571948767
"species_3_bathy_extrap",77.6184151786804,0.00517166731879115
"species_3_bathy_extrap",78.1843012491227,0.00507913576439023
"species_3_bathy_extrap",78.7501873195648,0.0049882517196238
"species_3_bathy_extrap",79.316073390007,0.00489898724481463
"species_3_bathy_extrap",79.8819594604493,0.00481131067499518
"species_3_bathy_extrap",80.4478455308914,0.00472519639879465
"species_3_bathy_extrap",81.0137316013337,0.00464061601087451
"species_3_bathy_extrap",81.5796176717758,0.0045575425028801
"species_3_bathy_extrap",82.145503742218,0.0044759507291019
"species_3_bathy_extrap",82.7113898126602,0.00439581228420138
"species_3_bathy_extrap",83.2772758831024,0.00431710202246904
"species_3_bathy_extrap",83.8431619535446,0.00423979526385665
"species_3_bathy_extrap",84.4090480239869,0.00416386732831597
"species_3_bathy_extrap",84.974934094429,0.0040892930701375
"species_3_bathy_extrap",85.5408201648712,0.00401605060324073
"species_3_bathy_extrap",86.1067062353134,0.00394411338493228
"species_3_bathy_extrap",86.6725923057556,0.0038734597619623
"species_3_bathy_extrap",87.2384783761978,0.00380406714975834
"species_3_bathy_extrap",87.80436444664,0.00373591296374798
"species_3_bathy_extrap",88.3702505170822,0.00366897624917328
"species_3_bathy_extrap",88.9361365875245,0.00360323349013925
"species_3_bathy_extrap",89.5020226579666,0.00353866466321051
"species_3_bathy_extrap",90.0679087284088,0.00347524881362915
"species_3_bathy_extrap",90.633794798851,0.00341296568512917
"species_3_bathy_extrap",91.1996808692932,0.00335179478861392
"species_3_bathy_extrap",91.7655669397354,0.00329171773046255
"species_3_bathy_extrap",92.3314530101776,0.00323271309025586
"species_3_bathy_extrap",92.8973390806198,0.00317476270720363
"species_3_bathy_extrap",93.463225151062,0.00311784795485437
"species_3_bathy_extrap",94.0291112215042,0.00306195020675659
"species_3_bathy_extrap",94.5949972919464,0.00300705246627331
"species_3_bathy_extrap",95.1608833623886,0.00295313540846109
"species_3_bathy_extrap",95.7267694328308,0.00290018226951361
"species_3_bathy_extrap",96.292655503273,0.00284817581996322
"species_3_bathy_extrap",96.8585415737153,0.00279709952883422
"species_3_bathy_extrap",97.4244276441574,0.00274693639948964
"species_3_bathy_extrap",97.9903137145996,0.00269767129793763
"species_3_bathy_extrap",98.5561997850418,0.00264928676187992
"species_3_bathy_extrap",99.122085855484,0.00260176765732467
"species_3_bathy_extrap",99.6879719259262,0.00255509885028005
"species_3_bathy_extrap",100.253857996368,0.00250926497392356
"species_3_bathy_extrap",100.819744066811,0.00246425182558596
"species_3_bathy_extrap",101.385630137253,0.00242004357278347
"species_3_bathy_extrap",101.951516207695,0.00237662671133876
"species_3_bathy_extrap",102.517402278137,0.00233398680575192
"species_3_bathy_extrap",103.083288348579,0.00229211011901498
"species_3_bathy_extrap",103.649174419022,0.0022509831469506
"species_3_bathy_extrap",104.215060489464,0.00221059308387339
"species_3_bathy_extrap",104.780946559906,0.00217092549428344
"species_3_bathy_extrap",105.346832630348,0.00213196827098727
"species_3_bathy_extrap",105.91271870079,0.00209370860829949
"species_3_bathy_extrap",106.478604771233,0.00205613416619599
"species_3_bathy_extrap",107.044490841675,0.00201923283748329
"species_3_bathy_extrap",107.610376912117,0.00198299274779856
"species_3_bathy_extrap",108.176262982559,0.00194740132428706
"species_3_bathy_extrap",108.742149053001,0.00191244762390852
"species_3_bathy_extrap",109.308035123444,0.00187812000513077
"species_3_bathy_extrap",109.873921193886,0.00184440740849823
"species_3_bathy_extrap",110.439807264328,0.00181129935663193
"species_3_bathy_extrap",111.00569333477,0.00177878420799971
"species_3_bathy_extrap",111.571579405212,0.0017468516016379
"species_3_bathy_extrap",112.137465475655,0.00171549129299819
"species_3_bathy_extrap",112.703351546097,0.00168469303753227
"species_3_bathy_extrap",113.269237616539,0.00165444670710713
"species_3_bathy_extrap",113.835123686981,0.00162474298849702
"species_3_bathy_extrap",114.401009757423,0.00159557140432298
"species_3_bathy_extrap",114.966895827866,0.00156692264135927
"species_3_bathy_extrap",115.532781898308,0.00153878750279546
"species_3_bathy_extrap",116.09866796875,0.00151115679182112
"species_3_bathy_extrap",116.664554039192,0.00148402189370245
"species_3_bathy_extrap",117.230440109634,0.00145737314596772
"species_3_bathy_extrap",117.796326180077,0.0014312022831291
"species_3_bathy_extrap",118.362212250519,0.00140550057403743
"species_3_bathy_extrap",118.928098320961,0.00138025998603553
"species_3_bathy_extrap",119.493984391403,0.00135547190438956
"species_3_bathy_extrap",120.059870461845,0.00133112876210362
"species_3_bathy_extrap",120.625756532288,0.00130722194444388
"species_3_bathy_extrap",121.19164260273,0.00128374400082976
"species_3_bathy_extrap",121.757528673172,0.00126068701501936
"species_3_bathy_extrap",122.323414743614,0.00123804376926273
"species_3_bathy_extrap",122.889300814056,0.00121580704580992
"species_3_bathy_extrap",123.455186884499,0.00119396881200373
"species_3_bathy_extrap",124.021072954941,0.00117252254858613
"species_3_bathy_extrap",124.586959025383,0.00115146092139184
"species_3_bathy_extrap",125.152845095825,0.00113077729474753
"species_3_bathy_extrap",125.718731166267,0.00111046468373388
"species_3_bathy_extrap",126.28461723671,0.00109051691833884
"species_3_bathy_extrap",126.850503307152,0.00107092678081244
"species_3_bathy_extrap",127.416389377594,0.00105168821755797
"species_3_bathy_extrap",127.982275448036,0.00103279494214803
"species_3_bathy_extrap",128.548161518478,0.0010142409009859
"species_3_bathy_extrap",129.114047588921,0.000996019574813545
"species_3_bathy_extrap",129.679933659363,0.000978125375695527
"species_3_bathy_extrap",130.245819729805,0.000960552366450429
"species_3_bathy_extrap",130.811705800247,0.00094329472631216
"species_3_bathy_extrap",131.377591870689,0.000926346867345274
"species_3_bathy_extrap",131.943477941132,0.00090970320161432
"species_3_bathy_extrap",132.509364011574,0.000893358315806836
"species_3_bathy_extrap",133.075250082016,0.000877306854818016
"species_3_bathy_extrap",133.641136152458,0.000861543987412006
"species_3_bathy_extrap",134.2070222229,0.000846063659992069
"species_3_bathy_extrap",134.772908293343,0.000830861274152994
"species_3_bathy_extrap",135.338794363785,0.000815931824035943
"species_3_bathy_extrap",135.904680434227,0.000801270420197397
"species_3_bathy_extrap",136.470566504669,0.000786872231401503
"species_3_bathy_extrap",137.036452575111,0.000772732601035386
"species_3_bathy_extrap",137.602338645554,0.000758846872486174
"species_3_bathy_extrap",138.168224715996,0.000745210447348654
"species_3_bathy_extrap",138.734110786438,0.000731818843632936
"species_3_bathy_extrap",139.29999685688,0.000718667812179774
"species_3_bathy_extrap",139.865882927322,0.000705752870999277
"species_3_bathy_extrap",140.431768997765,0.000693070236593485
"species_3_bathy_extrap",140.997655068207,0.000680615019518882
"species_3_bathy_extrap",141.563541138649,0.000668383436277509
"species_3_bathy_extrap",142.129427209091,0.000656371586956084
"species_3_bathy_extrap",142.695313279533,0.000644575455226004
"species_3_bathy_extrap",143.261199349976,0.00063299119938165
"species_3_bathy_extrap",143.827085420418,0.0006216149777174
"species_3_bathy_extrap",144.39297149086,0.000610443064942956
"species_3_bathy_extrap",144.958857561302,0.000599471852183342
"species_3_bathy_extrap",145.524743631744,0.000588697730563581
"species_3_bathy_extrap",146.090629702187,0.000578117091208696
"species_3_bathy_extrap",146.656515772629,0.000567726790904999
"species_3_bathy_extrap",147.222401843071,0.000557522871531546
"species_3_bathy_extrap",147.788287913513,0.00054750224808231
"species_3_bathy_extrap",148.354173983955,0.000537661660928279
"species_3_bathy_extrap",148.920060054398,0.000527997792232782
"species_3_bathy_extrap",149.48594612484,0.000518507556989789
"species_3_bathy_extrap",150.051832195282,0.000509187811985612
"species_3_bathy_extrap",150.617718265724,0.000500035530421883
"species_3_bathy_extrap",151.183604336166,0.000491047627292573
"species_3_bathy_extrap",151.749490406609,0.000482221221318469
"species_3_bathy_extrap",152.315376477051,0.000473553373012692
"species_3_bathy_extrap",152.881262547493,0.000465041521238163
"species_3_bathy_extrap",153.447148617935,0.00045668234815821
"species_3_bathy_extrap",154.013034688377,0.000448473350843415
"species_3_bathy_extrap",154.57892075882,0.000440411851741374
"species_3_bathy_extrap",155.144806829262,0.000432495202403516
"species_3_bathy_extrap",155.710692899704,0.00042472081258893
"species_3_bathy_extrap",156.276578970146,0.000417086121160537
"species_3_bathy_extrap",156.842465040588,0.000409588596085086
"species_3_bathy_extrap",157.408351111031,0.00040222579264082
"species_3_bathy_extrap",157.974237181473,0.00039499529520981
"species_3_bathy_extrap",158.540123251915,0.000387894717277959
"species_3_bathy_extrap",159.106009322357,0.000380921905161813
"species_3_bathy_extrap",159.671895392799,0.000374074239516631
"species_3_bathy_extrap",160.237781463242,0.000367349595762789
"species_3_bathy_extrap",160.803667533684,0.000360745820216835
"species_3_bathy_extrap",161.369553604126,0.000354260700987652
"species_3_bathy_extrap",161.935439674568,0.000347892142599449
"species_3_bathy_extrap",162.50132574501,0.000341638020472601
"species_3_bathy_extrap",163.067211815453,0.000335496297338977
"species_3_bathy_extrap",163.633097885895,0.000329464935930446
"species_3_bathy_extrap",164.198983956337,0.000323541986290365
"species_3_bathy_extrap",164.764870026779,0.000317725469358265
"species_3_bathy_extrap",165.330756097221,0.000312013638904318
"species_3_bathy_extrap",165.896642167664,0.00030640431214124
"species_3_bathy_extrap",166.462528238106,0.000300895801046863
"species_3_bathy_extrap",167.028414308548,0.000295486301183701
"species_3_bathy_extrap",167.59430037899,0.000290174008114263
"species_3_bathy_extrap",168.160186449432,0.000284957204712555
"species_3_bathy_extrap",168.726072519875,0.000279834173852578
"species_3_bathy_extrap",169.291958590317,0.000274803198408335
"species_3_bathy_extrap",169.857844660759,0.000269862648565322
"species_3_bathy_extrap",170.423730731201,0.000265010923612863
"species_3_bathy_extrap",170.989616801643,0.000260246393736452
"species_3_bathy_extrap",171.555502872086,0.000255567603744566
"species_3_bathy_extrap",172.121388942528,0.000250972807407379
"species_3_bathy_extrap",172.68727501297,0.000246460578637198
"species_3_bathy_extrap",173.253161083412,0.000242029491346329
"species_3_bathy_extrap",173.819047153854,0.000237678017583676
"species_3_bathy_extrap",174.384933224297,0.00023340477491729
"species_3_bathy_extrap",174.950819294739,0.000229208351811394
"species_3_bathy_extrap",175.516705365181,0.000225087351282127
"species_3_bathy_extrap",176.082591435623,0.000221040420001373
"species_3_bathy_extrap",176.648477506065,0.00021706624829676
"species_3_bathy_extrap",177.214363576508,0.000213163497392088
"species_3_bathy_extrap",177.78024964695,0.000209331017686054
"species_3_bathy_extrap",178.346135717392,0.000205567324883305
"species_3_bathy_extrap",178.912021787834,0.000201871283934452
"species_3_bathy_extrap",179.477907858276,0.000198241687030531
"species_3_bathy_extrap",180.043793928719,0.000194677340914495
"species_3_bathy_extrap",180.609679999161,0.00019117706688121
"species_3_bathy_extrap",181.175566069603,0.000187739715329371
"species_3_bathy_extrap",181.741452140045,0.000184364151209593
"species_3_bathy_extrap",182.307338210487,0.000181049268576317
"species_3_bathy_extrap",182.87322428093,0.0001777939760359
"species_3_bathy_extrap",183.439110351372,0.000174597211298533
"species_3_bathy_extrap",184.004996421814,0.000171457984833978
"species_3_bathy_extrap",184.570882492256,0.000168375132489018
"species_3_bathy_extrap",185.136768562698,0.000165347679285333
"species_3_bathy_extrap",185.702654633141,0.000162374664796516
"species_3_bathy_extrap",186.268540703583,0.000159455099492334
"species_3_bathy_extrap",186.834426774025,0.000156588008394465
"species_3_bathy_extrap",187.400312844467,0.00015377247473225
"species_3_bathy_extrap",187.966198914909,0.000151007552631199
"species_3_bathy_extrap",188.532084985352,0.000148292325320654
"species_3_bathy_extrap",189.097971055794,0.000145625934237614
"species_3_bathy_extrap",189.663857126236,0.000143007462611422
"species_3_bathy_extrap",190.229743196678,0.00014043613919057
"species_3_bathy_extrap",190.79562926712,0.000137910988996737
"species_3_bathy_extrap",191.361515337563,0.000135431226226501
"species_3_bathy_extrap",191.927401408005,0.00013299603597261
"species_3_bathy_extrap",192.493287478447,0.000130604646983556
"species_3_bathy_extrap",193.059173548889,0.000128256244352087
"species_3_bathy_extrap",193.625059619331,0.000125950056826696
"species_3_bathy_extrap",194.190945689774,0.000123685342259705
"species_3_bathy_extrap",194.756831760216,0.000121461329399608
"species_3_bathy_extrap",195.322717830658,0.000119277312478516
"species_3_bathy_extrap",195.8886039011,0.000117132563900668
"species_3_bathy_extrap",196.454489971542,0.000115026428829879
"species_3_bathy_extrap",197.020376041985,0.00011295810691081
"species_3_bathy_extrap",197.586262112427,0.00011092696513515
"species_3_bathy_extrap",198.152148182869,0.000108932348666713
"species_3_bathy_extrap",198.718034253311,0.000106973595393356
"species_3_bathy_extrap",199.283920323753,0.000105050050478894
"species_3_bathy_extrap",199.849806394196,0.00010316109546693
"species_3_bathy_extrap",200.415692464638,0.00010130610462511
"species_3_bathy_extrap",200.98157853508,9.94844667729922e-05
"species_3_bathy_extrap",201.547464605522,9.76955780060962e-05
"species_3_bathy_extrap",202.113350675964,9.59388562478125e-05
"species_3_bathy_extrap",202.679236746407,9.42137630772777e-05
"species_3_bathy_extrap",203.245122816849,9.25196436583064e-05
"species_3_bathy_extrap",203.811008887291,9.08559886738658e-05
"species_3_bathy_extrap",204.376894957733,8.92222378752194e-05
"species_3_bathy_extrap",204.942781028175,8.76178673934191e-05
"species_3_bathy_extrap",205.508667098618,8.60423460835591e-05
"species_3_bathy_extrap",206.07455316906,8.44951428007334e-05
"species_3_bathy_extrap",206.640439239502,8.2975770055782e-05
"species_3_bathy_extrap",207.206325309944,8.14837112557143e-05
"species_3_bathy_extrap",207.772211380386,8.001847891137e-05
"species_3_bathy_extrap",208.338097450829,7.85795928095467e-05
"species_3_bathy_extrap",208.903983521271,7.71666163927875e-05
"species_3_bathy_extrap",209.469869591713,7.5779011240229e-05
"species_3_bathy_extrap",210.035755662155,7.44163553463295e-05
"species_3_bathy_extrap",210.601641732597,7.3078197601717e-05
"species_3_bathy_extrap",211.16752780304,7.17641014489345e-05
"species_3_bathy_extrap",211.733413873482,7.0473637606483e-05
"species_3_bathy_extrap",212.299299943924,6.9206376792863e-05
"species_3_bathy_extrap",212.865186014366,6.79618970025331e-05
"species_3_bathy_extrap",213.431072084808,6.67397980578244e-05
"species_3_bathy_extrap",213.996958155251,6.55396725051105e-05
"species_3_bathy_extrap",214.562844225693,6.43611274426803e-05
"species_3_bathy_extrap",215.128730296135,6.32038063486107e-05
"species_3_bathy_extrap",215.694616366577,6.20672581135295e-05
"species_3_bathy_extrap",216.260502437019,6.09511516813654e-05
"species_3_bathy_extrap",216.826388507462,5.98551159782801e-05
"species_3_bathy_extrap",217.392274577904,5.87787835684139e-05
"species_3_bathy_extrap",217.958160648346,5.77218052058015e-05
"species_3_bathy_extrap",218.524046718788,5.66838352824561e-05
"species_3_bathy_extrap",219.08993278923,5.56645281903911e-05
"species_3_bathy_extrap",219.655818859673,5.46635492355563e-05
"species_3_bathy_extrap",220.221704930115,5.36805709998589e-05
"species_3_bathy_extrap",220.787591000557,5.27152660652064e-05
"species_3_bathy_extrap",221.353477070999,5.17673433932941e-05
"species_3_bathy_extrap",221.919363141441,5.08364428242203e-05
"species_3_bathy_extrap",222.485249211884,4.99222805956379e-05
"species_3_bathy_extrap",223.051135282326,4.90245547553059e-05
"species_3_bathy_extrap",223.617021352768,4.81429742649198e-05
"species_3_bathy_extrap",224.18290742321,4.72772444481961e-05
"species_3_bathy_extrap",224.748793493652,4.64270815427881e-05
"species_3_bathy_extrap",225.314679564095,4.55922054243274e-05
"species_3_bathy_extrap",225.880565634537,4.47723432444036e-05
"species_3_bathy_extrap",226.446451704979,4.39672221546061e-05
"species_3_bathy_extrap",227.012337775421,4.31765802204609e-05
"species_3_bathy_extrap",227.578223845863,4.24001736973878e-05
"species_3_bathy_extrap",228.144109916306,4.16377115470823e-05
"species_3_bathy_extrap",228.709995986748,4.08889573009219e-05
"species_3_bathy_extrap",229.27588205719,4.01536672143266e-05
"species_3_bathy_extrap",229.841768127632,3.94315975427162e-05
"species_3_bathy_extrap",230.407654198074,3.87225154554471e-05
"species_3_bathy_extrap",230.973540268517,3.80261808459181e-05
"species_3_bathy_extrap",231.539426338959,3.7342371797422e-05
"species_3_bathy_extrap",232.105312409401,3.66708554793149e-05
"species_3_bathy_extrap",232.671198479843,3.60114136128686e-05
"species_3_bathy_extrap",233.237084550285,3.53638315573335e-05
"species_3_bathy_extrap",233.802970620728,3.47279128618538e-05
"species_3_bathy_extrap",234.36885669117,3.41034101438709e-05
"species_3_bathy_extrap",234.934742761612,3.34901378664654e-05
"species_3_bathy_extrap",235.500628832054,3.28878923028242e-05
"species_3_bathy_extrap",236.066514902496,3.22964806400705e-05
"species_3_bathy_extrap",236.632400972939,3.17156991513912e-05
"species_3_bathy_extrap",237.198287043381,3.15244360535871e-05
"species_3_bathy_extrap",237.764173113823,3.15244360535871e-05
"species_3_bathy_extrap",238.330059184265,3.15244360535871e-05
"species_3_bathy_extrap",238.895945254707,3.15244360535871e-05
"species_3_bathy_extrap",239.46183132515,3.15244360535871e-05
"species_3_bathy_extrap",240.027717395592,3.15244360535871e-05
"species_3_bathy_extrap",240.593603466034,3.15244360535871e-05
"species_3_bathy_extrap",241.159489536476,3.15244360535871e-05
"species_3_bathy_extrap",241.725375606918,3.15244360535871e-05
"species_3_bathy_extrap",242.291261677361,3.15244360535871e-05
"species_3_bathy_extrap",242.857147747803,3.15244360535871e-05
"species_3_bathy_extrap",243.423033818245,3.15244360535871e-05
"species_3_bathy_extrap",243.988919888687,3.15244360535871e-05
"species_3_bathy_extrap",244.554805959129,3.15244360535871e-05
"species_3_bathy_extrap",245.120692029572,3.15244360535871e-05
"species_3_bathy_extrap",245.686578100014,3.15244360535871e-05
"species_3_bathy_extrap",246.252464170456,3.15244360535871e-05
"species_3_bathy_extrap",246.818350240898,3.15244360535871e-05
"species_3_bathy_extrap",247.38423631134,3.15244360535871e-05
"species_3_bathy_extrap",247.950122381783,3.15244360535871e-05
"species_3_bathy_extrap",248.516008452225,3.15244360535871e-05
"species_3_bathy_extrap",249.081894522667,3.15244360535871e-05
"species_3_bathy_extrap",249.647780593109,3.15244360535871e-05
"species_3_bathy_extrap",250.213666663551,3.15244360535871e-05
"species_3_bathy_extrap",250.779552733994,3.15244360535871e-05
"species_3_bathy_extrap",251.345438804436,3.15244360535871e-05
"species_3_bathy_extrap",251.911324874878,3.15244360535871e-05
"species_3_bathy_extrap",252.47721094532,3.15244360535871e-05
"species_3_bathy_extrap",253.043097015762,3.15244360535871e-05
"species_3_bathy_extrap",253.608983086205,3.15244360535871e-05
"species_3_bathy_extrap",254.174869156647,3.15244360535871e-05
"species_3_bathy_extrap",254.740755227089,3.15244360535871e-05
"species_3_bathy_extrap",255.306641297531,3.15244360535871e-05
"species_3_bathy_extrap",255.872527367973,3.15244360535871e-05
"species_3_bathy_extrap",256.438413438416,3.15244360535871e-05
"species_3_bathy_extrap",257.004299508858,3.15244360535871e-05
"species_3_bathy_extrap",257.5701855793,3.15244360535871e-05
"species_3_bathy_extrap",258.136071649742,3.15244360535871e-05
"species_3_bathy_extrap",258.701957720184,3.15244360535871e-05
"species_3_bathy_extrap",259.267843790627,3.15244360535871e-05
"species_3_bathy_extrap",259.833729861069,3.15244360535871e-05
"species_3_bathy_extrap",260.399615931511,3.15244360535871e-05
"species_3_contemp_ice_extrap_only",-9.59345910251138,0.000112392226583324
"species_3_contemp_ice_extrap_only",-9.35163549070356,0.000112392226583324
"species_3_contemp_ice_extrap_only",-9.10981187889574,0.000112392226583324
"species_3_contemp_ice_extrap_only",-8.86798826708792,0.000112392226583324
"species_3_contemp_ice_extrap_only",-8.62616465528009,0.000112392226583324
"species_3_contemp_ice_extrap_only",-8.38434104347227,0.000112392226583324
"species_3_contemp_ice_extrap_only",-8.14251743166445,0.000112392226583324
"species_3_contemp_ice_extrap_only",-7.90069381985663,0.000112392226583324
"species_3_contemp_ice_extrap_only",-7.6588702080488,0.000112392226583324
"species_3_contemp_ice_extrap_only",-7.41704659624098,0.000112392226583324
"species_3_contemp_ice_extrap_only",-7.17522298443316,0.000112392226583324
"species_3_contemp_ice_extrap_only",-6.93339937262534,0.000112392226583324
"species_3_contemp_ice_extrap_only",-6.69157576081751,0.000112392226583324
"species_3_contemp_ice_extrap_only",-6.44975214900969,0.000112392226583324
"species_3_contemp_ice_extrap_only",-6.20792853720187,0.000112392226583324
"species_3_contemp_ice_extrap_only",-5.96610492539405,0.000112392226583324
"species_3_contemp_ice_extrap_only",-5.72428131358622,0.000112392226583324
"species_3_contemp_ice_extrap_only",-5.4824577017784,0.000112392226583324
"species_3_contemp_ice_extrap_only",-5.24063408997058,0.000112392226583324
"species_3_contemp_ice_extrap_only",-4.99881047816275,0.000112392226583324
"species_3_contemp_ice_extrap_only",-4.75698686635493,0.000112392226583324
"species_3_contemp_ice_extrap_only",-4.51516325454711,0.000112392226583324
"species_3_contemp_ice_extrap_only",-4.27333964273929,0.000112392226583324
"species_3_contemp_ice_extrap_only",-4.03151603093146,0.000112392226583324
"species_3_contemp_ice_extrap_only",-3.78969241912364,0.000112392226583324
"species_3_contemp_ice_extrap_only",-3.54786880731582,0.000112392226583324
"species_3_contemp_ice_extrap_only",-3.306045195508,0.000112392226583324
"species_3_contemp_ice_extrap_only",-3.06422158370017,0.000112392226583324
"species_3_contemp_ice_extrap_only",-2.82239797189235,0.000112392226583324
"species_3_contemp_ice_extrap_only",-2.58057436008453,0.000112392226583324
"species_3_contemp_ice_extrap_only",-2.3387507482767,0.000112392226583324
"species_3_contemp_ice_extrap_only",-2.09692713646888,0.000112392226583324
"species_3_contemp_ice_extrap_only",-1.85510352466106,0.000112392226583324
"species_3_contemp_ice_extrap_only",-1.61327991285324,0.000112392226583324
"species_3_contemp_ice_extrap_only",-1.37145630104541,0.000112392226583324
"species_3_contemp_ice_extrap_only",-1.12963268923759,0.000112392226583324
"species_3_contemp_ice_extrap_only",-0.887809077429768,0.000112392226583324
"species_3_contemp_ice_extrap_only",-0.645985465621946,0.000112392226583324
"species_3_contemp_ice_extrap_only",-0.404161853814124,0.000112392226583324
"species_3_contemp_ice_extrap_only",-0.1623382420063,0.000112392226583324
"species_3_contemp_ice_extrap_only",0.0794853698015228,0.000112392226583324
"species_3_contemp_ice_extrap_only",0.321308981609343,0.000112392226583324
"species_3_contemp_ice_extrap_only",0.563132593417167,0.000114775575639214
"species_3_contemp_ice_extrap_only",0.80495620522499,0.000122239274787717
"species_3_contemp_ice_extrap_only",1.04677981703281,0.000130198066472076
"species_3_contemp_ice_extrap_only",1.28860342884064,0.000138685398269445
"species_3_contemp_ice_extrap_only",1.53042704064846,0.000147737067891285
"species_3_contemp_ice_extrap_only",1.77225065245628,0.000157391259563155
"species_3_contemp_ice_extrap_only",2.0140742642641,0.000167688864166848
"species_3_contemp_ice_extrap_only",2.25589787607193,0.000178673508344218
"species_3_contemp_ice_extrap_only",2.49772148787975,0.000190391947398894
"species_3_contemp_ice_extrap_only",2.73954509968757,0.000202894050744362
"species_3_contemp_ice_extrap_only",2.98136871149539,0.000216233223909512
"species_3_contemp_ice_extrap_only",3.22319232330322,0.000230466495850123
"species_3_contemp_ice_extrap_only",3.46501593511104,0.000245654955506325
"species_3_contemp_ice_extrap_only",3.70683954691886,0.000261863810010254
"species_3_contemp_ice_extrap_only",3.94866315872668,0.000279162894003093
"species_3_contemp_ice_extrap_only",4.19048677053451,0.000297626858809963
"species_3_contemp_ice_extrap_only",4.43231038234233,0.000317335536237806
"species_3_contemp_ice_extrap_only",4.67413399415015,0.000338374287821352
"species_3_contemp_ice_extrap_only",4.91595760595798,0.000360834586899728
"species_3_contemp_ice_extrap_only",5.1577812177658,0.000384814135031775
"species_3_contemp_ice_extrap_only",5.39960482957362,0.000410417502280325
"species_3_contemp_ice_extrap_only",5.64142844138144,0.000437756563769653
"species_3_contemp_ice_extrap_only",5.88325205318927,0.00046695105265826
"species_3_contemp_ice_extrap_only",6.12507566499709,0.000498129113111645
"species_3_contemp_ice_extrap_only",6.36689927680491,0.00053142779506743
"species_3_contemp_ice_extrap_only",6.60872288861274,0.000566993723623455
"species_3_contemp_ice_extrap_only",6.85054650042056,0.000604984117671847
"species_3_contemp_ice_extrap_only",7.09237011222838,0.000645566906314343
"species_3_contemp_ice_extrap_only",7.3341937240362,0.000688922009430826
"species_3_contemp_ice_extrap_only",7.57601733584402,0.000735241977963597
"species_3_contemp_ice_extrap_only",7.81784094765185,0.00078473286703229
"species_3_contemp_ice_extrap_only",8.05966455945967,0.000837615341879427
"species_3_contemp_ice_extrap_only",8.30148817126749,0.000894125492777675
"species_3_contemp_ice_extrap_only",8.54331178307532,0.000954516523052007
"species_3_contemp_ice_extrap_only",8.78513539488314,0.0010190587490797
"species_3_contemp_ice_extrap_only",9.02695900669096,0.00108804262708873
"species_3_contemp_ice_extrap_only",9.26878261849879,0.00116177776362747
"species_3_contemp_ice_extrap_only",9.51060623030661,0.00124059710651636
"species_3_contemp_ice_extrap_only",9.75242984211443,0.00132485665380955
"species_3_contemp_ice_extrap_only",9.99425345392225,0.00141493696719408
"species_3_contemp_ice_extrap_only",10.2360770657301,0.00151124678086489
"species_3_contemp_ice_extrap_only",10.4779006775379,0.00161422253586352
"species_3_contemp_ice_extrap_only",10.7197242893457,0.00172433292027563
"species_3_contemp_ice_extrap_only",10.9615479011535,0.00184207828715444
"species_3_contemp_ice_extrap_only",11.2033715129614,0.00196799589321017
"species_3_contemp_ice_extrap_only",11.4451951247692,0.00210266141220927
"species_3_contemp_ice_extrap_only",11.687018736577,0.00224668905138969
"species_3_contemp_ice_extrap_only",11.9288423483848,0.00240073981694877
"species_3_contemp_ice_extrap_only",12.1706659601927,0.00256551802158356
"species_3_contemp_ice_extrap_only",12.4124895720005,0.00274178176186979
"species_3_contemp_ice_extrap_only",12.6543131838083,0.00293033942580223
"species_3_contemp_ice_extrap_only",12.8961367956161,0.00313205970451236
"species_3_contemp_ice_extrap_only",13.1379604074239,0.00334786996245384
"species_3_contemp_ice_extrap_only",13.3797840192318,0.0035787655506283
"species_3_contemp_ice_extrap_only",13.6216076310396,0.00382581236772239
"species_3_contemp_ice_extrap_only",13.8634312428474,0.00409014895558357
"species_3_contemp_ice_extrap_only",14.1052548546552,0.00437299814075232
"species_3_contemp_ice_extrap_only",14.3470784664631,0.00467566447332501
"species_3_contemp_ice_extrap_only",14.5889020782709,0.00499955052509904
"species_3_contemp_ice_extrap_only",14.8307256900787,0.00534615013748407
"species_3_contemp_ice_extrap_only",15.0725493018865,0.00571706891059875
"species_3_contemp_ice_extrap_only",15.3143729136943,0.0061140232719481
"species_3_contemp_ice_extrap_only",15.5561965255022,0.00653884513303638
"species_3_contemp_ice_extrap_only",15.79802013731,0.00699350237846375
"species_3_contemp_ice_extrap_only",16.0398437491178,0.00748009420931339
"species_3_contemp_ice_extrap_only",16.2816673609256,0.00800086464732885
"species_3_contemp_ice_extrap_only",16.5234909727335,0.00855821743607521
"species_3_contemp_ice_extrap_only",16.7653145845413,0.00915472209453583
"species_3_contemp_ice_extrap_only",17.0071381963491,0.00979312136769295
"species_3_contemp_ice_extrap_only",17.2489618081569,0.0104763554409146
"species_3_contemp_ice_extrap_only",17.4907854199648,0.011207546107471
"species_3_contemp_ice_extrap_only",17.7326090317726,0.0113013312220573
"species_3_contemp_ice_extrap_only",17.9744326435804,0.0113636283203959
"species_3_contemp_ice_extrap_only",18.2162562553882,0.0114271165803075
"species_3_contemp_ice_extrap_only",18.458079867196,0.0114918109029531
"species_3_contemp_ice_extrap_only",18.6999034790039,0.0115577261894941
"species_3_contemp_ice_extrap_only",18.9417270908117,0.0116248810663819
"species_3_contemp_ice_extrap_only",19.1835507026195,0.0116932922974229
"species_3_contemp_ice_extrap_only",19.4253743144273,0.0117629766464233
"species_3_contemp_ice_extrap_only",19.6671979262352,0.0118339518085122
"species_3_contemp_ice_extrap_only",19.909021538043,0.0119062354788184
"species_3_contemp_ice_extrap_only",20.1508451498508,0.011979847215116
"species_3_contemp_ice_extrap_only",20.3926687616586,0.0120548065751791
"species_3_contemp_ice_extrap_only",20.6344923734665,0.012131130322814
"species_3_contemp_ice_extrap_only",20.8763159852743,0.0122088398784399
"species_3_contemp_ice_extrap_only",21.1181395970821,0.0122879547998309
"species_3_contemp_ice_extrap_only",21.3599632088899,0.0123684955760837
"species_3_contemp_ice_extrap_only",21.6017868206977,0.0124504845589399
"species_3_contemp_ice_extrap_only",21.8436104325056,0.0125339422374964
"species_3_contemp_ice_extrap_only",22.0854340443134,0.0126188900321722
"species_3_contemp_ice_extrap_only",22.3272576561212,0.0127053512260318
"species_3_contemp_ice_extrap_only",22.569081267929,0.0127933472394943
"species_3_contemp_ice_extrap_only",22.8109048797369,0.0128829041495919
"species_3_contemp_ice_extrap_only",23.0527284915447,0.0129740433767438
"species_3_contemp_ice_extrap_only",23.2945521033525,0.0130667891353369
"species_3_contemp_ice_extrap_only",23.5363757151603,0.0131611684337258
"species_3_contemp_ice_extrap_only",23.7781993269681,0.0132572054862976
"species_3_contemp_ice_extrap_only",24.020022938776,0.0133549254387617
"species_3_contemp_ice_extrap_only",24.2618465505838,0.0134543552994728
"species_3_contemp_ice_extrap_only",24.5036701623916,0.0135555230081081
"species_3_contemp_ice_extrap_only",24.7454937741994,0.0136584546416998
"species_3_contemp_ice_extrap_only",24.9873173860072,0.0137631809338927
"species_3_contemp_ice_extrap_only",25.2291409978151,0.0138697270303965
"species_3_contemp_ice_extrap_only",25.4709646096229,0.0139781245961785
"species_3_contemp_ice_extrap_only",25.7127882214307,0.0140884034335613
"species_3_contemp_ice_extrap_only",25.9546118332385,0.0142005952075124
"species_3_contemp_ice_extrap_only",26.1964354450464,0.0143147287890315
"species_3_contemp_ice_extrap_only",26.4382590568542,0.0144308377057314
"species_3_contemp_ice_extrap_only",26.680082668662,0.0145489545539021
"species_3_contemp_ice_extrap_only",26.9219062804698,0.0146691119298339
"species_3_contemp_ice_extrap_only",27.1637298922777,0.0147913452237844
"species_3_contemp_ice_extrap_only",27.4055535040855,0.0149156870320439
"species_3_contemp_ice_extrap_only",27.6473771158933,0.0150421736761928
"species_3_contemp_ice_extrap_only",27.8892007277011,0.0151708424091339
"species_3_contemp_ice_extrap_only",28.131024339509,0.0153017286211252
"species_3_contemp_ice_extrap_only",28.3728479513168,0.0154348723590374
"species_3_contemp_ice_extrap_only",28.6146715631246,0.0155703090131283
"species_3_contemp_ice_extrap_only",28.8564951749324,0.0157080795615911
"species_3_contemp_ice_extrap_only",29.0983187867402,0.0158482249826193
"species_3_contemp_ice_extrap_only",29.3401423985481,0.015990786254406
"species_3_contemp_ice_extrap_only",29.5819660103559,0.0161358024924994
"species_3_contemp_ice_extrap_only",29.8237896221637,0.0162833202630281
"species_3_contemp_ice_extrap_only",30.0656132339715,0.0164333805441856
"species_3_contemp_ice_extrap_only",30.3074368457794,0.0165860280394554
"species_3_contemp_ice_extrap_only",30.5492604575872,0.0167413111776114
"species_3_contemp_ice_extrap_only",30.791084069395,0.0168992727994919
"species_3_contemp_ice_extrap_only",31.0329076812028,0.0170599613338709
"species_3_contemp_ice_extrap_only",31.2747312930106,0.0172234252095222
"species_3_contemp_ice_extrap_only",31.5165549048185,0.0173897165805101
"species_3_contemp_ice_extrap_only",31.7583785166263,0.0175588838756084
"species_3_contemp_ice_extrap_only",32.0002021284341,0.0177309773862362
"species_3_contemp_ice_extrap_only",32.2420257402419,0.0179060529917479
"species_3_contemp_ice_extrap_only",32.4838493520498,0.0180841591209173
"species_3_contemp_ice_extrap_only",32.7256729638576,0.0182653591036797
"species_3_contemp_ice_extrap_only",32.9674965756654,0.0184496995061636
"species_3_contemp_ice_extrap_only",33.2093201874732,0.0186372455209494
"species_3_contemp_ice_extrap_only",33.4511437992811,0.0188280548900366
"species_3_contemp_ice_extrap_only",33.6929674110889,0.0190221797674894
"species_3_contemp_ice_extrap_only",33.9347910228967,0.0192196909338236
"species_3_contemp_ice_extrap_only",34.1766146347045,0.0194206424057484
"species_3_contemp_ice_extrap_only",34.4184382465123,0.0196251068264246
"species_3_contemp_ice_extrap_only",34.6602618583202,0.0198331419378519
"species_3_contemp_ice_extrap_only",34.902085470128,0.0200448147952557
"species_3_contemp_ice_extrap_only",35.1439090819358,0.0202601980417967
"species_3_contemp_ice_extrap_only",35.3857326937436,0.0204793587327003
"species_3_contemp_ice_extrap_only",35.6275563055515,0.0207023620605469
"species_3_contemp_ice_extrap_only",35.8693799173593,0.0209292881190777
"species_3_contemp_ice_extrap_only",36.1112035291671,0.0211602058261633
"species_3_contemp_ice_extrap_only",36.3530271409749,0.0213951952755451
"species_3_contemp_ice_extrap_only",36.5948507527827,0.0216343309730291
"species_3_contemp_ice_extrap_only",36.8366743645906,0.0218776874244213
"species_3_contemp_ice_extrap_only",37.0784979763984,0.0221253521740437
"species_3_contemp_ice_extrap_only",37.3203215882062,0.0223774015903473
"species_3_contemp_ice_extrap_only",37.562145200014,0.0226339232176542
"species_3_contemp_ice_extrap_only",37.8039688118219,0.0228950027376413
"species_3_contemp_ice_extrap_only",38.0457924236297,0.0231607239693403
"species_3_contemp_ice_extrap_only",38.2876160354375,0.0234311800450087
"species_3_contemp_ice_extrap_only",38.5294396472453,0.0237064585089684
"species_3_contemp_ice_extrap_only",38.7712632590531,0.0239866562187672
"species_3_contemp_ice_extrap_only",39.013086870861,0.0242718700319529
"species_3_contemp_ice_extrap_only",39.2549104826688,0.0245621874928474
"species_3_contemp_ice_extrap_only",39.4967340944766,0.0248577203601599
"species_3_contemp_ice_extrap_only",39.7385577062844,0.0251585599035025
"species_3_contemp_ice_extrap_only",39.9803813180923,0.0254648178815842
"species_3_contemp_ice_extrap_only",40.2222049299001,0.0257765967398882
"species_3_contemp_ice_extrap_only",40.4640285417079,0.0260940007865429
"species_3_contemp_ice_extrap_only",40.7058521535157,0.0264171492308378
"species_3_contemp_ice_extrap_only",40.9476757653236,0.0267461482435465
"species_3_contemp_ice_extrap_only",41.1894993771314,0.027081111446023
"species_3_contemp_ice_extrap_only",41.4313229889392,0.0274221636354923
"species_3_contemp_ice_extrap_only",41.673146600747,0.0277694184333086
"species_3_contemp_ice_extrap_only",41.9149702125548,0.0281230062246323
"species_3_contemp_ice_extrap_only",42.1567938243627,0.028483048081398
"species_3_contemp_ice_extrap_only",42.3986174361705,0.0288496669381857
"species_3_contemp_ice_extrap_only",42.6404410479783,0.0292230043560266
"species_3_contemp_ice_extrap_only",42.8822646597861,0.0296031851321459
"species_3_contemp_ice_extrap_only",43.124088271594,0.029990354552865
"species_3_contemp_ice_extrap_only",43.3659118834018,0.03038464859128
"species_3_contemp_ice_extrap_only",43.6077354952096,0.0307862013578415
"species_3_contemp_ice_extrap_only",43.8495591070174,0.0311951749026775
"species_3_contemp_ice_extrap_only",44.0913827188253,0.0316117033362389
"species_3_contemp_ice_extrap_only",44.3332063306331,0.0320359468460083
"species_3_contemp_ice_extrap_only",44.5750299424409,0.0324680656194687
"species_3_contemp_ice_extrap_only",44.8168535542487,0.0329082012176514
"species_3_contemp_ice_extrap_only",45.0586771660565,0.0333565324544907
"species_3_contemp_ice_extrap_only",45.3005007778644,0.0338132120668888
"species_3_contemp_ice_extrap_only",45.5423243896722,0.0342784225940704
"species_3_contemp_ice_extrap_only",45.78414800148,0.0347523279488087
"species_3_contemp_ice_extrap_only",46.0259716132878,0.0352350994944572
"species_3_contemp_ice_extrap_only",46.2677952250956,0.035726934671402
"species_3_contemp_ice_extrap_only",46.5096188369035,0.0362280048429966
"species_3_contemp_ice_extrap_only",46.7514424487113,0.0367384888231754
"species_3_contemp_ice_extrap_only",46.9932660605191,0.0372586026787758
"species_3_contemp_ice_extrap_only",47.235089672327,0.0377885177731514
"species_3_contemp_ice_extrap_only",47.4769132841348,0.0383284538984299
"species_3_contemp_ice_extrap_only",47.7187368959426,0.038878608494997
"species_3_contemp_ice_extrap_only",47.9605605077504,0.0394391790032387
"species_3_contemp_ice_extrap_only",48.2023841195582,0.0400104001164436
"species_3_contemp_ice_extrap_only",48.4442077313661,0.0405924655497074
"species_3_contemp_ice_extrap_only",48.6860313431739,0.0411856211721897
"species_3_contemp_ice_extrap_only",48.9278549549817,0.0417900830507278
"species_3_contemp_ice_extrap_only",49.1696785667895,0.0424060709774494
"species_3_contemp_ice_extrap_only",49.4115021785974,0.043033841997385
"species_3_contemp_ice_extrap_only",49.6533257904052,0.0436736159026623
"species_3_contemp_ice_extrap_only",49.895149402213,0.044325664639473
"species_3_contemp_ice_extrap_only",50.1369730140208,0.0449902229011059
"species_3_contemp_ice_extrap_only",50.3787966258286,0.0456675440073013
"species_3_contemp_ice_extrap_only",50.6206202376365,0.0463579073548317
"species_3_contemp_ice_extrap_only",50.8624438494443,0.0470615550875664
"species_3_contemp_ice_extrap_only",51.1042674612521,0.0477787889540195
"species_3_contemp_ice_extrap_only",51.3460910730599,0.0485098697245121
"species_3_contemp_ice_extrap_only",51.5879146848678,0.0492550767958164
"species_3_contemp_ice_extrap_only",51.8297382966756,0.0500147193670273
"species_3_contemp_ice_extrap_only",52.0715619084834,0.0507890842854977
"species_3_contemp_ice_extrap_only",52.3133855202912,0.0515784546732903
"species_3_contemp_ice_extrap_only",52.555209132099,0.0523831732571125
"species_3_contemp_ice_extrap_only",52.7970327439069,0.0532035194337368
"species_3_contemp_ice_extrap_only",53.0388563557147,0.0540398433804512
"species_3_contemp_ice_extrap_only",53.2806799675225,0.0548924580216408
"species_3_contemp_ice_extrap_only",53.5225035793303,0.0557616874575615
"species_3_contemp_ice_extrap_only",53.7643271911382,0.056647889316082
"species_3_contemp_ice_extrap_only",54.006150802946,0.0575513914227486
"species_3_contemp_ice_extrap_only",54.2479744147538,0.0584725700318813
"species_3_contemp_ice_extrap_only",54.4897980265616,0.0594117715954781
"species_3_contemp_ice_extrap_only",54.7316216383694,0.0603693500161171
"species_3_contemp_ice_extrap_only",54.9734452501773,0.0613457076251507
"species_3_contemp_ice_extrap_only",55.2152688619851,0.0623411945998669
"species_3_contemp_ice_extrap_only",55.4570924737929,0.0633562281727791
"species_3_contemp_ice_extrap_only",55.6989160856007,0.0643911957740784
"species_3_contemp_ice_extrap_only",55.9407396974086,0.0654464736580849
"species_3_contemp_ice_extrap_only",56.1825633092164,0.066522516310215
"species_3_contemp_ice_extrap_only",56.4243869210242,0.0676196962594986
"species_3_contemp_ice_extrap_only",56.666210532832,0.0687384828925133
"species_3_contemp_ice_extrap_only",56.9080341446399,0.0698792785406113
"species_3_contemp_ice_extrap_only",57.1498577564477,0.0710425227880478
"species_3_contemp_ice_extrap_only",57.3916813682555,0.072228692471981
"species_3_contemp_ice_extrap_only",57.6335049800633,0.0734382271766663
"species_3_contemp_ice_extrap_only",57.8753285918711,0.0746715664863586
"species_3_contemp_ice_extrap_only",58.117152203679,0.0759292244911194
"species_3_contemp_ice_extrap_only",58.3589758154868,0.0772116482257843
"species_3_contemp_ice_extrap_only",58.6007994272946,0.0786512345075607
"species_3_contemp_ice_extrap_only",58.8426230391024,0.0802596062421799
"species_3_contemp_ice_extrap_only",59.0844466509103,0.0819657742977142
"species_3_contemp_ice_extrap_only",59.3262702627181,0.0837287455797195
"species_3_contemp_ice_extrap_only",59.5680938745259,0.0855988711118698
"species_3_contemp_ice_extrap_only",59.8099174863337,0.0875561609864235
"species_3_contemp_ice_extrap_only",60.0517410981415,0.0896833389997482
"species_3_contemp_ice_extrap_only",60.2935647099494,0.0921422839164734
"species_3_contemp_ice_extrap_only",60.5353883217572,0.0948529168963432
"species_3_contemp_ice_extrap_only",60.777211933565,0.0978176072239876
"species_3_contemp_ice_extrap_only",61.0190355453728,0.100899711251259
"species_3_contemp_ice_extrap_only",61.2608591571807,0.10409589111805
"species_3_contemp_ice_extrap_only",61.5026827689885,0.107388392090797
"species_3_contemp_ice_extrap_only",61.7445063807963,0.110779620707035
"species_3_contemp_ice_extrap_only",61.9863299926041,0.114271804690361
"species_3_contemp_ice_extrap_only",62.2281536044119,0.11786737293005
"species_3_contemp_ice_extrap_only",62.4699772162198,0.121568590402603
"species_3_contemp_ice_extrap_only",62.7118008280276,0.125377714633942
"species_3_contemp_ice_extrap_only",62.9536244398354,0.129297167062759
"species_3_contemp_ice_extrap_only",63.1954480516432,0.133329167962074
"species_3_contemp_ice_extrap_only",63.4372716634511,0.137475907802582
"species_3_contemp_ice_extrap_only",63.6790952752589,0.141739770770073
"species_3_contemp_ice_extrap_only",63.9209188870667,0.146122798323631
"species_3_contemp_ice_extrap_only",64.1627424988745,0.15062727034092
"species_3_contemp_ice_extrap_only",64.4045661106824,0.155255168676376
"species_3_contemp_ice_extrap_only",64.6463897224902,0.160008743405342
"species_3_contemp_ice_extrap_only",64.888213334298,0.164889678359032
"species_3_contemp_ice_extrap_only",65.1300369461058,0.169900000095367
"species_3_contemp_ice_extrap_only",65.3718605579136,0.175041690468788
"species_3_contemp_ice_extrap_only",65.6136841697215,0.180316165089607
"species_3_contemp_ice_extrap_only",65.8555077815293,0.185725167393684
"species_3_contemp_ice_extrap_only",66.0973313933371,0.191270232200623
"species_3_contemp_ice_extrap_only",66.3391550051449,0.196952894330025
"species_3_contemp_ice_extrap_only",66.5809786169527,0.202774047851562
"species_3_contemp_ice_extrap_only",66.8228022287606,0.208734974265099
"species_3_contemp_ice_extrap_only",67.0646258405684,0.214836806058884
"species_3_contemp_ice_extrap_only",67.3064494523762,0.221079960465431
"species_3_contemp_ice_extrap_only",67.548273064184,0.227465212345123
"species_3_contemp_ice_extrap_only",67.7900966759919,0.23399318754673
"species_3_contemp_ice_extrap_only",68.0319202877997,0.240663692355156
"species_3_contemp_ice_extrap_only",68.2737438996075,0.24747696518898
"species_3_contemp_ice_extrap_only",68.5155675114153,0.254432767629623
"species_3_contemp_ice_extrap_only",68.7573911232232,0.26153090596199
"species_3_contemp_ice_extrap_only",68.999214735031,0.268770277500153
"species_3_contemp_ice_extrap_only",69.2410383468388,0.27615013718605
"species_3_contemp_ice_extrap_only",69.4828619586466,0.283669590950012
"species_3_contemp_ice_extrap_only",69.7246855704544,0.29132667183876
"species_3_contemp_ice_extrap_only",69.9665091822623,0.29911994934082
"species_3_contemp_ice_extrap_only",70.2083327940701,0.307047665119171
"species_3_contemp_ice_extrap_only",70.4501564058779,0.315107017755508
"species_3_contemp_ice_extrap_only",70.6919800176857,0.323295682668686
"species_3_contemp_ice_extrap_only",70.9338036294936,0.331611096858978
"species_3_contemp_ice_extrap_only",71.1756272413014,0.340049564838409
"species_3_contemp_ice_extrap_only",71.4174508531092,0.348607838153839
"species_3_contemp_ice_extrap_only",71.659274464917,0.357282221317291
"species_3_contemp_ice_extrap_only",71.9010980767249,0.3660688996315
"species_3_contemp_ice_extrap_only",72.1429216885327,0.374962985515594
"species_3_contemp_ice_extrap_only",72.3847453003405,0.383960098028183
"species_3_contemp_ice_extrap_only",72.6265689121483,0.393055617809296
"species_3_contemp_ice_extrap_only",72.8683925239561,0.402243703603745
"species_3_contemp_ice_extrap_only",73.110216135764,0.411519199609756
"species_3_contemp_ice_extrap_only",73.3520397475718,0.420876652002335
"species_3_contemp_ice_extrap_only",73.5938633593796,0.430309444665909
"species_3_contemp_ice_extrap_only",73.8356869711874,0.439811676740646
"species_3_contemp_ice_extrap_only",74.0775105829953,0.449376851320267
"species_3_contemp_ice_extrap_only",74.3193341948031,0.458998650312424
"species_3_contemp_ice_extrap_only",74.5611578066109,0.468669533729553
"species_3_contemp_ice_extrap_only",74.8029814184187,0.478382796049118
"species_3_contemp_ice_extrap_only",75.0448050302266,0.488131582736969
"species_3_contemp_ice_extrap_only",75.2866286420344,0.497907906770706
"species_3_contemp_ice_extrap_only",75.5284522538422,0.507704675197601
"species_3_contemp_ice_extrap_only",75.77027586565,0.517514646053314
"species_3_contemp_ice_extrap_only",76.0120994774579,0.527329564094543
"species_3_contemp_ice_extrap_only",76.2539230892657,0.537142157554626
"species_3_contemp_ice_extrap_only",76.4957467010735,0.546945035457611
"species_3_contemp_ice_extrap_only",76.7375703128813,0.556729853153229
"species_3_contemp_ice_extrap_only",76.9793939246891,0.566489398479462
"species_3_contemp_ice_extrap_only",77.221217536497,0.576216042041779
"species_3_contemp_ice_extrap_only",77.4630411483048,0.585902571678162
"species_3_contemp_ice_extrap_only",77.7048647601126,0.595540940761566
"species_3_contemp_ice_extrap_only",77.9466883719204,0.605124115943909
"species_3_contemp_ice_extrap_only",78.1885119837282,0.61464536190033
"species_3_contemp_ice_extrap_only",78.4303355955361,0.624096989631653
"species_3_contemp_ice_extrap_only",78.6721592073439,0.633472561836243
"species_3_contemp_ice_extrap_only",78.9139828191517,0.642765700817108
"species_3_contemp_ice_extrap_only",79.1558064309595,0.651969492435455
"species_3_contemp_ice_extrap_only",79.3976300427674,0.661078035831451
"species_3_contemp_ice_extrap_only",79.6394536545752,0.670085549354553
"species_3_contemp_ice_extrap_only",79.881277266383,0.678986549377441
"species_3_contemp_ice_extrap_only",80.1231008781908,0.687775254249573
"species_3_contemp_ice_extrap_only",80.3649244899987,0.696446776390076
"species_3_contemp_ice_extrap_only",80.6067481018065,0.704996764659882
"species_3_contemp_ice_extrap_only",80.8485717136143,0.71283358335495
"species_3_contemp_ice_extrap_only",81.0903953254221,0.720435917377472
"species_3_contemp_ice_extrap_only",81.3322189372299,0.727929055690765
"species_3_contemp_ice_extrap_only",81.5740425490378,0.73473185300827
"species_3_contemp_ice_extrap_only",81.8158661608456,0.741067469120026
"species_3_contemp_ice_extrap_only",82.0576897726534,0.747318208217621
"species_3_contemp_ice_extrap_only",82.2995133844612,0.753482043743134
"species_3_contemp_ice_extrap_only",82.541336996269,0.759557664394379
"species_3_contemp_ice_extrap_only",82.7831606080769,0.765543699264526
"species_3_contemp_ice_extrap_only",83.0249842198847,0.770539164543152
"species_3_contemp_ice_extrap_only",83.2668078316925,0.773976385593414
"species_3_contemp_ice_extrap_only",83.5086314435003,0.777390003204346
"species_3_contemp_ice_extrap_only",83.7504550553082,0.780779719352722
"species_3_contemp_ice_extrap_only",83.992278667116,0.784144759178162
"species_3_contemp_ice_extrap_only",84.2341022789238,0.78748482465744
"species_3_contemp_ice_extrap_only",84.4759258907316,0.790799558162689
"species_3_contemp_ice_extrap_only",84.7177495025395,0.794088304042816
"species_3_contemp_ice_extrap_only",84.9595731143473,0.794464111328125
"species_3_contemp_ice_extrap_only",85.2013967261551,0.794369041919708
"species_3_contemp_ice_extrap_only",85.4432203379629,0.79428619146347
"species_3_contemp_ice_extrap_only",85.6850439497707,0.794215679168701
"species_3_contemp_ice_extrap_only",85.9268675615786,0.794157445430756
"species_3_contemp_ice_extrap_only",86.1686911733864,0.794111490249634
"species_3_contemp_ice_extrap_only",86.4105147851942,0.79407787322998
"species_3_contemp_ice_extrap_only",86.652338397002,0.794056594371796
"species_3_contemp_ice_extrap_only",86.8941620088099,0.794047594070435
"species_3_contemp_ice_extrap_only",87.1359856206177,0.794050872325897
"species_3_contemp_ice_extrap_only",87.3778092324255,0.794066548347473
"species_3_contemp_ice_extrap_only",87.6196328442333,0.794094502925873
"species_3_contemp_ice_extrap_only",87.8614564560412,0.794134736061096
"species_3_contemp_ice_extrap_only",88.103280067849,0.794187307357788
"species_3_contemp_ice_extrap_only",88.3451036796568,0.794252157211304
"species_3_contemp_ice_extrap_only",88.5869272914646,0.794329285621643
"species_3_contemp_ice_extrap_only",88.8287509032725,0.794418752193451
"species_3_contemp_ice_extrap_only",89.0705745150803,0.794520437717438
"species_3_contemp_ice_extrap_only",89.3123981268881,0.794634401798248
"species_3_contemp_ice_extrap_only",89.5542217386959,0.794760584831238
"species_3_contemp_ice_extrap_only",89.7960453505037,0.794898986816406
"species_3_contemp_ice_extrap_only",90.0378689623115,0.795049607753754
"species_3_contemp_ice_extrap_only",90.2796925741194,0.795212388038635
"species_3_contemp_ice_extrap_only",90.5215161859272,0.795387327671051
"species_3_contemp_ice_extrap_only",90.763339797735,0.795574426651001
"species_3_contemp_ice_extrap_only",91.0051634095428,0.79577362537384
"species_3_contemp_ice_extrap_only",91.2469870213507,0.795984923839569
"species_3_contemp_ice_extrap_only",91.4888106331585,0.796208322048187
"species_3_contemp_ice_extrap_only",91.7306342449663,0.796443700790405
"species_3_contemp_ice_extrap_only",91.9724578567741,0.796691060066223
"species_3_contemp_ice_extrap_only",92.214281468582,0.796950399875641
"species_3_contemp_ice_extrap_only",92.4561050803898,0.797221660614014
"species_3_contemp_ice_extrap_only",92.6979286921976,0.797504842281342
"species_3_contemp_ice_extrap_only",92.9397523040054,0.797799825668335
"species_3_contemp_ice_extrap_only",93.1815759158133,0.798106670379639
"species_3_contemp_ice_extrap_only",93.4233995276211,0.798425257205963
"species_3_contemp_ice_extrap_only",93.6652231394289,0.798755586147308
"species_3_contemp_ice_extrap_only",93.9070467512367,0.79909759759903
"species_3_contemp_ice_extrap_only",94.1488703630445,0.799451291561127
"species_3_contemp_ice_extrap_only",94.3906939748524,0.79981654882431
"species_3_contemp_ice_extrap_only",94.6325175866602,0.800193309783936
"species_3_contemp_ice_extrap_only",94.874341198468,0.800581634044647
"species_3_contemp_ice_extrap_only",95.1161648102758,0.800981342792511
"species_3_contemp_ice_extrap_only",95.3579884220836,0.801392436027527
"species_3_contemp_ice_extrap_only",95.5998120338915,0.801814913749695
"species_3_contemp_ice_extrap_only",95.8416356456993,0.802248597145081
"species_3_contemp_ice_extrap_only",96.0834592575071,0.802693486213684
"species_3_contemp_ice_extrap_only",96.325282869315,0.803149580955505
"species_3_contemp_ice_extrap_only",96.5671064811228,0.803616762161255
"species_3_contemp_ice_extrap_only",96.8089300929306,0.804094970226288
"species_3_contemp_ice_extrap_only",97.0507537047384,0.804584085941315
"species_3_contemp_ice_extrap_only",97.2925773165462,0.80508416891098
"species_3_contemp_ice_extrap_only",97.5344009283541,0.80559504032135
"species_3_contemp_ice_extrap_only",97.7762245401619,0.80611664056778
"species_3_contemp_ice_extrap_only",98.0180481519697,0.806648969650269
"species_3_contemp_ice_extrap_only",98.2598717637775,0.807191848754883
"species_3_contemp_ice_extrap_only",98.5016953755853,0.807745277881622
"species_3_contemp_ice_extrap_only",98.7435189873932,0.808309257030487
"species_3_contemp_ice_extrap_only",98.985342599201,0.808883488178253
"species_3_contemp_ice_extrap_only",99.2271662110088,0.80946809053421
"species_3_contemp_ice_extrap_only",99.4689898228166,0.810062885284424
"species_3_contemp_ice_extrap_only",99.7108134346245,0.810667872428894
"species_3_contemp_ice_extrap_only",99.9526370464323,0.811282873153687
"species_3_contemp_ice_extrap_only",100.19446065824,0.811907827854156
"species_3_contemp_ice_extrap_only",100.436284270048,0.812542676925659
"species_3_contemp_ice_extrap_only",100.678107881856,0.813187301158905
"species_3_contemp_ice_extrap_only",100.919931493664,0.813841640949249
"species_3_contemp_ice_extrap_only",101.161755105471,0.814505636692047
"species_3_contemp_ice_extrap_only",101.403578717279,0.814729034900665
"species_3_contemp_ice_extrap_only",101.645402329087,0.814729034900665
"species_3_contemp_ice_extrap_only",101.887225940895,0.814729034900665
"species_3_contemp_ice_extrap_only",102.129049552703,0.814729034900665
"species_3_contemp_ice_extrap_only",102.370873164511,0.814729034900665
"species_3_contemp_ice_extrap_only",102.612696776318,0.814729034900665
"species_3_contemp_ice_extrap_only",102.854520388126,0.814729034900665
"species_3_contemp_ice_extrap_only",103.096343999934,0.814729034900665
"species_3_contemp_ice_extrap_only",103.338167611742,0.814729034900665
"species_3_contemp_ice_extrap_only",103.57999122355,0.814729034900665
"species_3_contemp_ice_extrap_only",103.821814835357,0.814729034900665
"species_3_contemp_ice_extrap_only",104.063638447165,0.814729034900665
"species_3_contemp_ice_extrap_only",104.305462058973,0.814729034900665
"species_3_contemp_ice_extrap_only",104.547285670781,0.814729034900665
"species_3_contemp_ice_extrap_only",104.789109282589,0.814729034900665
"species_3_contemp_ice_extrap_only",105.030932894397,0.814729034900665
"species_3_contemp_ice_extrap_only",105.272756506204,0.814729034900665
"species_3_contemp_ice_extrap_only",105.514580118012,0.814729034900665
"species_3_contemp_ice_extrap_only",105.75640372982,0.814729034900665
"species_3_contemp_ice_extrap_only",105.998227341628,0.814729034900665
"species_3_contemp_ice_extrap_only",106.240050953436,0.814729034900665
"species_3_contemp_ice_extrap_only",106.481874565244,0.814729034900665
"species_3_contemp_ice_extrap_only",106.723698177051,0.814729034900665
"species_3_contemp_ice_extrap_only",106.965521788859,0.814729034900665
"species_3_contemp_ice_extrap_only",107.207345400667,0.814729034900665
"species_3_contemp_ice_extrap_only",107.449169012475,0.814729034900665
"species_3_contemp_ice_extrap_only",107.690992624283,0.814729034900665
"species_3_contemp_ice_extrap_only",107.93281623609,0.814729034900665
"species_3_contemp_ice_extrap_only",108.174639847898,0.814729034900665
"species_3_contemp_ice_extrap_only",108.416463459706,0.814729034900665
"species_3_contemp_ice_extrap_only",108.658287071514,0.814729034900665
"species_3_contemp_ice_extrap_only",108.900110683322,0.814729034900665
"species_3_contemp_ice_extrap_only",109.14193429513,0.814729034900665
"species_3_contemp_ice_extrap_only",109.383757906937,0.814729034900665
"species_3_contemp_ice_extrap_only",109.625581518745,0.814729034900665
"species_3_contemp_ice_extrap_only",109.867405130553,0.814729034900665
"species_3_contemp_ice_extrap_only",110.109228742361,0.814729034900665
"species_3_contemp_ice_extrap_only",110.351052354169,0.814729034900665
"species_3_contemp_ice_extrap_only",110.592875965976,0.814729034900665
"species_3_contemp_ice_extrap_only",110.834699577784,0.814729034900665
"species_3_contemp_ice_extrap_only",111.076523189592,0.814729034900665
"species_3_contemp_ice_extrap_only",111.3183468014,0.814729034900665
"species_3_contemp_ice_extrap",-9.59345910251138,0.019004775211215
"species_3_contemp_ice_extrap",-9.35163549070356,0.019004775211215
"species_3_contemp_ice_extrap",-9.10981187889574,0.019004775211215
"species_3_contemp_ice_extrap",-8.86798826708792,0.019004775211215
"species_3_contemp_ice_extrap",-8.62616465528009,0.019004775211215
"species_3_contemp_ice_extrap",-8.38434104347227,0.019004775211215
"species_3_contemp_ice_extrap",-8.14251743166445,0.019004775211215
"species_3_contemp_ice_extrap",-7.90069381985663,0.019004775211215
"species_3_contemp_ice_extrap",-7.6588702080488,0.019004775211215
"species_3_contemp_ice_extrap",-7.41704659624098,0.019004775211215
"species_3_contemp_ice_extrap",-7.17522298443316,0.019004775211215
"species_3_contemp_ice_extrap",-6.93339937262534,0.019004775211215
"species_3_contemp_ice_extrap",-6.69157576081751,0.019004775211215
"species_3_contemp_ice_extrap",-6.44975214900969,0.019004775211215
"species_3_contemp_ice_extrap",-6.20792853720187,0.019004775211215
"species_3_contemp_ice_extrap",-5.96610492539405,0.019004775211215
"species_3_contemp_ice_extrap",-5.72428131358622,0.019004775211215
"species_3_contemp_ice_extrap",-5.4824577017784,0.019004775211215
"species_3_contemp_ice_extrap",-5.24063408997058,0.019004775211215
"species_3_contemp_ice_extrap",-4.99881047816275,0.019004775211215
"species_3_contemp_ice_extrap",-4.75698686635493,0.019004775211215
"species_3_contemp_ice_extrap",-4.51516325454711,0.019004775211215
"species_3_contemp_ice_extrap",-4.27333964273929,0.019004775211215
"species_3_contemp_ice_extrap",-4.03151603093146,0.019004775211215
"species_3_contemp_ice_extrap",-3.78969241912364,0.019004775211215
"species_3_contemp_ice_extrap",-3.54786880731582,0.019004775211215
"species_3_contemp_ice_extrap",-3.306045195508,0.019004775211215
"species_3_contemp_ice_extrap",-3.06422158370017,0.019004775211215
"species_3_contemp_ice_extrap",-2.82239797189235,0.019004775211215
"species_3_contemp_ice_extrap",-2.58057436008453,0.019004775211215
"species_3_contemp_ice_extrap",-2.3387507482767,0.019004775211215
"species_3_contemp_ice_extrap",-2.09692713646888,0.019004775211215
"species_3_contemp_ice_extrap",-1.85510352466106,0.019004775211215
"species_3_contemp_ice_extrap",-1.61327991285324,0.019004775211215
"species_3_contemp_ice_extrap",-1.37145630104541,0.019004775211215
"species_3_contemp_ice_extrap",-1.12963268923759,0.019004775211215
"species_3_contemp_ice_extrap",-0.887809077429768,0.019004775211215
"species_3_contemp_ice_extrap",-0.645985465621946,0.019004775211215
"species_3_contemp_ice_extrap",-0.404161853814124,0.019004775211215
"species_3_contemp_ice_extrap",-0.1623382420063,0.019004775211215
"species_3_contemp_ice_extrap",0.0794853698015228,0.019004775211215
"species_3_contemp_ice_extrap",0.321308981609343,0.019004775211215
"species_3_contemp_ice_extrap",0.563132593417167,0.0190606024116278
"species_3_contemp_ice_extrap",0.80495620522499,0.0192293487489223
"species_3_contemp_ice_extrap",1.04677981703281,0.0194000080227852
"species_3_contemp_ice_extrap",1.28860342884064,0.0195726025849581
"species_3_contemp_ice_extrap",1.53042704064846,0.0197471585124731
"species_3_contemp_ice_extrap",1.77225065245628,0.0199236981570721
"species_3_contemp_ice_extrap",2.0140742642641,0.0201022494584322
"species_3_contemp_ice_extrap",2.25589787607193,0.0202828347682953
"species_3_contemp_ice_extrap",2.49772148787975,0.0204654820263386
"species_3_contemp_ice_extrap",2.73954509968757,0.020650215446949
"species_3_contemp_ice_extrap",2.98136871149539,0.0208370611071587
"species_3_contemp_ice_extrap",3.22319232330322,0.0210260469466448
"species_3_contemp_ice_extrap",3.46501593511104,0.0212171971797943
"species_3_contemp_ice_extrap",3.70683954691886,0.0214105416089296
"species_3_contemp_ice_extrap",3.94866315872668,0.021606108173728
"species_3_contemp_ice_extrap",4.19048677053451,0.0218039229512215
"species_3_contemp_ice_extrap",4.43231038234233,0.0220040138810873
"species_3_contemp_ice_extrap",4.67413399415015,0.022206412628293
"species_3_contemp_ice_extrap",4.91595760595798,0.0224111452698708
"species_3_contemp_ice_extrap",5.1577812177658,0.022618243470788
"species_3_contemp_ice_extrap",5.39960482957362,0.022827735170722
"species_3_contemp_ice_extrap",5.64142844138144,0.0230396520346403
"species_3_contemp_ice_extrap",5.88325205318927,0.0232540257275104
"species_3_contemp_ice_extrap",6.12507566499709,0.0234708841890097
"species_3_contemp_ice_extrap",6.36689927680491,0.0236902628093958
"species_3_contemp_ice_extrap",6.60872288861274,0.0239121895283461
"species_3_contemp_ice_extrap",6.85054650042056,0.0241367015987635
"species_3_contemp_ice_extrap",7.09237011222838,0.0243638269603252
"species_3_contemp_ice_extrap",7.3341937240362,0.0245936010032892
"species_3_contemp_ice_extrap",7.57601733584402,0.0248260572552681
"species_3_contemp_ice_extrap",7.81784094765185,0.0250612292438745
"species_3_contemp_ice_extrap",8.05966455945967,0.0252991542220116
"species_3_contemp_ice_extrap",8.30148817126749,0.0255398619920015
"species_3_contemp_ice_extrap",8.54331178307532,0.0257833935320377
"species_3_contemp_ice_extrap",8.78513539488314,0.0260297823697329
"species_3_contemp_ice_extrap",9.02695900669096,0.0262790638953447
"species_3_contemp_ice_extrap",9.26878261849879,0.0265312772244215
"species_3_contemp_ice_extrap",9.51060623030661,0.026786457747221
"species_3_contemp_ice_extrap",9.75242984211443,0.0270446445792913
"species_3_contemp_ice_extrap",9.99425345392225,0.0273058768361807
"species_3_contemp_ice_extrap",10.2360770657301,0.027570191770792
"species_3_contemp_ice_extrap",10.4779006775379,0.0278376284986734
"species_3_contemp_ice_extrap",10.7197242893457,0.0281082298606634
"species_3_contemp_ice_extrap",10.9615479011535,0.0283820331096649
"species_3_contemp_ice_extrap",11.2033715129614,0.0286590810865164
"species_3_contemp_ice_extrap",11.4451951247692,0.0289394166320562
"species_3_contemp_ice_extrap",11.687018736577,0.0292230788618326
"species_3_contemp_ice_extrap",11.9288423483848,0.029510110616684
"species_3_contemp_ice_extrap",12.1706659601927,0.029800558462739
"species_3_contemp_ice_extrap",12.4124895720005,0.030094463378191
"species_3_contemp_ice_extrap",12.6543131838083,0.0303918682038784
"species_3_contemp_ice_extrap",12.8961367956161,0.0306928213685751
"species_3_contemp_ice_extrap",13.1379604074239,0.0309973675757647
"species_3_contemp_ice_extrap",13.3797840192318,0.0313055515289307
"species_3_contemp_ice_extrap",13.6216076310396,0.031617421656847
"species_3_contemp_ice_extrap",13.8634312428474,0.0319330245256424
"species_3_contemp_ice_extrap",14.1052548546552,0.0322524085640907
"species_3_contemp_ice_extrap",14.3470784664631,0.0325756184756756
"species_3_contemp_ice_extrap",14.5889020782709,0.0329027101397514
"species_3_contemp_ice_extrap",14.8307256900787,0.0332337319850922
"species_3_contemp_ice_extrap",15.0725493018865,0.0335687287151814
"species_3_contemp_ice_extrap",15.3143729136943,0.0339077562093735
"species_3_contemp_ice_extrap",15.5561965255022,0.0342508666217327
"species_3_contemp_ice_extrap",15.79802013731,0.0345981121063232
"species_3_contemp_ice_extrap",16.0398437491178,0.0349495485424995
"species_3_contemp_ice_extrap",16.2816673609256,0.0353052206337452
"species_3_contemp_ice_extrap",16.5234909727335,0.0356651917099953
"species_3_contemp_ice_extrap",16.7653145845413,0.0360295102000237
"species_3_contemp_ice_extrap",17.0071381963491,0.0363982394337654
"species_3_contemp_ice_extrap",17.2489618081569,0.036771435290575
"species_3_contemp_ice_extrap",17.4907854199648,0.0371491499245167
"species_3_contemp_ice_extrap",17.7326090317726,0.0375314429402351
"species_3_contemp_ice_extrap",17.9744326435804,0.0379183739423752
"species_3_contemp_ice_extrap",18.2162562553882,0.0383100099861622
"species_3_contemp_ice_extrap",18.458079867196,0.0387063957750797
"species_3_contemp_ice_extrap",18.6999034790039,0.0391076058149338
"species_3_contemp_ice_extrap",18.9417270908117,0.0395136959850788
"species_3_contemp_ice_extrap",19.1835507026195,0.0399247333407402
"species_3_contemp_ice_extrap",19.4253743144273,0.040340781211853
"species_3_contemp_ice_extrap",19.6671979262352,0.0407618954777718
"species_3_contemp_ice_extrap",19.909021538043,0.0411881506443024
"species_3_contemp_ice_extrap",20.1508451498508,0.0416196100413799
"species_3_contemp_ice_extrap",20.3926687616586,0.0420563407242298
"species_3_contemp_ice_extrap",20.6344923734665,0.0424984060227871
"species_3_contemp_ice_extrap",20.8763159852743,0.0429458804428577
"species_3_contemp_ice_extrap",21.1181395970821,0.0433988310396671
"species_3_contemp_ice_extrap",21.3599632088899,0.0438573248684406
"species_3_contemp_ice_extrap",21.6017868206977,0.0443214401602745
"species_3_contemp_ice_extrap",21.8436104325056,0.0447912439703941
"species_3_contemp_ice_extrap",22.0854340443134,0.0452668070793152
"species_3_contemp_ice_extrap",22.3272576561212,0.0457482077181339
"species_3_contemp_ice_extrap",22.569081267929,0.0462355203926563
"species_3_contemp_ice_extrap",22.8109048797369,0.0467288196086884
"species_3_contemp_ice_extrap",23.0527284915447,0.047228179872036
"species_3_contemp_ice_extrap",23.2945521033525,0.0477336794137955
"species_3_contemp_ice_extrap",23.5363757151603,0.0482453964650631
"species_3_contemp_ice_extrap",23.7781993269681,0.0487634167075157
"species_3_contemp_ice_extrap",24.020022938776,0.0492878071963787
"species_3_contemp_ice_extrap",24.2618465505838,0.0498186610639095
"species_3_contemp_ice_extrap",24.5036701623916,0.0503560528159142
"species_3_contemp_ice_extrap",24.7454937741994,0.0509000718593597
"species_3_contemp_ice_extrap",24.9873173860072,0.0514508038759232
"species_3_contemp_ice_extrap",25.2291409978151,0.0520083233714104
"species_3_contemp_ice_extrap",25.4709646096229,0.0525727234780788
"species_3_contemp_ice_extrap",25.7127882214307,0.0531440898776054
"species_3_contemp_ice_extrap",25.9546118332385,0.0537225157022476
"species_3_contemp_ice_extrap",26.1964354450464,0.054308082908392
"species_3_contemp_ice_extrap",26.4382590568542,0.0549008846282959
"species_3_contemp_ice_extrap",26.680082668662,0.0555010139942169
"species_3_contemp_ice_extrap",26.9219062804698,0.0561085566878319
"species_3_contemp_ice_extrap",27.1637298922777,0.0567236207425594
"species_3_contemp_ice_extrap",27.4055535040855,0.0573462843894958
"species_3_contemp_ice_extrap",27.6473771158933,0.0579766482114792
"species_3_contemp_ice_extrap",27.8892007277011,0.0586148127913475
"species_3_contemp_ice_extrap",28.131024339509,0.0592608712613583
"species_3_contemp_ice_extrap",28.3728479513168,0.0599149316549301
"species_3_contemp_ice_extrap",28.6146715631246,0.0605770796537399
"species_3_contemp_ice_extrap",28.8564951749324,0.0612474232912064
"species_3_contemp_ice_extrap",29.0983187867402,0.0619260631501675
"species_3_contemp_ice_extrap",29.3401423985481,0.0626131147146225
"species_3_contemp_ice_extrap",29.5819660103559,0.0633086636662483
"species_3_contemp_ice_extrap",29.8237896221637,0.0640128180384636
"species_3_contemp_ice_extrap",30.0656132339715,0.0647256895899773
"species_3_contemp_ice_extrap",30.3074368457794,0.0654473900794983
"species_3_contemp_ice_extrap",30.5492604575872,0.0661780312657356
"species_3_contemp_ice_extrap",30.791084069395,0.066917710006237
"species_3_contemp_ice_extrap",31.0329076812028,0.0676665380597115
"species_3_contemp_ice_extrap",31.2747312930106,0.0684246346354485
"species_3_contemp_ice_extrap",31.5165549048185,0.0691921263933182
"species_3_contemp_ice_extrap",31.7583785166263,0.0699690952897072
"species_3_contemp_ice_extrap",32.0002021284341,0.0707556828856468
"species_3_contemp_ice_extrap",32.2420257402419,0.071552000939846
"species_3_contemp_ice_extrap",32.4838493520498,0.0723581463098526
"species_3_contemp_ice_extrap",32.7256729638576,0.073174275457859
"species_3_contemp_ice_extrap",32.9674965756654,0.0740004777908325
"species_3_contemp_ice_extrap",33.2093201874732,0.0748368948698044
"species_3_contemp_ice_extrap",33.4511437992811,0.0756836459040642
"species_3_contemp_ice_extrap",33.6929674110889,0.0765408352017403
"species_3_contemp_ice_extrap",33.9347910228967,0.0774086117744446
"species_3_contemp_ice_extrap",34.1766146347045,0.0782870873808861
"species_3_contemp_ice_extrap",34.4184382465123,0.0791764035820961
"species_3_contemp_ice_extrap",34.6602618583202,0.0800766795873642
"species_3_contemp_ice_extrap",34.902085470128,0.0809880271553993
"species_3_contemp_ice_extrap",35.1439090819358,0.0819106176495552
"species_3_contemp_ice_extrap",35.3857326937436,0.0828445553779602
"species_3_contemp_ice_extrap",35.6275563055515,0.0837899670004845
"species_3_contemp_ice_extrap",35.8693799173593,0.0847470089793205
"species_3_contemp_ice_extrap",36.1112035291671,0.0857157930731773
"species_3_contemp_ice_extrap",36.3530271409749,0.086696483194828
"species_3_contemp_ice_extrap",36.5948507527827,0.0876891985535622
"species_3_contemp_ice_extrap",36.8366743645906,0.0886940732598305
"species_3_contemp_ice_extrap",37.0784979763984,0.0897112637758255
"species_3_contemp_ice_extrap",37.3203215882062,0.0907408893108368
"species_3_contemp_ice_extrap",37.562145200014,0.0917831212282181
"species_3_contemp_ice_extrap",37.8039688118219,0.0928380787372589
"species_3_contemp_ice_extrap",38.0457924236297,0.0939059033989906
"species_3_contemp_ice_extrap",38.2876160354375,0.094986766576767
"species_3_contemp_ice_extrap",38.5294396472453,0.0960807800292969
"species_3_contemp_ice_extrap",38.7712632590531,0.0971881225705147
"species_3_contemp_ice_extrap",39.013086870861,0.0983089283108711
"species_3_contemp_ice_extrap",39.2549104826688,0.099443331360817
"species_3_contemp_ice_extrap",39.4967340944766,0.100591510534286
"species_3_contemp_ice_extrap",39.7385577062844,0.101753577589989
"species_3_contemp_ice_extrap",39.9803813180923,0.1029297336936
"species_3_contemp_ice_extrap",40.2222049299001,0.10412010550499
"species_3_contemp_ice_extrap",40.4640285417079,0.10532483458519
"species_3_contemp_ice_extrap",40.7058521535157,0.106544099748135
"species_3_contemp_ice_extrap",40.9476757653236,0.107778042554855
"species_3_contemp_ice_extrap",41.1894993771314,0.109026804566383
"species_3_contemp_ice_extrap",41.4313229889392,0.110290579497814
"species_3_contemp_ice_extrap",41.673146600747,0.111569486558437
"species_3_contemp_ice_extrap",41.9149702125548,0.112863719463348
"species_3_contemp_ice_extrap",42.1567938243627,0.114173412322998
"species_3_contemp_ice_extrap",42.3986174361705,0.115498721599579
"species_3_contemp_ice_extrap",42.6404410479783,0.116839826107025
"species_3_contemp_ice_extrap",42.8822646597861,0.118196867406368
"species_3_contemp_ice_extrap",43.124088271594,0.119570031762123
"species_3_contemp_ice_extrap",43.3659118834018,0.120959460735321
"species_3_contemp_ice_extrap",43.6077354952096,0.122365310788155
"species_3_contemp_ice_extrap",43.8495591070174,0.123787768185139
"species_3_contemp_ice_extrap",44.0913827188253,0.125226959586143
"species_3_contemp_ice_extrap",44.3332063306331,0.126683101058006
"species_3_contemp_ice_extrap",44.5750299424409,0.128156319260597
"species_3_contemp_ice_extrap",44.8168535542487,0.129646763205528
"species_3_contemp_ice_extrap",45.0586771660565,0.131154641509056
"species_3_contemp_ice_extrap",45.3005007778644,0.13268007338047
"species_3_contemp_ice_extrap",45.5423243896722,0.134223267436028
"species_3_contemp_ice_extrap",45.78414800148,0.13578437268734
"species_3_contemp_ice_extrap",46.0259716132878,0.137363508343697
"species_3_contemp_ice_extrap",46.2677952250956,0.138960897922516
"species_3_contemp_ice_extrap",46.5096188369035,0.14057669043541
"species_3_contemp_ice_extrap",46.7514424487113,0.142211019992828
"species_3_contemp_ice_extrap",46.9932660605191,0.143864095211029
"species_3_contemp_ice_extrap",47.235089672327,0.14553602039814
"species_3_contemp_ice_extrap",47.4769132841348,0.147227019071579
"species_3_contemp_ice_extrap",47.7187368959426,0.148937240242958
"species_3_contemp_ice_extrap",47.9605605077504,0.150666788220406
"species_3_contemp_ice_extrap",48.2023841195582,0.152415901422501
"species_3_contemp_ice_extrap",48.4442077313661,0.154184684157372
"species_3_contemp_ice_extrap",48.6860313431739,0.155973345041275
"species_3_contemp_ice_extrap",48.9278549549817,0.157782018184662
"species_3_contemp_ice_extrap",49.1696785667895,0.159610822796822
"species_3_contemp_ice_extrap",49.4115021785974,0.161459982395172
"species_3_contemp_ice_extrap",49.6533257904052,0.163329586386681
"species_3_contemp_ice_extrap",49.895149402213,0.165219858288765
"species_3_contemp_ice_extrap",50.1369730140208,0.167130917310715
"species_3_contemp_ice_extrap",50.3787966258286,0.169062882661819
"species_3_contemp_ice_extrap",50.6206202376365,0.171015962958336
"species_3_contemp_ice_extrap",50.8624438494443,0.172990247607231
"species_3_contemp_ice_extrap",51.1042674612521,0.174985960125923
"species_3_contemp_ice_extrap",51.3460910730599,0.177003189921379
"species_3_contemp_ice_extrap",51.5879146848678,0.179042056202888
"species_3_contemp_ice_extrap",51.8297382966756,0.181102767586708
"species_3_contemp_ice_extrap",52.0715619084834,0.183185428380966
"species_3_contemp_ice_extrap",52.3133855202912,0.185290142893791
"species_3_contemp_ice_extrap",52.555209132099,0.18741711974144
"species_3_contemp_ice_extrap",52.7970327439069,0.189566403627396
"species_3_contemp_ice_extrap",53.0388563557147,0.191738218069077
"species_3_contemp_ice_extrap",53.2806799675225,0.193932637572289
"species_3_contemp_ice_extrap",53.5225035793303,0.196149751543999
"species_3_contemp_ice_extrap",53.7643271911382,0.198389768600464
"species_3_contemp_ice_extrap",54.006150802946,0.200652718544006
"species_3_contemp_ice_extrap",54.2479744147538,0.20293878018856
"species_3_contemp_ice_extrap",54.4897980265616,0.205248057842255
"species_3_contemp_ice_extrap",54.7316216383694,0.207580611109734
"species_3_contemp_ice_extrap",54.9734452501773,0.20993660390377
"species_3_contemp_ice_extrap",55.2152688619851,0.212316080927849
"species_3_contemp_ice_extrap",55.4570924737929,0.214719206094742
"species_3_contemp_ice_extrap",55.6989160856007,0.217146039009094
"species_3_contemp_ice_extrap",55.9407396974086,0.21959662437439
"species_3_contemp_ice_extrap",56.1825633092164,0.222071141004562
"species_3_contemp_ice_extrap",56.4243869210242,0.224569573998451
"species_3_contemp_ice_extrap",56.666210532832,0.227092087268829
"species_3_contemp_ice_extrap",56.9080341446399,0.229638710618019
"species_3_contemp_ice_extrap",57.1498577564477,0.232209458947182
"species_3_contemp_ice_extrap",57.3916813682555,0.234804511070251
"species_3_contemp_ice_extrap",57.6335049800633,0.237423852086067
"species_3_contemp_ice_extrap",57.8753285918711,0.24006749689579
"species_3_contemp_ice_extrap",58.117152203679,0.242735579609871
"species_3_contemp_ice_extrap",58.3589758154868,0.245428070425987
"species_3_contemp_ice_extrap",58.6007994272946,0.248145073652267
"species_3_contemp_ice_extrap",58.8426230391024,0.250886589288712
"species_3_contemp_ice_extrap",59.0844466509103,0.253652572631836
"species_3_contemp_ice_extrap",59.3262702627181,0.256443172693253
"species_3_contemp_ice_extrap",59.5680938745259,0.259258270263672
"species_3_contemp_ice_extrap",59.8099174863337,0.262097984552383
"species_3_contemp_ice_extrap",60.0517410981415,0.264962255954742
"species_3_contemp_ice_extrap",60.2935647099494,0.267851054668427
"species_3_contemp_ice_extrap",60.5353883217572,0.27076444029808
"species_3_contemp_ice_extrap",60.777211933565,0.273702293634415
"species_3_contemp_ice_extrap",61.0190355453728,0.276664704084396
"species_3_contemp_ice_extrap",61.2608591571807,0.279651582241058
"species_3_contemp_ice_extrap",61.5026827689885,0.282662838697433
"species_3_contemp_ice_extrap",61.7445063807963,0.285698503255844
"species_3_contemp_ice_extrap",61.9863299926041,0.288758426904678
"species_3_contemp_ice_extrap",62.2281536044119,0.291842669248581
"species_3_contemp_ice_extrap",62.4699772162198,0.29495108127594
"species_3_contemp_ice_extrap",62.7118008280276,0.298083573579788
"species_3_contemp_ice_extrap",62.9536244398354,0.301240086555481
"species_3_contemp_ice_extrap",63.1954480516432,0.304420560598373
"species_3_contemp_ice_extrap",63.4372716634511,0.307624757289886
"species_3_contemp_ice_extrap",63.6790952752589,0.310852736234665
"species_3_contemp_ice_extrap",63.9209188870667,0.314104229211807
"species_3_contemp_ice_extrap",64.1627424988745,0.317379236221313
"species_3_contemp_ice_extrap",64.4045661106824,0.320677489042282
"species_3_contemp_ice_extrap",64.6463897224902,0.323999017477036
"species_3_contemp_ice_extrap",64.888213334298,0.327343463897705
"species_3_contemp_ice_extrap",65.1300369461058,0.330710768699646
"species_3_contemp_ice_extrap",65.3718605579136,0.334100842475891
"species_3_contemp_ice_extrap",65.6136841697215,0.337513297796249
"species_3_contemp_ice_extrap",65.8555077815293,0.340948045253754
"species_3_contemp_ice_extrap",66.0973313933371,0.34440490603447
"species_3_contemp_ice_extrap",66.3391550051449,0.34788379073143
"species_3_contemp_ice_extrap",66.5809786169527,0.351384222507477
"species_3_contemp_ice_extrap",66.8228022287606,0.354906111955643
"species_3_contemp_ice_extrap",67.0646258405684,0.358449310064316
"species_3_contemp_ice_extrap",67.3064494523762,0.362013339996338
"species_3_contemp_ice_extrap",67.548273064184,0.365598112344742
"species_3_contemp_ice_extrap",67.7900966759919,0.369203418493271
"species_3_contemp_ice_extrap",68.0319202877997,0.372828811407089
"species_3_contemp_ice_extrap",68.2737438996075,0.376474052667618
"species_3_contemp_ice_extrap",68.5155675114153,0.380138903856278
"species_3_contemp_ice_extrap",68.7573911232232,0.383823126554489
"species_3_contemp_ice_extrap",68.999214735031,0.387526243925095
"species_3_contemp_ice_extrap",69.2410383468388,0.391247987747192
"species_3_contemp_ice_extrap",69.4828619586466,0.39498820900917
"species_3_contemp_ice_extrap",69.7246855704544,0.398746252059937
"species_3_contemp_ice_extrap",69.9665091822623,0.402521967887878
"species_3_contemp_ice_extrap",70.2083327940701,0.406315058469772
"species_3_contemp_ice_extrap",70.4501564058779,0.41012492775917
"species_3_contemp_ice_extrap",70.6919800176857,0.413951337337494
"species_3_contemp_ice_extrap",70.9338036294936,0.417794018983841
"species_3_contemp_ice_extrap",71.1756272413014,0.421652317047119
"species_3_contemp_ice_extrap",71.4174508531092,0.425525963306427
"species_3_contemp_ice_extrap",71.659274464917,0.429414570331573
"species_3_contemp_ice_extrap",71.9010980767249,0.43331778049469
"species_3_contemp_ice_extrap",72.1429216885327,0.437234997749329
"species_3_contemp_ice_extrap",72.3847453003405,0.441165834665298
"species_3_contemp_ice_extrap",72.6265689121483,0.445110023021698
"species_3_contemp_ice_extrap",72.8683925239561,0.449066817760468
"species_3_contemp_ice_extrap",73.110216135764,0.453035920858383
"species_3_contemp_ice_extrap",73.3520397475718,0.457016974687576
"species_3_contemp_ice_extrap",73.5938633593796,0.46100926399231
"species_3_contemp_ice_extrap",73.8356869711874,0.465012431144714
"species_3_contemp_ice_extrap",74.0775105829953,0.469025939702988
"species_3_contemp_ice_extrap",74.3193341948031,0.473049491643906
"species_3_contemp_ice_extrap",74.5611578066109,0.477082282304764
"species_3_contemp_ice_extrap",74.8029814184187,0.481123954057693
"species_3_contemp_ice_extrap",75.0448050302266,0.485174089670181
"species_3_contemp_ice_extrap",75.2866286420344,0.48923197388649
"species_3_contemp_ice_extrap",75.5284522538422,0.493297129869461
"species_3_contemp_ice_extrap",75.77027586565,0.497369199991226
"species_3_contemp_ice_extrap",76.0120994774579,0.501447379589081
"species_3_contemp_ice_extrap",76.2539230892657,0.505531251430511
"species_3_contemp_ice_extrap",76.4957467010735,0.509620428085327
"species_3_contemp_ice_extrap",76.7375703128813,0.513714015483856
"species_3_contemp_ice_extrap",76.9793939246891,0.517811715602875
"species_3_contemp_ice_extrap",77.221217536497,0.52191287279129
"species_3_contemp_ice_extrap",77.4630411483048,0.526017069816589
"species_3_contemp_ice_extrap",77.7048647601126,0.530123472213745
"species_3_contemp_ice_extrap",77.9466883719204,0.534231722354889
"species_3_contemp_ice_extrap",78.1885119837282,0.538341283798218
"species_3_contemp_ice_extrap",78.4303355955361,0.542451322078705
"species_3_contemp_ice_extrap",78.6721592073439,0.546561479568481
"species_3_contemp_ice_extrap",78.9139828191517,0.550671279430389
"species_3_contemp_ice_extrap",79.1558064309595,0.554779827594757
"species_3_contemp_ice_extrap",79.3976300427674,0.558886706829071
"species_3_contemp_ice_extrap",79.6394536545752,0.562991321086884
"species_3_contemp_ice_extrap",79.881277266383,0.567093253135681
"species_3_contemp_ice_extrap",80.1231008781908,0.571191668510437
"species_3_contemp_ice_extrap",80.3649244899987,0.575286090373993
"species_3_contemp_ice_extrap",80.6067481018065,0.579376101493835
"species_3_contemp_ice_extrap",80.8485717136143,0.583460807800293
"species_3_contemp_ice_extrap",81.0903953254221,0.587539792060852
"species_3_contemp_ice_extrap",81.3322189372299,0.591612637042999
"species_3_contemp_ice_extrap",81.5740425490378,0.595678448677063
"species_3_contemp_ice_extrap",81.8158661608456,0.599736869335175
"species_3_contemp_ice_extrap",82.0576897726534,0.603787422180176
"species_3_contemp_ice_extrap",82.2995133844612,0.607829213142395
"species_3_contemp_ice_extrap",82.541336996269,0.611861944198608
"species_3_contemp_ice_extrap",82.7831606080769,0.615884900093079
"species_3_contemp_ice_extrap",83.0249842198847,0.619897842407227
"species_3_contemp_ice_extrap",83.2668078316925,0.623899757862091
"species_3_contemp_ice_extrap",83.5086314435003,0.627890408039093
"species_3_contemp_ice_extrap",83.7504550553082,0.631869316101074
"species_3_contemp_ice_extrap",83.992278667116,0.635835647583008
"species_3_contemp_ice_extrap",84.2341022789238,0.639789044857025
"species_3_contemp_ice_extrap",84.4759258907316,0.643729090690613
"species_3_contemp_ice_extrap",84.7177495025395,0.647655010223389
"species_3_contemp_ice_extrap",84.9595731143473,0.651566505432129
"species_3_contemp_ice_extrap",85.2013967261551,0.655462920665741
"species_3_contemp_ice_extrap",85.4432203379629,0.659344017505646
"species_3_contemp_ice_extrap",85.6850439497707,0.663208961486816
"species_3_contemp_ice_extrap",85.9268675615786,0.667057454586029
"species_3_contemp_ice_extrap",86.1686911733864,0.67088907957077
"species_3_contemp_ice_extrap",86.4105147851942,0.673164904117584
"species_3_contemp_ice_extrap",86.652338397002,0.67534738779068
"species_3_contemp_ice_extrap",86.8941620088099,0.677527546882629
"species_3_contemp_ice_extrap",87.1359856206177,0.679705023765564
"species_3_contemp_ice_extrap",87.3778092324255,0.681879818439484
"species_3_contemp_ice_extrap",87.6196328442333,0.684051871299744
"species_3_contemp_ice_extrap",87.8614564560412,0.686220943927765
"species_3_contemp_ice_extrap",88.103280067849,0.688386917114258
"species_3_contemp_ice_extrap",88.3451036796568,0.690549731254578
"species_3_contemp_ice_extrap",88.5869272914646,0.69270932674408
"species_3_contemp_ice_extrap",88.8287509032725,0.694152176380157
"species_3_contemp_ice_extrap",89.0705745150803,0.695479333400726
"species_3_contemp_ice_extrap",89.3123981268881,0.696808278560638
"species_3_contemp_ice_extrap",89.5542217386959,0.698138892650604
"species_3_contemp_ice_extrap",89.7960453505037,0.699471116065979
"species_3_contemp_ice_extrap",90.0378689623115,0.700804948806763
"species_3_contemp_ice_extrap",90.2796925741194,0.702140271663666
"species_3_contemp_ice_extrap",90.5215161859272,0.703477084636688
"species_3_contemp_ice_extrap",90.763339797735,0.704815328121185
"species_3_contemp_ice_extrap",91.0051634095428,0.706154942512512
"species_3_contemp_ice_extrap",91.2469870213507,0.707495868206024
"species_3_contemp_ice_extrap",91.4888106331585,0.708838045597076
"species_3_contemp_ice_extrap",91.7306342449663,0.710181534290314
"species_3_contemp_ice_extrap",91.9724578567741,0.711526095867157
"species_3_contemp_ice_extrap",92.214281468582,0.712871730327606
"species_3_contemp_ice_extrap",92.4561050803898,0.714218497276306
"species_3_contemp_ice_extrap",92.6979286921976,0.715566217899323
"species_3_contemp_ice_extrap",92.9397523040054,0.716914892196655
"species_3_contemp_ice_extrap",93.1815759158133,0.71826446056366
"species_3_contemp_ice_extrap",93.4233995276211,0.719614863395691
"species_3_contemp_ice_extrap",93.6652231394289,0.720966041088104
"species_3_contemp_ice_extrap",93.9070467512367,0.722317934036255
"species_3_contemp_ice_extrap",94.1488703630445,0.723670542240143
"species_3_contemp_ice_extrap",94.3906939748524,0.725023746490479
"species_3_contemp_ice_extrap",94.6325175866602,0.726377487182617
"species_3_contemp_ice_extrap",94.874341198468,0.727731764316559
"species_3_contemp_ice_extrap",95.1161648102758,0.729086458683014
"species_3_contemp_ice_extrap",95.3579884220836,0.730441570281982
"species_3_contemp_ice_extrap",95.5998120338915,0.73179703950882
"species_3_contemp_ice_extrap",95.8416356456993,0.733152806758881
"species_3_contemp_ice_extrap",96.0834592575071,0.734508752822876
"species_3_contemp_ice_extrap",96.325282869315,0.735864877700806
"species_3_contemp_ice_extrap",96.5671064811228,0.737221121788025
"species_3_contemp_ice_extrap",96.8089300929306,0.738577425479889
"species_3_contemp_ice_extrap",97.0507537047384,0.739933729171753
"species_3_contemp_ice_extrap",97.2925773165462,0.741290032863617
"species_3_contemp_ice_extrap",97.5344009283541,0.742646157741547
"species_3_contemp_ice_extrap",97.7762245401619,0.744002103805542
"species_3_contemp_ice_extrap",98.0180481519697,0.745357871055603
"species_3_contemp_ice_extrap",98.2598717637775,0.74671334028244
"species_3_contemp_ice_extrap",98.5016953755853,0.748068451881409
"species_3_contemp_ice_extrap",98.7435189873932,0.749423265457153
"species_3_contemp_ice_extrap",98.985342599201,0.750777542591095
"species_3_contemp_ice_extrap",99.2271662110088,0.752131342887878
"species_3_contemp_ice_extrap",99.4689898228166,0.753484547138214
"species_3_contemp_ice_extrap",99.7108134346245,0.754837155342102
"species_3_contemp_ice_extrap",99.9526370464323,0.756189107894897
"species_3_contemp_ice_extrap",100.19446065824,0.757540285587311
"species_3_contemp_ice_extrap",100.436284270048,0.758890688419342
"species_3_contemp_ice_extrap",100.678107881856,0.760240256786346
"species_3_contemp_ice_extrap",100.919931493664,0.761588871479034
"species_3_contemp_ice_extrap",101.161755105471,0.762936592102051
"species_3_contemp_ice_extrap",101.403578717279,0.763385593891144
"species_3_contemp_ice_extrap",101.645402329087,0.763385593891144
"species_3_contemp_ice_extrap",101.887225940895,0.763385593891144
"species_3_contemp_ice_extrap",102.129049552703,0.763385593891144
"species_3_contemp_ice_extrap",102.370873164511,0.763385593891144
"species_3_contemp_ice_extrap",102.612696776318,0.763385593891144
"species_3_contemp_ice_extrap",102.854520388126,0.763385593891144
"species_3_contemp_ice_extrap",103.096343999934,0.763385593891144
"species_3_contemp_ice_extrap",103.338167611742,0.763385593891144
"species_3_contemp_ice_extrap",103.57999122355,0.763385593891144
"species_3_contemp_ice_extrap",103.821814835357,0.763385593891144
"species_3_contemp_ice_extrap",104.063638447165,0.763385593891144
"species_3_contemp_ice_extrap",104.305462058973,0.763385593891144
"species_3_contemp_ice_extrap",104.547285670781,0.763385593891144
"species_3_contemp_ice_extrap",104.789109282589,0.763385593891144
"species_3_contemp_ice_extrap",105.030932894397,0.763385593891144
"species_3_contemp_ice_extrap",105.272756506204,0.763385593891144
"species_3_contemp_ice_extrap",105.514580118012,0.763385593891144
"species_3_contemp_ice_extrap",105.75640372982,0.763385593891144
"species_3_contemp_ice_extrap",105.998227341628,0.763385593891144
"species_3_contemp_ice_extrap",106.240050953436,0.763385593891144
"species_3_contemp_ice_extrap",106.481874565244,0.763385593891144
"species_3_contemp_ice_extrap",106.723698177051,0.763385593891144
"species_3_contemp_ice_extrap",106.965521788859,0.763385593891144
"species_3_contemp_ice_extrap",107.207345400667,0.763385593891144
"species_3_contemp_ice_extrap",107.449169012475,0.763385593891144
"species_3_contemp_ice_extrap",107.690992624283,0.763385593891144
"species_3_contemp_ice_extrap",107.93281623609,0.763385593891144
"species_3_contemp_ice_extrap",108.174639847898,0.763385593891144
"species_3_contemp_ice_extrap",108.416463459706,0.763385593891144
"species_3_contemp_ice_extrap",108.658287071514,0.763385593891144
"species_3_contemp_ice_extrap",108.900110683322,0.763385593891144
"species_3_contemp_ice_extrap",109.14193429513,0.763385593891144
"species_3_contemp_ice_extrap",109.383757906937,0.763385593891144
"species_3_contemp_ice_extrap",109.625581518745,0.763385593891144
"species_3_contemp_ice_extrap",109.867405130553,0.763385593891144
"species_3_contemp_ice_extrap",110.109228742361,0.763385593891144
"species_3_contemp_ice_extrap",110.351052354169,0.763385593891144
"species_3_contemp_ice_extrap",110.592875965976,0.763385593891144
"species_3_contemp_ice_extrap",110.834699577784,0.763385593891144
"species_3_contemp_ice_extrap",111.076523189592,0.763385593891144
"species_3_contemp_ice_extrap",111.3183468014,0.763385593891144
"species_4_bathy_extrap_only",-22.5434192895889,0.839589953422546
"species_4_bathy_extrap_only",-21.9775332191467,0.839589953422546
"species_4_bathy_extrap_only",-21.4116471487045,0.839589953422546
"species_4_bathy_extrap_only",-20.8457610782623,0.839589953422546
"species_4_bathy_extrap_only",-20.2798750078201,0.839589953422546
"species_4_bathy_extrap_only",-19.7139889373779,0.839589953422546
"species_4_bathy_extrap_only",-19.1481028669357,0.839589953422546
"species_4_bathy_extrap_only",-18.5822167964935,0.839589953422546
"species_4_bathy_extrap_only",-18.0163307260513,0.839589953422546
"species_4_bathy_extrap_only",-17.4504446556091,0.839589953422546
"species_4_bathy_extrap_only",-16.8845585851669,0.839589953422546
"species_4_bathy_extrap_only",-16.3186725147247,0.839589953422546
"species_4_bathy_extrap_only",-15.7527864442825,0.839589953422546
"species_4_bathy_extrap_only",-15.1869003738403,0.839589953422546
"species_4_bathy_extrap_only",-14.6210143033981,0.839589953422546
"species_4_bathy_extrap_only",-14.0551282329559,0.839589953422546
"species_4_bathy_extrap_only",-13.4892421625137,0.839589953422546
"species_4_bathy_extrap_only",-12.9233560920715,0.839589953422546
"species_4_bathy_extrap_only",-12.3574700216293,0.839589953422546
"species_4_bathy_extrap_only",-11.7915839511871,0.839589953422546
"species_4_bathy_extrap_only",-11.2256978807449,0.839589953422546
"species_4_bathy_extrap_only",-10.6598118103027,0.839589953422546
"species_4_bathy_extrap_only",-10.0939257398605,0.839589953422546
"species_4_bathy_extrap_only",-9.52803966941834,0.839589953422546
"species_4_bathy_extrap_only",-8.96215359897614,0.839589953422546
"species_4_bathy_extrap_only",-8.39626752853394,0.839589953422546
"species_4_bathy_extrap_only",-7.83038145809174,0.839589953422546
"species_4_bathy_extrap_only",-7.26449538764954,0.839589953422546
"species_4_bathy_extrap_only",-6.69860931720734,0.839589953422546
"species_4_bathy_extrap_only",-6.13272324676514,0.839589953422546
"species_4_bathy_extrap_only",-5.56683717632294,0.839589953422546
"species_4_bathy_extrap_only",-5.00095110588074,0.839589953422546
"species_4_bathy_extrap_only",-4.43506503543854,0.839589953422546
"species_4_bathy_extrap_only",-3.86917896499634,0.839589953422546
"species_4_bathy_extrap_only",-3.30329289455414,0.839589953422546
"species_4_bathy_extrap_only",-2.73740682411194,0.839589953422546
"species_4_bathy_extrap_only",-2.17152075366974,0.839589953422546
"species_4_bathy_extrap_only",-1.60563468322754,0.839589953422546
"species_4_bathy_extrap_only",-1.03974861278534,0.839589953422546
"species_4_bathy_extrap_only",-0.473862542343138,0.839589953422546
"species_4_bathy_extrap_only",0.0920235280990624,0.839589953422546
"species_4_bathy_extrap_only",0.657909598541263,0.839589953422546
"species_4_bathy_extrap_only",1.22379566898346,0.718687176704407
"species_4_bathy_extrap_only",1.78968173942566,0.728621125221252
"species_4_bathy_extrap_only",2.35556780986786,0.738331973552704
"species_4_bathy_extrap_only",2.92145388031006,0.747815549373627
"species_4_bathy_extrap_only",3.48733995075226,0.740605652332306
"species_4_bathy_extrap_only",4.05322602119446,0.703526139259338
"species_4_bathy_extrap_only",4.61911209163666,0.663554131984711
"species_4_bathy_extrap_only",5.18499816207886,0.621095359325409
"species_4_bathy_extrap_only",5.75088423252106,0.576696634292603
"species_4_bathy_extrap_only",6.31677030296326,0.531023621559143
"species_4_bathy_extrap_only",6.88265637340546,0.484713405370712
"species_4_bathy_extrap_only",7.44854244384766,0.438517391681671
"species_4_bathy_extrap_only",8.01442851428986,0.393363147974014
"species_4_bathy_extrap_only",8.58031458473206,0.349960446357727
"species_4_bathy_extrap_only",9.14620065517426,0.308908134698868
"species_4_bathy_extrap_only",9.71208672561646,0.270666241645813
"species_4_bathy_extrap_only",10.2779727960587,0.235545039176941
"species_4_bathy_extrap_only",10.8438588665009,0.20370826125145
"species_4_bathy_extrap_only",11.4097449369431,0.175188437104225
"species_4_bathy_extrap_only",11.9756310073853,0.149909824132919
"species_4_bathy_extrap_only",12.5415170778275,0.127713933587074
"species_4_bathy_extrap_only",13.1074031482697,0.108385421335697
"species_4_bathy_extrap_only",13.6732892187119,0.0916746780276298
"species_4_bathy_extrap_only",14.2391752891541,0.077316977083683
"species_4_bathy_extrap_only",14.8050613595963,0.06504687666893
"species_4_bathy_extrap_only",15.3709474300385,0.0546087734401226
"species_4_bathy_extrap_only",15.9368335004807,0.0457637049257755
"species_4_bathy_extrap_only",16.5027195709229,0.0382932461798191
"species_4_bathy_extrap_only",17.0686056413651,0.0320013761520386
"species_4_bathy_extrap_only",17.6344917118073,0.0267145894467831
"species_4_bathy_extrap_only",18.2003777822495,0.0222810879349709
"species_4_bathy_extrap_only",18.7662638526917,0.0185693372040987
"species_4_bathy_extrap_only",19.3321499231339,0.0154661359265447
"species_4_bathy_extrap_only",19.8980359935761,0.0128747215494514
"species_4_bathy_extrap_only",20.4639220640183,0.010733051225543
"species_4_bathy_extrap_only",21.0298081344605,0.00909468997269869
"species_4_bathy_extrap_only",21.5956942049027,0.00836538709700108
"species_4_bathy_extrap_only",22.1615802753449,0.0078948400914669
"species_4_bathy_extrap_only",22.7274663457871,0.00754309166222811
"species_4_bathy_extrap_only",23.2933524162293,0.00726419733837247
"species_4_bathy_extrap_only",23.8592384866715,0.00702660996466875
"species_4_bathy_extrap_only",24.4251245571137,0.0067967395298183
"species_4_bathy_extrap_only",24.9910106275558,0.00657434016466141
"species_4_bathy_extrap_only",25.5568966979981,0.00635917112231255
"species_4_bathy_extrap_only",26.1227827684403,0.00615100003778934
"species_4_bathy_extrap_only",26.6886688388825,0.0059496033936739
"species_4_bathy_extrap_only",27.2545549093247,0.00575476279482246
"species_4_bathy_extrap_only",27.8204409797669,0.00556626729667187
"species_4_bathy_extrap_only",28.386327050209,0.00538391200825572
"species_4_bathy_extrap_only",28.9522131206513,0.00520749995484948
"species_4_bathy_extrap_only",29.5180991910935,0.00503683881834149
"species_4_bathy_extrap_only",30.0839852615356,0.0048717437312007
"species_4_bathy_extrap_only",30.6498713319779,0.00471203355118632
"species_4_bathy_extrap_only",31.21575740242,0.00455753551796079
"species_4_bathy_extrap_only",31.7816434728622,0.00440808106213808
"species_4_bathy_extrap_only",32.3475295433045,0.00426350627094507
"species_4_bathy_extrap_only",32.9134156137467,0.00412365421652794
"species_4_bathy_extrap_only",33.4793016841889,0.00398837029933929
"species_4_bathy_extrap_only",34.045187754631,0.00385750737041235
"species_4_bathy_extrap_only",34.6110738250733,0.00373092317022383
"species_4_bathy_extrap_only",35.1769598955155,0.00360847683623433
"species_4_bathy_extrap_only",35.7428459659576,0.00349003518931568
"species_4_bathy_extrap_only",36.3087320363999,0.00337546854279935
"species_4_bathy_extrap_only",36.874618106842,0.00326464977115393
"species_4_bathy_extrap_only",37.4405041772843,0.0031574578024447
"species_4_bathy_extrap_only",38.0063902477265,0.00305377529002726
"species_4_bathy_extrap_only",38.5722763181687,0.00295348674990237
"species_4_bathy_extrap_only",39.1381623886109,0.0028564827516675
"species_4_bathy_extrap_only",39.704048459053,0.00276265549473464
"species_4_bathy_extrap_only",40.2699345294953,0.00267190183512866
"species_4_bathy_extrap_only",40.8358205999374,0.00258412235416472
"species_4_bathy_extrap_only",41.4017066703797,0.00249921879731119
"species_4_bathy_extrap_only",41.9675927408218,0.0024170980323106
"species_4_bathy_extrap_only",42.533478811264,0.00233766995370388
"species_4_bathy_extrap_only",43.0993648817062,0.00226084562018514
"species_4_bathy_extrap_only",43.6652509521485,0.00218654028140008
"species_4_bathy_extrap_only",44.2311370225907,0.00211467244662344
"species_4_bathy_extrap_only",44.7970230930329,0.00204516155645251
"species_4_bathy_extrap_only",45.362909163475,0.00197793124243617
"species_4_bathy_extrap_only",45.9287952339173,0.00191290653310716
"species_4_bathy_extrap_only",46.4946813043595,0.0018500154837966
"species_4_bathy_extrap_only",47.0605673748017,0.00178918882738799
"species_4_bathy_extrap_only",47.6264534452438,0.00173035822808743
"species_4_bathy_extrap_only",48.192339515686,0.00167345884256065
"species_4_bathy_extrap_only",48.7582255861283,0.00161842780653387
"species_4_bathy_extrap_only",49.3241116565705,0.00156520318705589
"species_4_bathy_extrap_only",49.8899977270126,0.00151372631080449
"species_4_bathy_extrap_only",50.4558837974549,0.0014639402506873
"species_4_bathy_extrap_only",51.021769867897,0.00141578901093453
"species_4_bathy_extrap_only",51.5876559383393,0.00136921973899007
"species_4_bathy_extrap_only",52.1535420087815,0.00132417993154377
"species_4_bathy_extrap_only",52.7194280792236,0.00128061964642256
"species_4_bathy_extrap_only",53.2853141496658,0.00123849092051387
"species_4_bathy_extrap_only",53.851200220108,0.00119774625636637
"species_4_bathy_extrap_only",54.4170862905503,0.00115834036841989
"species_4_bathy_extrap_only",54.9829723609925,0.00112022971734405
"species_4_bathy_extrap_only",55.5488584314346,0.00108337146230042
"species_4_bathy_extrap_only",56.1147445018768,0.00104772462509573
"species_4_bathy_extrap_only",56.680630572319,0.00101324962452054
"species_4_bathy_extrap_only",57.2465166427613,0.000979907810688019
"species_4_bathy_extrap_only",57.8124027132034,0.000947662221733481
"species_4_bathy_extrap_only",58.3782887836457,0.000916476594284177
"species_4_bathy_extrap_only",58.9441748540878,0.000886316294781864
"species_4_bathy_extrap_only",59.5100609245301,0.000857147912029177
"species_4_bathy_extrap_only",60.0759469949722,0.000828938442282379
"species_4_bathy_extrap_only",60.6418330654145,0.000801656628027558
"species_4_bathy_extrap_only",61.2077191358566,0.000775272201281041
"species_4_bathy_extrap_only",61.7736052062988,0.000749755301512778
"species_4_bathy_extrap_only",62.339491276741,0.000725077639799565
"species_4_bathy_extrap_only",62.9053773471832,0.000701211800333112
"species_4_bathy_extrap_only",63.4712634176254,0.000678130832966417
"species_4_bathy_extrap_only",64.0371494880677,0.00065580930095166
"species_4_bathy_extrap_only",64.6030355585098,0.000634221825748682
"species_4_bathy_extrap_only",65.1689216289521,0.00061334454221651
"species_4_bathy_extrap_only",65.7348076993943,0.000593154109083116
"species_4_bathy_extrap_only",66.3006937698364,0.000573627883568406
"species_4_bathy_extrap_only",66.8665798402786,0.000554744387045503
"species_4_bathy_extrap_only",67.4324659107209,0.000536481908056885
"species_4_bathy_extrap_only",67.998351981163,0.000518820364959538
"species_4_bathy_extrap_only",68.5642380516053,0.000501739967148751
"species_4_bathy_extrap_only",69.1301241220474,0.000485221593407914
"species_4_bathy_extrap_only",69.6960101924896,0.000469246995635331
"species_4_bathy_extrap_only",70.2618962629319,0.000453797896625474
"species_4_bathy_extrap_only",70.827782333374,0.000438857183326036
"species_4_bathy_extrap_only",71.3936684038162,0.000424408179242164
"species_4_bathy_extrap_only",71.9595544742585,0.000410434673540294
"species_4_bathy_extrap_only",72.5254405447006,0.000396921095671132
"species_4_bathy_extrap_only",73.0913266151429,0.000383852428058162
"species_4_bathy_extrap_only",73.657212685585,0.00037121374043636
"species_4_bathy_extrap_only",74.2230987560272,0.000358991033863276
"species_4_bathy_extrap_only",74.7889848264694,0.000347170629538596
"species_4_bathy_extrap_only",75.3548708969116,0.000335739314323291
"species_4_bathy_extrap_only",75.9207569673538,0.000324684428051114
"species_4_bathy_extrap_only",76.4866430377961,0.000313993281451985
"species_4_bathy_extrap_only",77.0525291082382,0.000303654058370739
"species_4_bathy_extrap_only",77.6184151786804,0.000293655175482854
"species_4_bathy_extrap_only",78.1843012491227,0.000283985486021265
"species_4_bathy_extrap_only",78.7501873195648,0.000274634076049551
"species_4_bathy_extrap_only",79.316073390007,0.000265590671915561
"species_4_bathy_extrap_only",79.8819594604493,0.000256844854447991
"species_4_bathy_extrap_only",80.4478455308914,0.000248386961175129
"species_4_bathy_extrap_only",81.0137316013337,0.000240207504248247
"species_4_bathy_extrap_only",81.5796176717758,0.000232297359616496
"species_4_bathy_extrap_only",82.145503742218,0.000224647737923078
"species_4_bathy_extrap_only",82.7113898126602,0.000217249849811196
"species_4_bathy_extrap_only",83.2772758831024,0.000210095546208322
"species_4_bathy_extrap_only",83.8431619535446,0.000203176794457249
"species_4_bathy_extrap_only",84.4090480239869,0.000196485838387161
"species_4_bathy_extrap_only",84.974934094429,0.000190015198313631
"species_4_bathy_extrap_only",85.5408201648712,0.00018375767103862
"species_4_bathy_extrap_only",86.1067062353134,0.000177706111571752
"species_4_bathy_extrap_only",86.6725923057556,0.000171853811480105
"species_4_bathy_extrap_only",87.2384783761978,0.000166194193297997
"species_4_bathy_extrap_only",87.80436444664,0.000160720956046134
"species_4_bathy_extrap_only",88.3702505170822,0.00015542798792012
"species_4_bathy_extrap_only",88.9361365875245,0.000150309249875136
"species_4_bathy_extrap_only",89.5020226579666,0.000145359066664241
"species_4_bathy_extrap_only",90.0679087284088,0.00014057187945582
"species_4_bathy_extrap_only",90.633794798851,0.000135942318593152
"species_4_bathy_extrap_only",91.1996808692932,0.000131465218146332
"species_4_bathy_extrap_only",91.7655669397354,0.000127135615912266
"species_4_bathy_extrap_only",92.3314530101776,0.000122948520584032
"species_4_bathy_extrap_only",92.8973390806198,0.000118899297376629
"species_4_bathy_extrap_only",93.463225151062,0.000114983427920379
"species_4_bathy_extrap_only",94.0291112215042,0.000111196502984967
"species_4_bathy_extrap_only",94.5949972919464,0.000107534338894766
"species_4_bathy_extrap_only",95.1608833623886,0.000103992722870316
"species_4_bathy_extrap_only",95.7267694328308,0.000100567740446422
"species_4_bathy_extrap_only",96.292655503273,9.72555499174632e-05
"species_4_bathy_extrap_only",96.8585415737153,9.40524332690984e-05
"species_4_bathy_extrap_only",97.4244276441574,9.09547961782664e-05
"species_4_bathy_extrap_only",97.9903137145996,8.79592189448886e-05
"species_4_bathy_extrap_only",98.5561997850418,8.50622527650557e-05
"species_4_bathy_extrap_only",99.122085855484,8.22606889414601e-05
"species_4_bathy_extrap_only",99.6879719259262,7.95513842604123e-05
"species_4_bathy_extrap_only",100.253857996368,7.69313119235449e-05
"species_4_bathy_extrap_only",100.819744066811,7.43975615478121e-05
"species_4_bathy_extrap_only",101.385630137253,7.19472154742107e-05
"species_4_bathy_extrap_only",101.951516207695,6.95775743224658e-05
"species_4_bathy_extrap_only",102.517402278137,6.72859750920907e-05
"species_4_bathy_extrap_only",103.083288348579,6.50698420940898e-05
"species_4_bathy_extrap_only",103.649174419022,6.29266942269169e-05
"species_4_bathy_extrap_only",104.215060489464,6.08541595283896e-05
"species_4_bathy_extrap_only",104.780946559906,5.88498551223893e-05
"species_4_bathy_extrap_only",105.346832630348,5.69115582038648e-05
"species_4_bathy_extrap_only",105.91271870079,5.50371005374473e-05
"species_4_bathy_extrap_only",106.478604771233,5.32243757334072e-05
"species_4_bathy_extrap_only",107.044490841675,5.14713537995704e-05
"species_4_bathy_extrap_only",107.610376912117,4.97760884172749e-05
"species_4_bathy_extrap_only",108.176262982559,4.81366369058378e-05
"species_4_bathy_extrap_only",108.742149053001,4.65511766378768e-05
"species_4_bathy_extrap_only",109.308035123444,4.50179359177127e-05
"species_4_bathy_extrap_only",109.873921193886,4.353519398137e-05
"species_4_bathy_extrap_only",110.439807264328,4.21013028244488e-05
"species_4_bathy_extrap_only",111.00569333477,4.07146217185073e-05
"species_4_bathy_extrap_only",111.571579405212,3.93736081605311e-05
"species_4_bathy_extrap_only",112.137465475655,3.80767633032519e-05
"species_4_bathy_extrap_only",112.703351546097,3.68226319551468e-05
"species_4_bathy_extrap_only",113.269237616539,3.56098062184174e-05
"species_4_bathy_extrap_only",113.835123686981,3.4436940040905e-05
"species_4_bathy_extrap_only",114.401009757423,3.33026873704512e-05
"species_4_bathy_extrap_only",114.966895827866,3.22057967423461e-05
"species_4_bathy_extrap_only",115.532781898308,3.11450276058167e-05
"species_4_bathy_extrap_only",116.09866796875,3.011919943674e-05
"species_4_bathy_extrap_only",116.664554039192,2.912717172876e-05
"species_4_bathy_extrap_only",117.230440109634,2.81678021565312e-05
"species_4_bathy_extrap_only",117.796326180077,2.72400320682209e-05
"species_4_bathy_extrap_only",118.362212250519,2.63428191829007e-05
"species_4_bathy_extrap_only",118.928098320961,2.54751575994305e-05
"species_4_bathy_extrap_only",119.493984391403,2.46360741584795e-05
"species_4_bathy_extrap_only",120.059870461845,2.38246375374729e-05
"species_4_bathy_extrap_only",120.625756532288,2.30399164138362e-05
"species_4_bathy_extrap_only",121.19164260273,2.22810413106345e-05
"species_4_bathy_extrap_only",121.757528673172,2.15471609408269e-05
"species_4_bathy_extrap_only",122.323414743614,2.08374513022136e-05
"species_4_bathy_extrap_only",122.889300814056,2.01511265913723e-05
"species_4_bathy_extrap_only",123.455186884499,1.94873991858913e-05
"species_4_bathy_extrap_only",124.021072954941,1.8845532395062e-05
"species_4_bathy_extrap_only",124.586959025383,1.82248058990808e-05
"species_4_bathy_extrap_only",125.152845095825,1.76245248439955e-05
"species_4_bathy_extrap_only",125.718731166267,1.70440162037266e-05
"species_4_bathy_extrap_only",126.28461723671,1.64826342370361e-05
"species_4_bathy_extrap_only",126.850503307152,1.5939735021675e-05
"species_4_bathy_extrap_only",127.416389377594,1.54147182911402e-05
"species_4_bathy_extrap_only",127.982275448036,1.49069928738754e-05
"species_4_bathy_extrap_only",128.548161518478,1.44159976116498e-05
"species_4_bathy_extrap_only",129.114047588921,1.39411686177482e-05
"species_4_bathy_extrap_only",129.679933659363,1.34819783852436e-05
"species_4_bathy_extrap_only",130.245819729805,1.30379121401347e-05
"species_4_bathy_extrap_only",130.811705800247,1.26084732983145e-05
"species_4_bathy_extrap_only",131.377591870689,1.21931780086015e-05
"species_4_bathy_extrap_only",131.943477941132,1.17915624286979e-05
"species_4_bathy_extrap_only",132.509364011574,1.14031745397369e-05
"species_4_bathy_extrap_only",133.075250082016,1.10275786937564e-05
"species_4_bathy_extrap_only",133.641136152458,1.06643647086457e-05
"species_4_bathy_extrap_only",134.2070222229,1.03131033029058e-05
"species_4_bathy_extrap_only",134.772908293343,9.97341248876182e-06
"species_4_bathy_extrap_only",135.338794363785,9.64490936894435e-06
"species_4_bathy_extrap_only",135.904680434227,9.32722741708858e-06
"species_4_bathy_extrap_only",136.470566504669,9.020008292282e-06
"species_4_bathy_extrap_only",137.036452575111,8.72290820552735e-06
"species_4_bathy_extrap_only",137.602338645554,8.43559428176377e-06
"species_4_bathy_extrap_only",138.168224715996,8.15774365037214e-06
"species_4_bathy_extrap_only",138.734110786438,7.88904435466975e-06
"species_4_bathy_extrap_only",139.29999685688,7.62919626140501e-06
"species_4_bathy_extrap_only",139.865882927322,7.37790651328396e-06
"species_4_bathy_extrap_only",140.431768997765,7.1348999881593e-06
"species_4_bathy_extrap_only",140.997655068207,6.89989110469469e-06
"species_4_bathy_extrap_only",141.563541138649,6.67262293063686e-06
"species_4_bathy_extrap_only",142.129427209091,6.45284035272198e-06
"species_4_bathy_extrap_only",142.695313279533,6.24029735263321e-06
"species_4_bathy_extrap_only",143.261199349976,6.03475473326398e-06
"species_4_bathy_extrap_only",143.827085420418,5.8359819377074e-06
"species_4_bathy_extrap_only",144.39297149086,5.64375659450889e-06
"species_4_bathy_extrap_only",144.958857561302,5.45786269867676e-06
"species_4_bathy_extrap_only",145.524743631744,5.27809152117698e-06
"species_4_bathy_extrap_only",146.090629702187,5.10424206368043e-06
"species_4_bathy_extrap_only",146.656515772629,4.93612287755241e-06
"species_4_bathy_extrap_only",147.222401843071,4.77353705718997e-06
"species_4_bathy_extrap_only",147.788287913513,4.61630634163157e-06
"species_4_bathy_extrap_only",148.354173983955,4.46425428890507e-06
"species_4_bathy_extrap_only",148.920060054398,4.31721082350123e-06
"species_4_bathy_extrap_only",149.48594612484,4.17501041738433e-06
"species_4_bathy_extrap_only",150.051832195282,4.03749390898156e-06
"species_4_bathy_extrap_only",150.617718265724,3.90450668419362e-06
"species_4_bathy_extrap_only",151.183604336166,3.7758998132631e-06
"species_4_bathy_extrap_only",151.749490406609,3.65152914127975e-06
"species_4_bathy_extrap_only",152.315376477051,3.53125506080687e-06
"species_4_bathy_extrap_only",152.881262547493,3.41494546773902e-06
"species_4_bathy_extrap_only",153.447148617935,3.30246371049725e-06
"species_4_bathy_extrap_only",154.013034688377,3.19368700729683e-06
"species_4_bathy_extrap_only",154.57892075882,3.08849325847405e-06
"species_4_bathy_extrap_only",155.144806829262,2.98676422971766e-06
"species_4_bathy_extrap_only",155.710692899704,2.88838600681629e-06
"species_4_bathy_extrap_only",156.276578970146,2.79324831353733e-06
"species_4_bathy_extrap_only",156.842465040588,2.70124405687966e-06
"species_4_bathy_extrap_only",157.408351111031,2.61227023656829e-06
"species_4_bathy_extrap_only",157.974237181473,2.52622703555971e-06
"species_4_bathy_extrap_only",158.540123251915,2.44301804741553e-06
"species_4_bathy_extrap_only",159.106009322357,2.36255186791823e-06
"species_4_bathy_extrap_only",159.671895392799,2.28473390961881e-06
"species_4_bathy_extrap_only",160.237781463242,2.20947913476266e-06
"species_4_bathy_extrap_only",160.803667533684,2.13670318771619e-06
"species_4_bathy_extrap_only",161.369553604126,2.06632421395625e-06
"species_4_bathy_extrap_only",161.935439674568,1.99826354219113e-06
"species_4_bathy_extrap_only",162.50132574501,1.9324445474922e-06
"species_4_bathy_extrap_only",163.067211815453,1.86879344710178e-06
"species_4_bathy_extrap_only",163.633097885895,1.80723895937263e-06
"species_4_bathy_extrap_only",164.198983956337,1.7477119627074e-06
"species_4_bathy_extrap_only",164.764870026779,1.69014572293236e-06
"species_4_bathy_extrap_only",165.330756097221,1.63447691647889e-06
"species_4_bathy_extrap_only",165.896642167664,1.58064040078898e-06
"species_4_bathy_extrap_only",166.462528238106,1.52857705870701e-06
"species_4_bathy_extrap_only",167.028414308548,1.47822868257208e-06
"species_4_bathy_extrap_only",167.59430037899,1.42953865633899e-06
"species_4_bathy_extrap_only",168.160186449432,1.3824522966388e-06
"species_4_bathy_extrap_only",168.726072519875,1.33691696646565e-06
"species_4_bathy_extrap_only",169.291958590317,1.29288139305572e-06
"species_4_bathy_extrap_only",169.857844660759,1.25029635000828e-06
"species_4_bathy_extrap_only",170.423730731201,1.20911397516466e-06
"species_4_bathy_extrap_only",170.989616801643,1.16928799798188e-06
"species_4_bathy_extrap_only",171.555502872086,1.13077487640112e-06
"species_4_bathy_extrap_only",172.121388942528,1.09352924937411e-06
"species_4_bathy_extrap_only",172.68727501297,1.0575105306998e-06
"species_4_bathy_extrap_only",173.253161083412,1.02267802049028e-06
"species_4_bathy_extrap_only",173.819047153854,9.88992951533874e-07
"species_4_bathy_extrap_only",174.384933224297,9.56417466113635e-07
"species_4_bathy_extrap_only",174.950819294739,9.24914786537556e-07
"species_4_bathy_extrap_only",175.516705365181,8.944498404162e-07
"species_4_bathy_extrap_only",176.082591435623,8.64988351167995e-07
"species_4_bathy_extrap_only",176.648477506065,8.36497235923161e-07
"species_4_bathy_extrap_only",177.214363576508,8.0894460552372e-07
"species_4_bathy_extrap_only",177.78024964695,7.82300162427418e-07
"species_4_bathy_extrap_only",178.346135717392,7.56532699597301e-07
"species_4_bathy_extrap_only",178.912021787834,7.31613909010775e-07
"species_4_bathy_extrap_only",179.477907858276,7.075159373926e-07
"species_4_bathy_extrap_only",180.043793928719,6.84211670431978e-07
"species_4_bathy_extrap_only",180.609679999161,6.61675016999652e-07
"species_4_bathy_extrap_only",181.175566069603,6.3988068177423e-07
"species_4_bathy_extrap_only",181.741452140045,6.188042220856e-07
"species_4_bathy_extrap_only",182.307338210487,5.98421934228099e-07
"species_4_bathy_extrap_only",182.87322428093,5.78711023990763e-07
"species_4_bathy_extrap_only",183.439110351372,5.59649379283655e-07
"species_4_bathy_extrap_only",184.004996421814,5.41216081728635e-07
"species_4_bathy_extrap_only",184.570882492256,5.23389417139697e-07
"species_4_bathy_extrap_only",185.136768562698,5.06149945067591e-07
"species_4_bathy_extrap_only",185.702654633141,4.89478281906486e-07
"species_4_bathy_extrap_only",186.268540703583,4.73355783014995e-07
"species_4_bathy_extrap_only",186.834426774025,4.57764343764211e-07
"species_4_bathy_extrap_only",187.400312844467,4.42686427959416e-07
"species_4_bathy_extrap_only",187.966198914909,4.28105153105207e-07
"species_4_bathy_extrap_only",188.532084985352,4.14004176718663e-07
"species_4_bathy_extrap_only",189.097971055794,4.00367639485921e-07
"species_4_bathy_extrap_only",189.663857126236,3.87180278949018e-07
"species_4_bathy_extrap_only",190.229743196678,3.74427628457852e-07
"species_4_bathy_extrap_only",190.79562926712,3.62094681349845e-07
"species_4_bathy_extrap_only",191.361515337563,3.50167937313017e-07
"species_4_bathy_extrap_only",191.927401408005,3.38634066565646e-07
"species_4_bathy_extrap_only",192.493287478447,3.27480080386522e-07
"species_4_bathy_extrap_only",193.059173548889,3.16693501645204e-07
"species_4_bathy_extrap_only",193.625059619331,3.06262194271767e-07
"species_4_bathy_extrap_only",194.190945689774,2.96174505365343e-07
"species_4_bathy_extrap_only",194.756831760216,2.86419066242161e-07
"species_4_bathy_extrap_only",195.322717830658,2.76984934544089e-07
"species_4_bathy_extrap_only",195.8886039011,2.67861565816929e-07
"species_4_bathy_extrap_only",196.454489971542,2.59038927197253e-07
"species_4_bathy_extrap_only",197.020376041985,2.50506673182826e-07
"species_4_bathy_extrap_only",197.586262112427,2.42255453031248e-07
"species_4_bathy_extrap_only",198.152148182869,2.34276001265243e-07
"species_4_bathy_extrap_only",198.718034253311,2.26559393468051e-07
"species_4_bathy_extrap_only",199.283920323753,2.1909694680744e-07
"species_4_bathy_extrap_only",199.849806394196,2.11880291089983e-07
"species_4_bathy_extrap_only",200.415692464638,2.04901354550202e-07
"species_4_bathy_extrap_only",200.98157853508,1.9815227858544e-07
"species_4_bathy_extrap_only",201.547464605522,1.91625517231842e-07
"species_4_bathy_extrap_only",202.113350675964,1.8531372347752e-07
"species_4_bathy_extrap_only",202.679236746407,1.79209990847085e-07
"species_4_bathy_extrap_only",203.245122816849,1.73307142858903e-07
"species_4_bathy_extrap_only",203.811008887291,1.67598727784934e-07
"species_4_bathy_extrap_only",204.376894957733,1.62078336529703e-07
"species_4_bathy_extrap_only",204.942781028175,1.56739773160552e-07
"species_4_bathy_extrap_only",205.508667098618,1.51577054907648e-07
"species_4_bathy_extrap_only",206.07455316906,1.4658439795312e-07
"species_4_bathy_extrap_only",206.640439239502,1.41756174798502e-07
"species_4_bathy_extrap_only",207.206325309944,1.37086985319002e-07
"species_4_bathy_extrap_only",207.772211380386,1.32571599920084e-07
"species_4_bathy_extrap_only",208.338097450829,1.28204931115761e-07
"species_4_bathy_extrap_only",208.903983521271,1.23982218269703e-07
"species_4_bathy_extrap_only",209.469869591713,1.19898473371904e-07
"species_4_bathy_extrap_only",210.035755662155,1.15949234213986e-07
"species_4_bathy_extrap_only",210.601641732597,1.1213008122013e-07
"species_4_bathy_extrap_only",211.16752780304,1.08436722712213e-07
"species_4_bathy_extrap_only",211.733413873482,1.04865016226086e-07
"species_4_bathy_extrap_only",212.299299943924,1.01410954300718e-07
"species_4_bathy_extrap_only",212.865186014366,9.80706644782003e-08
"species_4_bathy_extrap_only",213.431072084808,9.48404021983151e-08
"species_4_bathy_extrap_only",213.996958155251,9.17165365876827e-08
"species_4_bathy_extrap_only",214.562844225693,8.86955575651882e-08
"species_4_bathy_extrap_only",215.128730296135,8.57741682125379e-08
"species_4_bathy_extrap_only",215.694616366577,8.29489295028907e-08
"species_4_bathy_extrap_only",216.260502437019,8.02167434699186e-08
"species_4_bathy_extrap_only",216.826388507462,7.75745547798579e-08
"species_4_bathy_extrap_only",217.392274577904,7.50193862586457e-08
"species_4_bathy_extrap_only",217.958160648346,7.25483886299116e-08
"species_4_bathy_extrap_only",218.524046718788,7.01587765661316e-08
"species_4_bathy_extrap_only",219.08993278923,6.7847878426619e-08
"species_4_bathy_extrap_only",219.655818859673,6.5613093624961e-08
"species_4_bathy_extrap_only",220.221704930115,6.34519210507278e-08
"species_4_bathy_extrap_only",220.787591000557,6.13619306477631e-08
"species_4_bathy_extrap_only",221.353477070999,5.93408380211713e-08
"species_4_bathy_extrap_only",221.919363141441,5.7386259300074e-08
"species_4_bathy_extrap_only",222.485249211884,5.5496062856264e-08
"species_4_bathy_extrap_only",223.051135282326,5.36681241669612e-08
"species_4_bathy_extrap_only",223.617021352768,5.19003968690868e-08
"species_4_bathy_extrap_only",224.18290742321,5.01908914429805e-08
"species_4_bathy_extrap_only",224.748793493652,4.85376965286832e-08
"species_4_bathy_extrap_only",225.314679564095,4.69389540569409e-08
"species_4_bathy_extrap_only",225.880565634537,4.53928734600595e-08
"species_4_bathy_extrap_only",226.446451704979,4.38977139083363e-08
"species_4_bathy_extrap_only",227.012337775421,4.24518056263423e-08
"species_4_bathy_extrap_only",227.578223845863,4.10535569983495e-08
"species_4_bathy_extrap_only",228.144109916306,3.97013302233518e-08
"species_4_bathy_extrap_only",228.709995986748,3.83936402670315e-08
"species_4_bathy_extrap_only",229.27588205719,3.71290269640667e-08
"species_4_bathy_extrap_only",229.841768127632,3.59060656762722e-08
"species_4_bathy_extrap_only",230.407654198074,3.47233850561679e-08
"species_4_bathy_extrap_only",230.973540268517,3.35796599415517e-08
"species_4_bathy_extrap_only",231.539426338959,3.24736078027854e-08
"species_4_bathy_extrap_only",232.105312409401,3.14039887427953e-08
"species_4_bathy_extrap_only",232.671198479843,3.03695983916441e-08
"species_4_bathy_extrap_only",233.237084550285,2.93692803410295e-08
"species_4_bathy_extrap_only",233.802970620728,2.84019368024246e-08
"species_4_bathy_extrap_only",234.36885669117,2.74664291310955e-08
"species_4_bathy_extrap_only",234.934742761612,2.65617359218595e-08
"species_4_bathy_extrap_only",235.500628832054,2.56868410986044e-08
"species_4_bathy_extrap_only",236.066514902496,2.48407641123549e-08
"species_4_bathy_extrap_only",236.632400972939,2.40225546122019e-08
"species_4_bathy_extrap_only",237.198287043381,2.37558523963344e-08
"species_4_bathy_extrap_only",237.764173113823,2.37558523963344e-08
"species_4_bathy_extrap_only",238.330059184265,2.37558523963344e-08
"species_4_bathy_extrap_only",238.895945254707,2.37558523963344e-08
"species_4_bathy_extrap_only",239.46183132515,2.37558523963344e-08
"species_4_bathy_extrap_only",240.027717395592,2.37558523963344e-08
"species_4_bathy_extrap_only",240.593603466034,2.37558523963344e-08
"species_4_bathy_extrap_only",241.159489536476,2.37558523963344e-08
"species_4_bathy_extrap_only",241.725375606918,2.37558523963344e-08
"species_4_bathy_extrap_only",242.291261677361,2.37558523963344e-08
"species_4_bathy_extrap_only",242.857147747803,2.37558523963344e-08
"species_4_bathy_extrap_only",243.423033818245,2.37558523963344e-08
"species_4_bathy_extrap_only",243.988919888687,2.37558523963344e-08
"species_4_bathy_extrap_only",244.554805959129,2.37558523963344e-08
"species_4_bathy_extrap_only",245.120692029572,2.37558523963344e-08
"species_4_bathy_extrap_only",245.686578100014,2.37558523963344e-08
"species_4_bathy_extrap_only",246.252464170456,2.37558523963344e-08
"species_4_bathy_extrap_only",246.818350240898,2.37558523963344e-08
"species_4_bathy_extrap_only",247.38423631134,2.37558523963344e-08
"species_4_bathy_extrap_only",247.950122381783,2.37558523963344e-08
"species_4_bathy_extrap_only",248.516008452225,2.37558523963344e-08
"species_4_bathy_extrap_only",249.081894522667,2.37558523963344e-08
"species_4_bathy_extrap_only",249.647780593109,2.37558523963344e-08
"species_4_bathy_extrap_only",250.213666663551,2.37558523963344e-08
"species_4_bathy_extrap_only",250.779552733994,2.37558523963344e-08
"species_4_bathy_extrap_only",251.345438804436,2.37558523963344e-08
"species_4_bathy_extrap_only",251.911324874878,2.37558523963344e-08
"species_4_bathy_extrap_only",252.47721094532,2.37558523963344e-08
"species_4_bathy_extrap_only",253.043097015762,2.37558523963344e-08
"species_4_bathy_extrap_only",253.608983086205,2.37558523963344e-08
"species_4_bathy_extrap_only",254.174869156647,2.37558523963344e-08
"species_4_bathy_extrap_only",254.740755227089,2.37558523963344e-08
"species_4_bathy_extrap_only",255.306641297531,2.37558523963344e-08
"species_4_bathy_extrap_only",255.872527367973,2.37558523963344e-08
"species_4_bathy_extrap_only",256.438413438416,2.37558523963344e-08
"species_4_bathy_extrap_only",257.004299508858,2.37558523963344e-08
"species_4_bathy_extrap_only",257.5701855793,2.37558523963344e-08
"species_4_bathy_extrap_only",258.136071649742,2.37558523963344e-08
"species_4_bathy_extrap_only",258.701957720184,2.37558523963344e-08
"species_4_bathy_extrap_only",259.267843790627,2.37558523963344e-08
"species_4_bathy_extrap_only",259.833729861069,2.37558523963344e-08
"species_4_bathy_extrap_only",260.399615931511,2.37558523963344e-08
"species_4_bathy_extrap",-22.5434192895889,0.984925508499146
"species_4_bathy_extrap",-21.9775332191467,0.984925508499146
"species_4_bathy_extrap",-21.4116471487045,0.984925508499146
"species_4_bathy_extrap",-20.8457610782623,0.984925508499146
"species_4_bathy_extrap",-20.2798750078201,0.984925508499146
"species_4_bathy_extrap",-19.7139889373779,0.984925508499146
"species_4_bathy_extrap",-19.1481028669357,0.984925508499146
"species_4_bathy_extrap",-18.5822167964935,0.984925508499146
"species_4_bathy_extrap",-18.0163307260513,0.984925508499146
"species_4_bathy_extrap",-17.4504446556091,0.984925508499146
"species_4_bathy_extrap",-16.8845585851669,0.984925508499146
"species_4_bathy_extrap",-16.3186725147247,0.984925508499146
"species_4_bathy_extrap",-15.7527864442825,0.984925508499146
"species_4_bathy_extrap",-15.1869003738403,0.984925508499146
"species_4_bathy_extrap",-14.6210143033981,0.984925508499146
"species_4_bathy_extrap",-14.0551282329559,0.984925508499146
"species_4_bathy_extrap",-13.4892421625137,0.984925508499146
"species_4_bathy_extrap",-12.9233560920715,0.984925508499146
"species_4_bathy_extrap",-12.3574700216293,0.984925508499146
"species_4_bathy_extrap",-11.7915839511871,0.984925508499146
"species_4_bathy_extrap",-11.2256978807449,0.984925508499146
"species_4_bathy_extrap",-10.6598118103027,0.984925508499146
"species_4_bathy_extrap",-10.0939257398605,0.984925508499146
"species_4_bathy_extrap",-9.52803966941834,0.984925508499146
"species_4_bathy_extrap",-8.96215359897614,0.984925508499146
"species_4_bathy_extrap",-8.39626752853394,0.984925508499146
"species_4_bathy_extrap",-7.83038145809174,0.984925508499146
"species_4_bathy_extrap",-7.26449538764954,0.984925508499146
"species_4_bathy_extrap",-6.69860931720734,0.984925508499146
"species_4_bathy_extrap",-6.13272324676514,0.984925508499146
"species_4_bathy_extrap",-5.56683717632294,0.984925508499146
"species_4_bathy_extrap",-5.00095110588074,0.984925508499146
"species_4_bathy_extrap",-4.43506503543854,0.984925508499146
"species_4_bathy_extrap",-3.86917896499634,0.984925508499146
"species_4_bathy_extrap",-3.30329289455414,0.984925508499146
"species_4_bathy_extrap",-2.73740682411194,0.984925508499146
"species_4_bathy_extrap",-2.17152075366974,0.984925508499146
"species_4_bathy_extrap",-1.60563468322754,0.984925508499146
"species_4_bathy_extrap",-1.03974861278534,0.984925508499146
"species_4_bathy_extrap",-0.473862542343138,0.984925508499146
"species_4_bathy_extrap",0.0920235280990624,0.984925508499146
"species_4_bathy_extrap",0.657909598541263,0.984925508499146
"species_4_bathy_extrap",1.22379566898346,0.870891511440277
"species_4_bathy_extrap",1.78968173942566,0.741070568561554
"species_4_bathy_extrap",2.35556780986786,0.70997416973114
"species_4_bathy_extrap",2.92145388031006,0.676772177219391
"species_4_bathy_extrap",3.48733995075226,0.641687452793121
"species_4_bathy_extrap",4.05322602119446,0.605017125606537
"species_4_bathy_extrap",4.61911209163666,0.577682256698608
"species_4_bathy_extrap",5.18499816207886,0.551050364971161
"species_4_bathy_extrap",5.75088423252106,0.524122536182404
"species_4_bathy_extrap",6.31677030296326,0.497053682804108
"species_4_bathy_extrap",6.88265637340546,0.470002084970474
"species_4_bathy_extrap",7.44854244384766,0.443125635385513
"species_4_bathy_extrap",8.01442851428986,0.416578084230423
"species_4_bathy_extrap",8.58031458473206,0.390415400266647
"species_4_bathy_extrap",9.14620065517426,0.362856388092041
"species_4_bathy_extrap",9.71208672561646,0.336169898509979
"species_4_bathy_extrap",10.2779727960587,0.310489624738693
"species_4_bathy_extrap",10.8438588665009,0.285926163196564
"species_4_bathy_extrap",11.4097449369431,0.262565940618515
"species_4_bathy_extrap",11.9756310073853,0.240471556782722
"species_4_bathy_extrap",12.5415170778275,0.21968249976635
"species_4_bathy_extrap",13.1074031482697,0.200216934084892
"species_4_bathy_extrap",13.6732892187119,0.182073682546616
"species_4_bathy_extrap",14.2391752891541,0.165234908461571
"species_4_bathy_extrap",14.8050613595963,0.14966844022274
"species_4_bathy_extrap",15.3709474300385,0.135330706834793
"species_4_bathy_extrap",15.9368335004807,0.122169181704521
"species_4_bathy_extrap",16.5027195709229,0.110124625265598
"species_4_bathy_extrap",17.0686056413651,0.0991334468126297
"species_4_bathy_extrap",17.6344917118073,0.0891293883323669
"species_4_bathy_extrap",18.2003777822495,0.0800451561808586
"species_4_bathy_extrap",18.7662638526917,0.0718138366937637
"species_4_bathy_extrap",19.3321499231339,0.0643697455525398
"species_4_bathy_extrap",19.8980359935761,0.0576493702828884
"species_4_bathy_extrap",20.4639220640183,0.0515919104218483
"species_4_bathy_extrap",21.0298081344605,0.0461397878825665
"species_4_bathy_extrap",21.5956942049027,0.0414464138448238
"species_4_bathy_extrap",22.1615802753449,0.037559762597084
"species_4_bathy_extrap",22.7274663457871,0.034621499478817
"species_4_bathy_extrap",23.2933524162293,0.032966960221529
"species_4_bathy_extrap",23.8592384866715,0.0318524539470673
"species_4_bathy_extrap",24.4251245571137,0.0310809519141912
"species_4_bathy_extrap",24.9910106275558,0.0304780099540949
"species_4_bathy_extrap",25.5568966979981,0.0298864040523767
"species_4_bathy_extrap",26.1227827684403,0.0293059330433607
"species_4_bathy_extrap",26.6886688388825,0.0287364050745964
"species_4_bathy_extrap",27.2545549093247,0.028177622705698
"species_4_bathy_extrap",27.8204409797669,0.0276293978095055
"species_4_bathy_extrap",28.386327050209,0.0270915403962135
"species_4_bathy_extrap",28.9522131206513,0.0265638679265976
"species_4_bathy_extrap",29.5180991910935,0.026046197861433
"species_4_bathy_extrap",30.0839852615356,0.0255383532494307
"species_4_bathy_extrap",30.6498713319779,0.025040153414011
"species_4_bathy_extrap",31.21575740242,0.0245514269918203
"species_4_bathy_extrap",31.7816434728622,0.0240720063447952
"species_4_bathy_extrap",32.3475295433045,0.0236017182469368
"species_4_bathy_extrap",32.9134156137467,0.0231404043734074
"species_4_bathy_extrap",33.4793016841889,0.0226878933608532
"species_4_bathy_extrap",34.045187754631,0.0222440306097269
"species_4_bathy_extrap",34.6110738250733,0.021808659657836
"species_4_bathy_extrap",35.1769598955155,0.0213816221803427
"species_4_bathy_extrap",35.7428459659576,0.02096276730299
"species_4_bathy_extrap",36.3087320363999,0.020551947876811
"species_4_bathy_extrap",36.874618106842,0.0201490093022585
"species_4_bathy_extrap",37.4405041772843,0.0197538137435913
"species_4_bathy_extrap",38.0063902477265,0.019366217777133
"species_4_bathy_extrap",38.5722763181687,0.0189860761165619
"species_4_bathy_extrap",39.1381623886109,0.0186132583767176
"species_4_bathy_extrap",39.704048459053,0.0182476229965687
"species_4_bathy_extrap",40.2699345294953,0.0178890395909548
"species_4_bathy_extrap",40.8358205999374,0.0175373777747154
"species_4_bathy_extrap",41.4017066703797,0.017192505300045
"species_4_bathy_extrap",41.9675927408218,0.0168542992323637
"species_4_bathy_extrap",42.533478811264,0.0165226366370916
"species_4_bathy_extrap",43.0993648817062,0.0161973908543587
"species_4_bathy_extrap",43.6652509521485,0.0158784445375204
"species_4_bathy_extrap",44.2311370225907,0.015565681271255
"species_4_bathy_extrap",44.7970230930329,0.0152589809149504
"species_4_bathy_extrap",45.362909163475,0.0149582335725427
"species_4_bathy_extrap",45.9287952339173,0.0146633237600327
"species_4_bathy_extrap",46.4946813043595,0.0143741434440017
"species_4_bathy_extrap",47.0605673748017,0.0140905864536762
"species_4_bathy_extrap",47.6264534452438,0.0138125428929925
"species_4_bathy_extrap",48.192339515686,0.0135399103164673
"species_4_bathy_extrap",48.7582255861283,0.0132725881412625
"species_4_bathy_extrap",49.3241116565705,0.0130104729905725
"species_4_bathy_extrap",49.8899977270126,0.0127534670755267
"species_4_bathy_extrap",50.4558837974549,0.0125014754012227
"species_4_bathy_extrap",51.021769867897,0.0122543992474675
"species_4_bathy_extrap",51.5876559383393,0.0120121482759714
"species_4_bathy_extrap",52.1535420087815,0.0117746284231544
"species_4_bathy_extrap",52.7194280792236,0.0115417493507266
"species_4_bathy_extrap",53.2853141496658,0.0113134253770113
"species_4_bathy_extrap",53.851200220108,0.0110895661637187
"species_4_bathy_extrap",54.4170862905503,0.0108700869604945
"species_4_bathy_extrap",54.9829723609925,0.0106549067422748
"species_4_bathy_extrap",55.5488584314346,0.0104439398273826
"species_4_bathy_extrap",56.1147445018768,0.0102371070533991
"species_4_bathy_extrap",56.680630572319,0.0100343301892281
"species_4_bathy_extrap",57.2465166427613,0.00983552820980549
"species_4_bathy_extrap",57.8124027132034,0.00964062847197056
"species_4_bathy_extrap",58.3782887836457,0.009449552744627
"species_4_bathy_extrap",58.9441748540878,0.00926222838461399
"species_4_bathy_extrap",59.5100609245301,0.00907858461141586
"species_4_bathy_extrap",60.0759469949722,0.00889854785054922
"species_4_bathy_extrap",60.6418330654145,0.00872205011546612
"species_4_bathy_extrap",61.2077191358566,0.00854902435094118
"species_4_bathy_extrap",61.7736052062988,0.00837940070778131
"species_4_bathy_extrap",62.339491276741,0.00821311492472887
"species_4_bathy_extrap",62.9053773471832,0.0080501027405262
"species_4_bathy_extrap",63.4712634176254,0.00789029989391565
"species_4_bathy_extrap",64.0371494880677,0.00773364491760731
"species_4_bathy_extrap",64.6030355585098,0.00758007587864995
"species_4_bathy_extrap",65.1689216289521,0.0074295331723988
"species_4_bathy_extrap",65.7348076993943,0.00728195859119296
"species_4_bathy_extrap",66.3006937698364,0.00713729439303279
"species_4_bathy_extrap",66.8665798402786,0.0069954851642251
"species_4_bathy_extrap",67.4324659107209,0.00685647269710898
"species_4_bathy_extrap",67.998351981163,0.00672020390629768
"species_4_bathy_extrap",68.5642380516053,0.00658662524074316
"species_4_bathy_extrap",69.1301241220474,0.00645568454638124
"species_4_bathy_extrap",69.6960101924896,0.00632733199745417
"species_4_bathy_extrap",70.2618962629319,0.00620151404291391
"species_4_bathy_extrap",70.827782333374,0.0060781822539866
"species_4_bathy_extrap",71.3936684038162,0.00595728866755962
"species_4_bathy_extrap",71.9595544742585,0.00583878578618169
"species_4_bathy_extrap",72.5254405447006,0.00572262657806277
"species_4_bathy_extrap",73.0913266151429,0.0056087663397193
"species_4_bathy_extrap",73.657212685585,0.00549715757369995
"species_4_bathy_extrap",74.2230987560272,0.0053877579048276
"species_4_bathy_extrap",74.7889848264694,0.00528052402660251
"species_4_bathy_extrap",75.3548708969116,0.00517541309818626
"species_4_bathy_extrap",75.9207569673538,0.00507238507270813
"species_4_bathy_extrap",76.4866430377961,0.00497139664366841
"species_4_bathy_extrap",77.0525291082382,0.00487240869551897
"species_4_bathy_extrap",77.6184151786804,0.00477538257837296
"species_4_bathy_extrap",78.1843012491227,0.00468027917668223
"species_4_bathy_extrap",78.7501873195648,0.00458706123754382
"species_4_bathy_extrap",79.316073390007,0.0044956929050386
"species_4_bathy_extrap",79.8819594604493,0.00440613506361842
"species_4_bathy_extrap",80.4478455308914,0.00431835372000933
"species_4_bathy_extrap",81.0137316013337,0.00423231348395348
"species_4_bathy_extrap",81.5796176717758,0.00414798082783818
"species_4_bathy_extrap",82.145503742218,0.00406532268971205
"species_4_bathy_extrap",82.7113898126602,0.00398430367931724
"species_4_bathy_extrap",83.2772758831024,0.00390489329583943
"species_4_bathy_extrap",83.8431619535446,0.00382705964148045
"species_4_bathy_extrap",84.4090480239869,0.00375077128410339
"species_4_bathy_extrap",84.974934094429,0.00367599818855524
"species_4_bathy_extrap",85.5408201648712,0.00360271125100553
"species_4_bathy_extrap",86.1067062353134,0.00353087950497866
"species_4_bathy_extrap",86.6725923057556,0.00346047477796674
"species_4_bathy_extrap",87.2384783761978,0.00339146913029253
"species_4_bathy_extrap",87.80436444664,0.00332383485510945
"species_4_bathy_extrap",88.3702505170822,0.0032575458753854
"species_4_bathy_extrap",88.9361365875245,0.0031925740186125
"species_4_bathy_extrap",89.5020226579666,0.00312889367341995
"species_4_bathy_extrap",90.0679087284088,0.00306647992692888
"species_4_bathy_extrap",90.633794798851,0.00300530716776848
"species_4_bathy_extrap",91.1996808692932,0.00294535118155181
"species_4_bathy_extrap",91.7655669397354,0.00288658868521452
"species_4_bathy_extrap",92.3314530101776,0.00282899453304708
"species_4_bathy_extrap",92.8973390806198,0.0027725463733077
"species_4_bathy_extrap",93.463225151062,0.00271722138859332
"species_4_bathy_extrap",94.0291112215042,0.00266299722716212
"species_4_bathy_extrap",94.5949972919464,0.00260985339991748
"species_4_bathy_extrap",95.1608833623886,0.00255776639096439
"species_4_bathy_extrap",95.7267694328308,0.00250671640969813
"species_4_bathy_extrap",96.292655503273,0.00245668296702206
"species_4_bathy_extrap",96.8585415737153,0.00240764557383954
"species_4_bathy_extrap",97.4244276441574,0.00235958490520716
"species_4_bathy_extrap",97.9903137145996,0.00231248186901212
"species_4_bathy_extrap",98.5561997850418,0.00226631644181907
"species_4_bathy_extrap",99.122085855484,0.00222107046283782
"species_4_bathy_extrap",99.6879719259262,0.00217672600410879
"species_4_bathy_extrap",100.253857996368,0.00213326490484178
"species_4_bathy_extrap",100.819744066811,0.00209067016839981
"species_4_bathy_extrap",101.385630137253,0.00204892386682332
"species_4_bathy_extrap",101.951516207695,0.0020080094691366
"species_4_bathy_extrap",102.517402278137,0.00196791021153331
"species_4_bathy_extrap",103.083288348579,0.00192861037794501
"species_4_bathy_extrap",103.649174419022,0.00189009390305728
"species_4_bathy_extrap",104.215060489464,0.00185234565287828
"species_4_bathy_extrap",104.780946559906,0.00181534944567829
"species_4_bathy_extrap",105.346832630348,0.0017790908459574
"species_4_bathy_extrap",105.91271870079,0.00174355506896973
"species_4_bathy_extrap",106.478604771233,0.00170872802846134
"species_4_bathy_extrap",107.044490841675,0.00167459540534765
"species_4_bathy_extrap",107.610376912117,0.00164114392828196
"species_4_bathy_extrap",108.176262982559,0.00160835916176438
"species_4_bathy_extrap",108.742149053001,0.00157622830010951
"species_4_bathy_extrap",109.308035123444,0.00154473842121661
"species_4_bathy_extrap",109.873921193886,0.00151387660298496
"species_4_bathy_extrap",110.439807264328,0.00148363085463643
"species_4_bathy_extrap",111.00569333477,0.00145398813765496
"species_4_bathy_extrap",111.571579405212,0.00142493681050837
"species_4_bathy_extrap",112.137465475655,0.00139646511524916
"species_4_bathy_extrap",112.703351546097,0.00136856152676046
"species_4_bathy_extrap",113.269237616539,0.00134121475275606
"species_4_bathy_extrap",113.835123686981,0.00131441408302635
"species_4_bathy_extrap",114.401009757423,0.00128814799245447
"species_4_bathy_extrap",114.966895827866,0.00126240600366145
"species_4_bathy_extrap",115.532781898308,0.00123717787209898
"species_4_bathy_extrap",116.09866796875,0.00121245323680341
"species_4_bathy_extrap",116.664554039192,0.00118822243530303
"species_4_bathy_extrap",117.230440109634,0.0011644751066342
"species_4_bathy_extrap",117.796326180077,0.00114120170474052
"species_4_bathy_extrap",118.362212250519,0.00111839303281158
"species_4_bathy_extrap",118.928098320961,0.0010960396612063
"species_4_bathy_extrap",119.493984391403,0.00107413262594491
"species_4_bathy_extrap",120.059870461845,0.00105266331229359
"species_4_bathy_extrap",120.625756532288,0.00103162229061127
"species_4_bathy_extrap",121.19164260273,0.00101100152824074
"species_4_bathy_extrap",121.757528673172,0.000990792410448194
"species_4_bathy_extrap",122.323414743614,0.000970986962784082
"species_4_bathy_extrap",122.889300814056,0.000951577327214181
"species_4_bathy_extrap",123.455186884499,0.000932555005419999
"species_4_bathy_extrap",124.021072954941,0.0009139126050286
"species_4_bathy_extrap",124.586959025383,0.000895642559044063
"species_4_bathy_extrap",125.152845095825,0.000877737416885793
"species_4_bathy_extrap",125.718731166267,0.000860189902596176
"species_4_bathy_extrap",126.28461723671,0.000842993147671223
"species_4_bathy_extrap",126.850503307152,0.000826139701530337
"species_4_bathy_extrap",127.416389377594,0.000809622870292515
"species_4_bathy_extrap",127.982275448036,0.00079343601828441
"species_4_bathy_extrap",128.548161518478,0.000777572742663324
"species_4_bathy_extrap",129.114047588921,0.000762026174925268
"species_4_bathy_extrap",129.679933659363,0.000746790261473507
"species_4_bathy_extrap",130.245819729805,0.000731858657673001
"species_4_bathy_extrap",130.811705800247,0.000717225484549999
"species_4_bathy_extrap",131.377591870689,0.000702884630300105
"species_4_bathy_extrap",131.943477941132,0.000688830332364887
"species_4_bathy_extrap",132.509364011574,0.000675056828185916
"species_4_bathy_extrap",133.075250082016,0.000661558588035405
"species_4_bathy_extrap",133.641136152458,0.000648330431431532
"species_4_bathy_extrap",134.2070222229,0.000635366304777563
"species_4_bathy_extrap",134.772908293343,0.000622661202214658
"species_4_bathy_extrap",135.338794363785,0.000610210001468658
"species_4_bathy_extrap",135.904680434227,0.000598007638473064
"species_4_bathy_extrap",136.470566504669,0.000586049107369035
"species_4_bathy_extrap",137.036452575111,0.000574329635128379
"species_4_bathy_extrap",137.602338645554,0.000562844390515238
"species_4_bathy_extrap",138.168224715996,0.000551588658709079
"species_4_bathy_extrap",138.734110786438,0.000540557899512351
"species_4_bathy_extrap",139.29999685688,0.000529747630935162
"species_4_bathy_extrap",139.865882927322,0.000519153429195285
"species_4_bathy_extrap",140.431768997765,0.000508771277964115
"species_4_bathy_extrap",140.997655068207,0.000498596404213458
"species_4_bathy_extrap",141.563541138649,0.000488624908030033
"species_4_bathy_extrap",142.129427209091,0.000478852685773745
"species_4_bathy_extrap",142.695313279533,0.000469275837531313
"species_4_bathy_extrap",143.261199349976,0.000459890434285626
"species_4_bathy_extrap",143.827085420418,0.000450692663434893
"species_4_bathy_extrap",144.39297149086,0.000441678770584986
"species_4_bathy_extrap",144.958857561302,0.000432845059549436
"species_4_bathy_extrap",145.524743631744,0.000424187950557098
"species_4_bathy_extrap",146.090629702187,0.000415703922044486
"species_4_bathy_extrap",146.656515772629,0.000407389743486419
"species_4_bathy_extrap",147.222401843071,0.000399241544073448
"species_4_bathy_extrap",147.788287913513,0.000391256267903373
"species_4_bathy_extrap",148.354173983955,0.000383430655347183
"species_4_bathy_extrap",148.920060054398,0.000375761475879699
"species_4_bathy_extrap",149.48594612484,0.000368245673598722
"species_4_bathy_extrap",150.051832195282,0.000360880105290562
"species_4_bathy_extrap",150.617718265724,0.000353661831468344
"species_4_bathy_extrap",151.183604336166,0.00034658788354136
"species_4_bathy_extrap",151.749490406609,0.000339655380230397
"species_4_bathy_extrap",152.315376477051,0.000332861498463899
"species_4_bathy_extrap",152.881262547493,0.000326203648000956
"species_4_bathy_extrap",153.447148617935,0.000319678714731708
"species_4_bathy_extrap",154.013034688377,0.000313284283038229
"species_4_bathy_extrap",154.57892075882,0.000307017733575776
"species_4_bathy_extrap",155.144806829262,0.00030087647610344
"species_4_bathy_extrap",155.710692899704,0.000294858036795631
"species_4_bathy_extrap",156.276578970146,0.000288959941826761
"species_4_bathy_extrap",156.842465040588,0.000283179775578901
"species_4_bathy_extrap",157.408351111031,0.000277515238849446
"species_4_bathy_extrap",157.974237181473,0.000271963945124298
"species_4_bathy_extrap",158.540123251915,0.000266523682512343
"species_4_bathy_extrap",159.106009322357,0.000261192355537787
"species_4_bathy_extrap",159.671895392799,0.000255967519478872
"species_4_bathy_extrap",160.237781463242,0.000250847166171297
"species_4_bathy_extrap",160.803667533684,0.000245829200139269
"species_4_bathy_extrap",161.369553604126,0.000240911598666571
"species_4_bathy_extrap",161.935439674568,0.000236092353588901
"species_4_bathy_extrap",162.50132574501,0.000231369485845789
"species_4_bathy_extrap",163.067211815453,0.000226741074584424
"species_4_bathy_extrap",163.633097885895,0.000222205228055827
"species_4_bathy_extrap",164.198983956337,0.000217760112718679
"species_4_bathy_extrap",164.764870026779,0.000213403880479746
"species_4_bathy_extrap",165.330756097221,0.000209134901524521
"species_4_bathy_extrap",165.896642167664,0.000204951196792535
"species_4_bathy_extrap",166.462528238106,0.000200851151021197
"species_4_bathy_extrap",167.028414308548,0.000196833119844086
"species_4_bathy_extrap",167.59430037899,0.000192895458894782
"species_4_bathy_extrap",168.160186449432,0.000189036552910693
"species_4_bathy_extrap",168.726072519875,0.000185254830284975
"species_4_bathy_extrap",169.291958590317,0.000181548748514615
"species_4_bathy_extrap",169.857844660759,0.000177916794200428
"species_4_bathy_extrap",170.423730731201,0.000174357483047061
"species_4_bathy_extrap",170.989616801643,0.000170869374414906
"species_4_bathy_extrap",171.555502872086,0.000167451114975847
"species_4_bathy_extrap",172.121388942528,0.000164101147674955
"species_4_bathy_extrap",172.68727501297,0.00016081819194369
"species_4_bathy_extrap",173.253161083412,0.000157600894453935
"species_4_bathy_extrap",173.819047153854,0.00015444794553332
"species_4_bathy_extrap",174.384933224297,0.00015135807916522
"species_4_bathy_extrap",174.950819294739,0.000148330014781095
"species_4_bathy_extrap",175.516705365181,0.00014536251546815
"species_4_bathy_extrap",176.082591435623,0.000142454373417422
"species_4_bathy_extrap",176.648477506065,0.000139604409923777
"species_4_bathy_extrap",177.214363576508,0.000136811460833997
"species_4_bathy_extrap",177.78024964695,0.000134074434754439
"species_4_bathy_extrap",178.346135717392,0.000131392109324224
"species_4_bathy_extrap",178.912021787834,0.000128763422253542
"species_4_bathy_extrap",179.477907858276,0.000126187325804494
"species_4_bathy_extrap",180.043793928719,0.000123662757687271
"species_4_bathy_extrap",180.609679999161,0.000121188699267805
"species_4_bathy_extrap",181.175566069603,0.00011876413191203
"species_4_bathy_extrap",181.741452140045,0.000116388058813754
"species_4_bathy_extrap",182.307338210487,0.00011405952682253
"species_4_bathy_extrap",182.87322428093,0.000111777568235993
"species_4_bathy_extrap",183.439110351372,0.000109541259007528
"species_4_bathy_extrap",184.004996421814,0.000107349747850094
"species_4_bathy_extrap",184.570882492256,0.000105202016129624
"species_4_bathy_extrap",185.136768562698,0.000103097256214824
"species_4_bathy_extrap",185.702654633141,0.000101034594990779
"species_4_bathy_extrap",186.268540703583,9.90131957223639e-05
"species_4_bathy_extrap",186.834426774025,9.70322435023263e-05
"species_4_bathy_extrap",187.400312844467,9.5090908871498e-05
"species_4_bathy_extrap",187.966198914909,9.31884205783717e-05
"species_4_bathy_extrap",188.532084985352,9.13239855435677e-05
"species_4_bathy_extrap",189.097971055794,8.94968543434516e-05
"species_4_bathy_extrap",189.663857126236,8.77062702784315e-05
"species_4_bathy_extrap",190.229743196678,8.59515566844493e-05
"species_4_bathy_extrap",190.79562926712,8.42319059302099e-05
"species_4_bathy_extrap",191.361515337563,8.25466486276127e-05
"species_4_bathy_extrap",191.927401408005,8.08951153885573e-05
"species_4_bathy_extrap",192.493287478447,7.92766149970703e-05
"species_4_bathy_extrap",193.059173548889,7.76904926169664e-05
"species_4_bathy_extrap",193.625059619331,7.61361079639755e-05
"species_4_bathy_extrap",194.190945689774,7.46128207538277e-05
"species_4_bathy_extrap",194.756831760216,7.31200052541681e-05
"species_4_bathy_extrap",195.322717830658,7.16570575605147e-05
"species_4_bathy_extrap",195.8886039011,7.02233737683855e-05
"species_4_bathy_extrap",196.454489971542,6.88184081809595e-05
"species_4_bathy_extrap",197.020376041985,6.74415205139667e-05
"species_4_bathy_extrap",197.586262112427,6.60921723465435e-05
"species_4_bathy_extrap",198.152148182869,6.47698252578266e-05
"species_4_bathy_extrap",198.718034253311,6.34739335509948e-05
"species_4_bathy_extrap",199.283920323753,6.22039660811424e-05
"species_4_bathy_extrap",199.849806394196,6.09594026172999e-05
"species_4_bathy_extrap",200.415692464638,5.9739741118392e-05
"species_4_bathy_extrap",200.98157853508,5.8544483181322e-05
"species_4_bathy_extrap",201.547464605522,5.7373137678951e-05
"species_4_bathy_extrap",202.113350675964,5.62252243980765e-05
"species_4_bathy_extrap",202.679236746407,5.51003067812417e-05
"species_4_bathy_extrap",203.245122816849,5.39978682354558e-05
"species_4_bathy_extrap",203.811008887291,5.29174867551774e-05
"species_4_bathy_extrap",204.376894957733,5.18587148690131e-05
"species_4_bathy_extrap",204.942781028175,5.08211305714212e-05
"species_4_bathy_extrap",205.508667098618,4.98043045809027e-05
"species_4_bathy_extrap",206.07455316906,4.88078221678734e-05
"species_4_bathy_extrap",206.640439239502,4.78312722407281e-05
"species_4_bathy_extrap",207.206325309944,4.68742655357346e-05
"species_4_bathy_extrap",207.772211380386,4.5936401875224e-05
"species_4_bathy_extrap",208.338097450829,4.50173065473791e-05
"species_4_bathy_extrap",208.903983521271,4.41166193922982e-05
"species_4_bathy_extrap",209.469869591713,4.32339329563547e-05
"species_4_bathy_extrap",210.035755662155,4.2368901631562e-05
"species_4_bathy_extrap",210.601641732597,4.15211798099335e-05
"species_4_bathy_extrap",211.16752780304,4.06904182455037e-05
"species_4_bathy_extrap",211.733413873482,3.98762786062434e-05
"species_4_bathy_extrap",212.299299943924,3.90784261981025e-05
"species_4_bathy_extrap",212.865186014366,3.82965372409672e-05
"species_4_bathy_extrap",213.431072084808,3.75302952306811e-05
"species_4_bathy_extrap",213.996958155251,3.67793800251093e-05
"species_4_bathy_extrap",214.562844225693,3.60434896720108e-05
"species_4_bathy_extrap",215.128730296135,3.53223404090386e-05
"species_4_bathy_extrap",215.694616366577,3.46156048181001e-05
"species_4_bathy_extrap",216.260502437019,3.3923006412806e-05
"species_4_bathy_extrap",216.826388507462,3.32442650687881e-05
"species_4_bathy_extrap",217.392274577904,3.25791006616782e-05
"species_4_bathy_extrap",217.958160648346,3.19272512570024e-05
"species_4_bathy_extrap",218.524046718788,3.12884403683711e-05
"species_4_bathy_extrap",219.08993278923,3.06624096992891e-05
"species_4_bathy_extrap",219.655818859673,3.004890459124e-05
"species_4_bathy_extrap",220.221704930115,2.94476758426754e-05
"species_4_bathy_extrap",220.787591000557,2.88584760710364e-05
"species_4_bathy_extrap",221.353477070999,2.82810797216371e-05
"species_4_bathy_extrap",221.919363141441,2.7715219403035e-05
"species_4_bathy_extrap",222.485249211884,2.716068229347e-05
"species_4_bathy_extrap",223.051135282326,2.66172410192667e-05
"species_4_bathy_extrap",223.617021352768,2.60846718447283e-05
"species_4_bathy_extrap",224.18290742321,2.55627583101159e-05
"species_4_bathy_extrap",224.748793493652,2.50512857746799e-05
"species_4_bathy_extrap",225.314679564095,2.45500486926176e-05
"species_4_bathy_extrap",225.880565634537,2.4058839699137e-05
"species_4_bathy_extrap",226.446451704979,2.35774587054038e-05
"species_4_bathy_extrap",227.012337775421,2.31057092605624e-05
"species_4_bathy_extrap",227.578223845863,2.26434112846618e-05
"species_4_bathy_extrap",228.144109916306,2.21903501369525e-05
"species_4_bathy_extrap",228.709995986748,2.17463548324304e-05
"species_4_bathy_extrap",229.27588205719,2.13112416531658e-05
"species_4_bathy_extrap",229.841768127632,2.0884835976176e-05
"species_4_bathy_extrap",230.407654198074,2.04669613594888e-05
"species_4_bathy_extrap",230.973540268517,2.00574468181003e-05
"species_4_bathy_extrap",231.539426338959,1.96561250049854e-05
"species_4_bathy_extrap",232.105312409401,1.92628340300871e-05
"species_4_bathy_extrap",232.671198479843,1.8877413822338e-05
"species_4_bathy_extrap",233.237084550285,1.84997024916811e-05
"species_4_bathy_extrap",233.802970620728,1.81295599759324e-05
"species_4_bathy_extrap",234.36885669117,1.77668134710984e-05
"species_4_bathy_extrap",234.934742761612,1.74113229149953e-05
"species_4_bathy_extrap",235.500628832054,1.70629464264493e-05
"species_4_bathy_extrap",236.066514902496,1.67215421242872e-05
"species_4_bathy_extrap",236.632400972939,1.6386966308346e-05
"species_4_bathy_extrap",237.198287043381,1.62769356393255e-05
"species_4_bathy_extrap",237.764173113823,1.62769356393255e-05
"species_4_bathy_extrap",238.330059184265,1.62769356393255e-05
"species_4_bathy_extrap",238.895945254707,1.62769356393255e-05
"species_4_bathy_extrap",239.46183132515,1.62769356393255e-05
"species_4_bathy_extrap",240.027717395592,1.62769356393255e-05
"species_4_bathy_extrap",240.593603466034,1.62769356393255e-05
"species_4_bathy_extrap",241.159489536476,1.62769356393255e-05
"species_4_bathy_extrap",241.725375606918,1.62769356393255e-05
"species_4_bathy_extrap",242.291261677361,1.62769356393255e-05
"species_4_bathy_extrap",242.857147747803,1.62769356393255e-05
"species_4_bathy_extrap",243.423033818245,1.62769356393255e-05
"species_4_bathy_extrap",243.988919888687,1.62769356393255e-05
"species_4_bathy_extrap",244.554805959129,1.62769356393255e-05
"species_4_bathy_extrap",245.120692029572,1.62769356393255e-05
"species_4_bathy_extrap",245.686578100014,1.62769356393255e-05
"species_4_bathy_extrap",246.252464170456,1.62769356393255e-05
"species_4_bathy_extrap",246.818350240898,1.62769356393255e-05
"species_4_bathy_extrap",247.38423631134,1.62769356393255e-05
"species_4_bathy_extrap",247.950122381783,1.62769356393255e-05
"species_4_bathy_extrap",248.516008452225,1.62769356393255e-05
"species_4_bathy_extrap",249.081894522667,1.62769356393255e-05
"species_4_bathy_extrap",249.647780593109,1.62769356393255e-05
"species_4_bathy_extrap",250.213666663551,1.62769356393255e-05
"species_4_bathy_extrap",250.779552733994,1.62769356393255e-05
"species_4_bathy_extrap",251.345438804436,1.62769356393255e-05
"species_4_bathy_extrap",251.911324874878,1.62769356393255e-05
"species_4_bathy_extrap",252.47721094532,1.62769356393255e-05
"species_4_bathy_extrap",253.043097015762,1.62769356393255e-05
"species_4_bathy_extrap",253.608983086205,1.62769356393255e-05
"species_4_bathy_extrap",254.174869156647,1.62769356393255e-05
"species_4_bathy_extrap",254.740755227089,1.62769356393255e-05
"species_4_bathy_extrap",255.306641297531,1.62769356393255e-05
"species_4_bathy_extrap",255.872527367973,1.62769356393255e-05
"species_4_bathy_extrap",256.438413438416,1.62769356393255e-05
"species_4_bathy_extrap",257.004299508858,1.62769356393255e-05
"species_4_bathy_extrap",257.5701855793,1.62769356393255e-05
"species_4_bathy_extrap",258.136071649742,1.62769356393255e-05
"species_4_bathy_extrap",258.701957720184,1.62769356393255e-05
"species_4_bathy_extrap",259.267843790627,1.62769356393255e-05
"species_4_bathy_extrap",259.833729861069,1.62769356393255e-05
"species_4_bathy_extrap",260.399615931511,1.62769356393255e-05
"species_4_contemp_ice_extrap_only",-9.91452462375168,0.000117881209007464
"species_4_contemp_ice_extrap_only",-9.6649954394341,0.000117881209007464
"species_4_contemp_ice_extrap_only",-9.41546625511651,0.000117881209007464
"species_4_contemp_ice_extrap_only",-9.16593707079892,0.000117881209007464
"species_4_contemp_ice_extrap_only",-8.91640788648133,0.000117881209007464
"species_4_contemp_ice_extrap_only",-8.66687870216374,0.000117881209007464
"species_4_contemp_ice_extrap_only",-8.41734951784615,0.000117881209007464
"species_4_contemp_ice_extrap_only",-8.16782033352856,0.000117881209007464
"species_4_contemp_ice_extrap_only",-7.91829114921097,0.000117881209007464
"species_4_contemp_ice_extrap_only",-7.66876196489338,0.000117881209007464
"species_4_contemp_ice_extrap_only",-7.41923278057579,0.000117881209007464
"species_4_contemp_ice_extrap_only",-7.1697035962582,0.000117881209007464
"species_4_contemp_ice_extrap_only",-6.92017441194061,0.000117881209007464
"species_4_contemp_ice_extrap_only",-6.67064522762302,0.000117881209007464
"species_4_contemp_ice_extrap_only",-6.42111604330543,0.000117881209007464
"species_4_contemp_ice_extrap_only",-6.17158685898784,0.000117881209007464
"species_4_contemp_ice_extrap_only",-5.92205767467025,0.000117881209007464
"species_4_contemp_ice_extrap_only",-5.67252849035266,0.000117881209007464
"species_4_contemp_ice_extrap_only",-5.42299930603507,0.000117881209007464
"species_4_contemp_ice_extrap_only",-5.17347012171748,0.000117881209007464
"species_4_contemp_ice_extrap_only",-4.92394093739989,0.000117881209007464
"species_4_contemp_ice_extrap_only",-4.6744117530823,0.000117881209007464
"species_4_contemp_ice_extrap_only",-4.42488256876471,0.000117881209007464
"species_4_contemp_ice_extrap_only",-4.17535338444712,0.000117881209007464
"species_4_contemp_ice_extrap_only",-3.92582420012953,0.000117881209007464
"species_4_contemp_ice_extrap_only",-3.67629501581194,0.000117881209007464
"species_4_contemp_ice_extrap_only",-3.42676583149435,0.000117881209007464
"species_4_contemp_ice_extrap_only",-3.17723664717676,0.000117881209007464
"species_4_contemp_ice_extrap_only",-2.92770746285917,0.000117881209007464
"species_4_contemp_ice_extrap_only",-2.67817827854158,0.000117881209007464
"species_4_contemp_ice_extrap_only",-2.42864909422399,0.000117881209007464
"species_4_contemp_ice_extrap_only",-2.1791199099064,0.000117881209007464
"species_4_contemp_ice_extrap_only",-1.92959072558881,0.000117881209007464
"species_4_contemp_ice_extrap_only",-1.68006154127122,0.000117881209007464
"species_4_contemp_ice_extrap_only",-1.43053235695363,0.000117881209007464
"species_4_contemp_ice_extrap_only",-1.18100317263604,0.000117881209007464
"species_4_contemp_ice_extrap_only",-0.93147398831845,0.000117881209007464
"species_4_contemp_ice_extrap_only",-0.68194480400086,0.000117881209007464
"species_4_contemp_ice_extrap_only",-0.432415619683269,0.000117881209007464
"species_4_contemp_ice_extrap_only",-0.182886435365679,0.000117881209007464
"species_4_contemp_ice_extrap_only",0.0666427489519101,0.000117881209007464
"species_4_contemp_ice_extrap_only",0.3161719332695,0.000117881209007464
"species_4_contemp_ice_extrap_only",0.565701117587089,0.000120410288218409
"species_4_contemp_ice_extrap_only",0.81523030190468,0.000128332612803206
"species_4_contemp_ice_extrap_only",1.06475948622227,0.000136783914058469
"species_4_contemp_ice_extrap_only",1.31428867053986,0.000145800033351406
"species_4_contemp_ice_extrap_only",1.56381785485745,0.000155419256770983
"species_4_contemp_ice_extrap_only",1.81334703917504,0.000165682460647076
"species_4_contemp_ice_extrap_only",2.06287622349263,0.000176633388036862
"species_4_contemp_ice_extrap_only",2.31240540781022,0.000188318750588223
"species_4_contemp_ice_extrap_only",2.56193459212781,0.000200788505026139
"species_4_contemp_ice_extrap_only",2.8114637764454,0.000214095998671837
"species_4_contemp_ice_extrap_only",3.06099296076299,0.000228298318688758
"species_4_contemp_ice_extrap_only",3.31052214508058,0.000243456437601708
"species_4_contemp_ice_extrap_only",3.56005132939817,0.000259635591646656
"species_4_contemp_ice_extrap_only",3.80958051371576,0.000276905484497547
"species_4_contemp_ice_extrap_only",4.05910969803335,0.000295340636512265
"species_4_contemp_ice_extrap_only",4.30863888235094,0.000315020733978599
"species_4_contemp_ice_extrap_only",4.55816806666853,0.000336030963808298
"species_4_contemp_ice_extrap_only",4.80769725098612,0.000358462479198352
"species_4_contemp_ice_extrap_only",5.05722643530371,0.000382412661565468
"species_4_contemp_ice_extrap_only",5.3067556196213,0.000407985673518851
"species_4_contemp_ice_extrap_only",5.55628480393889,0.000435293011832982
"species_4_contemp_ice_extrap_only",5.80581398825648,0.000464453711174428
"species_4_contemp_ice_extrap_only",6.05534317257407,0.000495595333632082
"species_4_contemp_ice_extrap_only",6.30487235689166,0.000528854143340141
"species_4_contemp_ice_extrap_only",6.55440154120925,0.00056437577586621
"species_4_contemp_ice_extrap_only",6.80393072552684,0.000602316402364522
"species_4_contemp_ice_extrap_only",7.05345990984443,0.000642842671368271
"species_4_contemp_ice_extrap_only",7.30298909416202,0.000686132931150496
"species_4_contemp_ice_extrap_only",7.55251827847961,0.000732378277461976
"species_4_contemp_ice_extrap_only",7.80204746279719,0.00078178261173889
"species_4_contemp_ice_extrap_only",8.05157664711479,0.000834564678370953
"species_4_contemp_ice_extrap_only",8.30110583143238,0.000890957948286086
"species_4_contemp_ice_extrap_only",8.55063501574996,0.00095121277263388
"species_4_contemp_ice_extrap_only",8.80016420006756,0.00101559620816261
"species_4_contemp_ice_extrap_only",9.04969338438515,0.00108439463656396
"species_4_contemp_ice_extrap_only",9.29922256870274,0.00115791452117264
"species_4_contemp_ice_extrap_only",9.54875175302033,0.00123648322187364
"species_4_contemp_ice_extrap_only",9.79828093733791,0.00132045126520097
"species_4_contemp_ice_extrap_only",10.0478101216555,0.0014101944398135
"species_4_contemp_ice_extrap_only",10.2973393059731,0.00150611321441829
"species_4_contemp_ice_extrap_only",10.5468684902907,0.00160863751079887
"species_4_contemp_ice_extrap_only",10.7963976746083,0.00171822693664581
"species_4_contemp_ice_extrap_only",11.0459268589259,0.00183537369593978
"species_4_contemp_ice_extrap_only",11.2954560432435,0.00196060305461287
"species_4_contemp_ice_extrap_only",11.544985227561,0.00209447857923806
"species_4_contemp_ice_extrap_only",11.7945144118786,0.00223760306835175
"species_4_contemp_ice_extrap_only",12.0440435961962,0.00239062029868364
"species_4_contemp_ice_extrap_only",12.2935727805138,0.0025542201474309
"species_4_contemp_ice_extrap_only",12.5431019648314,0.00272914161905646
"species_4_contemp_ice_extrap_only",12.792631149149,0.00291617284528911
"species_4_contemp_ice_extrap_only",13.0421603334666,0.0031161590013653
"species_4_contemp_ice_extrap_only",13.2916895177842,0.00333000486716628
"species_4_contemp_ice_extrap_only",13.5412187021018,0.0035586750600487
"species_4_contemp_ice_extrap_only",13.7907478864194,0.00380320474505424
"species_4_contemp_ice_extrap_only",14.0402770707369,0.0040647005662322
"species_4_contemp_ice_extrap_only",14.2898062550545,0.00434434413909912
"species_4_contemp_ice_extrap_only",14.5393354393721,0.0046434011310339
"species_4_contemp_ice_extrap_only",14.7888646236897,0.00496322568506002
"species_4_contemp_ice_extrap_only",15.0383938080073,0.00530526181682944
"species_4_contemp_ice_extrap_only",15.2879229923249,0.00567105691879988
"species_4_contemp_ice_extrap_only",15.5374521766425,0.00606226455420256
"species_4_contemp_ice_extrap_only",15.7869813609601,0.0064806523732841
"species_4_contemp_ice_extrap_only",16.0365105452777,0.00692810583859682
"species_4_contemp_ice_extrap_only",16.2860397295953,0.00740664312615991
"species_4_contemp_ice_extrap_only",16.5355689139128,0.00791842024773359
"species_4_contemp_ice_extrap_only",16.7850980982304,0.00846574176102877
"species_4_contemp_ice_extrap_only",17.034627282548,0.00905105657875538
"species_4_contemp_ice_extrap_only",17.2841564668656,0.0096707297489047
"species_4_contemp_ice_extrap_only",17.5336856511832,0.0101985549554229
"species_4_contemp_ice_extrap_only",17.7832148355008,0.0102836107835174
"species_4_contemp_ice_extrap_only",18.0327440198184,0.0103699555620551
"species_4_contemp_ice_extrap_only",18.282273204136,0.0104576088488102
"species_4_contemp_ice_extrap_only",18.5318023884536,0.0105465929955244
"species_4_contemp_ice_extrap_only",18.7813315727712,0.0106369266286492
"species_4_contemp_ice_extrap_only",19.0308607570887,0.010728633031249
"species_4_contemp_ice_extrap_only",19.2803899414063,0.0108217326924205
"species_4_contemp_ice_extrap_only",19.5299191257239,0.0109162498265505
"species_4_contemp_ice_extrap_only",19.7794483100415,0.0110122049227357
"species_4_contemp_ice_extrap_only",20.0289774943591,0.0111096231266856
"species_4_contemp_ice_extrap_only",20.2785066786767,0.0112085258588195
"species_4_contemp_ice_extrap_only",20.5280358629943,0.0113089382648468
"species_4_contemp_ice_extrap_only",20.7775650473119,0.0114108845591545
"species_4_contemp_ice_extrap_only",21.0270942316295,0.0115143908187747
"species_4_contemp_ice_extrap_only",21.276623415947,0.0116194803267717
"species_4_contemp_ice_extrap_only",21.5261526002646,0.0117261810228229
"species_4_contemp_ice_extrap_only",21.7756817845822,0.0118345189839602
"species_4_contemp_ice_extrap_only",22.0252109688998,0.0119445193558931
"species_4_contemp_ice_extrap_only",22.2747401532174,0.0120562110096216
"species_4_contemp_ice_extrap_only",22.524269337535,0.0121696209535003
"species_4_contemp_ice_extrap_only",22.7737985218526,0.0122847780585289
"species_4_contemp_ice_extrap_only",23.0233277061702,0.0124017121270299
"species_4_contemp_ice_extrap_only",23.2728568904878,0.0125204529613256
"species_4_contemp_ice_extrap_only",23.5223860748054,0.0126410285010934
"species_4_contemp_ice_extrap_only",23.771915259123,0.0127634704113007
"species_4_contemp_ice_extrap_only",24.0214444434405,0.0128878094255924
"species_4_contemp_ice_extrap_only",24.2709736277581,0.0130140790715814
"species_4_contemp_ice_extrap_only",24.5205028120757,0.013142311014235
"species_4_contemp_ice_extrap_only",24.7700319963933,0.0132725387811661
"species_4_contemp_ice_extrap_only",25.0195611807109,0.0134047940373421
"species_4_contemp_ice_extrap_only",25.2690903650285,0.0135391131043434
"species_4_contemp_ice_extrap_only",25.5186195493461,0.0136755313724279
"species_4_contemp_ice_extrap_only",25.7681487336637,0.0138140823692083
"species_4_contemp_ice_extrap_only",26.0176779179813,0.0139548042789102
"species_4_contemp_ice_extrap_only",26.2672071022988,0.0140977343544364
"species_4_contemp_ice_extrap_only",26.5167362866164,0.0142429107800126
"species_4_contemp_ice_extrap_only",26.766265470934,0.0143903698772192
"species_4_contemp_ice_extrap_only",27.0157946552516,0.0145401526242495
"species_4_contemp_ice_extrap_only",27.2653238395692,0.0146922981366515
"species_4_contemp_ice_extrap_only",27.5148530238868,0.0148468483239412
"species_4_contemp_ice_extrap_only",27.7643822082044,0.0150038450956345
"species_4_contemp_ice_extrap_only",28.013911392522,0.0151633303612471
"species_4_contemp_ice_extrap_only",28.2634405768396,0.0153253460302949
"species_4_contemp_ice_extrap_only",28.5129697611572,0.0154899386689067
"species_4_contemp_ice_extrap_only",28.7624989454747,0.0156571511179209
"species_4_contemp_ice_extrap_only",29.0120281297923,0.0158270299434662
"species_4_contemp_ice_extrap_only",29.2615573141099,0.0159996226429939
"species_4_contemp_ice_extrap_only",29.5110864984275,0.0161749757826328
"species_4_contemp_ice_extrap_only",29.7606156827451,0.0163531396538019
"species_4_contemp_ice_extrap_only",30.0101448670627,0.0165341608226299
"species_4_contemp_ice_extrap_only",30.2596740513803,0.016718091443181
"species_4_contemp_ice_extrap_only",30.5092032356979,0.0169049855321646
"species_4_contemp_ice_extrap_only",30.7587324200155,0.0170948896557093
"species_4_contemp_ice_extrap_only",31.008261604333,0.0172878634184599
"species_4_contemp_ice_extrap_only",31.2577907886506,0.0174839608371258
"species_4_contemp_ice_extrap_only",31.5073199729682,0.017683232203126
"species_4_contemp_ice_extrap_only",31.7568491572858,0.0178857389837503
"species_4_contemp_ice_extrap_only",32.0063783416034,0.0180915370583534
"species_4_contemp_ice_extrap_only",32.255907525921,0.0183006878942251
"species_4_contemp_ice_extrap_only",32.5054367102386,0.0185132455080748
"species_4_contemp_ice_extrap_only",32.7549658945562,0.018729280680418
"species_4_contemp_ice_extrap_only",33.0044950788738,0.0189488455653191
"species_4_contemp_ice_extrap_only",33.2540242631914,0.0191720146685839
"species_4_contemp_ice_extrap_only",33.503553447509,0.0193988457322121
"species_4_contemp_ice_extrap_only",33.7530826318265,0.019629405811429
"species_4_contemp_ice_extrap_only",34.0026118161441,0.0198637656867504
"species_4_contemp_ice_extrap_only",34.2521410004617,0.0201019886881113
"species_4_contemp_ice_extrap_only",34.5016701847793,0.020344153046608
"species_4_contemp_ice_extrap_only",34.7511993690969,0.0205903220921755
"species_4_contemp_ice_extrap_only",35.0007285534145,0.0208405777812004
"species_4_contemp_ice_extrap_only",35.2502577377321,0.0210949890315533
"species_4_contemp_ice_extrap_only",35.4997869220497,0.0213536284863949
"species_4_contemp_ice_extrap_only",35.7493161063673,0.0216165836900473
"species_4_contemp_ice_extrap_only",35.9988452906849,0.0218839235603809
"species_4_contemp_ice_extrap_only",36.2483744750024,0.0221557393670082
"species_4_contemp_ice_extrap_only",36.49790365932,0.0224321000277996
"species_4_contemp_ice_extrap_only",36.7474328436376,0.022713104262948
"species_4_contemp_ice_extrap_only",36.9969620279552,0.0229988284409046
"species_4_contemp_ice_extrap_only",37.2464912122728,0.0232893582433462
"species_4_contemp_ice_extrap_only",37.4960203965904,0.0235847905278206
"species_4_contemp_ice_extrap_only",37.745549580908,0.0238852072507143
"species_4_contemp_ice_extrap_only",37.9950787652256,0.0241907089948654
"species_4_contemp_ice_extrap_only",38.2446079495432,0.0245013870298862
"species_4_contemp_ice_extrap_only",38.4941371338607,0.0248173326253891
"species_4_contemp_ice_extrap_only",38.7436663181783,0.0251386538147926
"species_4_contemp_ice_extrap_only",38.9931955024959,0.025465440005064
"species_4_contemp_ice_extrap_only",39.2427246868135,0.0257978029549122
"species_4_contemp_ice_extrap_only",39.4922538711311,0.0261358376592398
"species_4_contemp_ice_extrap_only",39.7417830554487,0.0264796614646912
"species_4_contemp_ice_extrap_only",39.9913122397663,0.0268293749541044
"species_4_contemp_ice_extrap_only",40.2408414240839,0.0271850842982531
"species_4_contemp_ice_extrap_only",40.4903706084015,0.0275469142943621
"species_4_contemp_ice_extrap_only",40.7398997927191,0.0279149692505598
"species_4_contemp_ice_extrap_only",40.9894289770367,0.0282893739640713
"species_4_contemp_ice_extrap_only",41.2389581613542,0.0286702383309603
"species_4_contemp_ice_extrap_only",41.4884873456718,0.0290576964616776
"species_4_contemp_ice_extrap_only",41.7380165299894,0.0294518657028675
"species_4_contemp_ice_extrap_only",41.987545714307,0.02985286898911
"species_4_contemp_ice_extrap_only",42.2370748986246,0.030260844156146
"species_4_contemp_ice_extrap_only",42.4866040829422,0.0306759122759104
"species_4_contemp_ice_extrap_only",42.7361332672598,0.0310982204973698
"species_4_contemp_ice_extrap_only",42.9856624515774,0.0315278917551041
"species_4_contemp_ice_extrap_only",43.235191635895,0.0319650806486607
"species_4_contemp_ice_extrap_only",43.4847208202125,0.0324099212884903
"species_4_contemp_ice_extrap_only",43.7342500045301,0.032862551510334
"species_4_contemp_ice_extrap_only",43.9837791888477,0.033323135226965
"species_4_contemp_ice_extrap_only",44.2333083731653,0.0337918065488338
"species_4_contemp_ice_extrap_only",44.4828375574829,0.0342687368392944
"species_4_contemp_ice_extrap_only",44.7323667418005,0.0347540751099586
"species_4_contemp_ice_extrap_only",44.9818959261181,0.0352479703724384
"species_4_contemp_ice_extrap_only",45.2314251104357,0.0357506051659584
"species_4_contemp_ice_extrap_only",45.4809542947533,0.0362621285021305
"species_4_contemp_ice_extrap_only",45.7304834790709,0.0367827229201794
"species_4_contemp_ice_extrap_only",45.9800126633885,0.0373125486075878
"species_4_contemp_ice_extrap_only",46.229541847706,0.0378517955541611
"species_4_contemp_ice_extrap_only",46.4790710320236,0.0384006351232529
"species_4_contemp_ice_extrap_only",46.7286002163412,0.0389592424035072
"species_4_contemp_ice_extrap_only",46.9781294006588,0.0395278222858906
"species_4_contemp_ice_extrap_only",47.2276585849764,0.0401065461337566
"species_4_contemp_ice_extrap_only",47.477187769294,0.0406956262886524
"species_4_contemp_ice_extrap_only",47.7267169536116,0.041295237839222
"species_4_contemp_ice_extrap_only",47.9762461379292,0.0419056043028831
"species_4_contemp_ice_extrap_only",48.2257753222468,0.0425269193947315
"species_4_contemp_ice_extrap_only",48.4753045065643,0.0431593842804432
"species_4_contemp_ice_extrap_only",48.7248336908819,0.0438032299280167
"species_4_contemp_ice_extrap_only",48.9743628751995,0.0444586500525475
"species_4_contemp_ice_extrap_only",49.2238920595171,0.045125886797905
"species_4_contemp_ice_extrap_only",49.4734212438347,0.0458051599562168
"species_4_contemp_ice_extrap_only",49.7229504281523,0.04649668186903
"species_4_contemp_ice_extrap_only",49.9724796124699,0.0472007095813751
"species_4_contemp_ice_extrap_only",50.2220087967875,0.0479174628853798
"species_4_contemp_ice_extrap_only",50.4715379811051,0.0486471951007843
"species_4_contemp_ice_extrap_only",50.7210671654227,0.0493901409208775
"species_4_contemp_ice_extrap_only",50.9705963497402,0.0501465685665607
"species_4_contemp_ice_extrap_only",51.2201255340578,0.0509167239069939
"species_4_contemp_ice_extrap_only",51.4696547183754,0.0517008528113365
"species_4_contemp_ice_extrap_only",51.719183902693,0.052499245852232
"species_4_contemp_ice_extrap_only",51.9687130870106,0.05331214889884
"species_4_contemp_ice_extrap_only",52.2182422713282,0.0541398599743843
"species_4_contemp_ice_extrap_only",52.4677714556458,0.0549826361238956
"species_4_contemp_ice_extrap_only",52.7173006399634,0.0558407790958881
"species_4_contemp_ice_extrap_only",52.966829824281,0.0567145720124245
"species_4_contemp_ice_extrap_only",53.2163590085986,0.057604294270277
"species_4_contemp_ice_extrap_only",53.4658881929161,0.0585102736949921
"species_4_contemp_ice_extrap_only",53.7154173772337,0.0594327822327614
"species_4_contemp_ice_extrap_only",53.9649465615513,0.0603721626102924
"species_4_contemp_ice_extrap_only",54.2144757458689,0.0613287128508091
"species_4_contemp_ice_extrap_only",54.4640049301865,0.0623027384281158
"species_4_contemp_ice_extrap_only",54.7135341145041,0.0632945969700813
"species_4_contemp_ice_extrap_only",54.9630632988217,0.0643045827746391
"species_4_contemp_ice_extrap_only",55.2125924831393,0.0653330758213997
"species_4_contemp_ice_extrap_only",55.4621216674569,0.0663803741335869
"species_4_contemp_ice_extrap_only",55.7116508517745,0.0674468576908112
"species_4_contemp_ice_extrap_only",55.961180036092,0.06853286921978
"species_4_contemp_ice_extrap_only",56.2107092204096,0.0696387514472008
"species_4_contemp_ice_extrap_only",56.4602384047272,0.0707648992538452
"species_4_contemp_ice_extrap_only",56.7097675890448,0.0719116479158401
"species_4_contemp_ice_extrap_only",56.9592967733624,0.073079414665699
"species_4_contemp_ice_extrap_only",57.20882595768,0.0742685347795486
"species_4_contemp_ice_extrap_only",57.4583551419976,0.0754794329404831
"species_4_contemp_ice_extrap_only",57.7078843263152,0.0767124891281128
"species_4_contemp_ice_extrap_only",57.9574135106328,0.0779680833220482
"species_4_contemp_ice_extrap_only",58.2069426949503,0.0792466551065445
"species_4_contemp_ice_extrap_only",58.4564718792679,0.0805861055850983
"species_4_contemp_ice_extrap_only",58.7060010635855,0.0820580720901489
"species_4_contemp_ice_extrap_only",58.9555302479031,0.0837640464305878
"species_4_contemp_ice_extrap_only",59.2050594322207,0.0856856778264046
"species_4_contemp_ice_extrap_only",59.4545886165383,0.0877013429999352
"species_4_contemp_ice_extrap_only",59.7041178008559,0.0898343548178673
"species_4_contemp_ice_extrap_only",59.9536469851735,0.0920319184660912
"species_4_contemp_ice_extrap_only",60.2031761694911,0.0944332554936409
"species_4_contemp_ice_extrap_only",60.4527053538087,0.0969202592968941
"species_4_contemp_ice_extrap_only",60.7022345381262,0.0994706824421883
"species_4_contemp_ice_extrap_only",60.9517637224438,0.102191686630249
"species_4_contemp_ice_extrap_only",61.2012929067614,0.105107195675373
"species_4_contemp_ice_extrap_only",61.450822091079,0.108320400118828
"species_4_contemp_ice_extrap_only",61.7003512753966,0.111681237816811
"species_4_contemp_ice_extrap_only",61.9498804597142,0.115138657391071
"species_4_contemp_ice_extrap_only",62.1994096440318,0.118694849312305
"species_4_contemp_ice_extrap_only",62.4489388283494,0.122351825237274
"species_4_contemp_ice_extrap_only",62.698468012667,0.126111596822739
"species_4_contemp_ice_extrap_only",62.9479971969846,0.129976317286491
"species_4_contemp_ice_extrap_only",63.1975263813021,0.133947893977165
"species_4_contemp_ice_extrap_only",63.4470555656197,0.13802844285965
"species_4_contemp_ice_extrap_only",63.6965847499373,0.142219856381416
"species_4_contemp_ice_extrap_only",63.9461139342549,0.146523982286453
"species_4_contemp_ice_extrap_only",64.1956431185725,0.150942787528038
"species_4_contemp_ice_extrap_only",64.4451723028901,0.155478239059448
"species_4_contemp_ice_extrap_only",64.6947014872077,0.160131797194481
"species_4_contemp_ice_extrap_only",64.9442306715253,0.164905309677124
"species_4_contemp_ice_extrap_only",65.1937598558429,0.16980043053627
"species_4_contemp_ice_extrap_only",65.4432890401605,0.174818828701973
"species_4_contemp_ice_extrap_only",65.692818224478,0.179961681365967
"species_4_contemp_ice_extrap_only",65.9423474087956,0.185230493545532
"species_4_contemp_ice_extrap_only",66.1918765931132,0.190626695752144
"species_4_contemp_ice_extrap_only",66.4414057774308,0.196151107549667
"species_4_contemp_ice_extrap_only",66.6909349617484,0.201804906129837
"species_4_contemp_ice_extrap_only",66.940464146066,0.207589164376259
"species_4_contemp_ice_extrap_only",67.1899933303836,0.213504284620285
"species_4_contemp_ice_extrap_only",67.4395225147012,0.219551056623459
"species_4_contemp_ice_extrap_only",67.6890516990188,0.225729927420616
"species_4_contemp_ice_extrap_only",67.9385808833364,0.232041373848915
"species_4_contemp_ice_extrap_only",68.188110067654,0.238485112786293
"species_4_contemp_ice_extrap_only",68.4376392519715,0.245061278343201
"species_4_contemp_ice_extrap_only",68.6871684362891,0.251769810914993
"species_4_contemp_ice_extrap_only",68.9366976206067,0.25860983133316
"species_4_contemp_ice_extrap_only",69.1862268049243,0.265580862760544
"species_4_contemp_ice_extrap_only",69.4357559892419,0.272682040929794
"species_4_contemp_ice_extrap_only",69.6852851735595,0.27991247177124
"species_4_contemp_ice_extrap_only",69.9348143578771,0.287270396947861
"species_4_contemp_ice_extrap_only",70.1843435421947,0.294754445552826
"species_4_contemp_ice_extrap_only",70.4338727265122,0.302363038063049
"species_4_contemp_ice_extrap_only",70.6834019108298,0.31009367108345
"species_4_contemp_ice_extrap_only",70.9329310951474,0.317944288253784
"species_4_contemp_ice_extrap_only",71.182460279465,0.325912326574326
"species_4_contemp_ice_extrap_only",71.4319894637826,0.333995252847672
"species_4_contemp_ice_extrap_only",71.6815186481002,0.342189490795135
"species_4_contemp_ice_extrap_only",71.9310478324178,0.350492000579834
"species_4_contemp_ice_extrap_only",72.1805770167354,0.35889944434166
"species_4_contemp_ice_extrap_only",72.430106201053,0.367407530546188
"species_4_contemp_ice_extrap_only",72.6796353853706,0.376012414693832
"species_4_contemp_ice_extrap_only",72.9291645696882,0.384709805250168
"species_4_contemp_ice_extrap_only",73.1786937540057,0.393495440483093
"species_4_contemp_ice_extrap_only",73.4282229383233,0.402363985776901
"species_4_contemp_ice_extrap_only",73.6777521226409,0.411310702562332
"species_4_contemp_ice_extrap_only",73.9272813069585,0.42033064365387
"species_4_contemp_ice_extrap_only",74.1768104912761,0.429417848587036
"species_4_contemp_ice_extrap_only",74.4263396755937,0.43856692314148
"species_4_contemp_ice_extrap_only",74.6758688599113,0.447772145271301
"species_4_contemp_ice_extrap_only",74.9253980442289,0.457027733325958
"species_4_contemp_ice_extrap_only",75.1749272285465,0.466327041387558
"species_4_contemp_ice_extrap_only",75.424456412864,0.4756640791893
"species_4_contemp_ice_extrap_only",75.6739855971816,0.485032707452774
"species_4_contemp_ice_extrap_only",75.9235147814992,0.494425892829895
"species_4_contemp_ice_extrap_only",76.1730439658168,0.503837287425995
"species_4_contemp_ice_extrap_only",76.4225731501344,0.513260543346405
"species_4_contemp_ice_extrap_only",76.672102334452,0.522688388824463
"species_4_contemp_ice_extrap_only",76.9216315187696,0.532114267349243
"species_4_contemp_ice_extrap_only",77.1711607030872,0.541531503200531
"species_4_contemp_ice_extrap_only",77.4206898874048,0.550933599472046
"species_4_contemp_ice_extrap_only",77.6702190717224,0.560313284397125
"species_4_contemp_ice_extrap_only",77.91974825604,0.569664061069489
"species_4_contemp_ice_extrap_only",78.1692774403575,0.57897961139679
"species_4_contemp_ice_extrap_only",78.4188066246751,0.5882528424263
"species_4_contemp_ice_extrap_only",78.6683358089927,0.597477555274963
"species_4_contemp_ice_extrap_only",78.9178649933103,0.606647491455078
"species_4_contemp_ice_extrap_only",79.1673941776279,0.615756630897522
"species_4_contemp_ice_extrap_only",79.4169233619455,0.62479841709137
"species_4_contemp_ice_extrap_only",79.6664525462631,0.633767306804657
"species_4_contemp_ice_extrap_only",79.9159817305807,0.642657816410065
"species_4_contemp_ice_extrap_only",80.1655109148982,0.65146392583847
"species_4_contemp_ice_extrap_only",80.4150400992158,0.660180568695068
"species_4_contemp_ice_extrap_only",80.6645692835334,0.668802678585052
"species_4_contemp_ice_extrap_only",80.914098467851,0.677325785160065
"species_4_contemp_ice_extrap_only",81.1636276521686,0.685744643211365
"species_4_contemp_ice_extrap_only",81.4131568364862,0.694055199623108
"species_4_contemp_ice_extrap_only",81.6626860208038,0.702253639698029
"species_4_contemp_ice_extrap_only",81.9122152051214,0.710335552692413
"species_4_contemp_ice_extrap_only",82.161744389439,0.718297719955444
"species_4_contemp_ice_extrap_only",82.4112735737566,0.726136744022369
"species_4_contemp_ice_extrap_only",82.6608027580742,0.733849883079529
"species_4_contemp_ice_extrap_only",82.9103319423917,0.74143385887146
"species_4_contemp_ice_extrap_only",83.1598611267093,0.748886466026306
"species_4_contemp_ice_extrap_only",83.4093903110269,0.7562056183815
"species_4_contemp_ice_extrap_only",83.6589194953445,0.763388991355896
"species_4_contemp_ice_extrap_only",83.9084486796621,0.770121157169342
"species_4_contemp_ice_extrap_only",84.1579778639797,0.775011003017426
"species_4_contemp_ice_extrap_only",84.4075070482973,0.77969354391098
"species_4_contemp_ice_extrap_only",84.6570362326149,0.783450841903687
"species_4_contemp_ice_extrap_only",84.9065654169325,0.785049855709076
"species_4_contemp_ice_extrap_only",85.1560946012501,0.785493791103363
"species_4_contemp_ice_extrap_only",85.4056237855676,0.785946667194366
"species_4_contemp_ice_extrap_only",85.6551529698852,0.786408424377441
"species_4_contemp_ice_extrap_only",85.9046821542028,0.786879062652588
"species_4_contemp_ice_extrap_only",86.1542113385204,0.787358522415161
"species_4_contemp_ice_extrap_only",86.403740522838,0.787846744060516
"species_4_contemp_ice_extrap_only",86.6532697071556,0.788343667984009
"species_4_contemp_ice_extrap_only",86.9027988914732,0.788849294185638
"species_4_contemp_ice_extrap_only",87.1523280757908,0.78936356306076
"species_4_contemp_ice_extrap_only",87.4018572601084,0.789886355400085
"species_4_contemp_ice_extrap_only",87.651386444426,0.790417671203613
"species_4_contemp_ice_extrap_only",87.9009156287435,0.790957450866699
"species_4_contemp_ice_extrap_only",88.1504448130611,0.791505634784698
"species_4_contemp_ice_extrap_only",88.3999739973787,0.792062222957611
"species_4_contemp_ice_extrap_only",88.6495031816963,0.792627096176147
"species_4_contemp_ice_extrap_only",88.8990323660139,0.793200194835663
"species_4_contemp_ice_extrap_only",89.1485615503315,0.793781459331512
"species_4_contemp_ice_extrap_only",89.3980907346491,0.794370889663696
"species_4_contemp_ice_extrap_only",89.6476199189667,0.794968366622925
"species_4_contemp_ice_extrap_only",89.8971491032843,0.795573830604553
"species_4_contemp_ice_extrap_only",90.1466782876018,0.796187281608582
"species_4_contemp_ice_extrap_only",90.3962074719194,0.796808660030365
"species_4_contemp_ice_extrap_only",90.645736656237,0.797437787055969
"species_4_contemp_ice_extrap_only",90.8952658405546,0.798074722290039
"species_4_contemp_ice_extrap_only",91.1447950248722,0.79871928691864
"species_4_contemp_ice_extrap_only",91.3943242091898,0.799371540546417
"species_4_contemp_ice_extrap_only",91.6438533935074,0.800031363964081
"species_4_contemp_ice_extrap_only",91.893382577825,0.800698637962341
"species_4_contemp_ice_extrap_only",92.1429117621426,0.801373362541199
"species_4_contemp_ice_extrap_only",92.3924409464602,0.802055418491364
"species_4_contemp_ice_extrap_only",92.6419701307778,0.802744805812836
"species_4_contemp_ice_extrap_only",92.8914993150953,0.803441405296326
"species_4_contemp_ice_extrap_only",93.1410284994129,0.804145097732544
"species_4_contemp_ice_extrap_only",93.3905576837305,0.80485588312149
"species_4_contemp_ice_extrap_only",93.6400868680481,0.80557370185852
"species_4_contemp_ice_extrap_only",93.8896160523657,0.806298434734344
"species_4_contemp_ice_extrap_only",94.1391452366833,0.807029962539673
"species_4_contemp_ice_extrap_only",94.3886744210009,0.807768285274506
"species_4_contemp_ice_extrap_only",94.6382036053185,0.808513343334198
"species_4_contemp_ice_extrap_only",94.8877327896361,0.80926501750946
"species_4_contemp_ice_extrap_only",95.1372619739537,0.810023188591003
"species_4_contemp_ice_extrap_only",95.3867911582712,0.810787856578827
"species_4_contemp_ice_extrap_only",95.6363203425888,0.811558902263641
"species_4_contemp_ice_extrap_only",95.8858495269064,0.812336266040802
"species_4_contemp_ice_extrap_only",96.135378711224,0.813119828701019
"species_4_contemp_ice_extrap_only",96.3849078955416,0.813909530639648
"species_4_contemp_ice_extrap_only",96.6344370798592,0.8147052526474
"species_4_contemp_ice_extrap_only",96.8839662641768,0.815506994724274
"species_4_contemp_ice_extrap_only",97.1334954484944,0.81631463766098
"species_4_contemp_ice_extrap_only",97.383024632812,0.81712806224823
"species_4_contemp_ice_extrap_only",97.6325538171296,0.817947149276733
"species_4_contemp_ice_extrap_only",97.8820830014471,0.81877189874649
"species_4_contemp_ice_extrap_only",98.1316121857647,0.819602191448212
"species_4_contemp_ice_extrap_only",98.3811413700823,0.820437967777252
"species_4_contemp_ice_extrap_only",98.6306705543999,0.821279048919678
"species_4_contemp_ice_extrap_only",98.8801997387175,0.822125494480133
"species_4_contemp_ice_extrap_only",99.1297289230351,0.822977066040039
"species_4_contemp_ice_extrap_only",99.3792581073527,0.823833703994751
"species_4_contemp_ice_extrap_only",99.6287872916703,0.824695348739624
"species_4_contemp_ice_extrap_only",99.8783164759879,0.825561940670013
"species_4_contemp_ice_extrap_only",100.127845660305,0.82643336057663
"species_4_contemp_ice_extrap_only",100.377374844623,0.827309489250183
"species_4_contemp_ice_extrap_only",100.626904028941,0.828190267086029
"species_4_contemp_ice_extrap_only",100.876433213258,0.829075515270233
"species_4_contemp_ice_extrap_only",101.125962397576,0.82996529340744
"species_4_contemp_ice_extrap_only",101.375491581893,0.830859363079071
"species_4_contemp_ice_extrap_only",101.625020766211,0.831757724285126
"species_4_contemp_ice_extrap_only",101.874549950529,0.83266019821167
"species_4_contemp_ice_extrap_only",102.124079134846,0.833566725254059
"species_4_contemp_ice_extrap_only",102.373608319164,0.834477305412292
"species_4_contemp_ice_extrap_only",102.623137503481,0.835391640663147
"species_4_contemp_ice_extrap_only",102.872666687799,0.836309790611267
"species_4_contemp_ice_extrap_only",103.122195872117,0.837231576442719
"species_4_contemp_ice_extrap_only",103.371725056434,0.838156998157501
"species_4_contemp_ice_extrap_only",103.621254240752,0.839085876941681
"species_4_contemp_ice_extrap_only",103.870783425069,0.840018093585968
"species_4_contemp_ice_extrap_only",104.120312609387,0.840953588485718
"species_4_contemp_ice_extrap_only",104.369841793704,0.841892242431641
"species_4_contemp_ice_extrap_only",104.619370978022,0.842205822467804
"species_4_contemp_ice_extrap_only",104.86890016234,0.842205822467804
"species_4_contemp_ice_extrap_only",105.118429346657,0.842205822467804
"species_4_contemp_ice_extrap_only",105.367958530975,0.842205822467804
"species_4_contemp_ice_extrap_only",105.617487715292,0.842205822467804
"species_4_contemp_ice_extrap_only",105.86701689961,0.842205822467804
"species_4_contemp_ice_extrap_only",106.116546083928,0.842205822467804
"species_4_contemp_ice_extrap_only",106.366075268245,0.842205822467804
"species_4_contemp_ice_extrap_only",106.615604452563,0.842205822467804
"species_4_contemp_ice_extrap_only",106.86513363688,0.842205822467804
"species_4_contemp_ice_extrap_only",107.114662821198,0.842205822467804
"species_4_contemp_ice_extrap_only",107.364192005516,0.842205822467804
"species_4_contemp_ice_extrap_only",107.613721189833,0.842205822467804
"species_4_contemp_ice_extrap_only",107.863250374151,0.842205822467804
"species_4_contemp_ice_extrap_only",108.112779558468,0.842205822467804
"species_4_contemp_ice_extrap_only",108.362308742786,0.842205822467804
"species_4_contemp_ice_extrap_only",108.611837927104,0.842205822467804
"species_4_contemp_ice_extrap_only",108.861367111421,0.842205822467804
"species_4_contemp_ice_extrap_only",109.110896295739,0.842205822467804
"species_4_contemp_ice_extrap_only",109.360425480056,0.842205822467804
"species_4_contemp_ice_extrap_only",109.609954664374,0.842205822467804
"species_4_contemp_ice_extrap_only",109.859483848691,0.842205822467804
"species_4_contemp_ice_extrap_only",110.109013033009,0.842205822467804
"species_4_contemp_ice_extrap_only",110.358542217327,0.842205822467804
"species_4_contemp_ice_extrap_only",110.608071401644,0.842205822467804
"species_4_contemp_ice_extrap_only",110.857600585962,0.842205822467804
"species_4_contemp_ice_extrap_only",111.107129770279,0.842205822467804
"species_4_contemp_ice_extrap_only",111.356658954597,0.842205822467804
"species_4_contemp_ice_extrap_only",111.606188138915,0.842205822467804
"species_4_contemp_ice_extrap_only",111.855717323232,0.842205822467804
"species_4_contemp_ice_extrap_only",112.10524650755,0.842205822467804
"species_4_contemp_ice_extrap_only",112.354775691867,0.842205822467804
"species_4_contemp_ice_extrap_only",112.604304876185,0.842205822467804
"species_4_contemp_ice_extrap_only",112.853834060503,0.842205822467804
"species_4_contemp_ice_extrap_only",113.10336324482,0.842205822467804
"species_4_contemp_ice_extrap_only",113.352892429138,0.842205822467804
"species_4_contemp_ice_extrap_only",113.602421613455,0.842205822467804
"species_4_contemp_ice_extrap_only",113.851950797773,0.842205822467804
"species_4_contemp_ice_extrap_only",114.10147998209,0.842205822467804
"species_4_contemp_ice_extrap_only",114.351009166408,0.842205822467804
"species_4_contemp_ice_extrap_only",114.600538350726,0.842205822467804
"species_4_contemp_ice_extrap_only",114.850067535043,0.842205822467804
"species_4_contemp_ice_extrap",-9.91452462375168,0.0184344314038754
"species_4_contemp_ice_extrap",-9.6649954394341,0.0184344314038754
"species_4_contemp_ice_extrap",-9.41546625511651,0.0184344314038754
"species_4_contemp_ice_extrap",-9.16593707079892,0.0184344314038754
"species_4_contemp_ice_extrap",-8.91640788648133,0.0184344314038754
"species_4_contemp_ice_extrap",-8.66687870216374,0.0184344314038754
"species_4_contemp_ice_extrap",-8.41734951784615,0.0184344314038754
"species_4_contemp_ice_extrap",-8.16782033352856,0.0184344314038754
"species_4_contemp_ice_extrap",-7.91829114921097,0.0184344314038754
"species_4_contemp_ice_extrap",-7.66876196489338,0.0184344314038754
"species_4_contemp_ice_extrap",-7.41923278057579,0.0184344314038754
"species_4_contemp_ice_extrap",-7.1697035962582,0.0184344314038754
"species_4_contemp_ice_extrap",-6.92017441194061,0.0184344314038754
"species_4_contemp_ice_extrap",-6.67064522762302,0.0184344314038754
"species_4_contemp_ice_extrap",-6.42111604330543,0.0184344314038754
"species_4_contemp_ice_extrap",-6.17158685898784,0.0184344314038754
"species_4_contemp_ice_extrap",-5.92205767467025,0.0184344314038754
"species_4_contemp_ice_extrap",-5.67252849035266,0.0184344314038754
"species_4_contemp_ice_extrap",-5.42299930603507,0.0184344314038754
"species_4_contemp_ice_extrap",-5.17347012171748,0.0184344314038754
"species_4_contemp_ice_extrap",-4.92394093739989,0.0184344314038754
"species_4_contemp_ice_extrap",-4.6744117530823,0.0184344314038754
"species_4_contemp_ice_extrap",-4.42488256876471,0.0184344314038754
"species_4_contemp_ice_extrap",-4.17535338444712,0.0184344314038754
"species_4_contemp_ice_extrap",-3.92582420012953,0.0184344314038754
"species_4_contemp_ice_extrap",-3.67629501581194,0.0184344314038754
"species_4_contemp_ice_extrap",-3.42676583149435,0.0184344314038754
"species_4_contemp_ice_extrap",-3.17723664717676,0.0184344314038754
"species_4_contemp_ice_extrap",-2.92770746285917,0.0184344314038754
"species_4_contemp_ice_extrap",-2.67817827854158,0.0184344314038754
"species_4_contemp_ice_extrap",-2.42864909422399,0.0184344314038754
"species_4_contemp_ice_extrap",-2.1791199099064,0.0184344314038754
"species_4_contemp_ice_extrap",-1.92959072558881,0.0184344314038754
"species_4_contemp_ice_extrap",-1.68006154127122,0.0184344314038754
"species_4_contemp_ice_extrap",-1.43053235695363,0.0184344314038754
"species_4_contemp_ice_extrap",-1.18100317263604,0.0184344314038754
"species_4_contemp_ice_extrap",-0.93147398831845,0.0184344314038754
"species_4_contemp_ice_extrap",-0.68194480400086,0.0184344314038754
"species_4_contemp_ice_extrap",-0.432415619683269,0.0184344314038754
"species_4_contemp_ice_extrap",-0.182886435365679,0.0184344314038754
"species_4_contemp_ice_extrap",0.0666427489519101,0.0184344314038754
"species_4_contemp_ice_extrap",0.3161719332695,0.0184344314038754
"species_4_contemp_ice_extrap",0.565701117587089,0.0184876173734665
"species_4_contemp_ice_extrap",0.81523030190468,0.0186484046280384
"species_4_contemp_ice_extrap",1.06475948622227,0.018811060115695
"species_4_contemp_ice_extrap",1.31428867053986,0.0189756061881781
"species_4_contemp_ice_extrap",1.56381785485745,0.0191420670598745
"species_4_contemp_ice_extrap",1.81334703917504,0.0193104688078165
"species_4_contemp_ice_extrap",2.06287622349263,0.0194808337837458
"species_4_contemp_ice_extrap",2.31240540781022,0.0196531899273396
"species_4_contemp_ice_extrap",2.56193459212781,0.01982756331563
"species_4_contemp_ice_extrap",2.8114637764454,0.0200039763003588
"species_4_contemp_ice_extrap",3.06099296076299,0.0201824586838484
"species_4_contemp_ice_extrap",3.31052214508058,0.0203630346804857
"species_4_contemp_ice_extrap",3.56005132939817,0.0205457340925932
"species_4_contemp_ice_extrap",3.80958051371576,0.0207305811345577
"species_4_contemp_ice_extrap",4.05910969803335,0.0209176074713469
"species_4_contemp_ice_extrap",4.30863888235094,0.0211068391799927
"species_4_contemp_ice_extrap",4.55816806666853,0.0212983042001724
"species_4_contemp_ice_extrap",4.80769725098612,0.0214920323342085
"species_4_contemp_ice_extrap",5.05722643530371,0.0216880533844233
"species_4_contemp_ice_extrap",5.3067556196213,0.0218863971531391
"species_4_contemp_ice_extrap",5.55628480393889,0.0220870953053236
"species_4_contemp_ice_extrap",5.80581398825648,0.0222901739180088
"species_4_contemp_ice_extrap",6.05534317257407,0.0224956702440977
"species_4_contemp_ice_extrap",6.30487235689166,0.0227036103606224
"species_4_contemp_ice_extrap",6.55440154120925,0.0229140296578407
"species_4_contemp_ice_extrap",6.80393072552684,0.0231269579380751
"species_4_contemp_ice_extrap",7.05345990984443,0.0233424324542284
"species_4_contemp_ice_extrap",7.30298909416202,0.023560481145978
"species_4_contemp_ice_extrap",7.55251827847961,0.0237811412662268
"species_4_contemp_ice_extrap",7.80204746279719,0.0240044463425875
"species_4_contemp_ice_extrap",8.05157664711479,0.0242304299026728
"species_4_contemp_ice_extrap",8.30110583143238,0.0244591291993856
"species_4_contemp_ice_extrap",8.55063501574996,0.0246905796229839
"species_4_contemp_ice_extrap",8.80016420006756,0.0249248147010803
"species_4_contemp_ice_extrap",9.04969338438515,0.0251618735492229
"species_4_contemp_ice_extrap",9.29922256870274,0.0254017934203148
"species_4_contemp_ice_extrap",9.54875175302033,0.0256446115672588
"species_4_contemp_ice_extrap",9.79828093733791,0.0258903671056032
"species_4_contemp_ice_extrap",10.0478101216555,0.0261390972882509
"species_4_contemp_ice_extrap",10.2973393059731,0.0263908412307501
"species_4_contemp_ice_extrap",10.5468684902907,0.026645639911294
"species_4_contemp_ice_extrap",10.7963976746083,0.0269035324454308
"species_4_contemp_ice_extrap",11.0459268589259,0.027164563536644
"species_4_contemp_ice_extrap",11.2954560432435,0.0274287704378366
"species_4_contemp_ice_extrap",11.544985227561,0.0276961959898472
"species_4_contemp_ice_extrap",11.7945144118786,0.0279668848961592
"species_4_contemp_ice_extrap",12.0440435961962,0.0282408781349659
"species_4_contemp_ice_extrap",12.2935727805138,0.0285182222723961
"species_4_contemp_ice_extrap",12.5431019648314,0.0287989601492882
"species_4_contemp_ice_extrap",12.792631149149,0.0290831364691257
"species_4_contemp_ice_extrap",13.0421603334666,0.0293707959353924
"species_4_contemp_ice_extrap",13.2916895177842,0.0296619888395071
"species_4_contemp_ice_extrap",13.5412187021018,0.0299567580223083
"species_4_contemp_ice_extrap",13.7907478864194,0.03025515191257
"species_4_contemp_ice_extrap",14.0402770707369,0.0305572226643562
"species_4_contemp_ice_extrap",14.2898062550545,0.0308630149811506
"species_4_contemp_ice_extrap",14.5393354393721,0.0311725791543722
"species_4_contemp_ice_extrap",14.7888646236897,0.0314859673380852
"species_4_contemp_ice_extrap",15.0383938080073,0.0318032279610634
"species_4_contemp_ice_extrap",15.2879229923249,0.0321244113147259
"species_4_contemp_ice_extrap",15.5374521766425,0.0324495770037174
"species_4_contemp_ice_extrap",15.7869813609601,0.0327787734568119
"species_4_contemp_ice_extrap",16.0365105452777,0.0331120528280735
"species_4_contemp_ice_extrap",16.2860397295953,0.0334494709968567
"species_4_contemp_ice_extrap",16.5355689139128,0.0337910838425159
"species_4_contemp_ice_extrap",16.7850980982304,0.034136950969696
"species_4_contemp_ice_extrap",17.034627282548,0.0344871245324612
"species_4_contemp_ice_extrap",17.2841564668656,0.0348416604101658
"species_4_contemp_ice_extrap",17.5336856511832,0.035200621932745
"species_4_contemp_ice_extrap",17.7832148355008,0.0355640649795532
"species_4_contemp_ice_extrap",18.0327440198184,0.0359320528805256
"species_4_contemp_ice_extrap",18.282273204136,0.0363046415150166
"species_4_contemp_ice_extrap",18.5318023884536,0.0366818979382515
"species_4_contemp_ice_extrap",18.7813315727712,0.0370638817548752
"species_4_contemp_ice_extrap",19.0308607570887,0.0374506562948227
"species_4_contemp_ice_extrap",19.2803899414063,0.0378422848880291
"species_4_contemp_ice_extrap",19.5299191257239,0.0382388308644295
"species_4_contemp_ice_extrap",19.7794483100415,0.0386403650045395
"species_4_contemp_ice_extrap",20.0289774943591,0.0390469543635845
"species_4_contemp_ice_extrap",20.2785066786767,0.0394586585462093
"species_4_contemp_ice_extrap",20.5280358629943,0.0398755557835102
"species_4_contemp_ice_extrap",20.7775650473119,0.0402977094054222
"species_4_contemp_ice_extrap",21.0270942316295,0.040725190192461
"species_4_contemp_ice_extrap",21.276623415947,0.0411580726504326
"species_4_contemp_ice_extrap",21.5261526002646,0.0415964238345623
"species_4_contemp_ice_extrap",21.7756817845822,0.0420403257012367
"species_4_contemp_ice_extrap",22.0252109688998,0.0424898415803909
"species_4_contemp_ice_extrap",22.2747401532174,0.0429450534284115
"species_4_contemp_ice_extrap",22.524269337535,0.0434060357511044
"species_4_contemp_ice_extrap",22.7737985218526,0.0438728667795658
"species_4_contemp_ice_extrap",23.0233277061702,0.0443456210196018
"species_4_contemp_ice_extrap",23.2728568904878,0.0448243841528893
"species_4_contemp_ice_extrap",23.5223860748054,0.0453092306852341
"species_4_contemp_ice_extrap",23.771915259123,0.0458002425730228
"species_4_contemp_ice_extrap",24.0214444434405,0.0462975017726421
"species_4_contemp_ice_extrap",24.2709736277581,0.0468010939657688
"species_4_contemp_ice_extrap",24.5205028120757,0.0473111011087894
"species_4_contemp_ice_extrap",24.7700319963933,0.0478276126086712
"species_4_contemp_ice_extrap",25.0195611807109,0.0483507104218006
"species_4_contemp_ice_extrap",25.2690903650285,0.0488804802298546
"species_4_contemp_ice_extrap",25.5186195493461,0.0494170151650906
"species_4_contemp_ice_extrap",25.7681487336637,0.049960408359766
"species_4_contemp_ice_extrap",26.0176779179813,0.0505107417702675
"species_4_contemp_ice_extrap",26.2672071022988,0.0510681159794331
"species_4_contemp_ice_extrap",26.5167362866164,0.0516326241195202
"species_4_contemp_ice_extrap",26.766265470934,0.0522043518722057
"species_4_contemp_ice_extrap",27.0157946552516,0.0527833998203278
"species_4_contemp_ice_extrap",27.2653238395692,0.053369864821434
"species_4_contemp_ice_extrap",27.5148530238868,0.0539638474583626
"species_4_contemp_ice_extrap",27.7643822082044,0.0545654445886612
"species_4_contemp_ice_extrap",28.013911392522,0.0551747605204582
"species_4_contemp_ice_extrap",28.2634405768396,0.0557918883860111
"species_4_contemp_ice_extrap",28.5129697611572,0.0564169324934483
"species_4_contemp_ice_extrap",28.7624989454747,0.0570500046014786
"species_4_contemp_ice_extrap",29.0120281297923,0.0576912052929401
"species_4_contemp_ice_extrap",29.2615573141099,0.0583406388759613
"species_4_contemp_ice_extrap",29.5110864984275,0.0589984245598316
"species_4_contemp_ice_extrap",29.7606156827451,0.0596646554768085
"species_4_contemp_ice_extrap",30.0101448670627,0.0603394471108913
"species_4_contemp_ice_extrap",30.2596740513803,0.0610229186713696
"species_4_contemp_ice_extrap",30.5092032356979,0.0617151744663715
"species_4_contemp_ice_extrap",30.7587324200155,0.0624163337051869
"species_4_contemp_ice_extrap",31.008261604333,0.0631265118718147
"species_4_contemp_ice_extrap",31.2577907886506,0.0638458281755447
"species_4_contemp_ice_extrap",31.5073199729682,0.0645743906497955
"species_4_contemp_ice_extrap",31.7568491572858,0.0653123259544373
"species_4_contemp_ice_extrap",32.0063783416034,0.0660597607493401
"species_4_contemp_ice_extrap",32.255907525921,0.0668168067932129
"species_4_contemp_ice_extrap",32.5054367102386,0.0675835907459259
"species_4_contemp_ice_extrap",32.7549658945562,0.0683602467179298
"species_4_contemp_ice_extrap",33.0044950788738,0.0691468864679337
"species_4_contemp_ice_extrap",33.2540242631914,0.0699436515569687
"species_4_contemp_ice_extrap",33.503553447509,0.0707506611943245
"species_4_contemp_ice_extrap",33.7530826318265,0.0715680494904518
"species_4_contemp_ice_extrap",34.0026118161441,0.0723959505558014
"species_4_contemp_ice_extrap",34.2521410004617,0.0732344835996628
"species_4_contemp_ice_extrap",34.5016701847793,0.0740838125348091
"species_4_contemp_ice_extrap",34.7511993690969,0.0749440416693687
"species_4_contemp_ice_extrap",35.0007285534145,0.0758153349161148
"species_4_contemp_ice_extrap",35.2502577377321,0.0766978114843369
"species_4_contemp_ice_extrap",35.4997869220497,0.0775916129350662
"species_4_contemp_ice_extrap",35.7493161063673,0.078496903181076
"species_4_contemp_ice_extrap",35.9988452906849,0.0794137865304947
"species_4_contemp_ice_extrap",36.2483744750024,0.0803424492478371
"species_4_contemp_ice_extrap",36.49790365932,0.0812830030918121
"species_4_contemp_ice_extrap",36.7474328436376,0.0822356268763542
"species_4_contemp_ice_extrap",36.9969620279552,0.0832004472613335
"species_4_contemp_ice_extrap",37.2464912122728,0.0841776058077812
"species_4_contemp_ice_extrap",37.4960203965904,0.0851672813296318
"species_4_contemp_ice_extrap",37.745549580908,0.0861695930361748
"species_4_contemp_ice_extrap",37.9950787652256,0.087184727191925
"species_4_contemp_ice_extrap",38.2446079495432,0.0882128328084946
"species_4_contemp_ice_extrap",38.4941371338607,0.0892540365457535
"species_4_contemp_ice_extrap",38.7436663181783,0.0903085395693779
"species_4_contemp_ice_extrap",38.9931955024959,0.0913764536380768
"species_4_contemp_ice_extrap",39.2427246868135,0.0924579948186874
"species_4_contemp_ice_extrap",39.4922538711311,0.0935532674193382
"species_4_contemp_ice_extrap",39.7417830554487,0.0946624875068665
"species_4_contemp_ice_extrap",39.9913122397663,0.0957857891917229
"species_4_contemp_ice_extrap",40.2408414240839,0.0969233289361
"species_4_contemp_ice_extrap",40.4903706084015,0.0980753004550934
"species_4_contemp_ice_extrap",40.7398997927191,0.0992418453097343
"species_4_contemp_ice_extrap",40.9894289770367,0.100423164665699
"species_4_contemp_ice_extrap",41.2389581613542,0.101619392633438
"species_4_contemp_ice_extrap",41.4884873456718,0.102830730378628
"species_4_contemp_ice_extrap",41.7380165299894,0.104057341814041
"species_4_contemp_ice_extrap",41.987545714307,0.10529937595129
"species_4_contemp_ice_extrap",42.2370748986246,0.106557048857212
"species_4_contemp_ice_extrap",42.4866040829422,0.107830494642258
"species_4_contemp_ice_extrap",42.7361332672598,0.109119929373264
"species_4_contemp_ice_extrap",42.9856624515774,0.110425494611263
"species_4_contemp_ice_extrap",43.235191635895,0.111747406423092
"species_4_contemp_ice_extrap",43.4847208202125,0.113085821270943
"species_4_contemp_ice_extrap",43.7342500045301,0.114440895617008
"species_4_contemp_ice_extrap",43.9837791888477,0.115812867879868
"species_4_contemp_ice_extrap",44.2333083731653,0.11720185726881
"species_4_contemp_ice_extrap",44.4828375574829,0.118608109652996
"species_4_contemp_ice_extrap",44.7323667418005,0.120031766593456
"species_4_contemp_ice_extrap",44.9818959261181,0.121473006904125
"species_4_contemp_ice_extrap",45.2314251104357,0.12293204665184
"species_4_contemp_ice_extrap",45.4809542947533,0.124409027397633
"species_4_contemp_ice_extrap",45.7304834790709,0.125904187560081
"species_4_contemp_ice_extrap",45.9800126633885,0.127417668700218
"species_4_contemp_ice_extrap",46.229541847706,0.12894968688488
"species_4_contemp_ice_extrap",46.4790710320236,0.130500435829163
"species_4_contemp_ice_extrap",46.7286002163412,0.132070049643517
"species_4_contemp_ice_extrap",46.9781294006588,0.133658766746521
"species_4_contemp_ice_extrap",47.2276585849764,0.135266736149788
"species_4_contemp_ice_extrap",47.477187769294,0.136894181370735
"species_4_contemp_ice_extrap",47.7267169536116,0.138541266322136
"species_4_contemp_ice_extrap",47.9762461379292,0.140208199620247
"species_4_contemp_ice_extrap",48.2257753222468,0.141895160079002
"species_4_contemp_ice_extrap",48.4753045065643,0.143602296710014
"species_4_contemp_ice_extrap",48.7248336908819,0.145329862833023
"species_4_contemp_ice_extrap",48.9743628751995,0.147077977657318
"species_4_contemp_ice_extrap",49.2238920595171,0.148846879601479
"species_4_contemp_ice_extrap",49.4734212438347,0.150636747479439
"species_4_contemp_ice_extrap",49.7229504281523,0.152447715401649
"species_4_contemp_ice_extrap",49.9724796124699,0.154280036687851
"species_4_contemp_ice_extrap",50.2220087967875,0.156133830547333
"species_4_contemp_ice_extrap",50.4715379811051,0.158009335398674
"species_4_contemp_ice_extrap",50.7210671654227,0.159906685352325
"species_4_contemp_ice_extrap",50.9705963497402,0.161826103925705
"species_4_contemp_ice_extrap",51.2201255340578,0.163767740130424
"species_4_contemp_ice_extrap",51.4696547183754,0.165731757879257
"species_4_contemp_ice_extrap",51.719183902693,0.167718380689621
"species_4_contemp_ice_extrap",51.9687130870106,0.169727727770805
"species_4_contemp_ice_extrap",52.2182422713282,0.171760022640228
"species_4_contemp_ice_extrap",52.4677714556458,0.173815384507179
"species_4_contemp_ice_extrap",52.7173006399634,0.175894051790237
"species_4_contemp_ice_extrap",52.966829824281,0.177996143698692
"species_4_contemp_ice_extrap",53.2163590085986,0.180121794342995
"species_4_contemp_ice_extrap",53.4658881929161,0.182271227240562
"species_4_contemp_ice_extrap",53.7154173772337,0.184444561600685
"species_4_contemp_ice_extrap",53.9649465615513,0.186641991138458
"species_4_contemp_ice_extrap",54.2144757458689,0.188863664865494
"species_4_contemp_ice_extrap",54.4640049301865,0.191109672188759
"species_4_contemp_ice_extrap",54.7135341145041,0.193380251526833
"species_4_contemp_ice_extrap",54.9630632988217,0.19567546248436
"species_4_contemp_ice_extrap",55.2125924831393,0.197995543479919
"species_4_contemp_ice_extrap",55.4621216674569,0.200340524315834
"species_4_contemp_ice_extrap",55.7116508517745,0.202710658311844
"species_4_contemp_ice_extrap",55.961180036092,0.205106005072594
"species_4_contemp_ice_extrap",56.2107092204096,0.207526654005051
"species_4_contemp_ice_extrap",56.4602384047272,0.209972828626633
"species_4_contemp_ice_extrap",56.7097675890448,0.212444573640823
"species_4_contemp_ice_extrap",56.9592967733624,0.214942052960396
"species_4_contemp_ice_extrap",57.20882595768,0.217465311288834
"species_4_contemp_ice_extrap",57.4583551419976,0.220014542341232
"species_4_contemp_ice_extrap",57.7078843263152,0.222589805722237
"species_4_contemp_ice_extrap",57.9574135106328,0.22519114613533
"species_4_contemp_ice_extrap",58.2069426949503,0.227818742394447
"species_4_contemp_ice_extrap",58.4564718792679,0.230472594499588
"species_4_contemp_ice_extrap",58.7060010635855,0.233152881264687
"species_4_contemp_ice_extrap",58.9555302479031,0.235859617590904
"species_4_contemp_ice_extrap",59.2050594322207,0.238592833280563
"species_4_contemp_ice_extrap",59.4545886165383,0.241352677345276
"species_4_contemp_ice_extrap",59.7041178008559,0.244139119982719
"species_4_contemp_ice_extrap",59.9536469851735,0.246952295303345
"species_4_contemp_ice_extrap",60.2031761694911,0.249792158603668
"species_4_contemp_ice_extrap",60.4527053538087,0.252658843994141
"species_4_contemp_ice_extrap",60.7022345381262,0.25555232167244
"species_4_contemp_ice_extrap",60.9517637224438,0.258472561836243
"species_4_contemp_ice_extrap",61.2012929067614,0.261419713497162
"species_4_contemp_ice_extrap",61.450822091079,0.264393657445908
"species_4_contemp_ice_extrap",61.7003512753966,0.267394483089447
"species_4_contemp_ice_extrap",61.9498804597142,0.270422071218491
"species_4_contemp_ice_extrap",62.1994096440318,0.27347657084465
"species_4_contemp_ice_extrap",62.4489388283494,0.276557832956314
"species_4_contemp_ice_extrap",62.698468012667,0.27966582775116
"species_4_contemp_ice_extrap",62.9479971969846,0.282800555229187
"species_4_contemp_ice_extrap",63.1975263813021,0.285961955785751
"species_4_contemp_ice_extrap",63.4470555656197,0.289149969816208
"species_4_contemp_ice_extrap",63.6965847499373,0.292364537715912
"species_4_contemp_ice_extrap",63.9461139342549,0.295605540275574
"species_4_contemp_ice_extrap",64.1956431185725,0.298872917890549
"species_4_contemp_ice_extrap",64.4451723028901,0.302166670560837
"species_4_contemp_ice_extrap",64.6947014872077,0.305486500263214
"species_4_contemp_ice_extrap",64.9442306715253,0.308832406997681
"species_4_contemp_ice_extrap",65.1937598558429,0.312204241752625
"species_4_contemp_ice_extrap",65.4432890401605,0.315601974725723
"species_4_contemp_ice_extrap",65.692818224478,0.319025278091431
"species_4_contemp_ice_extrap",65.9423474087956,0.32247406244278
"species_4_contemp_ice_extrap",66.1918765931132,0.325948297977448
"species_4_contemp_ice_extrap",66.4414057774308,0.329447597265244
"species_4_contemp_ice_extrap",66.6909349617484,0.3329718708992
"species_4_contemp_ice_extrap",66.940464146066,0.336520999670029
"species_4_contemp_ice_extrap",67.1899933303836,0.34009462594986
"species_4_contemp_ice_extrap",67.4395225147012,0.343692570924759
"species_4_contemp_ice_extrap",67.6890516990188,0.34731462597847
"species_4_contemp_ice_extrap",67.9385808833364,0.350960671901703
"species_4_contemp_ice_extrap",68.188110067654,0.354630261659622
"species_4_contemp_ice_extrap",68.4376392519715,0.358323186635971
"species_4_contemp_ice_extrap",68.6871684362891,0.362039297819138
"species_4_contemp_ice_extrap",68.9366976206067,0.365778088569641
"species_4_contemp_ice_extrap",69.1862268049243,0.36953940987587
"species_4_contemp_ice_extrap",69.4357559892419,0.373322904109955
"species_4_contemp_ice_extrap",69.6852851735595,0.377128392457962
"species_4_contemp_ice_extrap",69.9348143578771,0.380955308675766
"species_4_contemp_ice_extrap",70.1843435421947,0.384803414344788
"species_4_contemp_ice_extrap",70.4338727265122,0.388672471046448
"species_4_contemp_ice_extrap",70.6834019108298,0.392561912536621
"species_4_contemp_ice_extrap",70.9329310951474,0.396471440792084
"species_4_contemp_ice_extrap",71.182460279465,0.400400698184967
"species_4_contemp_ice_extrap",71.4319894637826,0.404349386692047
"species_4_contemp_ice_extrap",71.6815186481002,0.408316850662231
"species_4_contemp_ice_extrap",71.9310478324178,0.412302821874618
"species_4_contemp_ice_extrap",72.1805770167354,0.416306972503662
"species_4_contemp_ice_extrap",72.430106201053,0.420328617095947
"species_4_contemp_ice_extrap",72.6796353853706,0.424367398023605
"species_4_contemp_ice_extrap",72.9291645696882,0.428422898054123
"species_4_contemp_ice_extrap",73.1786937540057,0.432494759559631
"species_4_contemp_ice_extrap",73.4282229383233,0.436582237482071
"species_4_contemp_ice_extrap",73.6777521226409,0.440684944391251
"species_4_contemp_ice_extrap",73.9272813069585,0.444802552461624
"species_4_contemp_ice_extrap",74.1768104912761,0.448934257030487
"species_4_contemp_ice_extrap",74.4263396755937,0.453079670667648
"species_4_contemp_ice_extrap",74.6758688599113,0.457238256931305
"species_4_contemp_ice_extrap",74.9253980442289,0.461409628391266
"species_4_contemp_ice_extrap",75.1749272285465,0.465592950582504
"species_4_contemp_ice_extrap",75.424456412864,0.469787806272507
"species_4_contemp_ice_extrap",75.6739855971816,0.473993748426437
"species_4_contemp_ice_extrap",75.9235147814992,0.478209942579269
"species_4_contemp_ice_extrap",76.1730439658168,0.482435971498489
"species_4_contemp_ice_extrap",76.4225731501344,0.486671358346939
"species_4_contemp_ice_extrap",76.672102334452,0.490915209054947
"species_4_contemp_ice_extrap",76.9216315187696,0.495167106389999
"species_4_contemp_ice_extrap",77.1711607030872,0.499426394701004
"species_4_contemp_ice_extrap",77.4206898874048,0.503692626953125
"species_4_contemp_ice_extrap",77.6702190717224,0.507964909076691
"species_4_contemp_ice_extrap",77.91974825604,0.51224273443222
"species_4_contemp_ice_extrap",78.1692774403575,0.516525566577911
"species_4_contemp_ice_extrap",78.4188066246751,0.520812571048737
"species_4_contemp_ice_extrap",78.6683358089927,0.525103151798248
"species_4_contemp_ice_extrap",78.9178649933103,0.529396772384644
"species_4_contemp_ice_extrap",79.1673941776279,0.533692836761475
"species_4_contemp_ice_extrap",79.4169233619455,0.537990510463715
"species_4_contemp_ice_extrap",79.6664525462631,0.542289137840271
"species_4_contemp_ice_extrap",79.9159817305807,0.54658830165863
"species_4_contemp_ice_extrap",80.1655109148982,0.550886988639832
"species_4_contemp_ice_extrap",80.4150400992158,0.555184781551361
"species_4_contemp_ice_extrap",80.6645692835334,0.559480905532837
"species_4_contemp_ice_extrap",80.914098467851,0.563774883747101
"species_4_contemp_ice_extrap",81.1636276521686,0.568065762519836
"species_4_contemp_ice_extrap",81.4131568364862,0.572353065013885
"species_4_contemp_ice_extrap",81.6626860208038,0.5766361951828
"species_4_contemp_ice_extrap",81.9122152051214,0.580914199352264
"species_4_contemp_ice_extrap",82.161744389439,0.585186660289764
"species_4_contemp_ice_extrap",82.4112735737566,0.589452803134918
"species_4_contemp_ice_extrap",82.6608027580742,0.593712151050568
"species_4_contemp_ice_extrap",82.9103319423917,0.597963750362396
"species_4_contemp_ice_extrap",83.1598611267093,0.602207124233246
"species_4_contemp_ice_extrap",83.4093903110269,0.606441736221313
"species_4_contemp_ice_extrap",83.6589194953445,0.610666632652283
"species_4_contemp_ice_extrap",83.9084486796621,0.614881336688995
"species_4_contemp_ice_extrap",84.1579778639797,0.619085252285004
"species_4_contemp_ice_extrap",84.4075070482973,0.62327778339386
"species_4_contemp_ice_extrap",84.6570362326149,0.627458095550537
"species_4_contemp_ice_extrap",84.9065654169325,0.631625652313232
"species_4_contemp_ice_extrap",85.1560946012501,0.635780036449432
"species_4_contemp_ice_extrap",85.4056237855676,0.63992029428482
"species_4_contemp_ice_extrap",85.6551529698852,0.644046068191528
"species_4_contemp_ice_extrap",85.9046821542028,0.648156642913818
"species_4_contemp_ice_extrap",86.1542113385204,0.652251541614532
"species_4_contemp_ice_extrap",86.403740522838,0.656330049037933
"species_4_contemp_ice_extrap",86.6532697071556,0.660391628742218
"species_4_contemp_ice_extrap",86.9027988914732,0.664435863494873
"species_4_contemp_ice_extrap",87.1523280757908,0.668461918830872
"species_4_contemp_ice_extrap",87.4018572601084,0.672469437122345
"species_4_contemp_ice_extrap",87.651386444426,0.676457941532135
"species_4_contemp_ice_extrap",87.9009156287435,0.68042665719986
"species_4_contemp_ice_extrap",88.1504448130611,0.68437522649765
"species_4_contemp_ice_extrap",88.3999739973787,0.688303112983704
"species_4_contemp_ice_extrap",88.6495031816963,0.692209959030151
"species_4_contemp_ice_extrap",88.8990323660139,0.696094989776611
"species_4_contemp_ice_extrap",89.1485615503315,0.699957847595215
"species_4_contemp_ice_extrap",89.3980907346491,0.70156317949295
"species_4_contemp_ice_extrap",89.6476199189667,0.702380895614624
"species_4_contemp_ice_extrap",89.8971491032843,0.703202903270721
"species_4_contemp_ice_extrap",90.1466782876018,0.704029142856598
"species_4_contemp_ice_extrap",90.3962074719194,0.704859733581543
"species_4_contemp_ice_extrap",90.645736656237,0.705694437026978
"species_4_contemp_ice_extrap",90.8952658405546,0.706533372402191
"species_4_contemp_ice_extrap",91.1447950248722,0.707376480102539
"species_4_contemp_ice_extrap",91.3943242091898,0.708223700523376
"species_4_contemp_ice_extrap",91.6438533935074,0.709075033664703
"species_4_contemp_ice_extrap",91.893382577825,0.70993036031723
"species_4_contemp_ice_extrap",92.1429117621426,0.710789799690247
"species_4_contemp_ice_extrap",92.3924409464602,0.711653232574463
"species_4_contemp_ice_extrap",92.6419701307778,0.71252053976059
"species_4_contemp_ice_extrap",92.8914993150953,0.713391900062561
"species_4_contemp_ice_extrap",93.1410284994129,0.714267075061798
"species_4_contemp_ice_extrap",93.3905576837305,0.715146124362946
"species_4_contemp_ice_extrap",93.6400868680481,0.716028988361359
"species_4_contemp_ice_extrap",93.8896160523657,0.716915726661682
"species_4_contemp_ice_extrap",94.1391452366833,0.717806160449982
"species_4_contemp_ice_extrap",94.3886744210009,0.718700289726257
"species_4_contemp_ice_extrap",94.6382036053185,0.719598174095154
"species_4_contemp_ice_extrap",94.8877327896361,0.720499694347382
"species_4_contemp_ice_extrap",95.1372619739537,0.721404790878296
"species_4_contemp_ice_extrap",95.3867911582712,0.722313523292542
"species_4_contemp_ice_extrap",95.6363203425888,0.723225772380829
"species_4_contemp_ice_extrap",95.8858495269064,0.724141538143158
"species_4_contemp_ice_extrap",96.135378711224,0.725060820579529
"species_4_contemp_ice_extrap",96.3849078955416,0.725983500480652
"species_4_contemp_ice_extrap",96.6344370798592,0.726909577846527
"species_4_contemp_ice_extrap",96.8839662641768,0.72783899307251
"species_4_contemp_ice_extrap",97.1334954484944,0.728771805763245
"species_4_contemp_ice_extrap",97.383024632812,0.729707837104797
"species_4_contemp_ice_extrap",97.6325538171296,0.730647146701813
"species_4_contemp_ice_extrap",97.8820830014471,0.731589615345001
"species_4_contemp_ice_extrap",98.1316121857647,0.732535302639008
"species_4_contemp_ice_extrap",98.3811413700823,0.733484089374542
"species_4_contemp_ice_extrap",98.6306705543999,0.734435975551605
"species_4_contemp_ice_extrap",98.8801997387175,0.735390961170197
"species_4_contemp_ice_extrap",99.1297289230351,0.736348927021027
"species_4_contemp_ice_extrap",99.3792581073527,0.737309813499451
"species_4_contemp_ice_extrap",99.6287872916703,0.738273680210114
"species_4_contemp_ice_extrap",99.8783164759879,0.73924046754837
"species_4_contemp_ice_extrap",100.127845660305,0.740210056304932
"species_4_contemp_ice_extrap",100.377374844623,0.741182446479797
"species_4_contemp_ice_extrap",100.626904028941,0.742157638072968
"species_4_contemp_ice_extrap",100.876433213258,0.743135511875153
"species_4_contemp_ice_extrap",101.125962397576,0.744116067886353
"species_4_contemp_ice_extrap",101.375491581893,0.745099246501923
"species_4_contemp_ice_extrap",101.625020766211,0.746085107326508
"species_4_contemp_ice_extrap",101.874549950529,0.747073471546173
"species_4_contemp_ice_extrap",102.124079134846,0.748064279556274
"species_4_contemp_ice_extrap",102.373608319164,0.749057650566101
"species_4_contemp_ice_extrap",102.623137503481,0.750053405761719
"species_4_contemp_ice_extrap",102.872666687799,0.751051545143127
"species_4_contemp_ice_extrap",103.122195872117,0.752052068710327
"species_4_contemp_ice_extrap",103.371725056434,0.753054857254028
"species_4_contemp_ice_extrap",103.621254240752,0.754059851169586
"species_4_contemp_ice_extrap",103.870783425069,0.755067110061646
"species_4_contemp_ice_extrap",104.120312609387,0.756076514720917
"species_4_contemp_ice_extrap",104.369841793704,0.757088005542755
"species_4_contemp_ice_extrap",104.619370978022,0.757425606250763
"species_4_contemp_ice_extrap",104.86890016234,0.757425606250763
"species_4_contemp_ice_extrap",105.118429346657,0.757425606250763
"species_4_contemp_ice_extrap",105.367958530975,0.757425606250763
"species_4_contemp_ice_extrap",105.617487715292,0.757425606250763
"species_4_contemp_ice_extrap",105.86701689961,0.757425606250763
"species_4_contemp_ice_extrap",106.116546083928,0.757425606250763
"species_4_contemp_ice_extrap",106.366075268245,0.757425606250763
"species_4_contemp_ice_extrap",106.615604452563,0.757425606250763
"species_4_contemp_ice_extrap",106.86513363688,0.757425606250763
"species_4_contemp_ice_extrap",107.114662821198,0.757425606250763
"species_4_contemp_ice_extrap",107.364192005516,0.757425606250763
"species_4_contemp_ice_extrap",107.613721189833,0.757425606250763
"species_4_contemp_ice_extrap",107.863250374151,0.757425606250763
"species_4_contemp_ice_extrap",108.112779558468,0.757425606250763
"species_4_contemp_ice_extrap",108.362308742786,0.757425606250763
"species_4_contemp_ice_extrap",108.611837927104,0.757425606250763
"species_4_contemp_ice_extrap",108.861367111421,0.757425606250763
"species_4_contemp_ice_extrap",109.110896295739,0.757425606250763
"species_4_contemp_ice_extrap",109.360425480056,0.757425606250763
"species_4_contemp_ice_extrap",109.609954664374,0.757425606250763
"species_4_contemp_ice_extrap",109.859483848691,0.757425606250763
"species_4_contemp_ice_extrap",110.109013033009,0.757425606250763
"species_4_contemp_ice_extrap",110.358542217327,0.757425606250763
"species_4_contemp_ice_extrap",110.608071401644,0.757425606250763
"species_4_contemp_ice_extrap",110.857600585962,0.757425606250763
"species_4_contemp_ice_extrap",111.107129770279,0.757425606250763
"species_4_contemp_ice_extrap",111.356658954597,0.757425606250763
"species_4_contemp_ice_extrap",111.606188138915,0.757425606250763
"species_4_contemp_ice_extrap",111.855717323232,0.757425606250763
"species_4_contemp_ice_extrap",112.10524650755,0.757425606250763
"species_4_contemp_ice_extrap",112.354775691867,0.757425606250763
"species_4_contemp_ice_extrap",112.604304876185,0.757425606250763
"species_4_contemp_ice_extrap",112.853834060503,0.757425606250763
"species_4_contemp_ice_extrap",113.10336324482,0.757425606250763
"species_4_contemp_ice_extrap",113.352892429138,0.757425606250763
"species_4_contemp_ice_extrap",113.602421613455,0.757425606250763
"species_4_contemp_ice_extrap",113.851950797773,0.757425606250763
"species_4_contemp_ice_extrap",114.10147998209,0.757425606250763
"species_4_contemp_ice_extrap",114.351009166408,0.757425606250763
"species_4_contemp_ice_extrap",114.600538350726,0.757425606250763
"species_4_contemp_ice_extrap",114.850067535043,0.757425606250763
"species_bathy_extrap_only",-22.5434192895889,0.74298632144928
"species_bathy_extrap_only",-22.2604762543678,0.74298632144928
"species_bathy_extrap_only",-21.9775332191467,0.74298632144928
"species_bathy_extrap_only",-21.6945901839256,0.74298632144928
"species_bathy_extrap_only",-21.4116471487045,0.74298632144928
"species_bathy_extrap_only",-21.1287041134834,0.74298632144928
"species_bathy_extrap_only",-20.8457610782623,0.74298632144928
"species_bathy_extrap_only",-20.5628180430412,0.74298632144928
"species_bathy_extrap_only",-20.2798750078201,0.74298632144928
"species_bathy_extrap_only",-19.996931972599,0.74298632144928
"species_bathy_extrap_only",-19.7139889373779,0.74298632144928
"species_bathy_extrap_only",-19.4310459021568,0.74298632144928
"species_bathy_extrap_only",-19.1481028669357,0.74298632144928
"species_bathy_extrap_only",-18.8651598317146,0.74298632144928
"species_bathy_extrap_only",-18.5822167964935,0.74298632144928
"species_bathy_extrap_only",-18.2992737612724,0.74298632144928
"species_bathy_extrap_only",-18.0163307260513,0.74298632144928
"species_bathy_extrap_only",-17.7333876908302,0.74298632144928
"species_bathy_extrap_only",-17.4504446556091,0.74298632144928
"species_bathy_extrap_only",-17.167501620388,0.74298632144928
"species_bathy_extrap_only",-16.8845585851669,0.74298632144928
"species_bathy_extrap_only",-16.6016155499458,0.74298632144928
"species_bathy_extrap_only",-16.3186725147247,0.74298632144928
"species_bathy_extrap_only",-16.0357294795036,0.74298632144928
"species_bathy_extrap_only",-15.7527864442825,0.74298632144928
"species_bathy_extrap_only",-15.4698434090614,0.74298632144928
"species_bathy_extrap_only",-15.1869003738403,0.74298632144928
"species_bathy_extrap_only",-14.9039573386192,0.74298632144928
"species_bathy_extrap_only",-14.6210143033981,0.74298632144928
"species_bathy_extrap_only",-14.338071268177,0.74298632144928
"species_bathy_extrap_only",-14.0551282329559,0.74298632144928
"species_bathy_extrap_only",-13.7721851977348,0.74298632144928
"species_bathy_extrap_only",-13.4892421625137,0.74298632144928
"species_bathy_extrap_only",-13.2062991272926,0.74298632144928
"species_bathy_extrap_only",-12.9233560920715,0.74298632144928
"species_bathy_extrap_only",-12.6404130568504,0.74298632144928
"species_bathy_extrap_only",-12.3574700216293,0.74298632144928
"species_bathy_extrap_only",-12.0745269864082,0.74298632144928
"species_bathy_extrap_only",-11.7915839511871,0.74298632144928
"species_bathy_extrap_only",-11.508640915966,0.74298632144928
"species_bathy_extrap_only",-11.2256978807449,0.74298632144928
"species_bathy_extrap_only",-10.9427548455238,0.74298632144928
"species_bathy_extrap_only",-10.6598118103027,0.74298632144928
"species_bathy_extrap_only",-10.3768687750816,0.74298632144928
"species_bathy_extrap_only",-10.0939257398605,0.74298632144928
"species_bathy_extrap_only",-9.81098270463944,0.74298632144928
"species_bathy_extrap_only",-9.52803966941834,0.74298632144928
"species_bathy_extrap_only",-9.24509663419724,0.74298632144928
"species_bathy_extrap_only",-8.96215359897614,0.74298632144928
"species_bathy_extrap_only",-8.67921056375504,0.74298632144928
"species_bathy_extrap_only",-8.39626752853394,0.74298632144928
"species_bathy_extrap_only",-8.11332449331284,0.74298632144928
"species_bathy_extrap_only",-7.83038145809174,0.74298632144928
"species_bathy_extrap_only",-7.54743842287064,0.74298632144928
"species_bathy_extrap_only",-7.26449538764954,0.74298632144928
"species_bathy_extrap_only",-6.98155235242844,0.74298632144928
"species_bathy_extrap_only",-6.69860931720734,0.74298632144928
"species_bathy_extrap_only",-6.41566628198624,0.74298632144928
"species_bathy_extrap_only",-6.13272324676514,0.74298632144928
"species_bathy_extrap_only",-5.84978021154404,0.74298632144928
"species_bathy_extrap_only",-5.56683717632294,0.74298632144928
"species_bathy_extrap_only",-5.28389414110184,0.74298632144928
"species_bathy_extrap_only",-5.00095110588074,0.74298632144928
"species_bathy_extrap_only",-4.71800807065964,0.74298632144928
"species_bathy_extrap_only",-4.43506503543854,0.74298632144928
"species_bathy_extrap_only",-4.15212200021744,0.74298632144928
"species_bathy_extrap_only",-3.86917896499634,0.74298632144928
"species_bathy_extrap_only",-3.58623592977524,0.74298632144928
"species_bathy_extrap_only",-3.30329289455414,0.74298632144928
"species_bathy_extrap_only",-3.02034985933304,0.74298632144928
"species_bathy_extrap_only",-2.73740682411194,0.74298632144928
"species_bathy_extrap_only",-2.45446378889084,0.74298632144928
"species_bathy_extrap_only",-2.17152075366974,0.74298632144928
"species_bathy_extrap_only",-1.88857771844864,0.74298632144928
"species_bathy_extrap_only",-1.60563468322754,0.74298632144928
"species_bathy_extrap_only",-1.32269164800644,0.74298632144928
"species_bathy_extrap_only",-1.03974861278534,0.74298632144928
"species_bathy_extrap_only",-0.75680557756424,0.74298632144928
"species_bathy_extrap_only",-0.473862542343138,0.74298632144928
"species_bathy_extrap_only",-0.19091950712204,0.74298632144928
"species_bathy_extrap_only",0.0920235280990624,0.74298632144928
"species_bathy_extrap_only",0.374966563320161,0.74298632144928
"species_bathy_extrap_only",0.657909598541263,0.74298632144928
"species_bathy_extrap_only",0.940852633762361,0.678526410649197
"species_bathy_extrap_only",1.22379566898346,0.615999102559326
"species_bathy_extrap_only",1.50673870420456,0.633418535376743
"species_bathy_extrap_only",1.78968173942566,0.654877855270247
"species_bathy_extrap_only",2.07262477464676,0.678631609621818
"species_bathy_extrap_only",2.35556780986786,0.701340564608754
"species_bathy_extrap_only",2.63851084508896,0.720534943995654
"species_bathy_extrap_only",2.92145388031006,0.73770549054853
"species_bathy_extrap_only",3.20439691553116,0.739270003728494
"species_bathy_extrap_only",3.48733995075226,0.737322719767002
"species_bathy_extrap_only",3.77028298597336,0.718971535876937
"species_bathy_extrap_only",4.05322602119446,0.699577852652545
"species_bathy_extrap_only",4.33616905641556,0.678790452571693
"species_bathy_extrap_only",4.61911209163666,0.657871069754702
"species_bathy_extrap_only",4.90205512685776,0.635775096162226
"species_bathy_extrap_only",5.18499816207886,0.613569484367943
"species_bathy_extrap_only",5.46794119729996,0.590477364084056
"species_bathy_extrap_only",5.75088423252106,0.567304914513139
"species_bathy_extrap_only",6.03382726774216,0.543293089827815
"species_bathy_extrap_only",6.31677030296326,0.519235693899039
"species_bathy_extrap_only",6.59971333818436,0.494827270134352
"species_bathy_extrap_only",6.88265637340546,0.470312104678467
"species_bathy_extrap_only",7.16559940862656,0.4459801448576
"species_bathy_extrap_only",7.44854244384766,0.421623022937505
"species_bathy_extrap_only",7.73148547906876,0.397774949891595
"species_bathy_extrap_only",8.01442851428986,0.373892596284904
"species_bathy_extrap_only",8.29737154951096,0.35082375363413
"species_bathy_extrap_only",8.58031458473206,0.327842868115221
"species_bathy_extrap_only",8.86325761995316,0.306272404321667
"species_bathy_extrap_only",9.14620065517426,0.284880072280289
"species_bathy_extrap_only",9.42914369039536,0.2651088267001
"species_bathy_extrap_only",9.71208672561646,0.245536344817554
"species_bathy_extrap_only",9.99502976083756,0.227702060029615
"species_bathy_extrap_only",10.2779727960587,0.210073814998493
"species_bathy_extrap_only",10.5609158312798,0.194216142294262
"species_bathy_extrap_only",10.8438588665009,0.17856068805856
"species_bathy_extrap_only",11.126801901722,0.164638400851497
"species_bathy_extrap_only",11.4097449369431,0.150906344311001
"species_bathy_extrap_only",11.6926879721642,0.138817914799125
"species_bathy_extrap_only",11.9756310073853,0.126902537459271
"species_bathy_extrap_only",12.2585740426064,0.116506205200552
"species_bathy_extrap_only",12.5415170778275,0.106263123966129
"species_bathy_extrap_only",12.8244601130486,0.0973947566626423
"species_bathy_extrap_only",13.1074031482697,0.0886592049619401
"species_bathy_extrap_only",13.3903461834908,0.0811463547019716
"species_bathy_extrap_only",13.6732892187119,0.073746621708847
"species_bathy_extrap_only",13.956232253933,0.0674190337716037
"species_bathy_extrap_only",14.2391752891541,0.0611864481450812
"species_bathy_extrap_only",14.5221183243752,0.0558829642785637
"species_bathy_extrap_only",14.8050613595963,0.0506583737392823
"species_bathy_extrap_only",15.0880043948174,0.0462311792434794
"species_bathy_extrap_only",15.3709474300385,0.0418689103758152
"species_bathy_extrap_only",15.6538904652596,0.0381855486963514
"species_bathy_extrap_only",15.9368335004807,0.0345552298673429
"species_bathy_extrap_only",16.2197765357018,0.0314991356909938
"species_bathy_extrap_only",16.5027195709229,0.0284861271370076
"species_bathy_extrap_only",16.785662606144,0.025956189265095
"species_bathy_extrap_only",17.0686056413651,0.0234610836366228
"species_bathy_extrap_only",17.3515486765862,0.0213768639102294
"species_bathy_extrap_only",17.6344917118073,0.0193248891797797
"species_bathy_extrap_only",17.9174347470284,0.0176182518080362
"species_bathy_extrap_only",18.2003777822495,0.0159392604245224
"species_bathy_extrap_only",18.4833208174706,0.0145371888696466
"species_bathy_extrap_only",18.7662638526917,0.0131505613065952
"species_bathy_extrap_only",19.0492068879128,0.0120144453595723
"species_bathy_extrap_only",19.3321499231339,0.0108975374865221
"species_bathy_extrap_only",19.615092958355,0.0100060236421449
"species_bathy_extrap_only",19.8980359935761,0.00914248979146915
"species_bathy_extrap_only",20.1809790287972,0.00846381876927894
"species_bathy_extrap_only",20.4639220640183,0.00779158995854595
"species_bathy_extrap_only",20.7468650992394,0.00732960529946112
"species_bathy_extrap_only",21.0298081344605,0.00687037920358115
"species_bathy_extrap_only",21.3127511696816,0.00660630159478505
"species_bathy_extrap_only",21.5956942049027,0.00634400874486499
"species_bathy_extrap_only",21.8786372401238,0.00613714414479927
"species_bathy_extrap_only",22.1615802753449,0.00593117986896262
"species_bathy_extrap_only",22.444523310566,0.00577146389315742
"species_bathy_extrap_only",22.7274663457871,0.00561200298515247
"species_bathy_extrap_only",23.0104093810082,0.00548345825996142
"species_bathy_extrap_only",23.2933524162293,0.00535505535445083
"species_bathy_extrap_only",23.5762954514504,0.00524253311332043
"species_bathy_extrap_only",23.8592384866715,0.00513014861474533
"species_bathy_extrap_only",24.1421815218926,0.00502696217203169
"species_bathy_extrap_only",24.4251245571137,0.00492390954045552
"species_bathy_extrap_only",24.7080675923348,0.00484365874223769
"species_bathy_extrap_only",24.9910106275558,0.00476353787862106
"species_bathy_extrap_only",25.273953662777,0.00469250080073957
"species_bathy_extrap_only",25.5568966979981,0.00462158994301504
"species_bathy_extrap_only",25.8398397332192,0.00455268328359544
"species_bathy_extrap_only",26.1227827684403,0.00448389918362143
"species_bathy_extrap_only",26.4057258036614,0.00441705316167257
"species_bathy_extrap_only",26.6886688388825,0.00435032619882693
"species_bathy_extrap_only",26.9716118741036,0.00428547919159628
"species_bathy_extrap_only",27.2545549093247,0.00422074777793799
"species_bathy_extrap_only",27.5374979445458,0.0041578401986771
"species_bathy_extrap_only",27.8204409797669,0.00409504488847458
"species_bathy_extrap_only",28.103384014988,0.00403401864530168
"species_bathy_extrap_only",28.386327050209,0.00397310142481557
"species_bathy_extrap_only",28.6692700854302,0.00391390063236268
"species_bathy_extrap_only",28.9522131206513,0.00385480571149396
"species_bathy_extrap_only",29.2351561558724,0.00379737569872915
"species_bathy_extrap_only",29.5180991910935,0.00374004850985932
"species_bathy_extrap_only",29.8010422263146,0.003684336513007
"species_bathy_extrap_only",30.0839852615356,0.00362872435122254
"species_bathy_extrap_only",30.3669282967568,0.0035746786837698
"species_bathy_extrap_only",30.6498713319779,0.00352072997351743
"species_bathy_extrap_only",30.932814367199,0.00346830115873197
"species_bathy_extrap_only",31.21575740242,0.00341596648985521
"species_bathy_extrap_only",31.4987004376412,0.00336510605267906
"species_bathy_extrap_only",31.7816434728622,0.00331433701626496
"species_bathy_extrap_only",32.0645865080834,0.00326499788821844
"species_bathy_extrap_only",32.3475295433045,0.00321574752485645
"species_bathy_extrap_only",32.6304725785256,0.00316788456147188
"species_bathy_extrap_only",32.9134156137467,0.00312010777444444
"species_bathy_extrap_only",33.1963586489678,0.003073676248614
"species_bathy_extrap_only",33.4793016841889,0.00302732841863801
"species_bathy_extrap_only",33.76224471941,0.00298228578886531
"species_bathy_extrap_only",34.045187754631,0.00293732442128515
"species_bathy_extrap_only",34.3281307898522,0.00289362927837996
"species_bathy_extrap_only",34.6110738250733,0.00285001300198376
"species_bathy_extrap_only",34.8940168602944,0.00280762445735694
"species_bathy_extrap_only",35.1769598955155,0.00276531252393428
"species_bathy_extrap_only",35.4599029307366,0.00272419179973943
"species_bathy_extrap_only",35.7428459659576,0.00268314543430762
"species_bathy_extrap_only",36.0257890011788,0.00264325462860545
"species_bathy_extrap_only",36.3087320363999,0.00260343603420214
"species_bathy_extrap_only",36.591675071621,0.00256473792436839
"species_bathy_extrap_only",36.874618106842,0.00252610989776134
"species_bathy_extrap_only",37.1575611420632,0.00248856889132242
"species_bathy_extrap_only",37.4405041772843,0.00245109595236973
"species_bathy_extrap_only",37.7234472125054,0.0024146775949898
"species_bathy_extrap_only",38.0063902477265,0.00237832529964593
"species_bathy_extrap_only",38.2893332829476,0.00234299554522169
"species_bathy_extrap_only",38.5722763181687,0.00230772995015861
"species_bathy_extrap_only",38.8552193533898,0.00227345651033731
"species_bathy_extrap_only",39.1381623886109,0.00223924533696609
"species_bathy_extrap_only",39.421105423832,0.00220599612360054
"species_bathy_extrap_only",39.704048459053,0.00217280734369698
"species_bathy_extrap_only",39.9869914942742,0.00214055183405414
"species_bathy_extrap_only",40.2699345294953,0.00210835502605711
"species_bathy_extrap_only",40.5528775647164,0.00207706362113301
"species_bathy_extrap_only",40.8358205999374,0.0020458291783647
"species_bathy_extrap_only",41.1187636351586,0.0020154726045905
"species_bathy_extrap_only",41.4017066703797,0.00198517134540867
"species_bathy_extrap_only",41.6846497056008,0.00195572167811253
"species_bathy_extrap_only",41.9675927408218,0.00192632567814847
"species_bathy_extrap_only",42.250535776043,0.00189775592511724
"species_bathy_extrap_only",42.533478811264,0.00186923830789567
"species_bathy_extrap_only",42.8164218464851,0.00184152171709638
"species_bathy_extrap_only",43.0993648817062,0.00181385569338771
"species_bathy_extrap_only",43.3823079169274,0.00178696683537402
"species_bathy_extrap_only",43.6652509521485,0.00176012709458477
"species_bathy_extrap_only",43.9481939873695,0.00173404127631084
"species_bathy_extrap_only",44.2311370225907,0.00170800312483678
"species_bathy_extrap_only",44.5140800578118,0.00168269595593559
"species_bathy_extrap_only",44.7970230930329,0.00165743504364556
"species_bathy_extrap_only",45.079966128254,0.00163288341132314
"species_bathy_extrap_only",45.362909163475,0.00160837669785406
"species_bathy_extrap_only",45.6458521986962,0.00158455771408837
"species_bathy_extrap_only",45.9287952339173,0.00156078231040511
"species_bathy_extrap_only",46.2117382691383,0.00153767410078709
"species_bathy_extrap_only",46.4946813043595,0.00151460821226623
"species_bathy_extrap_only",46.7776243395805,0.00149218955214132
"species_bathy_extrap_only",47.0605673748017,0.00146981194875583
"species_bathy_extrap_only",47.3435104100228,0.00144806192902726
"species_bathy_extrap_only",47.6264534452438,0.00142635177666389
"species_bathy_extrap_only",47.909396480465,0.00140525047436567
"species_bathy_extrap_only",48.192339515686,0.00138418786442494
"species_bathy_extrap_only",48.4752825509071,0.0013637158882028
"species_bathy_extrap_only",48.7582255861283,0.00134328144761367
"species_bathy_extrap_only",49.0411686213493,0.00132341969989745
"species_bathy_extrap_only",49.3241116565705,0.00130359440493655
"species_bathy_extrap_only",49.6070546917915,0.00128432469272604
"species_bathy_extrap_only",49.8899977270126,0.00126509034037408
"species_bathy_extrap_only",50.1729407622338,0.001246395042459
"species_bathy_extrap_only",50.4558837974549,0.0012277340846346
"species_bathy_extrap_only",50.738826832676,0.00120959572237601
"species_bathy_extrap_only",51.021769867897,0.00119149066626513
"species_bathy_extrap_only",51.3047129031182,0.00117389274363869
"species_bathy_extrap_only",51.5876559383393,0.00115632716172322
"species_bathy_extrap_only",51.8705989735603,0.00113925329160243
"species_bathy_extrap_only",52.1535420087815,0.00112221079418729
"species_bathy_extrap_only",52.4364850440026,0.00110564536808266
"species_bathy_extrap_only",52.7194280792236,0.0010891104066572
"species_bathy_extrap_only",53.0023711144447,0.00107303824944908
"species_bathy_extrap_only",53.2853141496658,0.00105699564219297
"species_bathy_extrap_only",53.568257184887,0.001041401788252
"species_bathy_extrap_only",53.851200220108,0.00102583660951248
"species_bathy_extrap_only",54.1341432553291,0.00101070680663006
"species_bathy_extrap_only",54.4170862905503,0.000995604843852054
"species_bathy_extrap_only",54.7000293257713,0.000980925257055116
"species_bathy_extrap_only",54.9829723609925,0.000966272676027356
"species_bathy_extrap_only",55.2659153962136,0.000952029697809962
"species_bathy_extrap_only",55.5488584314346,0.000937812937963
"species_bathy_extrap_only",55.8318014666558,0.00092399351161613
"species_bathy_extrap_only",56.1147445018768,0.000910199512954435
"species_bathy_extrap_only",56.3976875370979,0.000896791025046407
"species_bathy_extrap_only",56.680630572319,0.000883407228238107
"species_bathy_extrap_only",56.9635736075401,0.000870397260607614
"species_bathy_extrap_only",57.2465166427613,0.00085741124018051
"species_bathy_extrap_only",57.5294596779823,0.000844787959720398
"species_bathy_extrap_only",57.8124027132034,0.000832187924725622
"species_bathy_extrap_only",58.0953457484246,0.000819939636664415
"species_bathy_extrap_only",58.3782887836457,0.000807713903849238
"species_bathy_extrap_only",58.6612318188667,0.000795829421959511
"species_bathy_extrap_only",58.9441748540878,0.000783966820316566
"species_bathy_extrap_only",59.227117889309,0.000772435335532833
"species_bathy_extrap_only",59.5100609245301,0.000760925089914712
"species_bathy_extrap_only",59.7930039597511,0.00074973590494279
"species_bathy_extrap_only",60.0759469949722,0.000738567321692806
"species_bathy_extrap_only",60.3588900301933,0.000727710259451086
"species_bathy_extrap_only",60.6418330654145,0.000716873195022814
"species_bathy_extrap_only",60.9247761006355,0.000706338351940242
"species_bathy_extrap_only",61.2077191358566,0.000695822904346056
"species_bathy_extrap_only",61.4906621710778,0.000685600555922927
"species_bathy_extrap_only",61.7736052062988,0.000675397035684018
"species_bathy_extrap_only",62.0565482415199,0.000665477858527798
"species_bathy_extrap_only",62.339491276741,0.000655576939954261
"species_bathy_extrap_only",62.6224343119622,0.000645951938642516
"species_bathy_extrap_only",62.9053773471832,0.000636344662806556
"species_bathy_extrap_only",63.1883203824043,0.000627004947021263
"species_bathy_extrap_only",63.4712634176254,0.000617682424841287
"species_bathy_extrap_only",63.7542064528466,0.000608619530903298
"species_bathy_extrap_only",64.0371494880677,0.000599573312783502
"species_bathy_extrap_only",64.3200925232887,0.00059077888478552
"species_bathy_extrap_only",64.6030355585098,0.000582000643408064
"species_bathy_extrap_only",64.885978593731,0.000573466730269285
"species_bathy_extrap_only",65.1689216289521,0.000564948528325608
"species_bathy_extrap_only",65.4518646641731,0.000556667316148812
"species_bathy_extrap_only",65.7348076993943,0.000548401329814351
"species_bathy_extrap_only",66.0177507346154,0.000540365263949505
"species_bathy_extrap_only",66.3006937698364,0.000532343979418311
"species_bathy_extrap_only",66.5836368050576,0.000524545835944492
"species_bathy_extrap_only",66.8665798402786,0.000516762031904111
"species_bathy_extrap_only",67.1495228754997,0.000509194554071641
"species_bathy_extrap_only",67.4324659107209,0.000501640996145799
"species_bathy_extrap_only",67.7154089459419,0.000494297357216358
"species_bathy_extrap_only",67.998351981163,0.000486967206816947
"species_bathy_extrap_only",68.2812950163841,0.000479840724988402
"species_bathy_extrap_only",68.5642380516053,0.000472727338582805
"species_bathy_extrap_only",68.8471810868263,0.000465811552477918
"species_bathy_extrap_only",69.1301241220474,0.000458908472801023
"species_bathy_extrap_only",69.4130671572686,0.000452197138516426
"species_bathy_extrap_only",69.6960101924896,0.000445498122213285
"species_bathy_extrap_only",69.9789532277107,0.000438985012184048
"species_bathy_extrap_only",70.2618962629319,0.000432483855225778
"species_bathy_extrap_only",70.5448392981529,0.00042616312727548
"species_bathy_extrap_only",70.827782333374,0.000419853996719005
"species_bathy_extrap_only",71.1107253685951,0.000413719933011203
"species_bathy_extrap_only",71.3936684038162,0.000407597125446429
"species_bathy_extrap_only",71.6766114390373,0.000401644135762518
"species_bathy_extrap_only",71.9595544742585,0.000395702052535195
"species_bathy_extrap_only",72.2424975094795,0.000389924746317652
"species_bathy_extrap_only",72.5254405447006,0.000384158026016113
"species_bathy_extrap_only",72.8083835799218,0.000378551244842679
"species_bathy_extrap_only",73.0913266151429,0.000372954737068497
"species_bathy_extrap_only",73.3742696503639,0.000367513259016318
"species_bathy_extrap_only",73.657212685585,0.000362081737690639
"species_bathy_extrap_only",73.9401557208061,0.000356800701419913
"species_bathy_extrap_only",74.2230987560272,0.00035152932612254
"species_bathy_extrap_only",74.5060417912484,0.00034640396488487
"species_bathy_extrap_only",74.7889848264694,0.000341287976696802
"species_bathy_extrap_only",75.0719278616905,0.000336313662405562
"species_bathy_extrap_only",75.3548708969116,0.000331348443576331
"species_bathy_extrap_only",75.6378139321327,0.00032652071989496
"species_bathy_extrap_only",75.9207569673538,0.000321701809824313
"species_bathy_extrap_only",76.203700002575,0.000317016209423413
"species_bathy_extrap_only",76.4866430377961,0.000312339162097415
"species_bathy_extrap_only",76.7695860730171,0.00030779152682919
"species_bathy_extrap_only",77.0525291082382,0.000303252191648254
"species_bathy_extrap_only",77.3354721434594,0.000298838396456868
"species_bathy_extrap_only",77.6184151786804,0.000294432643182121
"species_bathy_extrap_only",77.9013582139015,0.000290148721694991
"species_bathy_extrap_only",78.1843012491227,0.000285872604931287
"species_bathy_extrap_only",78.4672442843437,0.000281714687394698
"species_bathy_extrap_only",78.7501873195648,0.000277564338872039
"species_bathy_extrap_only",79.0331303547859,0.000273528741761039
"species_bathy_extrap_only",79.316073390007,0.000269500491136415
"species_bathy_extrap_only",79.5990164252281,0.000265583480545757
"species_bathy_extrap_only",79.8819594604493,0.000261673586155321
"species_bathy_extrap_only",80.1649024956703,0.00025787168158895
"species_bathy_extrap_only",80.4478455308914,0.000254076682653724
"species_bathy_extrap_only",80.7307885661126,0.000250386468369598
"species_bathy_extrap_only",81.0137316013337,0.000246702952134915
"species_bathy_extrap_only",81.2966746365547,0.000243121126804878
"species_bathy_extrap_only",81.5796176717758,0.000239545799853741
"species_bathy_extrap_only",81.8625607069969,0.00023606916583133
"species_bathy_extrap_only",82.145503742218,0.000232598829329705
"species_bathy_extrap_only",82.4284467774391,0.000229224194796237
"species_bathy_extrap_only",82.7113898126602,0.000225855668847023
"species_bathy_extrap_only",82.9943328478813,0.000222580059285686
"species_bathy_extrap_only",83.2772758831024,0.000219310377918397
"species_bathy_extrap_only",83.5602189183235,0.000216130843510716
"species_bathy_extrap_only",83.8431619535446,0.000212957052385929
"species_bathy_extrap_only",84.1261049887657,0.000209870742625324
"species_bathy_extrap_only",84.4090480239869,0.000206790004568968
"species_bathy_extrap_only",84.6919910592079,0.000203794166067537
"species_bathy_extrap_only",84.974934094429,0.00020080373122152
"species_bathy_extrap_only",85.2578771296502,0.000197895711390627
"species_bathy_extrap_only",85.5408201648712,0.000194992934682612
"species_bathy_extrap_only",85.8237632000923,0.000192170069707247
"species_bathy_extrap_only",86.1067062353134,0.000189352282771363
"species_bathy_extrap_only",86.3896492705345,0.000186612080968403
"species_bathy_extrap_only",86.6725923057556,0.000183876807550981
"species_bathy_extrap_only",86.9555353409767,0.000181216828728359
"species_bathy_extrap_only",87.2384783761978,0.000178561630412207
"species_bathy_extrap_only",87.5214214114189,0.00017597949105431
"species_bathy_extrap_only",87.80436444664,0.000173401982531491
"species_bathy_extrap_only",88.0873074818611,0.000170895407228644
"species_bathy_extrap_only",88.3702505170822,0.000168393324719905
"species_bathy_extrap_only",88.6531935523033,0.00016596003014034
"species_bathy_extrap_only",88.9361365875245,0.000163531092406374
"species_bathy_extrap_only",89.2190796227455,0.000161168943452959
"species_bathy_extrap_only",89.5020226579666,0.000158811020602602
"species_bathy_extrap_only",89.7849656931877,0.000156517901600219
"species_bathy_extrap_only",90.0679087284088,0.0001542288761062
"species_bathy_extrap_only",90.35085176363,0.000152002750972382
"species_bathy_extrap_only",90.633794798851,0.000149780597731538
"species_bathy_extrap_only",90.9167378340721,0.000147619491136223
"species_bathy_extrap_only",91.1996808692932,0.000145462235248747
"species_bathy_extrap_only",91.4826239045143,0.000143364251263913
"species_bathy_extrap_only",91.7655669397354,0.000141270002240085
"species_bathy_extrap_only",92.0485099749565,0.000139233228567383
"species_bathy_extrap_only",92.3314530101776,0.000137200073359019
"species_bathy_extrap_only",92.6143960453987,0.00013522272064226
"species_bathy_extrap_only",92.8973390806198,0.000133248877181128
"species_bathy_extrap_only",93.180282115841,0.000131329203194031
"species_bathy_extrap_only",93.463225151062,0.000129412933802719
"species_bathy_extrap_only",93.7461681862831,0.000127549228294617
"species_bathy_extrap_only",94.0291112215042,0.000125688820027238
"species_bathy_extrap_only",94.3120542567253,0.000123879452349941
"species_bathy_extrap_only",94.5949972919464,0.000122073283225783
"species_bathy_extrap_only",94.8779403271675,0.000120316616520053
"species_bathy_extrap_only",95.1608833623886,0.000118563050734832
"species_bathy_extrap_only",95.4438263976097,0.000116857555024258
"species_bathy_extrap_only",95.7267694328308,0.000115155066647381
"species_bathy_extrap_only",96.0097124680519,0.000113499226299689
"species_bathy_extrap_only",96.292655503273,0.000111846298856316
"species_bathy_extrap_only",96.5755985384942,0.000110238651922743
"species_bathy_extrap_only",96.8585415737153,0.000108633830068044
"species_bathy_extrap_only",97.1414846089363,0.000107072964572369
"species_bathy_extrap_only",97.4244276441574,0.000105514839532878
"species_bathy_extrap_only",97.7073706793785,0.000103999386158235
"species_bathy_extrap_only",97.9903137145996,0.000102486586261886
"species_bathy_extrap_only",98.2732567498208,0.000101015180314243
"species_bathy_extrap_only",98.5561997850418,9.95463484550945e-05
"species_bathy_extrap_only",98.8391428202629,9.81177093960727e-05
"species_bathy_extrap_only",99.122085855484,9.66915648642431e-05
"species_bathy_extrap_only",99.4050288907051,9.5304438346794e-05
"species_bathy_extrap_only",99.6879719259262,9.39197317279928e-05
"species_bathy_extrap_only",99.9709149611473,9.25728950785506e-05
"species_bathy_extrap_only",100.253857996368,9.12284016915087e-05
"species_bathy_extrap_only",100.53680103159,8.99206810241243e-05
"species_bathy_extrap_only",100.819744066811,8.86152325867136e-05
"species_bathy_extrap_only",101.102687102032,8.73454587774301e-05
"species_bathy_extrap_only",101.385630137253,8.60778888309995e-05
"species_bathy_extrap_only",101.668573172474,8.48449549177571e-05
"species_bathy_extrap_only",101.951516207695,8.36141548430308e-05
"species_bathy_extrap_only",102.234459242916,8.24169800094436e-05
"species_bathy_extrap_only",102.517402278137,8.12218746673948e-05
"species_bathy_extrap_only",102.800345313358,8.00594104170063e-05
"species_bathy_extrap_only",103.083288348579,7.88989519538234e-05
"species_bathy_extrap_only",103.366231383801,7.77701835160289e-05
"species_bathy_extrap_only",103.649174419022,7.66433600991251e-05
"species_bathy_extrap_only",103.932117454243,7.55473024332097e-05
"species_bathy_extrap_only",104.215060489464,7.44531280566564e-05
"species_bathy_extrap_only",104.498003524685,7.33888046932379e-05
"species_bathy_extrap_only",104.780946559906,7.23263075481982e-05
"species_bathy_extrap_only",105.063889595127,7.12927984879746e-05
"species_bathy_extrap_only",105.346832630348,7.02610595174256e-05
"species_bathy_extrap_only",105.629775665569,6.92574637375837e-05
"species_bathy_extrap_only",105.91271870079,6.82555838967516e-05
"species_bathy_extrap_only",106.195661736012,6.72810224784379e-05
"species_bathy_extrap_only",106.478604771233,6.63081227303104e-05
"species_bathy_extrap_only",106.761547806454,6.53617438883058e-05
"species_bathy_extrap_only",107.044490841675,6.44169761257952e-05
"species_bathy_extrap_only",107.327433876896,6.34979692972238e-05
"species_bathy_extrap_only",107.610376912117,6.25805247064045e-05
"species_bathy_extrap_only",107.893319947338,6.16880658749377e-05
"species_bathy_extrap_only",108.176262982559,6.07971192676143e-05
"species_bathy_extrap_only",108.45920601778,5.99304420717069e-05
"species_bathy_extrap_only",108.742149053001,5.9065231204944e-05
"species_bathy_extrap_only",109.025092088223,5.82235810597112e-05
"species_bathy_extrap_only",109.308035123444,5.73833516941261e-05
"species_bathy_extrap_only",109.590978158665,5.65660007370408e-05
"species_bathy_extrap_only",109.873921193886,5.5750027377771e-05
"species_bathy_extrap_only",110.156864229107,5.49562678892669e-05
"species_bathy_extrap_only",110.439807264328,5.41638421377064e-05
"species_bathy_extrap_only",110.722750299549,5.33929719779378e-05
"species_bathy_extrap_only",111.00569333477,5.26233945360368e-05
"species_bathy_extrap_only",111.288636369991,5.18747538748524e-05
"species_bathy_extrap_only",111.571579405212,5.11273665567127e-05
"species_bathy_extrap_only",111.854522440434,5.04003046439878e-05
"species_bathy_extrap_only",112.137465475655,4.96744561740012e-05
"species_bathy_extrap_only",112.420408510876,4.89683429341789e-05
"species_bathy_extrap_only",112.703351546097,4.82634056884608e-05
"species_bathy_extrap_only",112.986294581318,4.75776302153275e-05
"species_bathy_extrap_only",113.269237616539,4.68929943979588e-05
"species_bathy_extrap_only",113.55218065176,4.62269727574199e-05
"species_bathy_extrap_only",113.835123686981,4.556205585994e-05
"species_bathy_extrap_only",114.118066722202,4.49151946027297e-05
"species_bathy_extrap_only",114.401009757423,4.42694024729024e-05
"species_bathy_extrap_only",114.683952792645,4.36411524429635e-05
"species_bathy_extrap_only",114.966895827866,4.30139389562294e-05
"species_bathy_extrap_only",115.249838863087,4.2403756319826e-05
"species_bathy_extrap_only",115.532781898308,4.1794577898211e-05
"species_bathy_extrap_only",115.815724933529,4.12019397119858e-05
"species_bathy_extrap_only",116.09866796875,4.0610274789905e-05
"species_bathy_extrap_only",116.381611003971,4.00346714415927e-05
"species_bathy_extrap_only",116.664554039192,3.94600100936845e-05
"species_bathy_extrap_only",116.947497074413,3.89009367266152e-05
"species_bathy_extrap_only",117.230440109634,3.83427764904227e-05
"species_bathy_extrap_only",117.513383144856,3.77997591214604e-05
"species_bathy_extrap_only",117.796326180077,3.72576266392917e-05
"species_bathy_extrap_only",118.079269215298,3.67301950652978e-05
"species_bathy_extrap_only",118.362212250519,3.62036198887224e-05
"species_bathy_extrap_only",118.64515528574,3.56913222925732e-05
"species_bathy_extrap_only",118.928098320961,3.51798547141271e-05
"species_bathy_extrap_only",119.211041356182,3.4682251128425e-05
"species_bathy_extrap_only",119.493984391403,3.41854516275454e-05
"species_bathy_extrap_only",119.776927426624,3.37021214789887e-05
"species_bathy_extrap_only",120.059870461845,3.32195705460528e-05
"species_bathy_extrap_only",120.342813497067,3.27500882176828e-05
"species_bathy_extrap_only",120.625756532288,3.22813599754834e-05
"species_bathy_extrap_only",120.908699567509,3.18253270315349e-05
"species_bathy_extrap_only",121.19164260273,3.13700247102473e-05
"species_bathy_extrap_only",121.474585637951,3.09270535359015e-05
"species_bathy_extrap_only",121.757528673172,3.04847905540983e-05
"species_bathy_extrap_only",122.040471708393,3.00545000529177e-05
"species_bathy_extrap_only",122.323414743614,2.96248947385732e-05
"species_bathy_extrap_only",122.606357778835,2.92069211065607e-05
"species_bathy_extrap_only",122.889300814056,2.87896114366609e-05
"species_bathy_extrap_only",123.172243849278,2.83835901413335e-05
"species_bathy_extrap_only",123.455186884499,2.79782119104513e-05
"species_bathy_extrap_only",123.73812991972,2.75838021239053e-05
"species_bathy_extrap_only",124.021072954941,2.71900155031278e-05
"species_bathy_extrap_only",124.304015990162,2.68068780063638e-05
"species_bathy_extrap_only",124.586959025383,2.64243433471817e-05
"species_bathy_extrap_only",124.869902060604,2.60521525567431e-05
"species_bathy_extrap_only",125.152845095825,2.5680545857508e-05
"species_bathy_extrap_only",125.435788131046,2.531898637485e-05
"species_bathy_extrap_only",125.718731166267,2.49579929120682e-05
"species_bathy_extrap_only",126.001674201489,2.4606758085954e-05
"species_bathy_extrap_only",126.28461723671,2.42560707743917e-05
"species_bathy_extrap_only",126.567560271931,2.39148563416807e-05
"species_bathy_extrap_only",126.850503307152,2.35741724652308e-05
"species_bathy_extrap_only",127.133446342373,2.32426913530001e-05
"species_bathy_extrap_only",127.416389377594,2.29117238384906e-05
"species_bathy_extrap_only",127.699332412815,2.25896964388851e-05
"species_bathy_extrap_only",127.982275448036,2.22681667648246e-05
"species_bathy_extrap_only",128.265218483257,2.19553210869559e-05
"species_bathy_extrap_only",128.548161518478,2.16429568239717e-05
"species_bathy_extrap_only",128.8311045537,2.13390217914605e-05
"species_bathy_extrap_only",129.114047588921,2.1035553150706e-05
"species_bathy_extrap_only",129.396990624142,2.07402744871422e-05
"species_bathy_extrap_only",129.679933659363,2.04454473230798e-05
"species_bathy_extrap_only",129.962876694584,2.0158575679457e-05
"species_bathy_extrap_only",130.245819729805,1.98721413049194e-05
"species_bathy_extrap_only",130.528762765026,1.95934355274986e-05
"species_bathy_extrap_only",130.811705800247,1.9315153442173e-05
"species_bathy_extrap_only",131.094648835468,1.90443748407103e-05
"species_bathy_extrap_only",131.377591870689,1.8774005633434e-05
"species_bathy_extrap_only",131.660534905911,1.85109265089988e-05
"species_bathy_extrap_only",131.943477941132,1.82482441422943e-05
"species_bathy_extrap_only",132.226420976353,1.79926429399828e-05
"species_bathy_extrap_only",132.509364011574,1.77374258325229e-05
"species_bathy_extrap_only",132.792307046795,1.74890870963722e-05
"species_bathy_extrap_only",133.075250082016,1.72411202160328e-05
"species_bathy_extrap_only",133.358193117237,1.69998397511191e-05
"species_bathy_extrap_only",133.641136152458,1.67589192532152e-05
"species_bathy_extrap_only",133.924079187679,1.65244841040505e-05
"species_bathy_extrap_only",134.2070222229,1.62903974134958e-05
"species_bathy_extrap_only",134.489965258122,1.60626152182159e-05
"species_bathy_extrap_only",134.772908293343,1.58351703151589e-05
"species_bathy_extrap_only",135.055851328564,1.56138514389236e-05
"species_bathy_extrap_only",135.338794363785,1.53928593974772e-05
"species_bathy_extrap_only",135.621737399006,1.51778149848368e-05
"species_bathy_extrap_only",135.904680434227,1.49630862402242e-05
"species_bathy_extrap_only",136.187623469448,1.4754136909246e-05
"species_bathy_extrap_only",136.470566504669,1.45454934508254e-05
"species_bathy_extrap_only",136.75350953989,1.43424642922168e-05
"species_bathy_extrap_only",137.036452575111,1.41397312013479e-05
"species_bathy_extrap_only",137.319395610333,1.39424522249829e-05
"species_bathy_extrap_only",137.602338645554,1.37454597676126e-05
"species_bathy_extrap_only",137.885281680775,1.35537656179483e-05
"species_bathy_extrap_only",138.168224715996,1.33623487901438e-05
"species_bathy_extrap_only",138.451167751217,1.3176079430992e-05
"species_bathy_extrap_only",138.734110786438,1.29900784133142e-05
"species_bathy_extrap_only",139.017053821659,1.28090788803166e-05
"species_bathy_extrap_only",139.29999685688,1.26283393117903e-05
"species_bathy_extrap_only",139.582939892101,1.24524569256857e-05
"species_bathy_extrap_only",139.865882927322,1.22768256259962e-05
"species_bathy_extrap_only",140.148825962544,1.21059170950105e-05
"species_bathy_extrap_only",140.431768997765,1.19352517549222e-05
"species_bathy_extrap_only",140.714712032986,1.17691685873247e-05
"species_bathy_extrap_only",140.997655068207,1.16033207584193e-05
"species_bathy_extrap_only",141.280598103428,1.14419276874811e-05
"species_bathy_extrap_only",141.563541138649,1.12807623368545e-05
"species_bathy_extrap_only",141.84648417387,1.11239252814614e-05
"species_bathy_extrap_only",142.129427209091,1.096730855902e-05
"species_bathy_extrap_only",142.412370244312,1.08148969883591e-05
"species_bathy_extrap_only",142.695313279533,1.06626985915062e-05
"species_bathy_extrap_only",142.978256314755,1.05145866268033e-05
"species_bathy_extrap_only",143.261199349976,1.03666811198605e-05
"species_bathy_extrap_only",143.544142385197,1.02227442224824e-05
"species_bathy_extrap_only",143.827085420418,1.00790066685911e-05
"species_bathy_extrap_only",144.110028455639,9.93912591671711e-06
"species_bathy_extrap_only",144.39297149086,9.79943820247264e-06
"species_bathy_extrap_only",144.675914526081,9.66349804313042e-06
"species_bathy_extrap_only",144.958857561302,9.52774464709444e-06
"species_bathy_extrap_only",145.241800596523,9.3956321644624e-06
"species_bathy_extrap_only",145.524743631744,9.26370033948267e-06
"species_bathy_extrap_only",145.807686666966,9.13530639480309e-06
"species_bathy_extrap_only",146.090629702187,9.00708721407246e-06
"species_bathy_extrap_only",146.373572737408,8.88230793133645e-06
"species_bathy_extrap_only",146.656515772629,8.75769769801623e-06
"species_bathy_extrap_only",146.93945880785,8.63642609949694e-06
"species_bathy_extrap_only",147.222401843071,8.51531816173199e-06
"species_bathy_extrap_only",147.505344878292,8.39745488362649e-06
"species_bathy_extrap_only",147.788287913513,8.27974959159584e-06
"species_bathy_extrap_only",148.071230948734,8.1651980986879e-06
"species_bathy_extrap_only",148.354173983955,8.05079957888998e-06
"species_bathy_extrap_only",148.637117019177,7.93946554927533e-06
"species_bathy_extrap_only",148.920060054398,7.82827942854761e-06
"species_bathy_extrap_only",149.203003089619,7.72007115893803e-06
"species_bathy_extrap_only",149.48594612484,7.61200597510862e-06
"species_bathy_extrap_only",149.768889160061,7.50683433481411e-06
"species_bathy_extrap_only",150.051832195282,7.40180103596561e-06
"species_bathy_extrap_only",150.334775230503,7.29957969103855e-06
"species_bathy_extrap_only",150.617718265724,7.19749213610398e-06
"species_bathy_extrap_only",150.900661300945,7.0981377999209e-06
"species_bathy_extrap_only",151.183604336166,6.99891296355376e-06
"species_bathy_extrap_only",151.466547371388,6.90234268873448e-06
"species_bathy_extrap_only",151.749490406609,6.80589738549187e-06
"species_bathy_extrap_only",152.03243344183,6.71203258294816e-06
"species_bathy_extrap_only",152.315376477051,6.61828872205318e-06
"species_bathy_extrap_only",152.598319512272,6.52705423697637e-06
"species_bathy_extrap_only",152.881262547493,6.43593670624731e-06
"species_bathy_extrap_only",153.164205582714,6.34725432721831e-06
"species_bathy_extrap_only",153.447148617935,6.25868501332788e-06
"species_bathy_extrap_only",153.730091653156,6.17248407432772e-06
"species_bathy_extrap_only",154.013034688377,6.08639243577245e-06
"species_bathy_extrap_only",154.295977723599,6.00260246374902e-06
"species_bathy_extrap_only",154.57892075882,5.91891816398894e-06
"species_bathy_extrap_only",154.861863794041,5.8374710669226e-06
"species_bathy_extrap_only",155.144806829262,5.75612620283022e-06
"species_bathy_extrap_only",155.427749864483,5.67695473795309e-06
"species_bathy_extrap_only",155.710692899704,5.59788192875276e-06
"species_bathy_extrap_only",155.993635934925,5.52092189266086e-06
"species_bathy_extrap_only",156.276578970146,5.44405728294389e-06
"species_bathy_extrap_only",156.559522005367,5.36924590831587e-06
"species_bathy_extrap_only",156.842465040588,5.2945267795887e-06
"species_bathy_extrap_only",157.12540807581,5.22180322851378e-06
"species_bathy_extrap_only",157.408351111031,5.14916881783668e-06
"species_bathy_extrap_only",157.691294146252,5.07847407522894e-06
"species_bathy_extrap_only",157.974237181473,5.00786550723761e-06
"species_bathy_extrap_only",158.257180216694,4.93914209368904e-06
"species_bathy_extrap_only",158.540123251915,4.87050194830418e-06
"species_bathy_extrap_only",158.823066287136,4.80369517228299e-06
"species_bathy_extrap_only",159.106009322357,4.73696884906921e-06
"species_bathy_extrap_only",159.388952357578,4.67202264489381e-06
"species_bathy_extrap_only",159.671895392799,4.60715427070738e-06
"species_bathy_extrap_only",159.954838428021,4.54401628475464e-06
"species_bathy_extrap_only",160.237781463242,4.48095335090449e-06
"species_bathy_extrap_only",160.520724498463,4.41957281741777e-06
"species_bathy_extrap_only",160.803667533684,4.35826486258083e-06
"species_bathy_extrap_only",161.086610568905,4.29859226952589e-06
"species_bathy_extrap_only",161.369553604126,4.23898981008591e-06
"species_bathy_extrap_only",161.652496639347,4.18097675746234e-06
"species_bathy_extrap_only",161.935439674568,4.12303144676492e-06
"species_bathy_extrap_only",162.218382709789,4.06663122013335e-06
"species_bathy_extrap_only",162.50132574501,4.01029643982107e-06
"species_bathy_extrap_only",162.784268780232,3.95546340828983e-06
"species_bathy_extrap_only",163.067211815453,3.90069359745646e-06
"species_bathy_extrap_only",163.350154850674,3.84738400327107e-06
"species_bathy_extrap_only",163.633097885895,3.79413553408393e-06
"species_bathy_extrap_only",163.916040921116,3.74230573206085e-06
"species_bathy_extrap_only",164.198983956337,3.69053485111758e-06
"species_bathy_extrap_only",164.481926991558,3.6401433129323e-06
"species_bathy_extrap_only",164.764870026779,3.58980873467625e-06
"species_bathy_extrap_only",165.047813062,3.54081593075146e-06
"species_bathy_extrap_only",165.330756097221,3.49187814311727e-06
"species_bathy_extrap_only",165.613699132443,3.4442428999517e-06
"species_bathy_extrap_only",165.896642167664,3.3966607766144e-06
"species_bathy_extrap_only",166.179585202885,3.35034572926871e-06
"species_bathy_extrap_only",166.462528238106,3.30408197533672e-06
"species_bathy_extrap_only",166.745471273327,3.25905003302868e-06
"species_bathy_extrap_only",167.028414308548,3.21406762664579e-06
"species_bathy_extrap_only",167.311357343769,3.17028295597079e-06
"species_bathy_extrap_only",167.59430037899,3.12654614883045e-06
"species_bathy_extrap_only",167.877243414211,3.08397316855843e-06
"species_bathy_extrap_only",168.160186449432,3.04144631432168e-06
"species_bathy_extrap_only",168.443129484654,3.000051073748e-06
"species_bathy_extrap_only",168.726072519875,2.95870040256307e-06
"species_bathy_extrap_only",169.009015555096,2.91844995350805e-06
"species_bathy_extrap_only",169.291958590317,2.87824252539035e-06
"species_bathy_extrap_only",169.574901625538,2.83910467072077e-06
"species_bathy_extrap_only",169.857844660759,2.8000083416338e-06
"species_bathy_extrap_only",170.14078769598,2.76195191424067e-06
"species_bathy_extrap_only",170.423730731201,2.72393557486171e-06
"species_bathy_extrap_only",170.706673766422,2.68693012366698e-06
"species_bathy_extrap_only",170.989616801643,2.64996334681775e-06
"species_bathy_extrap_only",171.272559836865,2.6139804033825e-06
"species_bathy_extrap_only",171.555502872086,2.57803483138242e-06
"species_bathy_extrap_only",171.838445907307,2.54304387227278e-06
"species_bathy_extrap_only",172.121388942528,2.50808889599788e-06
"species_bathy_extrap_only",172.404331977749,2.47406304406318e-06
"species_bathy_extrap_only",172.68727501297,2.44007195450238e-06
"species_bathy_extrap_only",172.970218048191,2.406984118579e-06
"species_bathy_extrap_only",173.253161083412,2.37392980867706e-06
"species_bathy_extrap_only",173.536104118633,2.34175378193797e-06
"species_bathy_extrap_only",173.819047153854,2.30961011119978e-06
"species_bathy_extrap_only",174.101990189076,2.27832034631401e-06
"species_bathy_extrap_only",174.384933224297,2.24706178817676e-06
"species_bathy_extrap_only",174.667876259518,2.21663351380105e-06
"species_bathy_extrap_only",174.950819294739,2.18623534333436e-06
"species_bathy_extrap_only",175.23376232996,2.15664467197237e-06
"species_bathy_extrap_only",175.516705365181,2.12708306258221e-06
"species_bathy_extrap_only",175.799648400402,2.09830616857805e-06
"species_bathy_extrap_only",176.082591435623,2.06955724791522e-06
"species_bathy_extrap_only",176.365534470844,2.04157156813435e-06
"species_bathy_extrap_only",176.648477506065,2.01361289109852e-06
"species_bathy_extrap_only",176.931420541287,1.98639636680603e-06
"species_bathy_extrap_only",177.214363576508,1.95920588048143e-06
"species_bathy_extrap_only",177.497306611729,1.93273745137899e-06
"species_bathy_extrap_only",177.78024964695,1.90629412611318e-06
"species_bathy_extrap_only",178.063192682171,1.88055205686948e-06
"species_bathy_extrap_only",178.346135717392,1.85483419236285e-06
"species_bathy_extrap_only",178.629078752613,1.82979860540675e-06
"species_bathy_extrap_only",178.912021787834,1.80478634882921e-06
"species_bathy_extrap_only",179.194964823055,1.78043781116537e-06
"species_bathy_extrap_only",179.477907858276,1.75611178739358e-06
"species_bathy_extrap_only",179.760850893498,1.73243075858869e-06
"species_bathy_extrap_only",180.043793928719,1.70877138189821e-06
"species_bathy_extrap_only",180.32673696394,1.68573941642281e-06
"species_bathy_extrap_only",180.609679999161,1.66272834070808e-06
"species_bathy_extrap_only",180.892623034382,1.64032738065982e-06
"species_bathy_extrap_only",181.175566069603,1.61794654966998e-06
"species_bathy_extrap_only",181.458509104824,1.59615907213277e-06
"species_bathy_extrap_only",181.741452140045,1.57439099246028e-06
"species_bathy_extrap_only",182.024395175266,1.55319986165395e-06
"species_bathy_extrap_only",182.307338210487,1.53202741509289e-06
"species_bathy_extrap_only",182.590281245708,1.5114160845851e-06
"species_bathy_extrap_only",182.87322428093,1.49082275557496e-06
"species_bathy_extrap_only",183.156167316151,1.47077511139214e-06
"species_bathy_extrap_only",183.439110351372,1.45074480506045e-06
"species_bathy_extrap_only",183.722053386593,1.43124569850994e-06
"species_bathy_extrap_only",184.004996421814,1.41176330923498e-06
"species_bathy_extrap_only",184.287939457035,1.39279646721848e-06
"species_bathy_extrap_only",184.570882492256,1.37384568976041e-06
"species_bathy_extrap_only",184.853825527477,1.35539687192299e-06
"species_bathy_extrap_only",185.136768562698,1.33696353869334e-06
"species_bathy_extrap_only",185.41971159792,1.31901832274721e-06
"species_bathy_extrap_only",185.702654633141,1.30108801602313e-06
"species_bathy_extrap_only",185.985597668362,1.28363246714251e-06
"species_bathy_extrap_only",186.268540703583,1.26619126946996e-06
"species_bathy_extrap_only",186.551483738804,1.24921180995993e-06
"species_bathy_extrap_only",186.834426774025,1.2322461649107e-06
"species_bathy_extrap_only",187.117369809246,1.21572960047064e-06
"species_bathy_extrap_only",187.400312844467,1.19922633252585e-06
"species_bathy_extrap_only",187.683255879688,1.18315997923495e-06
"species_bathy_extrap_only",187.966198914909,1.16710643310984e-06
"species_bathy_extrap_only",188.24914195013,1.15147754516281e-06
"species_bathy_extrap_only",188.532084985352,1.13586095456437e-06
"species_bathy_extrap_only",188.815028020573,1.12065755379839e-06
"species_bathy_extrap_only",189.097971055794,1.10546599683883e-06
"species_bathy_extrap_only",189.380914091015,1.09067633332464e-06
"species_bathy_extrap_only",189.663857126236,1.07589806145353e-06
"species_bathy_extrap_only",189.946800161457,1.0615109199432e-06
"species_bathy_extrap_only",190.229743196678,1.04713473605555e-06
"species_bathy_extrap_only",190.512686231899,1.03313851619849e-06
"species_bathy_extrap_only",190.79562926712,1.01915283385279e-06
"species_bathy_extrap_only",191.078572302342,1.00553694549994e-06
"species_bathy_extrap_only",191.361515337563,9.91931187260401e-07
"species_bathy_extrap_only",191.644458372784,9.78685259573291e-07
"species_bathy_extrap_only",191.927401408005,9.6544908118485e-07
"species_bathy_extrap_only",192.210344443226,9.52562700371311e-07
"species_bathy_extrap_only",192.493287478447,9.39685672173553e-07
"species_bathy_extrap_only",192.776230513668,9.27149003718182e-07
"species_bathy_extrap_only",193.059173548889,9.14621332919e-07
"species_bathy_extrap_only",193.34211658411,9.02424740729619e-07
"species_bathy_extrap_only",193.625059619331,8.9023679367511e-07
"species_bathy_extrap_only",193.908002654552,8.78370892342311e-07
"species_bathy_extrap_only",194.190945689774,8.66513296905035e-07
"species_bathy_extrap_only",194.473888724995,8.54968986438118e-07
"species_bathy_extrap_only",194.756831760216,8.43432654748628e-07
"species_bathy_extrap_only",195.039774795437,8.32201063679594e-07
"species_bathy_extrap_only",195.322717830658,8.20977135277173e-07
"species_bathy_extrap_only",195.605660865879,8.10049745679588e-07
"species_bathy_extrap_only",195.8886039011,7.99129721146867e-07
"species_bathy_extrap_only",196.171546936321,7.88498192039352e-07
"species_bathy_extrap_only",196.454489971542,7.77873719640847e-07
"species_bathy_extrap_only",196.737433006763,7.67529604525093e-07
"species_bathy_extrap_only",197.020376041985,7.57192270184512e-07
"species_bathy_extrap_only",197.303319077206,7.47127854447279e-07
"species_bathy_extrap_only",197.586262112427,7.3706994608703e-07
"species_bathy_extrap_only",197.869205147648,7.27277556070424e-07
"species_bathy_extrap_only",198.152148182869,7.17491409964876e-07
"species_bathy_extrap_only",198.43509121809,7.07963552898423e-07
"species_bathy_extrap_only",198.718034253311,6.98441684402085e-07
"species_bathy_extrap_only",199.000977288532,6.89171104718555e-07
"species_bathy_extrap_only",199.283920323753,6.79906269396119e-07
"species_bathy_extrap_only",199.566863358975,6.70886001522013e-07
"species_bathy_extrap_only",199.849806394196,6.61871247751889e-07
"species_bathy_extrap_only",200.132749429417,6.53094248434766e-07
"species_bathy_extrap_only",200.415692464638,6.4432252359313e-07
"species_bathy_extrap_only",200.698635499859,6.35782207649952e-07
"species_bathy_extrap_only",200.98157853508,6.27246952393229e-07
"species_bathy_extrap_only",201.264521570301,6.1893681538997e-07
"species_bathy_extrap_only",201.547464605522,6.10631527200477e-07
"species_bathy_extrap_only",201.830407640743,6.02545301781885e-07
"species_bathy_extrap_only",202.113350675964,5.94463722609537e-07
"species_bathy_extrap_only",202.396293711186,5.86595372279684e-07
"species_bathy_extrap_only",202.679236746407,5.78731470029907e-07
"species_bathy_extrap_only",202.962179781628,5.710747750844e-07
"species_bathy_extrap_only",203.245122816849,5.63422340076598e-07
"species_bathy_extrap_only",203.52806585207,5.5597169967459e-07
"species_bathy_extrap_only",203.811008887291,5.48525140447086e-07
"species_bathy_extrap_only",204.093951922512,5.41274818376601e-07
"species_bathy_extrap_only",204.376894957733,5.34028394183635e-07
"species_bathy_extrap_only",204.659837992954,5.26972949060793e-07
"species_bathy_extrap_only",204.942781028175,5.19921236178436e-07
"species_bathy_extrap_only",205.225724063397,5.13055357687442e-07
"species_bathy_extrap_only",205.508667098618,5.06193048917853e-07
"species_bathy_extrap_only",205.791610133839,4.99511558061951e-07
"species_bathy_extrap_only",206.07455316906,4.92833479806848e-07
"species_bathy_extrap_only",206.357496204281,4.86331332086051e-07
"species_bathy_extrap_only",206.640439239502,4.79832445773645e-07
"species_bathy_extrap_only",206.923382274723,4.73504759967705e-07
"species_bathy_extrap_only",207.206325309944,4.67180190477326e-07
"species_bathy_extrap_only",207.489268345165,4.61022258526527e-07
"species_bathy_extrap_only",207.772211380386,4.5486730557484e-07
"species_bathy_extrap_only",208.055154415607,4.48874394593857e-07
"species_bathy_extrap_only",208.338097450829,4.42884322311959e-07
"species_bathy_extrap_only",208.62104048605,4.37052082609321e-07
"species_bathy_extrap_only",208.903983521271,4.31222554552653e-07
"species_bathy_extrap_only",209.186926556492,4.25546405818745e-07
"species_bathy_extrap_only",209.469869591713,4.19872843952376e-07
"species_bathy_extrap_only",209.752812626934,4.14348650683941e-07
"species_bathy_extrap_only",210.035755662155,4.08826924638232e-07
"species_bathy_extrap_only",210.318698697376,4.03450541495044e-07
"species_bathy_extrap_only",210.601641732597,3.98076509540436e-07
"species_bathy_extrap_only",210.884584767818,3.92843909008103e-07
"species_bathy_extrap_only",211.16752780304,3.87613548812508e-07
"species_bathy_extrap_only",211.450470838261,3.82520834375814e-07
"species_bathy_extrap_only",211.733413873482,3.77430253653993e-07
"species_bathy_extrap_only",212.016356908703,3.72473661676414e-07
"species_bathy_extrap_only",212.299299943924,3.67519102470759e-07
"species_bathy_extrap_only",212.582242979145,3.6269485596253e-07
"species_bathy_extrap_only",212.865186014366,3.57872539662954e-07
"species_bathy_extrap_only",213.148129049587,3.53177077926696e-07
"species_bathy_extrap_only",213.431072084808,3.48483453378585e-07
"species_bathy_extrap_only",213.71401512003,3.43913283370716e-07
"species_bathy_extrap_only",213.996958155251,3.39344859096277e-07
"species_bathy_extrap_only",214.279901190472,3.34896578465701e-07
"species_bathy_extrap_only",214.562844225693,3.30449956088692e-07
"species_bathy_extrap_only",214.845787260914,3.26120342364878e-07
"species_bathy_extrap_only",215.128730296135,3.2179230257751e-07
"species_bathy_extrap_only",215.411673331356,3.17577989400003e-07
"species_bathy_extrap_only",215.694616366577,3.13365169382382e-07
"species_bathy_extrap_only",215.977559401798,3.09263132349423e-07
"species_bathy_extrap_only",216.260502437019,3.05162511789546e-07
"species_bathy_extrap_only",216.54344547224,3.0116965413193e-07
"species_bathy_extrap_only",216.826388507462,2.97178135947043e-07
"species_bathy_extrap_only",217.109331542683,2.93291521948024e-07
"species_bathy_extrap_only",217.392274577904,2.89406176803345e-07
"species_bathy_extrap_only",217.675217613125,2.8562295185742e-07
"species_bathy_extrap_only",217.958160648346,2.81840927158244e-07
"species_bathy_extrap_only",218.241103683567,2.7815827740204e-07
"species_bathy_extrap_only",218.524046718788,2.74476761773904e-07
"species_bathy_extrap_only",218.806989754009,2.70891971891858e-07
"species_bathy_extrap_only",219.08993278923,2.67308252738885e-07
"species_bathy_extrap_only",219.372875824451,2.63818687088238e-07
"species_bathy_extrap_only",219.655818859673,2.60330131408481e-07
"species_bathy_extrap_only",219.938761894894,2.56933241050895e-07
"species_bathy_extrap_only",220.221704930115,2.53537303265457e-07
"species_bathy_extrap_only",220.504647965336,2.50230533662983e-07
"species_bathy_extrap_only",220.787591000557,2.46924658922317e-07
"species_bathy_extrap_only",221.070534035778,2.43705654623083e-07
"species_bathy_extrap_only",221.353477070999,2.40487492414182e-07
"species_bathy_extrap_only",221.63642010622,2.37353781408597e-07
"species_bathy_extrap_only",221.919363141441,2.34220861133809e-07
"species_bathy_extrap_only",222.202306176662,2.31170193543257e-07
"species_bathy_extrap_only",222.485249211884,2.28120267368844e-07
"species_bathy_extrap_only",222.768192247105,2.251504151127e-07
"species_bathy_extrap_only",223.051135282326,2.22181257246354e-07
"species_bathy_extrap_only",223.334078317547,2.19290035466165e-07
"species_bathy_extrap_only",223.617021352768,2.16399462752524e-07
"species_bathy_extrap_only",223.899964387989,2.13584778767782e-07
"species_bathy_extrap_only",224.18290742321,2.10770701157411e-07
"species_bathy_extrap_only",224.465850458431,2.08030454099385e-07
"species_bathy_extrap_only",224.748793493652,2.05290770856959e-07
"species_bathy_extrap_only",225.031736528873,2.02622976285276e-07
"species_bathy_extrap_only",225.314679564095,1.99955706448659e-07
"species_bathy_extrap_only",225.597622599316,1.97358420234059e-07
"species_bathy_extrap_only",225.880565634537,1.94761620852232e-07
"species_bathy_extrap_only",226.163508669758,1.92232947487337e-07
"species_bathy_extrap_only",226.446451704979,1.89704724644033e-07
"species_bathy_extrap_only",226.7293947402,1.87242816989493e-07
"species_bathy_extrap_only",227.012337775421,1.84781325092651e-07
"species_bathy_extrap_only",227.295280810642,1.82384442444953e-07
"species_bathy_extrap_only",227.578223845863,1.7998794249707e-07
"species_bathy_extrap_only",227.861166881085,1.77654266440287e-07
"species_bathy_extrap_only",228.144109916306,1.75320941652578e-07
"species_bathy_extrap_only",228.427052951527,1.73048780270232e-07
"species_bathy_extrap_only",228.709995986748,1.70776939244254e-07
"species_bathy_extrap_only",228.992939021969,1.68564666006586e-07
"species_bathy_extrap_only",229.27588205719,1.6635268452816e-07
"species_bathy_extrap_only",229.558825092411,1.64198690563434e-07
"species_bathy_extrap_only",229.841768127632,1.62044960757943e-07
"species_bathy_extrap_only",230.124711162853,1.59947691253946e-07
"species_bathy_extrap_only",230.407654198074,1.57850659612059e-07
"species_bathy_extrap_only",230.690597233295,1.55808590466203e-07
"species_bathy_extrap_only",230.973540268517,1.53766734036305e-07
"species_bathy_extrap_only",231.256483303738,1.51778392590484e-07
"species_bathy_extrap_only",231.539426338959,1.49790239944804e-07
"species_bathy_extrap_only",231.82236937418,1.47854199030497e-07
"species_bathy_extrap_only",232.105312409401,1.45918324228414e-07
"species_bathy_extrap_only",232.388255444622,1.44033156167298e-07
"species_bathy_extrap_only",232.671198479843,1.4214813218485e-07
"species_bathy_extrap_only",232.954141515064,1.4031249464053e-07
"species_bathy_extrap_only",233.237084550285,1.38476980639925e-07
"species_bathy_extrap_only",233.520027585507,1.36689581847698e-07
"species_bathy_extrap_only",233.802970620728,1.3490228690312e-07
"species_bathy_extrap_only",234.085913655949,1.33161772630821e-07
"species_bathy_extrap_only",234.36885669117,1.31421343472171e-07
"species_bathy_extrap_only",234.651799726391,1.29726497723497e-07
"species_bathy_extrap_only",234.934742761612,1.28031719287811e-07
"species_bathy_extrap_only",235.217685796833,1.26381319903495e-07
"species_bathy_extrap_only",235.500628832054,1.24730970915673e-07
"species_bathy_extrap_only",235.783571867275,1.23123837333628e-07
"species_bathy_extrap_only",236.066514902496,1.21516738091893e-07
"species_bathy_extrap_only",236.349457937717,1.19951725494728e-07
"species_bathy_extrap_only",236.632400972939,1.18386732012299e-07
"species_bathy_extrap_only",236.91534400816,1.17874101495018e-07
"species_bathy_extrap_only",237.198287043381,1.17361702223207e-07
"species_bathy_extrap_only",237.481230078602,1.17361702223207e-07
"species_bathy_extrap_only",237.764173113823,1.17361702223207e-07
"species_bathy_extrap_only",238.047116149044,1.17361702223207e-07
"species_bathy_extrap_only",238.330059184265,1.17361702223207e-07
"species_bathy_extrap_only",238.613002219486,1.17361702223207e-07
"species_bathy_extrap_only",238.895945254707,1.17361702223207e-07
"species_bathy_extrap_only",239.178888289928,1.17361702223207e-07
"species_bathy_extrap_only",239.46183132515,1.17361702223207e-07
"species_bathy_extrap_only",239.744774360371,1.17361702223207e-07
"species_bathy_extrap_only",240.027717395592,1.17361702223207e-07
"species_bathy_extrap_only",240.310660430813,1.17361702223207e-07
"species_bathy_extrap_only",240.593603466034,1.17361702223207e-07
"species_bathy_extrap_only",240.876546501255,1.17361702223207e-07
"species_bathy_extrap_only",241.159489536476,1.17361702223207e-07
"species_bathy_extrap_only",241.442432571697,1.17361702223207e-07
"species_bathy_extrap_only",241.725375606918,1.17361702223207e-07
"species_bathy_extrap_only",242.00831864214,1.17361702223207e-07
"species_bathy_extrap_only",242.291261677361,1.17361702223207e-07
"species_bathy_extrap_only",242.574204712582,1.17361702223207e-07
"species_bathy_extrap_only",242.857147747803,1.17361702223207e-07
"species_bathy_extrap_only",243.140090783024,1.17361702223207e-07
"species_bathy_extrap_only",243.423033818245,1.17361702223207e-07
"species_bathy_extrap_only",243.705976853466,1.17361702223207e-07
"species_bathy_extrap_only",243.988919888687,1.17361702223207e-07
"species_bathy_extrap_only",244.271862923908,1.17361702223207e-07
"species_bathy_extrap_only",244.554805959129,1.17361702223207e-07
"species_bathy_extrap_only",244.83774899435,1.17361702223207e-07
"species_bathy_extrap_only",245.120692029572,1.17361702223207e-07
"species_bathy_extrap_only",245.403635064793,1.17361702223207e-07
"species_bathy_extrap_only",245.686578100014,1.17361702223207e-07
"species_bathy_extrap_only",245.969521135235,1.17361702223207e-07
"species_bathy_extrap_only",246.252464170456,1.17361702223207e-07
"species_bathy_extrap_only",246.535407205677,1.17361702223207e-07
"species_bathy_extrap_only",246.818350240898,1.17361702223207e-07
"species_bathy_extrap_only",247.101293276119,1.17361702223207e-07
"species_bathy_extrap_only",247.38423631134,1.17361702223207e-07
"species_bathy_extrap_only",247.667179346561,1.17361702223207e-07
"species_bathy_extrap_only",247.950122381783,1.17361702223207e-07
"species_bathy_extrap_only",248.233065417004,1.17361702223207e-07
"species_bathy_extrap_only",248.516008452225,1.17361702223207e-07
"species_bathy_extrap_only",248.798951487446,1.17361702223207e-07
"species_bathy_extrap_only",249.081894522667,1.17361702223207e-07
"species_bathy_extrap_only",249.364837557888,1.17361702223207e-07
"species_bathy_extrap_only",249.647780593109,1.17361702223207e-07
"species_bathy_extrap_only",249.93072362833,1.17361702223207e-07
"species_bathy_extrap_only",250.213666663551,1.17361702223207e-07
"species_bathy_extrap_only",250.496609698772,1.17361702223207e-07
"species_bathy_extrap_only",250.779552733994,1.17361702223207e-07
"species_bathy_extrap_only",251.062495769215,1.17361702223207e-07
"species_bathy_extrap_only",251.345438804436,1.17361702223207e-07
"species_bathy_extrap_only",251.628381839657,1.17361702223207e-07
"species_bathy_extrap_only",251.911324874878,1.17361702223207e-07
"species_bathy_extrap_only",252.194267910099,1.17361702223207e-07
"species_bathy_extrap_only",252.47721094532,1.17361702223207e-07
"species_bathy_extrap_only",252.760153980541,1.17361702223207e-07
"species_bathy_extrap_only",253.043097015762,1.17361702223207e-07
"species_bathy_extrap_only",253.326040050983,1.17361702223207e-07
"species_bathy_extrap_only",253.608983086205,1.17361702223207e-07
"species_bathy_extrap_only",253.891926121426,1.17361702223207e-07
"species_bathy_extrap_only",254.174869156647,1.17361702223207e-07
"species_bathy_extrap_only",254.457812191868,1.17361702223207e-07
"species_bathy_extrap_only",254.740755227089,1.17361702223207e-07
"species_bathy_extrap_only",255.02369826231,1.17361702223207e-07
"species_bathy_extrap_only",255.306641297531,1.17361702223207e-07
"species_bathy_extrap_only",255.589584332752,1.17361702223207e-07
"species_bathy_extrap_only",255.872527367973,1.17361702223207e-07
"species_bathy_extrap_only",256.155470403194,1.17361702223207e-07
"species_bathy_extrap_only",256.438413438416,1.17361702223207e-07
"species_bathy_extrap_only",256.721356473637,1.17361702223207e-07
"species_bathy_extrap_only",257.004299508858,1.17361702223207e-07
"species_bathy_extrap_only",257.287242544079,1.17361702223207e-07
"species_bathy_extrap_only",257.5701855793,1.17361702223207e-07
"species_bathy_extrap_only",257.853128614521,1.17361702223207e-07
"species_bathy_extrap_only",258.136071649742,1.17361702223207e-07
"species_bathy_extrap_only",258.419014684963,1.17361702223207e-07
"species_bathy_extrap_only",258.701957720184,1.17361702223207e-07
"species_bathy_extrap_only",258.984900755405,1.17361702223207e-07
"species_bathy_extrap_only",259.267843790627,1.17361702223207e-07
"species_bathy_extrap_only",259.550786825848,1.17361702223207e-07
"species_bathy_extrap_only",259.833729861069,1.17361702223207e-07
"species_bathy_extrap_only",260.11667289629,1.17361702223207e-07
"species_bathy_extrap_only",260.399615931511,1.17361702223207e-07
"species_bathy_extrap",-22.5434192895889,0.939865243434906
"species_bathy_extrap",-22.2604762543678,0.939865243434906
"species_bathy_extrap",-21.9775332191467,0.939865243434906
"species_bathy_extrap",-21.6945901839256,0.939865243434906
"species_bathy_extrap",-21.4116471487045,0.939865243434906
"species_bathy_extrap",-21.1287041134834,0.939865243434906
"species_bathy_extrap",-20.8457610782623,0.939865243434906
"species_bathy_extrap",-20.5628180430412,0.939865243434906
"species_bathy_extrap",-20.2798750078201,0.939865243434906
"species_bathy_extrap",-19.996931972599,0.939865243434906
"species_bathy_extrap",-19.7139889373779,0.939865243434906
"species_bathy_extrap",-19.4310459021568,0.939865243434906
"species_bathy_extrap",-19.1481028669357,0.939865243434906
"species_bathy_extrap",-18.8651598317146,0.939865243434906
"species_bathy_extrap",-18.5822167964935,0.939865243434906
"species_bathy_extrap",-18.2992737612724,0.939865243434906
"species_bathy_extrap",-18.0163307260513,0.939865243434906
"species_bathy_extrap",-17.7333876908302,0.939865243434906
"species_bathy_extrap",-17.4504446556091,0.939865243434906
"species_bathy_extrap",-17.167501620388,0.939865243434906
"species_bathy_extrap",-16.8845585851669,0.939865243434906
"species_bathy_extrap",-16.6016155499458,0.939865243434906
"species_bathy_extrap",-16.3186725147247,0.939865243434906
"species_bathy_extrap",-16.0357294795036,0.939865243434906
"species_bathy_extrap",-15.7527864442825,0.939865243434906
"species_bathy_extrap",-15.4698434090614,0.939865243434906
"species_bathy_extrap",-15.1869003738403,0.939865243434906
"species_bathy_extrap",-14.9039573386192,0.939865243434906
"species_bathy_extrap",-14.6210143033981,0.939865243434906
"species_bathy_extrap",-14.338071268177,0.939865243434906
"species_bathy_extrap",-14.0551282329559,0.939865243434906
"species_bathy_extrap",-13.7721851977348,0.939865243434906
"species_bathy_extrap",-13.4892421625137,0.939865243434906
"species_bathy_extrap",-13.2062991272926,0.939865243434906
"species_bathy_extrap",-12.9233560920715,0.939865243434906
"species_bathy_extrap",-12.6404130568504,0.939865243434906
"species_bathy_extrap",-12.3574700216293,0.939865243434906
"species_bathy_extrap",-12.0745269864082,0.939865243434906
"species_bathy_extrap",-11.7915839511871,0.939865243434906
"species_bathy_extrap",-11.508640915966,0.939865243434906
"species_bathy_extrap",-11.2256978807449,0.939865243434906
"species_bathy_extrap",-10.9427548455238,0.939865243434906
"species_bathy_extrap",-10.6598118103027,0.939865243434906
"species_bathy_extrap",-10.3768687750816,0.939865243434906
"species_bathy_extrap",-10.0939257398605,0.939865243434906
"species_bathy_extrap",-9.81098270463944,0.939865243434906
"species_bathy_extrap",-9.52803966941834,0.939865243434906
"species_bathy_extrap",-9.24509663419724,0.939865243434906
"species_bathy_extrap",-8.96215359897614,0.939865243434906
"species_bathy_extrap",-8.67921056375504,0.939865243434906
"species_bathy_extrap",-8.39626752853394,0.939865243434906
"species_bathy_extrap",-8.11332449331284,0.939865243434906
"species_bathy_extrap",-7.83038145809174,0.939865243434906
"species_bathy_extrap",-7.54743842287064,0.939865243434906
"species_bathy_extrap",-7.26449538764954,0.939865243434906
"species_bathy_extrap",-6.98155235242844,0.939865243434906
"species_bathy_extrap",-6.69860931720734,0.939865243434906
"species_bathy_extrap",-6.41566628198624,0.939865243434906
"species_bathy_extrap",-6.13272324676514,0.939865243434906
"species_bathy_extrap",-5.84978021154404,0.939865243434906
"species_bathy_extrap",-5.56683717632294,0.939865243434906
"species_bathy_extrap",-5.28389414110184,0.939865243434906
"species_bathy_extrap",-5.00095110588074,0.939865243434906
"species_bathy_extrap",-4.71800807065964,0.939865243434906
"species_bathy_extrap",-4.43506503543854,0.939865243434906
"species_bathy_extrap",-4.15212200021744,0.939865243434906
"species_bathy_extrap",-3.86917896499634,0.939865243434906
"species_bathy_extrap",-3.58623592977524,0.939865243434906
"species_bathy_extrap",-3.30329289455414,0.939865243434906
"species_bathy_extrap",-3.02034985933304,0.939865243434906
"species_bathy_extrap",-2.73740682411194,0.939865243434906
"species_bathy_extrap",-2.45446378889084,0.939865243434906
"species_bathy_extrap",-2.17152075366974,0.939865243434906
"species_bathy_extrap",-1.88857771844864,0.939865243434906
"species_bathy_extrap",-1.60563468322754,0.939865243434906
"species_bathy_extrap",-1.32269164800644,0.939865243434906
"species_bathy_extrap",-1.03974861278534,0.939865243434906
"species_bathy_extrap",-0.75680557756424,0.939865243434906
"species_bathy_extrap",-0.473862542343138,0.939865243434906
"species_bathy_extrap",-0.19091950712204,0.939865243434906
"species_bathy_extrap",0.0920235280990624,0.939865243434906
"species_bathy_extrap",0.374966563320161,0.939865243434906
"species_bathy_extrap",0.657909598541263,0.939865243434906
"species_bathy_extrap",0.940852633762361,0.893763526823257
"species_bathy_extrap",1.22379566898346,0.84731948145968
"species_bathy_extrap",1.50673870420456,0.794003101542131
"species_bathy_extrap",1.78968173942566,0.739957783881355
"species_bathy_extrap",2.07262477464676,0.724142415995397
"species_bathy_extrap",2.35556780986786,0.708260614750345
"species_bathy_extrap",2.63851084508896,0.69127967010153
"species_bathy_extrap",2.92145388031006,0.674236665682817
"species_bathy_extrap",3.20439691553116,0.656221330327201
"species_bathy_extrap",3.48733995075226,0.638149881211236
"species_bathy_extrap",3.77028298597336,0.620372392331256
"species_bathy_extrap",4.05322602119446,0.602546258669232
"species_bathy_extrap",4.33616905641556,0.588355609570943
"species_bathy_extrap",4.61911209163666,0.574288408115192
"species_bathy_extrap",4.90205512685776,0.561308379253236
"species_bathy_extrap",5.18499816207886,0.548369579724701
"species_bathy_extrap",5.46794119729996,0.535356307672191
"species_bathy_extrap",5.75088423252106,0.522327874040392
"species_bathy_extrap",6.03382726774216,0.509252906571348
"species_bathy_extrap",6.31677030296326,0.496169316163502
"species_bathy_extrap",6.59971333818436,0.483105222521781
"species_bathy_extrap",6.88265637340546,0.470039216116466
"species_bathy_extrap",7.16559940862656,0.457058267458457
"species_bathy_extrap",7.44854244384766,0.444082126932093
"species_bathy_extrap",7.73148547906876,0.431116990311818
"species_bathy_extrap",8.01442851428986,0.41806502988369
"species_bathy_extrap",8.29737154951096,0.404867238706039
"species_bathy_extrap",8.58031458473206,0.391471451401104
"species_bathy_extrap",8.86325761995316,0.376643813923271
"species_bathy_extrap",9.14620065517426,0.361858883045319
"species_bathy_extrap",9.42914369039536,0.347522680054135
"species_bathy_extrap",9.71208672561646,0.333239934078206
"species_bathy_extrap",9.99502976083756,0.319487514456226
"species_bathy_extrap",10.2779727960587,0.30579741165403
"species_bathy_extrap",10.5609158312798,0.292697916834014
"species_bathy_extrap",10.8438588665009,0.279667559887092
"species_bathy_extrap",11.126801901722,0.267273589665456
"species_bathy_extrap",11.4097449369431,0.254953505632258
"species_bathy_extrap",11.6926879721642,0.243301368760803
"species_bathy_extrap",11.9756310073853,0.231725887664972
"species_bathy_extrap",12.2585740426064,0.220836274589715
"species_bathy_extrap",12.5415170778275,0.21002427317718
"species_bathy_extrap",12.8244601130486,0.199903718977491
"species_bathy_extrap",13.1074031482697,0.189860151342169
"species_bathy_extrap",13.3903461834908,0.180502645944563
"species_bathy_extrap",13.6732892187119,0.171220179988304
"species_bathy_extrap",13.956232253933,0.162609186500479
"species_bathy_extrap",14.2391752891541,0.154070245737518
"species_bathy_extrap",14.5221183243752,0.1461806033362
"species_bathy_extrap",14.8050613595963,0.138359247740564
"species_bathy_extrap",15.0880043948174,0.131159194793294
"species_bathy_extrap",15.3709474300385,0.124023129035444
"species_bathy_extrap",15.6538904652596,0.117476072672569
"species_bathy_extrap",15.9368335004807,0.110988379386343
"species_bathy_extrap",16.2197765357018,0.105054498569235
"species_bathy_extrap",16.5027195709229,0.0991752225857421
"species_bathy_extrap",16.785662606144,0.0938129278504752
"species_bathy_extrap",17.0686056413651,0.0885004740905113
"species_bathy_extrap",17.3515486765862,0.08366751766059
"species_bathy_extrap",17.6344917118073,0.0788797584524967
"species_bathy_extrap",17.9174347470284,0.0745342092514181
"species_bathy_extrap",18.2003777822495,0.0702294071814039
"species_bathy_extrap",18.4833208174706,0.0663304157792446
"species_bathy_extrap",18.7662638526917,0.0624679736698583
"species_bathy_extrap",19.0492068879128,0.058976256941858
"species_bathy_extrap",19.3321499231339,0.055517179463893
"species_bathy_extrap",19.615092958355,0.0523954570809782
"species_bathy_extrap",19.8980359935761,0.049302768755932
"species_bathy_extrap",20.1809790287972,0.0465288920621482
"species_bathy_extrap",20.4639220640183,0.0437891330674931
"species_bathy_extrap",20.7468650992394,0.0414513077790865
"species_bathy_extrap",21.0298081344605,0.0391803798625972
"species_bathy_extrap",21.3127511696816,0.0372946988512812
"species_bathy_extrap",21.5956942049027,0.0354420971670629
"species_bathy_extrap",21.8786372401238,0.0338407981161713
"species_bathy_extrap",22.1615802753449,0.0322577591602687
"species_bathy_extrap",22.444523310566,0.031159704464355
"species_bathy_extrap",22.7274663457871,0.0300970954235278
"species_bathy_extrap",23.0104093810082,0.0294059054935822
"species_bathy_extrap",23.2933524162293,0.0287235361972861
"species_bathy_extrap",23.5762954514504,0.0281561828197622
"species_bathy_extrap",23.8592384866715,0.0275889935702497
"species_bathy_extrap",24.1421815218926,0.0271017768343939
"species_bathy_extrap",24.4251245571137,0.0266147217742374
"species_bathy_extrap",24.7080675923348,0.0262875620385448
"species_bathy_extrap",24.9910106275558,0.0259605616806735
"species_bathy_extrap",25.273953662777,0.0256869760514362
"species_bathy_extrap",25.5568966979981,0.0254135474404324
"species_bathy_extrap",25.8398397332192,0.0251464176165968
"species_bathy_extrap",26.1227827684403,0.0248794425332187
"species_bathy_extrap",26.4057258036614,0.0246212610940794
"species_bathy_extrap",26.6886688388825,0.024363232127577
"species_bathy_extrap",26.9716118741036,0.0241210166472846
"species_bathy_extrap",27.2545549093247,0.0238789513106729
"species_bathy_extrap",27.5374979445458,0.0236417942864292
"species_bathy_extrap",27.8204409797669,0.0234047852999461
"species_bathy_extrap",28.103384014988,0.0231725765928957
"species_bathy_extrap",28.386327050209,0.0229405136854595
"species_bathy_extrap",28.6692700854302,0.0227173089362856
"species_bathy_extrap",28.9522131206513,0.0224942478290511
"species_bathy_extrap",29.2351561558724,0.0222795475574914
"species_bathy_extrap",29.5180991910935,0.0220649887797688
"species_bathy_extrap",29.8010422263146,0.0218615092923734
"species_bathy_extrap",30.0839852615356,0.0216581692304188
"species_bathy_extrap",30.3669282967568,0.0214585665715387
"species_bathy_extrap",30.6498713319779,0.0212591012788925
"species_bathy_extrap",30.932814367199,0.0210631920831034
"species_bathy_extrap",31.21575740242,0.0208674182732813
"species_bathy_extrap",31.4987004376412,0.0206751360789378
"species_bathy_extrap",31.7816434728622,0.0204829871599825
"species_bathy_extrap",32.0645865080834,0.0202942655756798
"species_bathy_extrap",32.3475295433045,0.0201056752351268
"species_bathy_extrap",32.6304725785256,0.0199204513400754
"species_bathy_extrap",32.9134156137467,0.0197353568046771
"species_bathy_extrap",33.1963586489678,0.0195535649058628
"species_bathy_extrap",33.4793016841889,0.0193719004220439
"species_bathy_extrap",33.76224471941,0.0191934798106611
"species_bathy_extrap",34.045187754631,0.019015184747216
"species_bathy_extrap",34.3281307898522,0.0188400751069125
"species_bathy_extrap",34.6110738250733,0.0186650890187088
"species_bathy_extrap",34.8940168602944,0.01849322810697
"species_bathy_extrap",35.1769598955155,0.018321488965914
"species_bathy_extrap",35.4599029307366,0.0181528184468868
"species_bathy_extrap",35.7428459659576,0.0179842678569472
"species_bathy_extrap",36.0257890011788,0.0178187305620962
"species_bathy_extrap",36.3087320363999,0.0176533114311889
"species_bathy_extrap",36.591675071621,0.0174908479744317
"species_bathy_extrap",36.874618106842,0.0173285007888425
"species_bathy_extrap",37.1575611420632,0.0171690564066042
"species_bathy_extrap",37.4405041772843,0.0170097266821438
"species_bathy_extrap",37.7234472125054,0.0168532466609541
"species_bathy_extrap",38.0063902477265,0.0166968793541611
"species_bathy_extrap",38.2893332829476,0.0165433074261483
"species_bathy_extrap",38.5722763181687,0.0163898467491731
"species_bathy_extrap",38.8552193533898,0.0162391318059103
"species_bathy_extrap",39.1381623886109,0.0160885262544127
"species_bathy_extrap",39.421105423832,0.0159406136285205
"species_bathy_extrap",39.704048459053,0.0157928088114436
"species_bathy_extrap",39.9869914942742,0.015647648269001
"species_bathy_extrap",40.2699345294953,0.0155025938930112
"species_bathy_extrap",40.5528775647164,0.0153601348932984
"species_bathy_extrap",40.8358205999374,0.0152177802923417
"species_bathy_extrap",41.1187636351586,0.0150779716704956
"species_bathy_extrap",41.4017066703797,0.0149382660859602
"species_bathy_extrap",41.6846497056008,0.0148010602012973
"species_bathy_extrap",41.9675927408218,0.0146639556680604
"species_bathy_extrap",42.250535776043,0.0145293049745588
"species_bathy_extrap",42.533478811264,0.0143947540864826
"species_bathy_extrap",42.8164218464851,0.0142626098393801
"species_bathy_extrap",43.0993648817062,0.0141305637932472
"species_bathy_extrap",43.3823079169274,0.0140008803657899
"species_bathy_extrap",43.6652509521485,0.0138712938046593
"species_bathy_extrap",43.9481939873695,0.0137440264068089
"species_bathy_extrap",44.2311370225907,0.0136168542527057
"species_bathy_extrap",44.5140800578118,0.0134919564718343
"species_bathy_extrap",44.7970230930329,0.0133671524828696
"species_bathy_extrap",45.079966128254,0.0132445819634485
"species_bathy_extrap",45.362909163475,0.0131221038559502
"species_bathy_extrap",45.6458521986962,0.0130018160622799
"species_bathy_extrap",45.9287952339173,0.0128816191775117
"species_bathy_extrap",46.2117382691383,0.0127635722625988
"species_bathy_extrap",46.4946813043595,0.0126456149222961
"species_bathy_extrap",46.7776243395805,0.0125297680286387
"species_bathy_extrap",47.0605673748017,0.0124140092528373
"species_bathy_extrap",47.3435104100228,0.0123003201766242
"species_bathy_extrap",47.6264534452438,0.0121867179611923
"species_bathy_extrap",47.909396480465,0.0120751470261331
"species_bathy_extrap",48.192339515686,0.0119636615086936
"species_bathy_extrap",48.4752825509071,0.0118541700683054
"species_bathy_extrap",48.7582255861283,0.0117447627370904
"species_bathy_extrap",49.0411686213493,0.0116373107514071
"species_bathy_extrap",49.3241116565705,0.0115299416045804
"species_bathy_extrap",49.6070546917915,0.0114244915969815
"species_bathy_extrap",49.8899977270126,0.011319123100616
"species_bathy_extrap",50.1729407622338,0.0112156384138354
"species_bathy_extrap",50.4558837974549,0.0111122340120365
"species_bathy_extrap",50.738826832676,0.0110106767351258
"species_bathy_extrap",51.021769867897,0.0109091984283051
"species_bathy_extrap",51.3047129031182,0.0108095337044551
"species_bathy_extrap",51.5876559383393,0.0107099467994586
"species_bathy_extrap",51.8705989735603,0.0106121382237465
"species_bathy_extrap",52.1535420087815,0.010514406164536
"species_bathy_extrap",52.4364850440026,0.0104184194399032
"species_bathy_extrap",52.7194280792236,0.0103225080921182
"species_bathy_extrap",53.0023711144447,0.0102283099945032
"species_bathy_extrap",53.2853141496658,0.010134186108492
"species_bathy_extrap",53.568257184887,0.0100417416594159
"species_bathy_extrap",53.851200220108,0.00994937016930412
"species_bathy_extrap",54.1341432553291,0.00985864733988444
"species_bathy_extrap",54.4170862905503,0.00976799643976175
"species_bathy_extrap",54.7000293257713,0.00967896340192927
"species_bathy_extrap",54.9829723609925,0.00959000105271967
"species_bathy_extrap",55.2659153962136,0.0095026254688238
"species_bathy_extrap",55.5488584314346,0.00941531958526804
"species_bathy_extrap",55.8318014666558,0.00932957033929581
"species_bathy_extrap",56.1147445018768,0.00924388953419583
"species_bathy_extrap",56.3976875370979,0.00915973694563086
"species_bathy_extrap",56.680630572319,0.00907565188122472
"species_bathy_extrap",56.9635736075401,0.00899306506564026
"species_bathy_extrap",57.2465166427613,0.00891054458765628
"species_bathy_extrap",57.5294596779823,0.00882949505945521
"species_bathy_extrap",57.8124027132034,0.00874851090105669
"species_bathy_extrap",58.0953457484246,0.00866896889606592
"species_bathy_extrap",58.3782887836457,0.00858949120702422
"species_bathy_extrap",58.6612318188667,0.00851142885556897
"species_bathy_extrap",58.9441748540878,0.008433429741385
"species_bathy_extrap",59.227117889309,0.00835681967517493
"species_bathy_extrap",59.5100609245301,0.00828027189346681
"species_bathy_extrap",59.7930039597511,0.00820508591739073
"species_bathy_extrap",60.0759469949722,0.00812996124784006
"species_bathy_extrap",60.3588900301933,0.00805617316879527
"species_bathy_extrap",60.6418330654145,0.0079824453933793
"species_bathy_extrap",60.9247761006355,0.00791002933094892
"species_bathy_extrap",61.2077191358566,0.0078376726042218
"species_bathy_extrap",61.4906621710778,0.00776660196708141
"species_bathy_extrap",61.7736052062988,0.00769558979181507
"species_bathy_extrap",62.0565482415199,0.0076258395828439
"species_bathy_extrap",62.339491276741,0.00755614678865776
"species_bathy_extrap",62.6224343119622,0.0074876926672088
"species_bathy_extrap",62.9053773471832,0.00741929515512615
"species_bathy_extrap",63.1883203824043,0.00735211211732043
"species_bathy_extrap",63.4712634176254,0.00728498474038734
"species_bathy_extrap",63.7542064528466,0.00721904926410779
"species_bathy_extrap",64.0371494880677,0.00715316850518486
"species_bathy_extrap",64.3200925232887,0.00708845674204784
"species_bathy_extrap",64.6030355585098,0.00702379887463952
"species_bathy_extrap",64.885978593731,0.00696028795541101
"species_bathy_extrap",65.1689216289521,0.00689683011449512
"species_bathy_extrap",65.4518646641731,0.00683449761756252
"species_bathy_extrap",65.7348076993943,0.00677221724055743
"species_bathy_extrap",66.0177507346154,0.00671104084390965
"species_bathy_extrap",66.3006937698364,0.00664991578761605
"species_bathy_extrap",66.5836368050576,0.00658987433846348
"species_bathy_extrap",66.8665798402786,0.00652988336757799
"species_bathy_extrap",67.1495228754997,0.00647095448134507
"species_bathy_extrap",67.4324659107209,0.00641207535963183
"species_bathy_extrap",67.7154089459419,0.00635423851540465
"species_bathy_extrap",67.998351981163,0.00629645049636104
"species_bathy_extrap",68.2812950163841,0.00623968518005166
"species_bathy_extrap",68.5642380516053,0.00618296798321926
"species_bathy_extrap",68.8471810868263,0.00612725406069193
"species_bathy_extrap",69.1301241220474,0.00607158749864884
"species_bathy_extrap",69.4130671572686,0.00601690574817244
"species_bathy_extrap",69.6960101924896,0.0059622705181096
"species_bathy_extrap",69.9789532277107,0.00590860033195401
"species_bathy_extrap",70.2618962629319,0.00585497594381755
"species_bathy_extrap",70.5448392981529,0.00580229878872107
"species_bathy_extrap",70.827782333374,0.00574966668490359
"species_bathy_extrap",71.1107253685951,0.00569796417125892
"species_bathy_extrap",71.3936684038162,0.00564630605041032
"species_bathy_extrap",71.6766114390373,0.00559555957537211
"species_bathy_extrap",71.9595544742585,0.00554485667019383
"species_bathy_extrap",72.2424975094795,0.0054950482074271
"species_bathy_extrap",72.5254405447006,0.00544528263561633
"species_bathy_extrap",72.8083835799218,0.00539639515619332
"species_bathy_extrap",73.0913266151429,0.00534754992025156
"species_bathy_extrap",73.3742696503639,0.00529956495493718
"species_bathy_extrap",73.657212685585,0.00525162145059518
"species_bathy_extrap",73.9401557208061,0.00520452265634769
"species_bathy_extrap",74.2230987560272,0.00515746472436905
"species_bathy_extrap",74.5060417912484,0.0051112353871396
"species_bathy_extrap",74.7889848264694,0.0050650461928637
"species_bathy_extrap",75.0719278616905,0.00501966999869459
"species_bathy_extrap",75.3548708969116,0.0049743333829329
"species_bathy_extrap",75.6378139321327,0.00492979460698844
"species_bathy_extrap",75.9207569673538,0.00488529464302411
"species_bathy_extrap",76.203700002575,0.0048415766653546
"species_bathy_extrap",76.4866430377961,0.00479789691455447
"species_bathy_extrap",76.7695860730171,0.0047549848533332
"species_bathy_extrap",77.0525291082382,0.00471211043702942
"species_bathy_extrap",77.3354721434594,0.00466998899632066
"species_bathy_extrap",77.6184151786804,0.00462790450011953
"species_bathy_extrap",77.9013582139015,0.00458655874589812
"species_bathy_extrap",78.1843012491227,0.00454524936098097
"species_bathy_extrap",78.4672442843437,0.00450466491375787
"species_bathy_extrap",78.7501873195648,0.00446411625037727
"species_bathy_extrap",79.0331303547859,0.00442427924925304
"species_bathy_extrap",79.316073390007,0.00438447747650297
"species_bathy_extrap",79.5990164252281,0.00434537276363693
"species_bathy_extrap",79.8819594604493,0.004306302606846
"species_bathy_extrap",80.1649024956703,0.00426791702638542
"species_bathy_extrap",80.4478455308914,0.00422956549290973
"species_bathy_extrap",80.7307885661126,0.00419188545187681
"species_bathy_extrap",81.0137316013337,0.00415423888538544
"species_bathy_extrap",81.2966746365547,0.00411725126529672
"species_bathy_extrap",81.5796176717758,0.00408029660327265
"species_bathy_extrap",81.8625607069969,0.00404398865313626
"species_bathy_extrap",82.145503742218,0.00400771304241857
"species_bathy_extrap",82.4284467774391,0.0039720711839685
"species_bathy_extrap",82.7113898126602,0.00393646115458655
"species_bathy_extrap",82.9943328478813,0.0039014733907172
"species_bathy_extrap",83.2772758831024,0.00386651697450582
"species_bathy_extrap",83.5602189183235,0.00383217093880756
"species_bathy_extrap",83.8431619535446,0.00379785565515881
"species_bathy_extrap",84.1261049887657,0.0037641392944015
"species_bathy_extrap",84.4090480239869,0.00373045321007482
"species_bathy_extrap",84.6919910592079,0.00369735471884514
"species_bathy_extrap",84.974934094429,0.00366428600532592
"species_bathy_extrap",85.2578771296502,0.00363179427165761
"species_bathy_extrap",85.5408201648712,0.00359933184553715
"species_bathy_extrap",85.8237632000923,0.0035674345921706
"species_bathy_extrap",86.1067062353134,0.00353556608930413
"species_bathy_extrap",86.3896492705345,0.00350425256882316
"species_bathy_extrap",86.6725923057556,0.00347296735986959
"species_bathy_extrap",86.9555353409767,0.00344222673296446
"species_bathy_extrap",87.2384783761978,0.00341151395570421
"species_bathy_extrap",87.5214214114189,0.00338133537207463
"species_bathy_extrap",87.80436444664,0.00335118414093323
"species_bathy_extrap",88.0873074818611,0.00332155736021053
"species_bathy_extrap",88.3702505170822,0.0032919574882012
"species_bathy_extrap",88.6531935523033,0.00326287162321239
"species_bathy_extrap",88.9361365875245,0.00323381221319095
"species_bathy_extrap",89.2190796227455,0.00320525749081293
"species_bathy_extrap",89.5020226579666,0.00317672880986019
"species_bathy_extrap",89.7849656931877,0.00314869517437974
"species_bathy_extrap",90.0679087284088,0.00312068708195539
"species_bathy_extrap",90.35085176363,0.00309316479124904
"species_bathy_extrap",90.633794798851,0.00306566764759008
"species_bathy_extrap",90.9167378340721,0.00303864710826012
"species_bathy_extrap",91.1996808692932,0.0030116512851733
"species_bathy_extrap",91.4826239045143,0.00298512353904691
"species_bathy_extrap",91.7655669397354,0.0029586201302097
"species_bathy_extrap",92.0485099749565,0.00293257526077432
"species_bathy_extrap",92.3314530101776,0.0029065542537272
"species_bathy_extrap",92.6143960453987,0.00288098355605171
"species_bathy_extrap",92.8973390806198,0.00285543635881743
"species_bathy_extrap",93.180282115841,0.00283033099586869
"species_bathy_extrap",93.463225151062,0.00280524873700147
"species_bathy_extrap",93.7461681862831,0.00278059990570883
"species_bathy_extrap",94.0291112215042,0.00275597376028113
"species_bathy_extrap",94.3120542567253,0.00273177326054028
"species_bathy_extrap",94.5949972919464,0.00270759506726369
"species_bathy_extrap",94.8779403271675,0.00268383401335004
"species_bathy_extrap",95.1608833623886,0.00266009490082664
"species_bathy_extrap",95.4438263976097,0.00263676543163797
"species_bathy_extrap",95.7267694328308,0.00261345755294859
"species_bathy_extrap",96.0097124680519,0.00259055147182234
"species_bathy_extrap",96.292655503273,0.00256766656080906
"species_bathy_extrap",96.5755985384942,0.00254517600481913
"species_bathy_extrap",96.8585415737153,0.0025227062844359
"species_bathy_extrap",97.1414846089363,0.0025006235445476
"species_bathy_extrap",97.4244276441574,0.00247856129593211
"species_bathy_extrap",97.7073706793785,0.00245687896574757
"species_bathy_extrap",97.9903137145996,0.00243521676102793
"species_bathy_extrap",98.2732567498208,0.00241392690971539
"species_bathy_extrap",98.5561997850418,0.00239265683209932
"species_bathy_extrap",98.8391428202629,0.00237175238458959
"species_bathy_extrap",99.122085855484,0.00235086739629227
"species_bathy_extrap",99.4050288907051,0.00233034127792329
"species_bathy_extrap",99.6879719259262,0.00230983428290437
"species_bathy_extrap",99.9709149611473,0.00228967927315988
"species_bathy_extrap",100.253857996368,0.002269543029812
"species_bathy_extrap",100.53680103159,0.00224975247907948
"species_bathy_extrap",100.819744066811,0.00222998039784073
"species_bathy_extrap",101.102687102032,0.00221054724891556
"species_bathy_extrap",101.385630137253,0.0021911322628973
"species_bathy_extrap",101.668573172474,0.00217204998185524
"species_bathy_extrap",101.951516207695,0.0021529855246829
"species_bathy_extrap",102.234459242916,0.0021342474794361
"species_bathy_extrap",102.517402278137,0.00211552694403762
"species_bathy_extrap",102.800345313358,0.00209712686402703
"species_bathy_extrap",103.083288348579,0.00207874401593116
"species_bathy_extrap",103.366231383801,0.00206067568224776
"species_bathy_extrap",103.649174419022,0.00204262429861284
"species_bathy_extrap",103.932117454243,0.00202488158920696
"species_bathy_extrap",104.215060489464,0.00200715548780505
"species_bathy_extrap",104.498003524685,0.00198973204108146
"species_bathy_extrap",104.780946559906,0.00197232494673186
"species_bathy_extrap",105.063889595127,0.00195521503691237
"species_bathy_extrap",105.346832630348,0.0019381211807453
"species_bathy_extrap",105.629775665569,0.00192131903945285
"species_bathy_extrap",105.91271870079,0.00190453270509311
"species_bathy_extrap",106.195661736012,0.00188803256981828
"species_bathy_extrap",106.478604771233,0.00187154792431979
"species_bathy_extrap",106.761547806454,0.00185534417303741
"species_bathy_extrap",107.044490841675,0.00183915565716175
"species_bathy_extrap",107.327433876896,0.00182324303819581
"species_bathy_extrap",107.610376912117,0.00180734541287059
"species_bathy_extrap",107.893319947338,0.00179171815806314
"species_bathy_extrap",108.176262982559,0.00177610560201972
"species_bathy_extrap",108.45920601778,0.00176075861339885
"species_bathy_extrap",108.742149053001,0.00174542607963817
"species_bathy_extrap",109.025092088223,0.00173035415645272
"species_bathy_extrap",109.308035123444,0.00171529643497033
"species_bathy_extrap",109.590978158665,0.00170049452984305
"species_bathy_extrap",109.873921193886,0.00168570659111417
"species_bathy_extrap",110.156864229107,0.00167116978615438
"species_bathy_extrap",110.439807264328,0.0016566466762404
"species_bathy_extrap",110.722750299549,0.00164236986287567
"species_bathy_extrap",111.00569333477,0.0016281065231719
"species_bathy_extrap",111.288636369991,0.00161408503614959
"species_bathy_extrap",111.571579405212,0.00160007679219796
"species_bathy_extrap",111.854522440434,0.00158630585971605
"species_bathy_extrap",112.137465475655,0.00157254791476258
"species_bathy_extrap",112.420408510876,0.00155902292792043
"species_bathy_extrap",112.703351546097,0.00154551070647205
"species_bathy_extrap",112.986294581318,0.00153222714708443
"species_bathy_extrap",113.269237616539,0.00151895613768844
"species_bathy_extrap",113.55218065176,0.00150590974898051
"species_bathy_extrap",113.835123686981,0.00149287569629794
"species_bathy_extrap",114.118066722202,0.00148006177532617
"species_bathy_extrap",114.401009757423,0.00146725994664344
"species_bathy_extrap",114.683952792645,0.00145467432301017
"species_bathy_extrap",114.966895827866,0.00144210059106908
"species_bathy_extrap",115.249838863087,0.00142973911735449
"species_bathy_extrap",115.532781898308,0.00141738932576909
"species_bathy_extrap",115.815724933529,0.00140524789212457
"species_bathy_extrap",116.09866796875,0.00139311794274049
"species_bathy_extrap",116.381611003971,0.00138119255008052
"species_bathy_extrap",116.664554039192,0.00136927841452081
"species_bathy_extrap",116.947497074413,0.00135756489258178
"species_bathy_extrap",117.230440109634,0.00134586243777945
"species_bathy_extrap",117.513383144856,0.00133435704587914
"species_bathy_extrap",117.796326180077,0.00132286253750164
"species_bathy_extrap",118.079269215298,0.00131156139185948
"species_bathy_extrap",118.362212250519,0.00130027091213636
"species_bathy_extrap",118.64515528574,0.00128917029125013
"species_bathy_extrap",118.928098320961,0.00127808015532535
"species_bathy_extrap",119.211041356182,0.00126717639637765
"species_bathy_extrap",119.493984391403,0.00125628294267825
"species_bathy_extrap",119.776927426624,0.00124557253827028
"species_bathy_extrap",120.059870461845,0.00123487225071851
"species_bathy_extrap",120.342813497067,0.00122435141769253
"species_bathy_extrap",120.625756532288,0.00121384050953304
"species_bathy_extrap",120.908699567509,0.00120350590579963
"species_bathy_extrap",121.19164260273,0.00119318105598623
"species_bathy_extrap",121.474585637951,0.00118302928457553
"species_bathy_extrap",121.757528673172,0.0011728871022248
"species_bathy_extrap",122.040471708393,0.00116291479149748
"species_bathy_extrap",122.323414743614,0.00115295187692307
"species_bathy_extrap",122.606357778835,0.00114315584806023
"species_bathy_extrap",122.889300814056,0.00113336905777323
"species_bathy_extrap",123.172243849278,0.00112374588374447
"species_bathy_extrap",123.455186884499,0.00111413177736102
"species_bathy_extrap",123.73812991972,0.00110467845330085
"species_bathy_extrap",124.021072954941,0.00109523404158236
"species_bathy_extrap",124.304015990162,0.00108594740409914
"species_bathy_extrap",124.586959025383,0.00107666950567388
"species_bathy_extrap",124.869902060604,0.00106754651797167
"species_bathy_extrap",125.152845095825,0.00105843211157486
"species_bathy_extrap",125.435788131046,0.00104946982733088
"species_bathy_extrap",125.718731166267,0.00104051598195552
"species_bathy_extrap",126.001674201489,0.00103171150778372
"species_bathy_extrap",126.28461723671,0.00102291529815982
"species_bathy_extrap",126.567560271931,0.00101426561776288
"species_bathy_extrap",126.850503307152,0.00100562406632927
"species_bathy_extrap",127.133446342373,0.000997126422287873
"species_bathy_extrap",127.416389377594,0.000988636749329612
"species_bathy_extrap",127.699332412815,0.000980288443638754
"species_bathy_extrap",127.982275448036,0.000971947980107243
"species_bathy_extrap",128.265218483257,0.000963746277671521
"species_bathy_extrap",128.548161518478,0.000955552252559034
"species_bathy_extrap",128.8311045537,0.000947494388199674
"species_bathy_extrap",129.114047588921,0.000939444074249954
"species_bathy_extrap",129.396990624142,0.000931527499676429
"species_bathy_extrap",129.679933659363,0.000923618326734075
"species_bathy_extrap",129.962876694584,0.000915840485882515
"species_bathy_extrap",130.245819729805,0.000908069921686935
"species_bathy_extrap",130.528762765026,0.000900428344090054
"species_bathy_extrap",130.811705800247,0.000892793914576349
"species_bathy_extrap",131.094648835468,0.000885286005169738
"species_bathy_extrap",131.377591870689,0.000877785084849333
"species_bathy_extrap",131.660534905911,0.000870408490985897
"species_bathy_extrap",131.943477941132,0.000863038777554356
"species_bathy_extrap",132.226420976353,0.000855791103377543
"species_bathy_extrap",132.509364011574,0.000848550175132932
"species_bathy_extrap",132.792307046795,0.000841429090952657
"species_bathy_extrap",133.075250082016,0.000834314628080381
"species_bathy_extrap",133.358193117237,0.00082731797827436
"species_bathy_extrap",133.641136152458,0.000820327832690367
"species_bathy_extrap",133.924079187679,0.000813453115369818
"species_bathy_extrap",134.2070222229,0.000806584775162268
"species_bathy_extrap",134.489965258122,0.000799829903148941
"species_bathy_extrap",134.772908293343,0.000793081292993362
"species_bathy_extrap",135.055851328564,0.000786444151607765
"species_bathy_extrap",135.338794363785,0.000779813164183417
"species_bathy_extrap",135.621737399006,0.000773291545051997
"species_bathy_extrap",135.904680434227,0.000766775944903512
"species_bathy_extrap",136.187623469448,0.000760367765682951
"species_bathy_extrap",136.470566504669,0.00075396549933168
"species_bathy_extrap",136.75350953989,0.000747668762482143
"species_bathy_extrap",137.036452575111,0.000741377833201902
"species_bathy_extrap",137.319395610333,0.000735190507398707
"species_bathy_extrap",137.602338645554,0.000729008876238832
"species_bathy_extrap",137.885281680775,0.000722928977100868
"species_bathy_extrap",138.168224715996,0.000716854664785506
"species_bathy_extrap",138.451167751217,0.000710880272043849
"species_bathy_extrap",138.734110786438,0.000704911363337545
"species_bathy_extrap",139.017053821659,0.000699040641437652
"species_bathy_extrap",139.29999685688,0.000693175309895563
"species_bathy_extrap",139.582939892101,0.000687406280616683
"species_bathy_extrap",139.865882927322,0.000681642517805285
"species_bathy_extrap",140.148825962544,0.000675973494864442
"species_bathy_extrap",140.431768997765,0.000670309650429031
"species_bathy_extrap",140.714712032986,0.000664738653024247
"species_bathy_extrap",140.997655068207,0.000659172734604216
"species_bathy_extrap",141.280598103428,0.000653698079517027
"species_bathy_extrap",141.563541138649,0.000648228404707562
"species_bathy_extrap",141.84648417387,0.000642848379411834
"species_bathy_extrap",142.129427209091,0.000637473242543007
"species_bathy_extrap",142.412370244312,0.00063218615426472
"species_bathy_extrap",142.695313279533,0.000626903861302149
"species_bathy_extrap",142.978256314755,0.000621708081518817
"species_bathy_extrap",143.261199349976,0.000616517012666823
"species_bathy_extrap",143.544142385197,0.000611410819951013
"species_bathy_extrap",143.827085420418,0.000606309228734475
"species_bathy_extrap",144.110028455639,0.000601291047991267
"species_bathy_extrap",144.39297149086,0.000596277391757604
"species_bathy_extrap",144.675914526081,0.000591345668143328
"species_bathy_extrap",144.958857561302,0.000586418380920996
"species_bathy_extrap",145.241800596523,0.000581571549177442
"species_bathy_extrap",145.524743631744,0.00057672906645009
"species_bathy_extrap",145.807686666966,0.000571965622484526
"species_bathy_extrap",146.090629702187,0.000567206446692561
"species_bathy_extrap",146.373572737408,0.00056252497613582
"species_bathy_extrap",146.656515772629,0.000557847689743216
"species_bathy_extrap",146.93945880785,0.00055324661349886
"species_bathy_extrap",147.222401843071,0.000548649647659588
"species_bathy_extrap",147.505344878292,0.000544127536816401
"species_bathy_extrap",147.788287913513,0.000539609440483151
"species_bathy_extrap",148.071230948734,0.000535164920154827
"species_bathy_extrap",148.354173983955,0.000530724345682646
"species_bathy_extrap",148.637117019177,0.000526356017743478
"species_bathy_extrap",148.920060054398,0.000521991556333474
"species_bathy_extrap",149.203003089619,0.00051769809304411
"species_bathy_extrap",149.48594612484,0.000513408423226828
"species_bathy_extrap",149.768889160061,0.000509188464361922
"species_bathy_extrap",150.051832195282,0.000504972220994215
"species_bathy_extrap",150.334775230503,0.000500824480713233
"species_bathy_extrap",150.617718265724,0.000496680385987376
"species_bathy_extrap",150.900661300945,0.000492603605533874
"species_bathy_extrap",151.183604336166,0.000488530404937172
"species_bathy_extrap",151.466547371388,0.000484523258878854
"species_bathy_extrap",151.749490406609,0.000480519607610926
"species_bathy_extrap",152.03243344183,0.000476580888553309
"species_bathy_extrap",152.315376477051,0.00047264560341781
"species_bathy_extrap",152.598319512272,0.000468774162759738
"species_bathy_extrap",152.881262547493,0.000464906086723857
"species_bathy_extrap",153.164205582714,0.000461100590732141
"species_bathy_extrap",153.447148617935,0.000457298390684892
"species_bathy_extrap",153.730091653156,0.000453557761988298
"species_bathy_extrap",154.013034688377,0.000449820368232291
"species_bathy_extrap",154.295977723599,0.000446143435464801
"species_bathy_extrap",154.57892075882,0.000442469668405773
"species_bathy_extrap",154.861863794041,0.00043885535723851
"species_bathy_extrap",155.144806829262,0.000435244158844536
"species_bathy_extrap",155.427749864483,0.000431691285290369
"species_bathy_extrap",155.710692899704,0.000428141446099863
"species_bathy_extrap",155.993635934925,0.000424648955442843
"species_bathy_extrap",156.276578970146,0.000421159447255305
"species_bathy_extrap",156.559522005367,0.000417726260170643
"species_bathy_extrap",156.842465040588,0.000414295992170458
"species_bathy_extrap",157.12540807581,0.000410921084718495
"species_bathy_extrap",157.408351111031,0.000407549040328748
"species_bathy_extrap",157.691294146252,0.000404231371855314
"species_bathy_extrap",157.974237181473,0.00040091650756608
"species_bathy_extrap",158.257180216694,0.000397655076005382
"species_bathy_extrap",158.540123251915,0.000394396391968464
"species_bathy_extrap",158.823066287136,0.000391190239340426
"species_bathy_extrap",159.106009322357,0.000387986776447008
"species_bathy_extrap",159.388952357578,0.000384834884519849
"species_bathy_extrap",159.671895392799,0.000381685634948096
"species_bathy_extrap",159.954838428021,0.000378587018634824
"species_bathy_extrap",160.237781463242,0.000375490978129086
"species_bathy_extrap",160.520724498463,0.000372444743201441
"species_bathy_extrap",160.803667533684,0.000369401039278675
"species_bathy_extrap",161.086610568905,0.000366406257722956
"species_bathy_extrap",161.369553604126,0.000363413953108203
"species_bathy_extrap",161.652496639347,0.000360469720391047
"species_bathy_extrap",161.935439674568,0.000357527913470511
"species_bathy_extrap",162.218382709789,0.000354633344161114
"species_bathy_extrap",162.50132574501,0.000351741150786292
"species_bathy_extrap",162.784268780232,0.00034889537693709
"species_bathy_extrap",163.067211815453,0.000346051930424765
"species_bathy_extrap",163.350154850674,0.000343254122475061
"species_bathy_extrap",163.633097885895,0.000340458597629935
"species_bathy_extrap",163.916040921116,0.000337707863772836
"species_bathy_extrap",164.198983956337,0.000334959356040817
"species_bathy_extrap",164.481926991558,0.000332254880664335
"species_bathy_extrap",164.764870026779,0.000329552588863776
"species_bathy_extrap",165.047813062,0.000326893626478705
"species_bathy_extrap",165.330756097221,0.000324236803991655
"species_bathy_extrap",165.613699132443,0.000321622461465891
"species_bathy_extrap",165.896642167664,0.000319010211044132
"species_bathy_extrap",166.179585202885,0.000316439763652678
"species_bathy_extrap",166.462528238106,0.000313871367060477
"species_bathy_extrap",166.745471273327,0.00031134404022746
"species_bathy_extrap",167.028414308548,0.000308818718820691
"species_bathy_extrap",167.311357343769,0.000306333783573895
"species_bathy_extrap",167.59430037899,0.00030385081548782
"species_bathy_extrap",167.877243414211,0.000301407486323511
"species_bathy_extrap",168.160186449432,0.00029896607470317
"species_bathy_extrap",168.443129484654,0.000296563651798099
"species_bathy_extrap",168.726072519875,0.000294163110436929
"species_bathy_extrap",169.009015555096,0.00029180087150132
"species_bathy_extrap",169.291958590317,0.000289440471965285
"species_bathy_extrap",169.574901625538,0.000287117726768195
"species_bathy_extrap",169.857844660759,0.000284796782838768
"species_bathy_extrap",170.14078769598,0.00028251284546111
"species_bathy_extrap",170.423730731201,0.000280230670186185
"species_bathy_extrap",170.706673766422,0.000277984864211578
"species_bathy_extrap",170.989616801643,0.000275740782283574
"species_bathy_extrap",171.272559836865,0.000273532496938582
"species_bathy_extrap",171.555502872086,0.000271325901458876
"species_bathy_extrap",171.838445907307,0.000269154382694986
"species_bathy_extrap",172.121388942528,0.000266984510289987
"species_bathy_extrap",172.404331977749,0.00026484916814384
"species_bathy_extrap",172.68727501297,0.000262715440297142
"species_bathy_extrap",172.970218048191,0.000260615648643493
"species_bathy_extrap",173.253161083412,0.000258517434794653
"species_bathy_extrap",173.536104118633,0.000256452574495313
"species_bathy_extrap",173.819047153854,0.000254389257917183
"species_bathy_extrap",174.101990189076,0.000252358733713913
"species_bathy_extrap",174.384933224297,0.000250329719507217
"species_bathy_extrap",174.667876259518,0.000248332930614315
"species_bathy_extrap",174.950819294739,0.000246337617692223
"species_bathy_extrap",175.23376232996,0.000244374003492348
"species_bathy_extrap",175.516705365181,0.000242411835533114
"species_bathy_extrap",175.799648400402,0.000240480776041533
"species_bathy_extrap",176.082591435623,0.000238551124285757
"species_bathy_extrap",176.365534470844,0.000236652089641542
"species_bathy_extrap",176.648477506065,0.000234754435611435
"species_bathy_extrap",176.931420541287,0.000232886861476603
"species_bathy_extrap",177.214363576508,0.00023102063537195
"species_bathy_extrap",177.497306611729,0.000229184004627272
"species_bathy_extrap",177.78024964695,0.000227348691590314
"species_bathy_extrap",178.063192682171,0.000225542432139507
"species_bathy_extrap",178.346135717392,0.000223737461657393
"species_bathy_extrap",178.629078752613,0.000221961065276422
"species_bathy_extrap",178.912021787834,0.000220185927581569
"species_bathy_extrap",179.194964823055,0.000218438903419675
"species_bathy_extrap",179.477907858276,0.000216693111681719
"species_bathy_extrap",179.760850893498,0.00021497491778733
"species_bathy_extrap",180.043793928719,0.000213257923661158
"species_bathy_extrap",180.32673696394,0.000211568078199476
"species_bathy_extrap",180.609679999161,0.000209879406860053
"species_bathy_extrap",180.892623034382,0.000208217424135588
"species_bathy_extrap",181.175566069603,0.000206556588379776
"species_bathy_extrap",181.458509104824,0.000204921993025904
"species_bathy_extrap",181.741452140045,0.000203288518386481
"species_bathy_extrap",182.024395175266,0.000201680844004197
"species_bathy_extrap",182.307338210487,0.000200074264381295
"species_bathy_extrap",182.590281245708,0.000198493037714729
"species_bathy_extrap",182.87322428093,0.000196912878998943
"species_bathy_extrap",183.156167316151,0.000195357656087983
"species_bathy_extrap",183.439110351372,0.000193803476923681
"species_bathy_extrap",183.722053386593,0.000192273849211734
"species_bathy_extrap",184.004996421814,0.00019074524244627
"species_bathy_extrap",184.287939457035,0.000189240700399206
"species_bathy_extrap",184.570882492256,0.000187737151165846
"species_bathy_extrap",184.853825527477,0.000186257297921326
"species_bathy_extrap",185.136768562698,0.000184778415805117
"species_bathy_extrap",185.41971159792,0.000183322824499661
"species_bathy_extrap",185.702654633141,0.00018186818014432
"species_bathy_extrap",185.985597668362,0.000180436446621354
"species_bathy_extrap",186.268540703583,0.000179005638331201
"species_bathy_extrap",186.551483738804,0.000177597349505242
"species_bathy_extrap",186.834426774025,0.000176189962842699
"species_bathy_extrap",187.117369809246,0.000174804726423209
"species_bathy_extrap",187.400312844467,0.000173420370970331
"species_bathy_extrap",187.683255879688,0.000172057801381262
"species_bathy_extrap",187.966198914909,0.000170696091813274
"species_bathy_extrap",188.24914195013,0.000169355774545467
"species_bathy_extrap",188.532084985352,0.000168016293505434
"species_bathy_extrap",188.815028020573,0.000166697870339501
"species_bathy_extrap",189.097971055794,0.000165380264525836
"species_bathy_extrap",189.380914091015,0.000164083350983167
"species_bathy_extrap",189.663857126236,0.000162787233609922
"species_bathy_extrap",189.946800161457,0.000161511493397777
"species_bathy_extrap",190.229743196678,0.000160236530441661
"species_bathy_extrap",190.512686231899,0.000158981566385943
"species_bathy_extrap",190.79562926712,0.000157727359422466
"species_bathy_extrap",191.078572302342,0.000156492834077674
"species_bathy_extrap",191.361515337563,0.000155259046897768
"species_bathy_extrap",191.644458372784,0.000154044629351733
"species_bathy_extrap",191.927401408005,0.000152830932484068
"species_bathy_extrap",192.210344443226,0.000151636257848877
"species_bathy_extrap",192.493287478447,0.000150442283055214
"species_bathy_extrap",192.776230513668,0.00014926702118876
"species_bathy_extrap",193.059173548889,0.000148092441906655
"species_bathy_extrap",193.34211658411,0.00014693627026273
"species_bathy_extrap",193.625059619331,0.000145780763930023
"species_bathy_extrap",193.908002654552,0.000144643361952838
"species_bathy_extrap",194.190945689774,0.00014350660800676
"species_bathy_extrap",194.473888724995,0.00014238765276537
"species_bathy_extrap",194.756831760216,0.00014126932827697
"species_bathy_extrap",195.039774795437,0.00014016851340881
"species_bathy_extrap",195.322717830658,0.000139068312915922
"species_bathy_extrap",195.605660865879,0.000137985345332485
"species_bathy_extrap",195.8886039011,0.000136902976839448
"species_bathy_extrap",196.171546936321,0.000135837539200586
"species_bathy_extrap",196.454489971542,0.00013477268231307
"species_bathy_extrap",196.737433006763,0.000133724465832562
"species_bathy_extrap",197.020376041985,0.000132676815459677
"species_bathy_extrap",197.303319077206,0.000131645544955489
"species_bathy_extrap",197.586262112427,0.000130614825469488
"species_bathy_extrap",197.869205147648,0.000129600215699727
"species_bathy_extrap",198.152148182869,0.000128586141647327
"species_bathy_extrap",198.43509121809,0.000127587911630675
"species_bathy_extrap",198.718034253311,0.000126590202654757
"species_bathy_extrap",199.000977288532,0.000125608076196256
"species_bathy_extrap",199.283920323753,0.000124626456305273
"species_bathy_extrap",199.566863358975,0.000123660178765743
"species_bathy_extrap",199.849806394196,0.000122694394714491
"species_bathy_extrap",200.132749429417,0.000121743674844951
"species_bathy_extrap",200.415692464638,0.000120793432620429
"species_bathy_extrap",200.698635499859,0.000119858019306819
"species_bathy_extrap",200.98157853508,0.000118923070938892
"species_bathy_extrap",201.264521570301,0.000118002708064243
"species_bathy_extrap",201.547464605522,0.000117082796845644
"species_bathy_extrap",201.830407640743,0.000116177232422513
"species_bathy_extrap",202.113350675964,0.000115272106557246
"species_bathy_extrap",202.396293711186,0.000114381103695727
"species_bathy_extrap",202.679236746407,0.000113490526668805
"species_bathy_extrap",202.962179781628,0.000112613821383603
"species_bathy_extrap",203.245122816849,0.000111737529395195
"species_bathy_extrap",203.52806585207,0.000110874908122465
"species_bathy_extrap",203.811008887291,0.000110012688859116
"species_bathy_extrap",204.093951922512,0.00010916388569707
"species_bathy_extrap",204.376894957733,0.000108315470614622
"species_bathy_extrap",204.659837992954,0.000107480270636123
"species_bathy_extrap",204.942781028175,0.000106645447968311
"species_bathy_extrap",205.225724063397,0.000105823622621421
"species_bathy_extrap",205.508667098618,0.000105002162948813
"species_bathy_extrap",205.791610133839,0.00010419349323837
"species_bathy_extrap",206.07455316906,0.000103385178241853
"species_bathy_extrap",206.357496204281,0.000102589439782992
"species_bathy_extrap",206.640439239502,0.000101794044589109
"species_bathy_extrap",206.923382274723,0.000101011027175998
"species_bathy_extrap",207.206325309944,0.000100228342562082
"species_bathy_extrap",207.489268345165,9.94578417546189e-05
"species_bathy_extrap",207.772211380386,9.86876635926648e-05
"species_bathy_extrap",208.055154415607,9.7929449683008e-05
"species_bathy_extrap",208.338097450829,9.71715467256186e-05
"species_bathy_extrap",208.62104048605,9.64254373104485e-05
"species_bathy_extrap",208.903983521271,9.56796296281625e-05
"species_bathy_extrap",209.186926556492,9.49454060209594e-05
"species_bathy_extrap",209.469869591713,9.42114740198767e-05
"species_bathy_extrap",209.752812626934,9.34889440557254e-05
"species_bathy_extrap",210.035755662155,9.27666958830301e-05
"species_bathy_extrap",210.318698697376,9.20556710381217e-05
"species_bathy_extrap",210.601641732597,9.1344918756312e-05
"species_bathy_extrap",210.884584767818,9.06452050853584e-05
"species_bathy_extrap",211.16752780304,8.99457544769319e-05
"species_bathy_extrap",211.450470838261,8.92571688400909e-05
"species_bathy_extrap",211.733413873482,8.85688373335647e-05
"species_bathy_extrap",212.016356908703,8.78912000678779e-05
"species_bathy_extrap",212.299299943924,8.72138082764962e-05
"species_bathy_extrap",212.582242979145,8.65469209647116e-05
"species_bathy_extrap",212.865186014366,8.5880269571819e-05
"species_bathy_extrap",213.148129049587,8.52239639293904e-05
"species_bathy_extrap",213.431072084808,8.45678861022494e-05
"species_bathy_extrap",213.71401512003,8.39219892305327e-05
"species_bathy_extrap",213.996958155251,8.32763119488501e-05
"species_bathy_extrap",214.279901190472,8.26406490183228e-05
"species_bathy_extrap",214.562844225693,8.20051973488756e-05
"species_bathy_extrap",214.845787260914,8.13796098448538e-05
"species_bathy_extrap",215.128730296135,8.07542257755072e-05
"species_bathy_extrap",215.411673331356,8.01385314061246e-05
"species_bathy_extrap",215.694616366577,7.95230325472946e-05
"species_bathy_extrap",215.977559401798,7.89170858815529e-05
"species_bathy_extrap",216.260502437019,7.83113275042145e-05
"species_bathy_extrap",216.54344547224,7.77149499376752e-05
"species_bathy_extrap",216.826388507462,7.71187524641995e-05
"species_bathy_extrap",217.109331542683,7.65317936718154e-05
"species_bathy_extrap",217.392274577904,7.59450080076027e-05
"species_bathy_extrap",217.675217613125,7.53673172554779e-05
"species_bathy_extrap",217.958160648346,7.47897925748975e-05
"species_bathy_extrap",218.241103683567,7.4221212923633e-05
"species_bathy_extrap",218.524046718788,7.36527922134985e-05
"species_bathy_extrap",218.806989754009,7.30931801376233e-05
"species_bathy_extrap",219.08993278923,7.25337203969498e-05
"species_bathy_extrap",219.372875824451,7.19829206919487e-05
"species_bathy_extrap",219.655818859673,7.14322663612458e-05
"species_bathy_extrap",219.938761894894,7.08901506242481e-05
"species_bathy_extrap",220.221704930115,7.03481742608727e-05
"species_bathy_extrap",220.504647965336,6.98145802944902e-05
"species_bathy_extrap",220.787591000557,6.92811186939617e-05
"species_bathy_extrap",221.070534035778,6.87559208175378e-05
"species_bathy_extrap",221.353477070999,6.82308493536555e-05
"species_bathy_extrap",221.63642010622,6.77138979272188e-05
"species_bathy_extrap",221.919363141441,6.71970667755437e-05
"species_bathy_extrap",222.202306176662,6.66882355262169e-05
"species_bathy_extrap",222.485249211884,6.61795186940628e-05
"species_bathy_extrap",222.768192247105,6.56786744077564e-05
"species_bathy_extrap",223.051135282326,6.51779387159331e-05
"species_bathy_extrap",223.334078317547,6.46849488600367e-05
"species_bathy_extrap",223.617021352768,6.41920618562021e-05
"species_bathy_extrap",223.899964387989,6.37068086148169e-05
"species_bathy_extrap",224.18290742321,6.3221652951719e-05
"species_bathy_extrap",224.465850458431,6.27439924380248e-05
"species_bathy_extrap",224.748793493652,6.22664236505131e-05
"species_bathy_extrap",225.031736528873,6.17962427915425e-05
"species_bathy_extrap",225.314679564095,6.13261486262833e-05
"species_bathy_extrap",225.597622599316,6.08633218271256e-05
"species_bathy_extrap",225.880565634537,6.0400576471836e-05
"species_bathy_extrap",226.163508669758,5.99449877299242e-05
"species_bathy_extrap",226.446451704979,5.94894754721994e-05
"species_bathy_extrap",226.7293947402,5.90410061460496e-05
"species_bathy_extrap",227.012337775421,5.8592608360858e-05
"species_bathy_extrap",227.295280810642,5.81511466956816e-05
"species_bathy_extrap",227.578223845863,5.7709751761849e-05
"species_bathy_extrap",227.861166881085,5.72751819115891e-05
"species_bathy_extrap",228.144109916306,5.68406742099037e-05
"species_bathy_extrap",228.427052951527,5.64128751151577e-05
"species_bathy_extrap",228.709995986748,5.59851333778185e-05
"species_bathy_extrap",228.992939021969,5.55640029768885e-05
"species_bathy_extrap",229.27588205719,5.51429255923978e-05
"species_bathy_extrap",229.558825092411,5.4728354301642e-05
"species_bathy_extrap",229.841768127632,5.43138316504616e-05
"species_bathy_extrap",230.124711162853,5.39057158346279e-05
"species_bathy_extrap",230.407654198074,5.34976444385525e-05
"species_bathy_extrap",230.690597233295,5.30958761642638e-05
"species_bathy_extrap",230.973540268517,5.2694148131795e-05
"species_bathy_extrap",231.256483303738,5.22986278507918e-05
"species_bathy_extrap",231.539426338959,5.19031437971985e-05
"species_bathy_extrap",231.82236937418,5.15137760426243e-05
"species_bathy_extrap",232.105312409401,5.11244406326699e-05
"species_bathy_extrap",232.388255444622,5.07411134061293e-05
"species_bathy_extrap",232.671198479843,5.03578145601529e-05
"species_bathy_extrap",232.954141515064,4.99804361647733e-05
"species_bathy_extrap",233.237084550285,4.96030824591134e-05
"species_bathy_extrap",233.520027585507,4.92315596635673e-05
"species_bathy_extrap",233.802970620728,4.88600578973088e-05
"species_bathy_extrap",234.085913655949,4.84942922858619e-05
"species_bathy_extrap",234.36885669117,4.81285441679104e-05
"species_bathy_extrap",234.651799726391,4.77684428543369e-05
"species_bathy_extrap",234.934742761612,4.74083555468273e-05
"species_bathy_extrap",235.217685796833,4.70538298964495e-05
"species_bathy_extrap",235.500628832054,4.66993148853556e-05
"species_bathy_extrap",235.783571867275,4.63502765789709e-05
"species_bathy_extrap",236.066514902496,4.60012456223671e-05
"species_bathy_extrap",236.349457937717,4.56576080598389e-05
"species_bathy_extrap",236.632400972939,4.53139746453351e-05
"species_bathy_extrap",236.91534400816,4.5200559016525e-05
"species_bathy_extrap",237.198287043381,4.50872454166529e-05
"species_bathy_extrap",237.481230078602,4.50872454166529e-05
"species_bathy_extrap",237.764173113823,4.50872454166529e-05
"species_bathy_extrap",238.047116149044,4.50872454166529e-05
"species_bathy_extrap",238.330059184265,4.50872454166529e-05
"species_bathy_extrap",238.613002219486,4.50872454166529e-05
"species_bathy_extrap",238.895945254707,4.50872454166529e-05
"species_bathy_extrap",239.178888289928,4.50872454166529e-05
"species_bathy_extrap",239.46183132515,4.50872454166529e-05
"species_bathy_extrap",239.744774360371,4.50872454166529e-05
"species_bathy_extrap",240.027717395592,4.50872454166529e-05
"species_bathy_extrap",240.310660430813,4.50872454166529e-05
"species_bathy_extrap",240.593603466034,4.50872454166529e-05
"species_bathy_extrap",240.876546501255,4.50872454166529e-05
"species_bathy_extrap",241.159489536476,4.50872454166529e-05
"species_bathy_extrap",241.442432571697,4.50872454166529e-05
"species_bathy_extrap",241.725375606918,4.50872454166529e-05
"species_bathy_extrap",242.00831864214,4.50872454166529e-05
"species_bathy_extrap",242.291261677361,4.50872454166529e-05
"species_bathy_extrap",242.574204712582,4.50872454166529e-05
"species_bathy_extrap",242.857147747803,4.50872454166529e-05
"species_bathy_extrap",243.140090783024,4.50872454166529e-05
"species_bathy_extrap",243.423033818245,4.50872454166529e-05
"species_bathy_extrap",243.705976853466,4.50872454166529e-05
"species_bathy_extrap",243.988919888687,4.50872454166529e-05
"species_bathy_extrap",244.271862923908,4.50872454166529e-05
"species_bathy_extrap",244.554805959129,4.50872454166529e-05
"species_bathy_extrap",244.83774899435,4.50872454166529e-05
"species_bathy_extrap",245.120692029572,4.50872454166529e-05
"species_bathy_extrap",245.403635064793,4.50872454166529e-05
"species_bathy_extrap",245.686578100014,4.50872454166529e-05
"species_bathy_extrap",245.969521135235,4.50872454166529e-05
"species_bathy_extrap",246.252464170456,4.50872454166529e-05
"species_bathy_extrap",246.535407205677,4.50872454166529e-05
"species_bathy_extrap",246.818350240898,4.50872454166529e-05
"species_bathy_extrap",247.101293276119,4.50872454166529e-05
"species_bathy_extrap",247.38423631134,4.50872454166529e-05
"species_bathy_extrap",247.667179346561,4.50872454166529e-05
"species_bathy_extrap",247.950122381783,4.50872454166529e-05
"species_bathy_extrap",248.233065417004,4.50872454166529e-05
"species_bathy_extrap",248.516008452225,4.50872454166529e-05
"species_bathy_extrap",248.798951487446,4.50872454166529e-05
"species_bathy_extrap",249.081894522667,4.50872454166529e-05
"species_bathy_extrap",249.364837557888,4.50872454166529e-05
"species_bathy_extrap",249.647780593109,4.50872454166529e-05
"species_bathy_extrap",249.93072362833,4.50872454166529e-05
"species_bathy_extrap",250.213666663551,4.50872454166529e-05
"species_bathy_extrap",250.496609698772,4.50872454166529e-05
"species_bathy_extrap",250.779552733994,4.50872454166529e-05
"species_bathy_extrap",251.062495769215,4.50872454166529e-05
"species_bathy_extrap",251.345438804436,4.50872454166529e-05
"species_bathy_extrap",251.628381839657,4.50872454166529e-05
"species_bathy_extrap",251.911324874878,4.50872454166529e-05
"species_bathy_extrap",252.194267910099,4.50872454166529e-05
"species_bathy_extrap",252.47721094532,4.50872454166529e-05
"species_bathy_extrap",252.760153980541,4.50872454166529e-05
"species_bathy_extrap",253.043097015762,4.50872454166529e-05
"species_bathy_extrap",253.326040050983,4.50872454166529e-05
"species_bathy_extrap",253.608983086205,4.50872454166529e-05
"species_bathy_extrap",253.891926121426,4.50872454166529e-05
"species_bathy_extrap",254.174869156647,4.50872454166529e-05
"species_bathy_extrap",254.457812191868,4.50872454166529e-05
"species_bathy_extrap",254.740755227089,4.50872454166529e-05
"species_bathy_extrap",255.02369826231,4.50872454166529e-05
"species_bathy_extrap",255.306641297531,4.50872454166529e-05
"species_bathy_extrap",255.589584332752,4.50872454166529e-05
"species_bathy_extrap",255.872527367973,4.50872454166529e-05
"species_bathy_extrap",256.155470403194,4.50872454166529e-05
"species_bathy_extrap",256.438413438416,4.50872454166529e-05
"species_bathy_extrap",256.721356473637,4.50872454166529e-05
"species_bathy_extrap",257.004299508858,4.50872454166529e-05
"species_bathy_extrap",257.287242544079,4.50872454166529e-05
"species_bathy_extrap",257.5701855793,4.50872454166529e-05
"species_bathy_extrap",257.853128614521,4.50872454166529e-05
"species_bathy_extrap",258.136071649742,4.50872454166529e-05
"species_bathy_extrap",258.419014684963,4.50872454166529e-05
"species_bathy_extrap",258.701957720184,4.50872454166529e-05
"species_bathy_extrap",258.984900755405,4.50872454166529e-05
"species_bathy_extrap",259.267843790627,4.50872454166529e-05
"species_bathy_extrap",259.550786825848,4.50872454166529e-05
"species_bathy_extrap",259.833729861069,4.50872454166529e-05
"species_bathy_extrap",260.11667289629,4.50872454166529e-05
"species_bathy_extrap",260.399615931511,4.50872454166529e-05
"species_contemp_ice_extrap_only",-9.91452462375168,0.00010760947043309
"species_contemp_ice_extrap_only",-9.78976003159289,0.00010760947043309
"species_contemp_ice_extrap_only",-9.6649954394341,0.00010760947043309
"species_contemp_ice_extrap_only",-9.5402308472753,0.00010760947043309
"species_contemp_ice_extrap_only",-9.41546625511651,0.00010760947043309
"species_contemp_ice_extrap_only",-9.29070166295771,0.00010760947043309
"species_contemp_ice_extrap_only",-9.16593707079892,0.00010760947043309
"species_contemp_ice_extrap_only",-9.04117247864012,0.00010760947043309
"species_contemp_ice_extrap_only",-8.91640788648133,0.00010760947043309
"species_contemp_ice_extrap_only",-8.79164329432253,0.00010760947043309
"species_contemp_ice_extrap_only",-8.66687870216374,0.00010760947043309
"species_contemp_ice_extrap_only",-8.54211411000494,0.00010760947043309
"species_contemp_ice_extrap_only",-8.41734951784615,0.00010760947043309
"species_contemp_ice_extrap_only",-8.29258492568735,0.00010760947043309
"species_contemp_ice_extrap_only",-8.16782033352856,0.00010760947043309
"species_contemp_ice_extrap_only",-8.04305574136976,0.00010760947043309
"species_contemp_ice_extrap_only",-7.91829114921097,0.00010760947043309
"species_contemp_ice_extrap_only",-7.79352655705217,0.00010760947043309
"species_contemp_ice_extrap_only",-7.66876196489338,0.00010760947043309
"species_contemp_ice_extrap_only",-7.54399737273458,0.00010760947043309
"species_contemp_ice_extrap_only",-7.41923278057579,0.00010760947043309
"species_contemp_ice_extrap_only",-7.29446818841699,0.00010760947043309
"species_contemp_ice_extrap_only",-7.1697035962582,0.00010760947043309
"species_contemp_ice_extrap_only",-7.0449390040994,0.00010760947043309
"species_contemp_ice_extrap_only",-6.92017441194061,0.00010760947043309
"species_contemp_ice_extrap_only",-6.79540981978181,0.00010760947043309
"species_contemp_ice_extrap_only",-6.67064522762302,0.00010760947043309
"species_contemp_ice_extrap_only",-6.54588063546422,0.00010760947043309
"species_contemp_ice_extrap_only",-6.42111604330543,0.00010760947043309
"species_contemp_ice_extrap_only",-6.29635145114663,0.00010760947043309
"species_contemp_ice_extrap_only",-6.17158685898784,0.00010760947043309
"species_contemp_ice_extrap_only",-6.04682226682904,0.00010760947043309
"species_contemp_ice_extrap_only",-5.92205767467025,0.00010760947043309
"species_contemp_ice_extrap_only",-5.79729308251145,0.00010760947043309
"species_contemp_ice_extrap_only",-5.67252849035266,0.00010760947043309
"species_contemp_ice_extrap_only",-5.54776389819386,0.00010760947043309
"species_contemp_ice_extrap_only",-5.42299930603507,0.00010760947043309
"species_contemp_ice_extrap_only",-5.29823471387627,0.00010760947043309
"species_contemp_ice_extrap_only",-5.17347012171748,0.00010760947043309
"species_contemp_ice_extrap_only",-5.04870552955868,0.00010760947043309
"species_contemp_ice_extrap_only",-4.92394093739989,0.00010760947043309
"species_contemp_ice_extrap_only",-4.79917634524109,0.00010760947043309
"species_contemp_ice_extrap_only",-4.6744117530823,0.00010760947043309
"species_contemp_ice_extrap_only",-4.5496471609235,0.00010760947043309
"species_contemp_ice_extrap_only",-4.42488256876471,0.00010760947043309
"species_contemp_ice_extrap_only",-4.30011797660591,0.00010760947043309
"species_contemp_ice_extrap_only",-4.17535338444712,0.00010760947043309
"species_contemp_ice_extrap_only",-4.05058879228832,0.00010760947043309
"species_contemp_ice_extrap_only",-3.92582420012953,0.00010760947043309
"species_contemp_ice_extrap_only",-3.80105960797073,0.00010760947043309
"species_contemp_ice_extrap_only",-3.67629501581194,0.00010760947043309
"species_contemp_ice_extrap_only",-3.55153042365314,0.00010760947043309
"species_contemp_ice_extrap_only",-3.42676583149435,0.00010760947043309
"species_contemp_ice_extrap_only",-3.30200123933555,0.00010760947043309
"species_contemp_ice_extrap_only",-3.17723664717676,0.00010760947043309
"species_contemp_ice_extrap_only",-3.05247205501796,0.00010760947043309
"species_contemp_ice_extrap_only",-2.92770746285917,0.00010760947043309
"species_contemp_ice_extrap_only",-2.80294287070037,0.00010760947043309
"species_contemp_ice_extrap_only",-2.67817827854158,0.00010760947043309
"species_contemp_ice_extrap_only",-2.55341368638278,0.00010760947043309
"species_contemp_ice_extrap_only",-2.42864909422399,0.00010760947043309
"species_contemp_ice_extrap_only",-2.30388450206519,0.00010760947043309
"species_contemp_ice_extrap_only",-2.1791199099064,0.00010760947043309
"species_contemp_ice_extrap_only",-2.0543553177476,0.00010760947043309
"species_contemp_ice_extrap_only",-1.92959072558881,0.00010760947043309
"species_contemp_ice_extrap_only",-1.80482613343001,0.00010760947043309
"species_contemp_ice_extrap_only",-1.68006154127122,0.00010760947043309
"species_contemp_ice_extrap_only",-1.55529694911242,0.00010760947043309
"species_contemp_ice_extrap_only",-1.43053235695363,0.00010760947043309
"species_contemp_ice_extrap_only",-1.30576776479483,0.00010760947043309
"species_contemp_ice_extrap_only",-1.18100317263604,0.00010760947043309
"species_contemp_ice_extrap_only",-1.05623858047725,0.00010760947043309
"species_contemp_ice_extrap_only",-0.93147398831845,0.00010760947043309
"species_contemp_ice_extrap_only",-0.806709396159654,0.00010760947043309
"species_contemp_ice_extrap_only",-0.68194480400086,0.00010760947043309
"species_contemp_ice_extrap_only",-0.557180211842065,0.00010760947043309
"species_contemp_ice_extrap_only",-0.432415619683269,0.00010760947043309
"species_contemp_ice_extrap_only",-0.307651027524473,0.00010760947043309
"species_contemp_ice_extrap_only",-0.182886435365679,0.00010760947043309
"species_contemp_ice_extrap_only",-0.0581218432068855,0.00010760947043309
"species_contemp_ice_extrap_only",0.0666427489519101,0.00010760947043309
"species_contemp_ice_extrap_only",0.191407341110704,0.00010760947043309
"species_contemp_ice_extrap_only",0.3161719332695,0.00010760947043309
"species_contemp_ice_extrap_only",0.440936525428295,0.000108705855218841
"species_contemp_ice_extrap_only",0.565701117587089,0.000109823158045743
"species_contemp_ice_extrap_only",0.690465709745885,0.000113284810300629
"species_contemp_ice_extrap_only",0.81523030190468,0.000116750669447093
"species_contemp_ice_extrap_only",0.939994894063474,0.000120436515940675
"species_contemp_ice_extrap_only",1.06475948622227,0.000124130221862305
"species_contemp_ice_extrap_only",1.18952407838107,0.00012805523249961
"species_contemp_ice_extrap_only",1.31428867053986,0.000131992231340476
"species_contemp_ice_extrap_only",1.43905326269865,0.000136172414518293
"species_contemp_ice_extrap_only",1.56381785485745,0.000140369236850309
"species_contemp_ice_extrap_only",1.68858244701624,0.000144821679590879
"species_contemp_ice_extrap_only",1.81334703917504,0.000149295991119587
"species_contemp_ice_extrap_only",1.93811163133383,0.000154038976506044
"species_contemp_ice_extrap_only",2.06287622349263,0.000158809691920195
"species_contemp_ice_extrap_only",2.18764081565142,0.000163862750121
"species_contemp_ice_extrap_only",2.31240540781022,0.00016895010186081
"species_contemp_ice_extrap_only",2.43716999996902,0.000174334134345399
"species_contemp_ice_extrap_only",2.56193459212781,0.000179759785195064
"species_contemp_ice_extrap_only",2.6866991842866,0.000185497109070818
"species_contemp_ice_extrap_only",2.8114637764454,0.000191284222091095
"species_contemp_ice_extrap_only",2.93622836860419,0.000197398730063916
"species_contemp_ice_extrap_only",3.06099296076299,0.000203572117269608
"species_contemp_ice_extrap_only",3.18575755292178,0.000210089341950553
"species_contemp_ice_extrap_only",3.31052214508058,0.000216675556067511
"species_contemp_ice_extrap_only",3.43528673723937,0.00022362282997974
"species_contemp_ice_extrap_only",3.56005132939817,0.000230650305842439
"species_contemp_ice_extrap_only",3.68481592155696,0.000238056835821455
"species_contemp_ice_extrap_only",3.80958051371576,0.000245556004588622
"species_contemp_ice_extrap_only",3.93434510587455,0.000253453056759312
"species_contemp_ice_extrap_only",4.05910969803335,0.000261456514630961
"species_contemp_ice_extrap_only",4.18387429019214,0.000269877534336099
"species_contemp_ice_extrap_only",4.30863888235094,0.00027842018436813
"species_contemp_ice_extrap_only",4.43340347450973,0.000287402149653747
"species_contemp_ice_extrap_only",4.55816806666853,0.00029652015811952
"species_contemp_ice_extrap_only",4.68293265882732,0.000306109314941616
"species_contemp_ice_extrap_only",4.80769725098612,0.000315834811695504
"species_contemp_ice_extrap_only",4.93246184314491,0.000326073399782531
"species_contemp_ice_extrap_only",5.05722643530371,0.000336448016308312
"species_contemp_ice_extrap_only",5.1819910274625,0.000347381256022346
"species_contemp_ice_extrap_only",5.3067556196213,0.000358449538610645
"species_contemp_ice_extrap_only",5.43152021178009,0.000370125953887765
"species_contemp_ice_extrap_only",5.55628480393889,0.000381935654610231
"species_contemp_ice_extrap_only",5.68104939609768,0.000394407151868094
"species_contemp_ice_extrap_only",5.80581398825648,0.000407009304554187
"species_contemp_ice_extrap_only",5.93057858041527,0.000420331601824566
"species_contemp_ice_extrap_only",6.05534317257407,0.000433780937097963
"species_contemp_ice_extrap_only",6.18010776473286,0.000448013687830181
"species_contemp_ice_extrap_only",6.30487235689166,0.000462368739459108
"species_contemp_ice_extrap_only",6.42963694905045,0.000477575867180571
"species_contemp_ice_extrap_only",6.55440154120925,0.000492899303084056
"species_contemp_ice_extrap_only",6.67916613336804,0.000509149419293837
"species_contemp_ice_extrap_only",6.80393072552684,0.000525508458061919
"species_contemp_ice_extrap_only",6.92869531768563,0.000542875051408841
"species_contemp_ice_extrap_only",7.05345990984443,0.000560341590730377
"species_contemp_ice_extrap_only",7.17822450200322,0.000578903424424183
"species_contemp_ice_extrap_only",7.30298909416202,0.000597554472993615
"species_contemp_ice_extrap_only",7.42775368632081,0.000617396116226375
"species_contemp_ice_extrap_only",7.55251827847961,0.000637314275997162
"species_contemp_ice_extrap_only",7.6772828706384,0.000658526278593278
"species_contemp_ice_extrap_only",7.80204746279719,0.000679799907631092
"species_contemp_ice_extrap_only",7.92681205495599,0.000702479500906395
"species_contemp_ice_extrap_only",8.05157664711479,0.000725203395032409
"species_contemp_ice_extrap_only",8.17634123927358,0.000749454751539742
"species_contemp_ice_extrap_only",8.30110583143238,0.000773730373937158
"species_contemp_ice_extrap_only",8.42587042359117,0.00079966542496651
"species_contemp_ice_extrap_only",8.55063501574996,0.00082562684561868
"species_contemp_ice_extrap_only",8.67539960790876,0.000853340177389303
"species_contemp_ice_extrap_only",8.80016420006756,0.000881108716938706
"species_contemp_ice_extrap_only",8.92492879222635,0.000910724225471342
"species_contemp_ice_extrap_only",9.04969338438515,0.000940429069288595
"species_contemp_ice_extrap_only",9.17445797654394,0.000972080710707578
"species_contemp_ice_extrap_only",9.29922256870274,0.00100386034871628
"species_contemp_ice_extrap_only",9.42398716086153,0.00103769161808725
"species_contemp_ice_extrap_only",9.54875175302033,0.00107169451622443
"species_contemp_ice_extrap_only",9.67351634517912,0.00110785946526102
"species_contemp_ice_extrap_only",9.79828093733791,0.00114424514419105
"species_contemp_ice_extrap_only",9.92304552949671,0.00118290889830467
"species_contemp_ice_extrap_only",10.0478101216555,0.00122184858186495
"species_contemp_ice_extrap_only",10.1725747138143,0.00126318796866546
"species_contemp_ice_extrap_only",10.2973393059731,0.00130486509791884
"species_contemp_ice_extrap_only",10.4221038981319,0.00134906994958235
"species_contemp_ice_extrap_only",10.5468684902907,0.00139368175884754
"species_contemp_ice_extrap_only",10.6716330824495,0.00144095567746234
"species_contemp_ice_extrap_only",10.7963976746083,0.00148871375057947
"species_contemp_ice_extrap_only",10.9211622667671,0.00153927504925535
"species_contemp_ice_extrap_only",11.0459268589259,0.00159040665206263
"species_contemp_ice_extrap_only",11.1706914510847,0.00164448918653093
"species_contemp_ice_extrap_only",11.2954560432435,0.00169923794829468
"species_contemp_ice_extrap_only",11.4202206354022,0.00175709303094197
"species_contemp_ice_extrap_only",11.544985227561,0.00181572078167428
"species_contemp_ice_extrap_only",11.6697498197198,0.00187761774070678
"species_contemp_ice_extrap_only",11.7945144118786,0.00194040579778438
"species_contemp_ice_extrap_only",11.9192790040374,0.00200663331905868
"species_contemp_ice_extrap_only",12.0440435961962,0.00207388291949067
"species_contemp_ice_extrap_only",12.168808188355,0.00214475090967182
"species_contemp_ice_extrap_only",12.2935727805138,0.00221678640426335
"species_contemp_ice_extrap_only",12.4183373726726,0.00229268714750653
"species_contemp_ice_extrap_only",12.5431019648314,0.00236979699844921
"species_contemp_ice_extrap_only",12.6678665569902,0.00245111520405388
"species_contemp_ice_extrap_only",12.792631149149,0.00253364406929877
"species_contemp_ice_extrap_only",12.9173957413078,0.00262077469343035
"species_contemp_ice_extrap_only",13.0421603334666,0.00270911147968824
"species_contemp_ice_extrap_only",13.1669249256254,0.00280247867060624
"species_contemp_ice_extrap_only",13.2916895177842,0.00289704109282625
"species_contemp_ice_extrap_only",13.416454109943,0.00299709946391106
"species_contemp_ice_extrap_only",13.5412187021018,0.00309833458895204
"species_contemp_ice_extrap_only",13.6659832942606,0.00320557325646707
"species_contemp_ice_extrap_only",13.7907478864194,0.00331396144461258
"species_contemp_ice_extrap_only",13.9155124785781,0.00342890547687131
"species_contemp_ice_extrap_only",14.0402770707369,0.00354496235141906
"species_contemp_ice_extrap_only",14.1650416628957,0.00366817476359776
"species_contemp_ice_extrap_only",14.2898062550545,0.00379245214566279
"species_contemp_ice_extrap_only",14.4145708472133,0.00392453824347102
"species_contemp_ice_extrap_only",14.5393354393721,0.00405762945424984
"species_contemp_ice_extrap_only",14.6641000315309,0.00419923947665407
"species_contemp_ice_extrap_only",14.7888646236897,0.00434178061976111
"species_contemp_ice_extrap_only",14.9136292158485,0.00449361111046829
"species_contemp_ice_extrap_only",15.0383938080073,0.00464628355866193
"species_contemp_ice_extrap_only",15.1631584001661,0.00480908405519279
"species_contemp_ice_extrap_only",15.2879229923249,0.00497262001206017
"species_contemp_ice_extrap_only",15.4126875844837,0.0051471940787614
"species_contemp_ice_extrap_only",15.5374521766425,0.00532237775770962
"species_contemp_ice_extrap_only",15.6622167688013,0.00550958904774836
"species_contemp_ice_extrap_only",15.7869813609601,0.00569726286073781
"species_contemp_ice_extrap_only",15.9117459531189,0.00589803608596361
"species_contemp_ice_extrap_only",16.0365105452777,0.00609910086150054
"species_contemp_ice_extrap_only",16.1612751374365,0.00631442995547798
"species_contemp_ice_extrap_only",16.2860397295953,0.00652998555817952
"species_contemp_ice_extrap_only",16.410804321754,0.00676080453260181
"species_contemp_ice_extrap_only",16.5355689139128,0.00699201459702225
"species_contemp_ice_extrap_only",16.6603335060716,0.00723934199041244
"species_contemp_ice_extrap_only",16.7850980982304,0.00748735486085523
"species_contemp_ice_extrap_only",16.9098626903892,0.00775237844391135
"species_contemp_ice_extrap_only",17.034627282548,0.00801842133825348
"species_contemp_ice_extrap_only",17.1593918747068,0.00830099271366564
"species_contemp_ice_extrap_only",17.2841564668656,0.00858495999572451
"species_contemp_ice_extrap_only",17.4089210590244,0.00884766754540739
"species_contemp_ice_extrap_only",17.5336856511832,0.00908775956523774
"species_contemp_ice_extrap_only",17.658450243342,0.00911822226800797
"species_contemp_ice_extrap_only",17.7832148355008,0.00914736708758383
"species_contemp_ice_extrap_only",17.9079794276596,0.00917628530022229
"species_contemp_ice_extrap_only",18.0327440198184,0.00920526095826082
"species_contemp_ice_extrap_only",18.1575086119772,0.00923606470373022
"species_contemp_ice_extrap_only",18.282273204136,0.00926693429932989
"species_contemp_ice_extrap_only",18.4070377962948,0.00929968746727442
"species_contemp_ice_extrap_only",18.5318023884536,0.00933251508000626
"species_contemp_ice_extrap_only",18.6565669806124,0.00936728412120721
"species_contemp_ice_extrap_only",18.7813315727712,0.0094021366426591
"species_contemp_ice_extrap_only",18.9060961649299,0.00943544647941367
"species_contemp_ice_extrap_only",19.0308607570887,0.00946884893198104
"species_contemp_ice_extrap_only",19.1556253492475,0.00948807954489432
"species_contemp_ice_extrap_only",19.2803899414063,0.00950741212284994
"species_contemp_ice_extrap_only",19.4051545335651,0.00952552627172588
"species_contemp_ice_extrap_only",19.5299191257239,0.00954375202906696
"species_contemp_ice_extrap_only",19.6546837178827,0.00956170521411939
"species_contemp_ice_extrap_only",19.7794483100415,0.00957977987659788
"species_contemp_ice_extrap_only",19.9042129022003,0.0095985050134682
"species_contemp_ice_extrap_only",20.0289774943591,0.00961736190705561
"species_contemp_ice_extrap_only",20.1537420865179,0.00963686359069887
"species_contemp_ice_extrap_only",20.2785066786767,0.0096565011020618
"species_contemp_ice_extrap_only",20.4032712708355,0.00967678713644029
"species_contemp_ice_extrap_only",20.5280358629943,0.00969720199308393
"species_contemp_ice_extrap_only",20.6528004551531,0.00971827467156861
"species_contemp_ice_extrap_only",20.7775650473119,0.00973946936318659
"species_contemp_ice_extrap_only",20.9023296394707,0.00976133182751208
"species_contemp_ice_extrap_only",21.0270942316295,0.00978330907069349
"species_contemp_ice_extrap_only",21.1518588237883,0.00980596412643553
"species_contemp_ice_extrap_only",21.276623415947,0.00982872654760478
"species_contemp_ice_extrap_only",21.4013880081058,0.00985217817060687
"species_contemp_ice_extrap_only",21.5261526002646,0.00987572961284297
"species_contemp_ice_extrap_only",21.6509171924234,0.00989998171569066
"species_contemp_ice_extrap_only",21.7756817845822,0.00992432569017447
"species_contemp_ice_extrap_only",21.900446376741,0.00994938208897589
"species_contemp_ice_extrap_only",22.0252109688998,0.00997452220298814
"species_contemp_ice_extrap_only",22.1499755610586,0.0100003879019248
"species_contemp_ice_extrap_only",22.2747401532174,0.0100263289794008
"species_contemp_ice_extrap_only",22.3995047453762,0.0100530083359463
"species_contemp_ice_extrap_only",22.524269337535,0.0100797543566958
"species_contemp_ice_extrap_only",22.6490339296938,0.0101072531888827
"species_contemp_ice_extrap_only",22.7737985218526,0.0101348098705003
"species_contemp_ice_extrap_only",22.8985631140114,0.0101631336113048
"species_contemp_ice_extrap_only",23.0233277061702,0.0101915059114889
"species_contemp_ice_extrap_only",23.148092298329,0.0102206604310861
"species_contemp_ice_extrap_only",23.2728568904878,0.01024985401493
"species_contemp_ice_extrap_only",23.3976214826466,0.0102798453389473
"species_contemp_ice_extrap_only",23.5223860748054,0.0103098659735792
"species_contemp_ice_extrap_only",23.6471506669642,0.0103407008887367
"species_contemp_ice_extrap_only",23.771915259123,0.010371554984308
"species_contemp_ice_extrap_only",23.8966798512817,0.0104032402540814
"species_contemp_ice_extrap_only",24.0214444434405,0.0104349362805378
"species_contemp_ice_extrap_only",24.1462090355993,0.01046747738147
"species_contemp_ice_extrap_only",24.2709736277581,0.0105000316006184
"species_contemp_ice_extrap_only",24.3957382199169,0.0105334269533669
"species_contemp_ice_extrap_only",24.5205028120757,0.0105668468624692
"species_contemp_ice_extrap_only",24.6452674042345,0.0106011041404059
"species_contemp_ice_extrap_only",24.7700319963933,0.0106353978397088
"species_contemp_ice_extrap_only",24.8947965885521,0.0106705248707422
"species_contemp_ice_extrap_only",25.0195611807109,0.0107057004308635
"species_contemp_ice_extrap_only",25.1443257728697,0.0107417053510592
"species_contemp_ice_extrap_only",25.2690903650285,0.010777771443963
"species_contemp_ice_extrap_only",25.3938549571873,0.0108146632017841
"species_contemp_ice_extrap_only",25.5186195493461,0.0108516291061155
"species_contemp_ice_extrap_only",25.6433841415049,0.0108894162715608
"species_contemp_ice_extrap_only",25.7681487336637,0.0109272910224553
"species_contemp_ice_extrap_only",25.8929133258225,0.0109659831493476
"species_contemp_ice_extrap_only",26.0176779179813,0.0110047765584924
"species_contemp_ice_extrap_only",26.1424425101401,0.0110443833780162
"species_contemp_ice_extrap_only",26.2672071022988,0.0110841058171383
"species_contemp_ice_extrap_only",26.3919716944576,0.0111246373081466
"species_contemp_ice_extrap_only",26.5167362866164,0.0111652991229874
"species_contemp_ice_extrap_only",26.6415008787752,0.0112067653079319
"species_contemp_ice_extrap_only",26.766265470934,0.011248376936408
"species_contemp_ice_extrap_only",26.8910300630928,0.0112907886759307
"species_contemp_ice_extrap_only",27.0157946552516,0.0113333616111013
"species_contemp_ice_extrap_only",27.1405592474104,0.0113767301007099
"species_contemp_ice_extrap_only",27.2653238395692,0.011420275754401
"species_contemp_ice_extrap_only",27.390088431728,0.0114646122272665
"species_contemp_ice_extrap_only",27.5148530238868,0.0115091425848656
"species_contemp_ice_extrap_only",27.6396176160456,0.0115544589845213
"species_contemp_ice_extrap_only",27.7643822082044,0.0115999865426315
"species_contemp_ice_extrap_only",27.8891468003632,0.0116462951881075
"species_contemp_ice_extrap_only",28.013911392522,0.0116928325484592
"species_contemp_ice_extrap_only",28.1386759846808,0.0117401598062897
"species_contemp_ice_extrap_only",28.2634405768396,0.0117877057239207
"species_contemp_ice_extrap_only",28.3882051689984,0.0118360656829427
"species_contemp_ice_extrap_only",28.5129697611572,0.0118846331171051
"species_contemp_ice_extrap_only",28.637734353316,0.0119340388343387
"species_contemp_ice_extrap_only",28.7624989454747,0.0119836408609909
"species_contemp_ice_extrap_only",28.8872635376335,0.0120341072385449
"species_contemp_ice_extrap_only",29.0120281297923,0.0120847582374971
"species_contemp_ice_extrap_only",29.1367927219511,0.0121362998515175
"species_contemp_ice_extrap_only",29.2615573141099,0.0121880138766168
"species_contemp_ice_extrap_only",29.3863219062687,0.0122406455115068
"species_contemp_ice_extrap_only",29.5110864984275,0.0122934367037974
"species_contemp_ice_extrap_only",29.6358510905863,0.0123471739831247
"species_contemp_ice_extrap_only",29.7606156827451,0.0124010579043756
"species_contemp_ice_extrap_only",29.8853802749039,0.0124559165125249
"species_contemp_ice_extrap_only",30.0101448670627,0.0125109079616414
"species_contemp_ice_extrap_only",30.1349094592215,0.0125669044112068
"species_contemp_ice_extrap_only",30.2596740513803,0.0126230195493822
"species_contemp_ice_extrap_only",30.3844386435391,0.0126801708551464
"species_contemp_ice_extrap_only",30.5092032356979,0.0127374262745397
"species_contemp_ice_extrap_only",30.6339678278567,0.0127957492544488
"species_contemp_ice_extrap_only",30.7587324200155,0.0128541609706198
"species_contemp_ice_extrap_only",30.8834970121743,0.012913673544682
"species_contemp_ice_extrap_only",31.008261604333,0.0129732590811123
"species_contemp_ice_extrap_only",31.1330261964919,0.0130339798091665
"species_contemp_ice_extrap_only",31.2577907886506,0.0130947571084328
"species_contemp_ice_extrap_only",31.3825553808094,0.0131567038115027
"species_contemp_ice_extrap_only",31.5073199729682,0.0132186901295604
"species_contemp_ice_extrap_only",31.632084565127,0.0132818824678742
"species_contemp_ice_extrap_only",31.7568491572858,0.0133450967717546
"species_contemp_ice_extrap_only",31.8816137494446,0.0134095541003548
"species_contemp_ice_extrap_only",32.0063783416034,0.0134740303628289
"species_contemp_ice_extrap_only",32.1311429337622,0.0135397580407221
"species_contemp_ice_extrap_only",32.255907525921,0.0136055205118099
"species_contemp_ice_extrap_only",32.3806721180798,0.0136725332925611
"species_contemp_ice_extrap_only",32.5054367102386,0.0137396013103715
"species_contemp_ice_extrap_only",32.6302013023974,0.0138079220734827
"species_contemp_ice_extrap_only",32.7549658945562,0.013876318918575
"species_contemp_ice_extrap_only",32.879730486715,0.01394596569382
"species_contemp_ice_extrap_only",33.0044950788738,0.0140157105594509
"species_contemp_ice_extrap_only",33.1292596710326,0.0140867075361183
"species_contemp_ice_extrap_only",33.2540242631914,0.0141578251670401
"species_contemp_ice_extrap_only",33.3787888553502,0.0142301931113506
"species_contemp_ice_extrap_only",33.503553447509,0.0143027047675393
"species_contemp_ice_extrap_only",33.6283180396677,0.0143764649401351
"species_contemp_ice_extrap_only",33.7530826318265,0.0144503934730511
"species_contemp_ice_extrap_only",33.8778472239853,0.0145255711520476
"species_contemp_ice_extrap_only",34.0026118161441,0.014600941801658
"species_contemp_ice_extrap_only",34.1273764083029,0.0146780795614438
"species_contemp_ice_extrap_only",34.2521410004617,0.0147554367541049
"species_contemp_ice_extrap_only",34.3769055926205,0.0148342763375727
"species_contemp_ice_extrap_only",34.5016701847793,0.0149133617163208
"species_contemp_ice_extrap_only",34.6264347769381,0.0149945803324079
"species_contemp_ice_extrap_only",34.7511993690969,0.0150760725425924
"species_contemp_ice_extrap_only",34.8759639612557,0.0151595690770704
"species_contemp_ice_extrap_only",35.0007285534145,0.0152433683150122
"species_contemp_ice_extrap_only",35.1254931455733,0.0153298931331221
"species_contemp_ice_extrap_only",35.2502577377321,0.0154167501984656
"species_contemp_ice_extrap_only",35.3750223298909,0.0155056425076777
"species_contemp_ice_extrap_only",35.4997869220497,0.0155948972868636
"species_contemp_ice_extrap_only",35.6245515142085,0.0156870048450194
"species_contemp_ice_extrap_only",35.7493161063673,0.0157795074273858
"species_contemp_ice_extrap_only",35.8740806985261,0.0158736421342122
"species_contemp_ice_extrap_only",35.9988452906849,0.0159681732064175
"species_contemp_ice_extrap_only",36.1236098828437,0.0160642551259346
"species_contemp_ice_extrap_only",36.2483744750024,0.0161607154152797
"species_contemp_ice_extrap_only",36.3731390671612,0.0162595002881612
"species_contemp_ice_extrap_only",36.49790365932,0.0163586440308109
"species_contemp_ice_extrap_only",36.6226682514788,0.0164598576985802
"species_contemp_ice_extrap_only",36.7474328436376,0.016561409786424
"species_contemp_ice_extrap_only",36.8721974357964,0.0166651368465941
"species_contemp_ice_extrap_only",36.9969620279552,0.0167691818898461
"species_contemp_ice_extrap_only",37.121726620114,0.0168750694816179
"species_contemp_ice_extrap_only",37.2464912122728,0.0169812527500225
"species_contemp_ice_extrap_only",37.3712558044316,0.0170893466590232
"species_contemp_ice_extrap_only",37.4960203965904,0.0171977136472465
"species_contemp_ice_extrap_only",37.6207849887492,0.0173080479139051
"species_contemp_ice_extrap_only",37.745549580908,0.0174186314446909
"species_contemp_ice_extrap_only",37.8703141730668,0.0175313954124956
"species_contemp_ice_extrap_only",37.9950787652256,0.0176443836472579
"species_contemp_ice_extrap_only",38.1198433573844,0.0177592590333075
"species_contemp_ice_extrap_only",38.2446079495432,0.0178743330114282
"species_contemp_ice_extrap_only",38.369372541702,0.017991336614474
"species_contemp_ice_extrap_only",38.4941371338607,0.0181085117489002
"species_contemp_ice_extrap_only",38.6189017260195,0.0182276894249594
"species_contemp_ice_extrap_only",38.7436663181783,0.0183470107278058
"species_contemp_ice_extrap_only",38.8684309103371,0.0184686653028868
"species_contemp_ice_extrap_only",38.9931955024959,0.0185904343656373
"species_contemp_ice_extrap_only",39.1179600946547,0.0187168216330262
"species_contemp_ice_extrap_only",39.2427246868135,0.0188432928612292
"species_contemp_ice_extrap_only",39.3674892789723,0.0189720873256321
"species_contemp_ice_extrap_only",39.4922538711311,0.0191009343522123
"species_contemp_ice_extrap_only",39.6170184632899,0.0192321900520218
"species_contemp_ice_extrap_only",39.7417830554487,0.0193634798687956
"species_contemp_ice_extrap_only",39.8665476476075,0.0194972335637802
"species_contemp_ice_extrap_only",39.9913122397663,0.0196310371697794
"species_contemp_ice_extrap_only",40.1160768319251,0.0197673198146248
"species_contemp_ice_extrap_only",40.2408414240839,0.0199036891621617
"species_contemp_ice_extrap_only",40.3656060162427,0.0200425571082928
"species_contemp_ice_extrap_only",40.4903706084015,0.0201815502029193
"species_contemp_ice_extrap_only",40.6151352005603,0.0203230563102169
"species_contemp_ice_extrap_only",40.7398997927191,0.0204647271640758
"species_contemp_ice_extrap_only",40.8646643848779,0.0206089299319418
"species_contemp_ice_extrap_only",40.9894289770367,0.0207533386549469
"species_contemp_ice_extrap_only",41.1141935691955,0.0209002919033451
"species_contemp_ice_extrap_only",41.2389581613542,0.0210474942207995
"species_contemp_ice_extrap_only",41.363722753513,0.0211972613047952
"species_contemp_ice_extrap_only",41.4884873456718,0.0213473216340315
"species_contemp_ice_extrap_only",41.6132519378306,0.0214999604714079
"species_contemp_ice_extrap_only",41.7380165299894,0.02165293907779
"species_contemp_ice_extrap_only",41.8627811221482,0.0218085104337148
"species_contemp_ice_extrap_only",41.987545714307,0.0219644691852576
"species_contemp_ice_extrap_only",42.1123103064658,0.0221230391037612
"species_contemp_ice_extrap_only",42.2370748986246,0.0222820457113235
"species_contemp_ice_extrap_only",42.3618394907834,0.0224436747475683
"species_contemp_ice_extrap_only",42.4866040829422,0.0226057926886424
"species_contemp_ice_extrap_only",42.611368675101,0.0227705521673525
"species_contemp_ice_extrap_only",42.7361332672598,0.0229358532442433
"species_contemp_ice_extrap_only",42.8608978594186,0.023103806147955
"species_contemp_ice_extrap_only",42.9856624515774,0.0232723566859622
"species_contemp_ice_extrap_only",43.1104270437362,0.0234435774246347
"species_contemp_ice_extrap_only",43.235191635895,0.0236154528297307
"species_contemp_ice_extrap_only",43.3599562280538,0.0237900101025792
"species_contemp_ice_extrap_only",43.4847208202125,0.0239652806240366
"species_contemp_ice_extrap_only",43.6094854123713,0.0241432550749111
"species_contemp_ice_extrap_only",43.7342500045301,0.0243219845096524
"species_contemp_ice_extrap_only",43.8590145966889,0.0245034944424838
"species_contemp_ice_extrap_only",43.9837791888477,0.0246857248570182
"species_contemp_ice_extrap_only",44.1085437810065,0.0248708429071856
"species_contemp_ice_extrap_only",44.2333083731653,0.0250566475482345
"species_contemp_ice_extrap_only",44.3580729653241,0.0252454593418533
"species_contemp_ice_extrap_only",44.4828375574829,0.0254349217938188
"species_contemp_ice_extrap_only",44.6076021496417,0.0256275076123524
"species_contemp_ice_extrap_only",44.7323667418005,0.0258207046947617
"species_contemp_ice_extrap_only",44.8571313339593,0.0260171451480581
"species_contemp_ice_extrap_only",44.9818959261181,0.0262141582694912
"species_contemp_ice_extrap_only",45.1066605182769,0.0264145456030183
"species_contemp_ice_extrap_only",45.2314251104357,0.0266154630738816
"species_contemp_ice_extrap_only",45.3561897025945,0.0268198806286445
"species_contemp_ice_extrap_only",45.4809542947533,0.0270247855457689
"species_contemp_ice_extrap_only",45.6057188869121,0.0272333289444817
"species_contemp_ice_extrap_only",45.7304834790709,0.0274423136585718
"species_contemp_ice_extrap_only",45.8552480712297,0.0276550703286718
"species_contemp_ice_extrap_only",45.9800126633885,0.0278682205086506
"species_contemp_ice_extrap_only",46.1047772555472,0.0280852915512195
"species_contemp_ice_extrap_only",46.229541847706,0.0283027071052061
"species_contemp_ice_extrap_only",46.3543064398648,0.0285241868392459
"species_contemp_ice_extrap_only",46.4790710320236,0.0287459587447019
"species_contemp_ice_extrap_only",46.6038356241824,0.028971944078893
"species_contemp_ice_extrap_only",46.7286002163412,0.0291981672485756
"species_contemp_ice_extrap_only",46.8533648085,0.0294287671763231
"species_contemp_ice_extrap_only",46.9781294006588,0.0296595490282841
"species_contemp_ice_extrap_only",47.1028939928176,0.0298948614727788
"species_contemp_ice_extrap_only",47.2276585849764,0.030130296616638
"species_contemp_ice_extrap_only",47.3524231771352,0.030370436202862
"species_contemp_ice_extrap_only",47.477187769294,0.0306106396968031
"species_contemp_ice_extrap_only",47.6019523614528,0.0308557082064833
"species_contemp_ice_extrap_only",47.7267169536116,0.0311008454601337
"species_contemp_ice_extrap_only",47.8514815457704,0.0313508956488949
"species_contemp_ice_extrap_only",47.9762461379292,0.0316010840056781
"species_contemp_ice_extrap_only",48.101010730088,0.0318562289388595
"species_contemp_ice_extrap_only",48.2257753222468,0.0321115836627116
"species_contemp_ice_extrap_only",48.3505399144056,0.0323719328291846
"species_contemp_ice_extrap_only",48.4753045065643,0.0326325672193529
"species_contemp_ice_extrap_only",48.6000690987231,0.0328982486212292
"species_contemp_ice_extrap_only",48.7248336908819,0.0331642928572187
"species_contemp_ice_extrap_only",48.8495982830407,0.0334354196867501
"species_contemp_ice_extrap_only",48.9743628751995,0.0337069898580422
"species_contemp_ice_extrap_only",49.0991274673583,0.0339836922694217
"species_contemp_ice_extrap_only",49.2238920595171,0.0342609230019469
"species_contemp_ice_extrap_only",49.3486566516759,0.0345433281947074
"species_contemp_ice_extrap_only",49.4734212438347,0.034826348056511
"species_contemp_ice_extrap_only",49.5981858359935,0.035114580224381
"species_contemp_ice_extrap_only",49.7229504281523,0.0354035192137995
"species_contemp_ice_extrap_only",49.8477150203111,0.0356977219019386
"species_contemp_ice_extrap_only",49.9724796124699,0.0359927246477539
"species_contemp_ice_extrap_only",50.0972442046287,0.0362930271265142
"species_contemp_ice_extrap_only",50.2220087967875,0.0365942272004015
"species_contemp_ice_extrap_only",50.3467733889463,0.0369007757495582
"species_contemp_ice_extrap_only",50.4715379811051,0.0372083246602002
"species_contemp_ice_extrap_only",50.5963025732639,0.037521259309628
"species_contemp_ice_extrap_only",50.7210671654227,0.0378352975532593
"species_contemp_ice_extrap_only",50.8458317575815,0.0381547701350576
"species_contemp_ice_extrap_only",50.9705963497402,0.0384754579615708
"species_contemp_ice_extrap_only",51.095360941899,0.0388016190076496
"species_contemp_ice_extrap_only",51.2201255340578,0.0391291068684296
"species_contemp_ice_extrap_only",51.3448901262166,0.0394621054762725
"species_contemp_ice_extrap_only",51.4696547183754,0.0397965476960193
"species_contemp_ice_extrap_only",51.5944193105342,0.0401366285617176
"species_contemp_ice_extrap_only",51.719183902693,0.0404781213174481
"species_contemp_ice_extrap_only",51.8439484948518,0.0408254586662447
"species_contemp_ice_extrap_only",51.9687130870106,0.0411741421368422
"species_contemp_ice_extrap_only",52.0934776791694,0.0415289138835921
"species_contemp_ice_extrap_only",52.2182422713282,0.0418849620109435
"species_contemp_ice_extrap_only",52.343006863487,0.042247333755311
"species_contemp_ice_extrap_only",52.4677714556458,0.0426109132206492
"species_contemp_ice_extrap_only",52.5925360478046,0.0429810739874169
"species_contemp_ice_extrap_only",52.7173006399634,0.0433523648674874
"species_contemp_ice_extrap_only",52.8420652321222,0.0437304940388966
"species_contemp_ice_extrap_only",52.966829824281,0.0441096768222472
"species_contemp_ice_extrap_only",53.0915944164398,0.0444959586565904
"species_contemp_ice_extrap_only",53.2163590085986,0.0448832109190973
"species_contemp_ice_extrap_only",53.3411236007574,0.0452778465383744
"species_contemp_ice_extrap_only",53.4658881929161,0.0456733660080923
"species_contemp_ice_extrap_only",53.5906527850749,0.0460765437010201
"species_contemp_ice_extrap_only",53.7154173772337,0.0464805161056443
"species_contemp_ice_extrap_only",53.8401819693925,0.046892448316617
"species_contemp_ice_extrap_only",53.9649465615513,0.0473050803367695
"species_contemp_ice_extrap_only",54.0897111537101,0.0477259704682979
"species_contemp_ice_extrap_only",54.2144757458689,0.0481474629784519
"species_contemp_ice_extrap_only",54.3392403380277,0.0485775181764307
"species_contemp_ice_extrap_only",54.4640049301865,0.0490080727011539
"species_contemp_ice_extrap_only",54.5887695223453,0.0494475203774372
"species_contemp_ice_extrap_only",54.7135341145041,0.0498873600717219
"species_contemp_ice_extrap_only",54.8382987066629,0.0503364133520822
"species_contemp_ice_extrap_only",54.9630632988217,0.0507857475553975
"species_contemp_ice_extrap_only",55.0878278909805,0.0512446452170794
"species_contemp_ice_extrap_only",55.2125924831393,0.0517037071308312
"species_contemp_ice_extrap_only",55.3373570752981,0.0521726736789815
"species_contemp_ice_extrap_only",55.4621216674569,0.0526417664068626
"species_contemp_ice_extrap_only",55.5868862596157,0.0531209689905828
"species_contemp_ice_extrap_only",55.7116508517745,0.053600385487824
"species_contemp_ice_extrap_only",55.8364154439332,0.0540900135664885
"species_contemp_ice_extrap_only",55.961180036092,0.0545799926769567
"species_contemp_ice_extrap_only",56.0859446282508,0.055080290587685
"species_contemp_ice_extrap_only",56.2107092204096,0.0555810805334832
"species_contemp_ice_extrap_only",56.3354738125684,0.0560942734616261
"species_contemp_ice_extrap_only",56.4602384047272,0.0566081070481928
"species_contemp_ice_extrap_only",56.585002996886,0.0571345377260155
"species_contemp_ice_extrap_only",56.7097675890448,0.0576617612527251
"species_contemp_ice_extrap_only",56.8345321812036,0.0581998704381277
"species_contemp_ice_extrap_only",56.9592967733624,0.0587389313703052
"species_contemp_ice_extrap_only",57.0840613655212,0.0592889868222543
"species_contemp_ice_extrap_only",57.20882595768,0.0598401603385169
"species_contemp_ice_extrap_only",57.3335905498388,0.0604024634622961
"species_contemp_ice_extrap_only",57.4583551419976,0.0609660549913683
"species_contemp_ice_extrap_only",57.5831197341564,0.061540893662512
"species_contemp_ice_extrap_only",57.7078843263152,0.0621171966827694
"species_contemp_ice_extrap_only",57.832648918474,0.062704861757044
"species_contemp_ice_extrap_only",57.9574135106328,0.063294177785164
"species_contemp_ice_extrap_only",58.0821781027916,0.06389783441721
"species_contemp_ice_extrap_only",58.2069426949503,0.0645033301807106
"species_contemp_ice_extrap_only",58.3317072871091,0.0651306978514194
"species_contemp_ice_extrap_only",58.4564718792679,0.0657707381719184
"species_contemp_ice_extrap_only",58.5812364714267,0.0664498643915203
"species_contemp_ice_extrap_only",58.7060010635855,0.0671436761132437
"species_contemp_ice_extrap_only",58.8307656557443,0.0678741657837953
"species_contemp_ice_extrap_only",58.9555302479031,0.0686137876557419
"species_contemp_ice_extrap_only",59.0802948400619,0.0693866981401522
"species_contemp_ice_extrap_only",59.2050594322207,0.070165274899316
"species_contemp_ice_extrap_only",59.3298240243795,0.0709648604298829
"species_contemp_ice_extrap_only",59.4545886165383,0.0717751878855698
"species_contemp_ice_extrap_only",59.5793532086971,0.0726097710144517
"species_contemp_ice_extrap_only",59.7041178008559,0.0734525366455285
"species_contemp_ice_extrap_only",59.8288823930147,0.0743234900380175
"species_contemp_ice_extrap_only",59.9536469851735,0.0752093089033311
"species_contemp_ice_extrap_only",60.0784115773323,0.0761690521431298
"species_contemp_ice_extrap_only",60.2031761694911,0.0771557111831334
"species_contemp_ice_extrap_only",60.3279407616499,0.0781857565698882
"species_contemp_ice_extrap_only",60.4527053538087,0.0792346170892998
"species_contemp_ice_extrap_only",60.5774699459675,0.0803174907527201
"species_contemp_ice_extrap_only",60.7022345381262,0.0814177375877559
"species_contemp_ice_extrap_only",60.826999130285,0.0825594483922328
"species_contemp_ice_extrap_only",60.9517637224438,0.0837084400187277
"species_contemp_ice_extrap_only",61.0765283146026,0.084909177626123
"species_contemp_ice_extrap_only",61.2012929067614,0.0861162620824627
"species_contemp_ice_extrap_only",61.3260574989202,0.0873777343361121
"species_contemp_ice_extrap_only",61.450822091079,0.0886439517733069
"species_contemp_ice_extrap_only",61.5755866832378,0.0900000334241838
"species_contemp_ice_extrap_only",61.7003512753966,0.0913603496346899
"species_contemp_ice_extrap_only",61.8251158675554,0.0928170551347303
"species_contemp_ice_extrap_only",61.9498804597142,0.0942774473672954
"species_contemp_ice_extrap_only",62.074645051873,0.0958134653427656
"species_contemp_ice_extrap_only",62.1994096440318,0.0973525998938459
"species_contemp_ice_extrap_only",62.3241742361906,0.0989527709970899
"species_contemp_ice_extrap_only",62.4489388283494,0.100555453664313
"species_contemp_ice_extrap_only",62.5737034205082,0.102206059570485
"species_contemp_ice_extrap_only",62.698468012667,0.10385854303049
"species_contemp_ice_extrap_only",62.8232326048258,0.105560908862393
"species_contemp_ice_extrap_only",62.9479971969846,0.107264491271516
"species_contemp_ice_extrap_only",63.0727617891434,0.109019858426968
"species_contemp_ice_extrap_only",63.1975263813021,0.110775946606239
"species_contemp_ice_extrap_only",63.3222909734609,0.112585441295759
"species_contemp_ice_extrap_only",63.4470555656197,0.114395883718387
"species_contemp_ice_extrap_only",63.5718201577785,0.116260237710027
"species_contemp_ice_extrap_only",63.6965847499373,0.118126315376204
"species_contemp_ice_extrap_only",63.8213493420961,0.120046749619595
"species_contemp_ice_extrap_only",63.9461139342549,0.121969714466984
"species_contemp_ice_extrap_only",64.0708785264137,0.123947525922329
"species_contemp_ice_extrap_only",64.1956431185725,0.125928695860597
"species_contemp_ice_extrap_only",64.3204077107313,0.127965169362592
"species_contemp_ice_extrap_only",64.4451723028901,0.130005863494453
"species_contemp_ice_extrap_only",64.5699368950489,0.13210216477812
"species_contemp_ice_extrap_only",64.6947014872077,0.134203554892579
"species_contemp_ice_extrap_only",64.8194660793665,0.136360931335135
"species_contemp_ice_extrap_only",64.9442306715253,0.13852430214936
"species_contemp_ice_extrap_only",65.0689952636841,0.140743978378246
"species_contemp_ice_extrap_only",65.1937598558429,0.142970577993761
"species_contemp_ice_extrap_only",65.3185244480017,0.145253816491932
"species_contemp_ice_extrap_only",65.4432890401605,0.147544899201168
"species_contemp_ice_extrap_only",65.5680536323192,0.149892728934218
"species_contemp_ice_extrap_only",65.692818224478,0.152249363201262
"species_contemp_ice_extrap_only",65.8175828166368,0.15466298405262
"species_contemp_ice_extrap_only",65.9423474087956,0.157086376999388
"species_contemp_ice_extrap_only",66.0671120009544,0.159566963600825
"species_contemp_ice_extrap_only",66.1918765931132,0.162058309421549
"species_contemp_ice_extrap_only",66.316641185272,0.164606821828112
"species_contemp_ice_extrap_only",66.4414057774308,0.167167045954384
"species_contemp_ice_extrap_only",66.5661703695896,0.169784530096259
"species_contemp_ice_extrap_only",66.6909349617484,0.172414725086502
"species_contemp_ice_extrap_only",66.8156995539072,0.17510224004933
"species_contemp_ice_extrap_only",66.940464146066,0.177803466822245
"species_contemp_ice_extrap_only",67.0652287382248,0.18056189581481
"species_contemp_ice_extrap_only",67.1899933303836,0.183334836918035
"species_contemp_ice_extrap_only",67.3147579225424,0.186165904869385
"species_contemp_ice_extrap_only",67.4395225147012,0.189010658929006
"species_contemp_ice_extrap_only",67.56428710686,0.191915192794449
"species_contemp_ice_extrap_only",67.6890516990188,0.19483256348717
"species_contemp_ice_extrap_only",67.8138162911776,0.197811372253762
"species_contemp_ice_extrap_only",67.9385808833364,0.200802092099451
"species_contemp_ice_extrap_only",68.0633454754952,0.203855653298688
"species_contemp_ice_extrap_only",68.188110067654,0.206920235656999
"species_contemp_ice_extrap_only",68.3128746598127,0.210049202247297
"species_contemp_ice_extrap_only",68.4376392519715,0.213188263266595
"species_contemp_ice_extrap_only",68.5624038441303,0.216393186014129
"species_contemp_ice_extrap_only",68.6871684362891,0.21960728238058
"species_contemp_ice_extrap_only",68.8119330284479,0.222888377966748
"species_contemp_ice_extrap_only",68.9366976206067,0.226177676039944
"species_contemp_ice_extrap_only",69.0614622127655,0.229535261212428
"species_contemp_ice_extrap_only",69.1862268049243,0.232900110285688
"species_contemp_ice_extrap_only",69.3109913970831,0.236334364228613
"species_contemp_ice_extrap_only",69.4357559892419,0.239774946227433
"species_contemp_ice_extrap_only",69.5605205814007,0.243285964601597
"species_contemp_ice_extrap_only",69.6852851735595,0.246802344783966
"species_contemp_ice_extrap_only",69.8100497657183,0.250389862923303
"species_contemp_ice_extrap_only",69.9348143578771,0.253981819174023
"species_contemp_ice_extrap_only",70.0595789500359,0.257645723488403
"species_contemp_ice_extrap_only",70.1843435421947,0.261313151856969
"species_contemp_ice_extrap_only",70.3091081343535,0.265053129209926
"species_contemp_ice_extrap_only",70.4338727265122,0.268795718276205
"species_contemp_ice_extrap_only",70.558637318671,0.272611091793706
"species_contemp_ice_extrap_only",70.6834019108298,0.276428206811666
"species_contemp_ice_extrap_only",70.8081665029886,0.280318444181068
"species_contemp_ice_extrap_only",70.9329310951474,0.284209580775187
"species_contemp_ice_extrap_only",71.0576956873062,0.288173821787217
"species_contemp_ice_extrap_only",71.182460279465,0.292138828649267
"species_contemp_ice_extrap_only",71.3072248716238,0.296175539644026
"species_contemp_ice_extrap_only",71.4319894637826,0.300213646760416
"species_contemp_ice_extrap_only",71.5567540559414,0.304321466525053
"species_contemp_ice_extrap_only",71.6815186481002,0.308431352187131
"species_contemp_ice_extrap_only",71.806283240259,0.312609153959472
"species_contemp_ice_extrap_only",71.9310478324178,0.316789616208558
"species_contemp_ice_extrap_only",72.0558124245766,0.321036046290328
"species_contemp_ice_extrap_only",72.1805770167354,0.325285684910321
"species_contemp_ice_extrap_only",72.3053416088942,0.329598976965342
"species_contemp_ice_extrap_only",72.430106201053,0.33391596083714
"species_contemp_ice_extrap_only",72.5548707932118,0.338294508702066
"species_contemp_ice_extrap_only",72.6796353853706,0.342677119157763
"species_contemp_ice_extrap_only",72.8043999775294,0.347118946207186
"species_contemp_ice_extrap_only",72.9291645696882,0.35156516662195
"species_contemp_ice_extrap_only",73.053929161847,0.356068328216939
"species_contemp_ice_extrap_only",73.1786937540057,0.360576131358806
"species_contemp_ice_extrap_only",73.3034583461645,0.365138178251551
"species_contemp_ice_extrap_only",73.4282229383233,0.369704972126771
"species_contemp_ice_extrap_only",73.5529875304821,0.37432353481239
"species_contemp_ice_extrap_only",73.6777521226409,0.378946915213103
"species_contemp_ice_extrap_only",73.8025167147997,0.383619543019333
"species_contemp_ice_extrap_only",73.9272813069585,0.388296938909939
"species_contemp_ice_extrap_only",74.0520458991173,0.393020651764143
"species_contemp_ice_extrap_only",74.1768104912761,0.397749014949163
"species_contemp_ice_extrap_only",74.3015750834349,0.402521044944973
"species_contemp_ice_extrap_only",74.4263396755937,0.407297418852822
"species_contemp_ice_extrap_only",74.5511042677525,0.412114633582269
"species_contemp_ice_extrap_only",74.6758688599113,0.416935868869096
"species_contemp_ice_extrap_only",74.8006334520701,0.4217951952076
"species_contemp_ice_extrap_only",74.9253980442289,0.426658118195138
"species_contemp_ice_extrap_only",75.0501626363877,0.431556124743983
"species_contemp_ice_extrap_only",75.1749272285465,0.436456850755538
"species_contemp_ice_extrap_only",75.2996918207053,0.441390058660056
"species_contemp_ice_extrap_only",75.424456412864,0.446325155269813
"species_contemp_ice_extrap_only",75.5492210050228,0.451290021696928
"species_contemp_ice_extrap_only",75.6739855971816,0.456256023660542
"species_contemp_ice_extrap_only",75.7987501893404,0.461248475460773
"species_contemp_ice_extrap_only",75.9235147814992,0.466241321238927
"species_contemp_ice_extrap_only",76.048279373658,0.471257486322295
"species_contemp_ice_extrap_only",76.1730439658168,0.476273481097798
"species_contemp_ice_extrap_only",76.2978085579756,0.481309499090724
"species_contemp_ice_extrap_only",76.4225731501344,0.486344867200261
"species_contemp_ice_extrap_only",76.5473377422932,0.491396353687114
"species_contemp_ice_extrap_only",76.672102334452,0.496446747204183
"species_contemp_ice_extrap_only",76.7968669266108,0.501509607421721
"species_contemp_ice_extrap_only",76.9216315187696,0.506571099260943
"species_contemp_ice_extrap_only",77.0463961109284,0.511641124185635
"species_contemp_ice_extrap_only",77.1711607030872,0.516709577315887
"species_contemp_ice_extrap_only",77.295925295246,0.521782618058258
"species_contemp_ice_extrap_only",77.4206898874048,0.5268539981058
"species_contemp_ice_extrap_only",77.5454544795636,0.531925466178913
"species_contemp_ice_extrap_only",77.6702190717224,0.536995247352943
"species_contemp_ice_extrap_only",77.7949836638812,0.542060920733763
"species_contemp_ice_extrap_only",77.91974825604,0.54712501260591
"species_contemp_ice_extrap_only",78.0445128481987,0.552180735332365
"species_contemp_ice_extrap_only",78.1692774403575,0.557235078226214
"species_contemp_ice_extrap_only",78.2940420325163,0.562276257951336
"species_contemp_ice_extrap_only",78.4188066246751,0.567316330195878
"species_contemp_ice_extrap_only",78.5435712168339,0.572338836998695
"species_contemp_ice_extrap_only",78.6683358089927,0.577360618610168
"species_contemp_ice_extrap_only",78.7931004011515,0.582360243171618
"species_contemp_ice_extrap_only",78.9178649933103,0.587359320195904
"species_contemp_ice_extrap_only",79.0426295854691,0.59233226871553
"species_contemp_ice_extrap_only",79.1673941776279,0.597304304410917
"species_contemp_ice_extrap_only",79.2921587697867,0.602246592781889
"species_contemp_ice_extrap_only",79.4169233619455,0.607187269067449
"species_contemp_ice_extrap_only",79.5416879541043,0.612095117813781
"species_contemp_ice_extrap_only",79.6664525462631,0.6170005881766
"species_contemp_ice_extrap_only",79.7912171384219,0.62187030221844
"species_contemp_ice_extrap_only",79.9159817305807,0.626736793131645
"species_contemp_ice_extrap_only",80.0407463227395,0.63156437245582
"species_contemp_ice_extrap_only",80.1655109148982,0.636387841574286
"species_contemp_ice_extrap_only",80.290275507057,0.641169831418793
"species_contemp_ice_extrap_only",80.4150400992158,0.645946783918994
"species_contemp_ice_extrap_only",80.5398046913746,0.6506668566279
"species_contemp_ice_extrap_only",80.6645692835334,0.655352824885818
"species_contemp_ice_extrap_only",80.7893338756922,0.659736195379336
"species_contemp_ice_extrap_only",80.914098467851,0.664106858247329
"species_contemp_ice_extrap_only",81.0388630600098,0.668401886582749
"species_contemp_ice_extrap_only",81.1636276521686,0.672690301291155
"species_contemp_ice_extrap_only",81.2883922443274,0.676938007260081
"species_contemp_ice_extrap_only",81.4131568364862,0.681139502067448
"species_contemp_ice_extrap_only",81.537921428645,0.685195513217196
"species_contemp_ice_extrap_only",81.6626860208038,0.689217274143228
"species_contemp_ice_extrap_only",81.7874506129626,0.693182055893335
"species_contemp_ice_extrap_only",81.9122152051214,0.697140074185453
"species_contemp_ice_extrap_only",82.0369797972802,0.70105658585932
"species_contemp_ice_extrap_only",82.161744389439,0.704965618761514
"species_contemp_ice_extrap_only",82.2865089815978,0.708831940592533
"species_contemp_ice_extrap_only",82.4112735737566,0.712690108620065
"species_contemp_ice_extrap_only",82.5360381659154,0.716328161593114
"species_contemp_ice_extrap_only",82.6608027580742,0.719957363128122
"species_contemp_ice_extrap_only",82.785567350233,0.723438139158261
"species_contemp_ice_extrap_only",82.9103319423917,0.726818673558072
"species_contemp_ice_extrap_only",83.0350965345505,0.730147122804887
"species_contemp_ice_extrap_only",83.1598611267093,0.733327814561573
"species_contemp_ice_extrap_only",83.2846257188681,0.73646797900062
"species_contemp_ice_extrap_only",83.4093903110269,0.739606055711307
"species_contemp_ice_extrap_only",83.5341549031857,0.742702214575143
"species_contemp_ice_extrap_only",83.6589194953445,0.745796411671727
"species_contemp_ice_extrap_only",83.7836840875033,0.748799617654826
"species_contemp_ice_extrap_only",83.9084486796621,0.751800955531646
"species_contemp_ice_extrap_only",84.0332132718209,0.754496623789932
"species_contemp_ice_extrap_only",84.1579778639797,0.75719056053895
"species_contemp_ice_extrap_only",84.2827424561385,0.759829601599599
"species_contemp_ice_extrap_only",84.4075070482973,0.7624670477939
"species_contemp_ice_extrap_only",84.5322716404561,0.764919062871034
"species_contemp_ice_extrap_only",84.6570362326149,0.767369607419119
"species_contemp_ice_extrap_only",84.7818008247737,0.768474048285131
"species_contemp_ice_extrap_only",84.9065654169325,0.7694322221875
"species_contemp_ice_extrap_only",85.0313300090913,0.769751277111308
"species_contemp_ice_extrap_only",85.1560946012501,0.770049688815776
"species_contemp_ice_extrap_only",85.2808591934089,0.770295342808188
"species_contemp_ice_extrap_only",85.4056237855676,0.770541454609078
"species_contemp_ice_extrap_only",85.5303883777264,0.770722795419088
"species_contemp_ice_extrap_only",85.6551529698852,0.770904519874293
"species_contemp_ice_extrap_only",85.779917562044,0.771092363569896
"species_contemp_ice_extrap_only",85.9046821542028,0.771280510807483
"species_contemp_ice_extrap_only",86.0294467463616,0.771474819772533
"species_contemp_ice_extrap_only",86.1542113385204,0.771669354029715
"species_contemp_ice_extrap_only",86.2789759306792,0.771815494122941
"species_contemp_ice_extrap_only",86.403740522838,0.771961781972243
"species_contemp_ice_extrap_only",86.5285051149968,0.772101406013065
"species_contemp_ice_extrap_only",86.6532697071556,0.772241108637683
"species_contemp_ice_extrap_only",86.7780342993144,0.77238748088723
"species_contemp_ice_extrap_only",86.9027988914732,0.772533940844055
"species_contemp_ice_extrap_only",87.027563483632,0.77268694449224
"species_contemp_ice_extrap_only",87.1523280757908,0.77284011570879
"species_contemp_ice_extrap_only",87.2770926679496,0.772999769016861
"species_contemp_ice_extrap_only",87.4018572601084,0.773159666531915
"species_contemp_ice_extrap_only",87.5266218522672,0.773325933357231
"species_contemp_ice_extrap_only",87.651386444426,0.773492522639383
"species_contemp_ice_extrap_only",87.7761510365847,0.77366538510055
"species_contemp_ice_extrap_only",87.9009156287435,0.773838650213584
"species_contemp_ice_extrap_only",88.0256802209023,0.774018084658672
"species_contemp_ice_extrap_only",88.1504448130611,0.774197998060302
"species_contemp_ice_extrap_only",88.2752094052199,0.774384004299383
"species_contemp_ice_extrap_only",88.3999739973787,0.774570567744859
"species_contemp_ice_extrap_only",88.5247385895375,0.774763110015147
"species_contemp_ice_extrap_only",88.6495031816963,0.774956290826421
"species_contemp_ice_extrap_only",88.7742677738551,0.775155351436449
"species_contemp_ice_extrap_only",88.8990323660139,0.775355122287985
"species_contemp_ice_extrap_only",89.0237969581727,0.775560677016042
"species_contemp_ice_extrap_only",89.1485615503315,0.775767023700051
"species_contemp_ice_extrap_only",89.2733261424903,0.775979048894206
"species_contemp_ice_extrap_only",89.3980907346491,0.776191940069865
"species_contemp_ice_extrap_only",89.5228553268079,0.776410411698333
"species_contemp_ice_extrap_only",89.6476199189667,0.776629827178304
"species_contemp_ice_extrap_only",89.7723845111255,0.776854715438762
"species_contemp_ice_extrap_only",89.8971491032843,0.777080625420723
"species_contemp_ice_extrap_only",90.021913695443,0.777311906471313
"species_contemp_ice_extrap_only",90.1466782876018,0.777544281749544
"species_contemp_ice_extrap_only",90.2714428797606,0.777781943479412
"species_contemp_ice_extrap_only",90.3962074719194,0.778020776927065
"species_contemp_ice_extrap_only",90.5209720640782,0.778264765692029
"species_contemp_ice_extrap_only",90.645736656237,0.778510003664924
"species_contemp_ice_extrap_only",90.7705012483958,0.778760367288346
"species_contemp_ice_extrap_only",90.8952658405546,0.779011907775983
"species_contemp_ice_extrap_only",91.0200304327134,0.779268633631615
"species_contemp_ice_extrap_only",91.1447950248722,0.77952645924117
"species_contemp_ice_extrap_only",91.269559617031,0.779789505605761
"species_contemp_ice_extrap_only",91.3943242091898,0.780053574613983
"species_contemp_ice_extrap_only",91.5190888013486,0.780322920620956
"species_contemp_ice_extrap_only",91.6438533935074,0.780593202845669
"species_contemp_ice_extrap_only",91.7686179856662,0.780868790736002
"species_contemp_ice_extrap_only",91.893382577825,0.78114523849349
"species_contemp_ice_extrap_only",92.0181471699838,0.781427050385788
"species_contemp_ice_extrap_only",92.1429117621426,0.781709645794658
"species_contemp_ice_extrap_only",92.2676763543014,0.781997643293983
"species_contemp_ice_extrap_only",92.3924409464602,0.782286344441056
"species_contemp_ice_extrap_only",92.517205538619,0.782580487886528
"species_contemp_ice_extrap_only",92.6419701307778,0.782875259009018
"species_contemp_ice_extrap_only",92.7667347229366,0.78317551777506
"species_contemp_ice_extrap_only",92.8914993150953,0.783476322730326
"species_contemp_ice_extrap_only",93.0162639072541,0.783782646628165
"species_contemp_ice_extrap_only",93.1410284994129,0.784089443882883
"species_contemp_ice_extrap_only",93.2657930915717,0.784401791605129
"species_contemp_ice_extrap_only",93.3905576837305,0.784714533095729
"species_contemp_ice_extrap_only",93.5153222758893,0.785032876043169
"species_contemp_ice_extrap_only",93.6400868680481,0.785351537927793
"species_contemp_ice_extrap_only",93.7648514602069,0.785675829465902
"species_contemp_ice_extrap_only",93.8896160523657,0.786000363870907
"species_contemp_ice_extrap_only",94.0143806445245,0.786330560657462
"species_contemp_ice_extrap_only",94.1391452366833,0.786660925859598
"species_contemp_ice_extrap_only",94.2639098288421,0.786996986750313
"species_contemp_ice_extrap_only",94.3886744210009,0.787333140646474
"species_contemp_ice_extrap_only",94.5134390131597,0.787675010188271
"species_contemp_ice_extrap_only",94.6382036053185,0.788016953322122
"species_contemp_ice_extrap_only",94.7629681974773,0.788364547325724
"species_contemp_ice_extrap_only",94.8877327896361,0.788712267418252
"species_contemp_ice_extrap_only",95.0124973817949,0.789065500534486
"species_contemp_ice_extrap_only",95.1372619739537,0.789418932291694
"species_contemp_ice_extrap_only",95.2620265661124,0.78977776279731
"species_contemp_ice_extrap_only",95.3867911582712,0.790136864495948
"species_contemp_ice_extrap_only",95.51155575043,0.790501268549087
"species_contemp_ice_extrap_only",95.6363203425888,0.790866010948159
"species_contemp_ice_extrap_only",95.7610849347476,0.791235904532538
"species_contemp_ice_extrap_only",95.8858495269064,0.791606207875337
"species_contemp_ice_extrap_only",96.0106141190652,0.791981555228171
"species_contemp_ice_extrap_only",96.135378711224,0.79235738375191
"species_contemp_ice_extrap_only",96.2601433033828,0.79273814911041
"species_contemp_ice_extrap_only",96.3849078955416,0.793119461173756
"species_contemp_ice_extrap_only",96.5096724877004,0.793505566672031
"species_contemp_ice_extrap_only",96.6344370798592,0.793892286208804
"species_contemp_ice_extrap_only",96.759201672018,0.794283683973211
"species_contemp_ice_extrap_only",96.8839662641768,0.794675758651081
"species_contemp_ice_extrap_only",97.0087308563356,0.795072418499444
"species_contemp_ice_extrap_only",97.1334954484944,0.795469828853323
"species_contemp_ice_extrap_only",97.2582600406532,0.795871655608137
"species_contemp_ice_extrap_only",97.383024632812,0.796274289385476
"species_contemp_ice_extrap_only",97.5077892249708,0.796681264595568
"species_contemp_ice_extrap_only",97.6325538171296,0.797089110743153
"species_contemp_ice_extrap_only",97.7573184092884,0.797501144811628
"species_contemp_ice_extrap_only",97.8820830014471,0.797914118191255
"species_contemp_ice_extrap_only",98.0068475936059,0.798331187276255
"species_contemp_ice_extrap_only",98.1316121857647,0.798749247251318
"species_contemp_ice_extrap_only",98.2563767779235,0.799171261376097
"species_contemp_ice_extrap_only",98.3811413700823,0.799594333625034
"species_contemp_ice_extrap_only",98.5059059622411,0.800021287805334
"species_contemp_ice_extrap_only",98.6306705543999,0.8004492938659
"species_contemp_ice_extrap_only",98.7554351465587,0.800881179896943
"species_contemp_ice_extrap_only",98.8801997387175,0.801314022759291
"species_contemp_ice_extrap_only",99.0049643308763,0.801750717494059
"species_contemp_ice_extrap_only",99.1297289230351,0.802188314091542
"species_contemp_ice_extrap_only",99.2544935151939,0.802629794812279
"species_contemp_ice_extrap_only",99.3792581073527,0.803072096891399
"species_contemp_ice_extrap_only",99.5040226995115,0.80351828248364
"species_contemp_ice_extrap_only",99.6287872916703,0.803965224479289
"species_contemp_ice_extrap_only",99.7535518838291,0.804416084780675
"species_contemp_ice_extrap_only",99.8783164759879,0.80486762439982
"species_contemp_ice_extrap_only",100.003081068147,0.805323054246463
"species_contemp_ice_extrap_only",100.127845660305,0.805779095931747
"species_contemp_ice_extrap_only",100.252610252464,0.806239046690296
"species_contemp_ice_extrap_only",100.377374844623,0.806699542568076
"species_contemp_ice_extrap_only",100.502139436782,0.807163938516929
"species_contemp_ice_extrap_only",100.626904028941,0.807628810721312
"species_contemp_ice_extrap_only",100.751668621099,0.808097576101412
"species_contemp_ice_extrap_only",100.876433213258,0.808566752916898
"species_contemp_ice_extrap_only",101.001197805417,0.809039845055358
"species_contemp_ice_extrap_only",101.125962397576,0.809513284568769
"species_contemp_ice_extrap_only",101.250726989735,0.809957485989874
"species_contemp_ice_extrap_only",101.375491581893,0.810388644698795
"species_contemp_ice_extrap_only",101.500256174052,0.810805094242096
"species_contemp_ice_extrap_only",101.625020766211,0.811216354370117
"species_contemp_ice_extrap_only",101.74978535837,0.811630660295486
"species_contemp_ice_extrap_only",101.874549950529,0.812044966220856
"species_contemp_ice_extrap_only",101.999314542687,0.812462288141251
"species_contemp_ice_extrap_only",102.124079134846,0.812879610061646
"species_contemp_ice_extrap_only",102.248843727005,0.813299888372421
"species_contemp_ice_extrap_only",102.373608319164,0.813720166683197
"species_contemp_ice_extrap_only",102.498372911323,0.814143323898315
"species_contemp_ice_extrap_only",102.623137503481,0.814566481113434
"species_contemp_ice_extrap_only",102.74790209564,0.814992451667786
"species_contemp_ice_extrap_only",102.872666687799,0.815418422222137
"species_contemp_ice_extrap_only",102.997431279958,0.815847158432007
"species_contemp_ice_extrap_only",103.122195872117,0.816275894641876
"species_contemp_ice_extrap_only",103.246960464275,0.816707324981689
"species_contemp_ice_extrap_only",103.371725056434,0.817138755321503
"species_contemp_ice_extrap_only",103.496489648593,0.817572808265686
"species_contemp_ice_extrap_only",103.621254240752,0.818006861209869
"species_contemp_ice_extrap_only",103.74601883291,0.818443471193314
"species_contemp_ice_extrap_only",103.870783425069,0.818880081176758
"species_contemp_ice_extrap_only",103.995548017228,0.819319194555283
"species_contemp_ice_extrap_only",104.120312609387,0.819758307933807
"species_contemp_ice_extrap_only",104.245077201546,0.820199835300446
"species_contemp_ice_extrap_only",104.369841793704,0.820641362667084
"species_contemp_ice_extrap_only",104.494606385863,0.820789068937302
"species_contemp_ice_extrap_only",104.619370978022,0.82093677520752
"species_contemp_ice_extrap_only",104.744135570181,0.82093677520752
"species_contemp_ice_extrap_only",104.86890016234,0.82093677520752
"species_contemp_ice_extrap_only",104.993664754498,0.82093677520752
"species_contemp_ice_extrap_only",105.118429346657,0.82093677520752
"species_contemp_ice_extrap_only",105.243193938816,0.82093677520752
"species_contemp_ice_extrap_only",105.367958530975,0.82093677520752
"species_contemp_ice_extrap_only",105.492723123134,0.82093677520752
"species_contemp_ice_extrap_only",105.617487715292,0.82093677520752
"species_contemp_ice_extrap_only",105.742252307451,0.82093677520752
"species_contemp_ice_extrap_only",105.86701689961,0.82093677520752
"species_contemp_ice_extrap_only",105.991781491769,0.82093677520752
"species_contemp_ice_extrap_only",106.116546083928,0.82093677520752
"species_contemp_ice_extrap_only",106.241310676086,0.82093677520752
"species_contemp_ice_extrap_only",106.366075268245,0.82093677520752
"species_contemp_ice_extrap_only",106.490839860404,0.82093677520752
"species_contemp_ice_extrap_only",106.615604452563,0.82093677520752
"species_contemp_ice_extrap_only",106.740369044722,0.82093677520752
"species_contemp_ice_extrap_only",106.86513363688,0.82093677520752
"species_contemp_ice_extrap_only",106.989898229039,0.82093677520752
"species_contemp_ice_extrap_only",107.114662821198,0.82093677520752
"species_contemp_ice_extrap_only",107.239427413357,0.82093677520752
"species_contemp_ice_extrap_only",107.364192005516,0.82093677520752
"species_contemp_ice_extrap_only",107.488956597674,0.82093677520752
"species_contemp_ice_extrap_only",107.613721189833,0.82093677520752
"species_contemp_ice_extrap_only",107.738485781992,0.82093677520752
"species_contemp_ice_extrap_only",107.863250374151,0.82093677520752
"species_contemp_ice_extrap_only",107.98801496631,0.82093677520752
"species_contemp_ice_extrap_only",108.112779558468,0.82093677520752
"species_contemp_ice_extrap_only",108.237544150627,0.82093677520752
"species_contemp_ice_extrap_only",108.362308742786,0.82093677520752
"species_contemp_ice_extrap_only",108.487073334945,0.82093677520752
"species_contemp_ice_extrap_only",108.611837927104,0.82093677520752
"species_contemp_ice_extrap_only",108.736602519262,0.82093677520752
"species_contemp_ice_extrap_only",108.861367111421,0.82093677520752
"species_contemp_ice_extrap_only",108.98613170358,0.82093677520752
"species_contemp_ice_extrap_only",109.110896295739,0.82093677520752
"species_contemp_ice_extrap_only",109.235660887897,0.82093677520752
"species_contemp_ice_extrap_only",109.360425480056,0.82093677520752
"species_contemp_ice_extrap_only",109.485190072215,0.82093677520752
"species_contemp_ice_extrap_only",109.609954664374,0.82093677520752
"species_contemp_ice_extrap_only",109.734719256533,0.82093677520752
"species_contemp_ice_extrap_only",109.859483848691,0.82093677520752
"species_contemp_ice_extrap_only",109.98424844085,0.82093677520752
"species_contemp_ice_extrap_only",110.109013033009,0.82093677520752
"species_contemp_ice_extrap_only",110.233777625168,0.82093677520752
"species_contemp_ice_extrap_only",110.358542217327,0.82093677520752
"species_contemp_ice_extrap_only",110.483306809485,0.82093677520752
"species_contemp_ice_extrap_only",110.608071401644,0.82093677520752
"species_contemp_ice_extrap_only",110.732835993803,0.82093677520752
"species_contemp_ice_extrap_only",110.857600585962,0.82093677520752
"species_contemp_ice_extrap_only",110.982365178121,0.82093677520752
"species_contemp_ice_extrap_only",111.107129770279,0.82093677520752
"species_contemp_ice_extrap_only",111.231894362438,0.82093677520752
"species_contemp_ice_extrap_only",111.356658954597,0.82093677520752
"species_contemp_ice_extrap_only",111.481423546756,0.82093677520752
"species_contemp_ice_extrap_only",111.606188138915,0.82093677520752
"species_contemp_ice_extrap_only",111.730952731073,0.82093677520752
"species_contemp_ice_extrap_only",111.855717323232,0.82093677520752
"species_contemp_ice_extrap_only",111.980481915391,0.82093677520752
"species_contemp_ice_extrap_only",112.10524650755,0.82093677520752
"species_contemp_ice_extrap_only",112.230011099709,0.82093677520752
"species_contemp_ice_extrap_only",112.354775691867,0.82093677520752
"species_contemp_ice_extrap_only",112.479540284026,0.82093677520752
"species_contemp_ice_extrap_only",112.604304876185,0.82093677520752
"species_contemp_ice_extrap_only",112.729069468344,0.82093677520752
"species_contemp_ice_extrap_only",112.853834060503,0.82093677520752
"species_contemp_ice_extrap_only",112.978598652661,0.82093677520752
"species_contemp_ice_extrap_only",113.10336324482,0.82093677520752
"species_contemp_ice_extrap_only",113.228127836979,0.82093677520752
"species_contemp_ice_extrap_only",113.352892429138,0.82093677520752
"species_contemp_ice_extrap_only",113.477657021297,0.82093677520752
"species_contemp_ice_extrap_only",113.602421613455,0.82093677520752
"species_contemp_ice_extrap_only",113.727186205614,0.82093677520752
"species_contemp_ice_extrap_only",113.851950797773,0.82093677520752
"species_contemp_ice_extrap_only",113.976715389932,0.82093677520752
"species_contemp_ice_extrap_only",114.10147998209,0.82093677520752
"species_contemp_ice_extrap_only",114.226244574249,0.82093677520752
"species_contemp_ice_extrap_only",114.351009166408,0.82093677520752
"species_contemp_ice_extrap_only",114.475773758567,0.82093677520752
"species_contemp_ice_extrap_only",114.600538350726,0.82093677520752
"species_contemp_ice_extrap_only",114.725302942884,0.82093677520752
"species_contemp_ice_extrap_only",114.850067535043,0.82093677520752
"species_contemp_ice_extrap",-9.91452462375168,0.0229674257338047
"species_contemp_ice_extrap",-9.78976003159289,0.0229674257338047
"species_contemp_ice_extrap",-9.6649954394341,0.0229674257338047
"species_contemp_ice_extrap",-9.5402308472753,0.0229674257338047
"species_contemp_ice_extrap",-9.41546625511651,0.0229674257338047
"species_contemp_ice_extrap",-9.29070166295771,0.0229674257338047
"species_contemp_ice_extrap",-9.16593707079892,0.0229674257338047
"species_contemp_ice_extrap",-9.04117247864012,0.0229674257338047
"species_contemp_ice_extrap",-8.91640788648133,0.0229674257338047
"species_contemp_ice_extrap",-8.79164329432253,0.0229674257338047
"species_contemp_ice_extrap",-8.66687870216374,0.0229674257338047
"species_contemp_ice_extrap",-8.54211411000494,0.0229674257338047
"species_contemp_ice_extrap",-8.41734951784615,0.0229674257338047
"species_contemp_ice_extrap",-8.29258492568735,0.0229674257338047
"species_contemp_ice_extrap",-8.16782033352856,0.0229674257338047
"species_contemp_ice_extrap",-8.04305574136976,0.0229674257338047
"species_contemp_ice_extrap",-7.91829114921097,0.0229674257338047
"species_contemp_ice_extrap",-7.79352655705217,0.0229674257338047
"species_contemp_ice_extrap",-7.66876196489338,0.0229674257338047
"species_contemp_ice_extrap",-7.54399737273458,0.0229674257338047
"species_contemp_ice_extrap",-7.41923278057579,0.0229674257338047
"species_contemp_ice_extrap",-7.29446818841699,0.0229674257338047
"species_contemp_ice_extrap",-7.1697035962582,0.0229674257338047
"species_contemp_ice_extrap",-7.0449390040994,0.0229674257338047
"species_contemp_ice_extrap",-6.92017441194061,0.0229674257338047
"species_contemp_ice_extrap",-6.79540981978181,0.0229674257338047
"species_contemp_ice_extrap",-6.67064522762302,0.0229674257338047
"species_contemp_ice_extrap",-6.54588063546422,0.0229674257338047
"species_contemp_ice_extrap",-6.42111604330543,0.0229674257338047
"species_contemp_ice_extrap",-6.29635145114663,0.0229674257338047
"species_contemp_ice_extrap",-6.17158685898784,0.0229674257338047
"species_contemp_ice_extrap",-6.04682226682904,0.0229674257338047
"species_contemp_ice_extrap",-5.92205767467025,0.0229674257338047
"species_contemp_ice_extrap",-5.79729308251145,0.0229674257338047
"species_contemp_ice_extrap",-5.67252849035266,0.0229674257338047
"species_contemp_ice_extrap",-5.54776389819386,0.0229674257338047
"species_contemp_ice_extrap",-5.42299930603507,0.0229674257338047
"species_contemp_ice_extrap",-5.29823471387627,0.0229674257338047
"species_contemp_ice_extrap",-5.17347012171748,0.0229674257338047
"species_contemp_ice_extrap",-5.04870552955868,0.0229674257338047
"species_contemp_ice_extrap",-4.92394093739989,0.0229674257338047
"species_contemp_ice_extrap",-4.79917634524109,0.0229674257338047
"species_contemp_ice_extrap",-4.6744117530823,0.0229674257338047
"species_contemp_ice_extrap",-4.5496471609235,0.0229674257338047
"species_contemp_ice_extrap",-4.42488256876471,0.0229674257338047
"species_contemp_ice_extrap",-4.30011797660591,0.0229674257338047
"species_contemp_ice_extrap",-4.17535338444712,0.0229674257338047
"species_contemp_ice_extrap",-4.05058879228832,0.0229674257338047
"species_contemp_ice_extrap",-3.92582420012953,0.0229674257338047
"species_contemp_ice_extrap",-3.80105960797073,0.0229674257338047
"species_contemp_ice_extrap",-3.67629501581194,0.0229674257338047
"species_contemp_ice_extrap",-3.55153042365314,0.0229674257338047
"species_contemp_ice_extrap",-3.42676583149435,0.0229674257338047
"species_contemp_ice_extrap",-3.30200123933555,0.0229674257338047
"species_contemp_ice_extrap",-3.17723664717676,0.0229674257338047
"species_contemp_ice_extrap",-3.05247205501796,0.0229674257338047
"species_contemp_ice_extrap",-2.92770746285917,0.0229674257338047
"species_contemp_ice_extrap",-2.80294287070037,0.0229674257338047
"species_contemp_ice_extrap",-2.67817827854158,0.0229674257338047
"species_contemp_ice_extrap",-2.55341368638278,0.0229674257338047
"species_contemp_ice_extrap",-2.42864909422399,0.0229674257338047
"species_contemp_ice_extrap",-2.30388450206519,0.0229674257338047
"species_contemp_ice_extrap",-2.1791199099064,0.0229674257338047
"species_contemp_ice_extrap",-2.0543553177476,0.0229674257338047
"species_contemp_ice_extrap",-1.92959072558881,0.0229674257338047
"species_contemp_ice_extrap",-1.80482613343001,0.0229674257338047
"species_contemp_ice_extrap",-1.68006154127122,0.0229674257338047
"species_contemp_ice_extrap",-1.55529694911242,0.0229674257338047
"species_contemp_ice_extrap",-1.43053235695363,0.0229674257338047
"species_contemp_ice_extrap",-1.30576776479483,0.0229674257338047
"species_contemp_ice_extrap",-1.18100317263604,0.0229674257338047
"species_contemp_ice_extrap",-1.05623858047725,0.0229674257338047
"species_contemp_ice_extrap",-0.93147398831845,0.0229674257338047
"species_contemp_ice_extrap",-0.806709396159654,0.0229674257338047
"species_contemp_ice_extrap",-0.68194480400086,0.0229674257338047
"species_contemp_ice_extrap",-0.557180211842065,0.0229674257338047
"species_contemp_ice_extrap",-0.432415619683269,0.0229674257338047
"species_contemp_ice_extrap",-0.307651027524473,0.0229674257338047
"species_contemp_ice_extrap",-0.182886435365679,0.0229674257338047
"species_contemp_ice_extrap",-0.0581218432068855,0.0229674257338047
"species_contemp_ice_extrap",0.0666427489519101,0.0229674257338047
"species_contemp_ice_extrap",0.191407341110704,0.0229674257338047
"species_contemp_ice_extrap",0.3161719332695,0.0229674257338047
"species_contemp_ice_extrap",0.440936525428295,0.0229808818834017
"species_contemp_ice_extrap",0.565701117587089,0.0229948150935763
"species_contemp_ice_extrap",0.690465709745885,0.0230365838415906
"species_contemp_ice_extrap",0.81523030190468,0.0230783688441757
"species_contemp_ice_extrap",0.939994894063474,0.0231211755930668
"species_contemp_ice_extrap",1.06475948622227,0.0231640111198288
"species_contemp_ice_extrap",1.18952407838107,0.0232078610630934
"species_contemp_ice_extrap",1.31428867053986,0.0232517526715555
"species_contemp_ice_extrap",1.43905326269865,0.0232966508282961
"species_contemp_ice_extrap",1.56381785485745,0.0233416037670559
"species_contemp_ice_extrap",1.68858244701624,0.02338755700715
"species_contemp_ice_extrap",1.81334703917504,0.0234335786209017
"species_contemp_ice_extrap",1.93811163133383,0.0234805916899904
"species_contemp_ice_extrap",2.06287622349263,0.0235276868549499
"species_contemp_ice_extrap",2.18764081565142,0.0235757669954395
"species_contemp_ice_extrap",2.31240540781022,0.0236239435000528
"species_contemp_ice_extrap",2.43716999996902,0.0236730965751715
"species_contemp_ice_extrap",2.56193459212781,0.0237223604409392
"species_contemp_ice_extrap",2.6866991842866,0.0237725926745737
"species_contemp_ice_extrap",2.8114637764454,0.0238229505448042
"species_contemp_ice_extrap",2.93622836860419,0.0238742689118346
"species_contemp_ice_extrap",3.06099296076299,0.023925728216441
"species_contemp_ice_extrap",3.18575755292178,0.0239781402564761
"species_contemp_ice_extrap",3.31052214508058,0.024030708622117
"species_contemp_ice_extrap",3.43528673723937,0.0240842209315726
"species_contemp_ice_extrap",3.56005132939817,0.0241379057025006
"species_contemp_ice_extrap",3.68481592155696,0.0241925258269207
"species_contemp_ice_extrap",3.80958051371576,0.0242473347702612
"species_contemp_ice_extrap",3.93434510587455,0.0243030708080482
"species_contemp_ice_extrap",4.05910969803335,0.0243590122081734
"species_contemp_ice_extrap",4.18387429019214,0.0244158713204718
"species_contemp_ice_extrap",4.30863888235094,0.0244729528529116
"species_contemp_ice_extrap",4.43340347450973,0.0245309454107495
"species_contemp_ice_extrap",4.55816806666853,0.0245891740176895
"species_contemp_ice_extrap",4.68293265882732,0.0246483211284622
"species_contemp_ice_extrap",4.80769725098612,0.024707692081914
"species_contemp_ice_extrap",4.93246184314491,0.0247680024329995
"species_contemp_ice_extrap",5.05722643530371,0.0248285245882938
"species_contemp_ice_extrap",5.1819910274625,0.024890007736556
"species_contemp_ice_extrap",5.3067556196213,0.0249516899371532
"species_contemp_ice_extrap",5.43152021178009,0.0250143553667612
"species_contemp_ice_extrap",5.55628480393889,0.0250772070267857
"species_contemp_ice_extrap",5.68104939609768,0.0251410632516066
"species_contemp_ice_extrap",5.80581398825648,0.0252050924813313
"species_contemp_ice_extrap",5.93057858041527,0.0252701508496517
"species_contemp_ice_extrap",6.05534317257407,0.025335368355182
"species_contemp_ice_extrap",6.18010776473286,0.0254016371018311
"species_contemp_ice_extrap",6.30487235689166,0.0254680511915748
"species_contemp_ice_extrap",6.42963694905045,0.0255355420422085
"species_contemp_ice_extrap",6.55440154120925,0.0256031636085356
"species_contemp_ice_extrap",6.67916613336804,0.0256718861190514
"species_contemp_ice_extrap",6.80393072552684,0.0257407247801565
"species_contemp_ice_extrap",6.92869531768563,0.0258106903042701
"species_contemp_ice_extrap",7.05345990984443,0.0258807565799942
"species_contemp_ice_extrap",7.17822450200322,0.0259519755913714
"species_contemp_ice_extrap",7.30298909416202,0.0260232798390319
"species_contemp_ice_extrap",7.42775368632081,0.0260957641195243
"species_contemp_ice_extrap",7.55251827847961,0.0261683176218259
"species_contemp_ice_extrap",7.6772828706384,0.026242077950151
"species_contemp_ice_extrap",7.80204746279719,0.0263158910584759
"species_contemp_ice_extrap",7.92681205495599,0.0263909396666781
"species_contemp_ice_extrap",8.05157664711479,0.026466024234395
"species_contemp_ice_extrap",8.17634123927358,0.0265423731042279
"species_contemp_ice_extrap",8.30110583143238,0.0266187405884355
"species_contemp_ice_extrap",8.42587042359117,0.0266964021477225
"species_contemp_ice_extrap",8.55063501574996,0.0267740819056421
"species_contemp_ice_extrap",8.67539960790876,0.0268530506085434
"species_contemp_ice_extrap",8.80016420006756,0.026932055266282
"species_contemp_ice_extrap",8.92492879222635,0.0270123426261094
"species_contemp_ice_extrap",9.04969338438515,0.0270926851110149
"species_contemp_ice_extrap",9.17445797654394,0.0271743039183951
"species_contemp_ice_extrap",9.29922256870274,0.0272559974258664
"species_contemp_ice_extrap",9.42398716086153,0.0273389608320844
"species_contemp_ice_extrap",9.54875175302033,0.0274220190820091
"species_contemp_ice_extrap",9.67351634517912,0.0275063395051624
"species_contemp_ice_extrap",9.79828093733791,0.0275907754141959
"species_contemp_ice_extrap",9.92304552949671,0.0276764658311755
"species_contemp_ice_extrap",10.0478101216555,0.0277622927922628
"species_contemp_ice_extrap",10.1725747138143,0.027849367477876
"species_contemp_ice_extrap",10.2973393059731,0.0279366003350159
"species_contemp_ice_extrap",10.4221038981319,0.0280250730112119
"species_contemp_ice_extrap",10.5468684902907,0.0281137261974012
"species_contemp_ice_extrap",10.6716330824495,0.0282036105979994
"species_contemp_ice_extrap",10.7963976746083,0.0282936980387513
"species_contemp_ice_extrap",10.9211622667671,0.0283850086248237
"species_contemp_ice_extrap",11.0459268589259,0.0284765456459843
"species_contemp_ice_extrap",11.1706914510847,0.0285692970826729
"species_contemp_ice_extrap",11.2954560432435,0.0286622988954239
"species_contemp_ice_extrap",11.4202206354022,0.0287565060341354
"species_contemp_ice_extrap",11.544985227561,0.0288509877284698
"species_contemp_ice_extrap",11.6697498197198,0.0289466657812694
"species_contemp_ice_extrap",11.7945144118786,0.0290426433990044
"species_contemp_ice_extrap",11.9192790040374,0.029139807403563
"species_contemp_ice_extrap",12.0440435961962,0.0292372968833442
"species_contemp_ice_extrap",12.168808188355,0.0293359630067905
"species_contemp_ice_extrap",12.2935727805138,0.0294349805412542
"species_contemp_ice_extrap",12.4183373726726,0.0295351822324701
"species_contemp_ice_extrap",12.5431019648314,0.0296357281399456
"species_contemp_ice_extrap",12.6678665569902,0.0297374857981635
"species_contemp_ice_extrap",12.792631149149,0.0298395698224492
"species_contemp_ice_extrap",12.9173957413078,0.0299429014763478
"species_contemp_ice_extrap",13.0421603334666,0.0300465407099597
"species_contemp_ice_extrap",13.1669249256254,0.0301514653256871
"species_contemp_ice_extrap",13.2916895177842,0.0302566781649929
"species_contemp_ice_extrap",13.416454109943,0.0303632109101229
"species_contemp_ice_extrap",13.5412187021018,0.0304700122243346
"species_contemp_ice_extrap",13.6659832942606,0.0305781729873292
"species_contemp_ice_extrap",13.7907478864194,0.0306865819238078
"species_contemp_ice_extrap",13.9155124785781,0.0307963892219288
"species_contemp_ice_extrap",14.0402770707369,0.0309064238163833
"species_contemp_ice_extrap",14.1650416628957,0.0310178950008116
"species_contemp_ice_extrap",14.2898062550545,0.0311295717869644
"species_contemp_ice_extrap",14.4145708472133,0.0312427266339443
"species_contemp_ice_extrap",14.5393354393721,0.0313560653476258
"species_contemp_ice_extrap",14.6641000315309,0.0314709236555795
"species_contemp_ice_extrap",14.7888646236897,0.0315859430775568
"species_contemp_ice_extrap",14.9136292158485,0.0317025239890877
"species_contemp_ice_extrap",15.0383938080073,0.0318192425157284
"species_contemp_ice_extrap",15.1631584001661,0.031937565089426
"species_contemp_ice_extrap",15.2879229923249,0.0320560015252379
"species_contemp_ice_extrap",15.4126875844837,0.0321760883276897
"species_contemp_ice_extrap",15.5374521766425,0.0322962644455426
"species_contemp_ice_extrap",15.6622167688013,0.0324181351203943
"species_contemp_ice_extrap",15.7869813609601,0.0325400698991902
"species_contemp_ice_extrap",15.9117459531189,0.0326637444404768
"species_contemp_ice_extrap",16.0365105452777,0.0327874572435171
"species_contemp_ice_extrap",16.1612751374365,0.0329129583296663
"species_contemp_ice_extrap",16.2860397295953,0.0330384866381773
"species_contemp_ice_extrap",16.410804321754,0.0331658198651224
"species_contemp_ice_extrap",16.5355689139128,0.0332931965186027
"species_contemp_ice_extrap",16.6603335060716,0.0334223725296077
"species_contemp_ice_extrap",16.7850980982304,0.0335516207089242
"species_contemp_ice_extrap",16.9098626903892,0.0336826607536767
"species_contemp_ice_extrap",17.034627282548,0.0338138023463183
"species_contemp_ice_extrap",17.1593918747068,0.0339467276507647
"species_contemp_ice_extrap",17.2841564668656,0.0340797844864688
"species_contemp_ice_extrap",17.4089210590244,0.0342146184998596
"species_contemp_ice_extrap",17.5336856511832,0.0343496149569715
"species_contemp_ice_extrap",17.658450243342,0.0344863798484462
"species_contemp_ice_extrap",17.7832148355008,0.0346233388558129
"species_contemp_ice_extrap",17.9079794276596,0.0347620586571562
"species_contemp_ice_extrap",18.0327440198184,0.0349010053655841
"species_contemp_ice_extrap",18.1575086119772,0.0350417026422056
"species_contemp_ice_extrap",18.282273204136,0.0351826592513864
"species_contemp_ice_extrap",18.4070377962948,0.0353253589189116
"species_contemp_ice_extrap",18.5318023884536,0.035468352731363
"species_contemp_ice_extrap",18.6565669806124,0.0356130783102647
"species_contemp_ice_extrap",18.7813315727712,0.0357581325416947
"species_contemp_ice_extrap",18.9060961649299,0.0359049087969455
"species_contemp_ice_extrap",19.0308607570887,0.0360520497484139
"species_contemp_ice_extrap",19.1556253492475,0.0362009018531263
"species_contemp_ice_extrap",19.2803899414063,0.0363501552540552
"species_contemp_ice_extrap",19.4051545335651,0.0365011091145296
"species_contemp_ice_extrap",19.5299191257239,0.0366525010342034
"species_contemp_ice_extrap",19.6546837178827,0.0368055814154122
"species_contemp_ice_extrap",19.7794483100415,0.0369591390602451
"species_contemp_ice_extrap",19.9042129022003,0.037114374511803
"species_contemp_ice_extrap",20.0289774943591,0.0372701262722917
"species_contemp_ice_extrap",20.1537420865179,0.0374275530948451
"species_contemp_ice_extrap",20.2785066786767,0.0375855112131094
"species_contemp_ice_extrap",20.4032712708355,0.0377451798241758
"species_contemp_ice_extrap",20.5280358629943,0.0379053521171091
"species_contemp_ice_extrap",20.6528004551531,0.0380672901444575
"species_contemp_ice_extrap",20.7775650473119,0.0382297044166165
"species_contemp_ice_extrap",20.9023296394707,0.0383939408266706
"species_contemp_ice_extrap",21.0270942316295,0.0385586244863422
"species_contemp_ice_extrap",21.1518588237883,0.0387251886596468
"species_contemp_ice_extrap",21.276623415947,0.038892170232705
"species_contemp_ice_extrap",21.4013880081058,0.0390610915601648
"species_contemp_ice_extrap",21.5261526002646,0.0392304003531528
"species_contemp_ice_extrap",21.6509171924234,0.0394017105469604
"species_contemp_ice_extrap",21.7756817845822,0.0395733765758684
"species_contemp_ice_extrap",21.900446376741,0.0397471037015637
"species_contemp_ice_extrap",22.0252109688998,0.0399211543865489
"species_contemp_ice_extrap",22.1499755610586,0.0400973305169076
"species_contemp_ice_extrap",22.2747401532174,0.0402737973996875
"species_contemp_ice_extrap",22.3995047453762,0.0404524544784205
"species_contemp_ice_extrap",22.524269337535,0.0406313683437841
"species_contemp_ice_extrap",22.6490339296938,0.0408125381053148
"species_contemp_ice_extrap",22.7737985218526,0.040993929738051
"species_contemp_ice_extrap",22.8985631140114,0.0411776446618603
"species_contemp_ice_extrap",23.0233277061702,0.0413615455918162
"species_contemp_ice_extrap",23.148092298329,0.0415478391962593
"species_contemp_ice_extrap",23.2728568904878,0.0417342820827394
"species_contemp_ice_extrap",23.3976214826466,0.0419231861615914
"species_contemp_ice_extrap",23.5223860748054,0.0421122018012552
"species_contemp_ice_extrap",23.6471506669642,0.0423037514385893
"species_contemp_ice_extrap",23.771915259123,0.0424953740045983
"species_contemp_ice_extrap",23.8966798512817,0.0426896030129931
"species_contemp_ice_extrap",24.0214444434405,0.0428838727277385
"species_contemp_ice_extrap",24.1462090355993,0.0430808093357848
"species_contemp_ice_extrap",24.2709736277581,0.0432777952953198
"species_contemp_ice_extrap",24.3957382199169,0.0434774394153282
"species_contemp_ice_extrap",24.5205028120757,0.0436771757966955
"species_contemp_ice_extrap",24.6452674042345,0.0438795645939301
"species_contemp_ice_extrap",24.7700319963933,0.0440820896263526
"species_contemp_ice_extrap",24.8947965885521,0.044287257273975
"species_contemp_ice_extrap",25.0195611807109,0.0444926059246644
"species_contemp_ice_extrap",25.1443257728697,0.0447005861876958
"species_contemp_ice_extrap",25.2690903650285,0.044908793786727
"species_contemp_ice_extrap",25.3938549571873,0.0451196257049472
"species_contemp_ice_extrap",25.5186195493461,0.045330732185493
"species_contemp_ice_extrap",25.6433841415049,0.0455444525397668
"species_contemp_ice_extrap",25.7681487336637,0.0457584961159025
"species_contemp_ice_extrap",25.8929133258225,0.0459751413383063
"species_contemp_ice_extrap",26.0176779179813,0.0461921590462318
"species_contemp_ice_extrap",26.1424425101401,0.0464117681409341
"species_contemp_ice_extrap",26.2672071022988,0.0466318006835574
"species_contemp_ice_extrap",26.3919716944576,0.046854412317809
"species_contemp_ice_extrap",26.5167362866164,0.0470774995494234
"species_contemp_ice_extrap",26.6415008787752,0.0473031516454171
"species_contemp_ice_extrap",26.766265470934,0.0475293321441999
"species_contemp_ice_extrap",26.8910300630928,0.0477580637179744
"species_contemp_ice_extrap",27.0157946552516,0.0479873793276632
"species_contemp_ice_extrap",27.1405592474104,0.0482192324467124
"species_contemp_ice_extrap",27.2653238395692,0.0484517241076844
"species_contemp_ice_extrap",27.390088431728,0.0486867388818933
"species_contemp_ice_extrap",27.5148530238868,0.0489224497216591
"species_contemp_ice_extrap",27.6396176160456,0.0491606674497226
"species_contemp_ice_extrap",27.7643822082044,0.049399640048983
"species_contemp_ice_extrap",27.8891468003632,0.0496411038922411
"species_contemp_ice_extrap",28.013911392522,0.0498833819258757
"species_contemp_ice_extrap",28.1386759846808,0.0501281819350998
"species_contemp_ice_extrap",28.2634405768396,0.0503737569958938
"species_contemp_ice_extrap",28.3882051689984,0.050621940036487
"species_contemp_ice_extrap",28.5129697611572,0.0508708548862268
"species_contemp_ice_extrap",28.637734353316,0.0511224652179361
"species_contemp_ice_extrap",28.7624989454747,0.0513747649043477
"species_contemp_ice_extrap",28.8872635376335,0.0516298480172158
"species_contemp_ice_extrap",29.0120281297923,0.0518855760741682
"species_contemp_ice_extrap",29.1367927219511,0.0521441783758098
"species_contemp_ice_extrap",29.2615573141099,0.0524033809923568
"species_contemp_ice_extrap",29.3863219062687,0.0526655519857593
"species_contemp_ice_extrap",29.5110864984275,0.0529282752559914
"species_contemp_ice_extrap",29.6358510905863,0.0531940567904499
"species_contemp_ice_extrap",29.7606156827451,0.0534603427818608
"species_contemp_ice_extrap",29.8853802749039,0.0537297859421797
"species_contemp_ice_extrap",30.0101448670627,0.0539996845572433
"species_contemp_ice_extrap",30.1349094592215,0.0542728380626444
"species_contemp_ice_extrap",30.2596740513803,0.0545463965961312
"species_contemp_ice_extrap",30.3844386435391,0.0548233110284815
"species_contemp_ice_extrap",30.5092032356979,0.0551005786378071
"species_contemp_ice_extrap",30.6339678278567,0.0553813020449243
"species_contemp_ice_extrap",30.7587324200155,0.0556623248597907
"species_contemp_ice_extrap",30.8834970121743,0.0559469087250296
"species_contemp_ice_extrap",31.008261604333,0.0562317373929684
"species_contemp_ice_extrap",31.1330261964919,0.0565202347777709
"species_contemp_ice_extrap",31.2577907886506,0.056808921087642
"species_contemp_ice_extrap",31.3825553808094,0.0571013814943458
"species_contemp_ice_extrap",31.5073199729682,0.0573939735334595
"species_contemp_ice_extrap",31.632084565127,0.0576904494704447
"species_contemp_ice_extrap",31.7568491572858,0.0579869977913694
"species_contemp_ice_extrap",31.8816137494446,0.0582875446956279
"species_contemp_ice_extrap",32.0063783416034,0.0585881534696366
"species_contemp_ice_extrap",32.1311429337622,0.0588927769175185
"species_contemp_ice_extrap",32.255907525921,0.0591975131920104
"species_contemp_ice_extrap",32.3806721180798,0.0595062478920127
"species_contemp_ice_extrap",32.5054367102386,0.0598151608404417
"species_contemp_ice_extrap",32.6302013023974,0.0601280702485283
"species_contemp_ice_extrap",32.7549658945562,0.0604412236965637
"species_contemp_ice_extrap",32.879730486715,0.0607583528011086
"species_contemp_ice_extrap",33.0044950788738,0.0610757944725775
"species_contemp_ice_extrap",33.1292596710326,0.0613972089172371
"species_contemp_ice_extrap",33.2540242631914,0.0617190054337019
"species_contemp_ice_extrap",33.3787888553502,0.0620447555172198
"species_contemp_ice_extrap",33.503553447509,0.0623709580509427
"species_contemp_ice_extrap",33.6283180396677,0.062701097004813
"species_contemp_ice_extrap",33.7530826318265,0.0630317623393545
"species_contemp_ice_extrap",33.8778472239853,0.0633781281208467
"species_contemp_ice_extrap",34.0026118161441,0.0637250940231871
"species_contemp_ice_extrap",34.1273764083029,0.0640808037695297
"species_contemp_ice_extrap",34.2521410004617,0.0644371906629213
"species_contemp_ice_extrap",34.3769055926205,0.0647977454195678
"species_contemp_ice_extrap",34.5016701847793,0.0651590546151445
"species_contemp_ice_extrap",34.6264347769381,0.0655245106413033
"species_contemp_ice_extrap",34.7511993690969,0.0658907993573312
"species_contemp_ice_extrap",34.8759639612557,0.0662612315149209
"species_contemp_ice_extrap",35.0007285534145,0.0666325809004764
"species_contemp_ice_extrap",35.1254931455733,0.067008057163291
"species_contemp_ice_extrap",35.2502577377321,0.0673845314784467
"species_contemp_ice_extrap",35.3750223298909,0.0677651140186771
"species_contemp_ice_extrap",35.4997869220497,0.0681467788735167
"species_contemp_ice_extrap",35.6245515142085,0.0685325452082667
"species_contemp_ice_extrap",35.7493161063673,0.0689194827354055
"species_contemp_ice_extrap",35.8740806985261,0.0693105427164197
"species_contemp_ice_extrap",35.9988452906849,0.0697027686737982
"species_contemp_ice_extrap",36.1236098828437,0.0700992317505866
"species_contemp_ice_extrap",36.2483744750024,0.0704968012042918
"species_contemp_ice_extrap",36.3731390671612,0.0708987355549379
"species_contemp_ice_extrap",36.49790365932,0.0713017107246425
"species_contemp_ice_extrap",36.6226682514788,0.0717091983124496
"species_contemp_ice_extrap",36.7474328436376,0.0721176608368173
"species_contemp_ice_extrap",36.8721974357964,0.0725307733730119
"species_contemp_ice_extrap",36.9969620279552,0.0729447949036454
"species_contemp_ice_extrap",37.121726620114,0.073363605447246
"species_contemp_ice_extrap",37.2464912122728,0.0737832545368114
"species_contemp_ice_extrap",37.3712558044316,0.0742078513756423
"species_contemp_ice_extrap",37.4960203965904,0.0746332179771464
"species_contemp_ice_extrap",37.6207849887492,0.0750636706024381
"species_contemp_ice_extrap",37.745549580908,0.0754948191707278
"species_contemp_ice_extrap",37.8703141730668,0.075931216017356
"species_contemp_ice_extrap",37.9950787652256,0.0763682345478294
"species_contemp_ice_extrap",38.1198433573844,0.0768106538296583
"species_contemp_ice_extrap",38.2446079495432,0.0772536199818642
"species_contemp_ice_extrap",38.369372541702,0.0777021367672771
"species_contemp_ice_extrap",38.4941371338607,0.078151121305315
"species_contemp_ice_extrap",38.6189017260195,0.0786058295080534
"species_contemp_ice_extrap",38.7436663181783,0.0790609268790193
"species_contemp_ice_extrap",38.8684309103371,0.0795219006338407
"species_contemp_ice_extrap",38.9931955024959,0.0799831816730565
"species_contemp_ice_extrap",39.1179600946547,0.0804505158763661
"species_contemp_ice_extrap",39.2427246868135,0.0809180737708957
"species_contemp_ice_extrap",39.3674892789723,0.0813918451296174
"species_contemp_ice_extrap",39.4922538711311,0.0818657553275763
"species_contemp_ice_extrap",39.6170184632899,0.0823460576224922
"species_contemp_ice_extrap",39.7417830554487,0.0828264489599233
"species_contemp_ice_extrap",39.8665476476075,0.0833133322212837
"species_contemp_ice_extrap",39.9913122397663,0.0838003439984554
"species_contemp_ice_extrap",40.1160768319251,0.084293837636457
"species_contemp_ice_extrap",40.2408414240839,0.0847875525672882
"species_contemp_ice_extrap",40.3656060162427,0.0852877512828517
"species_contemp_ice_extrap",40.4903706084015,0.0857882666841666
"species_contemp_ice_extrap",40.6151352005603,0.0862952530034591
"species_contemp_ice_extrap",40.7398997927191,0.0868026526315396
"species_contemp_ice_extrap",40.8646643848779,0.0873165257258302
"species_contemp_ice_extrap",40.9894289770367,0.0878309105562503
"species_contemp_ice_extrap",41.1141935691955,0.0883517487351825
"species_contemp_ice_extrap",41.2389581613542,0.0888732010152442
"species_contemp_ice_extrap",41.363722753513,0.0894011114393826
"species_contemp_ice_extrap",41.4884873456718,0.0899297372762342
"species_contemp_ice_extrap",41.6132519378306,0.0904648033994062
"species_contemp_ice_extrap",41.7380165299894,0.091000691763572
"species_contemp_ice_extrap",41.8627811221482,0.0915430047275939
"species_contemp_ice_extrap",41.987545714307,0.0920862456522594
"species_contemp_ice_extrap",42.1123103064658,0.0926359116827112
"species_contemp_ice_extrap",42.2370748986246,0.0931866145868728
"species_contemp_ice_extrap",42.3618394907834,0.0937437146485828
"species_contemp_ice_extrap",42.4866040829422,0.0943019641178205
"species_contemp_ice_extrap",42.611368675101,0.0948666124019233
"species_contemp_ice_extrap",42.7361332672598,0.0954325219582182
"species_contemp_ice_extrap",42.8608978594186,0.0960047986370024
"species_contemp_ice_extrap",42.9856624515774,0.0965784540797688
"species_contemp_ice_extrap",43.1104270437362,0.0971584763483421
"species_contemp_ice_extrap",43.235191635895,0.0977399931390619
"species_contemp_ice_extrap",43.3599562280538,0.0983278501104097
"species_contemp_ice_extrap",43.4847208202125,0.0989173206305735
"species_contemp_ice_extrap",43.6094854123713,0.0995131314608951
"species_contemp_ice_extrap",43.7342500045301,0.100110631908726
"species_contemp_ice_extrap",43.8590145966889,0.10071459844773
"species_contemp_ice_extrap",43.9837791888477,0.101320160846601
"species_contemp_ice_extrap",44.1085437810065,0.101932368337604
"species_contemp_ice_extrap",44.2333083731653,0.102546084273083
"species_contemp_ice_extrap",44.3580729653241,0.103166659489525
"species_contemp_ice_extrap",44.4828375574829,0.103788645594264
"species_contemp_ice_extrap",44.6076021496417,0.104417684288504
"species_contemp_ice_extrap",44.7323667418005,0.105048036404752
"species_contemp_ice_extrap",44.8571313339593,0.105685639048898
"species_contemp_ice_extrap",44.9818959261181,0.106324459914353
"species_contemp_ice_extrap",45.1066605182769,0.1069707514538
"species_contemp_ice_extrap",45.2314251104357,0.107618157677372
"species_contemp_ice_extrap",45.3561897025945,0.108273232046098
"species_contemp_ice_extrap",45.4809542947533,0.10892932115008
"species_contemp_ice_extrap",45.6057188869121,0.109593307441755
"species_contemp_ice_extrap",45.7304834790709,0.110258202835543
"species_contemp_ice_extrap",45.8552480712297,0.110931191823805
"species_contemp_ice_extrap",45.9800126633885,0.111604981059047
"species_contemp_ice_extrap",46.1047772555472,0.112287105121202
"species_contemp_ice_extrap",46.229541847706,0.112969923020573
"species_contemp_ice_extrap",46.3543064398648,0.113661287675293
"species_contemp_ice_extrap",46.4790710320236,0.114353234551391
"species_contemp_ice_extrap",46.6038356241824,0.115053944574704
"species_contemp_ice_extrap",46.7286002163412,0.115755122927818
"species_contemp_ice_extrap",46.8533648085,0.116465310416491
"species_contemp_ice_extrap",46.9781294006588,0.117175852041583
"species_contemp_ice_extrap",47.1028939928176,0.117895614425029
"species_contemp_ice_extrap",47.2276585849764,0.118615612786729
"species_contemp_ice_extrap",47.3524231771352,0.119345087719642
"species_contemp_ice_extrap",47.477187769294,0.120074684239551
"species_contemp_ice_extrap",47.6019523614528,0.120813967522532
"species_contemp_ice_extrap",47.7267169536116,0.121553378360491
"species_contemp_ice_extrap",47.8514815457704,0.122302481252654
"species_contemp_ice_extrap",47.9762461379292,0.123051837960295
"species_contemp_ice_extrap",48.101010730088,0.123810876705345
"species_contemp_ice_extrap",48.2257753222468,0.124570295970747
"species_contemp_ice_extrap",48.3505399144056,0.125339372974011
"species_contemp_ice_extrap",48.4753045065643,0.126108961214642
"species_contemp_ice_extrap",48.6000690987231,0.126888219446954
"species_contemp_ice_extrap",48.7248336908819,0.127668119901624
"species_contemp_ice_extrap",48.8495982830407,0.128457658883041
"species_contemp_ice_extrap",48.9743628751995,0.129247972207985
"species_contemp_ice_extrap",49.0991274673583,0.130047924193637
"species_contemp_ice_extrap",49.2238920595171,0.130848788840287
"species_contemp_ice_extrap",49.3486566516759,0.131659275241805
"species_contemp_ice_extrap",49.4734212438347,0.132470808602885
"species_contemp_ice_extrap",49.5981858359935,0.133291933268229
"species_contemp_ice_extrap",49.7229504281523,0.134114248053741
"species_contemp_ice_extrap",49.8477150203111,0.134946159216633
"species_contemp_ice_extrap",49.9724796124699,0.135779399838082
"species_contemp_ice_extrap",50.0972442046287,0.136622197716156
"species_contemp_ice_extrap",50.2220087967875,0.137466465910592
"species_contemp_ice_extrap",50.3467733889463,0.138320288719442
"species_contemp_ice_extrap",50.4715379811051,0.139175731079534
"species_contemp_ice_extrap",50.5963025732639,0.140040691242614
"species_contemp_ice_extrap",50.7210671654227,0.140907412947536
"species_contemp_ice_extrap",50.8458317575815,0.141783646350302
"species_contemp_ice_extrap",50.9705963497402,0.142661796420905
"species_contemp_ice_extrap",51.095360941899,0.143549427455221
"species_contemp_ice_extrap",51.2201255340578,0.144439120281766
"species_contemp_ice_extrap",51.3448901262166,0.145338255030767
"species_contemp_ice_extrap",51.4696547183754,0.146239600881544
"species_contemp_ice_extrap",51.5944193105342,0.147150504020412
"species_contemp_ice_extrap",51.719183902693,0.148063543758801
"species_contemp_ice_extrap",51.8439484948518,0.148986347654114
"species_contemp_ice_extrap",51.9687130870106,0.149911158469886
"species_contemp_ice_extrap",52.0934776791694,0.150846010814883
"species_contemp_ice_extrap",52.2182422713282,0.151782739071787
"species_contemp_ice_extrap",52.343006863487,0.152729741686307
"species_contemp_ice_extrap",52.4677714556458,0.153678496082507
"species_contemp_ice_extrap",52.5925360478046,0.154637803692279
"species_contemp_ice_extrap",52.7173006399634,0.155598724441135
"species_contemp_ice_extrap",52.8420652321222,0.156570454686737
"species_contemp_ice_extrap",52.966829824281,0.157543670650461
"species_contemp_ice_extrap",53.0915944164398,0.158527936822645
"species_contemp_ice_extrap",53.2163590085986,0.159513549566541
"species_contemp_ice_extrap",53.3411236007574,0.160510503353926
"species_contemp_ice_extrap",53.4658881929161,0.161508664409671
"species_contemp_ice_extrap",53.5906527850749,0.162518413048393
"species_contemp_ice_extrap",53.7154173772337,0.163529234094381
"species_contemp_ice_extrap",53.8401819693925,0.164551925407289
"species_contemp_ice_extrap",53.9649465615513,0.165575544374226
"species_contemp_ice_extrap",54.0897111537101,0.166611298657642
"species_contemp_ice_extrap",54.2144757458689,0.167647840540003
"species_contemp_ice_extrap",54.3392403380277,0.168696769012911
"species_contemp_ice_extrap",54.4640049301865,0.169746340686372
"species_contemp_ice_extrap",54.5887695223453,0.170808596323536
"species_contemp_ice_extrap",54.7135341145041,0.17187134847975
"species_contemp_ice_extrap",54.8382987066629,0.172947031585642
"species_contemp_ice_extrap",54.9630632988217,0.174023065329746
"species_contemp_ice_extrap",55.0878278909805,0.17511232966131
"species_contemp_ice_extrap",55.2125924831393,0.176201795637479
"species_contemp_ice_extrap",55.3373570752981,0.177304737390355
"species_contemp_ice_extrap",55.4621216674569,0.178407830098088
"species_contemp_ice_extrap",55.5868862596157,0.179524507479849
"species_contemp_ice_extrap",55.7116508517745,0.180641435028999
"species_contemp_ice_extrap",55.8364154439332,0.181771894184666
"species_contemp_ice_extrap",55.961180036092,0.182902757902283
"species_contemp_ice_extrap",56.0859446282508,0.184047118610927
"species_contemp_ice_extrap",56.2107092204096,0.185192036045892
"species_contemp_ice_extrap",56.3354738125684,0.18635043684083
"species_contemp_ice_extrap",56.4602384047272,0.187509551638535
"species_contemp_ice_extrap",56.585002996886,0.188682097350194
"species_contemp_ice_extrap",56.7097675890448,0.18985551159909
"species_contemp_ice_extrap",56.8345321812036,0.191042340903232
"species_contemp_ice_extrap",56.9592967733624,0.192230193027175
"species_contemp_ice_extrap",57.0840613655212,0.193431390907901
"species_contemp_ice_extrap",57.20882595768,0.194633774074878
"species_contemp_ice_extrap",57.3335905498388,0.195849494583929
"species_contemp_ice_extrap",57.4583551419976,0.197066554442871
"species_contemp_ice_extrap",57.5831197341564,0.198296897370546
"species_contemp_ice_extrap",57.7078843263152,0.199528735355125
"species_contemp_ice_extrap",57.832648918474,0.200773791645988
"species_contemp_ice_extrap",57.9574135106328,0.202020506983607
"species_contemp_ice_extrap",58.0821781027916,0.203280429056838
"species_contemp_ice_extrap",58.2069426949503,0.204542163703668
"species_contemp_ice_extrap",58.3317072871091,0.205817021499761
"species_contemp_ice_extrap",58.4564718792679,0.20709385583031
"species_contemp_ice_extrap",58.5812364714267,0.208383803163596
"species_contemp_ice_extrap",58.7060010635855,0.209675883246154
"species_contemp_ice_extrap",58.8307656557443,0.210980999092789
"species_contemp_ice_extrap",58.9555302479031,0.212288399729108
"species_contemp_ice_extrap",59.0802948400619,0.213608771863498
"species_contemp_ice_extrap",59.2050594322207,0.214931599581805
"species_contemp_ice_extrap",59.3298240243795,0.216267445021525
"species_contemp_ice_extrap",59.4545886165383,0.217605746270576
"species_contemp_ice_extrap",59.5793532086971,0.218957206488622
"species_contemp_ice_extrap",59.7041178008559,0.220310977586849
"species_contemp_ice_extrap",59.8288823930147,0.221678191748723
"species_contemp_ice_extrap",59.9536469851735,0.223047554695722
"species_contemp_ice_extrap",60.0784115773323,0.224430579133576
"species_contemp_ice_extrap",60.2031761694911,0.225815593439028
"species_contemp_ice_extrap",60.3279407616499,0.2272145553897
"species_contemp_ice_extrap",60.4527053538087,0.228615355353982
"species_contemp_ice_extrap",60.5774699459675,0.230030328519898
"species_contemp_ice_extrap",60.7022345381262,0.231446974857918
"species_contemp_ice_extrap",60.826999130285,0.232878024044416
"species_contemp_ice_extrap",60.9517637224438,0.234310596017219
"species_contemp_ice_extrap",61.0765283146026,0.235757848256716
"species_contemp_ice_extrap",61.2012929067614,0.237206461808467
"species_contemp_ice_extrap",61.3260574989202,0.238669951439299
"species_contemp_ice_extrap",61.450822091079,0.240134642047897
"species_contemp_ice_extrap",61.5755866832378,0.24161448212171
"species_contemp_ice_extrap",61.7003512753966,0.243095369091407
"species_contemp_ice_extrap",61.8251158675554,0.244591595845568
"species_contemp_ice_extrap",61.9498804597142,0.246088708503869
"species_contemp_ice_extrap",62.074645051873,0.247601431659356
"species_contemp_ice_extrap",62.1994096440318,0.249114887915361
"species_contemp_ice_extrap",62.3241742361906,0.250644148479217
"species_contemp_ice_extrap",62.4489388283494,0.252173983620897
"species_contemp_ice_extrap",62.5737034205082,0.253719824565454
"species_contemp_ice_extrap",62.698468012667,0.255266084501517
"species_contemp_ice_extrap",62.8232326048258,0.256828592085513
"species_contemp_ice_extrap",62.9479971969846,0.258391364542884
"species_contemp_ice_extrap",63.0727617891434,0.259970563148658
"species_contemp_ice_extrap",63.1975263813021,0.261549914045787
"species_contemp_ice_extrap",63.3222909734609,0.263145831105619
"species_contemp_ice_extrap",63.4470555656197,0.264741940605914
"species_contemp_ice_extrap",63.5718201577785,0.266354502047682
"species_contemp_ice_extrap",63.6965847499373,0.267967403611798
"species_contemp_ice_extrap",63.8213493420961,0.269596619011643
"species_contemp_ice_extrap",63.9461139342549,0.271226324386102
"species_contemp_ice_extrap",64.0708785264137,0.272872251858553
"species_contemp_ice_extrap",64.1956431185725,0.27451881185948
"species_contemp_ice_extrap",64.3204077107313,0.276181505684162
"species_contemp_ice_extrap",64.4451723028901,0.277844981181106
"species_contemp_ice_extrap",64.5699368950489,0.279524399729733
"species_contemp_ice_extrap",64.6947014872077,0.281204733994021
"species_contemp_ice_extrap",64.8194660793665,0.282900916360166
"species_contemp_ice_extrap",64.9442306715253,0.284598157734274
"species_contemp_ice_extrap",65.0689952636841,0.286311117139055
"species_contemp_ice_extrap",65.1937598558429,0.288025276513751
"species_contemp_ice_extrap",65.3185244480017,0.289755070786807
"species_contemp_ice_extrap",65.4432890401605,0.291486187246488
"species_contemp_ice_extrap",65.5680536323192,0.293232706374818
"species_contemp_ice_extrap",65.692818224478,0.294980684473335
"species_contemp_ice_extrap",65.8175828166368,0.296743972875532
"species_contemp_ice_extrap",65.9423474087956,0.298508849470652
"species_contemp_ice_extrap",66.0671120009544,0.300288930418793
"species_contemp_ice_extrap",66.1918765931132,0.302070733494518
"species_contemp_ice_extrap",66.316641185272,0.303867517296746
"species_contemp_ice_extrap",66.4414057774308,0.305666123258077
"species_contemp_ice_extrap",66.5661703695896,0.307479590513584
"species_contemp_ice_extrap",66.6909349617484,0.309295009114682
"species_contemp_ice_extrap",66.8156995539072,0.311125180400204
"species_contemp_ice_extrap",66.940464146066,0.312957425277987
"species_contemp_ice_extrap",67.0652287382248,0.314804191296705
"species_contemp_ice_extrap",67.1899933303836,0.316653096489895
"species_contemp_ice_extrap",67.3147579225424,0.31851654171681
"species_contemp_ice_extrap",67.4395225147012,0.320381984748119
"species_contemp_ice_extrap",67.56428710686,0.322262061476441
"species_contemp_ice_extrap",67.6890516990188,0.324143985056713
"species_contemp_ice_extrap",67.8138162911776,0.326040667404203
"species_contemp_ice_extrap",67.9385808833364,0.327939028385736
"species_contemp_ice_extrap",68.0633454754952,0.329852138818409
"species_contemp_ice_extrap",68.188110067654,0.331766781469419
"species_contemp_ice_extrap",68.3128746598127,0.333696268505023
"species_contemp_ice_extrap",68.4376392519715,0.335627144382086
"species_contemp_ice_extrap",68.5624038441303,0.337572971439529
"species_contemp_ice_extrap",68.6871684362891,0.339520047000384
"species_contemp_ice_extrap",68.8119330284479,0.341482008791482
"species_contemp_ice_extrap",68.9366976206067,0.343445067939993
"species_contemp_ice_extrap",69.0614622127655,0.345423087141328
"species_contemp_ice_extrap",69.1862268049243,0.347402069418179
"species_contemp_ice_extrap",69.3109913970831,0.349396029443913
"species_contemp_ice_extrap",69.4357559892419,0.351390827085927
"species_contemp_ice_extrap",69.5605205814007,0.353400633417146
"species_contemp_ice_extrap",69.6852851735595,0.355411134066534
"species_contemp_ice_extrap",69.8100497657183,0.357436546785534
"species_contemp_ice_extrap",69.9348143578771,0.359462535390759
"species_contemp_ice_extrap",70.0595789500359,0.361503451246576
"species_contemp_ice_extrap",70.1843435421947,0.363544822549875
"species_contemp_ice_extrap",70.3091081343535,0.365601122548282
"species_contemp_ice_extrap",70.4338727265122,0.367657755441097
"species_contemp_ice_extrap",70.558637318671,0.369729161168326
"species_contemp_ice_extrap",70.6834019108298,0.371800789650281
"species_contemp_ice_extrap",70.8081665029886,0.373887187155672
"species_contemp_ice_extrap",70.9329310951474,0.375973700103503
"species_contemp_ice_extrap",71.0576956873062,0.378074869582039
"species_contemp_ice_extrap",71.182460279465,0.380176137066445
"species_contemp_ice_extrap",71.3072248716238,0.382291841708378
"species_contemp_ice_extrap",71.4319894637826,0.384407726240725
"species_contemp_ice_extrap",71.5567540559414,0.386537652538819
"species_contemp_ice_extrap",71.6815186481002,0.388667847491303
"species_contemp_ice_extrap",71.806283240259,0.390811830393223
"species_contemp_ice_extrap",71.9310478324178,0.392956160249658
"species_contemp_ice_extrap",72.0558124245766,0.395114004141042
"species_contemp_ice_extrap",72.1805770167354,0.397272272186885
"species_contemp_ice_extrap",72.3053416088942,0.399443630126268
"species_contemp_ice_extrap",72.430106201053,0.401615488954178
"species_contemp_ice_extrap",72.5548707932118,0.403800187233419
"species_contemp_ice_extrap",72.6796353853706,0.405985438788866
"species_contemp_ice_extrap",72.8043999775294,0.408183177010657
"species_contemp_ice_extrap",72.9291645696882,0.410381533868617
"species_contemp_ice_extrap",73.053929161847,0.412592117368228
"species_contemp_ice_extrap",73.1786937540057,0.414803377689764
"species_contemp_ice_extrap",73.3034583461645,0.417026420877675
"species_contemp_ice_extrap",73.4282229383233,0.41925017198188
"species_contemp_ice_extrap",73.5529875304821,0.421485410318531
"species_contemp_ice_extrap",73.6777521226409,0.423721403361624
"species_contemp_ice_extrap",73.8025167147997,0.425968606229573
"species_contemp_ice_extrap",73.9272813069585,0.428216592490173
"species_contemp_ice_extrap",74.0520458991173,0.430475317105707
"species_contemp_ice_extrap",74.1768104912761,0.432734866543075
"species_contemp_ice_extrap",74.3015750834349,0.435004876518213
"species_contemp_ice_extrap",74.4263396755937,0.437275704108853
"species_contemp_ice_extrap",74.5511042677525,0.43955662137032
"species_contemp_ice_extrap",74.6758688599113,0.441838381195852
"species_contemp_ice_extrap",74.8006334520701,0.444129939363419
"species_contemp_ice_extrap",74.9253980442289,0.446422354450722
"species_contemp_ice_extrap",75.0501626363877,0.448724124592993
"species_contemp_ice_extrap",75.1749272285465,0.451026659952044
"species_contemp_ice_extrap",75.2996918207053,0.453338324839773
"species_contemp_ice_extrap",75.424456412864,0.455650661511872
"species_contemp_ice_extrap",75.5492210050228,0.457971902671231
"species_contemp_ice_extrap",75.6739855971816,0.460293738513361
"species_contemp_ice_extrap",75.7987501893404,0.462624050960939
"species_contemp_ice_extrap",75.9235147814992,0.464954849947518
"species_contemp_ice_extrap",76.048279373658,0.467293886749213
"species_contemp_ice_extrap",76.1730439658168,0.469633340586832
"species_contemp_ice_extrap",76.2978085579756,0.471980750469954
"species_contemp_ice_extrap",76.4225731501344,0.474328515197381
"species_contemp_ice_extrap",76.5473377422932,0.476683760752138
"species_contemp_ice_extrap",76.672102334452,0.47903927323681
"species_contemp_ice_extrap",76.7968669266108,0.481401979039107
"species_contemp_ice_extrap",76.9216315187696,0.48376490752561
"species_contemp_ice_extrap",77.0463961109284,0.486134637737601
"species_contemp_ice_extrap",77.1711607030872,0.488504533101906
"species_contemp_ice_extrap",77.295925295246,0.490880910539054
"species_contemp_ice_extrap",77.4206898874048,0.493257413823803
"species_contemp_ice_extrap",77.5454544795636,0.495639858017655
"species_contemp_ice_extrap",77.6702190717224,0.498022379458123
"species_contemp_ice_extrap",77.7949836638812,0.500410480520114
"species_contemp_ice_extrap",77.91974825604,0.502798634526781
"species_contemp_ice_extrap",78.0445128481987,0.505191993802557
"species_contemp_ice_extrap",78.1692774403575,0.507585382295192
"species_contemp_ice_extrap",78.2940420325163,0.509983393022426
"species_contemp_ice_extrap",78.4188066246751,0.512381411335143
"species_contemp_ice_extrap",78.5435712168339,0.514783660820829
"species_contemp_ice_extrap",78.6683358089927,0.517185911443179
"species_contemp_ice_extrap",78.7931004011515,0.519591923109922
"species_contemp_ice_extrap",78.9178649933103,0.52199792962691
"species_contemp_ice_extrap",79.0426295854691,0.524407235291409
"species_contemp_ice_extrap",79.1673941776279,0.526816524961491
"species_contemp_ice_extrap",79.2921587697867,0.52922854327984
"species_contemp_ice_extrap",79.4169233619455,0.531640525457042
"species_contemp_ice_extrap",79.5416879541043,0.534054798554442
"species_contemp_ice_extrap",79.6664525462631,0.536469011759699
"species_contemp_ice_extrap",79.7912171384219,0.538885132995076
"species_contemp_ice_extrap",79.9159817305807,0.541301153293835
"species_contemp_ice_extrap",80.0407463227395,0.54371844945596
"species_contemp_ice_extrap",80.1655109148982,0.546135605544951
"species_contemp_ice_extrap",80.290275507057,0.548553657881896
"species_contemp_ice_extrap",80.4150400992158,0.55097152740203
"species_contemp_ice_extrap",80.5398046913746,0.553389827944828
"species_contemp_ice_extrap",80.6645692835334,0.555807874806377
"species_contemp_ice_extrap",80.7893338756922,0.558225943868965
"species_contemp_ice_extrap",80.914098467851,0.560643702831897
"species_contemp_ice_extrap",81.0388630600098,0.563060907275554
"species_contemp_ice_extrap",81.1636276521686,0.565477739883195
"species_contemp_ice_extrap",81.2883922443274,0.567893637304062
"species_contemp_ice_extrap",81.4131568364862,0.570309063915305
"species_contemp_ice_extrap",81.537921428645,0.572409093912142
"species_contemp_ice_extrap",81.6626860208038,0.574508582058029
"species_contemp_ice_extrap",81.7874506129626,0.576588954733951
"species_contemp_ice_extrap",81.9122152051214,0.578668700460115
"species_contemp_ice_extrap",82.0369797972802,0.580748875212225
"species_contemp_ice_extrap",82.161744389439,0.5828282959318
"species_contemp_ice_extrap",82.2865089815978,0.584907858639148
"species_contemp_ice_extrap",82.4112735737566,0.58698658392884
"species_contemp_ice_extrap",82.5360381659154,0.589065301183677
"species_contemp_ice_extrap",82.6608027580742,0.591143052612939
"species_contemp_ice_extrap",82.785567350233,0.593220437287943
"species_contemp_ice_extrap",82.9103319423917,0.595296808629178
"species_contemp_ice_extrap",83.0350965345505,0.597372551306788
"species_contemp_ice_extrap",83.1598611267093,0.599447248383829
"species_contemp_ice_extrap",83.2846257188681,0.601521010552805
"species_contemp_ice_extrap",83.4093903110269,0.603593776305972
"species_contemp_ice_extrap",83.5341549031857,0.605665137862912
"species_contemp_ice_extrap",83.6589194953445,0.607735535658884
"species_contemp_ice_extrap",83.7836840875033,0.609804216917936
"species_contemp_ice_extrap",83.9084486796621,0.611871946074512
"species_contemp_ice_extrap",84.0332132718209,0.613937562453894
"species_contemp_ice_extrap",84.1579778639797,0.616002282085039
"species_contemp_ice_extrap",84.2827424561385,0.618064569189209
"species_contemp_ice_extrap",84.4075070482973,0.620126015704998
"species_contemp_ice_extrap",84.5322716404561,0.622184521067366
"species_contemp_ice_extrap",84.6570362326149,0.624242227082521
"species_contemp_ice_extrap",84.7818008247737,0.626296653673464
"species_contemp_ice_extrap",84.9065654169325,0.628350355977914
"species_contemp_ice_extrap",85.0313300090913,0.630400421525336
"species_contemp_ice_extrap",85.1560946012501,0.632449825967126
"species_contemp_ice_extrap",85.2808591934089,0.634495094450007
"species_contemp_ice_extrap",85.4056237855676,0.636539788997381
"species_contemp_ice_extrap",85.5303883777264,0.638579975228276
"species_contemp_ice_extrap",85.6551529698852,0.640619659199035
"species_contemp_ice_extrap",85.779917562044,0.642654410505317
"species_contemp_ice_extrap",85.9046821542028,0.64468875512428
"species_contemp_ice_extrap",86.0294467463616,0.646717812265256
"species_contemp_ice_extrap",86.1542113385204,0.648746559902963
"species_contemp_ice_extrap",86.2789759306792,0.650629175599139
"species_contemp_ice_extrap",86.403740522838,0.652493159753707
"species_contemp_ice_extrap",86.5285051149968,0.654343588845012
"species_contemp_ice_extrap",86.6532697071556,0.656193493189814
"species_contemp_ice_extrap",86.7780342993144,0.658038486455688
"species_contemp_ice_extrap",86.9027988914732,0.659883460562205
"species_contemp_ice_extrap",87.027563483632,0.661723134507523
"species_contemp_ice_extrap",87.1523280757908,0.663562772200069
"species_contemp_ice_extrap",87.2770926679496,0.665396924169037
"species_contemp_ice_extrap",87.4018572601084,0.667231021606349
"species_contemp_ice_extrap",87.5266218522672,0.669059418950927
"species_contemp_ice_extrap",87.651386444426,0.670887738029283
"species_contemp_ice_extrap",87.7761510365847,0.672710010440966
"species_contemp_ice_extrap",87.9009156287435,0.674532181703387
"species_contemp_ice_extrap",88.0256802209023,0.676348096344207
"species_contemp_ice_extrap",88.1504448130611,0.678163887758343
"species_contemp_ice_extrap",88.2752094052199,0.679973211980257
"species_contemp_ice_extrap",88.3999739973787,0.681782390138359
"species_contemp_ice_extrap",88.5247385895375,0.683573554489891
"species_contemp_ice_extrap",88.6495031816963,0.685327624854187
"species_contemp_ice_extrap",88.7742677738551,0.686950560044108
"species_contemp_ice_extrap",88.8990323660139,0.688566770459565
"species_contemp_ice_extrap",89.0237969581727,0.690109693275166
"species_contemp_ice_extrap",89.1485615503315,0.691652731424159
"species_contemp_ice_extrap",89.2733261424903,0.692643953385059
"species_contemp_ice_extrap",89.3980907346491,0.69363529362636
"species_contemp_ice_extrap",89.5228553268079,0.69433898213835
"species_contemp_ice_extrap",89.6476199189667,0.69504279496249
"species_contemp_ice_extrap",89.7723845111255,0.695640296967374
"species_contemp_ice_extrap",89.8971491032843,0.696237933540454
"species_contemp_ice_extrap",90.021913695443,0.696654671706687
"species_contemp_ice_extrap",90.1466782876018,0.697071543969444
"species_contemp_ice_extrap",90.2714428797606,0.697435417563932
"species_contemp_ice_extrap",90.3962074719194,0.697799434751285
"species_contemp_ice_extrap",90.5209720640782,0.698167080107493
"species_contemp_ice_extrap",90.645736656237,0.69853487242934
"species_contemp_ice_extrap",90.7705012483958,0.698906291516582
"species_contemp_ice_extrap",90.8952658405546,0.699277843943119
"species_contemp_ice_extrap",91.0200304327134,0.699653012613655
"species_contemp_ice_extrap",91.1447950248722,0.700028300469345
"species_contemp_ice_extrap",91.269559617031,0.700407211813077
"species_contemp_ice_extrap",91.3943242091898,0.700786228947529
"species_contemp_ice_extrap",91.5190888013486,0.701168855197683
"species_contemp_ice_extrap",91.6438533935074,0.70155158391943
"species_contemp_ice_extrap",91.7686179856662,0.701937916663414
"species_contemp_ice_extrap",91.893382577825,0.702324326410427
"species_contemp_ice_extrap",92.0181471699838,0.702714347017042
"species_contemp_ice_extrap",92.1429117621426,0.703104437789321
"species_contemp_ice_extrap",92.2676763543014,0.703498119088397
"species_contemp_ice_extrap",92.3924409464602,0.70389186723401
"species_contemp_ice_extrap",92.517205538619,0.704289192166693
"species_contemp_ice_extrap",92.6419701307778,0.704686567313537
"species_contemp_ice_extrap",92.7667347229366,0.705087531285575
"species_contemp_ice_extrap",92.8914993150953,0.705488539394115
"species_contemp_ice_extrap",93.0162639072541,0.705893102871007
"species_contemp_ice_extrap",93.1410284994129,0.706297702028065
"species_contemp_ice_extrap",93.2657930915717,0.706705852139248
"species_contemp_ice_extrap",93.3905576837305,0.707114030233968
"species_contemp_ice_extrap",93.5153222758893,0.70752574218795
"species_contemp_ice_extrap",93.6400868680481,0.707937475188547
"species_contemp_ice_extrap",93.7648514602069,0.708352753996158
"species_contemp_ice_extrap",93.8896160523657,0.708768047673171
"species_contemp_ice_extrap",94.0143806445245,0.70918683807126
"species_contemp_ice_extrap",94.1391452366833,0.709605638780508
"species_contemp_ice_extrap",94.2639098288421,0.710027935387577
"species_contemp_ice_extrap",94.3886744210009,0.710450236788741
"species_contemp_ice_extrap",94.5134390131597,0.710876025874963
"species_contemp_ice_extrap",94.6382036053185,0.711301818379868
"species_contemp_ice_extrap",94.7629681974773,0.711731061180367
"species_contemp_ice_extrap",94.8877327896361,0.712160308601926
"species_contemp_ice_extrap",95.0124973817949,0.712592985959451
"species_contemp_ice_extrap",95.1372619739537,0.713025670597013
"species_contemp_ice_extrap",95.2620265661124,0.713461764630172
"species_contemp_ice_extrap",95.3867911582712,0.713897867182483
"species_contemp_ice_extrap",95.51155575043,0.714337371740885
"species_contemp_ice_extrap",95.6363203425888,0.714776885297848
"species_contemp_ice_extrap",95.7610849347476,0.715219740586919
"species_contemp_ice_extrap",95.8858495269064,0.715662602414689
"species_contemp_ice_extrap",96.0106141190652,0.716108814015042
"species_contemp_ice_extrap",96.135378711224,0.716555033293654
"species_contemp_ice_extrap",96.2601433033828,0.717004577363431
"species_contemp_ice_extrap",96.3849078955416,0.717454127311754
"species_contemp_ice_extrap",96.5096724877004,0.717906961937776
"species_contemp_ice_extrap",96.6344370798592,0.718359799882925
"species_contemp_ice_extrap",96.759201672018,0.7188159189148
"species_contemp_ice_extrap",96.8839662641768,0.719272037946676
"species_contemp_ice_extrap",97.0087308563356,0.719731411392156
"species_contemp_ice_extrap",97.1334954484944,0.720190784837637
"species_contemp_ice_extrap",97.2582600406532,0.720653388854864
"species_contemp_ice_extrap",97.383024632812,0.721115979496027
"species_contemp_ice_extrap",97.5077892249708,0.721581783712898
"species_contemp_ice_extrap",97.6325538171296,0.722047573414144
"species_contemp_ice_extrap",97.7573184092884,0.722516553988802
"species_contemp_ice_extrap",97.8820830014471,0.722985518908273
"species_contemp_ice_extrap",98.0068475936059,0.723457669880252
"species_contemp_ice_extrap",98.1316121857647,0.723929792860986
"species_contemp_ice_extrap",98.2563767779235,0.724405054245788
"species_contemp_ice_extrap",98.3811413700823,0.724880279761974
"species_contemp_ice_extrap",98.5059059622411,0.725358650331848
"species_contemp_ice_extrap",98.6306705543999,0.72583699118759
"species_contemp_ice_extrap",98.7554351465587,0.72631845003995
"species_contemp_ice_extrap",98.8801997387175,0.726799858825556
"species_contemp_ice_extrap",99.0049643308763,0.727284347393584
"species_contemp_ice_extrap",99.1297289230351,0.727768794496659
"species_contemp_ice_extrap",99.2544935151939,0.728256297767681
"species_contemp_ice_extrap",99.3792581073527,0.728743753006049
"species_contemp_ice_extrap",99.5040226995115,0.729234248692898
"species_contemp_ice_extrap",99.6287872916703,0.72972470014563
"species_contemp_ice_extrap",99.7535518838291,0.730218174220545
"species_contemp_ice_extrap",99.8783164759879,0.730711603816321
"species_contemp_ice_extrap",100.003081068147,0.731207999198799
"species_contemp_ice_extrap",100.127845660305,0.73170434695312
"species_contemp_ice_extrap",100.252610252464,0.732203643635118
"species_contemp_ice_extrap",100.377374844623,0.732702897627055
"species_contemp_ice_extrap",100.502139436782,0.733205074480783
"species_contemp_ice_extrap",100.626904028941,0.733707210678552
"species_contemp_ice_extrap",100.751668621099,0.734212221404879
"species_contemp_ice_extrap",100.876433213258,0.73471719174491
"species_contemp_ice_extrap",101.001197805417,0.735225016660548
"species_contemp_ice_extrap",101.125962397576,0.735732809411838
"species_contemp_ice_extrap",101.250726989735,0.736177361556917
"species_contemp_ice_extrap",101.375491581893,0.736595309533393
"species_contemp_ice_extrap",101.500256174052,0.736980247497559
"species_contemp_ice_extrap",101.625020766211,0.737354755401611
"species_contemp_ice_extrap",101.74978535837,0.737732088565826
"species_contemp_ice_extrap",101.874549950529,0.738109421730041
"species_contemp_ice_extrap",101.999314542687,0.73848956823349
"species_contemp_ice_extrap",102.124079134846,0.738869714736939
"species_contemp_ice_extrap",102.248843727005,0.73925267457962
"species_contemp_ice_extrap",102.373608319164,0.739635634422302
"species_contemp_ice_extrap",102.498372911323,0.740021347999573
"species_contemp_ice_extrap",102.623137503481,0.740407061576843
"species_contemp_ice_extrap",102.74790209564,0.740795511007309
"species_contemp_ice_extrap",102.872666687799,0.741183960437775
"species_contemp_ice_extrap",102.997431279958,0.741575133800507
"species_contemp_ice_extrap",103.122195872117,0.741966307163239
"species_contemp_ice_extrap",103.246960464275,0.742360186576843
"species_contemp_ice_extrap",103.371725056434,0.742754065990448
"species_contemp_ice_extrap",103.496489648593,0.743150573968887
"species_contemp_ice_extrap",103.621254240752,0.743547081947327
"species_contemp_ice_extrap",103.74601883291,0.743946248292923
"species_contemp_ice_extrap",103.870783425069,0.744345414638519
"species_contemp_ice_extrap",103.995548017228,0.744747185707092
"species_contemp_ice_extrap",104.120312609387,0.745148956775665
"species_contemp_ice_extrap",104.245077201546,0.745553290843964
"species_contemp_ice_extrap",104.369841793704,0.745957624912262
"species_contemp_ice_extrap",104.494606385863,0.746092969179153
"species_contemp_ice_extrap",104.619370978022,0.746228313446045
"species_contemp_ice_extrap",104.744135570181,0.746228313446045
"species_contemp_ice_extrap",104.86890016234,0.746228313446045
"species_contemp_ice_extrap",104.993664754498,0.746228313446045
"species_contemp_ice_extrap",105.118429346657,0.746228313446045
"species_contemp_ice_extrap",105.243193938816,0.746228313446045
"species_contemp_ice_extrap",105.367958530975,0.746228313446045
"species_contemp_ice_extrap",105.492723123134,0.746228313446045
"species_contemp_ice_extrap",105.617487715292,0.746228313446045
"species_contemp_ice_extrap",105.742252307451,0.746228313446045
"species_contemp_ice_extrap",105.86701689961,0.746228313446045
"species_contemp_ice_extrap",105.991781491769,0.746228313446045
"species_contemp_ice_extrap",106.116546083928,0.746228313446045
"species_contemp_ice_extrap",106.241310676086,0.746228313446045
"species_contemp_ice_extrap",106.366075268245,0.746228313446045
"species_contemp_ice_extrap",106.490839860404,0.746228313446045
"species_contemp_ice_extrap",106.615604452563,0.746228313446045
"species_contemp_ice_extrap",106.740369044722,0.746228313446045
"species_contemp_ice_extrap",106.86513363688,0.746228313446045
"species_contemp_ice_extrap",106.989898229039,0.746228313446045
"species_contemp_ice_extrap",107.114662821198,0.746228313446045
"species_contemp_ice_extrap",107.239427413357,0.746228313446045
"species_contemp_ice_extrap",107.364192005516,0.746228313446045
"species_contemp_ice_extrap",107.488956597674,0.746228313446045
"species_contemp_ice_extrap",107.613721189833,0.746228313446045
"species_contemp_ice_extrap",107.738485781992,0.746228313446045
"species_contemp_ice_extrap",107.863250374151,0.746228313446045
"species_contemp_ice_extrap",107.98801496631,0.746228313446045
"species_contemp_ice_extrap",108.112779558468,0.746228313446045
"species_contemp_ice_extrap",108.237544150627,0.746228313446045
"species_contemp_ice_extrap",108.362308742786,0.746228313446045
"species_contemp_ice_extrap",108.487073334945,0.746228313446045
"species_contemp_ice_extrap",108.611837927104,0.746228313446045
"species_contemp_ice_extrap",108.736602519262,0.746228313446045
"species_contemp_ice_extrap",108.861367111421,0.746228313446045
"species_contemp_ice_extrap",108.98613170358,0.746228313446045
"species_contemp_ice_extrap",109.110896295739,0.746228313446045
"species_contemp_ice_extrap",109.235660887897,0.746228313446045
"species_contemp_ice_extrap",109.360425480056,0.746228313446045
"species_contemp_ice_extrap",109.485190072215,0.746228313446045
"species_contemp_ice_extrap",109.609954664374,0.746228313446045
"species_contemp_ice_extrap",109.734719256533,0.746228313446045
"species_contemp_ice_extrap",109.859483848691,0.746228313446045
"species_contemp_ice_extrap",109.98424844085,0.746228313446045
"species_contemp_ice_extrap",110.109013033009,0.746228313446045
"species_contemp_ice_extrap",110.233777625168,0.746228313446045
"species_contemp_ice_extrap",110.358542217327,0.746228313446045
"species_contemp_ice_extrap",110.483306809485,0.746228313446045
"species_contemp_ice_extrap",110.608071401644,0.746228313446045
"species_contemp_ice_extrap",110.732835993803,0.746228313446045
"species_contemp_ice_extrap",110.857600585962,0.746228313446045
"species_contemp_ice_extrap",110.982365178121,0.746228313446045
"species_contemp_ice_extrap",111.107129770279,0.746228313446045
"species_contemp_ice_extrap",111.231894362438,0.746228313446045
"species_contemp_ice_extrap",111.356658954597,0.746228313446045
"species_contemp_ice_extrap",111.481423546756,0.746228313446045
"species_contemp_ice_extrap",111.606188138915,0.746228313446045
"species_contemp_ice_extrap",111.730952731073,0.746228313446045
"species_contemp_ice_extrap",111.855717323232,0.746228313446045
"species_contemp_ice_extrap",111.980481915391,0.746228313446045
"species_contemp_ice_extrap",112.10524650755,0.746228313446045
"species_contemp_ice_extrap",112.230011099709,0.746228313446045
"species_contemp_ice_extrap",112.354775691867,0.746228313446045
"species_contemp_ice_extrap",112.479540284026,0.746228313446045
"species_contemp_ice_extrap",112.604304876185,0.746228313446045
"species_contemp_ice_extrap",112.729069468344,0.746228313446045
"species_contemp_ice_extrap",112.853834060503,0.746228313446045
"species_contemp_ice_extrap",112.978598652661,0.746228313446045
"species_contemp_ice_extrap",113.10336324482,0.746228313446045
"species_contemp_ice_extrap",113.228127836979,0.746228313446045
"species_contemp_ice_extrap",113.352892429138,0.746228313446045
"species_contemp_ice_extrap",113.477657021297,0.746228313446045
"species_contemp_ice_extrap",113.602421613455,0.746228313446045
"species_contemp_ice_extrap",113.727186205614,0.746228313446045
"species_contemp_ice_extrap",113.851950797773,0.746228313446045
"species_contemp_ice_extrap",113.976715389932,0.746228313446045
"species_contemp_ice_extrap",114.10147998209,0.746228313446045
"species_contemp_ice_extrap",114.226244574249,0.746228313446045
"species_contemp_ice_extrap",114.351009166408,0.746228313446045
"species_contemp_ice_extrap",114.475773758567,0.746228313446045
"species_contemp_ice_extrap",114.600538350726,0.746228313446045
"species_contemp_ice_extrap",114.725302942884,0.746228313446045
"species_contemp_ice_extrap",114.850067535043,0.746228313446045
