"variable","x","y"
"species_0_bathy_extrap_only",-22.5506229281425,0.958014130592346
"species_0_bathy_extrap_only",-21.9847211406708,0.958014130592346
"species_0_bathy_extrap_only",-21.418819353199,0.958014130592346
"species_0_bathy_extrap_only",-20.8529175657272,0.958014130592346
"species_0_bathy_extrap_only",-20.2870157782555,0.958014130592346
"species_0_bathy_extrap_only",-19.7211139907837,0.958014130592346
"species_0_bathy_extrap_only",-19.1552122033119,0.958014130592346
"species_0_bathy_extrap_only",-18.5893104158401,0.958014130592346
"species_0_bathy_extrap_only",-18.0234086283684,0.958014130592346
"species_0_bathy_extrap_only",-17.4575068408966,0.958014130592346
"species_0_bathy_extrap_only",-16.8916050534248,0.958014130592346
"species_0_bathy_extrap_only",-16.3257032659531,0.958014130592346
"species_0_bathy_extrap_only",-15.7598014784813,0.958014130592346
"species_0_bathy_extrap_only",-15.1938996910095,0.958014130592346
"species_0_bathy_extrap_only",-14.6279979035378,0.958014130592346
"species_0_bathy_extrap_only",-14.062096116066,0.958014130592346
"species_0_bathy_extrap_only",-13.4961943285942,0.958014130592346
"species_0_bathy_extrap_only",-12.9302925411224,0.958014130592346
"species_0_bathy_extrap_only",-12.3643907536507,0.958014130592346
"species_0_bathy_extrap_only",-11.7984889661789,0.958014130592346
"species_0_bathy_extrap_only",-11.2325871787071,0.958014130592346
"species_0_bathy_extrap_only",-10.6666853912353,0.958014130592346
"species_0_bathy_extrap_only",-10.1007836037636,0.958014130592346
"species_0_bathy_extrap_only",-9.53488181629181,0.958014130592346
"species_0_bathy_extrap_only",-8.96898002882004,0.958014130592346
"species_0_bathy_extrap_only",-8.40307824134826,0.958014130592346
"species_0_bathy_extrap_only",-7.83717645387649,0.958014130592346
"species_0_bathy_extrap_only",-7.27127466640472,0.958014130592346
"species_0_bathy_extrap_only",-6.70537287893295,0.958014130592346
"species_0_bathy_extrap_only",-6.13947109146118,0.958014130592346
"species_0_bathy_extrap_only",-5.57356930398941,0.958014130592346
"species_0_bathy_extrap_only",-5.00766751651764,0.958014130592346
"species_0_bathy_extrap_only",-4.44176572904586,0.958014130592346
"species_0_bathy_extrap_only",-3.87586394157409,0.958014130592346
"species_0_bathy_extrap_only",-3.30996215410232,0.958014130592346
"species_0_bathy_extrap_only",-2.74406036663055,0.958014130592346
"species_0_bathy_extrap_only",-2.17815857915878,0.958014130592346
"species_0_bathy_extrap_only",-1.61225679168701,0.958014130592346
"species_0_bathy_extrap_only",-1.04635500421524,0.958014130592346
"species_0_bathy_extrap_only",-0.480453216743463,0.958014130592346
"species_0_bathy_extrap_only",0.0854485707283068,0.958014130592346
"species_0_bathy_extrap_only",0.65135035820008,0.958014130592346
"species_0_bathy_extrap_only",1.21725214567185,0.878941237926483
"species_0_bathy_extrap_only",1.78315393314362,0.862762451171875
"species_0_bathy_extrap_only",2.34905572061539,0.844803273677826
"species_0_bathy_extrap_only",2.91495750808717,0.824970662593842
"species_0_bathy_extrap_only",3.48085929555894,0.803194105625153
"species_0_bathy_extrap_only",4.04676108303071,0.779432594776154
"species_0_bathy_extrap_only",4.61266287050248,0.75368195772171
"species_0_bathy_extrap_only",5.17856465797425,0.725981950759888
"species_0_bathy_extrap_only",5.74446644544602,0.69642162322998
"species_0_bathy_extrap_only",6.31036823291779,0.665143251419067
"species_0_bathy_extrap_only",6.87627002038957,0.632343530654907
"species_0_bathy_extrap_only",7.44217180786134,0.598271489143372
"species_0_bathy_extrap_only",8.00807359533311,0.563222825527191
"species_0_bathy_extrap_only",8.57397538280488,0.527531206607819
"species_0_bathy_extrap_only",9.13987717027665,0.49155592918396
"species_0_bathy_extrap_only",9.70577895774842,0.455667912960052
"species_0_bathy_extrap_only",10.2716807452202,0.420234441757202
"species_0_bathy_extrap_only",10.837582532692,0.385604441165924
"species_0_bathy_extrap_only",11.4034843201637,0.35209509730339
"species_0_bathy_extrap_only",11.9693861076355,0.319981157779694
"species_0_bathy_extrap_only",12.5352878951073,0.289487540721893
"species_0_bathy_extrap_only",13.1011896825791,0.260785490274429
"species_0_bathy_extrap_only",13.6670914700508,0.233991980552673
"species_0_bathy_extrap_only",14.2329932575226,0.209172338247299
"species_0_bathy_extrap_only",14.7988950449944,0.186344891786575
"species_0_bathy_extrap_only",15.3647968324661,0.165487349033356
"species_0_bathy_extrap_only",15.9306986199379,0.146543905138969
"species_0_bathy_extrap_only",16.4966004074097,0.129432588815689
"species_0_bathy_extrap_only",17.0625021948814,0.114364676177502
"species_0_bathy_extrap_only",17.6284039823532,0.10309199988842
"species_0_bathy_extrap_only",18.194305769825,0.0972655937075615
"species_0_bathy_extrap_only",18.7602075572968,0.0941607803106308
"species_0_bathy_extrap_only",19.3261093447685,0.0922345519065857
"species_0_bathy_extrap_only",19.8920111322403,0.0903437957167625
"species_0_bathy_extrap_only",20.4579129197121,0.0884880274534225
"species_0_bathy_extrap_only",21.0238147071838,0.0866667330265045
"species_0_bathy_extrap_only",21.5897164946556,0.0848794505000114
"species_0_bathy_extrap_only",22.1556182821274,0.0831256583333015
"species_0_bathy_extrap_only",22.7215200695992,0.0814048871397972
"species_0_bathy_extrap_only",23.2874218570709,0.0797166377305984
"species_0_bathy_extrap_only",23.8533236445427,0.0780604258179665
"species_0_bathy_extrap_only",24.4192254320145,0.0764357596635818
"species_0_bathy_extrap_only",24.9851272194862,0.0748421773314476
"species_0_bathy_extrap_only",25.551029006958,0.0732791647315025
"species_0_bathy_extrap_only",26.1169307944298,0.0717462748289108
"species_0_bathy_extrap_only",26.6828325819016,0.0702430158853531
"species_0_bathy_extrap_only",27.2487343693733,0.0687689259648323
"species_0_bathy_extrap_only",27.8146361568451,0.0673235282301903
"species_0_bathy_extrap_only",28.3805379443169,0.06590636074543
"species_0_bathy_extrap_only",28.9464397317886,0.0645169541239738
"species_0_bathy_extrap_only",29.5123415192604,0.063154861330986
"species_0_bathy_extrap_only",30.0782433067322,0.0618196278810501
"species_0_bathy_extrap_only",30.644145094204,0.0605107992887497
"species_0_bathy_extrap_only",31.2100468816757,0.0592279322445393
"species_0_bathy_extrap_only",31.7759486691475,0.0579705834388733
"species_0_bathy_extrap_only",32.3418504566193,0.0567383170127869
"species_0_bathy_extrap_only",32.907752244091,0.0555307008326054
"species_0_bathy_extrap_only",33.4736540315628,0.0543473064899445
"species_0_bathy_extrap_only",34.0395558190346,0.0531877167522907
"species_0_bathy_extrap_only",34.6054576065064,0.0520514994859695
"species_0_bathy_extrap_only",35.1713593939781,0.0509382486343384
"species_0_bathy_extrap_only",35.7372611814499,0.0498475544154644
"species_0_bathy_extrap_only",36.3031629689217,0.048779021948576
"species_0_bathy_extrap_only",36.8690647563934,0.04773223772645
"species_0_bathy_extrap_only",37.4349665438652,0.0467068143188953
"species_0_bathy_extrap_only",38.000868331337,0.0457023605704308
"species_0_bathy_extrap_only",38.5667701188088,0.0447185039520264
"species_0_bathy_extrap_only",39.1326719062805,0.0437548495829105
"species_0_bathy_extrap_only",39.6985736937523,0.0428110286593437
"species_0_bathy_extrap_only",40.2644754812241,0.0418866761028767
"species_0_bathy_extrap_only",40.8303772686958,0.0409814342856407
"species_0_bathy_extrap_only",41.3962790561676,0.0400949269533157
"species_0_bathy_extrap_only",41.9621808436394,0.0392268188297749
"species_0_bathy_extrap_only",42.5280826311112,0.0383767485618591
"species_0_bathy_extrap_only",43.0939844185829,0.0375443883240223
"species_0_bathy_extrap_only",43.6598862060547,0.0367293879389763
"species_0_bathy_extrap_only",44.2257879935265,0.0359314158558846
"species_0_bathy_extrap_only",44.7916897809983,0.0351501516997814
"species_0_bathy_extrap_only",45.35759156847,0.0343852713704109
"species_0_bathy_extrap_only",45.9234933559418,0.0336364507675171
"species_0_bathy_extrap_only",46.4893951434136,0.0329033806920052
"species_0_bathy_extrap_only",47.0552969308853,0.0321857556700706
"species_0_bathy_extrap_only",47.6211987183571,0.0314832702279091
"species_0_bathy_extrap_only",48.1871005058289,0.0307956375181675
"species_0_bathy_extrap_only",48.7530022933007,0.0301225502043962
"species_0_bathy_extrap_only",49.3189040807724,0.0294637270271778
"species_0_bathy_extrap_only",49.8848058682442,0.0288188848644495
"species_0_bathy_extrap_only",50.450707655716,0.0281877499073744
"species_0_bathy_extrap_only",51.0166094431877,0.0275700408965349
"species_0_bathy_extrap_only",51.5825112306595,0.0269654933363199
"species_0_bathy_extrap_only",52.1484130181313,0.0263738427311182
"species_0_bathy_extrap_only",52.714314805603,0.0257948320358992
"species_0_bathy_extrap_only",53.2802165930748,0.0252282004803419
"species_0_bathy_extrap_only",53.8461183805466,0.0246737003326416
"species_0_bathy_extrap_only",54.4120201680184,0.0241310857236385
"species_0_bathy_extrap_only",54.9779219554901,0.0236001200973988
"species_0_bathy_extrap_only",55.5438237429619,0.0230805575847626
"species_0_bathy_extrap_only",56.1097255304337,0.0225721672177315
"species_0_bathy_extrap_only",56.6756273179055,0.0220747236162424
"species_0_bathy_extrap_only",57.2415291053772,0.0215880032628775
"species_0_bathy_extrap_only",57.807430892849,0.0211117807775736
"species_0_bathy_extrap_only",58.3733326803208,0.0206458400934935
"species_0_bathy_extrap_only",58.9392344677925,0.0201899725943804
"species_0_bathy_extrap_only",59.5051362552643,0.0197439696639776
"species_0_bathy_extrap_only",60.0710380427361,0.0193076208233833
"species_0_bathy_extrap_only",60.6369398302079,0.018880732357502
"species_0_bathy_extrap_only",61.2028416176796,0.0184631031006575
"species_0_bathy_extrap_only",61.7687434051514,0.0180545430630445
"species_0_bathy_extrap_only",62.3346451926232,0.0176548603922129
"species_0_bathy_extrap_only",62.900546980095,0.0172638706862926
"species_0_bathy_extrap_only",63.4664487675667,0.0168813895434141
"species_0_bathy_extrap_only",64.0323505550385,0.0165072437375784
"species_0_bathy_extrap_only",64.5982523425102,0.0161412507295609
"species_0_bathy_extrap_only",65.164154129982,0.0157832410186529
"species_0_bathy_extrap_only",65.7300559174538,0.0154330497607589
"species_0_bathy_extrap_only",66.2959577049256,0.0150905083864927
"species_0_bathy_extrap_only",66.8618594923973,0.0147554548457265
"species_0_bathy_extrap_only",67.4277612798691,0.0144277326762676
"species_0_bathy_extrap_only",67.9936630673409,0.0141071891412139
"species_0_bathy_extrap_only",68.5595648548126,0.0137936631217599
"species_0_bathy_extrap_only",69.1254666422844,0.013487009331584
"species_0_bathy_extrap_only",69.6913684297562,0.0131870824843645
"species_0_bathy_extrap_only",70.257270217228,0.0128937382251024
"species_0_bathy_extrap_only",70.8231720046997,0.012606835924089
"species_0_bathy_extrap_only",71.3890737921715,0.0123262377455831
"species_0_bathy_extrap_only",71.9549755796433,0.0120518086478114
"species_0_bathy_extrap_only",72.520877367115,0.0117834201082587
"species_0_bathy_extrap_only",73.0867791545868,0.0115209352225065
"species_0_bathy_extrap_only",73.6526809420586,0.011264231055975
"species_0_bathy_extrap_only",74.2185827295304,0.011013182811439
"species_0_bathy_extrap_only",74.7844845170021,0.0107676684856415
"species_0_bathy_extrap_only",75.3503863044739,0.0105275698006153
"species_0_bathy_extrap_only",75.9162880919457,0.0102927684783936
"species_0_bathy_extrap_only",76.4821898794174,0.0100631508976221
"species_0_bathy_extrap_only",77.0480916668892,0.00983860809355974
"species_0_bathy_extrap_only",77.613993454361,0.00961902365088463
"species_0_bathy_extrap_only",78.1798952418328,0.00940429419279098
"species_0_bathy_extrap_only",78.7457970293045,0.00919431261718273
"species_0_bathy_extrap_only",79.3116988167763,0.00898897834122181
"species_0_bathy_extrap_only",79.8776006042481,0.00878818798810244
"species_0_bathy_extrap_only",80.4435023917198,0.00859184470027685
"species_0_bathy_extrap_only",81.0094041791916,0.00839984975755215
"species_0_bathy_extrap_only",81.5753059666634,0.00821211095899343
"species_0_bathy_extrap_only",82.1412077541352,0.00802853517234325
"species_0_bathy_extrap_only",82.7071095416069,0.00784902926534414
"species_0_bathy_extrap_only",83.2730113290787,0.00767350569367409
"species_0_bathy_extrap_only",83.8389131165505,0.00750187737867236
"species_0_bathy_extrap_only",84.4048149040222,0.00733405956998467
"species_0_bathy_extrap_only",84.970716691494,0.00716996844857931
"species_0_bathy_extrap_only",85.5366184789658,0.00700952298939228
"species_0_bathy_extrap_only",86.1025202664376,0.00685264309868217
"species_0_bathy_extrap_only",86.6684220539093,0.00669925287365913
"species_0_bathy_extrap_only",87.2343238413811,0.0065492712892592
"species_0_bathy_extrap_only",87.8002256288529,0.00640262570232153
"species_0_bathy_extrap_only",88.3661274163246,0.00625924300402403
"species_0_bathy_extrap_only",88.9320292037964,0.00611905148252845
"species_0_bathy_extrap_only",89.4979309912682,0.00598198128864169
"species_0_bathy_extrap_only",90.06383277874,0.00584796350449324
"species_0_bathy_extrap_only",90.6297345662117,0.00571693060919642
"species_0_bathy_extrap_only",91.1956363536835,0.00558881880715489
"species_0_bathy_extrap_only",91.7615381411553,0.00546356104314327
"species_0_bathy_extrap_only",92.3274399286271,0.00534109491854906
"species_0_bathy_extrap_only",92.8933417160988,0.00522135989740491
"species_0_bathy_extrap_only",93.4592435035706,0.00510429497808218
"species_0_bathy_extrap_only",94.0251452910424,0.00498984148725867
"species_0_bathy_extrap_only",94.5910470785141,0.00487794214859605
"species_0_bathy_extrap_only",95.1569488659859,0.00476853968575597
"species_0_bathy_extrap_only",95.7228506534577,0.00466158147901297
"species_0_bathy_extrap_only",96.2887524409294,0.00455700932070613
"species_0_bathy_extrap_only",96.8546542284012,0.00445477291941643
"species_0_bathy_extrap_only",97.420556015873,0.00435482012107968
"species_0_bathy_extrap_only",97.9864578033448,0.00425710016861558
"species_0_bathy_extrap_only",98.5523595908165,0.00416156370192766
"species_0_bathy_extrap_only",99.1182613782883,0.00406816275790334
"species_0_bathy_extrap_only",99.6841631657601,0.0039768498390913
"species_0_bathy_extrap_only",100.250064953232,0.00388757837936282
"species_0_bathy_extrap_only",100.815966740704,0.00380030437372625
"species_0_bathy_extrap_only",101.381868528175,0.00371498102322221
"species_0_bathy_extrap_only",101.947770315647,0.00363156665116548
"species_0_bathy_extrap_only",102.513672103119,0.00355001841671765
"species_0_bathy_extrap_only",103.079573890591,0.00347029487602413
"species_0_bathy_extrap_only",103.645475678062,0.00339235574938357
"species_0_bathy_extrap_only",104.211377465534,0.00331616122275591
"species_0_bathy_extrap_only",104.777279253006,0.00324167241342366
"species_0_bathy_extrap_only",105.343181040478,0.00316885253414512
"species_0_bathy_extrap_only",105.90908282795,0.00309766223654151
"species_0_bathy_extrap_only",106.474984615421,0.00302806659601629
"species_0_bathy_extrap_only",107.040886402893,0.00296002998948097
"species_0_bathy_extrap_only",107.606788190365,0.00289351749233902
"species_0_bathy_extrap_only",108.172689977837,0.00282849534414709
"species_0_bathy_extrap_only",108.738591765308,0.00276493025012314
"species_0_bathy_extrap_only",109.30449355278,0.00270278984680772
"species_0_bathy_extrap_only",109.870395340252,0.0026420431677252
"species_0_bathy_extrap_only",110.436297127724,0.00258265761658549
"species_0_bathy_extrap_only",111.002198915196,0.00252460315823555
"species_0_bathy_extrap_only",111.568100702667,0.00246785068884492
"species_0_bathy_extrap_only",112.134002490139,0.0024123708717525
"species_0_bathy_extrap_only",112.699904277611,0.00235813530161977
"species_0_bathy_extrap_only",113.265806065083,0.00230511627160013
"species_0_bathy_extrap_only",113.831707852554,0.00225328654050827
"species_0_bathy_extrap_only",114.397609640026,0.0022026204969734
"species_0_bathy_extrap_only",114.963511427498,0.00215309043414891
"species_0_bathy_extrap_only",115.52941321497,0.00210467167198658
"species_0_bathy_extrap_only",116.095315002441,0.00205733976326883
"species_0_bathy_extrap_only",116.661216789913,0.00201107002794743
"species_0_bathy_extrap_only",117.227118577385,0.00196583871729672
"species_0_bathy_extrap_only",117.793020364857,0.00192162301391363
"species_0_bathy_extrap_only",118.358922152329,0.00187839975114912
"species_0_bathy_extrap_only",118.9248239398,0.00183614704292268
"species_0_bathy_extrap_only",119.490725727272,0.00179484358523041
"species_0_bathy_extrap_only",120.056627514744,0.00175446702633053
"species_0_bathy_extrap_only",120.622529302216,0.00171499722637236
"species_0_bathy_extrap_only",121.188431089687,0.00167641381267458
"species_0_bathy_extrap_only",121.754332877159,0.0016386971110478
"species_0_bathy_extrap_only",122.320234664631,0.00160182756371796
"species_0_bathy_extrap_only",122.886136452103,0.00156578631140292
"species_0_bathy_extrap_only",123.452038239574,0.00153055461123586
"species_0_bathy_extrap_only",124.017940027046,0.00149611500091851
"species_0_bathy_extrap_only",124.583841814518,0.00146244885399938
"species_0_bathy_extrap_only",125.14974360199,0.00142953905742615
"species_0_bathy_extrap_only",125.715645389462,0.0013973688473925
"species_0_bathy_extrap_only",126.281547176933,0.00136592157650739
"species_0_bathy_extrap_only",126.847448964405,0.00133518106304109
"species_0_bathy_extrap_only",127.413350751877,0.00130513159092516
"species_0_bathy_extrap_only",127.979252539349,0.00127575744409114
"species_0_bathy_extrap_only",128.54515432682,0.00124704395420849
"species_0_bathy_extrap_only",129.111056114292,0.00121897552162409
"species_0_bathy_extrap_only",129.676957901764,0.00119153817649931
"species_0_bathy_extrap_only",130.242859689236,0.00116471771616489
"species_0_bathy_extrap_only",130.808761476707,0.00113850017078221
"species_0_bathy_extrap_only",131.374663264179,0.00111287215258926
"species_0_bathy_extrap_only",131.940565051651,0.00108782050665468
"species_0_bathy_extrap_only",132.506466839123,0.0010633320780471
"species_0_bathy_extrap_only",133.072368626595,0.00103939429391176
"species_0_bathy_extrap_only",133.638270414066,0.00101599493063986
"species_0_bathy_extrap_only",134.204172201538,0.00099312188103795
"species_0_bathy_extrap_only",134.77007398901,0.00097076321253553
"species_0_bathy_extrap_only",135.335975776482,0.000948907400015742
"species_0_bathy_extrap_only",135.901877563953,0.000927543791476637
"species_0_bathy_extrap_only",136.467779351425,0.000906660221517086
"species_0_bathy_extrap_only",137.033681138897,0.000886246387381107
"species_0_bathy_extrap_only",137.599582926369,0.000866291753482074
"species_0_bathy_extrap_only",138.165484713841,0.000846786075271666
"species_0_bathy_extrap_only",138.731386501312,0.000827719166409224
"species_0_bathy_extrap_only",139.297288288784,0.000809081306215376
"species_0_bathy_extrap_only",139.863190076256,0.000790862774010748
"species_0_bathy_extrap_only",140.429091863728,0.000773054140154272
"species_0_bathy_extrap_only",140.994993651199,0.000755646207835525
"species_0_bathy_extrap_only",141.560895438671,0.000738630013074726
"species_0_bathy_extrap_only",142.126797226143,0.000721996708307415
"species_0_bathy_extrap_only",142.692699013615,0.000705737678799778
"species_0_bathy_extrap_only",143.258600801086,0.000689844600856304
"species_0_bathy_extrap_only",143.824502588558,0.000674309150781482
"species_0_bathy_extrap_only",144.39040437603,0.000659123354125768
"species_0_bathy_extrap_only",144.956306163502,0.000644279702100903
"species_0_bathy_extrap_only",145.522207950974,0.000629769754596055
"species_0_bathy_extrap_only",146.088109738445,0.000615586352068931
"species_0_bathy_extrap_only",146.654011525917,0.000601722218561918
"species_0_bathy_extrap_only",147.219913313389,0.000588170136325061
"species_0_bathy_extrap_only",147.785815100861,0.000574923120439053
"species_0_bathy_extrap_only",148.351716888332,0.000561974302399904
"species_0_bathy_extrap_only",148.917618675804,0.000549316930118948
"species_0_bathy_extrap_only",149.483520463276,0.000536944484338164
"species_0_bathy_extrap_only",150.049422250748,0.000524850562214851
"species_0_bathy_extrap_only",150.615324038219,0.000513028935529292
"species_0_bathy_extrap_only",151.181225825691,0.000501473434269428
"species_0_bathy_extrap_only",151.747127613163,0.000490178063046187
"species_0_bathy_extrap_only",152.313029400635,0.000479137001093477
"species_0_bathy_extrap_only",152.878931188107,0.000468344514956698
"species_0_bathy_extrap_only",153.444832975578,0.000457795016700402
"species_0_bathy_extrap_only",154.01073476305,0.000447483034804463
"species_0_bathy_extrap_only",154.576636550522,0.000437403505202383
"species_0_bathy_extrap_only",155.142538337994,0.00042755066533573
"species_0_bathy_extrap_only",155.708440125465,0.000417919654864818
"species_0_bathy_extrap_only",156.274341912937,0.00040850552613847
"species_0_bathy_extrap_only",156.840243700409,0.000399303360609338
"species_0_bathy_extrap_only",157.406145487881,0.000390308414353058
"species_0_bathy_extrap_only",157.972047275353,0.000381516030756757
"species_0_bathy_extrap_only",158.537949062824,0.000372921611415222
"species_0_bathy_extrap_only",159.103850850296,0.000364520732546225
"species_0_bathy_extrap_only",159.669752637768,0.000356309057679027
"species_0_bathy_extrap_only",160.23565442524,0.000348282279446721
"species_0_bathy_extrap_only",160.801556212711,0.000340436265105382
"species_0_bathy_extrap_only",161.367458000183,0.000332766940118745
"species_0_bathy_extrap_only",161.933359787655,0.000325270346365869
"species_0_bathy_extrap_only",162.499261575127,0.000317942583933473
"species_0_bathy_extrap_only",163.065163362598,0.000310779840219766
"species_0_bathy_extrap_only",163.63106515007,0.000303778622765094
"species_0_bathy_extrap_only",164.196966937542,0.000296934886137024
"species_0_bathy_extrap_only",164.762868725014,0.000290245283395052
"species_0_bathy_extrap_only",165.328770512486,0.000283706351183355
"species_0_bathy_extrap_only",165.894672299957,0.000277314684353769
"species_0_bathy_extrap_only",166.460574087429,0.000271066965069622
"species_0_bathy_extrap_only",167.026475874901,0.000264959991909564
"species_0_bathy_extrap_only",167.592377662373,0.000258990563452244
"species_0_bathy_extrap_only",168.158279449844,0.000253155594691634
"species_0_bathy_extrap_only",168.724181237316,0.000247452029725537
"species_0_bathy_extrap_only",169.290083024788,0.00024187694361899
"species_0_bathy_extrap_only",169.85598481226,0.000236427440540865
"species_0_bathy_extrap_only",170.421886599731,0.000231100697419606
"species_0_bathy_extrap_only",170.987788387203,0.00022589392028749
"species_0_bathy_extrap_only",171.553690174675,0.000220804431592114
"species_0_bathy_extrap_only",172.119591962147,0.000215829597436823
"species_0_bathy_extrap_only",172.685493749619,0.00021096681302879
"species_0_bathy_extrap_only",173.25139553709,0.000206213706405833
"species_0_bathy_extrap_only",173.817297324562,0.000201567527255975
"species_0_bathy_extrap_only",174.383199112034,0.000197026020032354
"species_0_bathy_extrap_only",174.949100899506,0.000192586812772788
"species_0_bathy_extrap_only",175.515002686977,0.000188247606274672
"species_0_bathy_extrap_only",176.080904474449,0.00018400615954306
"species_0_bathy_extrap_only",176.646806261921,0.000179860246134922
"species_0_bathy_extrap_only",177.212708049393,0.000175807741470635
"species_0_bathy_extrap_only",177.778609836865,0.000171846520970576
"species_0_bathy_extrap_only",178.344511624336,0.000167974547366612
"species_0_bathy_extrap_only",178.910413411808,0.000164189797942527
"species_0_bathy_extrap_only",179.47631519928,0.000160490308189765
"species_0_bathy_extrap_only",180.042216986752,0.000156874157255515
"species_0_bathy_extrap_only",180.608118774223,0.00015333948249463
"species_0_bathy_extrap_only",181.174020561695,0.000149884435813874
"species_0_bathy_extrap_only",181.739922349167,0.000146507227327675
"species_0_bathy_extrap_only",182.305824136639,0.000143206183565781
"species_0_bathy_extrap_only",182.87172592411,0.000139979427331127
"species_0_bathy_extrap_only",183.437627711582,0.000136825372464955
"species_0_bathy_extrap_only",184.003529499054,0.000133742360048927
"species_0_bathy_extrap_only",184.569431286526,0.0001307288184762
"species_0_bathy_extrap_only",185.135333073998,0.000127783176139928
"species_0_bathy_extrap_only",185.701234861469,0.000124903890537098
"species_0_bathy_extrap_only",186.267136648941,0.000122089477372356
"species_0_bathy_extrap_only",186.833038436413,0.000119338466902263
"species_0_bathy_extrap_only",187.398940223885,0.000116649440315086
"species_0_bathy_extrap_only",187.964842011356,0.000114021000626963
"species_0_bathy_extrap_only",188.530743798828,0.000111451772681903
"species_0_bathy_extrap_only",189.0966455863,0.00010894043953158
"species_0_bathy_extrap_only",189.662547373772,0.000106485684227664
"species_0_bathy_extrap_only",190.228449161244,0.000104086233477574
"species_0_bathy_extrap_only",190.794350948715,0.000101740850368515
"species_0_bathy_extrap_only",191.360252736187,9.94483052636497e-05
"species_0_bathy_extrap_only",191.926154523659,9.72074776655063e-05
"species_0_bathy_extrap_only",192.492056311131,9.50170797295868e-05
"species_0_bathy_extrap_only",193.057958098602,9.28760273382068e-05
"species_0_bathy_extrap_only",193.623859886074,9.07832218217664e-05
"species_0_bathy_extrap_only",194.189761673546,8.87375645106658e-05
"species_0_bathy_extrap_only",194.755663461018,8.67380003910512e-05
"species_0_bathy_extrap_only",195.321565248489,8.47834962769412e-05
"species_0_bathy_extrap_only",195.887467035961,8.28730189823546e-05
"species_0_bathy_extrap_only",196.453368823433,8.10055935289711e-05
"species_0_bathy_extrap_only",197.019270610905,7.91802449384704e-05
"species_0_bathy_extrap_only",197.585172398377,7.73960273363627e-05
"species_0_bathy_extrap_only",198.151074185848,7.56520094000734e-05
"species_0_bathy_extrap_only",198.71697597332,7.39472889108583e-05
"species_0_bathy_extrap_only",199.282877760792,7.22809782018885e-05
"species_0_bathy_extrap_only",199.848779548264,7.06522114342079e-05
"species_0_bathy_extrap_only",200.414681335735,6.90601445967332e-05
"species_0_bathy_extrap_only",200.980583123207,6.75039918860421e-05
"species_0_bathy_extrap_only",201.546484910679,6.59828656353056e-05
"species_0_bathy_extrap_only",202.112386698151,6.4496009144932e-05
"species_0_bathy_extrap_only",202.678288485622,6.30426584393717e-05
"species_0_bathy_extrap_only",203.244190273094,6.16220568190329e-05
"species_0_bathy_extrap_only",203.810092060566,6.02334621362388e-05
"species_0_bathy_extrap_only",204.375993848038,5.88761577091646e-05
"species_0_bathy_extrap_only",204.94189563551,5.75494341319427e-05
"species_0_bathy_extrap_only",205.507797422981,5.62526074645575e-05
"species_0_bathy_extrap_only",206.073699210453,5.49850046809297e-05
"species_0_bathy_extrap_only",206.639600997925,5.37459600309376e-05
"species_0_bathy_extrap_only",207.205502785397,5.25348368682899e-05
"species_0_bathy_extrap_only",207.771404572868,5.1351005822653e-05
"species_0_bathy_extrap_only",208.33730636034,5.01938484376296e-05
"species_0_bathy_extrap_only",208.903208147812,4.90627644467168e-05
"species_0_bathy_extrap_only",209.469109935284,4.79571681353264e-05
"species_0_bathy_extrap_only",210.035011722755,4.68764847028069e-05
"species_0_bathy_extrap_only",210.600913510227,4.58201830042526e-05
"species_0_bathy_extrap_only",211.166815297699,4.47876518592238e-05
"species_0_bathy_extrap_only",211.732717085171,4.37783892266452e-05
"species_0_bathy_extrap_only",212.298618872643,4.27918675995898e-05
"species_0_bathy_extrap_only",212.864520660114,4.18275776610244e-05
"species_0_bathy_extrap_only",213.430422447586,4.0885013731895e-05
"species_0_bathy_extrap_only",213.996324235058,3.99636919610202e-05
"species_0_bathy_extrap_only",214.56222602253,3.90631284972187e-05
"species_0_bathy_extrap_only",215.128127810001,3.81828576792032e-05
"species_0_bathy_extrap_only",215.694029597473,3.73224247596227e-05
"species_0_bathy_extrap_only",216.259931384945,3.64813786291052e-05
"species_0_bathy_extrap_only",216.825833172417,3.56592863681726e-05
"species_0_bathy_extrap_only",217.391734959889,3.48557186953258e-05
"species_0_bathy_extrap_only",217.95763674736,3.40702572430018e-05
"species_0_bathy_extrap_only",218.523538534832,3.33024981955532e-05
"species_0_bathy_extrap_only",219.089440322304,3.25520377373323e-05
"species_0_bathy_extrap_only",219.655342109776,3.18184866046067e-05
"species_0_bathy_extrap_only",220.221243897247,3.11014846374746e-05
"species_0_bathy_extrap_only",220.787145684719,3.04006225633202e-05
"species_0_bathy_extrap_only",221.353047472191,2.97155529551674e-05
"species_0_bathy_extrap_only",221.918949259663,2.90459211100824e-05
"species_0_bathy_extrap_only",222.484851047134,2.83913777820999e-05
"species_0_bathy_extrap_only",223.050752834606,2.77515846391907e-05
"species_0_bathy_extrap_only",223.616654622078,2.7126208806294e-05
"species_0_bathy_extrap_only",224.18255640955,2.65149246843066e-05
"species_0_bathy_extrap_only",224.748458197022,2.59174157690722e-05
"species_0_bathy_extrap_only",225.314359984493,2.53333710134029e-05
"species_0_bathy_extrap_only",225.880261771965,2.47624884650577e-05
"species_0_bathy_extrap_only",226.446163559437,2.42044679907849e-05
"species_0_bathy_extrap_only",227.012065346909,2.36590240092482e-05
"species_0_bathy_extrap_only",227.57796713438,2.31258709391113e-05
"species_0_bathy_extrap_only",228.143868921852,2.26047322939849e-05
"species_0_bathy_extrap_only",228.709770709324,2.20953370444477e-05
"species_0_bathy_extrap_only",229.275672496796,2.15974341699621e-05
"species_0_bathy_extrap_only",229.841574284267,2.11107380891917e-05
"species_0_bathy_extrap_only",230.407476071739,2.06350086955354e-05
"species_0_bathy_extrap_only",230.973377859211,2.01699986064341e-05
"species_0_bathy_extrap_only",231.539279646683,1.97154695342761e-05
"species_0_bathy_extrap_only",232.105181434155,1.927118137246e-05
"species_0_bathy_extrap_only",232.671083221626,1.88369067473104e-05
"species_0_bathy_extrap_only",233.236985009098,1.84124164661625e-05
"species_0_bathy_extrap_only",233.80288679657,1.79974940692773e-05
"species_0_bathy_extrap_only",234.368788584042,1.75919194589369e-05
"species_0_bathy_extrap_only",234.934690371513,1.71954852703493e-05
"species_0_bathy_extrap_only",235.500592158985,1.68079859577119e-05
"species_0_bathy_extrap_only",236.066493946457,1.64292159752222e-05
"species_0_bathy_extrap_only",236.632395733929,1.60589843289927e-05
"species_0_bathy_extrap_only",237.1982975214,1.59374394570477e-05
"species_0_bathy_extrap_only",237.764199308872,1.59374394570477e-05
"species_0_bathy_extrap_only",238.330101096344,1.59374394570477e-05
"species_0_bathy_extrap_only",238.896002883816,1.59374394570477e-05
"species_0_bathy_extrap_only",239.461904671288,1.59374394570477e-05
"species_0_bathy_extrap_only",240.027806458759,1.59374394570477e-05
"species_0_bathy_extrap_only",240.593708246231,1.59374394570477e-05
"species_0_bathy_extrap_only",241.159610033703,1.59374394570477e-05
"species_0_bathy_extrap_only",241.725511821175,1.59374394570477e-05
"species_0_bathy_extrap_only",242.291413608646,1.59374394570477e-05
"species_0_bathy_extrap_only",242.857315396118,1.59374394570477e-05
"species_0_bathy_extrap_only",243.42321718359,1.59374394570477e-05
"species_0_bathy_extrap_only",243.989118971062,1.59374394570477e-05
"species_0_bathy_extrap_only",244.555020758534,1.59374394570477e-05
"species_0_bathy_extrap_only",245.120922546005,1.59374394570477e-05
"species_0_bathy_extrap_only",245.686824333477,1.59374394570477e-05
"species_0_bathy_extrap_only",246.252726120949,1.59374394570477e-05
"species_0_bathy_extrap_only",246.818627908421,1.59374394570477e-05
"species_0_bathy_extrap_only",247.384529695892,1.59374394570477e-05
"species_0_bathy_extrap_only",247.950431483364,1.59374394570477e-05
"species_0_bathy_extrap_only",248.516333270836,1.59374394570477e-05
"species_0_bathy_extrap_only",249.082235058308,1.59374394570477e-05
"species_0_bathy_extrap_only",249.64813684578,1.59374394570477e-05
"species_0_bathy_extrap_only",250.214038633251,1.59374394570477e-05
"species_0_bathy_extrap_only",250.779940420723,1.59374394570477e-05
"species_0_bathy_extrap_only",251.345842208195,1.59374394570477e-05
"species_0_bathy_extrap_only",251.911743995667,1.59374394570477e-05
"species_0_bathy_extrap_only",252.477645783138,1.59374394570477e-05
"species_0_bathy_extrap_only",253.04354757061,1.59374394570477e-05
"species_0_bathy_extrap_only",253.609449358082,1.59374394570477e-05
"species_0_bathy_extrap_only",254.175351145554,1.59374394570477e-05
"species_0_bathy_extrap_only",254.741252933025,1.59374394570477e-05
"species_0_bathy_extrap_only",255.307154720497,1.59374394570477e-05
"species_0_bathy_extrap_only",255.873056507969,1.59374394570477e-05
"species_0_bathy_extrap_only",256.438958295441,1.59374394570477e-05
"species_0_bathy_extrap_only",257.004860082913,1.59374394570477e-05
"species_0_bathy_extrap_only",257.570761870384,1.59374394570477e-05
"species_0_bathy_extrap_only",258.136663657856,1.59374394570477e-05
"species_0_bathy_extrap_only",258.702565445328,1.59374394570477e-05
"species_0_bathy_extrap_only",259.2684672328,1.59374394570477e-05
"species_0_bathy_extrap_only",259.834369020271,1.59374394570477e-05
"species_0_bathy_extrap_only",260.400270807743,1.59374394570477e-05
"species_0_bathy_extrap",-22.5506229281425,0.607210278511047
"species_0_bathy_extrap",-21.9847211406708,0.607210278511047
"species_0_bathy_extrap",-21.418819353199,0.607210278511047
"species_0_bathy_extrap",-20.8529175657272,0.607210278511047
"species_0_bathy_extrap",-20.2870157782555,0.607210278511047
"species_0_bathy_extrap",-19.7211139907837,0.607210278511047
"species_0_bathy_extrap",-19.1552122033119,0.607210278511047
"species_0_bathy_extrap",-18.5893104158401,0.607210278511047
"species_0_bathy_extrap",-18.0234086283684,0.607210278511047
"species_0_bathy_extrap",-17.4575068408966,0.607210278511047
"species_0_bathy_extrap",-16.8916050534248,0.607210278511047
"species_0_bathy_extrap",-16.3257032659531,0.607210278511047
"species_0_bathy_extrap",-15.7598014784813,0.607210278511047
"species_0_bathy_extrap",-15.1938996910095,0.607210278511047
"species_0_bathy_extrap",-14.6279979035378,0.607210278511047
"species_0_bathy_extrap",-14.062096116066,0.607210278511047
"species_0_bathy_extrap",-13.4961943285942,0.607210278511047
"species_0_bathy_extrap",-12.9302925411224,0.607210278511047
"species_0_bathy_extrap",-12.3643907536507,0.607210278511047
"species_0_bathy_extrap",-11.7984889661789,0.607210278511047
"species_0_bathy_extrap",-11.2325871787071,0.607210278511047
"species_0_bathy_extrap",-10.6666853912353,0.607210278511047
"species_0_bathy_extrap",-10.1007836037636,0.607210278511047
"species_0_bathy_extrap",-9.53488181629181,0.607210278511047
"species_0_bathy_extrap",-8.96898002882004,0.607210278511047
"species_0_bathy_extrap",-8.40307824134826,0.607210278511047
"species_0_bathy_extrap",-7.83717645387649,0.607210278511047
"species_0_bathy_extrap",-7.27127466640472,0.607210278511047
"species_0_bathy_extrap",-6.70537287893295,0.607210278511047
"species_0_bathy_extrap",-6.13947109146118,0.607210278511047
"species_0_bathy_extrap",-5.57356930398941,0.607210278511047
"species_0_bathy_extrap",-5.00766751651764,0.607210278511047
"species_0_bathy_extrap",-4.44176572904586,0.607210278511047
"species_0_bathy_extrap",-3.87586394157409,0.607210278511047
"species_0_bathy_extrap",-3.30996215410232,0.607210278511047
"species_0_bathy_extrap",-2.74406036663055,0.607210278511047
"species_0_bathy_extrap",-2.17815857915878,0.607210278511047
"species_0_bathy_extrap",-1.61225679168701,0.607210278511047
"species_0_bathy_extrap",-1.04635500421524,0.607210278511047
"species_0_bathy_extrap",-0.480453216743463,0.607210278511047
"species_0_bathy_extrap",0.0854485707283068,0.607210278511047
"species_0_bathy_extrap",0.65135035820008,0.607210278511047
"species_0_bathy_extrap",1.21725214567185,0.60022234916687
"species_0_bathy_extrap",1.78315393314362,0.579010844230652
"species_0_bathy_extrap",2.34905572061539,0.557485222816467
"species_0_bathy_extrap",2.91495750808717,0.53572291135788
"species_0_bathy_extrap",3.48085929555894,0.513804972171783
"species_0_bathy_extrap",4.04676108303071,0.491815239191055
"species_0_bathy_extrap",4.61266287050248,0.469838500022888
"species_0_bathy_extrap",5.17856465797425,0.447959661483765
"species_0_bathy_extrap",5.74446644544602,0.42626217007637
"species_0_bathy_extrap",6.31036823291779,0.404826939105988
"species_0_bathy_extrap",6.87627002038957,0.383730977773666
"species_0_bathy_extrap",7.44217180786134,0.36304646730423
"species_0_bathy_extrap",8.00807359533311,0.342839807271957
"species_0_bathy_extrap",8.57397538280488,0.323170840740204
"species_0_bathy_extrap",9.13987717027665,0.304092317819595
"species_0_bathy_extrap",9.70577895774842,0.285649508237839
"species_0_bathy_extrap",10.2716807452202,0.267879992723465
"species_0_bathy_extrap",10.837582532692,0.250813692808151
"species_0_bathy_extrap",11.4034843201637,0.234473049640656
"species_0_bathy_extrap",11.9693861076355,0.218873202800751
"species_0_bathy_extrap",12.5352878951073,0.204022482037544
"species_0_bathy_extrap",13.1011896825791,0.189922899007797
"species_0_bathy_extrap",13.6670914700508,0.176570698618889
"species_0_bathy_extrap",14.2329932575226,0.163956955075264
"species_0_bathy_extrap",14.7988950449944,0.152068272233009
"species_0_bathy_extrap",15.3647968324661,0.140887320041656
"species_0_bathy_extrap",15.9306986199379,0.130393579602242
"species_0_bathy_extrap",16.4966004074097,0.120563805103302
"species_0_bathy_extrap",17.0625021948814,0.112043172121048
"species_0_bathy_extrap",17.6284039823532,0.105017006397247
"species_0_bathy_extrap",18.194305769825,0.100793056190014
"species_0_bathy_extrap",18.7602075572968,0.0970752090215683
"species_0_bathy_extrap",19.3261093447685,0.0955168530344963
"species_0_bathy_extrap",19.8920111322403,0.094858817756176
"species_0_bathy_extrap",20.4579129197121,0.0941984802484512
"species_0_bathy_extrap",21.0238147071838,0.0935359299182892
"species_0_bathy_extrap",21.5897164946556,0.0928712710738182
"species_0_bathy_extrap",22.1556182821274,0.0922046080231667
"species_0_bathy_extrap",22.7215200695992,0.0915360450744629
"species_0_bathy_extrap",23.2874218570709,0.0908656716346741
"species_0_bathy_extrap",23.8533236445427,0.0901935920119286
"species_0_bathy_extrap",24.4192254320145,0.0895199105143547
"species_0_bathy_extrap",24.9851272194862,0.0888447314500809
"species_0_bathy_extrap",25.551029006958,0.0881681442260742
"species_0_bathy_extrap",26.1169307944298,0.0874902531504631
"species_0_bathy_extrap",26.6828325819016,0.0868111625313759
"species_0_bathy_extrap",27.2487343693733,0.0861309692263603
"species_0_bathy_extrap",27.8146361568451,0.0854497700929642
"species_0_bathy_extrap",28.3805379443169,0.0847676768898964
"species_0_bathy_extrap",28.9464397317886,0.084084764122963
"species_0_bathy_extrap",29.5123415192604,0.0834011510014534
"species_0_bathy_extrap",30.0782433067322,0.0827169343829155
"species_0_bathy_extrap",30.644145094204,0.0820321962237358
"species_0_bathy_extrap",31.2100468816757,0.0813470557332039
"species_0_bathy_extrap",31.7759486691475,0.0806615874171257
"species_0_bathy_extrap",32.3418504566193,0.0799759104847908
"species_0_bathy_extrap",32.907752244091,0.0792900994420052
"species_0_bathy_extrap",33.4736540315628,0.0786042660474777
"species_0_bathy_extrap",34.0395558190346,0.0779184997081757
"species_0_bathy_extrap",34.6054576065064,0.0772328898310661
"species_0_bathy_extrap",35.1713593939781,0.0765475407242775
"species_0_bathy_extrap",35.7372611814499,0.0758625343441963
"species_0_bathy_extrap",36.3031629689217,0.0751779675483704
"species_0_bathy_extrap",36.8690647563934,0.0744939371943474
"species_0_bathy_extrap",37.4349665438652,0.073810525238514
"species_0_bathy_extrap",38.000868331337,0.0731278285384178
"species_0_bathy_extrap",38.5667701188088,0.0724459439516068
"species_0_bathy_extrap",39.1326719062805,0.0717649459838867
"species_0_bathy_extrap",39.6985736937523,0.0710849240422249
"species_0_bathy_extrap",40.2644754812241,0.070405974984169
"species_0_bathy_extrap",40.8303772686958,0.0697281882166862
"species_0_bathy_extrap",41.3962790561676,0.069051630795002
"species_0_bathy_extrap",41.9621808436394,0.0683764070272446
"species_0_bathy_extrap",42.5280826311112,0.06770259141922
"species_0_bathy_extrap",43.0939844185829,0.0670302733778954
"species_0_bathy_extrap",43.6598862060547,0.0663595274090767
"species_0_bathy_extrap",44.2257879935265,0.0656904354691505
"species_0_bathy_extrap",44.7916897809983,0.0650230869650841
"species_0_bathy_extrap",45.35759156847,0.0643575564026833
"species_0_bathy_extrap",45.9234933559418,0.0636939182877541
"species_0_bathy_extrap",46.4893951434136,0.063032254576683
"species_0_bathy_extrap",47.0552969308853,0.0623726360499859
"species_0_bathy_extrap",47.6211987183571,0.0617151446640491
"species_0_bathy_extrap",48.1871005058289,0.0610598586499691
"species_0_bathy_extrap",48.7530022933007,0.0604068376123905
"species_0_bathy_extrap",49.3189040807724,0.0597561635077
"species_0_bathy_extrap",49.8848058682442,0.0591079071164131
"species_0_bathy_extrap",50.450707655716,0.0584621392190456
"species_0_bathy_extrap",51.0166094431877,0.0578189194202423
"species_0_bathy_extrap",51.5825112306595,0.0571783259510994
"species_0_bathy_extrap",52.1484130181313,0.0565404184162617
"species_0_bathy_extrap",52.714314805603,0.0559052713215351
"species_0_bathy_extrap",53.2802165930748,0.0552729368209839
"species_0_bathy_extrap",53.8461183805466,0.0546434856951237
"species_0_bathy_extrap",54.4120201680184,0.0540169775485992
"species_0_bathy_extrap",54.9779219554901,0.053393479436636
"species_0_bathy_extrap",55.5438237429619,0.0527730397880077
"species_0_bathy_extrap",56.1097255304337,0.0521557219326496
"species_0_bathy_extrap",56.6756273179055,0.0515415817499161
"species_0_bathy_extrap",57.2415291053772,0.0509306788444519
"species_0_bathy_extrap",57.807430892849,0.050323061645031
"species_0_bathy_extrap",58.3733326803208,0.0497187897562981
"species_0_bathy_extrap",58.9392344677925,0.0491179078817368
"species_0_bathy_extrap",59.5051362552643,0.0485204756259918
"species_0_bathy_extrap",60.0710380427361,0.0479265339672566
"species_0_bathy_extrap",60.6369398302079,0.0473361350595951
"species_0_bathy_extrap",61.2028416176796,0.0467493236064911
"species_0_bathy_extrap",61.7687434051514,0.0461661517620087
"species_0_bathy_extrap",62.3346451926232,0.0455866530537605
"species_0_bathy_extrap",62.900546980095,0.0450108759105206
"species_0_bathy_extrap",63.4664487675667,0.0444388650357723
"species_0_bathy_extrap",64.0323505550385,0.0438706576824188
"species_0_bathy_extrap",64.5982523425102,0.0433062948286533
"species_0_bathy_extrap",65.164154129982,0.0427458100020885
"species_0_bathy_extrap",65.7300559174538,0.0421892404556274
"species_0_bathy_extrap",66.2959577049256,0.0416366271674633
"species_0_bathy_extrap",66.8618594923973,0.0410879962146282
"species_0_bathy_extrap",67.4277612798691,0.0405433885753155
"species_0_bathy_extrap",67.9936630673409,0.0400028377771378
"species_0_bathy_extrap",68.5595648548126,0.0394663587212563
"species_0_bathy_extrap",69.1254666422844,0.038933988660574
"species_0_bathy_extrap",69.6913684297562,0.0384057573974132
"species_0_bathy_extrap",70.257270217228,0.0378816872835159
"species_0_bathy_extrap",70.8231720046997,0.0373618081212044
"species_0_bathy_extrap",71.3890737921715,0.0368461385369301
"species_0_bathy_extrap",71.9549755796433,0.0363347046077251
"species_0_bathy_extrap",72.520877367115,0.0358275361359119
"species_0_bathy_extrap",73.0867791545868,0.0353246331214905
"species_0_bathy_extrap",73.6526809420586,0.0348260253667831
"species_0_bathy_extrap",74.2185827295304,0.0343317314982414
"species_0_bathy_extrap",74.7844845170021,0.0338417626917362
"species_0_bathy_extrap",75.3503863044739,0.0333561412990093
"species_0_bathy_extrap",75.9162880919457,0.0328748747706413
"species_0_bathy_extrap",76.4821898794174,0.0323979817330837
"species_0_bathy_extrap",77.0480916668892,0.0319254770874977
"species_0_bathy_extrap",77.613993454361,0.031457357108593
"species_0_bathy_extrap",78.1798952418328,0.030993640422821
"species_0_bathy_extrap",78.7457970293045,0.0305343344807625
"species_0_bathy_extrap",79.3116988167763,0.0300794448703527
"species_0_bathy_extrap",79.8776006042481,0.0296289790421724
"species_0_bathy_extrap",80.4435023917198,0.0291829407215118
"species_0_bathy_extrap",81.0094041791916,0.0287413336336613
"species_0_bathy_extrap",81.5753059666634,0.028304161503911
"species_0_bathy_extrap",82.1412077541352,0.0278714317828417
"species_0_bathy_extrap",82.7071095416069,0.0274431332945824
"species_0_bathy_extrap",83.2730113290787,0.0270192697644234
"species_0_bathy_extrap",83.8389131165505,0.0265998411923647
"species_0_bathy_extrap",84.4048149040222,0.026184843853116
"species_0_bathy_extrap",84.970716691494,0.0257742758840322
"species_0_bathy_extrap",85.5366184789658,0.0253681316971779
"species_0_bathy_extrap",86.1025202664376,0.0249664057046175
"species_0_bathy_extrap",86.6684220539093,0.0245690979063511
"species_0_bathy_extrap",87.2343238413811,0.024176187813282
"species_0_bathy_extrap",87.8002256288529,0.0237876754254103
"species_0_bathy_extrap",88.3661274163246,0.0234035514295101
"species_0_bathy_extrap",88.9320292037964,0.0230238027870655
"species_0_bathy_extrap",89.4979309912682,0.0226484220474958
"species_0_bathy_extrap",90.06383277874,0.0222773961722851
"species_0_bathy_extrap",90.6297345662117,0.021910710260272
"species_0_bathy_extrap",91.1956363536835,0.0215483587235212
"species_0_bathy_extrap",91.7615381411553,0.0211903173476458
"species_0_bathy_extrap",92.3274399286271,0.0208365749567747
"species_0_bathy_extrap",92.8933417160988,0.0204871166497469
"species_0_bathy_extrap",93.4592435035706,0.0201419238001108
"species_0_bathy_extrap",94.0251452910424,0.0198009815067053
"species_0_bathy_extrap",94.5910470785141,0.0194642692804337
"species_0_bathy_extrap",95.1569488659859,0.0191317722201347
"species_0_bathy_extrap",95.7228506534577,0.018803471699357
"species_0_bathy_extrap",96.2887524409294,0.0184793416410685
"species_0_bathy_extrap",96.8546542284012,0.0181593634188175
"species_0_bathy_extrap",97.420556015873,0.0178435165435076
"species_0_bathy_extrap",97.9864578033448,0.0175317786633968
"species_0_bathy_extrap",98.5523595908165,0.0172241292893887
"species_0_bathy_extrap",99.1182613782883,0.016920542344451
"species_0_bathy_extrap",99.6841631657601,0.0166209973394871
"species_0_bathy_extrap",100.250064953232,0.0163254663348198
"species_0_bathy_extrap",100.815966740704,0.0160339307039976
"species_0_bathy_extrap",101.381868528175,0.015746358782053
"species_0_bathy_extrap",101.947770315647,0.0154627254232764
"species_0_bathy_extrap",102.513672103119,0.015183006413281
"species_0_bathy_extrap",103.079573890591,0.0149071747437119
"species_0_bathy_extrap",103.645475678062,0.0146352024748921
"species_0_bathy_extrap",104.211377465534,0.0143670625984669
"species_0_bathy_extrap",104.777279253006,0.0141027271747589
"species_0_bathy_extrap",105.343181040478,0.0138421719893813
"species_0_bathy_extrap",105.90908282795,0.0135853597894311
"species_0_bathy_extrap",106.474984615421,0.0133322663605213
"species_0_bathy_extrap",107.040886402893,0.013082860969007
"species_0_bathy_extrap",107.606788190365,0.0128371147438884
"species_0_bathy_extrap",108.172689977837,0.0125949969515204
"species_0_bathy_extrap",108.738591765308,0.0123564777895808
"species_0_bathy_extrap",109.30449355278,0.012121525593102
"species_0_bathy_extrap",109.870395340252,0.0118901133537292
"species_0_bathy_extrap",110.436297127724,0.0116622038185596
"species_0_bathy_extrap",111.002198915196,0.0114377681165934
"species_0_bathy_extrap",111.568100702667,0.0112167736515403
"species_0_bathy_extrap",112.134002490139,0.010999190621078
"species_0_bathy_extrap",112.699904277611,0.0107849845662713
"species_0_bathy_extrap",113.265806065083,0.0105741256847978
"species_0_bathy_extrap",113.831707852554,0.0103665795177221
"species_0_bathy_extrap",114.397609640026,0.0101623171940446
"species_0_bathy_extrap",114.963511427498,0.00996129959821701
"species_0_bathy_extrap",115.52941321497,0.00976349785923958
"species_0_bathy_extrap",116.095315002441,0.00956887844949961
"species_0_bathy_extrap",116.661216789913,0.00937740784138441
"species_0_bathy_extrap",117.227118577385,0.00918905343860388
"species_0_bathy_extrap",117.793020364857,0.00900378171354532
"species_0_bathy_extrap",118.358922152329,0.00882155913859606
"species_0_bathy_extrap",118.9248239398,0.00864235311746597
"species_0_bathy_extrap",119.490725727272,0.00846613198518753
"species_0_bathy_extrap",120.056627514744,0.00829285848885775
"species_0_bathy_extrap",120.622529302216,0.00812250003218651
"species_0_bathy_extrap",121.188431089687,0.0079550240188837
"species_0_bathy_extrap",121.754332877159,0.00779039692133665
"species_0_bathy_extrap",122.320234664631,0.00762858567759395
"species_0_bathy_extrap",122.886136452103,0.00746955629438162
"species_0_bathy_extrap",123.452038239574,0.00731327570974827
"species_0_bathy_extrap",124.017940027046,0.00715971272438765
"species_0_bathy_extrap",124.583841814518,0.00700882961973548
"species_0_bathy_extrap",125.14974360199,0.00686059612780809
"species_0_bathy_extrap",125.715645389462,0.00671497825533152
"species_0_bathy_extrap",126.281547176933,0.00657194340601563
"species_0_bathy_extrap",126.847448964405,0.00643145805224776
"species_0_bathy_extrap",127.413350751877,0.00629349052906036
"species_0_bathy_extrap",127.979252539349,0.00615800684317946
"species_0_bathy_extrap",128.54515432682,0.00602497719228268
"species_0_bathy_extrap",129.111056114292,0.00589436525478959
"species_0_bathy_extrap",129.676957901764,0.00576613983139396
"species_0_bathy_extrap",130.242859689236,0.00564026972278953
"species_0_bathy_extrap",130.808761476707,0.00551672233268619
"species_0_bathy_extrap",131.374663264179,0.0053954659961164
"species_0_bathy_extrap",131.940565051651,0.00527646858245134
"species_0_bathy_extrap",132.506466839123,0.00515969889238477
"species_0_bathy_extrap",133.072368626595,0.00504512572661042
"species_0_bathy_extrap",133.638270414066,0.00493271742016077
"species_0_bathy_extrap",134.204172201538,0.00482244323939085
"species_0_bathy_extrap",134.77007398901,0.0047142724506557
"species_0_bathy_extrap",135.335975776482,0.00460817385464907
"species_0_bathy_extrap",135.901877563953,0.00450412090867758
"species_0_bathy_extrap",136.467779351425,0.00440207682549953
"species_0_bathy_extrap",137.033681138897,0.00430201506242156
"species_0_bathy_extrap",137.599582926369,0.00420390581712127
"species_0_bathy_extrap",138.165484713841,0.00410771882161498
"species_0_bathy_extrap",138.731386501312,0.00401342567056417
"species_0_bathy_extrap",139.297288288784,0.00392099702730775
"species_0_bathy_extrap",139.863190076256,0.00383040378801525
"species_0_bathy_extrap",140.429091863728,0.00374161754734814
"species_0_bathy_extrap",140.994993651199,0.00365460989996791
"species_0_bathy_extrap",141.560895438671,0.00356935290619731
"species_0_bathy_extrap",142.126797226143,0.00348581839352846
"species_0_bathy_extrap",142.692699013615,0.00340397888794541
"species_0_bathy_extrap",143.258600801086,0.00332380714826286
"species_0_bathy_extrap",143.824502588558,0.00324527616612613
"species_0_bathy_extrap",144.39040437603,0.00316835870034993
"species_0_bathy_extrap",144.956306163502,0.0030930305365473
"species_0_bathy_extrap",145.522207950974,0.00301926117390394
"species_0_bathy_extrap",146.088109738445,0.00294702663086355
"species_0_bathy_extrap",146.654011525917,0.00287630106322467
"species_0_bathy_extrap",147.219913313389,0.00280705932527781
"species_0_bathy_extrap",147.785815100861,0.00273927580565214
"species_0_bathy_extrap",148.351716888332,0.00267292559146881
"species_0_bathy_extrap",148.917618675804,0.00260798423551023
"species_0_bathy_extrap",149.483520463276,0.00254442729055882
"species_0_bathy_extrap",150.049422250748,0.00248223030939698
"species_0_bathy_extrap",150.615324038219,0.00242136977612972
"species_0_bathy_extrap",151.181225825691,0.00236182217486203
"species_0_bathy_extrap",151.747127613163,0.00230356375686824
"species_0_bathy_extrap",152.313029400635,0.00224657193757594
"species_0_bathy_extrap",152.878931188107,0.00219082389958203
"species_0_bathy_extrap",153.444832975578,0.00213629705831409
"species_0_bathy_extrap",154.01073476305,0.00208296929486096
"species_0_bathy_extrap",154.576636550522,0.00203082012012601
"species_0_bathy_extrap",155.142538337994,0.00197982508689165
"species_0_bathy_extrap",155.708440125465,0.00192996428813785
"species_0_bathy_extrap",156.274341912937,0.00188121665269136
"species_0_bathy_extrap",156.840243700409,0.0018335614586249
"species_0_bathy_extrap",157.406145487881,0.0017869781004265
"species_0_bathy_extrap",157.972047275353,0.00174144632183015
"species_0_bathy_extrap",158.537949062824,0.00169694633223116
"species_0_bathy_extrap",159.103850850296,0.00165345834102482
"species_0_bathy_extrap",159.669752637768,0.00161096290685236
"species_0_bathy_extrap",160.23565442524,0.00156944093760103
"species_0_bathy_extrap",160.801556212711,0.001528873690404
"species_0_bathy_extrap",161.367458000183,0.00148924230597913
"species_0_bathy_extrap",161.933359787655,0.00145052873995155
"species_0_bathy_extrap",162.499261575127,0.00141271471511573
"species_0_bathy_extrap",163.065163362598,0.00137578265275806
"species_0_bathy_extrap",163.63106515007,0.00133971578907222
"species_0_bathy_extrap",164.196966937542,0.00130449503194541
"species_0_bathy_extrap",164.762868725014,0.00127010431606323
"species_0_bathy_extrap",165.328770512486,0.00123652699403465
"species_0_bathy_extrap",165.894672299957,0.00120374641846865
"species_0_bathy_extrap",166.460574087429,0.00117174652405083
"species_0_bathy_extrap",167.026475874901,0.00114051124546677
"species_0_bathy_extrap",167.592377662373,0.00111002498306334
"species_0_bathy_extrap",168.158279449844,0.00108027213718742
"species_0_bathy_extrap",168.724181237316,0.00105123757384717
"species_0_bathy_extrap",169.290083024788,0.00102290627546608
"species_0_bathy_extrap",169.85598481226,0.000995263457298279
"species_0_bathy_extrap",170.421886599731,0.000968294742051512
"species_0_bathy_extrap",170.987788387203,0.000941985927056521
"species_0_bathy_extrap",171.553690174675,0.000916322867851704
"species_0_bathy_extrap",172.119591962147,0.000891291827429086
"species_0_bathy_extrap",172.685493749619,0.000866879359818995
"species_0_bathy_extrap",173.25139553709,0.000843072717543691
"species_0_bathy_extrap",173.817297324562,0.00081985752331093
"species_0_bathy_extrap",174.383199112034,0.000797221669927239
"species_0_bathy_extrap",174.949100899506,0.000775152409914881
"species_0_bathy_extrap",175.515002686977,0.000753637461457402
"species_0_bathy_extrap",176.080904474449,0.000732664542738348
"species_0_bathy_extrap",176.646806261921,0.000712221721187234
"species_0_bathy_extrap",177.212708049393,0.000692297297064215
"species_0_bathy_extrap",177.778609836865,0.000672879628837109
"species_0_bathy_extrap",178.344511624336,0.000653957482427359
"species_0_bathy_extrap",178.910413411808,0.00063551968196407
"species_0_bathy_extrap",179.47631519928,0.000617555342614651
"species_0_bathy_extrap",180.042216986752,0.000600053695961833
"species_0_bathy_extrap",180.608118774223,0.000583004264626652
"species_0_bathy_extrap",181.174020561695,0.000566396745853126
"species_0_bathy_extrap",181.739922349167,0.000550221011508256
"species_0_bathy_extrap",182.305824136639,0.000534467515535653
"species_0_bathy_extrap",182.87172592411,0.000519125664141029
"species_0_bathy_extrap",183.437627711582,0.000504186376929283
"species_0_bathy_extrap",184.003529499054,0.000489640282467008
"species_0_bathy_extrap",184.569431286526,0.000475478125736117
"species_0_bathy_extrap",185.135333073998,0.000461690971860662
"species_0_bathy_extrap",185.701234861469,0.000448269973276183
"species_0_bathy_extrap",186.267136648941,0.000435206457041204
"species_0_bathy_extrap",186.833038436413,0.000422491953941062
"species_0_bathy_extrap",187.398940223885,0.000410118140280247
"species_0_bathy_extrap",187.964842011356,0.00039807686698623
"species_0_bathy_extrap",188.530743798828,0.000386360159609467
"species_0_bathy_extrap",189.0966455863,0.000374960218323395
"species_0_bathy_extrap",189.662547373772,0.000363869359716773
"species_0_bathy_extrap",190.228449161244,0.000353080104105175
"species_0_bathy_extrap",190.794350948715,0.000342585059115663
"species_0_bathy_extrap",191.360252736187,0.000332377094309777
"species_0_bathy_extrap",191.926154523659,0.000322449370287359
"species_0_bathy_extrap",192.492056311131,0.000312794494675472
"species_0_bathy_extrap",193.057958098602,0.000303405977319926
"species_0_bathy_extrap",193.623859886074,0.000294277211651206
"species_0_bathy_extrap",194.189761673546,0.000285401736618951
"species_0_bathy_extrap",194.755663461018,0.000276773207588121
"species_0_bathy_extrap",195.321565248489,0.00026838542544283
"species_0_bathy_extrap",195.887467035961,0.000260232365690172
"species_0_bathy_extrap",196.453368823433,0.000252308091148734
"species_0_bathy_extrap",197.019270610905,0.000244606810156256
"species_0_bathy_extrap",197.585172398377,0.000237122818361968
"species_0_bathy_extrap",198.151074185848,0.000229850615141913
"species_0_bathy_extrap",198.71697597332,0.000222784758079797
"species_0_bathy_extrap",199.282877760792,0.000215919950278476
"species_0_bathy_extrap",199.848779548264,0.000209251011256129
"species_0_bathy_extrap",200.414681335735,0.000202772876946256
"species_0_bathy_extrap",200.980583123207,0.000196480745216832
"species_0_bathy_extrap",201.546484910679,0.000190369464689866
"species_0_bathy_extrap",202.112386698151,0.000184434466063976
"species_0_bathy_extrap",202.678288485622,0.000178671121830121
"species_0_bathy_extrap",203.244190273094,0.000173074935446493
"species_0_bathy_extrap",203.810092060566,0.00016764146857895
"species_0_bathy_extrap",204.375993848038,0.000162366442964412
"species_0_bathy_extrap",204.94189563551,0.000157245638547465
"species_0_bathy_extrap",205.507797422981,0.000152274951688014
"species_0_bathy_extrap",206.073699210453,0.00014745035150554
"species_0_bathy_extrap",206.639600997925,0.000142767938086763
"species_0_bathy_extrap",207.205502785397,0.000138223884277977
"species_0_bathy_extrap",207.771404572868,0.000133814435685053
"species_0_bathy_extrap",208.33730636034,0.000129535983433016
"species_0_bathy_extrap",208.903208147812,0.000125384933198802
"species_0_bathy_extrap",209.469109935284,0.000121357843454462
"species_0_bathy_extrap",210.035011722755,0.00011745130905183
"species_0_bathy_extrap",210.600913510227,0.000113662128569558
"species_0_bathy_extrap",211.166815297699,0.000109986867755651
"species_0_bathy_extrap",211.732717085171,0.000106422492535785
"species_0_bathy_extrap",212.298618872643,0.000102965932455845
"species_0_bathy_extrap",212.864520660114,9.9614197097253e-05
"species_0_bathy_extrap",213.430422447586,9.636435424909e-05
"species_0_bathy_extrap",213.996324235058,9.3213573563844e-05
"species_0_bathy_extrap",214.56222602253,9.01590683497488e-05
"species_0_bathy_extrap",215.128127810001,8.71981392265297e-05
"species_0_bathy_extrap",215.694029597473,8.43281522975303e-05
"species_0_bathy_extrap",216.259931384945,8.15465245977975e-05
"species_0_bathy_extrap",216.825833172417,7.88507604738697e-05
"species_0_bathy_extrap",217.391734959889,7.62384152039886e-05
"species_0_bathy_extrap",217.95763674736,7.37071022740565e-05
"species_0_bathy_extrap",218.523538534832,7.12545224814676e-05
"species_0_bathy_extrap",219.089440322304,6.88783911755309e-05
"species_0_bathy_extrap",219.655342109776,6.65765328449197e-05
"species_0_bathy_extrap",220.221243897247,6.43468447378837e-05
"species_0_bathy_extrap",220.787145684719,6.21871295152232e-05
"species_0_bathy_extrap",221.353047472191,6.00954081164673e-05
"species_0_bathy_extrap",221.918949259663,5.80697087571025e-05
"species_0_bathy_extrap",222.484851047134,5.61080960324034e-05
"species_0_bathy_extrap",223.050752834606,5.42087000212632e-05
"species_0_bathy_extrap",223.616654622078,5.23696871823631e-05
"species_0_bathy_extrap",224.18255640955,5.05892821820453e-05
"species_0_bathy_extrap",224.748458197022,4.88657569803763e-05
"species_0_bathy_extrap",225.314359984493,4.71974235551897e-05
"species_0_bathy_extrap",225.880261771965,4.55826448160224e-05
"species_0_bathy_extrap",226.446163559437,4.40198200521991e-05
"species_0_bathy_extrap",227.012065346909,4.25074067607056e-05
"species_0_bathy_extrap",227.57796713438,4.10438879043795e-05
"species_0_bathy_extrap",228.143868921852,3.96277973777614e-05
"species_0_bathy_extrap",228.709770709324,3.82577090931591e-05
"species_0_bathy_extrap",229.275672496796,3.69322624464985e-05
"species_0_bathy_extrap",229.841574284267,3.56500422640238e-05
"species_0_bathy_extrap",230.407476071739,3.44097679771949e-05
"species_0_bathy_extrap",230.973377859211,3.32101590174716e-05
"species_0_bathy_extrap",231.539279646683,3.20499821100384e-05
"species_0_bathy_extrap",232.105181434155,3.09280221699737e-05
"species_0_bathy_extrap",232.671083221626,2.9843109587091e-05
"species_0_bathy_extrap",233.236985009098,2.87941038550343e-05
"species_0_bathy_extrap",233.80288679657,2.77798953902675e-05
"species_0_bathy_extrap",234.368788584042,2.67994109890424e-05
"species_0_bathy_extrap",234.934690371513,2.58515992754837e-05
"species_0_bathy_extrap",235.500592158985,2.49354470724938e-05
"species_0_bathy_extrap",236.066493946457,2.40499666688265e-05
"species_0_bathy_extrap",236.632395733929,2.31941976380767e-05
"species_0_bathy_extrap",237.1982975214,2.29153902182588e-05
"species_0_bathy_extrap",237.764199308872,2.29153902182588e-05
"species_0_bathy_extrap",238.330101096344,2.29153902182588e-05
"species_0_bathy_extrap",238.896002883816,2.29153902182588e-05
"species_0_bathy_extrap",239.461904671288,2.29153902182588e-05
"species_0_bathy_extrap",240.027806458759,2.29153902182588e-05
"species_0_bathy_extrap",240.593708246231,2.29153902182588e-05
"species_0_bathy_extrap",241.159610033703,2.29153902182588e-05
"species_0_bathy_extrap",241.725511821175,2.29153902182588e-05
"species_0_bathy_extrap",242.291413608646,2.29153902182588e-05
"species_0_bathy_extrap",242.857315396118,2.29153902182588e-05
"species_0_bathy_extrap",243.42321718359,2.29153902182588e-05
"species_0_bathy_extrap",243.989118971062,2.29153902182588e-05
"species_0_bathy_extrap",244.555020758534,2.29153902182588e-05
"species_0_bathy_extrap",245.120922546005,2.29153902182588e-05
"species_0_bathy_extrap",245.686824333477,2.29153902182588e-05
"species_0_bathy_extrap",246.252726120949,2.29153902182588e-05
"species_0_bathy_extrap",246.818627908421,2.29153902182588e-05
"species_0_bathy_extrap",247.384529695892,2.29153902182588e-05
"species_0_bathy_extrap",247.950431483364,2.29153902182588e-05
"species_0_bathy_extrap",248.516333270836,2.29153902182588e-05
"species_0_bathy_extrap",249.082235058308,2.29153902182588e-05
"species_0_bathy_extrap",249.64813684578,2.29153902182588e-05
"species_0_bathy_extrap",250.214038633251,2.29153902182588e-05
"species_0_bathy_extrap",250.779940420723,2.29153902182588e-05
"species_0_bathy_extrap",251.345842208195,2.29153902182588e-05
"species_0_bathy_extrap",251.911743995667,2.29153902182588e-05
"species_0_bathy_extrap",252.477645783138,2.29153902182588e-05
"species_0_bathy_extrap",253.04354757061,2.29153902182588e-05
"species_0_bathy_extrap",253.609449358082,2.29153902182588e-05
"species_0_bathy_extrap",254.175351145554,2.29153902182588e-05
"species_0_bathy_extrap",254.741252933025,2.29153902182588e-05
"species_0_bathy_extrap",255.307154720497,2.29153902182588e-05
"species_0_bathy_extrap",255.873056507969,2.29153902182588e-05
"species_0_bathy_extrap",256.438958295441,2.29153902182588e-05
"species_0_bathy_extrap",257.004860082913,2.29153902182588e-05
"species_0_bathy_extrap",257.570761870384,2.29153902182588e-05
"species_0_bathy_extrap",258.136663657856,2.29153902182588e-05
"species_0_bathy_extrap",258.702565445328,2.29153902182588e-05
"species_0_bathy_extrap",259.2684672328,2.29153902182588e-05
"species_0_bathy_extrap",259.834369020271,2.29153902182588e-05
"species_0_bathy_extrap",260.400270807743,2.29153902182588e-05
"species_0_fetch_only",-7311.75081787109,0.955815970897675
"species_0_fetch_only",-7123.16529335938,0.955815970897675
"species_0_fetch_only",-6934.57976884766,0.955815970897675
"species_0_fetch_only",-6745.99424433594,0.955815970897675
"species_0_fetch_only",-6557.40871982422,0.955815970897675
"species_0_fetch_only",-6368.8231953125,0.955815970897675
"species_0_fetch_only",-6180.23767080078,0.955815970897675
"species_0_fetch_only",-5991.65214628906,0.955815970897675
"species_0_fetch_only",-5803.06662177734,0.955815970897675
"species_0_fetch_only",-5614.48109726563,0.955815970897675
"species_0_fetch_only",-5425.89557275391,0.955815970897675
"species_0_fetch_only",-5237.31004824219,0.955815970897675
"species_0_fetch_only",-5048.72452373047,0.955815970897675
"species_0_fetch_only",-4860.13899921875,0.955815970897675
"species_0_fetch_only",-4671.55347470703,0.955815970897675
"species_0_fetch_only",-4482.96795019531,0.955815970897675
"species_0_fetch_only",-4294.38242568359,0.955815970897675
"species_0_fetch_only",-4105.79690117188,0.955815970897675
"species_0_fetch_only",-3917.21137666016,0.955815970897675
"species_0_fetch_only",-3728.62585214844,0.955815970897675
"species_0_fetch_only",-3540.04032763672,0.955815970897675
"species_0_fetch_only",-3351.454803125,0.955815970897675
"species_0_fetch_only",-3162.86927861328,0.955815970897675
"species_0_fetch_only",-2974.28375410156,0.955815970897675
"species_0_fetch_only",-2785.69822958984,0.955815970897675
"species_0_fetch_only",-2597.11270507812,0.955815970897675
"species_0_fetch_only",-2408.52718056641,0.955815970897675
"species_0_fetch_only",-2219.94165605469,0.955815970897675
"species_0_fetch_only",-2031.35613154297,0.955815970897675
"species_0_fetch_only",-1842.77060703125,0.955815970897675
"species_0_fetch_only",-1654.18508251953,0.955815970897675
"species_0_fetch_only",-1465.59955800781,0.955815970897675
"species_0_fetch_only",-1277.01403349609,0.955815970897675
"species_0_fetch_only",-1088.42850898437,0.955815970897675
"species_0_fetch_only",-899.842984472656,0.955815970897675
"species_0_fetch_only",-711.257459960937,0.955815970897675
"species_0_fetch_only",-522.671935449219,0.955815970897675
"species_0_fetch_only",-334.0864109375,0.955815970897675
"species_0_fetch_only",-145.500886425781,0.955815970897675
"species_0_fetch_only",43.0846380859375,0.955815970897675
"species_0_fetch_only",231.670162597657,0.955815970897675
"species_0_fetch_only",420.255687109376,0.955815970897675
"species_0_fetch_only",608.841211621094,0.95433098077774
"species_0_fetch_only",797.426736132813,0.949584066867828
"species_0_fetch_only",986.012260644533,0.944369077682495
"species_0_fetch_only",1174.59778515625,0.938645780086517
"species_0_fetch_only",1363.18330966797,0.932371854782104
"species_0_fetch_only",1551.76883417969,0.925502777099609
"species_0_fetch_only",1740.35435869141,0.91799259185791
"species_0_fetch_only",1928.93988320313,0.909793794155121
"species_0_fetch_only",2117.52540771485,0.900858044624329
"species_0_fetch_only",2306.11093222656,0.891136884689331
"species_0_fetch_only",2494.69645673828,0.880582094192505
"species_0_fetch_only",2683.28198125,0.869146883487701
"species_0_fetch_only",2871.86750576172,0.856786847114563
"species_0_fetch_only",3060.45303027344,0.843461155891418
"species_0_fetch_only",3249.03855478516,0.829133629798889
"species_0_fetch_only",3437.62407929687,0.813774585723877
"species_0_fetch_only",3626.20960380859,0.79736191034317
"species_0_fetch_only",3814.79512832031,0.779882967472076
"species_0_fetch_only",4003.38065283203,0.761335909366608
"species_0_fetch_only",4191.96617734375,0.741731226444244
"species_0_fetch_only",4380.55170185547,0.72109317779541
"species_0_fetch_only",4569.13722636719,0.699460685253143
"species_0_fetch_only",4757.72275087891,0.676888048648834
"species_0_fetch_only",4946.30827539063,0.653445482254028
"species_0_fetch_only",5134.89379990235,0.629218637943268
"species_0_fetch_only",5323.47932441406,0.604308366775513
"species_0_fetch_only",5512.06484892578,0.578829050064087
"species_0_fetch_only",5700.6503734375,0.553856194019318
"species_0_fetch_only",5889.23589794922,0.533215045928955
"species_0_fetch_only",6077.82142246094,0.523544490337372
"species_0_fetch_only",6266.40694697266,0.516905069351196
"species_0_fetch_only",6454.99247148438,0.511011898517609
"species_0_fetch_only",6643.5779959961,0.505099594593048
"species_0_fetch_only",6832.16352050781,0.499169856309891
"species_0_fetch_only",7020.74904501953,0.493224263191223
"species_0_fetch_only",7209.33456953125,0.487264513969421
"species_0_fetch_only",7397.92009404297,0.481292366981506
"species_0_fetch_only",7586.50561855469,0.475309520959854
"species_0_fetch_only",7775.09114306641,0.469317734241486
"species_0_fetch_only",7963.67666757813,0.463318824768066
"species_0_fetch_only",8152.26219208984,0.45731458067894
"species_0_fetch_only",8340.84771660156,0.451306760311127
"species_0_fetch_only",8529.43324111328,0.445297241210938
"species_0_fetch_only",8718.018765625,0.43928787112236
"species_0_fetch_only",8906.60429013672,0.433280438184738
"species_0_fetch_only",9095.18981464844,0.427276879549026
"species_0_fetch_only",9283.77533916016,0.421278953552246
"species_0_fetch_only",9472.36086367188,0.41528856754303
"species_0_fetch_only",9660.9463881836,0.412962973117828
"species_0_fetch_only",9849.53191269531,0.411163330078125
"species_0_fetch_only",10038.117437207,0.409350514411926
"species_0_fetch_only",10226.7029617188,0.407524645328522
"species_0_fetch_only",10415.2884862305,0.405685842037201
"species_0_fetch_only",10603.8740107422,0.403834193944931
"species_0_fetch_only",10792.4595352539,0.401969820261002
"species_0_fetch_only",10981.0450597656,0.400092899799347
"species_0_fetch_only",11169.6305842773,0.398203462362289
"species_0_fetch_only",11358.2161087891,0.396301716566086
"species_0_fetch_only",11546.8016333008,0.394387722015381
"species_0_fetch_only",11735.3871578125,0.392461657524109
"species_0_fetch_only",11923.9726823242,0.390523612499237
"species_0_fetch_only",12112.5582068359,0.3885737657547
"species_0_fetch_only",12301.1437313477,0.386612266302109
"species_0_fetch_only",12489.7292558594,0.384639203548431
"species_0_fetch_only",12678.3147803711,0.382654756307602
"species_0_fetch_only",12866.9003048828,0.38065904378891
"species_0_fetch_only",13055.4858293945,0.37865224480629
"species_0_fetch_only",13244.0713539063,0.376634508371353
"species_0_fetch_only",13432.656878418,0.374605983495712
"species_0_fetch_only",13621.2424029297,0.372566848993301
"species_0_fetch_only",13809.8279274414,0.370517253875732
"species_0_fetch_only",13998.4134519531,0.368457347154617
"species_0_fetch_only",14186.9989764648,0.36638730764389
"species_0_fetch_only",14375.5845009766,0.364307284355164
"species_0_fetch_only",14564.1700254883,0.362217515707016
"species_0_fetch_only",14752.75555,0.360118091106415
"species_0_fetch_only",14941.3410745117,0.358009278774261
"species_0_fetch_only",15129.9265990234,0.355891197919846
"species_0_fetch_only",15318.5121235352,0.353764057159424
"species_0_fetch_only",15507.0976480469,0.351628005504608
"species_0_fetch_only",15695.6831725586,0.349483281373978
"species_0_fetch_only",15884.2686970703,0.347330093383789
"species_0_fetch_only",16072.854221582,0.345168590545654
"species_0_fetch_only",16261.4397460938,0.34299898147583
"species_0_fetch_only",16450.0252706055,0.340821474790573
"species_0_fetch_only",16638.6107951172,0.33863627910614
"species_0_fetch_only",16827.1963196289,0.336443603038788
"species_0_fetch_only",17015.7818441406,0.334243655204773
"species_0_fetch_only",17204.3673686523,0.33203661441803
"species_0_fetch_only",17392.9528931641,0.32982274889946
"species_0_fetch_only",17581.5384176758,0.327602237462997
"species_0_fetch_only",17770.1239421875,0.325375318527222
"species_0_fetch_only",17958.7094666992,0.323142200708389
"species_0_fetch_only",18147.2949912109,0.320903092622757
"species_0_fetch_only",18335.8805157227,0.318658262491226
"species_0_fetch_only",18524.4660402344,0.316407918930054
"species_0_fetch_only",18713.0515647461,0.314152330160141
"species_0_fetch_only",18901.6370892578,0.3118916451931
"species_0_fetch_only",19090.2226137695,0.309626162052155
"species_0_fetch_only",19278.8081382812,0.307356089353561
"species_0_fetch_only",19467.393662793,0.305081695318222
"species_0_fetch_only",19655.9791873047,0.302803248167038
"species_0_fetch_only",19844.5647118164,0.300520896911621
"species_0_fetch_only",20033.1502363281,0.298234939575195
"species_0_fetch_only",20221.7357608398,0.295945644378662
"species_0_fetch_only",20410.3212853516,0.293653249740601
"species_0_fetch_only",20598.9068098633,0.291357964277267
"species_0_fetch_only",20787.492334375,0.289060086011887
"species_0_fetch_only",20976.0778588867,0.286759853363037
"species_0_fetch_only",21164.6633833984,0.284457504749298
"species_0_fetch_only",21353.2489079102,0.282153338193893
"species_0_fetch_only",21541.8344324219,0.279847592115402
"species_0_fetch_only",21730.4199569336,0.277540475130081
"species_0_fetch_only",21919.0054814453,0.275232315063477
"species_0_fetch_only",22107.591005957,0.272923350334167
"species_0_fetch_only",22296.1765304688,0.270613849163055
"species_0_fetch_only",22484.7620549805,0.268304049968719
"species_0_fetch_only",22673.3475794922,0.265994250774384
"species_0_fetch_only",22861.9331040039,0.263684660196304
"species_0_fetch_only",23050.5186285156,0.261375576257706
"species_0_fetch_only",23239.1041530274,0.259067296981812
"species_0_fetch_only",23427.6896775391,0.256760030984879
"species_0_fetch_only",23616.2752020508,0.254454076290131
"species_0_fetch_only",23804.8607265625,0.252149671316147
"species_0_fetch_only",23993.4462510742,0.249847114086151
"species_0_fetch_only",24182.0317755859,0.247546643018723
"species_0_fetch_only",24370.6173000977,0.245248526334763
"species_0_fetch_only",24559.2028246094,0.242953032255173
"species_0_fetch_only",24747.7883491211,0.240660443902016
"species_0_fetch_only",24936.3738736328,0.238371029496193
"species_0_fetch_only",25124.9593981445,0.236084997653961
"species_0_fetch_only",25313.5449226563,0.233802661299706
"species_0_fetch_only",25502.130447168,0.231524258852005
"species_0_fetch_only",25690.7159716797,0.229250073432922
"species_0_fetch_only",25879.3014961914,0.226980373263359
"species_0_fetch_only",26067.8870207031,0.224715366959572
"species_0_fetch_only",26256.4725452148,0.222455337643623
"species_0_fetch_only",26445.0580697266,0.220200568437576
"species_0_fetch_only",26633.6435942383,0.217951267957687
"species_0_fetch_only",26822.22911875,0.215707764029503
"species_0_fetch_only",27010.8146432617,0.213470220565796
"species_0_fetch_only",27199.4001677734,0.21123893558979
"species_0_fetch_only",27387.9856922852,0.209014147520065
"species_0_fetch_only",27576.5712167969,0.206796124577522
"species_0_fetch_only",27765.1567413086,0.204585075378418
"species_0_fetch_only",27953.7422658203,0.202381268143654
"species_0_fetch_only",28142.327790332,0.200184926390648
"species_0_fetch_only",28330.9133148438,0.19799630343914
"species_0_fetch_only",28519.4988393555,0.195815652608871
"species_0_fetch_only",28708.0843638672,0.193643167614937
"species_0_fetch_only",28896.6698883789,0.191479101777077
"species_0_fetch_only",29085.2554128906,0.189323663711548
"species_0_fetch_only",29273.8409374023,0.18717710673809
"species_0_fetch_only",29462.4264619141,0.185039654374123
"species_0_fetch_only",29651.0119864258,0.18291150033474
"species_0_fetch_only",29839.5975109375,0.18079286813736
"species_0_fetch_only",30028.1830354492,0.1786839812994
"species_0_fetch_only",30216.7685599609,0.176585048437119
"species_0_fetch_only",30405.3540844727,0.174496293067932
"species_0_fetch_only",30593.9396089844,0.172417879104614
"species_0_fetch_only",30782.5251334961,0.170350030064583
"species_0_fetch_only",30971.1106580078,0.168292954564095
"species_0_fetch_only",31159.6961825195,0.166246846318245
"species_0_fetch_only",31348.2817070313,0.164211869239807
"species_0_fetch_only",31536.867231543,0.162188217043877
"species_0_fetch_only",31725.4527560547,0.160176068544388
"species_0_fetch_only",31914.0382805664,0.158175632357597
"species_0_fetch_only",32102.6238050781,0.156187072396278
"species_0_fetch_only",32291.2093295898,0.154210537672043
"species_0_fetch_only",32479.7948541016,0.152246206998825
"species_0_fetch_only",32668.3803786133,0.150294244289398
"species_0_fetch_only",32856.965903125,0.148354828357697
"species_0_fetch_only",33045.5514276367,0.14642807841301
"species_0_fetch_only",33234.1369521484,0.144514143466949
"species_0_fetch_only",33422.7224766602,0.14261320233345
"species_0_fetch_only",33611.3080011719,0.140725389122963
"species_0_fetch_only",33799.8935256836,0.138850823044777
"species_0_fetch_only",33988.4790501953,0.136989653110504
"species_0_fetch_only",34177.064574707,0.135141998529434
"species_0_fetch_only",34365.6500992188,0.133308038115501
"species_0_fetch_only",34554.2356237305,0.131487801671028
"species_0_fetch_only",34742.8211482422,0.129681438207626
"species_0_fetch_only",34931.4066727539,0.127889081835747
"species_0_fetch_only",35119.9921972656,0.126110821962357
"species_0_fetch_only",35308.5777217774,0.124346762895584
"species_0_fetch_only",35497.1632462891,0.122597008943558
"species_0_fetch_only",35685.7487708008,0.120861649513245
"species_0_fetch_only",35874.3342953125,0.119140766561031
"species_0_fetch_only",36062.9198198242,0.117434494197369
"species_0_fetch_only",36251.5053443359,0.115742839872837
"species_0_fetch_only",36440.0908688477,0.114065907895565
"species_0_fetch_only",36628.6763933594,0.112403765320778
"species_0_fetch_only",36817.2619178711,0.110756494104862
"species_0_fetch_only",37005.8474423828,0.109124146401882
"species_0_fetch_only",37194.4329668945,0.107506781816483
"species_0_fetch_only",37383.0184914063,0.105904452502728
"species_0_fetch_only",37571.604015918,0.104317210614681
"species_0_fetch_only",37760.1895404297,0.102745093405247
"species_0_fetch_only",37948.7750649414,0.101188182830811
"species_0_fetch_only",38137.3605894531,0.0996464490890503
"species_0_fetch_only",38325.9461139648,0.0981199592351914
"species_0_fetch_only",38514.5316384766,0.0966087281703949
"species_0_fetch_only",38703.1171629883,0.0951127931475639
"species_0_fetch_only",38891.7026875,0.093632161617279
"species_0_fetch_only",39080.2882120117,0.092166855931282
"species_0_fetch_only",39268.8737365234,0.0907168909907341
"species_0_fetch_only",39457.4592610352,0.0892822593450546
"species_0_fetch_only",39646.0447855469,0.0878630131483078
"species_0_fetch_only",39834.6303100586,0.086459070444107
"species_0_fetch_only",40023.2158345703,0.085070475935936
"species_0_fetch_only",40211.801359082,0.0836972072720528
"species_0_fetch_only",40400.3868835938,0.0823392570018768
"species_0_fetch_only",40588.9724081055,0.0809966027736664
"species_0_fetch_only",40777.5579326172,0.0796692371368408
"species_0_fetch_only",40966.1434571289,0.0783571228384972
"species_0_fetch_only",41154.7289816406,0.0770602375268936
"species_0_fetch_only",41343.3145061523,0.0757785588502884
"species_0_fetch_only",41531.9000306641,0.0745120644569397
"species_0_fetch_only",41720.4855551758,0.073260672390461
"species_0_fetch_only",41909.0710796875,0.072024367749691
"species_0_fetch_only",42097.6566041992,0.0708031058311462
"species_0_fetch_only",42286.2421287109,0.0695968344807625
"species_0_fetch_only",42474.8276532227,0.0684055015444756
"species_0_fetch_only",42663.4131777344,0.0672290623188019
"species_0_fetch_only",42851.9987022461,0.0660674571990967
"species_0_fetch_only",43040.5842267578,0.0649206265807152
"species_0_fetch_only",43229.1697512695,0.0637885257601738
"species_0_fetch_only",43417.7552757813,0.0626710429787636
"species_0_fetch_only",43606.340800293,0.0615681409835815
"species_0_fetch_only",43794.9263248047,0.0604797415435314
"species_0_fetch_only",43983.5118493164,0.0594057776033878
"species_0_fetch_only",44172.0973738281,0.0583461672067642
"species_0_fetch_only",44360.6828983399,0.0573008321225643
"species_0_fetch_only",44549.2684228516,0.0562696941196918
"species_0_fetch_only",44737.8539473633,0.0552526712417603
"species_0_fetch_only",44926.439471875,0.0542496778070927
"species_0_fetch_only",45115.0249963867,0.0532606430351734
"species_0_fetch_only",45303.6105208984,0.0522854365408421
"species_0_fetch_only",45492.1960454102,0.0513239912688732
"species_0_fetch_only",45680.7815699219,0.0503762103617191
"species_0_fetch_only",45869.3670944336,0.0494420006871223
"species_0_fetch_only",46057.9526189453,0.0485212653875351
"species_0_fetch_only",46246.538143457,0.047613900154829
"species_0_fetch_only",46435.1236679688,0.0467198081314564
"species_0_fetch_only",46623.7091924805,0.0458388887345791
"species_0_fetch_only",46812.2947169922,0.04497105255723
"species_0_fetch_only",47000.8802415039,0.0441161580383778
"species_0_fetch_only",47189.4657660156,0.0432741194963455
"species_0_fetch_only",47378.0512905273,0.0424448251724243
"species_0_fetch_only",47566.6368150391,0.0416281707584858
"species_0_fetch_only",47755.2223395508,0.0408240407705307
"species_0_fetch_only",47943.8078640625,0.0400323271751404
"species_0_fetch_only",48132.3933885742,0.0392529144883156
"species_0_fetch_only",48320.978913086,0.0384856909513474
"species_0_fetch_only",48509.5644375977,0.0377305559813976
"species_0_fetch_only",48698.1499621094,0.0369873642921448
"species_0_fetch_only",48886.7354866211,0.0362560153007507
"species_0_fetch_only",49075.3210111328,0.035536389797926
"species_0_fetch_only",49263.9065356445,0.0348283722996712
"species_0_fetch_only",49452.4920601563,0.0341318398714066
"species_0_fetch_only",49641.077584668,0.0334466807544231
"species_0_fetch_only",49829.6631091797,0.0327727720141411
"species_0_fetch_only",50018.2486336914,0.0321099907159805
"species_0_fetch_only",50206.8341582031,0.0314582213759422
"species_0_fetch_only",50395.4196827148,0.0308173540979624
"species_0_fetch_only",50584.0052072266,0.0301872417330742
"species_0_fetch_only",50772.5907317383,0.0295677743852138
"species_0_fetch_only",50961.17625625,0.028958834707737
"species_0_fetch_only",51149.7617807617,0.0283602960407734
"species_0_fetch_only",51338.3473052734,0.0277720410376787
"species_0_fetch_only",51526.9328297852,0.0271939467638731
"species_0_fetch_only",51715.5183542969,0.0266258884221315
"species_0_fetch_only",51904.1038788086,0.0260677486658096
"species_0_fetch_only",52092.6894033203,0.0255194157361984
"species_0_fetch_only",52281.274927832,0.0249807424843311
"species_0_fetch_only",52469.8604523438,0.0244516246020794
"species_0_fetch_only",52658.4459768555,0.0239319354295731
"species_0_fetch_only",52847.0315013672,0.0234215576201677
"species_0_fetch_only",53035.6170258789,0.0229203682392836
"species_0_fetch_only",53224.2025503906,0.0224282499402761
"species_0_fetch_only",53412.7880749023,0.0219450797885656
"species_0_fetch_only",53601.3735994141,0.0214707404375076
"species_0_fetch_only",53789.9591239258,0.0210051126778126
"species_0_fetch_only",53978.5446484375,0.0205480866134167
"species_0_fetch_only",54167.1301729492,0.0200995244085789
"species_0_fetch_only",54355.715697461,0.0196593217551708
"species_0_fetch_only",54544.3012219727,0.0192273557186127
"species_0_fetch_only",54732.8867464844,0.0188035164028406
"species_0_fetch_only",54921.4722709961,0.01838768273592
"species_0_fetch_only",55110.0577955078,0.0179797429591417
"species_0_fetch_only",55298.6433200195,0.0175795815885067
"species_0_fetch_only",55487.2288445313,0.0171870850026608
"species_0_fetch_only",55675.814369043,0.0168021470308304
"species_0_fetch_only",55864.3998935547,0.0164246410131454
"species_0_fetch_only",56052.9854180664,0.0160544626414776
"species_0_fetch_only",56241.5709425781,0.015691502019763
"species_0_fetch_only",56430.1564670899,0.0153356501832604
"species_0_fetch_only",56618.7419916016,0.014986795373261
"species_0_fetch_only",56807.3275161133,0.0146448314189911
"species_0_fetch_only",56995.913040625,0.0143096512183547
"species_0_fetch_only",57184.4985651367,0.0139811467379332
"species_0_fetch_only",57373.0840896485,0.0136592136695981
"species_0_fetch_only",57561.6696141602,0.0133437532931566
"species_0_fetch_only",57750.2551386719,0.0130346491932869
"species_0_fetch_only",57938.8406631836,0.0127318054437637
"species_0_fetch_only",58127.4261876953,0.0124351205304265
"species_0_fetch_only",58316.011712207,0.0121444929391146
"species_0_fetch_only",58504.5972367188,0.0118598220869899
"species_0_fetch_only",58693.1827612305,0.0115810111165047
"species_0_fetch_only",58881.7682857422,0.011307961307466
"species_0_fetch_only",59070.3538102539,0.0110405758023262
"species_0_fetch_only",59258.9393347656,0.0107787633314729
"species_0_fetch_only",59447.5248592773,0.0105224195867777
"species_0_fetch_only",59636.1103837891,0.0102714551612735
"species_0_fetch_only",59824.6959083008,0.0100257787853479
"species_0_fetch_only",60013.2814328125,0.00978529639542103
"species_0_fetch_only",60201.8669573242,0.00954992044717073
"species_0_fetch_only",60390.4524818359,0.00931955873966217
"species_0_fetch_only",60579.0380063477,0.00909412372857332
"species_0_fetch_only",60767.6235308594,0.00887352786958218
"species_0_fetch_only",60956.2090553711,0.00865768454968929
"species_0_fetch_only",61144.7945798828,0.00844651367515326
"species_0_fetch_only",61333.3801043945,0.00823992025107145
"species_0_fetch_only",61521.9656289063,0.00803782697767019
"species_0_fetch_only",61710.551153418,0.00784015096724033
"species_0_fetch_only",61899.1366779297,0.00764681212604046
"species_0_fetch_only",62087.7222024414,0.00745772896334529
"species_0_fetch_only",62276.3077269531,0.00727282278239727
"species_0_fetch_only",62464.8932514649,0.00709201628342271
"species_0_fetch_only",62653.4787759766,0.00691523216664791
"species_0_fetch_only",62842.0643004883,0.00674239778891206
"species_0_fetch_only",63030.649825,0.00657343165948987
"species_0_fetch_only",63219.2353495117,0.00640826299786568
"species_0_fetch_only",63407.8208740234,0.00624681962653995
"species_0_fetch_only",63596.4063985352,0.00608902983367443
"species_0_fetch_only",63784.9919230469,0.00593482237309218
"species_0_fetch_only",63973.5774475586,0.00578412832692266
"species_0_fetch_only",64162.1629720703,0.00563687877729535
"species_0_fetch_only",64350.748496582,0.0054930062033236
"species_0_fetch_only",64539.3340210938,0.00535244354978204
"species_0_fetch_only",64727.9195456055,0.00521512841805816
"species_0_fetch_only",64916.5050701172,0.00508099049329758
"species_0_fetch_only",65105.0905946289,0.00494996877387166
"species_0_fetch_only",65293.6761191406,0.0048220013268292
"species_0_fetch_only",65482.2616436523,0.00469702575355768
"species_0_fetch_only",65670.8471681641,0.00457498477771878
"species_0_fetch_only",65859.4326926758,0.0044558122754097
"species_0_fetch_only",66048.0182171875,0.00433945329859853
"species_0_fetch_only",66236.6037416992,0.00422584963962436
"species_0_fetch_only",66425.1892662109,0.00411494448781013
"species_0_fetch_only",66613.7747907227,0.0040066814981401
"species_0_fetch_only",66802.3603152344,0.00390100642107427
"species_0_fetch_only",66990.9458397461,0.00379786430858076
"species_0_fetch_only",67179.5313642578,0.00369720277376473
"species_0_fetch_only",67368.1168887695,0.00359896896407008
"species_0_fetch_only",67556.7024132813,0.00350311165675521
"species_0_fetch_only",67745.287937793,0.00340958056040108
"species_0_fetch_only",67933.8734623047,0.00331832561641932
"species_0_fetch_only",68122.4589868164,0.00322929839603603
"species_0_fetch_only",68311.0445113281,0.00314245093613863
"species_0_fetch_only",68499.6300358398,0.00305773597210646
"species_0_fetch_only",68688.2155603516,0.00297510740347207
"species_0_fetch_only",68876.8010848633,0.0028945195954293
"species_0_fetch_only",69065.386609375,0.00281593133695424
"species_0_fetch_only",69253.9721338867,0.00273929233662784
"species_0_fetch_only",69442.5576583984,0.00266456278041005
"species_0_fetch_only",69631.1431829101,0.00259170052595437
"species_0_fetch_only",69819.7287074219,0.00252066412940621
"species_0_fetch_only",70008.3142319336,0.00245141261257231
"species_0_fetch_only",70196.8997564453,0.00238390639424324
"species_0_fetch_only",70385.485280957,0.00231810635887086
"species_0_fetch_only",70574.0708054687,0.00225397385656834
"species_0_fetch_only",70762.6563299805,0.00219147116877139
"species_0_fetch_only",70951.2418544922,0.00213056127540767
"species_0_fetch_only",71139.8273790039,0.00207120808772743
"species_0_fetch_only",71328.4129035156,0.00201337574981153
"species_0_fetch_only",71516.9984280273,0.00195702956989408
"species_0_fetch_only",71705.5839525391,0.00190213543828577
"species_0_fetch_only",71894.1694770508,0.00184865947812796
"species_0_fetch_only",72082.7550015625,0.00179656909313053
"species_0_fetch_only",72271.3405260742,0.0017458318034187
"species_0_fetch_only",72459.9260505859,0.00169641617685556
"species_0_fetch_only",72648.5115750977,0.001648293226026
"species_0_fetch_only",72837.0970996094,0.00160142849199474
"species_0_fetch_only",73025.6826241211,0.00155579438433051
"species_0_fetch_only",73214.2681486328,0.00151136168278754
"species_0_fetch_only",73402.8536731445,0.00146810186561197
"species_0_fetch_only",73591.4391976562,0.00142598699312657
"species_0_fetch_only",73780.024722168,0.00138498970773071
"species_0_fetch_only",73968.6102466797,0.00134508323390037
"species_0_fetch_only",74157.1957711914,0.00130624114535749
"species_0_fetch_only",74345.7812957031,0.00126843806356192
"species_0_fetch_only",74534.3668202148,0.00123164849355817
"species_0_fetch_only",74722.9523447266,0.00119584787171334
"species_0_fetch_only",74911.5378692383,0.00116101221647114
"species_0_fetch_only",75100.12339375,0.00112711789552122
"species_0_fetch_only",75288.7089182617,0.00109414174221456
"species_0_fetch_only",75477.2944427734,0.00106206105556339
"species_0_fetch_only",75665.8799672852,0.00103085394948721
"species_0_fetch_only",75854.4654917969,0.00100049865432084
"species_0_fetch_only",76043.0510163086,0.000970974040683359
"species_0_fetch_only",76231.6365408203,0.00094226049259305
"species_0_fetch_only",76420.222065332,0.000914335483685136
"species_0_fetch_only",76608.8075898438,0.000887180329300463
"species_0_fetch_only",76797.3931143555,0.00086077576270327
"species_0_fetch_only",76985.9786388672,0.000835102749988437
"species_0_fetch_only",77174.5641633789,0.000810142781119794
"species_0_fetch_only",77363.1496878906,0.000785877811722457
"species_0_fetch_only",77551.7352124024,0.000762290088459849
"species_0_fetch_only",77740.3207369141,0.000739362323656678
"species_0_fetch_only",77928.9062614258,0.000717077637091279
"species_0_fetch_only",78117.4917859375,0.000695419555995613
"species_0_fetch_only",78306.0773104492,0.000674371782224625
"species_0_fetch_only",78494.662834961,0.00065391871612519
"species_0_fetch_only",78683.2483594727,0.000634044816251844
"species_0_fetch_only",78871.8338839844,0.000614735065028071
"species_0_fetch_only",79060.4194084961,0.000595974735915661
"species_0_fetch_only",79249.0049330078,0.000589841161854565
"species_0_fetch_only",79437.5904575195,0.000589841161854565
"species_0_fetch_only",79626.1759820312,0.000589841161854565
"species_0_fetch_only",79814.761506543,0.000589841161854565
"species_0_fetch_only",80003.3470310547,0.000589841161854565
"species_0_fetch_only",80191.9325555664,0.000589841161854565
"species_0_fetch_only",80380.5180800781,0.000589841161854565
"species_0_fetch_only",80569.1036045899,0.000589841161854565
"species_0_fetch_only",80757.6891291016,0.000589841161854565
"species_0_fetch_only",80946.2746536133,0.000589841161854565
"species_0_fetch_only",81134.860178125,0.000589841161854565
"species_0_fetch_only",81323.4457026367,0.000589841161854565
"species_0_fetch_only",81512.0312271484,0.000589841161854565
"species_0_fetch_only",81700.6167516602,0.000589841161854565
"species_0_fetch_only",81889.2022761719,0.000589841161854565
"species_0_fetch_only",82077.7878006836,0.000589841161854565
"species_0_fetch_only",82266.3733251953,0.000589841161854565
"species_0_fetch_only",82454.958849707,0.000589841161854565
"species_0_fetch_only",82643.5443742187,0.000589841161854565
"species_0_fetch_only",82832.1298987305,0.000589841161854565
"species_0_fetch_only",83020.7154232422,0.000589841161854565
"species_0_fetch_only",83209.3009477539,0.000589841161854565
"species_0_fetch_only",83397.8864722656,0.000589841161854565
"species_0_fetch_only",83586.4719967774,0.000589841161854565
"species_0_fetch_only",83775.0575212891,0.000589841161854565
"species_0_fetch_only",83963.6430458008,0.000589841161854565
"species_0_fetch_only",84152.2285703125,0.000589841161854565
"species_0_fetch_only",84340.8140948242,0.000589841161854565
"species_0_fetch_only",84529.399619336,0.000589841161854565
"species_0_fetch_only",84717.9851438477,0.000589841161854565
"species_0_fetch_only",84906.5706683594,0.000589841161854565
"species_0_fetch_only",85095.1561928711,0.000589841161854565
"species_0_fetch_only",85283.7417173828,0.000589841161854565
"species_0_fetch_only",85472.3272418945,0.000589841161854565
"species_0_fetch_only",85660.9127664063,0.000589841161854565
"species_0_fetch_only",85849.498290918,0.000589841161854565
"species_0_fetch_only",86038.0838154297,0.000589841161854565
"species_0_fetch_only",86226.6693399414,0.000589841161854565
"species_0_fetch_only",86415.2548644531,0.000589841161854565
"species_0_fetch_only",86603.8403889649,0.000589841161854565
"species_0_fetch_only",86792.4259134766,0.000589841161854565
"species_0_fetch_only",86981.0114379883,0.000589841161854565
"species_0_fetch",-7311.75081787109,0.901012659072876
"species_0_fetch",-7123.16529335938,0.901012659072876
"species_0_fetch",-6934.57976884766,0.901012659072876
"species_0_fetch",-6745.99424433594,0.901012659072876
"species_0_fetch",-6557.40871982422,0.901012659072876
"species_0_fetch",-6368.8231953125,0.901012659072876
"species_0_fetch",-6180.23767080078,0.901012659072876
"species_0_fetch",-5991.65214628906,0.901012659072876
"species_0_fetch",-5803.06662177734,0.901012659072876
"species_0_fetch",-5614.48109726563,0.901012659072876
"species_0_fetch",-5425.89557275391,0.901012659072876
"species_0_fetch",-5237.31004824219,0.901012659072876
"species_0_fetch",-5048.72452373047,0.901012659072876
"species_0_fetch",-4860.13899921875,0.901012659072876
"species_0_fetch",-4671.55347470703,0.901012659072876
"species_0_fetch",-4482.96795019531,0.901012659072876
"species_0_fetch",-4294.38242568359,0.901012659072876
"species_0_fetch",-4105.79690117188,0.901012659072876
"species_0_fetch",-3917.21137666016,0.901012659072876
"species_0_fetch",-3728.62585214844,0.901012659072876
"species_0_fetch",-3540.04032763672,0.901012659072876
"species_0_fetch",-3351.454803125,0.901012659072876
"species_0_fetch",-3162.86927861328,0.901012659072876
"species_0_fetch",-2974.28375410156,0.901012659072876
"species_0_fetch",-2785.69822958984,0.901012659072876
"species_0_fetch",-2597.11270507812,0.901012659072876
"species_0_fetch",-2408.52718056641,0.901012659072876
"species_0_fetch",-2219.94165605469,0.901012659072876
"species_0_fetch",-2031.35613154297,0.901012659072876
"species_0_fetch",-1842.77060703125,0.901012659072876
"species_0_fetch",-1654.18508251953,0.901012659072876
"species_0_fetch",-1465.59955800781,0.901012659072876
"species_0_fetch",-1277.01403349609,0.901012659072876
"species_0_fetch",-1088.42850898437,0.901012659072876
"species_0_fetch",-899.842984472656,0.901012659072876
"species_0_fetch",-711.257459960937,0.901012659072876
"species_0_fetch",-522.671935449219,0.901012659072876
"species_0_fetch",-334.0864109375,0.901012659072876
"species_0_fetch",-145.500886425781,0.901012659072876
"species_0_fetch",43.0846380859375,0.901012659072876
"species_0_fetch",231.670162597657,0.901012659072876
"species_0_fetch",420.255687109376,0.901012659072876
"species_0_fetch",608.841211621094,0.895800054073334
"species_0_fetch",797.426736132813,0.878683030605316
"species_0_fetch",986.012260644533,0.858660995960236
"species_0_fetch",1174.59778515625,0.833281338214874
"species_0_fetch",1363.18330966797,0.803107559680939
"species_0_fetch",1551.76883417969,0.768980979919434
"species_0_fetch",1740.35435869141,0.730914771556854
"species_0_fetch",1928.93988320313,0.689105212688446
"species_0_fetch",2117.52540771485,0.650661110877991
"species_0_fetch",2306.11093222656,0.633679449558258
"species_0_fetch",2494.69645673828,0.616671562194824
"species_0_fetch",2683.28198125,0.599365532398224
"species_0_fetch",2871.86750576172,0.581800222396851
"species_0_fetch",3060.45303027344,0.564016997814178
"species_0_fetch",3249.03855478516,0.546059608459473
"species_0_fetch",3437.62407929687,0.527973532676697
"species_0_fetch",3626.20960380859,0.509805619716644
"species_0_fetch",3814.79512832031,0.491603791713715
"species_0_fetch",4003.38065283203,0.473416119813919
"species_0_fetch",4191.96617734375,0.455290734767914
"species_0_fetch",4380.55170185547,0.43727508187294
"species_0_fetch",4569.13722636719,0.419415563344955
"species_0_fetch",4757.72275087891,0.401756942272186
"species_0_fetch",4946.30827539063,0.384341984987259
"species_0_fetch",5134.89379990235,0.367211014032364
"species_0_fetch",5323.47932441406,0.350401699542999
"species_0_fetch",5512.06484892578,0.333948612213135
"species_0_fetch",5700.6503734375,0.317883014678955
"species_0_fetch",5889.23589794922,0.303495168685913
"species_0_fetch",6077.82142246094,0.296685069799423
"species_0_fetch",6266.40694697266,0.294552445411682
"species_0_fetch",6454.99247148438,0.29374435544014
"species_0_fetch",6643.5779959961,0.292930901050568
"species_0_fetch",6832.16352050781,0.292112112045288
"species_0_fetch",7020.74904501953,0.291287988424301
"species_0_fetch",7209.33456953125,0.290458589792252
"species_0_fetch",7397.92009404297,0.289623975753784
"species_0_fetch",7586.50561855469,0.288784146308899
"species_0_fetch",7775.09114306641,0.287939161062241
"species_0_fetch",7963.67666757813,0.287089020013809
"species_0_fetch",8152.26219208984,0.286233842372894
"species_0_fetch",8340.84771660156,0.285373568534851
"species_0_fetch",8529.43324111328,0.284508317708969
"species_0_fetch",8718.018765625,0.283638089895248
"species_0_fetch",8906.60429013672,0.282762944698334
"species_0_fetch",9095.18981464844,0.281882882118225
"species_0_fetch",9283.77533916016,0.28099799156189
"species_0_fetch",9472.36086367188,0.28010830283165
"species_0_fetch",9660.9463881836,0.279213815927505
"species_0_fetch",9849.53191269531,0.278314620256424
"species_0_fetch",10038.117437207,0.27741077542305
"species_0_fetch",10226.7029617188,0.276502251625061
"species_0_fetch",10415.2884862305,0.275589138269424
"species_0_fetch",10603.8740107422,0.274671465158463
"species_0_fetch",10792.4595352539,0.27374929189682
"species_0_fetch",10981.0450597656,0.272822648286819
"species_0_fetch",11169.6305842773,0.271891593933105
"species_0_fetch",11358.2161087891,0.270956158638
"species_0_fetch",11546.8016333008,0.270016402006149
"species_0_fetch",11735.3871578125,0.269072353839874
"species_0_fetch",11923.9726823242,0.26812407374382
"species_0_fetch",12112.5582068359,0.267171561717987
"species_0_fetch",12301.1437313477,0.266214936971664
"species_0_fetch",12489.7292558594,0.265254229307175
"species_0_fetch",12678.3147803711,0.264289438724518
"species_0_fetch",12866.9003048828,0.263320654630661
"species_0_fetch",13055.4858293945,0.262347936630249
"species_0_fetch",13244.0713539063,0.261371284723282
"species_0_fetch",13432.656878418,0.260390788316727
"species_0_fetch",13621.2424029297,0.259406477212906
"species_0_fetch",13809.8279274414,0.258418411016464
"species_0_fetch",13998.4134519531,0.257426649332047
"species_0_fetch",14186.9989764648,0.256431221961975
"species_0_fetch",14375.5845009766,0.255432158708572
"species_0_fetch",14564.1700254883,0.254429578781128
"species_0_fetch",14752.75555,0.253423482179642
"species_0_fetch",14941.3410745117,0.252413928508759
"species_0_fetch",15129.9265990234,0.251400977373123
"species_0_fetch",15318.5121235352,0.250384658575058
"species_0_fetch",15507.0976480469,0.249365076422691
"species_0_fetch",15695.6831725586,0.248342230916023
"species_0_fetch",15884.2686970703,0.24731619656086
"species_0_fetch",16072.854221582,0.246287032961845
"species_0_fetch",16261.4397460938,0.245254799723625
"species_0_fetch",16450.0252706055,0.244219526648521
"species_0_fetch",16638.6107951172,0.243181273341179
"species_0_fetch",16827.1963196289,0.242140114307404
"species_0_fetch",17015.7818441406,0.241096094250679
"species_0_fetch",17204.3673686523,0.240049257874489
"species_0_fetch",17392.9528931641,0.238999679684639
"species_0_fetch",17581.5384176758,0.237947404384613
"species_0_fetch",17770.1239421875,0.236892491579056
"species_0_fetch",17958.7094666992,0.235835000872612
"species_0_fetch",18147.2949912109,0.234774976968765
"species_0_fetch",18335.8805157227,0.233712494373322
"species_0_fetch",18524.4660402344,0.232647597789764
"species_0_fetch",18713.0515647461,0.2315803617239
"species_0_fetch",18901.6370892578,0.23051081597805
"species_0_fetch",19090.2226137695,0.229439035058022
"species_0_fetch",19278.8081382812,0.228365078568459
"species_0_fetch",19467.393662793,0.227289006114006
"species_0_fetch",19655.9791873047,0.226210877299309
"species_0_fetch",19844.5647118164,0.22513073682785
"species_0_fetch",20033.1502363281,0.224048659205437
"species_0_fetch",20221.7357608398,0.222964704036713
"species_0_fetch",20410.3212853516,0.221878930926323
"species_0_fetch",20598.9068098633,0.220791384577751
"species_0_fetch",20787.492334375,0.219702139496803
"species_0_fetch",20976.0778588867,0.218611255288124
"species_0_fetch",21164.6633833984,0.217518776655197
"species_0_fetch",21353.2489079102,0.216424807906151
"species_0_fetch",21541.8344324219,0.215329349040985
"species_0_fetch",21730.4199569336,0.214232504367828
"species_0_fetch",21919.0054814453,0.213134318590164
"species_0_fetch",22107.591005957,0.212034851312637
"species_0_fetch",22296.1765304688,0.210934177041054
"species_0_fetch",22484.7620549805,0.209832355380058
"species_0_fetch",22673.3475794922,0.208729431033134
"species_0_fetch",22861.9331040039,0.207625463604927
"species_0_fetch",23050.5186285156,0.206520542502403
"species_0_fetch",23239.1041530274,0.205414727330208
"species_0_fetch",23427.6896775391,0.204308047890663
"species_0_fetch",23616.2752020508,0.203200578689575
"species_0_fetch",23804.8607265625,0.20209239423275
"species_0_fetch",23993.4462510742,0.200983569025993
"species_0_fetch",24182.0317755859,0.199874132871628
"species_0_fetch",24370.6173000977,0.198764160275459
"species_0_fetch",24559.2028246094,0.197653725743294
"species_0_fetch",24747.7883491211,0.196542859077454
"species_0_fetch",24936.3738736328,0.195431679487228
"species_0_fetch",25124.9593981445,0.194320186972618
"species_0_fetch",25313.5449226563,0.193208485841751
"species_0_fetch",25502.130447168,0.19209660589695
"species_0_fetch",25690.7159716797,0.190984651446342
"species_0_fetch",25879.3014961914,0.189872652292252
"species_0_fetch",26067.8870207031,0.188760682940483
"species_0_fetch",26256.4725452148,0.187648788094521
"species_0_fetch",26445.0580697266,0.186537057161331
"species_0_fetch",26633.6435942383,0.185425534844398
"species_0_fetch",26822.22911875,0.184314295649529
"species_0_fetch",27010.8146432617,0.183203384280205
"species_0_fetch",27199.4001677734,0.182092860341072
"species_0_fetch",27387.9856922852,0.180982813239098
"species_0_fetch",27576.5712167969,0.179873287677765
"species_0_fetch",27765.1567413086,0.178764343261719
"species_0_fetch",27953.7422658203,0.177656039595604
"species_0_fetch",28142.327790332,0.176548451185226
"species_0_fetch",28330.9133148438,0.17544162273407
"species_0_fetch",28519.4988393555,0.17433562874794
"species_0_fetch",28708.0843638672,0.173230528831482
"species_0_fetch",28896.6698883789,0.172126367688179
"species_0_fetch",29085.2554128906,0.171023219823837
"species_0_fetch",29273.8409374023,0.169921144843102
"species_0_fetch",29462.4264619141,0.168820202350616
"species_0_fetch",29651.0119864258,0.167720451951027
"species_0_fetch",29839.5975109375,0.166621938347816
"species_0_fetch",30028.1830354492,0.165524750947952
"species_0_fetch",30216.7685599609,0.164428919553757
"species_0_fetch",30405.3540844727,0.163334533572197
"species_0_fetch",30593.9396089844,0.162241622805595
"species_0_fetch",30782.5251334961,0.161150261759758
"species_0_fetch",30971.1106580078,0.160060495138168
"species_0_fetch",31159.6961825195,0.158972412347794
"species_0_fetch",31348.2817070313,0.157886028289795
"species_0_fetch",31536.867231543,0.15680143237114
"species_0_fetch",31725.4527560547,0.155718669295311
"species_0_fetch",31914.0382805664,0.154637783765793
"species_0_fetch",32102.6238050781,0.153558865189552
"species_0_fetch",32291.2093295898,0.152481943368912
"species_0_fetch",32479.7948541016,0.151407063007355
"species_0_fetch",32668.3803786133,0.150334313511848
"species_0_fetch",32856.965903125,0.149263739585876
"species_0_fetch",33045.5514276367,0.148195371031761
"species_0_fetch",33234.1369521484,0.14712929725647
"species_0_fetch",33422.7224766602,0.146065548062325
"species_0_fetch",33611.3080011719,0.14500418305397
"species_0_fetch",33799.8935256836,0.143945246934891
"species_0_fetch",33988.4790501953,0.142888814210892
"species_0_fetch",34177.064574707,0.141834929585457
"species_0_fetch",34365.6500992188,0.140783652663231
"species_0_fetch",34554.2356237305,0.139735013246536
"species_0_fetch",34742.8211482422,0.138689056038857
"species_0_fetch",34931.4066727539,0.137645855545998
"species_0_fetch",35119.9921972656,0.136605456471443
"species_0_fetch",35308.5777217774,0.135567903518677
"species_0_fetch",35497.1632462891,0.134533256292343
"species_0_fetch",35685.7487708008,0.133501544594765
"species_0_fetch",35874.3342953125,0.132472842931747
"species_0_fetch",36062.9198198242,0.131447196006775
"species_0_fetch",36251.5053443359,0.130424618721008
"species_0_fetch",36440.0908688477,0.129405170679092
"species_0_fetch",36628.6763933594,0.128388926386833
"species_0_fetch",36817.2619178711,0.127375885844231
"species_0_fetch",37005.8474423828,0.126366138458252
"species_0_fetch",37194.4329668945,0.125359714031219
"species_0_fetch",37383.0184914063,0.124356634914875
"species_0_fetch",37571.604015918,0.123356975615025
"species_0_fetch",37760.1895404297,0.12236076593399
"species_0_fetch",37948.7750649414,0.121368065476418
"species_0_fetch",38137.3605894531,0.120378881692886
"species_0_fetch",38325.9461139648,0.119393274188042
"species_0_fetch",38514.5316384766,0.118411287665367
"species_0_fetch",38703.1171629883,0.117432951927185
"species_0_fetch",38891.7026875,0.11645831912756
"species_0_fetch",39080.2882120117,0.115487419068813
"species_0_fetch",39268.8737365234,0.11452029645443
"species_0_fetch",39457.4592610352,0.113556988537312
"species_0_fetch",39646.0447855469,0.112597547471523
"species_0_fetch",39834.6303100586,0.111641980707645
"species_0_fetch",40023.2158345703,0.110690332949162
"species_0_fetch",40211.801359082,0.109742648899555
"species_0_fetch",40400.3868835938,0.108798950910568
"species_0_fetch",40588.9724081055,0.107859291136265
"species_0_fetch",40777.5579326172,0.106923691928387
"species_0_fetch",40966.1434571289,0.105992183089256
"species_0_fetch",41154.7289816406,0.105064809322357
"species_0_fetch",41343.3145061523,0.104141592979431
"species_0_fetch",41531.9000306641,0.103222593665123
"species_0_fetch",41720.4855551758,0.102307789027691
"species_0_fetch",41909.0710796875,0.10139724612236
"species_0_fetch",42097.6566041992,0.100490979850292
"species_0_fetch",42286.2421287109,0.0995890274643898
"species_0_fetch",42474.8276532227,0.0986914113163948
"species_0_fetch",42663.4131777344,0.0977981612086296
"species_0_fetch",42851.9987022461,0.0969093069434166
"species_0_fetch",43040.5842267578,0.0960248708724976
"species_0_fetch",43229.1697512695,0.0951448976993561
"species_0_fetch",43417.7552757813,0.0942693799734116
"species_0_fetch",43606.340800293,0.093398354947567
"species_0_fetch",43794.9263248047,0.0925318449735642
"species_0_fetch",43983.5118493164,0.0916698798537254
"species_0_fetch",44172.0973738281,0.090812474489212
"species_0_fetch",44360.6828983399,0.0899596586823463
"species_0_fetch",44549.2684228516,0.0891114547848701
"species_0_fetch",44737.8539473633,0.088267870247364
"species_0_fetch",44926.439471875,0.0874289348721504
"species_0_fetch",45115.0249963867,0.0865946784615517
"species_0_fetch",45303.6105208984,0.0857650935649872
"species_0_fetch",45492.1960454102,0.0849402099847794
"species_0_fetch",45680.7815699219,0.08412005007267
"species_0_fetch",45869.3670944336,0.0833046212792397
"species_0_fetch",46057.9526189453,0.0824939459562302
"species_0_fetch",46246.538143457,0.0816880315542221
"species_0_fetch",46435.1236679688,0.0808869078755379
"species_0_fetch",46623.7091924805,0.0800905749201775
"species_0_fetch",46812.2947169922,0.0792990699410439
"species_0_fetch",47000.8802415039,0.0785123705863953
"species_0_fetch",47189.4657660156,0.0777305066585541
"species_0_fetch",47378.0512905273,0.0769534856081009
"species_0_fetch",47566.6368150391,0.0761813223361969
"species_0_fetch",47755.2223395508,0.0754140242934227
"species_0_fetch",47943.8078640625,0.0746516063809395
"species_0_fetch",48132.3933885742,0.0738940685987473
"species_0_fetch",48320.978913086,0.0731414332985878
"species_0_fetch",48509.5644375977,0.0723937079310417
"species_0_fetch",48698.1499621094,0.0716508775949478
"species_0_fetch",48886.7354866211,0.0709129571914673
"species_0_fetch",49075.3210111328,0.0701799616217613
"species_0_fetch",49263.9065356445,0.0694518908858299
"species_0_fetch",49452.4920601563,0.0687287598848343
"species_0_fetch",49641.077584668,0.0680105537176132
"species_0_fetch",49829.6631091797,0.0672972872853279
"species_0_fetch",50018.2486336914,0.066588968038559
"species_0_fetch",50206.8341582031,0.0658855885267258
"species_0_fetch",50395.4196827148,0.0651871711015701
"species_0_fetch",50584.0052072266,0.0644936934113503
"species_0_fetch",50772.5907317383,0.0638051554560661
"species_0_fetch",50961.17625625,0.0631215646862984
"species_0_fetch",51149.7617807617,0.0624429248273373
"species_0_fetch",51338.3473052734,0.0617692284286022
"species_0_fetch",51526.9328297852,0.0611004792153835
"species_0_fetch",51715.5183542969,0.0604366734623909
"species_0_fetch",51904.1038788086,0.059777807444334
"species_0_fetch",52092.6894033203,0.0591238923370838
"species_0_fetch",52281.274927832,0.0584748983383179
"species_0_fetch",52469.8604523438,0.0578308328986168
"species_0_fetch",52658.4459768555,0.0571916885674
"species_0_fetch",52847.0315013672,0.0565574653446674
"species_0_fetch",53035.6170258789,0.0559281557798386
"species_0_fetch",53224.2025503906,0.0553037561476231
"species_0_fetch",53412.7880749023,0.05468425527215
"species_0_fetch",53601.3735994141,0.0540696457028389
"species_0_fetch",53789.9591239258,0.0534599237143993
"species_0_fetch",53978.5446484375,0.0528550893068314
"species_0_fetch",54167.1301729492,0.0522551126778126
"species_0_fetch",54355.715697461,0.051659993827343
"species_0_fetch",54544.3012219727,0.051069725304842
"species_0_fetch",54732.8867464844,0.050484299659729
"species_0_fetch",54921.4722709961,0.0499036982655525
"species_0_fetch",55110.0577955078,0.0493279173970222
"species_0_fetch",55298.6433200195,0.0487569458782673
"species_0_fetch",55487.2288445313,0.0481907650828362
"species_0_fetch",55675.814369043,0.0476293824613094
"species_0_fetch",55864.3998935547,0.0470727570354939
"species_0_fetch",56052.9854180664,0.0465208888053894
"species_0_fetch",56241.5709425781,0.0459737628698349
"species_0_fetch",56430.1564670899,0.0454313680529594
"species_0_fetch",56618.7419916016,0.0448936857283115
"species_0_fetch",56807.3275161133,0.0443607084453106
"species_0_fetch",56995.913040625,0.0438324138522148
"species_0_fetch",57184.4985651367,0.0433087907731533
"species_0_fetch",57373.0840896485,0.0427898243069649
"species_0_fetch",57561.6696141602,0.0422755032777786
"species_0_fetch",57750.2551386719,0.0417657941579819
"species_0_fetch",57938.8406631836,0.0412606932222843
"species_0_fetch",58127.4261876953,0.0407601781189442
"species_0_fetch",58316.011712207,0.0402642339468002
"species_0_fetch",58504.5972367188,0.039772842079401
"species_0_fetch",58693.1827612305,0.039285983890295
"species_0_fetch",58881.7682857422,0.0388036444783211
"species_0_fetch",59070.3538102539,0.0383258014917374
"species_0_fetch",59258.9393347656,0.037852443754673
"species_0_fetch",59447.5248592773,0.0373835377395153
"species_0_fetch",59636.1103837891,0.0369190722703934
"species_0_fetch",59824.6959083008,0.0364590249955654
"species_0_fetch",60013.2814328125,0.0360033735632896
"species_0_fetch",60201.8669573242,0.0355521067976952
"species_0_fetch",60390.4524818359,0.0351051948964596
"species_0_fetch",60579.0380063477,0.0346626192331314
"species_0_fetch",60767.6235308594,0.0342243611812592
"species_0_fetch",60956.2090553711,0.033790398389101
"species_0_fetch",61144.7945798828,0.0333607159554958
"species_0_fetch",61333.3801043945,0.0329352729022503
"species_0_fetch",61521.9656289063,0.0325140617787838
"species_0_fetch",61710.551153418,0.0320970565080643
"species_0_fetch",61899.1366779297,0.0316842347383499
"species_0_fetch",62087.7222024414,0.0312755741178989
"species_0_fetch",62276.3077269531,0.0308710541576147
"species_0_fetch",62464.8932514649,0.03047064691782
"species_0_fetch",62653.4787759766,0.0300743319094181
"species_0_fetch",62842.0643004883,0.0296820923686028
"species_0_fetch",63030.649825,0.0292938891798258
"species_0_fetch",63219.2353495117,0.028909707441926
"species_0_fetch",63407.8208740234,0.0285295210778713
"species_0_fetch",63596.4063985352,0.02815330773592
"species_0_fetch",63784.9919230469,0.027781043201685
"species_0_fetch",63973.5774475586,0.0274127032607794
"species_0_fetch",64162.1629720703,0.0270482618361712
"species_0_fetch",64350.748496582,0.0266876947134733
"species_0_fetch",64539.3340210938,0.026330977678299
"species_0_fetch",64727.9195456055,0.0259780939668417
"species_0_fetch",64916.5050701172,0.0256290007382631
"species_0_fetch",65105.0905946289,0.025283683091402
"species_0_fetch",65293.6761191406,0.0249421149492264
"species_0_fetch",65482.2616436523,0.024604270234704
"species_0_fetch",65670.8471681641,0.0242701321840286
"species_0_fetch",65859.4326926758,0.0239396598190069
"species_0_fetch",66048.0182171875,0.0236128345131874
"species_0_fetch",66236.6037416992,0.0232896320521832
"species_0_fetch",66425.1892662109,0.0229700244963169
"species_0_fetch",66613.7747907227,0.0226539894938469
"species_0_fetch",66802.3603152344,0.0223414972424507
"species_0_fetch",66990.9458397461,0.0220325235277414
"species_0_fetch",67179.5313642578,0.021727042272687
"species_0_fetch",67368.1168887695,0.0214250292629004
"species_0_fetch",67556.7024132813,0.0211264546960592
"species_0_fetch",67745.287937793,0.0208312962204218
"species_0_fetch",67933.8734623047,0.0205395258963108
"species_0_fetch",68122.4589868164,0.0202511195093393
"species_0_fetch",68311.0445113281,0.019966047257185
"species_0_fetch",68499.6300358398,0.0196842849254608
"species_0_fetch",68688.2155603516,0.0194058082997799
"species_0_fetch",68876.8010848633,0.0191305875778198
"species_0_fetch",69065.386609375,0.0188586115837097
"species_0_fetch",69253.9721338867,0.0185898281633854
"species_0_fetch",69442.5576583984,0.0183242242783308
"species_0_fetch",69631.1431829101,0.0180617738515139
"species_0_fetch",69819.7287074219,0.0178024489432573
"species_0_fetch",70008.3142319336,0.0175462272018194
"species_0_fetch",70196.8997564453,0.0172930788248777
"species_0_fetch",70385.485280957,0.0170429795980453
"species_0_fetch",70574.0708054687,0.0167959034442902
"species_0_fetch",70762.6563299805,0.0165518242865801
"species_0_fetch",70951.2418544922,0.016310716047883
"species_0_fetch",71139.8273790039,0.0160725507885218
"species_0_fetch",71328.4129035156,0.0158373061567545
"species_0_fetch",71516.9984280273,0.015604954212904
"species_0_fetch",71705.5839525391,0.0153754707425833
"species_0_fetch",71894.1694770508,0.0151488278061152
"species_0_fetch",72082.7550015625,0.0149250021204352
"species_0_fetch",72271.3405260742,0.0147039657458663
"species_0_fetch",72459.9260505859,0.014485695399344
"species_0_fetch",72648.5115750977,0.0142701733857393
"species_0_fetch",72837.0970996094,0.0140573559328914
"species_0_fetch",73025.6826241211,0.0138472281396389
"species_0_fetch",73214.2681486328,0.0136397639289498
"species_0_fetch",73402.8536731445,0.0134349381551147
"species_0_fetch",73591.4391976562,0.0132327256724238
"species_0_fetch",73780.024722168,0.0130331022664905
"species_0_fetch",73968.6102466797,0.0128360418602824
"species_0_fetch",74157.1957711914,0.0126415211707354
"species_0_fetch",74345.7812957031,0.0124495141208172
"species_0_fetch",74534.3668202148,0.0122599974274635
"species_0_fetch",74722.9523447266,0.0120729450136423
"species_0_fetch",74911.5378692383,0.0118883335962892
"species_0_fetch",75100.12339375,0.0117061389610171
"species_0_fetch",75288.7089182617,0.0115263368934393
"species_0_fetch",75477.2944427734,0.0113489022478461
"species_0_fetch",75665.8799672852,0.0111738126724958
"species_0_fetch",75854.4654917969,0.0110010430216789
"species_0_fetch",76043.0510163086,0.010830570012331
"species_0_fetch",76231.6365408203,0.0106623768806458
"species_0_fetch",76420.222065332,0.0104964263737202
"species_0_fetch",76608.8075898438,0.0103327017277479
"species_0_fetch",76797.3931143555,0.0101711805909872
"species_0_fetch",76985.9786388672,0.0100118387490511
"species_0_fetch",77174.5641633789,0.00985465385019779
"species_0_fetch",77363.1496878906,0.00969960354268551
"species_0_fetch",77551.7352124024,0.0095466636121273
"species_0_fetch",77740.3207369141,0.00939581263810396
"species_0_fetch",77928.9062614258,0.00924702733755112
"species_0_fetch",78117.4917859375,0.00910028535872698
"species_0_fetch",78306.0773104492,0.00895556528121233
"species_0_fetch",78494.662834961,0.00881284475326538
"species_0_fetch",78683.2483594727,0.00867210049182177
"species_0_fetch",78871.8338839844,0.00853331293910742
"species_0_fetch",79060.4194084961,0.00839645881205797
"species_0_fetch",79249.0049330078,0.00835126917809248
"species_0_fetch",79437.5904575195,0.00835126917809248
"species_0_fetch",79626.1759820312,0.00835126917809248
"species_0_fetch",79814.761506543,0.00835126917809248
"species_0_fetch",80003.3470310547,0.00835126917809248
"species_0_fetch",80191.9325555664,0.00835126917809248
"species_0_fetch",80380.5180800781,0.00835126917809248
"species_0_fetch",80569.1036045899,0.00835126917809248
"species_0_fetch",80757.6891291016,0.00835126917809248
"species_0_fetch",80946.2746536133,0.00835126917809248
"species_0_fetch",81134.860178125,0.00835126917809248
"species_0_fetch",81323.4457026367,0.00835126917809248
"species_0_fetch",81512.0312271484,0.00835126917809248
"species_0_fetch",81700.6167516602,0.00835126917809248
"species_0_fetch",81889.2022761719,0.00835126917809248
"species_0_fetch",82077.7878006836,0.00835126917809248
"species_0_fetch",82266.3733251953,0.00835126917809248
"species_0_fetch",82454.958849707,0.00835126917809248
"species_0_fetch",82643.5443742187,0.00835126917809248
"species_0_fetch",82832.1298987305,0.00835126917809248
"species_0_fetch",83020.7154232422,0.00835126917809248
"species_0_fetch",83209.3009477539,0.00835126917809248
"species_0_fetch",83397.8864722656,0.00835126917809248
"species_0_fetch",83586.4719967774,0.00835126917809248
"species_0_fetch",83775.0575212891,0.00835126917809248
"species_0_fetch",83963.6430458008,0.00835126917809248
"species_0_fetch",84152.2285703125,0.00835126917809248
"species_0_fetch",84340.8140948242,0.00835126917809248
"species_0_fetch",84529.399619336,0.00835126917809248
"species_0_fetch",84717.9851438477,0.00835126917809248
"species_0_fetch",84906.5706683594,0.00835126917809248
"species_0_fetch",85095.1561928711,0.00835126917809248
"species_0_fetch",85283.7417173828,0.00835126917809248
"species_0_fetch",85472.3272418945,0.00835126917809248
"species_0_fetch",85660.9127664063,0.00835126917809248
"species_0_fetch",85849.498290918,0.00835126917809248
"species_0_fetch",86038.0838154297,0.00835126917809248
"species_0_fetch",86226.6693399414,0.00835126917809248
"species_0_fetch",86415.2548644531,0.00835126917809248
"species_0_fetch",86603.8403889649,0.00835126917809248
"species_0_fetch",86792.4259134766,0.00835126917809248
"species_0_fetch",86981.0114379883,0.00835126917809248
"species_0_substrate_hist_only",1,0.711035966873169
"species_0_substrate_hist_only",2,0.147354483604431
"species_0_substrate_hist_only",3,0.147354483604431
"species_0_substrate_hist_only",4,0.147354483604431
"species_0_substrate_hist_only",6,0.147354483604431
"species_0_substrate_hist_only",7,0.147354483604431
"species_0_substrate_hist_only",8,0.457397669553757
"species_0_substrate_hist_only",9,0.685761451721191
"species_0_substrate_hist_only",10,0.432938188314438
"species_0_substrate_hist_only",11,0.147354483604431
"species_0_substrate_hist_only",12,0.147354483604431
"species_0_substrate_hist_only",13,0.147354483604431
"species_0_substrate_hist",1,0.154927521944046
"species_0_substrate_hist",2,0.154927521944046
"species_0_substrate_hist",3,0.154927521944046
"species_0_substrate_hist",4,0.154927521944046
"species_0_substrate_hist",6,0.154927521944046
"species_0_substrate_hist",7,0.154927521944046
"species_0_substrate_hist",8,0.23555825650692
"species_0_substrate_hist",9,0.353776097297668
"species_0_substrate_hist",10,0.281539589166641
"species_0_substrate_hist",11,0.154927521944046
"species_0_substrate_hist",12,0.154927521944046
"species_0_substrate_hist",13,0.154927521944046
"species_1_bathy_extrap_only",-22.5506229281425,0.953842282295227
"species_1_bathy_extrap_only",-21.9847211406708,0.953842282295227
"species_1_bathy_extrap_only",-21.418819353199,0.953842282295227
"species_1_bathy_extrap_only",-20.8529175657272,0.953842282295227
"species_1_bathy_extrap_only",-20.2870157782555,0.953842282295227
"species_1_bathy_extrap_only",-19.7211139907837,0.953842282295227
"species_1_bathy_extrap_only",-19.1552122033119,0.953842282295227
"species_1_bathy_extrap_only",-18.5893104158401,0.953842282295227
"species_1_bathy_extrap_only",-18.0234086283684,0.953842282295227
"species_1_bathy_extrap_only",-17.4575068408966,0.953842282295227
"species_1_bathy_extrap_only",-16.8916050534248,0.953842282295227
"species_1_bathy_extrap_only",-16.3257032659531,0.953842282295227
"species_1_bathy_extrap_only",-15.7598014784813,0.953842282295227
"species_1_bathy_extrap_only",-15.1938996910095,0.953842282295227
"species_1_bathy_extrap_only",-14.6279979035378,0.953842282295227
"species_1_bathy_extrap_only",-14.062096116066,0.953842282295227
"species_1_bathy_extrap_only",-13.4961943285942,0.953842282295227
"species_1_bathy_extrap_only",-12.9302925411224,0.953842282295227
"species_1_bathy_extrap_only",-12.3643907536507,0.953842282295227
"species_1_bathy_extrap_only",-11.7984889661789,0.953842282295227
"species_1_bathy_extrap_only",-11.2325871787071,0.953842282295227
"species_1_bathy_extrap_only",-10.6666853912353,0.953842282295227
"species_1_bathy_extrap_only",-10.1007836037636,0.953842282295227
"species_1_bathy_extrap_only",-9.53488181629181,0.953842282295227
"species_1_bathy_extrap_only",-8.96898002882004,0.953842282295227
"species_1_bathy_extrap_only",-8.40307824134826,0.953842282295227
"species_1_bathy_extrap_only",-7.83717645387649,0.953842282295227
"species_1_bathy_extrap_only",-7.27127466640472,0.953842282295227
"species_1_bathy_extrap_only",-6.70537287893295,0.953842282295227
"species_1_bathy_extrap_only",-6.13947109146118,0.953842282295227
"species_1_bathy_extrap_only",-5.57356930398941,0.953842282295227
"species_1_bathy_extrap_only",-5.00766751651764,0.953842282295227
"species_1_bathy_extrap_only",-4.44176572904586,0.953842282295227
"species_1_bathy_extrap_only",-3.87586394157409,0.953842282295227
"species_1_bathy_extrap_only",-3.30996215410232,0.953842282295227
"species_1_bathy_extrap_only",-2.74406036663055,0.953842282295227
"species_1_bathy_extrap_only",-2.17815857915878,0.953842282295227
"species_1_bathy_extrap_only",-1.61225679168701,0.953842282295227
"species_1_bathy_extrap_only",-1.04635500421524,0.953842282295227
"species_1_bathy_extrap_only",-0.480453216743463,0.953842282295227
"species_1_bathy_extrap_only",0.0854485707283068,0.953842282295227
"species_1_bathy_extrap_only",0.65135035820008,0.953842282295227
"species_1_bathy_extrap_only",1.21725214567185,0.884654343128204
"species_1_bathy_extrap_only",1.78315393314362,0.867348432540894
"species_1_bathy_extrap_only",2.34905572061539,0.8478924036026
"species_1_bathy_extrap_only",2.91495750808717,0.82615476846695
"species_1_bathy_extrap_only",3.48085929555894,0.802035927772522
"species_1_bathy_extrap_only",4.04676108303071,0.775480210781097
"species_1_bathy_extrap_only",4.61266287050248,0.746488273143768
"species_1_bathy_extrap_only",5.17856465797425,0.715127825737
"species_1_bathy_extrap_only",5.74446644544602,0.681542992591858
"species_1_bathy_extrap_only",6.31036823291779,0.64595890045166
"species_1_bathy_extrap_only",6.87627002038957,0.608681619167328
"species_1_bathy_extrap_only",7.44217180786134,0.570091605186462
"species_1_bathy_extrap_only",8.00807359533311,0.530630528926849
"species_1_bathy_extrap_only",8.57397538280488,0.490782707929611
"species_1_bathy_extrap_only",9.13987717027665,0.45105168223381
"species_1_bathy_extrap_only",9.70577895774842,0.411935150623322
"species_1_bathy_extrap_only",10.2716807452202,0.373900324106216
"species_1_bathy_extrap_only",10.837582532692,0.337362676858902
"species_1_bathy_extrap_only",11.4034843201637,0.302669435739517
"species_1_bathy_extrap_only",11.9693861076355,0.270089745521545
"species_1_bathy_extrap_only",12.5352878951073,0.239810943603516
"species_1_bathy_extrap_only",13.1011896825791,0.214066445827484
"species_1_bathy_extrap_only",13.6670914700508,0.195637717843056
"species_1_bathy_extrap_only",14.2329932575226,0.178435295820236
"species_1_bathy_extrap_only",14.7988950449944,0.162440031766891
"species_1_bathy_extrap_only",15.3647968324661,0.147620961070061
"species_1_bathy_extrap_only",15.9306986199379,0.133937612175941
"species_1_bathy_extrap_only",16.4966004074097,0.121342040598392
"species_1_bathy_extrap_only",17.0625021948814,0.109780848026276
"species_1_bathy_extrap_only",17.6284039823532,0.100606843829155
"species_1_bathy_extrap_only",18.194305769825,0.098210297524929
"species_1_bathy_extrap_only",18.7602075572968,0.0958969369530678
"species_1_bathy_extrap_only",19.3261093447685,0.0936324074864388
"species_1_bathy_extrap_only",19.8920111322403,0.0914159491658211
"species_1_bathy_extrap_only",20.4579129197121,0.0892467945814133
"species_1_bathy_extrap_only",21.0238147071838,0.0871241614222527
"species_1_bathy_extrap_only",21.5897164946556,0.0850473120808601
"species_1_bathy_extrap_only",22.1556182821274,0.083015464246273
"species_1_bathy_extrap_only",22.7215200695992,0.0810278654098511
"species_1_bathy_extrap_only",23.2874218570709,0.0790837407112122
"species_1_bathy_extrap_only",23.8533236445427,0.0771823525428772
"species_1_bathy_extrap_only",24.4192254320145,0.0753229334950447
"species_1_bathy_extrap_only",24.9851272194862,0.0735047459602356
"species_1_bathy_extrap_only",25.551029006958,0.0717270374298096
"species_1_bathy_extrap_only",26.1169307944298,0.0699890777468681
"species_1_bathy_extrap_only",26.6828325819016,0.0682901293039322
"species_1_bathy_extrap_only",27.2487343693733,0.0666294768452644
"species_1_bathy_extrap_only",27.8146361568451,0.0650063753128052
"species_1_bathy_extrap_only",28.3805379443169,0.0634201392531395
"species_1_bathy_extrap_only",28.9464397317886,0.0618700385093689
"species_1_bathy_extrap_only",29.5123415192604,0.0603553876280785
"species_1_bathy_extrap_only",30.0782433067322,0.0588754899799824
"species_1_bathy_extrap_only",30.644145094204,0.0574296601116657
"species_1_bathy_extrap_only",31.2100468816757,0.0560172274708748
"species_1_bathy_extrap_only",31.7759486691475,0.0546375103294849
"species_1_bathy_extrap_only",32.3418504566193,0.0532898642122746
"species_1_bathy_extrap_only",32.907752244091,0.0519736260175705
"species_1_bathy_extrap_only",33.4736540315628,0.0506881587207317
"species_1_bathy_extrap_only",34.0395558190346,0.0494328364729881
"species_1_bathy_extrap_only",34.6054576065064,0.048207014799118
"species_1_bathy_extrap_only",35.1713593939781,0.0470100864768028
"species_1_bathy_extrap_only",35.7372611814499,0.0458414480090141
"species_1_bathy_extrap_only",36.3031629689217,0.0447005033493042
"species_1_bathy_extrap_only",36.8690647563934,0.0435866490006447
"species_1_bathy_extrap_only",37.4349665438652,0.0424993187189102
"species_1_bathy_extrap_only",38.000868331337,0.0414379388093948
"species_1_bathy_extrap_only",38.5667701188088,0.0404019504785538
"species_1_bathy_extrap_only",39.1326719062805,0.0393907949328423
"species_1_bathy_extrap_only",39.6985736937523,0.038403932005167
"species_1_bathy_extrap_only",40.2644754812241,0.0374408289790154
"species_1_bathy_extrap_only",40.8303772686958,0.0365009717643261
"species_1_bathy_extrap_only",41.3962790561676,0.0355838239192963
"species_1_bathy_extrap_only",41.9621808436394,0.0346888937056065
"species_1_bathy_extrap_only",42.5280826311112,0.0338156819343567
"species_1_bathy_extrap_only",43.0939844185829,0.0329637080430984
"species_1_bathy_extrap_only",43.6598862060547,0.032132476568222
"species_1_bathy_extrap_only",44.2257879935265,0.0313215292990208
"species_1_bathy_extrap_only",44.7916897809983,0.0305304005742073
"species_1_bathy_extrap_only",45.35759156847,0.0297586470842361
"species_1_bathy_extrap_only",45.9234933559418,0.0290058124810457
"species_1_bathy_extrap_only",46.4893951434136,0.0282714702188969
"species_1_bathy_extrap_only",47.0552969308853,0.0275551900267601
"species_1_bathy_extrap_only",47.6211987183571,0.0268565565347672
"species_1_bathy_extrap_only",48.1871005058289,0.0261751636862755
"species_1_bathy_extrap_only",48.7530022933007,0.0255105998367071
"species_1_bathy_extrap_only",49.3189040807724,0.0248624794185162
"species_1_bathy_extrap_only",49.8848058682442,0.0242304150015116
"species_1_bathy_extrap_only",50.450707655716,0.0236140359193087
"species_1_bathy_extrap_only",51.0166094431877,0.0230129603296518
"species_1_bathy_extrap_only",51.5825112306595,0.0224268343299627
"species_1_bathy_extrap_only",52.1484130181313,0.0218553021550179
"species_1_bathy_extrap_only",52.714314805603,0.0212980229407549
"species_1_bathy_extrap_only",53.2802165930748,0.0207546465098858
"species_1_bathy_extrap_only",53.8461183805466,0.0202248487621546
"species_1_bathy_extrap_only",54.4120201680184,0.019708301872015
"species_1_bathy_extrap_only",54.9779219554901,0.0192046910524368
"species_1_bathy_extrap_only",55.5438237429619,0.0187137015163898
"species_1_bathy_extrap_only",56.1097255304337,0.0182350315153599
"species_1_bathy_extrap_only",56.6756273179055,0.017768383026123
"species_1_bathy_extrap_only",57.2415291053772,0.0173134692013264
"species_1_bathy_extrap_only",57.807430892849,0.0168699994683266
"species_1_bathy_extrap_only",58.3733326803208,0.0164376981556416
"species_1_bathy_extrap_only",58.9392344677925,0.0160162951797247
"species_1_bathy_extrap_only",59.5051362552643,0.0156055251136422
"species_1_bathy_extrap_only",60.0710380427361,0.0152051262557507
"species_1_bathy_extrap_only",60.6369398302079,0.0148148452863097
"species_1_bathy_extrap_only",61.2028416176796,0.0144344354048371
"species_1_bathy_extrap_only",61.7687434051514,0.0140636563301086
"species_1_bathy_extrap_only",62.3346451926232,0.0137022668495774
"species_1_bathy_extrap_only",62.900546980095,0.0133500378578901
"species_1_bathy_extrap_only",63.4664487675667,0.0130067439749837
"species_1_bathy_extrap_only",64.0323505550385,0.0126721663400531
"species_1_bathy_extrap_only",64.5982523425102,0.0123460860922933
"species_1_bathy_extrap_only",65.164154129982,0.0120282936841249
"species_1_bathy_extrap_only",65.7300559174538,0.0117185851559043
"species_1_bathy_extrap_only",66.2959577049256,0.0114167584106326
"species_1_bathy_extrap_only",66.8618594923973,0.0111226178705692
"species_1_bathy_extrap_only",67.4277612798691,0.0108359726145864
"species_1_bathy_extrap_only",67.9936630673409,0.0105566391721368
"species_1_bathy_extrap_only",68.5595648548126,0.0102844284847379
"species_1_bathy_extrap_only",69.1254666422844,0.0100191663950682
"species_1_bathy_extrap_only",69.6913684297562,0.00976067781448364
"species_1_bathy_extrap_only",70.257270217228,0.00950879417359829
"species_1_bathy_extrap_only",70.8231720046997,0.00926334969699383
"species_1_bathy_extrap_only",71.3890737921715,0.00902418326586485
"species_1_bathy_extrap_only",71.9549755796433,0.00879113655537367
"species_1_bathy_extrap_only",72.520877367115,0.00856405962258577
"species_1_bathy_extrap_only",73.0867791545868,0.00834279600530863
"species_1_bathy_extrap_only",73.6526809420586,0.00812720134854317
"species_1_bathy_extrap_only",74.2185827295304,0.00791713409125805
"species_1_bathy_extrap_only",74.7844845170021,0.00771245453506708
"species_1_bathy_extrap_only",75.3503863044739,0.00751302624121308
"species_1_bathy_extrap_only",75.9162880919457,0.00731871696189046
"species_1_bathy_extrap_only",76.4821898794174,0.00712939677760005
"species_1_bathy_extrap_only",77.0480916668892,0.00694494182243943
"species_1_bathy_extrap_only",77.613993454361,0.00676522497087717
"species_1_bathy_extrap_only",78.1798952418328,0.00659012701362371
"species_1_bathy_extrap_only",78.7457970293045,0.00641953246667981
"species_1_bathy_extrap_only",79.3116988167763,0.00625332584604621
"species_1_bathy_extrap_only",79.8776006042481,0.00609139585867524
"species_1_bathy_extrap_only",80.4435023917198,0.00593363400548697
"species_1_bathy_extrap_only",81.0094041791916,0.00577993458136916
"species_1_bathy_extrap_only",81.5753059666634,0.00563019374385476
"species_1_bathy_extrap_only",82.1412077541352,0.00548431277275086
"species_1_bathy_extrap_only",82.7071095416069,0.00534218968823552
"species_1_bathy_extrap_only",83.2730113290787,0.00520372996106744
"species_1_bathy_extrap_only",83.8389131165505,0.00506884092465043
"species_1_bathy_extrap_only",84.4048149040222,0.0049374308437109
"species_1_bathy_extrap_only",84.970716691494,0.00480941124260426
"species_1_bathy_extrap_only",85.5366184789658,0.00468469550833106
"species_1_bathy_extrap_only",86.1025202664376,0.00456319889053702
"species_1_bathy_extrap_only",86.6684220539093,0.00444484036415815
"species_1_bathy_extrap_only",87.2343238413811,0.0043295375071466
"species_1_bathy_extrap_only",87.8002256288529,0.00421721255406737
"species_1_bathy_extrap_only",88.3661274163246,0.00410779006779194
"species_1_bathy_extrap_only",88.9320292037964,0.00400119507685304
"species_1_bathy_extrap_only",89.4979309912682,0.00389735540375113
"species_1_bathy_extrap_only",90.06383277874,0.00379620050080121
"species_1_bathy_extrap_only",90.6297345662117,0.00369766121730208
"species_1_bathy_extrap_only",91.1956363536835,0.00360167166218162
"species_1_bathy_extrap_only",91.7615381411553,0.0035081640817225
"species_1_bathy_extrap_only",92.3274399286271,0.00341707561165094
"species_1_bathy_extrap_only",92.8933417160988,0.00332834455184639
"species_1_bathy_extrap_only",93.4592435035706,0.00324190990068018
"species_1_bathy_extrap_only",94.0251452910424,0.00315771298483014
"species_1_bathy_extrap_only",94.5910470785141,0.00307569582946599
"species_1_bathy_extrap_only",95.1569488659859,0.00299580278806388
"species_1_bathy_extrap_only",95.7228506534577,0.00291797984391451
"species_1_bathy_extrap_only",96.2887524409294,0.00284217181615531
"species_1_bathy_extrap_only",96.8546542284012,0.00276832771487534
"species_1_bathy_extrap_only",97.420556015873,0.00269639701582491
"species_1_bathy_extrap_only",97.9864578033448,0.00262633035890758
"species_1_bathy_extrap_only",98.5523595908165,0.00255807978101075
"species_1_bathy_extrap_only",99.1182613782883,0.00249159848317504
"species_1_bathy_extrap_only",99.6841631657601,0.00242684059776366
"species_1_bathy_extrap_only",100.250064953232,0.00236376188695431
"species_1_bathy_extrap_only",100.815966740704,0.0023023197427392
"species_1_bathy_extrap_only",101.381868528175,0.00224247039295733
"species_1_bathy_extrap_only",101.947770315647,0.0021841733250767
"species_1_bathy_extrap_only",102.513672103119,0.00212738872505724
"species_1_bathy_extrap_only",103.079573890591,0.00207207724452019
"species_1_bathy_extrap_only",103.645475678062,0.00201820093207061
"species_1_bathy_extrap_only",104.211377465534,0.00196572253480554
"species_1_bathy_extrap_only",104.777279253006,0.00191460631322116
"species_1_bathy_extrap_only",105.343181040478,0.00186481745913625
"species_1_bathy_extrap_only",105.90908282795,0.00181632034946233
"species_1_bathy_extrap_only",106.474984615421,0.00176908215507865
"species_1_bathy_extrap_only",107.040886402893,0.00172307039611042
"species_1_bathy_extrap_only",107.606788190365,0.00167825340759009
"species_1_bathy_extrap_only",108.172689977837,0.00163460022304207
"species_1_bathy_extrap_only",108.738591765308,0.001592080690898
"species_1_bathy_extrap_only",109.30449355278,0.00155066535808146
"species_1_bathy_extrap_only",109.870395340252,0.00151032640133053
"species_1_bathy_extrap_only",110.436297127724,0.00147103471681476
"species_1_bathy_extrap_only",111.002198915196,0.00143276364542544
"species_1_bathy_extrap_only",111.568100702667,0.00139548699371517
"species_1_bathy_extrap_only",112.134002490139,0.00135917880106717
"species_1_bathy_extrap_only",112.699904277611,0.00132381403818727
"species_1_bathy_extrap_only",113.265806065083,0.00128936825785786
"species_1_bathy_extrap_only",113.831707852554,0.0012558177113533
"species_1_bathy_extrap_only",114.397609640026,0.00122313946485519
"species_1_bathy_extrap_only",114.963511427498,0.00119131011888385
"species_1_bathy_extrap_only",115.52941321497,0.00116030813660473
"species_1_bathy_extrap_only",116.095315002441,0.00113011198118329
"species_1_bathy_extrap_only",116.661216789913,0.00110070081427693
"species_1_bathy_extrap_only",117.227118577385,0.00107205414678901
"species_1_bathy_extrap_only",117.793020364857,0.00104415242094547
"species_1_bathy_extrap_only",118.358922152329,0.0010169759625569
"species_1_bathy_extrap_only",118.9248239398,0.000990506261587143
"species_1_bathy_extrap_only",119.490725727272,0.000964725157245994
"species_1_bathy_extrap_only",120.056627514744,0.00093961413949728
"species_1_bathy_extrap_only",120.622529302216,0.000915156095288694
"species_1_bathy_extrap_only",121.188431089687,0.00089133414439857
"species_1_bathy_extrap_only",121.754332877159,0.000868131755851209
"species_1_bathy_extrap_only",122.320234664631,0.000845532864332199
"species_1_bathy_extrap_only",122.886136452103,0.000823521753773093
"species_1_bathy_extrap_only",123.452038239574,0.000802083173766732
"species_1_bathy_extrap_only",124.017940027046,0.000781202572397888
"species_1_bathy_extrap_only",124.583841814518,0.000760864815674722
"species_1_bathy_extrap_only",125.14974360199,0.00074105616658926
"species_1_bathy_extrap_only",125.715645389462,0.000721762888133526
"species_1_bathy_extrap_only",126.281547176933,0.000702971476130188
"species_1_bathy_extrap_only",126.847448964405,0.000684669008478522
"species_1_bathy_extrap_only",127.413350751877,0.00066684273770079
"species_1_bathy_extrap_only",127.979252539349,0.000649480323772877
"species_1_bathy_extrap_only",128.54515432682,0.000632569892331958
"species_1_bathy_extrap_only",129.111056114292,0.0006160992779769
"species_1_bathy_extrap_only",129.676957901764,0.000600057246629149
"species_1_bathy_extrap_only",130.242859689236,0.000584432680625468
"species_1_bathy_extrap_only",130.808761476707,0.000569214695133269
"species_1_bathy_extrap_only",131.374663264179,0.000554392754565924
"species_1_bathy_extrap_only",131.940565051651,0.000539956614375114
"species_1_bathy_extrap_only",132.506466839123,0.00052589614642784
"species_1_bathy_extrap_only",133.072368626595,0.000512201630044729
"species_1_bathy_extrap_only",133.638270414066,0.00049886351916939
"species_1_bathy_extrap_only",134.204172201538,0.000485872616991401
"species_1_bathy_extrap_only",134.77007398901,0.000473219814011827
"species_1_bathy_extrap_only",135.335975776482,0.000460896379081532
"species_1_bathy_extrap_only",135.901877563953,0.000448894046712667
"species_1_bathy_extrap_only",136.467779351425,0.000437203794717789
"species_1_bathy_extrap_only",137.033681138897,0.000425817881477997
"species_1_bathy_extrap_only",137.599582926369,0.000414728332543746
"species_1_bathy_extrap_only",138.165484713841,0.000403927493607625
"species_1_bathy_extrap_only",138.731386501312,0.000393407855881378
"species_1_bathy_extrap_only",139.297288288784,0.000383162056095898
"species_1_bathy_extrap_only",139.863190076256,0.000373182992916554
"species_1_bathy_extrap_only",140.429091863728,0.000363463710527867
"species_1_bathy_extrap_only",140.994993651199,0.000353997485945001
"species_1_bathy_extrap_only",141.560895438671,0.000344777741702273
"species_1_bathy_extrap_only",142.126797226143,0.000335798016749322
"species_1_bathy_extrap_only",142.692699013615,0.000327052111970261
"species_1_bathy_extrap_only",143.258600801086,0.000318533886456862
"species_1_bathy_extrap_only",143.824502588558,0.000310237490339205
"species_1_bathy_extrap_only",144.39040437603,0.000302157102851197
"species_1_bathy_extrap_only",144.956306163502,0.000294287310680375
"species_1_bathy_extrap_only",145.522207950974,0.000286622234852984
"species_1_bathy_extrap_only",146.088109738445,0.000279156753094867
"species_1_bathy_extrap_only",146.654011525917,0.0002718856849242
"species_1_bathy_extrap_only",147.219913313389,0.000264803908066824
"species_1_bathy_extrap_only",147.785815100861,0.000257906591286883
"species_1_bathy_extrap_only",148.351716888332,0.00025118884514086
"species_1_bathy_extrap_only",148.917618675804,0.000244646042119712
"species_1_bathy_extrap_only",149.483520463276,0.000238273642025888
"species_1_bathy_extrap_only",150.049422250748,0.000232067162869498
"species_1_bathy_extrap_only",150.615324038219,0.000226022326387465
"species_1_bathy_extrap_only",151.181225825691,0.000220134912524372
"species_1_bathy_extrap_only",151.747127613163,0.000214400817640126
"species_1_bathy_extrap_only",152.313029400635,0.000208816039958037
"species_1_bathy_extrap_only",152.878931188107,0.000203376723220572
"species_1_bathy_extrap_only",153.444832975578,0.000198079054825939
"species_1_bathy_extrap_only",154.01073476305,0.000192919367691502
"species_1_bathy_extrap_only",154.576636550522,0.000187894169357605
"species_1_bathy_extrap_only",155.142538337994,0.000182999734533951
"species_1_bathy_extrap_only",155.708440125465,0.000178232759935781
"species_1_bathy_extrap_only",156.274341912937,0.000173589956830256
"species_1_bathy_extrap_only",156.840243700409,0.000169068051036447
"species_1_bathy_extrap_only",157.406145487881,0.000164663928444497
"species_1_bathy_extrap_only",157.972047275353,0.000160374518600293
"species_1_bathy_extrap_only",158.537949062824,0.000156196823809296
"species_1_bathy_extrap_only",159.103850850296,0.000152127933688462
"species_1_bathy_extrap_only",159.669752637768,0.000148165025166236
"species_1_bathy_extrap_only",160.23565442524,0.000144305333378725
"species_1_bathy_extrap_only",160.801556212711,0.000140546180773526
"species_1_bathy_extrap_only",161.367458000183,0.000136884933453985
"species_1_bathy_extrap_only",161.933359787655,0.000133319044834934
"species_1_bathy_extrap_only",162.499261575127,0.000129846055642702
"species_1_bathy_extrap_only",163.065163362598,0.000126463506603613
"species_1_bathy_extrap_only",163.63106515007,0.000123169156722724
"species_1_bathy_extrap_only",164.196966937542,0.000119960532174446
"species_1_bathy_extrap_only",164.762868725014,0.000116835479275323
"species_1_bathy_extrap_only",165.328770512486,0.000113791829789989
"species_1_bathy_extrap_only",165.894672299957,0.000110827466414776
"species_1_bathy_extrap_only",166.460574087429,0.000107940308225807
"species_1_bathy_extrap_only",167.026475874901,0.000105128361610696
"species_1_bathy_extrap_only",167.592377662373,0.000102389662060887
"species_1_bathy_extrap_only",168.158279449844,9.9722295999527e-05
"species_1_bathy_extrap_only",168.724181237316,9.71244153333828e-05
"species_1_bathy_extrap_only",169.290083024788,9.45942083490081e-05
"species_1_bathy_extrap_only",169.85598481226,9.21299069887027e-05
"species_1_bathy_extrap_only",170.421886599731,8.97297941264696e-05
"species_1_bathy_extrap_only",170.987788387203,8.73922035680152e-05
"species_1_bathy_extrap_only",171.553690174675,8.51155127747916e-05
"species_1_bathy_extrap_only",172.119591962147,8.28981210361235e-05
"species_1_bathy_extrap_only",172.685493749619,8.07384931249544e-05
"species_1_bathy_extrap_only",173.25139553709,7.86351811257191e-05
"species_1_bathy_extrap_only",173.817297324562,7.65865988796577e-05
"species_1_bathy_extrap_only",174.383199112034,7.45913857826963e-05
"species_1_bathy_extrap_only",174.949100899506,7.2648144850973e-05
"species_1_bathy_extrap_only",175.515002686977,7.07555227563716e-05
"species_1_bathy_extrap_only",176.080904474449,6.89122098265216e-05
"species_1_bathy_extrap_only",176.646806261921,6.71169109409675e-05
"species_1_bathy_extrap_only",177.212708049393,6.53683819109574e-05
"species_1_bathy_extrap_only",177.778609836865,6.36654003756121e-05
"species_1_bathy_extrap_only",178.344511624336,6.2006787629798e-05
"species_1_bathy_extrap_only",178.910413411808,6.0391379520297e-05
"species_1_bathy_extrap_only",179.47631519928,5.88180519116577e-05
"species_1_bathy_extrap_only",180.042216986752,5.72857134102378e-05
"species_1_bathy_extrap_only",180.608118774223,5.57932908122893e-05
"species_1_bathy_extrap_only",181.174020561695,5.43397509318311e-05
"species_1_bathy_extrap_only",181.739922349167,5.2924075134797e-05
"species_1_bathy_extrap_only",182.305824136639,5.15453139087185e-05
"species_1_bathy_extrap_only",182.87172592411,5.02024340676144e-05
"species_1_bathy_extrap_only",183.437627711582,4.8894540668698e-05
"species_1_bathy_extrap_only",184.003529499054,4.76207169413101e-05
"species_1_bathy_extrap_only",184.569431286526,4.63800788566004e-05
"species_1_bathy_extrap_only",185.135333073998,4.5171760575613e-05
"species_1_bathy_extrap_only",185.701234861469,4.39949217252433e-05
"species_1_bathy_extrap_only",186.267136648941,4.2848740122281e-05
"species_1_bathy_extrap_only",186.833038436413,4.17324190493673e-05
"species_1_bathy_extrap_only",187.398940223885,4.06451799790375e-05
"species_1_bathy_extrap_only",187.964842011356,3.95862662116997e-05
"species_1_bathy_extrap_only",188.530743798828,3.85549355996773e-05
"species_1_bathy_extrap_only",189.0966455863,3.7550475099124e-05
"species_1_bathy_extrap_only",189.662547373772,3.65721825801302e-05
"species_1_bathy_extrap_only",190.228449161244,3.56193777406588e-05
"species_1_bathy_extrap_only",190.794350948715,3.46913911926094e-05
"species_1_bathy_extrap_only",191.360252736187,3.3787582651712e-05
"species_1_bathy_extrap_only",191.926154523659,3.29073445755057e-05
"species_1_bathy_extrap_only",192.492056311131,3.20500148518477e-05
"species_1_bathy_extrap_only",193.057958098602,3.12150186800864e-05
"species_1_bathy_extrap_only",193.623859886074,3.04017776215915e-05
"species_1_bathy_extrap_only",194.189761673546,2.96097223326797e-05
"species_1_bathy_extrap_only",194.755663461018,2.88383016595617e-05
"species_1_bathy_extrap_only",195.321565248489,2.80869790003635e-05
"species_1_bathy_extrap_only",195.887467035961,2.73552286671475e-05
"species_1_bathy_extrap_only",196.453368823433,2.664254316187e-05
"species_1_bathy_extrap_only",197.019270610905,2.59484240814345e-05
"species_1_bathy_extrap_only",197.585172398377,2.52723893936491e-05
"species_1_bathy_extrap_only",198.151074185848,2.46139661612688e-05
"species_1_bathy_extrap_only",198.71697597332,2.39726978179533e-05
"species_1_bathy_extrap_only",199.282877760792,2.334813507332e-05
"species_1_bathy_extrap_only",199.848779548264,2.27398431889014e-05
"species_1_bathy_extrap_only",200.414681335735,2.21473983401665e-05
"species_1_bathy_extrap_only",200.980583123207,2.15704058064148e-05
"species_1_bathy_extrap_only",201.546484910679,2.10084290301893e-05
"species_1_bathy_extrap_only",202.112386698151,2.04610932996729e-05
"species_1_bathy_extrap_only",202.678288485622,1.9928016627091e-05
"species_1_bathy_extrap_only",203.244190273094,1.94088279386051e-05
"species_1_bathy_extrap_only",203.810092060566,1.8903165255324e-05
"species_1_bathy_extrap_only",204.375993848038,1.84106775122928e-05
"species_1_bathy_extrap_only",204.94189563551,1.79310191015247e-05
"species_1_bathy_extrap_only",205.507797422981,1.74638589669485e-05
"species_1_bathy_extrap_only",206.073699210453,1.70088678714819e-05
"species_1_bathy_extrap_only",206.639600997925,1.65657311299583e-05
"species_1_bathy_extrap_only",207.205502785397,1.6134139514179e-05
"species_1_bathy_extrap_only",207.771404572868,1.57137928908924e-05
"species_1_bathy_extrap_only",208.33730636034,1.53043965838151e-05
"species_1_bathy_extrap_only",208.903208147812,1.49056668306002e-05
"species_1_bathy_extrap_only",209.469109935284,1.45173244163743e-05
"species_1_bathy_extrap_only",210.035011722755,1.41391001307056e-05
"species_1_bathy_extrap_only",210.600913510227,1.37707393150777e-05
"species_1_bathy_extrap_only",211.166815297699,1.34119654831011e-05
"species_1_bathy_extrap_only",211.732717085171,1.30625385281746e-05
"species_1_bathy_extrap_only",212.298618872643,1.27222156152129e-05
"species_1_bathy_extrap_only",212.864520660114,1.23907593660988e-05
"species_1_bathy_extrap_only",213.430422447586,1.20679378596833e-05
"species_1_bathy_extrap_only",213.996324235058,1.17535273602698e-05
"species_1_bathy_extrap_only",214.56222602253,1.14473077701405e-05
"species_1_bathy_extrap_only",215.128127810001,1.11490662675351e-05
"species_1_bathy_extrap_only",215.694029597473,1.08585954876617e-05
"species_1_bathy_extrap_only",216.259931384945,1.0575691703707e-05
"species_1_bathy_extrap_only",216.825833172417,1.03001584648155e-05
"species_1_bathy_extrap_only",217.391734959889,1.0031803867605e-05
"species_1_bathy_extrap_only",217.95763674736,9.77044146566186e-06
"species_1_bathy_extrap_only",218.523538534832,9.51588754105614e-06
"species_1_bathy_extrap_only",219.089440322304,9.26796565181576e-06
"species_1_bathy_extrap_only",219.655342109776,9.02650299394736e-06
"species_1_bathy_extrap_only",220.221243897247,8.79133767739404e-06
"species_1_bathy_extrap_only",220.787145684719,8.56229326018365e-06
"species_1_bathy_extrap_only",221.353047472191,8.33921512821689e-06
"species_1_bathy_extrap_only",221.918949259663,8.12194957688916e-06
"species_1_bathy_extrap_only",222.484851047134,7.91034472058527e-06
"species_1_bathy_extrap_only",223.050752834606,7.70425231166882e-06
"species_1_bathy_extrap_only",223.616654622078,7.503530014219e-06
"species_1_bathy_extrap_only",224.18255640955,7.30803685655701e-06
"species_1_bathy_extrap_only",224.748458197022,7.11763686922495e-06
"species_1_bathy_extrap_only",225.314359984493,6.93219726599636e-06
"species_1_bathy_extrap_only",225.880261771965,6.7515888986236e-06
"species_1_bathy_extrap_only",226.446163559437,6.5756862568378e-06
"species_1_bathy_extrap_only",227.012065346909,6.40436655885424e-06
"species_1_bathy_extrap_only",227.57796713438,6.23751020611962e-06
"species_1_bathy_extrap_only",228.143868921852,6.07500123805949e-06
"species_1_bathy_extrap_only",228.709770709324,5.9167259678361e-06
"species_1_bathy_extrap_only",229.275672496796,5.76257798456936e-06
"species_1_bathy_extrap_only",229.841574284267,5.61244269192684e-06
"species_1_bathy_extrap_only",230.407476071739,5.4662186812493e-06
"species_1_bathy_extrap_only",230.973377859211,5.32380408913014e-06
"species_1_bathy_extrap_only",231.539279646683,5.1851002353942e-06
"species_1_bathy_extrap_only",232.105181434155,5.05000980410841e-06
"species_1_bathy_extrap_only",232.671083221626,4.91843911731848e-06
"species_1_bathy_extrap_only",233.236985009098,4.79029586131219e-06
"species_1_bathy_extrap_only",233.80288679657,4.66549181510345e-06
"species_1_bathy_extrap_only",234.368788584042,4.5439387577062e-06
"species_1_bathy_extrap_only",234.934690371513,4.42555301560787e-06
"species_1_bathy_extrap_only",235.500592158985,4.31025182479061e-06
"species_1_bathy_extrap_only",236.066493946457,4.19795424022595e-06
"species_1_bathy_extrap_only",236.632395733929,4.0885825001169e-06
"species_1_bathy_extrap_only",237.1982975214,4.05276296078227e-06
"species_1_bathy_extrap_only",237.764199308872,4.05276296078227e-06
"species_1_bathy_extrap_only",238.330101096344,4.05276296078227e-06
"species_1_bathy_extrap_only",238.896002883816,4.05276296078227e-06
"species_1_bathy_extrap_only",239.461904671288,4.05276296078227e-06
"species_1_bathy_extrap_only",240.027806458759,4.05276296078227e-06
"species_1_bathy_extrap_only",240.593708246231,4.05276296078227e-06
"species_1_bathy_extrap_only",241.159610033703,4.05276296078227e-06
"species_1_bathy_extrap_only",241.725511821175,4.05276296078227e-06
"species_1_bathy_extrap_only",242.291413608646,4.05276296078227e-06
"species_1_bathy_extrap_only",242.857315396118,4.05276296078227e-06
"species_1_bathy_extrap_only",243.42321718359,4.05276296078227e-06
"species_1_bathy_extrap_only",243.989118971062,4.05276296078227e-06
"species_1_bathy_extrap_only",244.555020758534,4.05276296078227e-06
"species_1_bathy_extrap_only",245.120922546005,4.05276296078227e-06
"species_1_bathy_extrap_only",245.686824333477,4.05276296078227e-06
"species_1_bathy_extrap_only",246.252726120949,4.05276296078227e-06
"species_1_bathy_extrap_only",246.818627908421,4.05276296078227e-06
"species_1_bathy_extrap_only",247.384529695892,4.05276296078227e-06
"species_1_bathy_extrap_only",247.950431483364,4.05276296078227e-06
"species_1_bathy_extrap_only",248.516333270836,4.05276296078227e-06
"species_1_bathy_extrap_only",249.082235058308,4.05276296078227e-06
"species_1_bathy_extrap_only",249.64813684578,4.05276296078227e-06
"species_1_bathy_extrap_only",250.214038633251,4.05276296078227e-06
"species_1_bathy_extrap_only",250.779940420723,4.05276296078227e-06
"species_1_bathy_extrap_only",251.345842208195,4.05276296078227e-06
"species_1_bathy_extrap_only",251.911743995667,4.05276296078227e-06
"species_1_bathy_extrap_only",252.477645783138,4.05276296078227e-06
"species_1_bathy_extrap_only",253.04354757061,4.05276296078227e-06
"species_1_bathy_extrap_only",253.609449358082,4.05276296078227e-06
"species_1_bathy_extrap_only",254.175351145554,4.05276296078227e-06
"species_1_bathy_extrap_only",254.741252933025,4.05276296078227e-06
"species_1_bathy_extrap_only",255.307154720497,4.05276296078227e-06
"species_1_bathy_extrap_only",255.873056507969,4.05276296078227e-06
"species_1_bathy_extrap_only",256.438958295441,4.05276296078227e-06
"species_1_bathy_extrap_only",257.004860082913,4.05276296078227e-06
"species_1_bathy_extrap_only",257.570761870384,4.05276296078227e-06
"species_1_bathy_extrap_only",258.136663657856,4.05276296078227e-06
"species_1_bathy_extrap_only",258.702565445328,4.05276296078227e-06
"species_1_bathy_extrap_only",259.2684672328,4.05276296078227e-06
"species_1_bathy_extrap_only",259.834369020271,4.05276296078227e-06
"species_1_bathy_extrap_only",260.400270807743,4.05276296078227e-06
"species_1_bathy_extrap",-22.5506229281425,0.669057130813599
"species_1_bathy_extrap",-21.9847211406708,0.669057130813599
"species_1_bathy_extrap",-21.418819353199,0.669057130813599
"species_1_bathy_extrap",-20.8529175657272,0.669057130813599
"species_1_bathy_extrap",-20.2870157782555,0.669057130813599
"species_1_bathy_extrap",-19.7211139907837,0.669057130813599
"species_1_bathy_extrap",-19.1552122033119,0.669057130813599
"species_1_bathy_extrap",-18.5893104158401,0.669057130813599
"species_1_bathy_extrap",-18.0234086283684,0.669057130813599
"species_1_bathy_extrap",-17.4575068408966,0.669057130813599
"species_1_bathy_extrap",-16.8916050534248,0.669057130813599
"species_1_bathy_extrap",-16.3257032659531,0.669057130813599
"species_1_bathy_extrap",-15.7598014784813,0.669057130813599
"species_1_bathy_extrap",-15.1938996910095,0.669057130813599
"species_1_bathy_extrap",-14.6279979035378,0.669057130813599
"species_1_bathy_extrap",-14.062096116066,0.669057130813599
"species_1_bathy_extrap",-13.4961943285942,0.669057130813599
"species_1_bathy_extrap",-12.9302925411224,0.669057130813599
"species_1_bathy_extrap",-12.3643907536507,0.669057130813599
"species_1_bathy_extrap",-11.7984889661789,0.669057130813599
"species_1_bathy_extrap",-11.2325871787071,0.669057130813599
"species_1_bathy_extrap",-10.6666853912353,0.669057130813599
"species_1_bathy_extrap",-10.1007836037636,0.669057130813599
"species_1_bathy_extrap",-9.53488181629181,0.669057130813599
"species_1_bathy_extrap",-8.96898002882004,0.669057130813599
"species_1_bathy_extrap",-8.40307824134826,0.669057130813599
"species_1_bathy_extrap",-7.83717645387649,0.669057130813599
"species_1_bathy_extrap",-7.27127466640472,0.669057130813599
"species_1_bathy_extrap",-6.70537287893295,0.669057130813599
"species_1_bathy_extrap",-6.13947109146118,0.669057130813599
"species_1_bathy_extrap",-5.57356930398941,0.669057130813599
"species_1_bathy_extrap",-5.00766751651764,0.669057130813599
"species_1_bathy_extrap",-4.44176572904586,0.669057130813599
"species_1_bathy_extrap",-3.87586394157409,0.669057130813599
"species_1_bathy_extrap",-3.30996215410232,0.669057130813599
"species_1_bathy_extrap",-2.74406036663055,0.669057130813599
"species_1_bathy_extrap",-2.17815857915878,0.669057130813599
"species_1_bathy_extrap",-1.61225679168701,0.669057130813599
"species_1_bathy_extrap",-1.04635500421524,0.669057130813599
"species_1_bathy_extrap",-0.480453216743463,0.669057130813599
"species_1_bathy_extrap",0.0854485707283068,0.669057130813599
"species_1_bathy_extrap",0.65135035820008,0.669057130813599
"species_1_bathy_extrap",1.21725214567185,0.569972336292267
"species_1_bathy_extrap",1.78315393314362,0.549012184143066
"species_1_bathy_extrap",2.34905572061539,0.527876734733582
"species_1_bathy_extrap",2.91495750808717,0.506640791893005
"species_1_bathy_extrap",3.48085929555894,0.485380947589874
"species_1_bathy_extrap",4.04676108303071,0.464173823595047
"species_1_bathy_extrap",4.61266287050248,0.443095505237579
"species_1_bathy_extrap",5.17856465797425,0.423848181962967
"species_1_bathy_extrap",5.74446644544602,0.405589550733566
"species_1_bathy_extrap",6.31036823291779,0.387588292360306
"species_1_bathy_extrap",6.87627002038957,0.369888842105865
"species_1_bathy_extrap",7.44217180786134,0.352532386779785
"species_1_bathy_extrap",8.00807359533311,0.335556596517563
"species_1_bathy_extrap",8.57397538280488,0.31899556517601
"species_1_bathy_extrap",9.13987717027665,0.302879273891449
"species_1_bathy_extrap",9.70577895774842,0.287233799695969
"species_1_bathy_extrap",10.2716807452202,0.272081077098846
"species_1_bathy_extrap",10.837582532692,0.257439017295837
"species_1_bathy_extrap",11.4034843201637,0.243321508169174
"species_1_bathy_extrap",11.9693861076355,0.229738667607307
"species_1_bathy_extrap",12.5352878951073,0.216696918010712
"species_1_bathy_extrap",13.1011896825791,0.204199239611626
"species_1_bathy_extrap",13.6670914700508,0.192245453596115
"species_1_bathy_extrap",14.2329932575226,0.180832430720329
"species_1_bathy_extrap",14.7988950449944,0.169954389333725
"species_1_bathy_extrap",15.3647968324661,0.159603238105774
"species_1_bathy_extrap",15.9306986199379,0.149768769741058
"species_1_bathy_extrap",16.4966004074097,0.140439003705978
"species_1_bathy_extrap",17.0625021948814,0.131600499153137
"species_1_bathy_extrap",17.6284039823532,0.123943656682968
"species_1_bathy_extrap",18.194305769825,0.120189912617207
"species_1_bathy_extrap",18.7602075572968,0.118614234030247
"species_1_bathy_extrap",19.3261093447685,0.117056466639042
"species_1_bathy_extrap",19.8920111322403,0.115516476333141
"species_1_bathy_extrap",20.4579129197121,0.113994129002094
"species_1_bathy_extrap",21.0238147071838,0.11248929053545
"species_1_bathy_extrap",21.5897164946556,0.111001834273338
"species_1_bathy_extrap",22.1556182821274,0.109531618654728
"species_1_bathy_extrap",22.7215200695992,0.108078509569168
"species_1_bathy_extrap",23.2874218570709,0.106642358005047
"species_1_bathy_extrap",23.8533236445427,0.105223052203655
"species_1_bathy_extrap",24.4192254320145,0.103820435702801
"species_1_bathy_extrap",24.9851272194862,0.102434374392033
"species_1_bathy_extrap",25.551029006958,0.1010647341609
"species_1_bathy_extrap",26.1169307944298,0.0997113734483719
"species_1_bathy_extrap",26.6828325819016,0.098374143242836
"species_1_bathy_extrap",27.2487343693733,0.0970529243350029
"species_1_bathy_extrap",27.8146361568451,0.09574756026268
"species_1_bathy_extrap",28.3805379443169,0.0944579169154167
"species_1_bathy_extrap",28.9464397317886,0.0931838527321816
"species_1_bathy_extrap",29.5123415192604,0.0919252336025238
"species_1_bathy_extrap",30.0782433067322,0.0906819105148315
"species_1_bathy_extrap",30.644145094204,0.089453749358654
"species_1_bathy_extrap",31.2100468816757,0.0882406085729599
"species_1_bathy_extrap",31.7759486691475,0.0870423391461372
"species_1_bathy_extrap",32.3418504566193,0.0858588218688965
"species_1_bathy_extrap",32.907752244091,0.0846898928284645
"species_1_bathy_extrap",33.4736540315628,0.0835354253649712
"species_1_bathy_extrap",34.0395558190346,0.0823952928185463
"species_1_bathy_extrap",34.6054576065064,0.0812693312764168
"species_1_bathy_extrap",35.1713593939781,0.0801574066281319
"species_1_bathy_extrap",35.7372611814499,0.0790593922138214
"species_1_bathy_extrap",36.3031629689217,0.0779751464724541
"species_1_bathy_extrap",36.8690647563934,0.0769045203924179
"species_1_bathy_extrap",37.4349665438652,0.0758473947644234
"species_1_bathy_extrap",38.000868331337,0.0748036131262779
"species_1_bathy_extrap",38.5667701188088,0.073773056268692
"species_1_bathy_extrap",39.1326719062805,0.0727555826306343
"species_1_bathy_extrap",39.6985736937523,0.0717510432004929
"species_1_bathy_extrap",40.2644754812241,0.0707593262195587
"species_1_bathy_extrap",40.8303772686958,0.0697802826762199
"species_1_bathy_extrap",41.3962790561676,0.0688137784600258
"species_1_bathy_extrap",41.9621808436394,0.0678596869111061
"species_1_bathy_extrap",42.5280826311112,0.0669178739190102
"species_1_bathy_extrap",43.0939844185829,0.0659882128238678
"species_1_bathy_extrap",43.6598862060547,0.0650705620646477
"species_1_bathy_extrap",44.2257879935265,0.064164787530899
"species_1_bathy_extrap",44.7916897809983,0.063270777463913
"species_1_bathy_extrap",45.35759156847,0.0623883903026581
"species_1_bathy_extrap",45.9234933559418,0.0615175031125546
"species_1_bathy_extrap",46.4893951434136,0.0606579817831516
"species_1_bathy_extrap",47.0552969308853,0.0598097033798695
"species_1_bathy_extrap",47.6211987183571,0.0589725449681282
"species_1_bathy_extrap",48.1871005058289,0.0581463873386383
"species_1_bathy_extrap",48.7530022933007,0.0573310889303684
"species_1_bathy_extrap",49.3189040807724,0.0565265379846096
"species_1_bathy_extrap",49.8848058682442,0.055732611566782
"species_1_bathy_extrap",50.450707655716,0.054949190467596
"species_1_bathy_extrap",51.0166094431877,0.0541761443018913
"species_1_bathy_extrap",51.5825112306595,0.0534133575856686
"species_1_bathy_extrap",52.1484130181313,0.0526607148349285
"species_1_bathy_extrap",52.714314805603,0.0519181005656719
"species_1_bathy_extrap",53.2802165930748,0.0511853881180286
"species_1_bathy_extrap",53.8461183805466,0.0504624657332897
"species_1_bathy_extrap",54.4120201680184,0.0497492179274559
"species_1_bathy_extrap",54.9779219554901,0.0490455366671085
"species_1_bathy_extrap",55.5438237429619,0.0483512952923775
"species_1_bathy_extrap",56.1097255304337,0.0476663894951344
"species_1_bathy_extrap",56.6756273179055,0.0469907037913799
"species_1_bathy_extrap",57.2415291053772,0.0463241375982761
"species_1_bathy_extrap",57.807430892849,0.0456665717065334
"species_1_bathy_extrap",58.3733326803208,0.0450178943574429
"species_1_bathy_extrap",58.9392344677925,0.0443780049681664
"species_1_bathy_extrap",59.5051362552643,0.0437467992305756
"species_1_bathy_extrap",60.0710380427361,0.0431241616606712
"species_1_bathy_extrap",60.6369398302079,0.0425099916756153
"species_1_bathy_extrap",61.2028416176796,0.0419041849672794
"species_1_bathy_extrap",61.7687434051514,0.0413066446781158
"species_1_bathy_extrap",62.3346451926232,0.0407172553241253
"species_1_bathy_extrap",62.900546980095,0.0401359274983406
"species_1_bathy_extrap",63.4664487675667,0.0395625568926334
"species_1_bathy_extrap",64.0323505550385,0.038997046649456
"species_1_bathy_extrap",64.5982523425102,0.03843929246068
"species_1_bathy_extrap",65.164154129982,0.0378892049193382
"species_1_bathy_extrap",65.7300559174538,0.0373466797173023
"species_1_bathy_extrap",66.2959577049256,0.0368116274476051
"species_1_bathy_extrap",66.8618594923973,0.0362839475274086
"species_1_bathy_extrap",67.4277612798691,0.0357635542750359
"species_1_bathy_extrap",67.9936630673409,0.0352503582835197
"species_1_bathy_extrap",68.5595648548126,0.0347442552447319
"species_1_bathy_extrap",69.1254666422844,0.0342451594769955
"species_1_bathy_extrap",69.6913684297562,0.0337529852986336
"species_1_bathy_extrap",70.257270217228,0.0332676358520985
"species_1_bathy_extrap",70.8231720046997,0.0327890329062939
"species_1_bathy_extrap",71.3890737921715,0.0323170833289623
"species_1_bathy_extrap",71.9549755796433,0.031851701438427
"species_1_bathy_extrap",72.520877367115,0.0313928127288818
"species_1_bathy_extrap",73.0867791545868,0.030940318480134
"species_1_bathy_extrap",73.6526809420586,0.0304941385984421
"species_1_bathy_extrap",74.2185827295304,0.0300541948527098
"species_1_bathy_extrap",74.7844845170021,0.0296204034239054
"species_1_bathy_extrap",75.3503863044739,0.0291926860809326
"species_1_bathy_extrap",75.9162880919457,0.0287709608674049
"species_1_bathy_extrap",76.4821898794174,0.0283551495522261
"species_1_bathy_extrap",77.0480916668892,0.0279451813548803
"species_1_bathy_extrap",77.613993454361,0.0275409668684006
"species_1_bathy_extrap",78.1798952418328,0.0271424353122711
"species_1_bathy_extrap",78.7457970293045,0.026749512180686
"species_1_bathy_extrap",79.3116988167763,0.0263621248304844
"species_1_bathy_extrap",79.8776006042481,0.02598019503057
"species_1_bathy_extrap",80.4435023917198,0.0256036557257175
"species_1_bathy_extrap",81.0094041791916,0.0252324305474758
"species_1_bathy_extrap",81.5753059666634,0.0248664505779743
"species_1_bathy_extrap",82.1412077541352,0.0245056506246328
"species_1_bathy_extrap",82.7071095416069,0.0241499524563551
"species_1_bathy_extrap",83.2730113290787,0.0237992890179157
"species_1_bathy_extrap",83.8389131165505,0.0234535969793797
"species_1_bathy_extrap",84.4048149040222,0.0231128055602312
"species_1_bathy_extrap",84.970716691494,0.0227768514305353
"species_1_bathy_extrap",85.5366184789658,0.0224456693977118
"species_1_bathy_extrap",86.1025202664376,0.0221191924065351
"species_1_bathy_extrap",86.6684220539093,0.0217973627150059
"species_1_bathy_extrap",87.2343238413811,0.0214801076799631
"species_1_bathy_extrap",87.8002256288529,0.0211673714220524
"species_1_bathy_extrap",88.3661274163246,0.0208590906113386
"species_1_bathy_extrap",88.9320292037964,0.020555205643177
"species_1_bathy_extrap",89.4979309912682,0.0202556569129229
"species_1_bathy_extrap",90.06383277874,0.0199603848159313
"species_1_bathy_extrap",90.6297345662117,0.0196693297475576
"species_1_bathy_extrap",91.1956363536835,0.0193824376910925
"species_1_bathy_extrap",91.7615381411553,0.0190996453166008
"species_1_bathy_extrap",92.3274399286271,0.0188209004700184
"species_1_bathy_extrap",92.8933417160988,0.0185461472719908
"species_1_bathy_extrap",93.4592435035706,0.0182753298431635
"species_1_bathy_extrap",94.0251452910424,0.0180083941668272
"species_1_bathy_extrap",94.5910470785141,0.0177452862262726
"species_1_bathy_extrap",95.1569488659859,0.0174859538674355
"species_1_bathy_extrap",95.7228506534577,0.0172303505241871
"species_1_bathy_extrap",96.2887524409294,0.0169784128665924
"species_1_bathy_extrap",96.8546542284012,0.016730098053813
"species_1_bathy_extrap",97.420556015873,0.0164853539317846
"species_1_bathy_extrap",97.9864578033448,0.0162441302090883
"species_1_bathy_extrap",98.5523595908165,0.0160063784569502
"species_1_bathy_extrap",99.1182613782883,0.0157720521092415
"species_1_bathy_extrap",99.6841631657601,0.0155411008745432
"species_1_bathy_extrap",100.250064953232,0.0153134791180491
"species_1_bathy_extrap",100.815966740704,0.0150891439989209
"species_1_bathy_extrap",101.381868528175,0.0148680415004492
"species_1_bathy_extrap",101.947770315647,0.0146501315757632
"species_1_bathy_extrap",102.513672103119,0.0144353676587343
"species_1_bathy_extrap",103.079573890591,0.014223706908524
"species_1_bathy_extrap",103.645475678062,0.0140151064842939
"species_1_bathy_extrap",104.211377465534,0.0138095216825604
"species_1_bathy_extrap",104.777279253006,0.0136069105938077
"species_1_bathy_extrap",105.343181040478,0.0134072350338101
"species_1_bathy_extrap",105.90908282795,0.0132104475051165
"species_1_bathy_extrap",106.474984615421,0.0130165098235011
"species_1_bathy_extrap",107.040886402893,0.0128253828734159
"species_1_bathy_extrap",107.606788190365,0.0126370266079903
"species_1_bathy_extrap",108.172689977837,0.0124514009803534
"species_1_bathy_extrap",108.738591765308,0.0122684687376022
"species_1_bathy_extrap",109.30449355278,0.0120881907641888
"species_1_bathy_extrap",109.870395340252,0.0119105326011777
"species_1_bathy_extrap",110.436297127724,0.0117354523390532
"species_1_bathy_extrap",111.002198915196,0.0115629145875573
"species_1_bathy_extrap",111.568100702667,0.0113928848877549
"species_1_bathy_extrap",112.134002490139,0.0112253269180655
"species_1_bathy_extrap",112.699904277611,0.0110602062195539
"species_1_bathy_extrap",113.265806065083,0.0108974874019623
"species_1_bathy_extrap",113.831707852554,0.0107371360063553
"species_1_bathy_extrap",114.397609640026,0.010579121299088
"species_1_bathy_extrap",114.963511427498,0.0104234060272574
"species_1_bathy_extrap",115.52941321497,0.0102699585258961
"species_1_bathy_extrap",116.095315002441,0.0101187461987138
"species_1_bathy_extrap",116.661216789913,0.0099697383120656
"species_1_bathy_extrap",117.227118577385,0.009822903200984
"species_1_bathy_extrap",117.793020364857,0.00967820920050144
"species_1_bathy_extrap",118.358922152329,0.00953562650829554
"species_1_bathy_extrap",118.9248239398,0.00939512439072132
"species_1_bathy_extrap",119.490725727272,0.00925667490810156
"species_1_bathy_extrap",120.056627514744,0.00912024453282356
"species_1_bathy_extrap",120.622529302216,0.00898580718785524
"species_1_bathy_extrap",121.188431089687,0.00885333400219679
"species_1_bathy_extrap",121.754332877159,0.00872279610484838
"species_1_bathy_extrap",122.320234664631,0.00859416648745537
"species_1_bathy_extrap",122.886136452103,0.00846741814166307
"species_1_bathy_extrap",123.452038239574,0.00834252219647169
"species_1_bathy_extrap",124.017940027046,0.00821945536881685
"species_1_bathy_extrap",124.583841814518,0.00809818785637617
"species_1_bathy_extrap",125.14974360199,0.00797869451344013
"species_1_bathy_extrap",125.715645389462,0.0078609511256218
"species_1_bathy_extrap",126.281547176933,0.00774493115022779
"species_1_bathy_extrap",126.847448964405,0.00763061083853245
"species_1_bathy_extrap",127.413350751877,0.00751796457916498
"species_1_bathy_extrap",127.979252539349,0.00740696908906102
"species_1_bathy_extrap",128.54515432682,0.00729760201647878
"species_1_bathy_extrap",129.111056114292,0.00718983635306358
"species_1_bathy_extrap",129.676957901764,0.00708365067839622
"species_1_bathy_extrap",130.242859689236,0.00697902264073491
"species_1_bathy_extrap",130.808761476707,0.00687592895701528
"species_1_bathy_extrap",131.374663264179,0.00677434774115682
"species_1_bathy_extrap",131.940565051651,0.00667425710707903
"species_1_bathy_extrap",132.506466839123,0.0065756356343627
"species_1_bathy_extrap",133.072368626595,0.00647846190258861
"species_1_bathy_extrap",133.638270414066,0.00638271495699883
"species_1_bathy_extrap",134.204172201538,0.00628837430849671
"species_1_bathy_extrap",134.77007398901,0.00619541946798563
"species_1_bathy_extrap",135.335975776482,0.00610382994636893
"species_1_bathy_extrap",135.901877563953,0.00601358851417899
"species_1_bathy_extrap",136.467779351425,0.00592467142269015
"species_1_bathy_extrap",137.033681138897,0.0058370609767735
"species_1_bathy_extrap",137.599582926369,0.00575073854997754
"species_1_bathy_extrap",138.165484713841,0.00566568551585078
"species_1_bathy_extrap",138.731386501312,0.00558188324794173
"species_1_bathy_extrap",139.297288288784,0.00549931405112147
"species_1_bathy_extrap",139.863190076256,0.00541795929893851
"species_1_bathy_extrap",140.429091863728,0.00533780129626393
"species_1_bathy_extrap",140.994993651199,0.00525882327929139
"species_1_bathy_extrap",141.560895438671,0.00518100801855326
"species_1_bathy_extrap",142.126797226143,0.00510433781892061
"species_1_bathy_extrap",142.692699013615,0.00502879684790969
"species_1_bathy_extrap",143.258600801086,0.00495436787605286
"species_1_bathy_extrap",143.824502588558,0.00488103553652763
"species_1_bathy_extrap",144.39040437603,0.00480878306552768
"species_1_bathy_extrap",144.956306163502,0.00473759695887566
"species_1_bathy_extrap",145.522207950974,0.0046674576587975
"species_1_bathy_extrap",146.088109738445,0.00459835259243846
"species_1_bathy_extrap",146.654011525917,0.00453026546165347
"species_1_bathy_extrap",147.219913313389,0.00446318229660392
"species_1_bathy_extrap",147.785815100861,0.00439708773046732
"species_1_bathy_extrap",148.351716888332,0.00433196779340506
"species_1_bathy_extrap",148.917618675804,0.00426780804991722
"species_1_bathy_extrap",149.483520463276,0.00420459499582648
"species_1_bathy_extrap",150.049422250748,0.00414231419563293
"species_1_bathy_extrap",150.615324038219,0.00408095167949796
"species_1_bathy_extrap",151.181225825691,0.00402049487456679
"species_1_bathy_extrap",151.747127613163,0.00396093027666211
"species_1_bathy_extrap",152.313029400635,0.00390224438160658
"species_1_bathy_extrap",152.878931188107,0.00384442484937608
"species_1_bathy_extrap",153.444832975578,0.00378745864145458
"species_1_bathy_extrap",154.01073476305,0.00373133341781795
"species_1_bathy_extrap",154.576636550522,0.00367603823542595
"species_1_bathy_extrap",155.142538337994,0.00362155819311738
"species_1_bathy_extrap",155.708440125465,0.00356788258068264
"species_1_bathy_extrap",156.274341912937,0.00351499975658953
"species_1_bathy_extrap",156.840243700409,0.00346289784647524
"species_1_bathy_extrap",157.406145487881,0.00341156567446887
"species_1_bathy_extrap",157.972047275353,0.00336099206469953
"species_1_bathy_extrap",158.537949062824,0.00331116537563503
"species_1_bathy_extrap",159.103850850296,0.0032620751298964
"species_1_bathy_extrap",159.669752637768,0.0032137103844434
"species_1_bathy_extrap",160.23565442524,0.00316606019623578
"species_1_bathy_extrap",160.801556212711,0.00311911455355585
"species_1_bathy_extrap",161.367458000183,0.003072862746194
"species_1_bathy_extrap",161.933359787655,0.00302729476243258
"species_1_bathy_extrap",162.499261575127,0.00298240035772324
"species_1_bathy_extrap",163.065163362598,0.0029381699860096
"species_1_bathy_extrap",163.63106515007,0.0028945947997272
"species_1_bathy_extrap",164.196966937542,0.00285166269168258
"species_1_bathy_extrap",164.762868725014,0.00280936574563384
"species_1_bathy_extrap",165.328770512486,0.00276769418269396
"species_1_bathy_extrap",165.894672299957,0.00272663915529847
"species_1_bathy_extrap",166.460574087429,0.00268619158305228
"species_1_bathy_extrap",167.026475874901,0.00264634238556027
"species_1_bathy_extrap",167.592377662373,0.002607082715258
"species_1_bathy_extrap",168.158279449844,0.00256840395741165
"species_1_bathy_extrap",168.724181237316,0.00253029773011804
"species_1_bathy_extrap",169.290083024788,0.00249275541864336
"species_1_bathy_extrap",169.85598481226,0.00245576864108443
"species_1_bathy_extrap",170.421886599731,0.00241932948119938
"species_1_bathy_extrap",170.987788387203,0.00238342955708504
"species_1_bathy_extrap",171.553690174675,0.00234806118533015
"species_1_bathy_extrap",172.119591962147,0.00231321644969285
"species_1_bathy_extrap",172.685493749619,0.00227888766676188
"species_1_bathy_extrap",173.25139553709,0.00224506808444858
"species_1_bathy_extrap",173.817297324562,0.0022117483895272
"species_1_bathy_extrap",174.383199112034,0.00217892206273973
"species_1_bathy_extrap",174.949100899506,0.00214658188633621
"species_1_bathy_extrap",175.515002686977,0.00211472064256668
"species_1_bathy_extrap",176.080904474449,0.00208333134651184
"species_1_bathy_extrap",176.646806261921,0.00205240701325238
"species_1_bathy_extrap",177.212708049393,0.00202194089069963
"species_1_bathy_extrap",177.778609836865,0.00199192599393427
"species_1_bathy_extrap",178.344511624336,0.0019623558036983
"species_1_bathy_extrap",178.910413411808,0.00193322380073369
"species_1_bathy_extrap",179.47631519928,0.0019045234657824
"species_1_bathy_extrap",180.042216986752,0.00187624839600176
"species_1_bathy_extrap",180.608118774223,0.00184839218854904
"species_1_bathy_extrap",181.174020561695,0.00182094890624285
"species_1_bathy_extrap",181.739922349167,0.00179391237907112
"species_1_bathy_extrap",182.305824136639,0.00176727725192904
"species_1_bathy_extrap",182.87172592411,0.00174103607423604
"species_1_bathy_extrap",183.437627711582,0.00171518407296389
"species_1_bathy_extrap",184.003529499054,0.00168971507810056
"species_1_bathy_extrap",184.569431286526,0.00166462385095656
"species_1_bathy_extrap",185.135333073998,0.00163990445435047
"species_1_bathy_extrap",185.701234861469,0.00161555164959282
"species_1_bathy_extrap",186.267136648941,0.00159155984874815
"species_1_bathy_extrap",186.833038436413,0.00156792369671166
"species_1_bathy_extrap",187.398940223885,0.00154463818762451
"species_1_bathy_extrap",187.964842011356,0.00152169784996659
"species_1_bathy_extrap",188.530743798828,0.00149909767787904
"species_1_bathy_extrap",189.0966455863,0.00147683278191835
"species_1_bathy_extrap",189.662547373772,0.00145489803981036
"species_1_bathy_extrap",190.228449161244,0.00143328856211156
"species_1_bathy_extrap",190.794350948715,0.00141199969220906
"species_1_bathy_extrap",191.360252736187,0.00139102654065937
"species_1_bathy_extrap",191.926154523659,0.0013703650329262
"species_1_bathy_extrap",192.492056311131,0.0013500094646588
"species_1_bathy_extrap",193.057958098602,0.00132995587773621
"species_1_bathy_extrap",193.623859886074,0.00131019973196089
"species_1_bathy_extrap",194.189761673546,0.00129073671996593
"species_1_bathy_extrap",194.755663461018,0.00127156241796911
"species_1_bathy_extrap",195.321565248489,0.00125267263501883
"species_1_bathy_extrap",195.887467035961,0.0012340631801635
"species_1_bathy_extrap",196.453368823433,0.00121572974603623
"species_1_bathy_extrap",197.019270610905,0.00119766837451607
"species_1_bathy_extrap",197.585172398377,0.00117987499106675
"species_1_bathy_extrap",198.151074185848,0.00116234575398266
"species_1_bathy_extrap",198.71697597332,0.00114507658872753
"species_1_bathy_extrap",199.282877760792,0.00112806365359575
"species_1_bathy_extrap",199.848779548264,0.001111303223297
"species_1_bathy_extrap",200.414681335735,0.001094791572541
"species_1_bathy_extrap",200.980583123207,0.00107852544169873
"species_1_bathy_extrap",201.546484910679,0.00106250029057264
"species_1_bathy_extrap",202.112386698151,0.00104671297594905
"species_1_bathy_extrap",202.678288485622,0.00103116000536829
"species_1_bathy_extrap",203.244190273094,0.00101583788637072
"species_1_bathy_extrap",203.810092060566,0.00100074324291199
"species_1_bathy_extrap",204.375993848038,0.000985872698947787
"species_1_bathy_extrap",204.94189563551,0.000971222878433764
"species_1_bathy_extrap",205.507797422981,0.000956790521740913
"species_1_bathy_extrap",206.073699210453,0.000942572427447885
"species_1_bathy_extrap",206.639600997925,0.00092856545234099
"species_1_bathy_extrap",207.205502785397,0.000914766394998878
"species_1_bathy_extrap",207.771404572868,0.000901172228623182
"species_1_bathy_extrap",208.33730636034,0.000887779926415533
"species_1_bathy_extrap",208.903208147812,0.000874586461577564
"species_1_bathy_extrap",209.469109935284,0.00086158886551857
"species_1_bathy_extrap",210.035011722755,0.000848784286063164
"species_1_bathy_extrap",210.600913510227,0.000836170220281929
"species_1_bathy_extrap",211.166815297699,0.000823743117507547
"species_1_bathy_extrap",211.732717085171,0.000811500533018261
"species_1_bathy_extrap",212.298618872643,0.000799439731054008
"species_1_bathy_extrap",212.864520660114,0.000787558092270046
"species_1_bathy_extrap",213.430422447586,0.000775852880906314
"species_1_bathy_extrap",213.996324235058,0.000764321477618068
"species_1_bathy_extrap",214.56222602253,0.000752961379475892
"species_1_bathy_extrap",215.128127810001,0.000741769967135042
"species_1_bathy_extrap",215.694029597473,0.000730744795873761
"species_1_bathy_extrap",216.259931384945,0.000719883420970291
"species_1_bathy_extrap",216.825833172417,0.000709183281287551
"species_1_bathy_extrap",217.391734959889,0.000698642106726766
"species_1_bathy_extrap",217.95763674736,0.000688257510773838
"species_1_bathy_extrap",218.523538534832,0.000678027223329991
"species_1_bathy_extrap",219.089440322304,0.000667948799673468
"species_1_bathy_extrap",219.655342109776,0.000658020144328475
"species_1_bathy_extrap",220.221243897247,0.00064823922002688
"species_1_bathy_extrap",220.787145684719,0.000638603349216282
"species_1_bathy_extrap",221.353047472191,0.00062911061104387
"species_1_bathy_extrap",221.918949259663,0.000619758910033852
"species_1_bathy_extrap",222.484851047134,0.000610546092502773
"species_1_bathy_extrap",223.050752834606,0.000601470179390162
"species_1_bathy_extrap",223.616654622078,0.000592529075220227
"species_1_bathy_extrap",224.18255640955,0.000583720800932497
"species_1_bathy_extrap",224.748458197022,0.000575043435674161
"species_1_bathy_extrap",225.314359984493,0.000566494942177087
"species_1_bathy_extrap",225.880261771965,0.000558073516003788
"species_1_bathy_extrap",226.446163559437,0.000549777178093791
"species_1_bathy_extrap",227.012065346909,0.000541604124009609
"species_1_bathy_extrap",227.57796713438,0.000533552491106093
"species_1_bathy_extrap",228.143868921852,0.000525620474945754
"species_1_bathy_extrap",228.709770709324,0.000517806329298764
"species_1_bathy_extrap",229.275672496796,0.000510108540765941
"species_1_bathy_extrap",229.841574284267,0.000502524897456169
"species_1_bathy_extrap",230.407476071739,0.000495053944177926
"species_1_bathy_extrap",230.973377859211,0.000487693992909044
"species_1_bathy_extrap",231.539279646683,0.000480443413835019
"species_1_bathy_extrap",232.105181434155,0.000473300577141345
"species_1_bathy_extrap",232.671083221626,0.000466263882117346
"species_1_bathy_extrap",233.236985009098,0.000459331757156178
"species_1_bathy_extrap",233.80288679657,0.000452502659754828
"species_1_bathy_extrap",234.368788584042,0.00044577504741028
"species_1_bathy_extrap",234.934690371513,0.00043914740672335
"species_1_bathy_extrap",235.500592158985,0.000432618282502517
"species_1_bathy_extrap",236.066493946457,0.000426186161348596
"species_1_bathy_extrap",236.632395733929,0.000419849646277726
"species_1_bathy_extrap",237.1982975214,0.000417758536059409
"species_1_bathy_extrap",237.764199308872,0.000417758536059409
"species_1_bathy_extrap",238.330101096344,0.000417758536059409
"species_1_bathy_extrap",238.896002883816,0.000417758536059409
"species_1_bathy_extrap",239.461904671288,0.000417758536059409
"species_1_bathy_extrap",240.027806458759,0.000417758536059409
"species_1_bathy_extrap",240.593708246231,0.000417758536059409
"species_1_bathy_extrap",241.159610033703,0.000417758536059409
"species_1_bathy_extrap",241.725511821175,0.000417758536059409
"species_1_bathy_extrap",242.291413608646,0.000417758536059409
"species_1_bathy_extrap",242.857315396118,0.000417758536059409
"species_1_bathy_extrap",243.42321718359,0.000417758536059409
"species_1_bathy_extrap",243.989118971062,0.000417758536059409
"species_1_bathy_extrap",244.555020758534,0.000417758536059409
"species_1_bathy_extrap",245.120922546005,0.000417758536059409
"species_1_bathy_extrap",245.686824333477,0.000417758536059409
"species_1_bathy_extrap",246.252726120949,0.000417758536059409
"species_1_bathy_extrap",246.818627908421,0.000417758536059409
"species_1_bathy_extrap",247.384529695892,0.000417758536059409
"species_1_bathy_extrap",247.950431483364,0.000417758536059409
"species_1_bathy_extrap",248.516333270836,0.000417758536059409
"species_1_bathy_extrap",249.082235058308,0.000417758536059409
"species_1_bathy_extrap",249.64813684578,0.000417758536059409
"species_1_bathy_extrap",250.214038633251,0.000417758536059409
"species_1_bathy_extrap",250.779940420723,0.000417758536059409
"species_1_bathy_extrap",251.345842208195,0.000417758536059409
"species_1_bathy_extrap",251.911743995667,0.000417758536059409
"species_1_bathy_extrap",252.477645783138,0.000417758536059409
"species_1_bathy_extrap",253.04354757061,0.000417758536059409
"species_1_bathy_extrap",253.609449358082,0.000417758536059409
"species_1_bathy_extrap",254.175351145554,0.000417758536059409
"species_1_bathy_extrap",254.741252933025,0.000417758536059409
"species_1_bathy_extrap",255.307154720497,0.000417758536059409
"species_1_bathy_extrap",255.873056507969,0.000417758536059409
"species_1_bathy_extrap",256.438958295441,0.000417758536059409
"species_1_bathy_extrap",257.004860082913,0.000417758536059409
"species_1_bathy_extrap",257.570761870384,0.000417758536059409
"species_1_bathy_extrap",258.136663657856,0.000417758536059409
"species_1_bathy_extrap",258.702565445328,0.000417758536059409
"species_1_bathy_extrap",259.2684672328,0.000417758536059409
"species_1_bathy_extrap",259.834369020271,0.000417758536059409
"species_1_bathy_extrap",260.400270807743,0.000417758536059409
"species_1_fetch_only",-7311.75081787109,0.940133273601532
"species_1_fetch_only",-7123.16529335938,0.940133273601532
"species_1_fetch_only",-6934.57976884766,0.940133273601532
"species_1_fetch_only",-6745.99424433594,0.940133273601532
"species_1_fetch_only",-6557.40871982422,0.940133273601532
"species_1_fetch_only",-6368.8231953125,0.940133273601532
"species_1_fetch_only",-6180.23767080078,0.940133273601532
"species_1_fetch_only",-5991.65214628906,0.940133273601532
"species_1_fetch_only",-5803.06662177734,0.940133273601532
"species_1_fetch_only",-5614.48109726563,0.940133273601532
"species_1_fetch_only",-5425.89557275391,0.940133273601532
"species_1_fetch_only",-5237.31004824219,0.940133273601532
"species_1_fetch_only",-5048.72452373047,0.940133273601532
"species_1_fetch_only",-4860.13899921875,0.940133273601532
"species_1_fetch_only",-4671.55347470703,0.940133273601532
"species_1_fetch_only",-4482.96795019531,0.940133273601532
"species_1_fetch_only",-4294.38242568359,0.940133273601532
"species_1_fetch_only",-4105.79690117188,0.940133273601532
"species_1_fetch_only",-3917.21137666016,0.940133273601532
"species_1_fetch_only",-3728.62585214844,0.940133273601532
"species_1_fetch_only",-3540.04032763672,0.940133273601532
"species_1_fetch_only",-3351.454803125,0.940133273601532
"species_1_fetch_only",-3162.86927861328,0.940133273601532
"species_1_fetch_only",-2974.28375410156,0.940133273601532
"species_1_fetch_only",-2785.69822958984,0.940133273601532
"species_1_fetch_only",-2597.11270507812,0.940133273601532
"species_1_fetch_only",-2408.52718056641,0.940133273601532
"species_1_fetch_only",-2219.94165605469,0.940133273601532
"species_1_fetch_only",-2031.35613154297,0.940133273601532
"species_1_fetch_only",-1842.77060703125,0.940133273601532
"species_1_fetch_only",-1654.18508251953,0.940133273601532
"species_1_fetch_only",-1465.59955800781,0.940133273601532
"species_1_fetch_only",-1277.01403349609,0.940133273601532
"species_1_fetch_only",-1088.42850898437,0.940133273601532
"species_1_fetch_only",-899.842984472656,0.940133273601532
"species_1_fetch_only",-711.257459960937,0.940133273601532
"species_1_fetch_only",-522.671935449219,0.940133273601532
"species_1_fetch_only",-334.0864109375,0.940133273601532
"species_1_fetch_only",-145.500886425781,0.940133273601532
"species_1_fetch_only",43.0846380859375,0.940133273601532
"species_1_fetch_only",231.670162597657,0.940133273601532
"species_1_fetch_only",420.255687109376,0.940133273601532
"species_1_fetch_only",608.841211621094,0.938266336917877
"species_1_fetch_only",797.426736132813,0.932330667972565
"species_1_fetch_only",986.012260644533,0.925863206386566
"species_1_fetch_only",1174.59778515625,0.91882461309433
"species_1_fetch_only",1363.18330966797,0.911174476146698
"species_1_fetch_only",1551.76883417969,0.902871608734131
"species_1_fetch_only",1740.35435869141,0.893874406814575
"species_1_fetch_only",1928.93988320313,0.884141325950623
"species_1_fetch_only",2117.52540771485,0.873631834983826
"species_1_fetch_only",2306.11093222656,0.862306594848633
"species_1_fetch_only",2494.69645673828,0.850128889083862
"species_1_fetch_only",2683.28198125,0.83706521987915
"species_1_fetch_only",2871.86750576172,0.823086619377136
"species_1_fetch_only",3060.45303027344,0.808169364929199
"species_1_fetch_only",3249.03855478516,0.792296707630157
"species_1_fetch_only",3437.62407929687,0.77545976638794
"species_1_fetch_only",3626.20960380859,0.75765860080719
"species_1_fetch_only",3814.79512832031,0.738903820514679
"species_1_fetch_only",4003.38065283203,0.719217121601105
"species_1_fetch_only",4191.96617734375,0.698632121086121
"species_1_fetch_only",4380.55170185547,0.677195489406586
"species_1_fetch_only",4569.13722636719,0.654966413974762
"species_1_fetch_only",4757.72275087891,0.632017195224762
"species_1_fetch_only",4946.30827539063,0.608432352542877
"species_1_fetch_only",5134.89379990235,0.584307909011841
"species_1_fetch_only",5323.47932441406,0.559750139713287
"species_1_fetch_only",5512.06484892578,0.534873783588409
"species_1_fetch_only",5700.6503734375,0.509799957275391
"species_1_fetch_only",5889.23589794922,0.485191494226456
"species_1_fetch_only",6077.82142246094,0.471785724163055
"species_1_fetch_only",6266.40694697266,0.460944473743439
"species_1_fetch_only",6454.99247148438,0.450494289398193
"species_1_fetch_only",6643.5779959961,0.440065205097198
"species_1_fetch_only",6832.16352050781,0.429666429758072
"species_1_fetch_only",7020.74904501953,0.419307202100754
"species_1_fetch_only",7209.33456953125,0.408996611833572
"species_1_fetch_only",7397.92009404297,0.398743599653244
"species_1_fetch_only",7586.50561855469,0.388556957244873
"species_1_fetch_only",7775.09114306641,0.378445327281952
"species_1_fetch_only",7963.67666757813,0.368417114019394
"species_1_fetch_only",8152.26219208984,0.358480423688888
"species_1_fetch_only",8340.84771660156,0.348643094301224
"species_1_fetch_only",8529.43324111328,0.338912665843964
"species_1_fetch_only",8718.018765625,0.329296439886093
"species_1_fetch_only",8906.60429013672,0.319801181554794
"species_1_fetch_only",9095.18981464844,0.310433566570282
"species_1_fetch_only",9283.77533916016,0.301199615001678
"species_1_fetch_only",9472.36086367188,0.292105138301849
"species_1_fetch_only",9660.9463881836,0.283905774354935
"species_1_fetch_only",9849.53191269531,0.279538154602051
"species_1_fetch_only",10038.117437207,0.276086151599884
"species_1_fetch_only",10226.7029617188,0.274464547634125
"species_1_fetch_only",10415.2884862305,0.273331314325333
"species_1_fetch_only",10603.8740107422,0.272314131259918
"species_1_fetch_only",10792.4595352539,0.271281331777573
"species_1_fetch_only",10981.0450597656,0.270233035087585
"species_1_fetch_only",11169.6305842773,0.269169390201569
"species_1_fetch_only",11358.2161087891,0.268090516328812
"species_1_fetch_only",11546.8016333008,0.266996532678604
"species_1_fetch_only",11735.3871578125,0.265887647867203
"species_1_fetch_only",11923.9726823242,0.264763951301575
"species_1_fetch_only",12112.5582068359,0.263625651597977
"species_1_fetch_only",12301.1437313477,0.262472838163376
"species_1_fetch_only",12489.7292558594,0.261305719614029
"species_1_fetch_only",12678.3147803711,0.260124415159225
"species_1_fetch_only",12866.9003048828,0.2589291036129
"species_1_fetch_only",13055.4858293945,0.257719963788986
"species_1_fetch_only",13244.0713539063,0.256497114896774
"species_1_fetch_only",13432.656878418,0.255260795354843
"species_1_fetch_only",13621.2424029297,0.254011124372482
"species_1_fetch_only",13809.8279274414,0.252748310565948
"species_1_fetch_only",13998.4134519531,0.251472502946854
"species_1_fetch_only",14186.9989764648,0.250183880329132
"species_1_fetch_only",14375.5845009766,0.248882651329041
"species_1_fetch_only",14564.1700254883,0.247568994760513
"species_1_fetch_only",14752.75555,0.246243089437485
"species_1_fetch_only",14941.3410745117,0.244905143976212
"species_1_fetch_only",15129.9265990234,0.243555322289467
"species_1_fetch_only",15318.5121235352,0.242193847894669
"species_1_fetch_only",15507.0976480469,0.240820914506912
"species_1_fetch_only",15695.6831725586,0.239436700940132
"species_1_fetch_only",15884.2686970703,0.238041445612907
"species_1_fetch_only",16072.854221582,0.236635342240334
"species_1_fetch_only",16261.4397460938,0.235218584537506
"species_1_fetch_only",16450.0252706055,0.233791410923004
"species_1_fetch_only",16638.6107951172,0.232354000210762
"species_1_fetch_only",16827.1963196289,0.23090660572052
"species_1_fetch_only",17015.7818441406,0.229449436068535
"species_1_fetch_only",17204.3673686523,0.227982699871063
"species_1_fetch_only",17392.9528931641,0.226506620645523
"species_1_fetch_only",17581.5384176758,0.225021421909332
"species_1_fetch_only",17770.1239421875,0.223527371883392
"species_1_fetch_only",17958.7094666992,0.222024649381638
"species_1_fetch_only",18147.2949912109,0.220513492822647
"species_1_fetch_only",18335.8805157227,0.218994155526161
"species_1_fetch_only",18524.4660402344,0.217466875910759
"species_1_fetch_only",18713.0515647461,0.21593189239502
"species_1_fetch_only",18901.6370892578,0.2143894135952
"species_1_fetch_only",19090.2226137695,0.212839707732201
"species_1_fetch_only",19278.8081382812,0.211283028125763
"species_1_fetch_only",19467.393662793,0.209719583392143
"species_1_fetch_only",19655.9791873047,0.208149671554565
"species_1_fetch_only",19844.5647118164,0.206573501229286
"species_1_fetch_only",20033.1502363281,0.204991325736046
"species_1_fetch_only",20221.7357608398,0.203403398394585
"species_1_fetch_only",20410.3212853516,0.201810002326965
"species_1_fetch_only",20598.9068098633,0.200211346149445
"species_1_fetch_only",20787.492334375,0.198607712984085
"species_1_fetch_only",20976.0778588867,0.196999356150627
"species_1_fetch_only",21164.6633833984,0.195386528968811
"species_1_fetch_only",21353.2489079102,0.193769499659538
"species_1_fetch_only",21541.8344324219,0.192148506641388
"species_1_fetch_only",21730.4199569336,0.190523833036423
"species_1_fetch_only",21919.0054814453,0.188895717263222
"species_1_fetch_only",22107.591005957,0.187264442443848
"species_1_fetch_only",22296.1765304688,0.185630276799202
"species_1_fetch_only",22484.7620549805,0.183993458747864
"species_1_fetch_only",22673.3475794922,0.182354241609573
"species_1_fetch_only",22861.9331040039,0.180712923407555
"species_1_fetch_only",23050.5186285156,0.179069757461548
"species_1_fetch_only",23239.1041530274,0.177425026893616
"species_1_fetch_only",23427.6896775391,0.175778940320015
"species_1_fetch_only",23616.2752020508,0.174131810665131
"species_1_fetch_only",23804.8607265625,0.172483876347542
"species_1_fetch_only",23993.4462510742,0.170835420489311
"species_1_fetch_only",24182.0317755859,0.169186696410179
"species_1_fetch_only",24370.6173000977,0.167537957429886
"species_1_fetch_only",24559.2028246094,0.165889471769333
"species_1_fetch_only",24747.7883491211,0.164241507649422
"species_1_fetch_only",24936.3738736328,0.162594333291054
"species_1_fetch_only",25124.9593981445,0.160948187112808
"species_1_fetch_only",25313.5449226563,0.159303337335587
"species_1_fetch_only",25502.130447168,0.15766005218029
"species_1_fetch_only",25690.7159716797,0.156018570065498
"species_1_fetch_only",25879.3014961914,0.154379174113274
"species_1_fetch_only",26067.8870207031,0.152742087841034
"species_1_fetch_only",26256.4725452148,0.151107579469681
"species_1_fetch_only",26445.0580697266,0.149475887417793
"species_1_fetch_only",26633.6435942383,0.147847279906273
"species_1_fetch_only",26822.22911875,0.14622201025486
"species_1_fetch_only",27010.8146432617,0.144600287079811
"species_1_fetch_only",27199.4001677734,0.142982378602028
"species_1_fetch_only",27387.9856922852,0.141368538141251
"species_1_fetch_only",27576.5712167969,0.139759004116058
"species_1_fetch_only",27765.1567413086,0.138153970241547
"species_1_fetch_only",27953.7422658203,0.136553719639778
"species_1_fetch_only",28142.327790332,0.134958475828171
"species_1_fetch_only",28330.9133148438,0.133368447422981
"species_1_fetch_only",28519.4988393555,0.131783902645111
"species_1_fetch_only",28708.0843638672,0.130205020308495
"species_1_fetch_only",28896.6698883789,0.128632038831711
"species_1_fetch_only",29085.2554128906,0.127065196633339
"species_1_fetch_only",29273.8409374023,0.125504687428474
"species_1_fetch_only",29462.4264619141,0.123950742185116
"species_1_fetch_only",29651.0119864258,0.122403547167778
"species_1_fetch_only",29839.5975109375,0.120863325893879
"species_1_fetch_only",30028.1830354492,0.119330279529095
"species_1_fetch_only",30216.7685599609,0.117804601788521
"species_1_fetch_only",30405.3540844727,0.116286516189575
"species_1_fetch_only",30593.9396089844,0.11477617174387
"species_1_fetch_only",30782.5251334961,0.113273791968822
"species_1_fetch_only",30971.1106580078,0.111779548227787
"species_1_fetch_only",31159.6961825195,0.110293634235859
"species_1_fetch_only",31348.2817070313,0.108816213905811
"species_1_fetch_only",31536.867231543,0.107347466051579
"species_1_fetch_only",31725.4527560547,0.105887569487095
"species_1_fetch_only",31914.0382805664,0.104436680674553
"species_1_fetch_only",32102.6238050781,0.102994978427887
"species_1_fetch_only",32291.2093295898,0.101562604308128
"species_1_fetch_only",32479.7948541016,0.10013971477747
"species_1_fetch_only",32668.3803786133,0.0987264662981033
"species_1_fetch_only",32856.965903125,0.097323015332222
"species_1_fetch_only",33045.5514276367,0.0959294885396957
"species_1_fetch_only",33234.1369521484,0.0945460200309753
"species_1_fetch_only",33422.7224766602,0.0931727513670921
"species_1_fetch_only",33611.3080011719,0.0918098166584969
"species_1_fetch_only",33799.8935256836,0.0904573351144791
"species_1_fetch_only",33988.4790501953,0.0891154259443283
"species_1_fetch_only",34177.064574707,0.0877842158079147
"species_1_fetch_only",34365.6500992188,0.0864638313651085
"species_1_fetch_only",34554.2356237305,0.0851543322205544
"species_1_fetch_only",34742.8211482422,0.0838558524847031
"species_1_fetch_only",34931.4066727539,0.0825684815645218
"species_1_fetch_only",35119.9921972656,0.0812923163175583
"species_1_fetch_only",35308.5777217774,0.0800274536013603
"species_1_fetch_only",35497.1632462891,0.0787739753723145
"species_1_fetch_only",35685.7487708008,0.0775319635868073
"species_1_fetch_only",35874.3342953125,0.0763014853000641
"species_1_fetch_only",36062.9198198242,0.0750826522707939
"species_1_fetch_only",36251.5053443359,0.0738754794001579
"species_1_fetch_only",36440.0908688477,0.0726800411939621
"species_1_fetch_only",36628.6763933594,0.071496419608593
"species_1_fetch_only",36817.2619178711,0.0703246518969536
"species_1_fetch_only",37005.8474423828,0.0691647902131081
"species_1_fetch_only",37194.4329668945,0.0680168867111206
"species_1_fetch_only",37383.0184914063,0.0668809860944748
"species_1_fetch_only",37571.604015918,0.065757118165493
"species_1_fetch_only",37760.1895404297,0.0646453201770782
"species_1_fetch_only",37948.7750649414,0.0635456442832947
"species_1_fetch_only",38137.3605894531,0.0624580718576908
"species_1_fetch_only",38325.9461139648,0.0613826438784599
"species_1_fetch_only",38514.5316384766,0.0603193826973438
"species_1_fetch_only",38703.1171629883,0.0592682957649231
"species_1_fetch_only",38891.7026875,0.0582293942570686
"species_1_fetch_only",39080.2882120117,0.057202685624361
"species_1_fetch_only",39268.8737365234,0.05618816614151
"species_1_fetch_only",39457.4592610352,0.0551858432590962
"species_1_fetch_only",39646.0447855469,0.0541957207024097
"species_1_fetch_only",39834.6303100586,0.0532177574932575
"species_1_fetch_only",40023.2158345703,0.0522519536316395
"species_1_fetch_only",40211.801359082,0.0512982942163944
"species_1_fetch_only",40400.3868835938,0.0503567606210709
"species_1_fetch_only",40588.9724081055,0.049427330493927
"species_1_fetch_only",40777.5579326172,0.0485099740326405
"species_1_fetch_only",40966.1434571289,0.0476046614348888
"species_1_fetch_only",41154.7289816406,0.0467113554477692
"species_1_fetch_only",41343.3145061523,0.045830026268959
"species_1_fetch_only",41531.9000306641,0.0449606478214264
"species_1_fetch_only",41720.4855551758,0.0441031418740749
"species_1_fetch_only",41909.0710796875,0.0432574823498726
"species_1_fetch_only",42097.6566041992,0.0424236170947552
"species_1_fetch_only",42286.2421287109,0.0416014939546585
"species_1_fetch_only",42474.8276532227,0.0407910607755184
"species_1_fetch_only",42663.4131777344,0.0399922616779804
"species_1_fetch_only",42851.9987022461,0.0392050333321095
"species_1_fetch_only",43040.5842267578,0.0384293161332607
"species_1_fetch_only",43229.1697512695,0.0376650616526604
"species_1_fetch_only",43417.7552757813,0.0369121693074703
"species_1_fetch_only",43606.340800293,0.0361705832183361
"species_1_fetch_only",43794.9263248047,0.0354402363300323
"species_1_fetch_only",43983.5118493164,0.0347210541367531
"species_1_fetch_only",44172.0973738281,0.0340129546821117
"species_1_fetch_only",44360.6828983399,0.0333158671855927
"species_1_fetch_only",44549.2684228516,0.0326297096908092
"species_1_fetch_only",44737.8539473633,0.0319543965160847
"species_1_fetch_only",44926.439471875,0.0312898494303226
"species_1_fetch_only",45115.0249963867,0.0306359939277172
"species_1_fetch_only",45303.6105208984,0.0299927163869143
"species_1_fetch_only",45492.1960454102,0.0293599404394627
"species_1_fetch_only",45680.7815699219,0.0287375766783953
"species_1_fetch_only",45869.3670944336,0.0281255356967449
"species_1_fetch_only",46057.9526189453,0.0275237206369638
"species_1_fetch_only",46246.538143457,0.0269320402294397
"species_1_fetch_only",46435.1236679688,0.0263503976166248
"species_1_fetch_only",46623.7091924805,0.0257786959409714
"species_1_fetch_only",46812.2947169922,0.0252168495208025
"species_1_fetch_only",47000.8802415039,0.0246647354215384
"species_1_fetch_only",47189.4657660156,0.0241222679615021
"species_1_fetch_only",47378.0512905273,0.0235893446952105
"species_1_fetch_only",47566.6368150391,0.0230658650398254
"species_1_fetch_only",47755.2223395508,0.0225517246872187
"species_1_fetch_only",47943.8078640625,0.0220468230545521
"species_1_fetch_only",48132.3933885742,0.0215510558336973
"species_1_fetch_only",48320.978913086,0.021064318716526
"species_1_fetch_only",48509.5644375977,0.0205865167081356
"species_1_fetch_only",48698.1499621094,0.020117525011301
"species_1_fetch_only",48886.7354866211,0.0196572486311197
"species_1_fetch_only",49075.3210111328,0.019205579534173
"species_1_fetch_only",49263.9065356445,0.0187624152749777
"species_1_fetch_only",49452.4920601563,0.0183276459574699
"species_1_fetch_only",49641.077584668,0.0179011654108763
"species_1_fetch_only",49829.6631091797,0.0174828693270683
"species_1_fetch_only",50018.2486336914,0.0170726478099823
"species_1_fetch_only",50206.8341582031,0.0166703965514898
"species_1_fetch_only",50395.4196827148,0.016276016831398
"species_1_fetch_only",50584.0052072266,0.0158893819898367
"species_1_fetch_only",50772.5907317383,0.0155103979632258
"species_1_fetch_only",50961.17625625,0.0151389548555017
"species_1_fetch_only",51149.7617807617,0.0147749483585358
"species_1_fetch_only",51338.3473052734,0.0144182723015547
"species_1_fetch_only",51526.9328297852,0.0140688195824623
"species_1_fetch_only",51715.5183542969,0.0137264858931303
"species_1_fetch_only",51904.1038788086,0.0133911650627851
"species_1_fetch_only",52092.6894033203,0.0130627602338791
"species_1_fetch_only",52281.274927832,0.0127411531284451
"species_1_fetch_only",52469.8604523438,0.0124262468889356
"species_1_fetch_only",52658.4459768555,0.012117937207222
"species_1_fetch_only",52847.0315013672,0.0118161225691438
"species_1_fetch_only",53035.6170258789,0.0115206995978951
"species_1_fetch_only",53224.2025503906,0.011231567710638
"species_1_fetch_only",53412.7880749023,0.0109486253932118
"species_1_fetch_only",53601.3735994141,0.010671772994101
"species_1_fetch_only",53789.9591239258,0.0104009099304676
"species_1_fetch_only",53978.5446484375,0.0101359421387315
"species_1_fetch_only",54167.1301729492,0.00987676158547401
"species_1_fetch_only",54355.715697461,0.00962327606976032
"species_1_fetch_only",54544.3012219727,0.00937538873404264
"species_1_fetch_only",54732.8867464844,0.0091330036520958
"species_1_fetch_only",54921.4722709961,0.00889602582901716
"species_1_fetch_only",55110.0577955078,0.00866436120122671
"species_1_fetch_only",55298.6433200195,0.0084379157051444
"species_1_fetch_only",55487.2288445313,0.00821659713983536
"species_1_fetch_only",55675.814369043,0.00800031796097755
"species_1_fetch_only",55864.3998935547,0.00778897944837809
"species_1_fetch_only",56052.9854180664,0.0075824954546988
"species_1_fetch_only",56241.5709425781,0.00738077750429511
"species_1_fetch_only",56430.1564670899,0.00718373712152243
"species_1_fetch_only",56618.7419916016,0.00699128769338131
"species_1_fetch_only",56807.3275161133,0.0068033435381949
"species_1_fetch_only",56995.913040625,0.00661981897428632
"species_1_fetch_only",57184.4985651367,0.00644063018262386
"species_1_fetch_only",57373.0840896485,0.0062656938098371
"species_1_fetch_only",57561.6696141602,0.00609493209049106
"species_1_fetch_only",57750.2551386719,0.00592825608327985
"species_1_fetch_only",57938.8406631836,0.00576558941975236
"species_1_fetch_only",58127.4261876953,0.00560685340315104
"species_1_fetch_only",58316.011712207,0.00545196980237961
"species_1_fetch_only",58504.5972367188,0.00530086178332567
"species_1_fetch_only",58693.1827612305,0.0051534534431994
"species_1_fetch_only",58881.7682857422,0.00500966934487224
"species_1_fetch_only",59070.3538102539,0.0048694359138608
"species_1_fetch_only",59258.9393347656,0.00473268330097198
"species_1_fetch_only",59447.5248592773,0.00459933374077082
"species_1_fetch_only",59636.1103837891,0.00446931924670935
"species_1_fetch_only",59824.6959083008,0.00434257043525577
"species_1_fetch_only",60013.2814328125,0.00421901792287827
"species_1_fetch_only",60201.8669573242,0.00409859465435147
"species_1_fetch_only",60390.4524818359,0.00398123357445002
"species_1_fetch_only",60579.0380063477,0.00386686949059367
"species_1_fetch_only",60767.6235308594,0.00375543744303286
"species_1_fetch_only",60956.2090553711,0.00364687363617122
"species_1_fetch_only",61144.7945798828,0.00354111799970269
"species_1_fetch_only",61333.3801043945,0.00343810440972447
"species_1_fetch_only",61521.9656289063,0.00333777465857565
"species_1_fetch_only",61710.551153418,0.00324006890878081
"species_1_fetch_only",61899.1366779297,0.00314492871984839
"species_1_fetch_only",62087.7222024414,0.00305229658260942
"species_1_fetch_only",62276.3077269531,0.00296211568638682
"species_1_fetch_only",62464.8932514649,0.00287433061748743
"species_1_fetch_only",62653.4787759766,0.00278888642787933
"species_1_fetch_only",62842.0643004883,0.002705731196329
"species_1_fetch_only",63030.649825,0.00262480904348195
"species_1_fetch_only",63219.2353495117,0.00254606944508851
"species_1_fetch_only",63407.8208740234,0.00246946164406836
"species_1_fetch_only",63596.4063985352,0.00239493581466377
"species_1_fetch_only",63784.9919230469,0.00232244282960892
"species_1_fetch_only",63973.5774475586,0.00225193449296057
"species_1_fetch_only",64162.1629720703,0.00218336354009807
"species_1_fetch_only",64350.748496582,0.00211668410338461
"species_1_fetch_only",64539.3340210938,0.00205185008235276
"species_1_fetch_only",64727.9195456055,0.00198881863616407
"species_1_fetch_only",64916.5050701172,0.0019275430822745
"species_1_fetch_only",65105.0905946289,0.00186798220966011
"species_1_fetch_only",65293.6761191406,0.00181009387597442
"species_1_fetch_only",65482.2616436523,0.00175383687019348
"species_1_fetch_only",65670.8471681641,0.00169917196035385
"species_1_fetch_only",65859.4326926758,0.00164605735335499
"species_1_fetch_only",66048.0182171875,0.00159445533063263
"species_1_fetch_only",66236.6037416992,0.00154432817362249
"species_1_fetch_only",66425.1892662109,0.00149563839659095
"species_1_fetch_only",66613.7747907227,0.00144834991078824
"species_1_fetch_only",66802.3603152344,0.00140242686029524
"species_1_fetch_only",66990.9458397461,0.00135783443693072
"species_1_fetch_only",67179.5313642578,0.00131453841459006
"species_1_fetch_only",67368.1168887695,0.00127250549849123
"species_1_fetch_only",67556.7024132813,0.00123170285951346
"species_1_fetch_only",67745.287937793,0.00119209859985858
"species_1_fetch_only",67933.8734623047,0.0011536612873897
"species_1_fetch_only",68122.4589868164,0.00111636042129248
"species_1_fetch_only",68311.0445113281,0.00108016596641392
"species_1_fetch_only",68499.6300358398,0.00104504870250821
"species_1_fetch_only",68688.2155603516,0.00101098010782152
"species_1_fetch_only",68876.8010848633,0.000977932009845972
"species_1_fetch_only",69065.386609375,0.000945878389757127
"species_1_fetch_only",69253.9721338867,0.000914789969101548
"species_1_fetch_only",69442.5576583984,0.000884641951415688
"species_1_fetch_only",69631.1431829101,0.000855408783536404
"species_1_fetch_only",69819.7287074219,0.000827065552584827
"species_1_fetch_only",70008.3142319336,0.000799587985966355
"species_1_fetch_only",70196.8997564453,0.000772952218540013
"species_1_fetch_only",70385.485280957,0.000747135083656758
"species_1_fetch_only",70574.0708054687,0.000722113880328834
"species_1_fetch_only",70762.6563299805,0.000697866547852755
"species_1_fetch_only",70951.2418544922,0.000674371491186321
"species_1_fetch_only",71139.8273790039,0.000651607639156282
"species_1_fetch_only",71328.4129035156,0.000629554386250675
"species_1_fetch_only",71516.9984280273,0.000608191650826484
"species_1_fetch_only",71705.5839525391,0.000587499991524965
"species_1_fetch_only",71894.1694770508,0.000567460199818015
"species_1_fetch_only",72082.7550015625,0.000548053707461804
"species_1_fetch_only",72271.3405260742,0.000529262411873788
"species_1_fetch_only",72459.9260505859,0.000511068501509726
"species_1_fetch_only",72648.5115750977,0.000493455561809242
"species_1_fetch_only",72837.0970996094,0.000476405257359147
"species_1_fetch_only",73025.6826241211,0.000459901930298656
"species_1_fetch_only",73214.2681486328,0.000443929660832509
"species_1_fetch_only",73402.8536731445,0.000428472849307582
"species_1_fetch_only",73591.4391976562,0.000413516332628205
"species_1_fetch_only",73780.024722168,0.000399045384256169
"species_1_fetch_only",73968.6102466797,0.000385045568691567
"species_1_fetch_only",74157.1957711914,0.000371502916095778
"species_1_fetch_only",74345.7812957031,0.00035840377677232
"species_1_fetch_only",74534.3668202148,0.000345734879374504
"species_1_fetch_only",74722.9523447266,0.000333483301801607
"species_1_fetch_only",74911.5378692383,0.000321636442095041
"species_1_fetch_only",75100.12339375,0.000310182047542185
"species_1_fetch_only",75288.7089182617,0.000299108243780211
"species_1_fetch_only",75477.2944427734,0.000288403418380767
"species_1_fetch_only",75665.8799672852,0.000278056249953806
"species_1_fetch_only",75854.4654917969,0.000268055853666738
"species_1_fetch_only",76043.0510163086,0.000258391461102292
"species_1_fetch_only",76231.6365408203,0.000249053147854283
"species_1_fetch_only",76420.222065332,0.000240029999986291
"species_1_fetch_only",76608.8075898438,0.000231312631512992
"species_1_fetch_only",76797.3931143555,0.000222891496377997
"species_1_fetch_only",76985.9786388672,0.000214757325011306
"species_1_fetch_only",77174.5641633789,0.00020690108067356
"species_1_fetch_only",77363.1496878906,0.000199314032215625
"species_1_fetch_only",77551.7352124024,0.000191987681319006
"species_1_fetch_only",77740.3207369141,0.000184913718840107
"species_1_fetch_only",77928.9062614258,0.000178084155777469
"species_1_fetch_only",78117.4917859375,0.000171491177752614
"species_1_fetch_only",78306.0773104492,0.000165127188665792
"species_1_fetch_only",78494.662834961,0.000158984868903644
"species_1_fetch_only",78683.2483594727,0.000153057044371963
"species_1_fetch_only",78871.8338839844,0.000147336788359098
"species_1_fetch_only",79060.4194084961,0.000141817377880216
"species_1_fetch_only",79249.0049330078,0.000140021147672087
"species_1_fetch_only",79437.5904575195,0.000140021147672087
"species_1_fetch_only",79626.1759820312,0.000140021147672087
"species_1_fetch_only",79814.761506543,0.000140021147672087
"species_1_fetch_only",80003.3470310547,0.000140021147672087
"species_1_fetch_only",80191.9325555664,0.000140021147672087
"species_1_fetch_only",80380.5180800781,0.000140021147672087
"species_1_fetch_only",80569.1036045899,0.000140021147672087
"species_1_fetch_only",80757.6891291016,0.000140021147672087
"species_1_fetch_only",80946.2746536133,0.000140021147672087
"species_1_fetch_only",81134.860178125,0.000140021147672087
"species_1_fetch_only",81323.4457026367,0.000140021147672087
"species_1_fetch_only",81512.0312271484,0.000140021147672087
"species_1_fetch_only",81700.6167516602,0.000140021147672087
"species_1_fetch_only",81889.2022761719,0.000140021147672087
"species_1_fetch_only",82077.7878006836,0.000140021147672087
"species_1_fetch_only",82266.3733251953,0.000140021147672087
"species_1_fetch_only",82454.958849707,0.000140021147672087
"species_1_fetch_only",82643.5443742187,0.000140021147672087
"species_1_fetch_only",82832.1298987305,0.000140021147672087
"species_1_fetch_only",83020.7154232422,0.000140021147672087
"species_1_fetch_only",83209.3009477539,0.000140021147672087
"species_1_fetch_only",83397.8864722656,0.000140021147672087
"species_1_fetch_only",83586.4719967774,0.000140021147672087
"species_1_fetch_only",83775.0575212891,0.000140021147672087
"species_1_fetch_only",83963.6430458008,0.000140021147672087
"species_1_fetch_only",84152.2285703125,0.000140021147672087
"species_1_fetch_only",84340.8140948242,0.000140021147672087
"species_1_fetch_only",84529.399619336,0.000140021147672087
"species_1_fetch_only",84717.9851438477,0.000140021147672087
"species_1_fetch_only",84906.5706683594,0.000140021147672087
"species_1_fetch_only",85095.1561928711,0.000140021147672087
"species_1_fetch_only",85283.7417173828,0.000140021147672087
"species_1_fetch_only",85472.3272418945,0.000140021147672087
"species_1_fetch_only",85660.9127664063,0.000140021147672087
"species_1_fetch_only",85849.498290918,0.000140021147672087
"species_1_fetch_only",86038.0838154297,0.000140021147672087
"species_1_fetch_only",86226.6693399414,0.000140021147672087
"species_1_fetch_only",86415.2548644531,0.000140021147672087
"species_1_fetch_only",86603.8403889649,0.000140021147672087
"species_1_fetch_only",86792.4259134766,0.000140021147672087
"species_1_fetch_only",86981.0114379883,0.000140021147672087
"species_1_fetch",-7311.75081787109,0.905676424503326
"species_1_fetch",-7123.16529335938,0.905676424503326
"species_1_fetch",-6934.57976884766,0.905676424503326
"species_1_fetch",-6745.99424433594,0.905676424503326
"species_1_fetch",-6557.40871982422,0.905676424503326
"species_1_fetch",-6368.8231953125,0.905676424503326
"species_1_fetch",-6180.23767080078,0.905676424503326
"species_1_fetch",-5991.65214628906,0.905676424503326
"species_1_fetch",-5803.06662177734,0.905676424503326
"species_1_fetch",-5614.48109726563,0.905676424503326
"species_1_fetch",-5425.89557275391,0.905676424503326
"species_1_fetch",-5237.31004824219,0.905676424503326
"species_1_fetch",-5048.72452373047,0.905676424503326
"species_1_fetch",-4860.13899921875,0.905676424503326
"species_1_fetch",-4671.55347470703,0.905676424503326
"species_1_fetch",-4482.96795019531,0.905676424503326
"species_1_fetch",-4294.38242568359,0.905676424503326
"species_1_fetch",-4105.79690117188,0.905676424503326
"species_1_fetch",-3917.21137666016,0.905676424503326
"species_1_fetch",-3728.62585214844,0.905676424503326
"species_1_fetch",-3540.04032763672,0.905676424503326
"species_1_fetch",-3351.454803125,0.905676424503326
"species_1_fetch",-3162.86927861328,0.905676424503326
"species_1_fetch",-2974.28375410156,0.905676424503326
"species_1_fetch",-2785.69822958984,0.905676424503326
"species_1_fetch",-2597.11270507812,0.905676424503326
"species_1_fetch",-2408.52718056641,0.905676424503326
"species_1_fetch",-2219.94165605469,0.905676424503326
"species_1_fetch",-2031.35613154297,0.905676424503326
"species_1_fetch",-1842.77060703125,0.905676424503326
"species_1_fetch",-1654.18508251953,0.905676424503326
"species_1_fetch",-1465.59955800781,0.905676424503326
"species_1_fetch",-1277.01403349609,0.905676424503326
"species_1_fetch",-1088.42850898437,0.905676424503326
"species_1_fetch",-899.842984472656,0.905676424503326
"species_1_fetch",-711.257459960937,0.905676424503326
"species_1_fetch",-522.671935449219,0.905676424503326
"species_1_fetch",-334.0864109375,0.905676424503326
"species_1_fetch",-145.500886425781,0.905676424503326
"species_1_fetch",43.0846380859375,0.905676424503326
"species_1_fetch",231.670162597657,0.905676424503326
"species_1_fetch",420.255687109376,0.905676424503326
"species_1_fetch",608.841211621094,0.901412189006805
"species_1_fetch",797.426736132813,0.886280238628387
"species_1_fetch",986.012260644533,0.868271231651306
"species_1_fetch",1174.59778515625,0.847892999649048
"species_1_fetch",1363.18330966797,0.824990272521973
"species_1_fetch",1551.76883417969,0.799446523189545
"species_1_fetch",1740.35435869141,0.771199345588684
"species_1_fetch",1928.93988320313,0.740256309509277
"species_1_fetch",2117.52540771485,0.710216999053955
"species_1_fetch",2306.11093222656,0.690221309661865
"species_1_fetch",2494.69645673828,0.671704351902008
"species_1_fetch",2683.28198125,0.652625918388367
"species_1_fetch",2871.86750576172,0.633032560348511
"species_1_fetch",3060.45303027344,0.612977147102356
"species_1_fetch",3249.03855478516,0.59251880645752
"species_1_fetch",3437.62407929687,0.571722030639648
"species_1_fetch",3626.20960380859,0.550655901432037
"species_1_fetch",3814.79512832031,0.529393792152405
"species_1_fetch",4003.38065283203,0.50801157951355
"species_1_fetch",4191.96617734375,0.486587107181549
"species_1_fetch",4380.55170185547,0.465199053287506
"species_1_fetch",4569.13722636719,0.443925499916077
"species_1_fetch",4757.72275087891,0.422843039035797
"species_1_fetch",4946.30827539063,0.402025580406189
"species_1_fetch",5134.89379990235,0.38154324889183
"species_1_fetch",5323.47932441406,0.361461788415909
"species_1_fetch",5512.06484892578,0.341841489076614
"species_1_fetch",5700.6503734375,0.322736650705338
"species_1_fetch",5889.23589794922,0.307203501462936
"species_1_fetch",6077.82142246094,0.300462245941162
"species_1_fetch",6266.40694697266,0.298648864030838
"species_1_fetch",6454.99247148438,0.297777056694031
"species_1_fetch",6643.5779959961,0.296895951032638
"species_1_fetch",6832.16352050781,0.296005666255951
"species_1_fetch",7020.74904501953,0.295106202363968
"species_1_fetch",7209.33456953125,0.294197648763657
"species_1_fetch",7397.92009404297,0.293280065059662
"species_1_fetch",7586.50561855469,0.292353510856628
"species_1_fetch",7775.09114306641,0.291418045759201
"species_1_fetch",7963.67666757813,0.290473759174347
"species_1_fetch",8152.26219208984,0.289520680904388
"species_1_fetch",8340.84771660156,0.288558900356293
"species_1_fetch",8529.43324111328,0.287588506937027
"species_1_fetch",8718.018765625,0.286609500646591
"species_1_fetch",8906.60429013672,0.285622030496597
"species_1_fetch",9095.18981464844,0.284626096487045
"species_1_fetch",9283.77533916016,0.283621817827225
"species_1_fetch",9472.36086367188,0.28260925412178
"species_1_fetch",9660.9463881836,0.281588464975357
"species_1_fetch",9849.53191269531,0.280559539794922
"species_1_fetch",10038.117437207,0.279666423797607
"species_1_fetch",10226.7029617188,0.279059290885925
"species_1_fetch",10415.2884862305,0.278482675552368
"species_1_fetch",10603.8740107422,0.277906894683838
"species_1_fetch",10792.4595352539,0.277321577072144
"species_1_fetch",10981.0450597656,0.276726722717285
"species_1_fetch",11169.6305842773,0.276122361421585
"species_1_fetch",11358.2161087891,0.275508522987366
"species_1_fetch",11546.8016333008,0.274885296821594
"species_1_fetch",11735.3871578125,0.274252712726593
"species_1_fetch",11923.9726823242,0.273610800504684
"species_1_fetch",12112.5582068359,0.272959619760513
"species_1_fetch",12301.1437313477,0.272299230098724
"species_1_fetch",12489.7292558594,0.271629631519318
"species_1_fetch",12678.3147803711,0.27095091342926
"species_1_fetch",12866.9003048828,0.270263135433197
"species_1_fetch",13055.4858293945,0.269566297531128
"species_1_fetch",13244.0713539063,0.26886048913002
"species_1_fetch",13432.656878418,0.268145740032196
"species_1_fetch",13621.2424029297,0.267422139644623
"species_1_fetch",13809.8279274414,0.266689717769623
"species_1_fetch",13998.4134519531,0.265948534011841
"species_1_fetch",14186.9989764648,0.265198618173599
"species_1_fetch",14375.5845009766,0.264440059661865
"species_1_fetch",14564.1700254883,0.263672888278961
"species_1_fetch",14752.75555,0.262897193431854
"species_1_fetch",14941.3410745117,0.262113004922867
"species_1_fetch",15129.9265990234,0.261320412158966
"species_1_fetch",15318.5121235352,0.260519444942474
"species_1_fetch",15507.0976480469,0.259710162878036
"species_1_fetch",15695.6831725586,0.25889265537262
"species_1_fetch",15884.2686970703,0.258066982030869
"species_1_fetch",16072.854221582,0.257233202457428
"species_1_fetch",16261.4397460938,0.256391376256943
"species_1_fetch",16450.0252706055,0.255541533231735
"species_1_fetch",16638.6107951172,0.254683822393417
"species_1_fetch",16827.1963196289,0.253818243741989
"species_1_fetch",17015.7818441406,0.252944886684418
"species_1_fetch",17204.3673686523,0.252063810825348
"species_1_fetch",17392.9528931641,0.251175105571747
"species_1_fetch",17581.5384176758,0.250278830528259
"species_1_fetch",17770.1239421875,0.249375060200691
"species_1_fetch",17958.7094666992,0.248463854193687
"species_1_fetch",18147.2949912109,0.247545301914215
"species_1_fetch",18335.8805157227,0.246619462966919
"species_1_fetch",18524.4660402344,0.245686426758766
"species_1_fetch",18713.0515647461,0.244746267795563
"species_1_fetch",18901.6370892578,0.243799060583115
"species_1_fetch",19090.2226137695,0.242844864726067
"species_1_fetch",19278.8081382812,0.241883784532547
"species_1_fetch",19467.393662793,0.240915894508362
"species_1_fetch",19655.9791873047,0.239941269159317
"species_1_fetch",19844.5647118164,0.238959968090057
"species_1_fetch",20033.1502363281,0.237972110509872
"species_1_fetch",20221.7357608398,0.236977756023407
"species_1_fetch",20410.3212853516,0.235977008938789
"species_1_fetch",20598.9068098633,0.234969913959503
"species_1_fetch",20787.492334375,0.233956590294838
"species_1_fetch",20976.0778588867,0.2329371124506
"species_1_fetch",21164.6633833984,0.231911569833755
"species_1_fetch",21353.2489079102,0.230880051851273
"species_1_fetch",21541.8344324219,0.229842633008957
"species_1_fetch",21730.4199569336,0.228799402713776
"species_1_fetch",21919.0054814453,0.227750465273857
"species_1_fetch",22107.591005957,0.226695895195007
"species_1_fetch",22296.1765304688,0.225635811686516
"species_1_fetch",22484.7620549805,0.224570274353027
"species_1_fetch",22673.3475794922,0.22349938750267
"species_1_fetch",22861.9331040039,0.222423240542412
"species_1_fetch",23050.5186285156,0.22134193778038
"species_1_fetch",23239.1041530274,0.220255568623543
"species_1_fetch",23427.6896775391,0.219164222478867
"species_1_fetch",23616.2752020508,0.218067988753319
"species_1_fetch",23804.8607265625,0.216966986656189
"species_1_fetch",23993.4462510742,0.215861305594444
"species_1_fetch",24182.0317755859,0.214751020073891
"species_1_fetch",24370.6173000977,0.213636249303818
"species_1_fetch",24559.2028246094,0.212517082691193
"species_1_fetch",24747.7883491211,0.211393639445305
"species_1_fetch",24936.3738736328,0.210266008973122
"species_1_fetch",25124.9593981445,0.20913428068161
"species_1_fetch",25313.5449226563,0.207998558878899
"species_1_fetch",25502.130447168,0.206858947873116
"species_1_fetch",25690.7159716797,0.205715551972389
"species_1_fetch",25879.3014961914,0.204568490386009
"species_1_fetch",26067.8870207031,0.203417837619781
"species_1_fetch",26256.4725452148,0.202263712882996
"species_1_fetch",26445.0580697266,0.201106205582619
"species_1_fetch",26633.6435942383,0.19994543492794
"species_1_fetch",26822.22911875,0.19878152012825
"species_1_fetch",27010.8146432617,0.197614535689354
"species_1_fetch",27199.4001677734,0.196444600820541
"species_1_fetch",27387.9856922852,0.195271819829941
"species_1_fetch",27576.5712167969,0.194096311926842
"species_1_fetch",27765.1567413086,0.192918166518211
"species_1_fetch",27953.7422658203,0.191737487912178
"species_1_fetch",28142.327790332,0.190554395318031
"species_1_fetch",28330.9133148438,0.1893689930439
"species_1_fetch",28519.4988393555,0.188181415200233
"species_1_fetch",28708.0843638672,0.186991721391678
"species_1_fetch",28896.6698883789,0.185800045728683
"species_1_fetch",29085.2554128906,0.184606492519379
"species_1_fetch",29273.8409374023,0.183411180973053
"species_1_fetch",29462.4264619141,0.182214215397835
"species_1_fetch",29651.0119864258,0.181015700101852
"species_1_fetch",29839.5975109375,0.179815739393234
"species_1_fetch",30028.1830354492,0.17861445248127
"species_1_fetch",30216.7685599609,0.177411943674088
"species_1_fetch",30405.3540844727,0.176208347082138
"species_1_fetch",30593.9396089844,0.175003722310066
"species_1_fetch",30782.5251334961,0.173798218369484
"species_1_fetch",30971.1106580078,0.172591924667358
"species_1_fetch",31159.6961825195,0.17138497531414
"species_1_fetch",31348.2817070313,0.170177459716797
"species_1_fetch",31536.867231543,0.168969482183456
"species_1_fetch",31725.4527560547,0.16776117682457
"species_1_fetch",31914.0382805664,0.166552633047104
"species_1_fetch",32102.6238050781,0.165343970060349
"species_1_fetch",32291.2093295898,0.164135277271271
"species_1_fetch",32479.7948541016,0.162926688790321
"species_1_fetch",32668.3803786133,0.161718294024467
"species_1_fetch",32856.965903125,0.16051022708416
"species_1_fetch",33045.5514276367,0.159302562475204
"species_1_fetch",33234.1369521484,0.158095434308052
"species_1_fetch",33422.7224766602,0.15688893198967
"species_1_fetch",33611.3080011719,0.155683174729347
"species_1_fetch",33799.8935256836,0.154478266835213
"species_1_fetch",33988.4790501953,0.153274312615395
"species_1_fetch",34177.064574707,0.152071416378021
"species_1_fetch",34365.6500992188,0.150869712233543
"species_1_fetch",34554.2356237305,0.149669259786606
"species_1_fetch",34742.8211482422,0.148470178246498
"species_1_fetch",34931.4066727539,0.14727258682251
"species_1_fetch",35119.9921972656,0.146076574921608
"species_1_fetch",35308.5777217774,0.144882246851921
"species_1_fetch",35497.1632462891,0.143689721822739
"species_1_fetch",35685.7487708008,0.142499074339867
"species_1_fetch",35874.3342953125,0.141310438513756
"species_1_fetch",36062.9198198242,0.140123903751373
"species_1_fetch",36251.5053443359,0.138939544558525
"species_1_fetch",36440.0908688477,0.137757495045662
"species_1_fetch",36628.6763933594,0.13657782971859
"species_1_fetch",36817.2619178711,0.135400652885437
"species_1_fetch",37005.8474423828,0.134226068854332
"species_1_fetch",37194.4329668945,0.133054167032242
"species_1_fetch",37383.0184914063,0.131885051727295
"species_1_fetch",37571.604015918,0.130718812346458
"species_1_fetch",37760.1895404297,0.129555553197861
"species_1_fetch",37948.7750649414,0.12839537858963
"species_1_fetch",38137.3605894531,0.12723833322525
"species_1_fetch",38325.9461139648,0.126084536314011
"species_1_fetch",38514.5316384766,0.124934077262878
"species_1_fetch",38703.1171629883,0.123787052929401
"species_1_fetch",38891.7026875,0.122643545269966
"species_1_fetch",39080.2882120117,0.12150364369154
"species_1_fetch",39268.8737365234,0.120367437601089
"species_1_fetch",39457.4592610352,0.119235008955002
"species_1_fetch",39646.0447855469,0.118106469511986
"species_1_fetch",39834.6303100586,0.116981856524944
"species_1_fetch",40023.2158345703,0.115861274302006
"species_1_fetch",40211.801359082,0.114744804799557
"species_1_fetch",40400.3868835938,0.113632522523403
"species_1_fetch",40588.9724081055,0.112524516880512
"species_1_fetch",40777.5579326172,0.111420869827271
"species_1_fetch",40966.1434571289,0.110321640968323
"species_1_fetch",41154.7289816406,0.109226927161217
"species_1_fetch",41343.3145061523,0.108136788010597
"species_1_fetch",41531.9000306641,0.107051327824593
"species_1_fetch",41720.4855551758,0.105970568954945
"species_1_fetch",41909.0710796875,0.104894608259201
"species_1_fetch",42097.6566041992,0.103823520243168
"species_1_fetch",42286.2421287109,0.10275736451149
"species_1_fetch",42474.8276532227,0.101696223020554
"species_1_fetch",42663.4131777344,0.100640147924423
"species_1_fetch",42851.9987022461,0.0995892062783241
"species_1_fetch",43040.5842267578,0.0985434725880623
"species_1_fetch",43229.1697512695,0.0975030213594437
"species_1_fetch",43417.7552757813,0.09646787494421
"species_1_fetch",43606.340800293,0.095438115298748
"species_1_fetch",43794.9263248047,0.0944137945771217
"species_1_fetch",43983.5118493164,0.0933949798345566
"species_1_fetch",44172.0973738281,0.0923817232251167
"species_1_fetch",44360.6828983399,0.091374084353447
"species_1_fetch",44549.2684228516,0.0903721079230308
"species_1_fetch",44737.8539473633,0.0893758460879326
"species_1_fetch",44926.439471875,0.0883853584527969
"species_1_fetch",45115.0249963867,0.0874007120728493
"species_1_fetch",45303.6105208984,0.0864219143986702
"species_1_fetch",45492.1960454102,0.0854490250349045
"species_1_fetch",45680.7815699219,0.0844820961356163
"species_1_fetch",45869.3670944336,0.0835211798548698
"species_1_fetch",46057.9526189453,0.0825662985444069
"species_1_fetch",46246.538143457,0.0816175118088722
"species_1_fetch",46435.1236679688,0.0806748494505882
"species_1_fetch",46623.7091924805,0.0797383561730385
"species_1_fetch",46812.2947169922,0.0788080915808678
"species_1_fetch",47000.8802415039,0.0778840407729149
"species_1_fetch",47189.4657660156,0.0769662633538246
"species_1_fetch",47378.0512905273,0.0760547965764999
"species_1_fetch",47566.6368150391,0.0751496627926826
"species_1_fetch",47755.2223395508,0.0742509067058563
"species_1_fetch",47943.8078640625,0.0733585432171822
"species_1_fetch",48132.3933885742,0.0724726095795631
"species_1_fetch",48320.978913086,0.0715931281447411
"species_1_fetch",48509.5644375977,0.0707201436161995
"species_1_fetch",48698.1499621094,0.0698536410927773
"species_1_fetch",48886.7354866211,0.0689936578273773
"species_1_fetch",49075.3210111328,0.0681402236223221
"species_1_fetch",49263.9065356445,0.0672933533787727
"species_1_fetch",49452.4920601563,0.0664530619978905
"species_1_fetch",49641.077584668,0.0656193792819977
"species_1_fetch",49829.6631091797,0.0647923052310944
"species_1_fetch",50018.2486336914,0.0639718621969223
"species_1_fetch",50206.8341582031,0.0631580650806427
"species_1_fetch",50395.4196827148,0.062350932508707
"species_1_fetch",50584.0052072266,0.0615504533052444
"species_1_fetch",50772.5907317383,0.0607566498219967
"species_1_fetch",50961.17625625,0.0599695257842541
"species_1_fetch",51149.7617807617,0.0591890923678875
"species_1_fetch",51338.3473052734,0.0584153570234776
"species_1_fetch",51526.9328297852,0.0576483197510242
"species_1_fetch",51715.5183542969,0.0568879842758179
"species_1_fetch",51904.1038788086,0.0561343543231487
"species_1_fetch",52092.6894033203,0.055387444794178
"species_1_fetch",52281.274927832,0.0546472258865833
"species_1_fetch",52469.8604523438,0.0539137087762356
"species_1_fetch",52658.4459768555,0.0531868934631348
"species_1_fetch",52847.0315013672,0.0524667762219906
"species_1_fetch",53035.6170258789,0.0517533496022224
"species_1_fetch",53224.2025503906,0.05104660987854
"species_1_fetch",53412.7880749023,0.0503465458750725
"species_1_fetch",53601.3735994141,0.0496531575918198
"species_1_fetch",53789.9591239258,0.0489664264023304
"species_1_fetch",53978.5446484375,0.048286359757185
"species_1_fetch",54167.1301729492,0.0476129204034805
"species_1_fetch",54355.715697461,0.046946108341217
"species_1_fetch",54544.3012219727,0.0462859086692333
"species_1_fetch",54732.8867464844,0.0456323064863682
"species_1_fetch",54921.4722709961,0.0449852906167507
"species_1_fetch",55110.0577955078,0.0443448424339294
"species_1_fetch",55298.6433200195,0.0437109433114529
"species_1_fetch",55487.2288445313,0.0430835746228695
"species_1_fetch",55675.814369043,0.042462732642889
"species_1_fetch",55864.3998935547,0.0418483689427376
"species_1_fetch",56052.9854180664,0.0412404760718346
"species_1_fetch",56241.5709425781,0.0406390354037285
"species_1_fetch",56430.1564670899,0.0400440208613873
"species_1_fetch",56618.7419916016,0.0394554100930691
"species_1_fetch",56807.3275161133,0.0388731770217419
"species_1_fetch",56995.913040625,0.0382972992956638
"species_1_fetch",57184.4985651367,0.0377277508378029
"species_1_fetch",57373.0840896485,0.0371645018458366
"species_1_fetch",57561.6696141602,0.0366075411438942
"species_1_fetch",57750.2551386719,0.0360568165779114
"species_1_fetch",57938.8406631836,0.0355123057961464
"species_1_fetch",58127.4261876953,0.0349739827215672
"species_1_fetch",58316.011712207,0.0344418212771416
"species_1_fetch",58504.5972367188,0.0339157842099667
"species_1_fetch",58693.1827612305,0.03339584171772
"species_1_fetch",58881.7682857422,0.0328819639980793
"species_1_fetch",59070.3538102539,0.0323741175234318
"species_1_fetch",59258.9393347656,0.0318722762167454
"species_1_fetch",59447.5248592773,0.0313763916492462
"species_1_fetch",59636.1103837891,0.0308864340186119
"species_1_fetch",59824.6959083008,0.0304023716598749
"species_1_fetch",60013.2814328125,0.0299241654574871
"species_1_fetch",60201.8669573242,0.0294517837464809
"species_1_fetch",60390.4524818359,0.0289851874113083
"species_1_fetch",60579.0380063477,0.0285243410617113
"species_1_fetch",60767.6235308594,0.0280692055821419
"species_1_fetch",60956.2090553711,0.027619743719697
"species_1_fetch",61144.7945798828,0.0271759275346994
"species_1_fetch",61333.3801043945,0.0267376974225044
"species_1_fetch",61521.9656289063,0.0263050254434347
"species_1_fetch",61710.551153418,0.0258778724819422
"species_1_fetch",61899.1366779297,0.0254561994224787
"species_1_fetch",62087.7222024414,0.0250399634242058
"species_1_fetch",62276.3077269531,0.0246291235089302
"species_1_fetch",62464.8932514649,0.024223642423749
"species_1_fetch",62653.4787759766,0.0238234773278236
"species_1_fetch",62842.0643004883,0.0234285946935415
"species_1_fetch",63030.649825,0.0230389386415482
"species_1_fetch",63219.2353495117,0.0226544719189405
"species_1_fetch",63407.8208740234,0.0222751535475254
"species_1_fetch",63596.4063985352,0.0219009425491095
"species_1_fetch",63784.9919230469,0.0215317960828543
"species_1_fetch",63973.5774475586,0.0211676713079214
"species_1_fetch",64162.1629720703,0.0208085235208273
"species_1_fetch",64350.748496582,0.0204543117433786
"species_1_fetch",64539.3340210938,0.020104993134737
"species_1_fetch",64727.9195456055,0.0197605285793543
"species_1_fetch",64916.5050701172,0.0194208640605211
"species_1_fetch",65105.0905946289,0.0190859586000443
"species_1_fetch",65293.6761191406,0.0187557730823755
"species_1_fetch",65482.2616436523,0.0184302609413862
"species_1_fetch",65670.8471681641,0.0181093849241734
"species_1_fetch",65859.4326926758,0.0177930891513824
"species_1_fetch",66048.0182171875,0.0174813363701105
"species_1_fetch",66236.6037416992,0.0171740800142288
"species_1_fetch",66425.1892662109,0.0168712791055441
"species_1_fetch",66613.7747907227,0.0165728889405727
"species_1_fetch",66802.3603152344,0.0162788648158312
"species_1_fetch",66990.9458397461,0.0159891620278358
"species_1_fetch",67179.5313642578,0.0157037377357483
"species_1_fetch",67368.1168887695,0.0154225463047624
"species_1_fetch",67556.7024132813,0.0151455458253622
"species_1_fetch",67745.287937793,0.0148726915940642
"species_1_fetch",67933.8734623047,0.0146039389073849
"species_1_fetch",68122.4589868164,0.0143392458558083
"species_1_fetch",68311.0445113281,0.0140785668045282
"species_1_fetch",68499.6300358398,0.0138218589127064
"species_1_fetch",68688.2155603516,0.0135690793395042
"species_1_fetch",68876.8010848633,0.0133201833814383
"species_1_fetch",69065.386609375,0.0130751384422183
"species_1_fetch",69253.9721338867,0.0128338811919093
"species_1_fetch",69442.5576583984,0.0125963790342212
"species_1_fetch",69631.1431829101,0.0123625891283154
"species_1_fetch",69819.7287074219,0.0121324677020311
"species_1_fetch",70008.3142319336,0.011905973777175
"species_1_fetch",70196.8997564453,0.0116830635815859
"species_1_fetch",70385.485280957,0.0114636952057481
"species_1_fetch",70574.0708054687,0.0112478267401457
"species_1_fetch",70762.6563299805,0.0110354162752628
"species_1_fetch",70951.2418544922,0.0108264219015837
"species_1_fetch",71139.8273790039,0.0106208026409149
"species_1_fetch",71328.4129035156,0.0104185175150633
"species_1_fetch",71516.9984280273,0.0102195236831903
"species_1_fetch",71705.5839525391,0.0100237829610705
"species_1_fetch",71894.1694770508,0.00983125250786543
"species_1_fetch",72082.7550015625,0.00964189227670431
"species_1_fetch",72271.3405260742,0.00945566315203905
"species_1_fetch",72459.9260505859,0.00927252508699894
"species_1_fetch",72648.5115750977,0.00909244455397129
"species_1_fetch",72837.0970996094,0.00891536846756935
"species_1_fetch",73025.6826241211,0.00874126423150301
"species_1_fetch",73214.2681486328,0.00857009366154671
"species_1_fetch",73402.8536731445,0.00840181857347488
"species_1_fetch",73591.4391976562,0.00823639892041683
"species_1_fetch",73780.024722168,0.00807379838079214
"species_1_fetch",73968.6102466797,0.00791397783905268
"species_1_fetch",74157.1957711914,0.00775689957663417
"species_1_fetch",74345.7812957031,0.00760252773761749
"species_1_fetch",74534.3668202148,0.00745082413777709
"species_1_fetch",74722.9523447266,0.00730175245553255
"species_1_fetch",74911.5378692383,0.00715527636930346
"species_1_fetch",75100.12339375,0.00701136002317071
"species_1_fetch",75288.7089182617,0.00686996662989259
"species_1_fetch",75477.2944427734,0.00673106173053384
"species_1_fetch",75665.8799672852,0.00659460946917534
"species_1_fetch",75854.4654917969,0.00646057538688183
"species_1_fetch",76043.0510163086,0.00632892409339547
"species_1_fetch",76231.6365408203,0.00619962764903903
"species_1_fetch",76420.222065332,0.00607264041900635
"species_1_fetch",76608.8075898438,0.00594793446362019
"species_1_fetch",76797.3931143555,0.00582547672092915
"species_1_fetch",76985.9786388672,0.00570523366332054
"species_1_fetch",77174.5641633789,0.00558717269450426
"species_1_fetch",77363.1496878906,0.00547126168385148
"species_1_fetch",77551.7352124024,0.00535746803507209
"species_1_fetch",77740.3207369141,0.00524576008319855
"species_1_fetch",77928.9062614258,0.00513610616326332
"species_1_fetch",78117.4917859375,0.00502847554162145
"species_1_fetch",78306.0773104492,0.00492283748462796
"species_1_fetch",78494.662834961,0.00481916079297662
"species_1_fetch",78683.2483594727,0.00471741566434503
"species_1_fetch",78871.8338839844,0.0046175722964108
"species_1_fetch",79060.4194084961,0.00451960135251284
"species_1_fetch",79249.0049330078,0.00448735663667321
"species_1_fetch",79437.5904575195,0.00448735663667321
"species_1_fetch",79626.1759820312,0.00448735663667321
"species_1_fetch",79814.761506543,0.00448735663667321
"species_1_fetch",80003.3470310547,0.00448735663667321
"species_1_fetch",80191.9325555664,0.00448735663667321
"species_1_fetch",80380.5180800781,0.00448735663667321
"species_1_fetch",80569.1036045899,0.00448735663667321
"species_1_fetch",80757.6891291016,0.00448735663667321
"species_1_fetch",80946.2746536133,0.00448735663667321
"species_1_fetch",81134.860178125,0.00448735663667321
"species_1_fetch",81323.4457026367,0.00448735663667321
"species_1_fetch",81512.0312271484,0.00448735663667321
"species_1_fetch",81700.6167516602,0.00448735663667321
"species_1_fetch",81889.2022761719,0.00448735663667321
"species_1_fetch",82077.7878006836,0.00448735663667321
"species_1_fetch",82266.3733251953,0.00448735663667321
"species_1_fetch",82454.958849707,0.00448735663667321
"species_1_fetch",82643.5443742187,0.00448735663667321
"species_1_fetch",82832.1298987305,0.00448735663667321
"species_1_fetch",83020.7154232422,0.00448735663667321
"species_1_fetch",83209.3009477539,0.00448735663667321
"species_1_fetch",83397.8864722656,0.00448735663667321
"species_1_fetch",83586.4719967774,0.00448735663667321
"species_1_fetch",83775.0575212891,0.00448735663667321
"species_1_fetch",83963.6430458008,0.00448735663667321
"species_1_fetch",84152.2285703125,0.00448735663667321
"species_1_fetch",84340.8140948242,0.00448735663667321
"species_1_fetch",84529.399619336,0.00448735663667321
"species_1_fetch",84717.9851438477,0.00448735663667321
"species_1_fetch",84906.5706683594,0.00448735663667321
"species_1_fetch",85095.1561928711,0.00448735663667321
"species_1_fetch",85283.7417173828,0.00448735663667321
"species_1_fetch",85472.3272418945,0.00448735663667321
"species_1_fetch",85660.9127664063,0.00448735663667321
"species_1_fetch",85849.498290918,0.00448735663667321
"species_1_fetch",86038.0838154297,0.00448735663667321
"species_1_fetch",86226.6693399414,0.00448735663667321
"species_1_fetch",86415.2548644531,0.00448735663667321
"species_1_fetch",86603.8403889649,0.00448735663667321
"species_1_fetch",86792.4259134766,0.00448735663667321
"species_1_fetch",86981.0114379883,0.00448735663667321
"species_1_substrate_hist_only",1,0.716733634471893
"species_1_substrate_hist_only",2,0.126983240246773
"species_1_substrate_hist_only",3,0.296313583850861
"species_1_substrate_hist_only",4,0.296313583850861
"species_1_substrate_hist_only",6,0.296313583850861
"species_1_substrate_hist_only",7,0.296313583850861
"species_1_substrate_hist_only",8,0.522162914276123
"species_1_substrate_hist_only",9,0.64544802904129
"species_1_substrate_hist_only",10,0.322908937931061
"species_1_substrate_hist_only",11,0.296313583850861
"species_1_substrate_hist_only",12,0.296313583850861
"species_1_substrate_hist_only",13,0.296313583850861
"species_1_substrate_hist",1,0.18259896337986
"species_1_substrate_hist",2,0.139032140374184
"species_1_substrate_hist",3,0.18259896337986
"species_1_substrate_hist",4,0.18259896337986
"species_1_substrate_hist",6,0.18259896337986
"species_1_substrate_hist",7,0.18259896337986
"species_1_substrate_hist",8,0.262116253376007
"species_1_substrate_hist",9,0.305651217699051
"species_1_substrate_hist",10,0.18259896337986
"species_1_substrate_hist",11,0.18259896337986
"species_1_substrate_hist",12,0.18259896337986
"species_1_substrate_hist",13,0.18259896337986
"species_2_bathy_extrap_only",-22.5506229281425,0.929835557937622
"species_2_bathy_extrap_only",-21.9847211406708,0.929835557937622
"species_2_bathy_extrap_only",-21.418819353199,0.929835557937622
"species_2_bathy_extrap_only",-20.8529175657272,0.929835557937622
"species_2_bathy_extrap_only",-20.2870157782555,0.929835557937622
"species_2_bathy_extrap_only",-19.7211139907837,0.929835557937622
"species_2_bathy_extrap_only",-19.1552122033119,0.929835557937622
"species_2_bathy_extrap_only",-18.5893104158401,0.929835557937622
"species_2_bathy_extrap_only",-18.0234086283684,0.929835557937622
"species_2_bathy_extrap_only",-17.4575068408966,0.929835557937622
"species_2_bathy_extrap_only",-16.8916050534248,0.929835557937622
"species_2_bathy_extrap_only",-16.3257032659531,0.929835557937622
"species_2_bathy_extrap_only",-15.7598014784813,0.929835557937622
"species_2_bathy_extrap_only",-15.1938996910095,0.929835557937622
"species_2_bathy_extrap_only",-14.6279979035378,0.929835557937622
"species_2_bathy_extrap_only",-14.062096116066,0.929835557937622
"species_2_bathy_extrap_only",-13.4961943285942,0.929835557937622
"species_2_bathy_extrap_only",-12.9302925411224,0.929835557937622
"species_2_bathy_extrap_only",-12.3643907536507,0.929835557937622
"species_2_bathy_extrap_only",-11.7984889661789,0.929835557937622
"species_2_bathy_extrap_only",-11.2325871787071,0.929835557937622
"species_2_bathy_extrap_only",-10.6666853912353,0.929835557937622
"species_2_bathy_extrap_only",-10.1007836037636,0.929835557937622
"species_2_bathy_extrap_only",-9.53488181629181,0.929835557937622
"species_2_bathy_extrap_only",-8.96898002882004,0.929835557937622
"species_2_bathy_extrap_only",-8.40307824134826,0.929835557937622
"species_2_bathy_extrap_only",-7.83717645387649,0.929835557937622
"species_2_bathy_extrap_only",-7.27127466640472,0.929835557937622
"species_2_bathy_extrap_only",-6.70537287893295,0.929835557937622
"species_2_bathy_extrap_only",-6.13947109146118,0.929835557937622
"species_2_bathy_extrap_only",-5.57356930398941,0.929835557937622
"species_2_bathy_extrap_only",-5.00766751651764,0.929835557937622
"species_2_bathy_extrap_only",-4.44176572904586,0.929835557937622
"species_2_bathy_extrap_only",-3.87586394157409,0.929835557937622
"species_2_bathy_extrap_only",-3.30996215410232,0.929835557937622
"species_2_bathy_extrap_only",-2.74406036663055,0.929835557937622
"species_2_bathy_extrap_only",-2.17815857915878,0.929835557937622
"species_2_bathy_extrap_only",-1.61225679168701,0.929835557937622
"species_2_bathy_extrap_only",-1.04635500421524,0.929835557937622
"species_2_bathy_extrap_only",-0.480453216743463,0.929835557937622
"species_2_bathy_extrap_only",0.0854485707283068,0.929835557937622
"species_2_bathy_extrap_only",0.65135035820008,0.929835557937622
"species_2_bathy_extrap_only",1.21725214567185,0.852229058742523
"species_2_bathy_extrap_only",1.78315393314362,0.840326309204102
"species_2_bathy_extrap_only",2.34905572061539,0.827658712863922
"species_2_bathy_extrap_only",2.91495750808717,0.814208269119263
"species_2_bathy_extrap_only",3.48085929555894,0.799961864948273
"species_2_bathy_extrap_only",4.04676108303071,0.774046421051025
"species_2_bathy_extrap_only",4.61266287050248,0.745279908180237
"species_2_bathy_extrap_only",5.17856465797425,0.714203298091888
"species_2_bathy_extrap_only",5.74446644544602,0.680958271026611
"species_2_bathy_extrap_only",6.31036823291779,0.645764172077179
"species_2_bathy_extrap_only",6.87627002038957,0.608917355537415
"species_2_bathy_extrap_only",7.44217180786134,0.570785343647003
"species_2_bathy_extrap_only",8.00807359533311,0.53179407119751
"species_2_bathy_extrap_only",8.57397538280488,0.492410689592362
"species_2_bathy_extrap_only",9.13987717027665,0.453121274709702
"species_2_bathy_extrap_only",9.70577895774842,0.414407342672348
"species_2_bathy_extrap_only",10.2716807452202,0.376722574234009
"species_2_bathy_extrap_only",10.837582532692,0.340472251176834
"species_2_bathy_extrap_only",11.4034843201637,0.305997610092163
"species_2_bathy_extrap_only",11.9693861076355,0.273703306913376
"species_2_bathy_extrap_only",12.5352878951073,0.249659150838852
"species_2_bathy_extrap_only",13.1011896825791,0.22881230711937
"species_2_bathy_extrap_only",13.6670914700508,0.209220826625824
"species_2_bathy_extrap_only",14.2329932575226,0.190891593694687
"species_2_bathy_extrap_only",14.7988950449944,0.173815190792084
"species_2_bathy_extrap_only",15.3647968324661,0.157968118786812
"species_2_bathy_extrap_only",15.9306986199379,0.143315240740776
"species_2_bathy_extrap_only",16.4966004074097,0.129811972379684
"species_2_bathy_extrap_only",17.0625021948814,0.11740667372942
"species_2_bathy_extrap_only",17.6284039823532,0.108031257987022
"species_2_bathy_extrap_only",18.194305769825,0.103699363768101
"species_2_bathy_extrap_only",18.7602075572968,0.0999662801623344
"species_2_bathy_extrap_only",19.3261093447685,0.096353143453598
"species_2_bathy_extrap_only",19.8920111322403,0.092857114970684
"species_2_bathy_extrap_only",20.4579129197121,0.0894753858447075
"species_2_bathy_extrap_only",21.0238147071838,0.0862050950527191
"species_2_bathy_extrap_only",21.5897164946556,0.0830434486269951
"species_2_bathy_extrap_only",22.1556182821274,0.0799875929951668
"species_2_bathy_extrap_only",22.7215200695992,0.0770347565412521
"species_2_bathy_extrap_only",23.2874218570709,0.0741821229457855
"species_2_bathy_extrap_only",23.8533236445427,0.0714269578456879
"species_2_bathy_extrap_only",24.4192254320145,0.0687665119767189
"species_2_bathy_extrap_only",24.9851272194862,0.0661981105804443
"species_2_bathy_extrap_only",25.551029006958,0.0637190565466881
"species_2_bathy_extrap_only",26.1169307944298,0.0613267570734024
"species_2_bathy_extrap_only",26.6828325819016,0.0590186044573784
"species_2_bathy_extrap_only",27.2487343693733,0.056792076677084
"species_2_bathy_extrap_only",27.8146361568451,0.0546446591615677
"species_2_bathy_extrap_only",28.3805379443169,0.052573923021555
"species_2_bathy_extrap_only",28.9464397317886,0.050577450543642
"species_2_bathy_extrap_only",29.5123415192604,0.0486528985202312
"species_2_bathy_extrap_only",30.0782433067322,0.046797975897789
"species_2_bathy_extrap_only",30.644145094204,0.0450104214251041
"species_2_bathy_extrap_only",31.2100468816757,0.0432880520820618
"species_2_bathy_extrap_only",31.7759486691475,0.0416287146508694
"species_2_bathy_extrap_only",32.3418504566193,0.0400303266942501
"species_2_bathy_extrap_only",32.907752244091,0.0384908393025398
"species_2_bathy_extrap_only",33.4736540315628,0.03700827434659
"species_2_bathy_extrap_only",34.0395558190346,0.035580713301897
"species_2_bathy_extrap_only",34.6054576065064,0.034206248819828
"species_2_bathy_extrap_only",35.1713593939781,0.0328830741345882
"species_2_bathy_extrap_only",35.7372611814499,0.0316094048321247
"species_2_bathy_extrap_only",36.3031629689217,0.0303835291415453
"species_2_bathy_extrap_only",36.8690647563934,0.0292037520557642
"species_2_bathy_extrap_only",37.4349665438652,0.028068458661437
"species_2_bathy_extrap_only",38.000868331337,0.0269760750234127
"species_2_bathy_extrap_only",38.5667701188088,0.0259250774979591
"species_2_bathy_extrap_only",39.1326719062805,0.0249139722436666
"species_2_bathy_extrap_only",39.6985736937523,0.0239413324743509
"species_2_bathy_extrap_only",40.2644754812241,0.0230057667940855
"species_2_bathy_extrap_only",40.8303772686958,0.0221059396862984
"species_2_bathy_extrap_only",41.3962790561676,0.0212405361235142
"species_2_bathy_extrap_only",41.9621808436394,0.0204083062708378
"species_2_bathy_extrap_only",42.5280826311112,0.0196080282330513
"species_2_bathy_extrap_only",43.0939844185829,0.0188385359942913
"species_2_bathy_extrap_only",43.6598862060547,0.0180986765772104
"species_2_bathy_extrap_only",44.2257879935265,0.0173873621970415
"species_2_bathy_extrap_only",44.7916897809983,0.0167035255581141
"species_2_bathy_extrap_only",45.35759156847,0.0160461515188217
"species_2_bathy_extrap_only",45.9234933559418,0.0154142370447516
"species_2_bathy_extrap_only",46.4893951434136,0.0148068340495229
"species_2_bathy_extrap_only",47.0552969308853,0.0142230205237865
"species_2_bathy_extrap_only",47.6211987183571,0.0136619061231613
"species_2_bathy_extrap_only",48.1871005058289,0.0131226377561688
"species_2_bathy_extrap_only",48.7530022933007,0.0126043800264597
"species_2_bathy_extrap_only",49.3189040807724,0.0121063394472003
"species_2_bathy_extrap_only",49.8848058682442,0.0116277458146214
"species_2_bathy_extrap_only",50.450707655716,0.011167861521244
"species_2_bathy_extrap_only",51.0166094431877,0.0107259647920728
"species_2_bathy_extrap_only",51.5825112306595,0.0103013720363379
"species_2_bathy_extrap_only",52.1484130181313,0.00989341922104359
"species_2_bathy_extrap_only",52.714314805603,0.00950146839022636
"species_2_bathy_extrap_only",53.2802165930748,0.00912490114569664
"species_2_bathy_extrap_only",53.8461183805466,0.00876312609761953
"species_2_bathy_extrap_only",54.4120201680184,0.00841557141393423
"species_2_bathy_extrap_only",54.9779219554901,0.00808169227093458
"species_2_bathy_extrap_only",55.5438237429619,0.0077609526924789
"species_2_bathy_extrap_only",56.1097255304337,0.00745284697040915
"species_2_bathy_extrap_only",56.6756273179055,0.00715688476338983
"species_2_bathy_extrap_only",57.2415291053772,0.00687259621918202
"species_2_bathy_extrap_only",57.807430892849,0.0065995235927403
"species_2_bathy_extrap_only",58.3733326803208,0.00633723149076104
"species_2_bathy_extrap_only",58.9392344677925,0.0060852998867631
"species_2_bathy_extrap_only",59.5051362552643,0.00584332691505551
"species_2_bathy_extrap_only",60.0710380427361,0.00561091955751181
"species_2_bathy_extrap_only",60.6369398302079,0.00538770528510213
"species_2_bathy_extrap_only",61.2028416176796,0.00517332507297397
"species_2_bathy_extrap_only",61.7687434051514,0.00496743433177471
"species_2_bathy_extrap_only",62.3346451926232,0.00476969638839364
"species_2_bathy_extrap_only",62.900546980095,0.0045797941274941
"species_2_bathy_extrap_only",63.4664487675667,0.00439741928130388
"species_2_bathy_extrap_only",64.0323505550385,0.00422227708622813
"species_2_bathy_extrap_only",64.5982523425102,0.00405408069491386
"species_2_bathy_extrap_only",65.164154129982,0.00389255862683058
"species_2_bathy_extrap_only",65.7300559174538,0.00373744778335094
"species_2_bathy_extrap_only",66.2959577049256,0.00358849531039596
"species_2_bathy_extrap_only",66.8618594923973,0.00344545883126557
"species_2_bathy_extrap_only",67.4277612798691,0.0033081048168242
"species_2_bathy_extrap_only",67.9936630673409,0.00317621068097651
"species_2_bathy_extrap_only",68.5595648548126,0.00304955756291747
"species_2_bathy_extrap_only",69.1254666422844,0.00292793987318873
"species_2_bathy_extrap_only",69.6913684297562,0.00281115854158998
"species_2_bathy_extrap_only",70.257270217228,0.0026990226469934
"species_2_bathy_extrap_only",70.8231720046997,0.00259134802035987
"species_2_bathy_extrap_only",71.3890737921715,0.00248795840889215
"species_2_bathy_extrap_only",71.9549755796433,0.00238868384622037
"species_2_bathy_extrap_only",72.520877367115,0.00229336274787784
"species_2_bathy_extrap_only",73.0867791545868,0.00220183562487364
"species_2_bathy_extrap_only",73.6526809420586,0.00211395393125713
"species_2_bathy_extrap_only",74.2185827295304,0.00202957238070667
"species_2_bathy_extrap_only",74.7844845170021,0.00194855278823525
"species_2_bathy_extrap_only",75.3503863044739,0.00187076115980744
"species_2_bathy_extrap_only",75.9162880919457,0.00179606967139989
"species_2_bathy_extrap_only",76.4821898794174,0.0017243551556021
"species_2_bathy_extrap_only",77.0480916668892,0.00165550026576966
"species_2_bathy_extrap_only",77.613993454361,0.00158938963431865
"species_2_bathy_extrap_only",78.1798952418328,0.00152591487858444
"species_2_bathy_extrap_only",78.7457970293045,0.00146497145760804
"species_2_bathy_extrap_only",79.3116988167763,0.00140645855572075
"species_2_bathy_extrap_only",79.8776006042481,0.00135027966462076
"species_2_bathy_extrap_only",80.4435023917198,0.00129634176846594
"species_2_bathy_extrap_only",81.0094041791916,0.00124455580953509
"species_2_bathy_extrap_only",81.5753059666634,0.00119483610615134
"species_2_bathy_extrap_only",82.1412077541352,0.0011471010511741
"species_2_bathy_extrap_only",82.7071095416069,0.00110127031803131
"species_2_bathy_extrap_only",83.2730113290787,0.00105726881884038
"species_2_bathy_extrap_only",83.8389131165505,0.00101502356119454
"species_2_bathy_extrap_only",84.4048149040222,0.000974464637693018
"species_2_bathy_extrap_only",84.970716691494,0.000935524876695126
"species_2_bathy_extrap_only",85.5366184789658,0.000898139784112573
"species_2_bathy_extrap_only",86.1025202664376,0.000862247368786484
"species_2_bathy_extrap_only",86.6684220539093,0.000827788608148694
"species_2_bathy_extrap_only",87.2343238413811,0.00079470535274595
"species_2_bathy_extrap_only",87.8002256288529,0.000762943353038281
"species_2_bathy_extrap_only",88.3661274163246,0.000732449814677238
"species_2_bathy_extrap_only",88.9320292037964,0.000703174213413149
"species_2_bathy_extrap_only",89.4979309912682,0.000675068004056811
"species_2_bathy_extrap_only",90.06383277874,0.000648084387648851
"species_2_bathy_extrap_only",90.6297345662117,0.000622178718913347
"species_2_bathy_extrap_only",91.1956363536835,0.000597308331634849
"species_2_bathy_extrap_only",91.7615381411553,0.000573431141674519
"species_2_bathy_extrap_only",92.3274399286271,0.000550507917068899
"species_2_bathy_extrap_only",92.8933417160988,0.000528500590007752
"species_2_bathy_extrap_only",93.4592435035706,0.000507372606080025
"species_2_bathy_extrap_only",94.0251452910424,0.000487088807858527
"species_2_bathy_extrap_only",94.5910470785141,0.000467615551315248
"species_2_bathy_extrap_only",95.1569488659859,0.000448920472990722
"species_2_bathy_extrap_only",95.7228506534577,0.000430972722824663
"species_2_bathy_extrap_only",96.2887524409294,0.000413742003729567
"species_2_bathy_extrap_only",96.8546542284012,0.000397199910366908
"species_2_bathy_extrap_only",97.420556015873,0.000381318939616904
"species_2_bathy_extrap_only",97.9864578033448,0.00036607269430533
"species_2_bathy_extrap_only",98.5523595908165,0.00035143582499586
"species_2_bathy_extrap_only",99.1182613782883,0.000337384000886232
"species_2_bathy_extrap_only",99.6841631657601,0.000323893851600587
"species_2_bathy_extrap_only",100.250064953232,0.000310942908981815
"species_2_bathy_extrap_only",100.815966740704,0.00029850983992219
"species_2_bathy_extrap_only",101.381868528175,0.000286573602352291
"species_2_bathy_extrap_only",101.947770315647,0.000275114492978901
"species_2_bathy_extrap_only",102.513672103119,0.000264113507000729
"species_2_bathy_extrap_only",103.079573890591,0.000253552279900759
"species_2_bathy_extrap_only",103.645475678062,0.00024341327662114
"species_2_bathy_extrap_only",104.211377465534,0.000233679616940208
"species_2_bathy_extrap_only",104.777279253006,0.000224335104576312
"species_2_bathy_extrap_only",105.343181040478,0.000215364299947396
"species_2_bathy_extrap_only",105.90908282795,0.000206752039957792
"species_2_bathy_extrap_only",106.474984615421,0.000198484107386321
"species_2_bathy_extrap_only",107.040886402893,0.000190546736121178
"species_2_bathy_extrap_only",107.606788190365,0.00018292672757525
"species_2_bathy_extrap_only",108.172689977837,0.000175611392478459
"species_2_bathy_extrap_only",108.738591765308,0.000168588550877757
"species_2_bathy_extrap_only",109.30449355278,0.000161846503033303
"species_2_bathy_extrap_only",109.870395340252,0.00015537413128186
"species_2_bathy_extrap_only",110.436297127724,0.000149160478031263
"species_2_bathy_extrap_only",111.002198915196,0.000143195284181274
"species_2_bathy_extrap_only",111.568100702667,0.000137468610773794
"species_2_bathy_extrap_only",112.134002490139,0.000131970926304348
"species_2_bathy_extrap_only",112.699904277611,0.000126693077618256
"species_2_bathy_extrap_only",113.265806065083,0.000121626282634679
"species_2_bathy_extrap_only",113.831707852554,0.000116762093966827
"species_2_bathy_extrap_only",114.397609640026,0.000112092478957493
"species_2_bathy_extrap_only",114.963511427498,0.000107609535916708
"species_2_bathy_extrap_only",115.52941321497,0.00010330586519558
"species_2_bathy_extrap_only",116.095315002441,9.91742926998995e-05
"species_2_bathy_extrap_only",116.661216789913,9.52079426497221e-05
"species_2_bathy_extrap_only",117.227118577385,9.14002084755339e-05
"species_2_bathy_extrap_only",117.793020364857,8.77447382663377e-05
"species_2_bathy_extrap_only",118.358922152329,8.42354638734832e-05
"species_2_bathy_extrap_only",118.9248239398,8.08665208751336e-05
"species_2_bathy_extrap_only",119.490725727272,7.76323504396714e-05
"species_2_bathy_extrap_only",120.056627514744,7.45274810469709e-05
"species_2_bathy_extrap_only",120.622529302216,7.15467758709565e-05
"species_2_bathy_extrap_only",121.188431089687,6.86852799844928e-05
"species_2_bathy_extrap_only",121.754332877159,6.59382130834274e-05
"species_2_bathy_extrap_only",122.320234664631,6.33010131423362e-05
"species_2_bathy_extrap_only",122.886136452103,6.07692818448413e-05
"species_2_bathy_extrap_only",123.452038239574,5.83388027735054e-05
"species_2_bathy_extrap_only",124.017940027046,5.60055523237679e-05
"species_2_bathy_extrap_only",124.583841814518,5.37655905645806e-05
"species_2_bathy_extrap_only",125.14974360199,5.16152067575604e-05
"species_2_bathy_extrap_only",125.715645389462,4.95508284075186e-05
"species_2_bathy_extrap_only",126.281547176933,4.75690103485249e-05
"species_2_bathy_extrap_only",126.847448964405,4.56664529338013e-05
"species_2_bathy_extrap_only",127.413350751877,4.38399874838069e-05
"species_2_bathy_extrap_only",127.979252539349,4.20865690102801e-05
"species_2_bathy_extrap_only",128.54515432682,4.04032980441116e-05
"species_2_bathy_extrap_only",129.111056114292,3.87873296858743e-05
"species_2_bathy_extrap_only",129.676957901764,3.7235990021145e-05
"species_2_bathy_extrap_only",130.242859689236,3.57466924469918e-05
"species_2_bathy_extrap_only",130.808761476707,3.4316963137826e-05
"species_2_bathy_extrap_only",131.374663264179,3.29444119415712e-05
"species_2_bathy_extrap_only",131.940565051651,3.16267578455154e-05
"species_2_bathy_extrap_only",132.506466839123,3.03618035104591e-05
"species_2_bathy_extrap_only",133.072368626595,2.91474407276837e-05
"species_2_bathy_extrap_only",133.638270414066,2.79816467809724e-05
"species_2_bathy_extrap_only",134.204172201538,2.68624808086315e-05
"species_2_bathy_extrap_only",134.77007398901,2.57880747085437e-05
"species_2_bathy_extrap_only",135.335975776482,2.47566404141253e-05
"species_2_bathy_extrap_only",135.901877563953,2.37664844462415e-05
"species_2_bathy_extrap_only",136.467779351425,2.28159060498001e-05
"species_2_bathy_extrap_only",137.033681138897,2.19033445318928e-05
"species_2_bathy_extrap_only",137.599582926369,2.1027282855357e-05
"species_2_bathy_extrap_only",138.165484713841,2.01862603717018e-05
"species_2_bathy_extrap_only",138.731386501312,1.93788746400969e-05
"species_2_bathy_extrap_only",139.297288288784,1.86037814273732e-05
"species_2_bathy_extrap_only",139.863190076256,1.78596892510541e-05
"species_2_bathy_extrap_only",140.429091863728,1.71453575603664e-05
"species_2_bathy_extrap_only",140.994993651199,1.64595967362402e-05
"species_2_bathy_extrap_only",141.560895438671,1.58012626343407e-05
"species_2_bathy_extrap_only",142.126797226143,1.51692611325416e-05
"species_2_bathy_extrap_only",142.692699013615,1.45625363074942e-05
"species_2_bathy_extrap_only",143.258600801086,1.39800786200794e-05
"species_2_bathy_extrap_only",143.824502588558,1.34209176394506e-05
"species_2_bathy_extrap_only",144.39040437603,1.28841202240437e-05
"species_2_bathy_extrap_only",144.956306163502,1.23688068924821e-05
"species_2_bathy_extrap_only",145.522207950974,1.18740908874315e-05
"species_2_bathy_extrap_only",146.088109738445,1.13991618491127e-05
"species_2_bathy_extrap_only",146.654011525917,1.09432285171351e-05
"species_2_bathy_extrap_only",147.219913313389,1.05055305539281e-05
"species_2_bathy_extrap_only",147.785815100861,1.00853394542355e-05
"species_2_bathy_extrap_only",148.351716888332,9.68195399764227e-06
"species_2_bathy_extrap_only",148.917618675804,9.29470297705848e-06
"species_2_bathy_extrap_only",149.483520463276,8.92294156074058e-06
"species_2_bathy_extrap_only",150.049422250748,8.56604856380727e-06
"species_2_bathy_extrap_only",150.615324038219,8.22343008621829e-06
"species_2_bathy_extrap_only",151.181225825691,7.89451587479562e-06
"species_2_bathy_extrap_only",151.747127613163,7.57875659473939e-06
"species_2_bathy_extrap_only",152.313029400635,7.27562746760668e-06
"species_2_bathy_extrap_only",152.878931188107,6.98462190484861e-06
"species_2_bathy_extrap_only",153.444832975578,6.70525605528383e-06
"species_2_bathy_extrap_only",154.01073476305,6.43706380287767e-06
"species_2_bathy_extrap_only",154.576636550522,6.17960540694185e-06
"species_2_bathy_extrap_only",155.142538337994,5.93243794355658e-06
"species_2_bathy_extrap_only",155.708440125465,5.69515623283223e-06
"species_2_bathy_extrap_only",156.274341912937,5.46736509932089e-06
"species_2_bathy_extrap_only",156.840243700409,5.2486852837319e-06
"species_2_bathy_extrap_only",157.406145487881,5.03875162394252e-06
"species_2_bathy_extrap_only",157.972047275353,4.83721487398725e-06
"species_2_bathy_extrap_only",158.537949062824,4.6437389755738e-06
"species_2_bathy_extrap_only",159.103850850296,4.45800151283038e-06
"species_2_bathy_extrap_only",159.669752637768,4.27969325755839e-06
"species_2_bathy_extrap_only",160.23565442524,4.10851680499036e-06
"species_2_bathy_extrap_only",160.801556212711,3.94418657378992e-06
"species_2_bathy_extrap_only",161.367458000183,3.78642948817287e-06
"species_2_bathy_extrap_only",161.933359787655,3.63498202204937e-06
"species_2_bathy_extrap_only",162.499261575127,3.48959224538703e-06
"species_2_bathy_extrap_only",163.065163362598,3.35001755047415e-06
"species_2_bathy_extrap_only",163.63106515007,3.21602897201956e-06
"species_2_bathy_extrap_only",164.196966937542,3.08739618049003e-06
"species_2_bathy_extrap_only",164.762868725014,2.96390817311476e-06
"species_2_bathy_extrap_only",165.328770512486,2.84535940409114e-06
"species_2_bathy_extrap_only",165.894672299957,2.73155228569522e-06
"species_2_bathy_extrap_only",166.460574087429,2.62229718828166e-06
"species_2_bathy_extrap_only",167.026475874901,2.51741198553646e-06
"species_2_bathy_extrap_only",167.592377662373,2.41672182710317e-06
"species_2_bathy_extrap_only",168.158279449844,2.32005913858302e-06
"species_2_bathy_extrap_only",168.724181237316,2.2272627120401e-06
"species_2_bathy_extrap_only",169.290083024788,2.13817793337512e-06
"species_2_bathy_extrap_only",169.85598481226,2.05265610020433e-06
"species_2_bathy_extrap_only",170.421886599731,1.97055510398059e-06
"species_2_bathy_extrap_only",170.987788387203,1.89173783837759e-06
"species_2_bathy_extrap_only",171.553690174675,1.81607310878462e-06
"species_2_bathy_extrap_only",172.119591962147,1.7434347228118e-06
"species_2_bathy_extrap_only",172.685493749619,1.67370171766379e-06
"species_2_bathy_extrap_only",173.25139553709,1.60675961069501e-06
"species_2_bathy_extrap_only",173.817297324562,1.54249323713884e-06
"species_2_bathy_extrap_only",174.383199112034,1.4807974366704e-06
"species_2_bathy_extrap_only",174.949100899506,1.42156920901471e-06
"species_2_bathy_extrap_only",175.515002686977,1.36470998768345e-06
"species_2_bathy_extrap_only",176.080904474449,1.31012495785399e-06
"species_2_bathy_extrap_only",176.646806261921,1.25772328374296e-06
"species_2_bathy_extrap_only",177.212708049393,1.20741754017217e-06
"species_2_bathy_extrap_only",177.778609836865,1.15912382625538e-06
"species_2_bathy_extrap_only",178.344511624336,1.11276176539832e-06
"species_2_bathy_extrap_only",178.910413411808,1.06825405055133e-06
"species_2_bathy_extrap_only",179.47631519928,1.02552655789623e-06
"species_2_bathy_extrap_only",180.042216986752,9.84508005785756e-07
"species_2_bathy_extrap_only",180.608118774223,9.45130125273863e-07
"species_2_bathy_extrap_only",181.174020561695,9.07327262211766e-07
"species_2_bathy_extrap_only",181.739922349167,8.71036434091366e-07
"species_2_bathy_extrap_only",182.305824136639,8.36198069009697e-07
"species_2_bathy_extrap_only",182.87172592411,8.02752197159862e-07
"species_2_bathy_extrap_only",183.437627711582,7.70644135172915e-07
"species_2_bathy_extrap_only",184.003529499054,7.39820279704873e-07
"species_2_bathy_extrap_only",184.569431286526,7.10229301148502e-07
"species_2_bathy_extrap_only",185.135333073998,6.81821859416232e-07
"species_2_bathy_extrap_only",185.701234861469,6.5455066078357e-07
"species_2_bathy_extrap_only",186.267136648941,6.28370287358848e-07
"species_2_bathy_extrap_only",186.833038436413,6.03237026552961e-07
"species_2_bathy_extrap_only",187.398940223885,5.79109041609627e-07
"species_2_bathy_extrap_only",187.964842011356,5.55946087388293e-07
"species_2_bathy_extrap_only",188.530743798828,5.33709624050971e-07
"species_2_bathy_extrap_only",189.0966455863,5.12362532845145e-07
"species_2_bathy_extrap_only",189.662547373772,4.91869286634028e-07
"species_2_bathy_extrap_only",190.228449161244,4.72195750944593e-07
"species_2_bathy_extrap_only",190.794350948715,4.53309070280739e-07
"species_2_bathy_extrap_only",191.360252736187,4.35177838653544e-07
"species_2_bathy_extrap_only",191.926154523659,4.17772241689818e-07
"species_2_bathy_extrap_only",192.492056311131,4.01062379751238e-07
"species_2_bathy_extrap_only",193.057958098602,3.85020882731624e-07
"species_2_bathy_extrap_only",193.623859886074,3.69621005802401e-07
"species_2_bathy_extrap_only",194.189761673546,3.54837055738244e-07
"species_2_bathy_extrap_only",194.755663461018,3.40644447760496e-07
"species_2_bathy_extrap_only",195.321565248489,3.27019506585202e-07
"species_2_bathy_extrap_only",195.887467035961,3.13939551688236e-07
"species_2_bathy_extrap_only",196.453368823433,3.01382726775046e-07
"species_2_bathy_extrap_only",197.019270610905,2.8932817031091e-07
"species_2_bathy_extrap_only",197.585172398377,2.77755731303841e-07
"species_2_bathy_extrap_only",198.151074185848,2.66646196678266e-07
"species_2_bathy_extrap_only",198.71697597332,2.55981007057926e-07
"species_2_bathy_extrap_only",199.282877760792,2.45742398874427e-07
"species_2_bathy_extrap_only",199.848779548264,2.35913304891255e-07
"species_2_bathy_extrap_only",200.414681335735,2.2647735420378e-07
"species_2_bathy_extrap_only",200.980583123207,2.17419042769507e-07
"species_2_bathy_extrap_only",201.546484910679,2.08722823913376e-07
"species_2_bathy_extrap_only",202.112386698151,2.00374415726401e-07
"species_2_bathy_extrap_only",202.678288485622,1.92359934203523e-07
"species_2_bathy_extrap_only",203.244190273094,1.84666006930456e-07
"species_2_bathy_extrap_only",203.810092060566,1.77279829927102e-07
"species_2_bathy_extrap_only",204.375993848038,1.70189068171567e-07
"species_2_bathy_extrap_only",204.94189563551,1.63381926654438e-07
"species_2_bathy_extrap_only",205.507797422981,1.56847036691943e-07
"species_2_bathy_extrap_only",206.073699210453,1.50573541191079e-07
"species_2_bathy_extrap_only",206.639600997925,1.44550980962777e-07
"species_2_bathy_extrap_only",207.205502785397,1.38769294721897e-07
"species_2_bathy_extrap_only",207.771404572868,1.33218861719797e-07
"species_2_bathy_extrap_only",208.33730636034,1.27890430690059e-07
"species_2_bathy_extrap_only",208.903208147812,1.22775119848484e-07
"species_2_bathy_extrap_only",209.469109935284,1.17864423998526e-07
"species_2_bathy_extrap_only",210.035011722755,1.13150136371587e-07
"species_2_bathy_extrap_only",210.600913510227,1.08624526262702e-07
"species_2_bathy_extrap_only",211.166815297699,1.04279813228914e-07
"species_2_bathy_extrap_only",211.732717085171,1.00108870526583e-07
"species_2_bathy_extrap_only",212.298618872643,9.61047632586087e-08
"species_2_bathy_extrap_only",212.864520660114,9.22608123232749e-08
"species_2_bathy_extrap_only",213.430422447586,8.85706015196775e-08
"species_2_bathy_extrap_only",213.996324235058,8.50279988640068e-08
"species_2_bathy_extrap_only",214.56222602253,8.16270855352741e-08
"species_2_bathy_extrap_only",215.128127810001,7.83621985078753e-08
"species_2_bathy_extrap_only",215.694029597473,7.52279021298818e-08
"species_2_bathy_extrap_only",216.259931384945,7.22189739121859e-08
"species_2_bathy_extrap_only",216.825833172417,6.93303903176457e-08
"species_2_bathy_extrap_only",217.391734959889,6.65573480773674e-08
"species_2_bathy_extrap_only",217.95763674736,6.38952144527138e-08
"species_2_bathy_extrap_only",218.523538534832,6.13395627624414e-08
"species_2_bathy_extrap_only",219.089440322304,5.88861297501353e-08
"species_2_bathy_extrap_only",219.655342109776,5.65308297950651e-08
"species_2_bathy_extrap_only",220.221243897247,5.42697939920345e-08
"species_2_bathy_extrap_only",220.787145684719,5.20991356722789e-08
"species_2_bathy_extrap_only",221.353047472191,5.00152985694058e-08
"species_2_bathy_extrap_only",221.918949259663,4.80148081294374e-08
"species_2_bathy_extrap_only",222.484851047134,4.60943319069429e-08
"species_2_bathy_extrap_only",223.050752834606,4.42506724596115e-08
"species_2_bathy_extrap_only",223.616654622078,4.24807531373972e-08
"species_2_bathy_extrap_only",224.18255640955,4.07816287406604e-08
"species_2_bathy_extrap_only",224.748458197022,3.91504606511717e-08
"species_2_bathy_extrap_only",225.314359984493,3.75845381483941e-08
"species_2_bathy_extrap_only",225.880261771965,3.60812499877739e-08
"species_2_bathy_extrap_only",226.446163559437,3.46380879534536e-08
"species_2_bathy_extrap_only",227.012065346909,3.32526504109865e-08
"species_2_bathy_extrap_only",227.57796713438,3.19226245437676e-08
"species_2_bathy_extrap_only",228.143868921852,3.06457970111751e-08
"species_2_bathy_extrap_only",228.709770709324,2.94200415140722e-08
"species_2_bathy_extrap_only",229.275672496796,2.82433418874462e-08
"species_2_bathy_extrap_only",229.841574284267,2.71136784135706e-08
"species_2_bathy_extrap_only",230.407476071739,2.60291965759052e-08
"species_2_bathy_extrap_only",230.973377859211,2.49880933722579e-08
"species_2_bathy_extrap_only",231.539279646683,2.39886297492831e-08
"species_2_bathy_extrap_only",232.105181434155,2.30291448133357e-08
"species_2_bathy_extrap_only",232.671083221626,2.210803451419e-08
"species_2_bathy_extrap_only",233.236985009098,2.12237676322502e-08
"species_2_bathy_extrap_only",233.80288679657,2.03748680149829e-08
"species_2_bathy_extrap_only",234.368788584042,1.95599234587007e-08
"species_2_bathy_extrap_only",234.934690371513,1.87775750504215e-08
"species_2_bathy_extrap_only",235.500592158985,1.80265171678684e-08
"species_2_bathy_extrap_only",236.066493946457,1.73055010321832e-08
"species_2_bathy_extrap_only",236.632395733929,1.66133240497857e-08
"species_2_bathy_extrap_only",237.1982975214,1.63888120852107e-08
"species_2_bathy_extrap_only",237.764199308872,1.63888120852107e-08
"species_2_bathy_extrap_only",238.330101096344,1.63888120852107e-08
"species_2_bathy_extrap_only",238.896002883816,1.63888120852107e-08
"species_2_bathy_extrap_only",239.461904671288,1.63888120852107e-08
"species_2_bathy_extrap_only",240.027806458759,1.63888120852107e-08
"species_2_bathy_extrap_only",240.593708246231,1.63888120852107e-08
"species_2_bathy_extrap_only",241.159610033703,1.63888120852107e-08
"species_2_bathy_extrap_only",241.725511821175,1.63888120852107e-08
"species_2_bathy_extrap_only",242.291413608646,1.63888120852107e-08
"species_2_bathy_extrap_only",242.857315396118,1.63888120852107e-08
"species_2_bathy_extrap_only",243.42321718359,1.63888120852107e-08
"species_2_bathy_extrap_only",243.989118971062,1.63888120852107e-08
"species_2_bathy_extrap_only",244.555020758534,1.63888120852107e-08
"species_2_bathy_extrap_only",245.120922546005,1.63888120852107e-08
"species_2_bathy_extrap_only",245.686824333477,1.63888120852107e-08
"species_2_bathy_extrap_only",246.252726120949,1.63888120852107e-08
"species_2_bathy_extrap_only",246.818627908421,1.63888120852107e-08
"species_2_bathy_extrap_only",247.384529695892,1.63888120852107e-08
"species_2_bathy_extrap_only",247.950431483364,1.63888120852107e-08
"species_2_bathy_extrap_only",248.516333270836,1.63888120852107e-08
"species_2_bathy_extrap_only",249.082235058308,1.63888120852107e-08
"species_2_bathy_extrap_only",249.64813684578,1.63888120852107e-08
"species_2_bathy_extrap_only",250.214038633251,1.63888120852107e-08
"species_2_bathy_extrap_only",250.779940420723,1.63888120852107e-08
"species_2_bathy_extrap_only",251.345842208195,1.63888120852107e-08
"species_2_bathy_extrap_only",251.911743995667,1.63888120852107e-08
"species_2_bathy_extrap_only",252.477645783138,1.63888120852107e-08
"species_2_bathy_extrap_only",253.04354757061,1.63888120852107e-08
"species_2_bathy_extrap_only",253.609449358082,1.63888120852107e-08
"species_2_bathy_extrap_only",254.175351145554,1.63888120852107e-08
"species_2_bathy_extrap_only",254.741252933025,1.63888120852107e-08
"species_2_bathy_extrap_only",255.307154720497,1.63888120852107e-08
"species_2_bathy_extrap_only",255.873056507969,1.63888120852107e-08
"species_2_bathy_extrap_only",256.438958295441,1.63888120852107e-08
"species_2_bathy_extrap_only",257.004860082913,1.63888120852107e-08
"species_2_bathy_extrap_only",257.570761870384,1.63888120852107e-08
"species_2_bathy_extrap_only",258.136663657856,1.63888120852107e-08
"species_2_bathy_extrap_only",258.702565445328,1.63888120852107e-08
"species_2_bathy_extrap_only",259.2684672328,1.63888120852107e-08
"species_2_bathy_extrap_only",259.834369020271,1.63888120852107e-08
"species_2_bathy_extrap_only",260.400270807743,1.63888120852107e-08
"species_2_bathy_extrap",-22.5506229281425,0.579077959060669
"species_2_bathy_extrap",-21.9847211406708,0.579077959060669
"species_2_bathy_extrap",-21.418819353199,0.579077959060669
"species_2_bathy_extrap",-20.8529175657272,0.579077959060669
"species_2_bathy_extrap",-20.2870157782555,0.579077959060669
"species_2_bathy_extrap",-19.7211139907837,0.579077959060669
"species_2_bathy_extrap",-19.1552122033119,0.579077959060669
"species_2_bathy_extrap",-18.5893104158401,0.579077959060669
"species_2_bathy_extrap",-18.0234086283684,0.579077959060669
"species_2_bathy_extrap",-17.4575068408966,0.579077959060669
"species_2_bathy_extrap",-16.8916050534248,0.579077959060669
"species_2_bathy_extrap",-16.3257032659531,0.579077959060669
"species_2_bathy_extrap",-15.7598014784813,0.579077959060669
"species_2_bathy_extrap",-15.1938996910095,0.579077959060669
"species_2_bathy_extrap",-14.6279979035378,0.579077959060669
"species_2_bathy_extrap",-14.062096116066,0.579077959060669
"species_2_bathy_extrap",-13.4961943285942,0.579077959060669
"species_2_bathy_extrap",-12.9302925411224,0.579077959060669
"species_2_bathy_extrap",-12.3643907536507,0.579077959060669
"species_2_bathy_extrap",-11.7984889661789,0.579077959060669
"species_2_bathy_extrap",-11.2325871787071,0.579077959060669
"species_2_bathy_extrap",-10.6666853912353,0.579077959060669
"species_2_bathy_extrap",-10.1007836037636,0.579077959060669
"species_2_bathy_extrap",-9.53488181629181,0.579077959060669
"species_2_bathy_extrap",-8.96898002882004,0.579077959060669
"species_2_bathy_extrap",-8.40307824134826,0.579077959060669
"species_2_bathy_extrap",-7.83717645387649,0.579077959060669
"species_2_bathy_extrap",-7.27127466640472,0.579077959060669
"species_2_bathy_extrap",-6.70537287893295,0.579077959060669
"species_2_bathy_extrap",-6.13947109146118,0.579077959060669
"species_2_bathy_extrap",-5.57356930398941,0.579077959060669
"species_2_bathy_extrap",-5.00766751651764,0.579077959060669
"species_2_bathy_extrap",-4.44176572904586,0.579077959060669
"species_2_bathy_extrap",-3.87586394157409,0.579077959060669
"species_2_bathy_extrap",-3.30996215410232,0.579077959060669
"species_2_bathy_extrap",-2.74406036663055,0.579077959060669
"species_2_bathy_extrap",-2.17815857915878,0.579077959060669
"species_2_bathy_extrap",-1.61225679168701,0.579077959060669
"species_2_bathy_extrap",-1.04635500421524,0.579077959060669
"species_2_bathy_extrap",-0.480453216743463,0.579077959060669
"species_2_bathy_extrap",0.0854485707283068,0.579077959060669
"species_2_bathy_extrap",0.65135035820008,0.579077959060669
"species_2_bathy_extrap",1.21725214567185,0.571773052215576
"species_2_bathy_extrap",1.78315393314362,0.549682140350342
"species_2_bathy_extrap",2.34905572061539,0.527393579483032
"species_2_bathy_extrap",2.91495750808717,0.504995286464691
"species_2_bathy_extrap",3.48085929555894,0.482576936483383
"species_2_bathy_extrap",4.04676108303071,0.460228502750397
"species_2_bathy_extrap",4.61266287050248,0.43803882598877
"species_2_bathy_extrap",5.17856465797425,0.416094332933426
"species_2_bathy_extrap",5.74446644544602,0.39447745680809
"species_2_bathy_extrap",6.31036823291779,0.373265713453293
"species_2_bathy_extrap",6.87627002038957,0.352530539035797
"species_2_bathy_extrap",7.44217180786134,0.332336395978928
"species_2_bathy_extrap",8.00807359533311,0.312740296125412
"species_2_bathy_extrap",8.57397538280488,0.293791234493256
"species_2_bathy_extrap",9.13987717027665,0.275530010461807
"species_2_bathy_extrap",9.70577895774842,0.257989197969437
"species_2_bathy_extrap",10.2716807452202,0.241193294525146
"species_2_bathy_extrap",10.837582532692,0.225159049034119
"species_2_bathy_extrap",11.4034843201637,0.209895893931389
"species_2_bathy_extrap",11.9693861076355,0.195406466722488
"species_2_bathy_extrap",12.5352878951073,0.182655990123749
"species_2_bathy_extrap",13.1011896825791,0.170696079730988
"species_2_bathy_extrap",13.6670914700508,0.159366577863693
"species_2_bathy_extrap",14.2329932575226,0.148654252290726
"species_2_bathy_extrap",14.7988950449944,0.138543322682381
"species_2_bathy_extrap",15.3647968324661,0.129015877842903
"species_2_bathy_extrap",15.9306986199379,0.120052315294743
"species_2_bathy_extrap",16.4966004074097,0.11163167655468
"species_2_bathy_extrap",17.0625021948814,0.103732079267502
"species_2_bathy_extrap",17.6284039823532,0.0979238376021385
"species_2_bathy_extrap",18.194305769825,0.0956501215696335
"species_2_bathy_extrap",18.7602075572968,0.0934237241744995
"species_2_bathy_extrap",19.3261093447685,0.0912439301609993
"species_2_bathy_extrap",19.8920111322403,0.0891099944710732
"species_2_bathy_extrap",20.4579129197121,0.0870211869478226
"species_2_bathy_extrap",21.0238147071838,0.0849767699837685
"species_2_bathy_extrap",21.5897164946556,0.0829760283231735
"species_2_bathy_extrap",22.1556182821274,0.0810182094573975
"species_2_bathy_extrap",22.7215200695992,0.0791026130318642
"species_2_bathy_extrap",23.2874218570709,0.077228493988514
"species_2_bathy_extrap",23.8533236445427,0.0753951445221901
"species_2_bathy_extrap",24.4192254320145,0.0736018419265747
"species_2_bathy_extrap",24.9851272194862,0.0718478858470917
"species_2_bathy_extrap",25.551029006958,0.0701325610280037
"species_2_bathy_extrap",26.1169307944298,0.0684551671147346
"species_2_bathy_extrap",26.6828325819016,0.066815011203289
"species_2_bathy_extrap",27.2487343693733,0.0652114003896713
"species_2_bathy_extrap",27.8146361568451,0.0636436492204666
"species_2_bathy_extrap",28.3805379443169,0.0621110908687115
"species_2_bathy_extrap",28.9464397317886,0.0606130436062813
"species_2_bathy_extrap",29.5123415192604,0.0591488480567932
"species_2_bathy_extrap",30.0782433067322,0.057717852294445
"species_2_bathy_extrap",30.644145094204,0.0563194006681442
"species_2_bathy_extrap",31.2100468816757,0.05495285987854
"species_2_bathy_extrap",31.7759486691475,0.0536175891757011
"species_2_bathy_extrap",32.3418504566193,0.0523129738867283
"species_2_bathy_extrap",32.907752244091,0.051038384437561
"species_2_bathy_extrap",33.4736540315628,0.049793217331171
"species_2_bathy_extrap",34.0395558190346,0.0485768839716911
"species_2_bathy_extrap",34.6054576065064,0.0473887696862221
"species_2_bathy_extrap",35.1713593939781,0.0462283045053482
"species_2_bathy_extrap",35.7372611814499,0.0450949110090733
"species_2_bathy_extrap",36.3031629689217,0.0439880341291428
"species_2_bathy_extrap",36.8690647563934,0.0429070927202702
"species_2_bathy_extrap",37.4349665438652,0.0418515540659428
"species_2_bathy_extrap",38.000868331337,0.0408208779990673
"species_2_bathy_extrap",38.5667701188088,0.0398145318031311
"species_2_bathy_extrap",39.1326719062805,0.0388319864869118
"species_2_bathy_extrap",39.6985736937523,0.0378727279603481
"species_2_bathy_extrap",40.2644754812241,0.0369362607598305
"species_2_bathy_extrap",40.8303772686958,0.0360220856964588
"species_2_bathy_extrap",41.3962790561676,0.0351297035813332
"species_2_bathy_extrap",41.9621808436394,0.0342586450278759
"species_2_bathy_extrap",42.5280826311112,0.0334084369242191
"species_2_bathy_extrap",43.0939844185829,0.0325786210596561
"species_2_bathy_extrap",43.6598862060547,0.0317687354981899
"species_2_bathy_extrap",44.2257879935265,0.030978336930275
"species_2_bathy_extrap",44.7916897809983,0.0302069913595915
"species_2_bathy_extrap",45.35759156847,0.0294542722404003
"species_2_bathy_extrap",45.9234933559418,0.028719749301672
"species_2_bathy_extrap",46.4893951434136,0.028003016486764
"species_2_bathy_extrap",47.0552969308853,0.0273036658763885
"species_2_bathy_extrap",47.6211987183571,0.0266213044524193
"species_2_bathy_extrap",48.1871005058289,0.0259555447846651
"species_2_bathy_extrap",48.7530022933007,0.0253059975802898
"species_2_bathy_extrap",49.3189040807724,0.0246722940355539
"species_2_bathy_extrap",49.8848058682442,0.024054067209363
"species_2_bathy_extrap",50.450707655716,0.0234509631991386
"species_2_bathy_extrap",51.0166094431877,0.0228626225143671
"species_2_bathy_extrap",51.5825112306595,0.0222887061536312
"species_2_bathy_extrap",52.1484130181313,0.021728876978159
"species_2_bathy_extrap",52.714314805603,0.0211828071624041
"species_2_bathy_extrap",53.2802165930748,0.0206501670181751
"species_2_bathy_extrap",53.8461183805466,0.0201306454837322
"species_2_bathy_extrap",54.4120201680184,0.0196239314973354
"species_2_bathy_extrap",54.9779219554901,0.0191297270357609
"species_2_bathy_extrap",55.5438237429619,0.0186477266252041
"species_2_bathy_extrap",56.1097255304337,0.0181776490062475
"species_2_bathy_extrap",56.6756273179055,0.017719205468893
"species_2_bathy_extrap",57.2415291053772,0.0172721240669489
"species_2_bathy_extrap",57.807430892849,0.0168361254036427
"species_2_bathy_extrap",58.3733326803208,0.0164109505712986
"species_2_bathy_extrap",58.9392344677925,0.0159963369369507
"species_2_bathy_extrap",59.5051362552643,0.0155920367687941
"species_2_bathy_extrap",60.0710380427361,0.0151977930217981
"species_2_bathy_extrap",60.6369398302079,0.0148133682087064
"species_2_bathy_extrap",61.2028416176796,0.0144385248422623
"species_2_bathy_extrap",61.7687434051514,0.0140730338171124
"species_2_bathy_extrap",62.3346451926232,0.0137166632339358
"species_2_bathy_extrap",62.900546980095,0.01336919516325
"species_2_bathy_extrap",63.4664487675667,0.013030412606895
"species_2_bathy_extrap",64.0323505550385,0.0127001060172915
"species_2_bathy_extrap",64.5982523425102,0.0123780658468604
"species_2_bathy_extrap",65.164154129982,0.012064091861248
"species_2_bathy_extrap",65.7300559174538,0.0117579866200686
"species_2_bathy_extrap",66.2959577049256,0.0114595592021942
"species_2_bathy_extrap",66.8618594923973,0.0111686196178198
"species_2_bathy_extrap",67.4277612798691,0.0108849853277206
"species_2_bathy_extrap",67.9936630673409,0.0106084803119302
"species_2_bathy_extrap",68.5595648548126,0.0103389229625463
"species_2_bathy_extrap",69.1254666422844,0.0100761447101831
"species_2_bathy_extrap",69.6913684297562,0.00981997884809971
"species_2_bathy_extrap",70.257270217228,0.00957026332616806
"species_2_bathy_extrap",70.8231720046997,0.00932683702558279
"species_2_bathy_extrap",71.3890737921715,0.00908954627811909
"species_2_bathy_extrap",71.9549755796433,0.00885823834687471
"species_2_bathy_extrap",72.520877367115,0.0086327688768506
"species_2_bathy_extrap",73.0867791545868,0.0084129860624671
"species_2_bathy_extrap",73.6526809420586,0.00819875299930573
"species_2_bathy_extrap",74.2185827295304,0.00798993092030287
"species_2_bathy_extrap",74.7844845170021,0.00778638618066907
"species_2_bathy_extrap",75.3503863044739,0.00758798653259873
"species_2_bathy_extrap",75.9162880919457,0.00739460485056043
"species_2_bathy_extrap",76.4821898794174,0.00720611587166786
"species_2_bathy_extrap",77.0480916668892,0.0070223999209702
"species_2_bathy_extrap",77.613993454361,0.00684333266690373
"species_2_bathy_extrap",78.1798952418328,0.00666880095377564
"species_2_bathy_extrap",78.7457970293045,0.00649869162589312
"species_2_bathy_extrap",79.3116988167763,0.00633289385586977
"species_2_bathy_extrap",79.8776006042481,0.00617129961028695
"species_2_bathy_extrap",80.4435023917198,0.00601380364969373
"species_2_bathy_extrap",81.0094041791916,0.00586030352860689
"species_2_bathy_extrap",81.5753059666634,0.00571069866418839
"species_2_bathy_extrap",82.1412077541352,0.0055648940615356
"species_2_bathy_extrap",82.7071095416069,0.00542278960347176
"species_2_bathy_extrap",83.2730113290787,0.00528429448604584
"species_2_bathy_extrap",83.8389131165505,0.0051493183709681
"species_2_bathy_extrap",84.4048149040222,0.00501777231693268
"species_2_bathy_extrap",84.970716691494,0.0048895706422627
"species_2_bathy_extrap",85.5366184789658,0.00476462859660387
"species_2_bathy_extrap",86.1025202664376,0.00464286422356963
"species_2_bathy_extrap",86.6684220539093,0.00452419882640243
"species_2_bathy_extrap",87.2343238413811,0.00440855184569955
"species_2_bathy_extrap",87.8002256288529,0.00429584784433246
"species_2_bathy_extrap",88.3661274163246,0.00418601324781775
"species_2_bathy_extrap",88.9320292037964,0.00407897541299462
"species_2_bathy_extrap",89.4979309912682,0.00397466355934739
"species_2_bathy_extrap",90.06383277874,0.00387300876900554
"species_2_bathy_extrap",90.6297345662117,0.00377394421957433
"species_2_bathy_extrap",91.1956363536835,0.00367740541696548
"species_2_bathy_extrap",91.7615381411553,0.00358332600444555
"species_2_bathy_extrap",92.3274399286271,0.00349164474755526
"species_2_bathy_extrap",92.8933417160988,0.00340230157598853
"species_2_bathy_extrap",93.4592435035706,0.00331523665226996
"species_2_bathy_extrap",94.0251452910424,0.00323039246723056
"species_2_bathy_extrap",94.5910470785141,0.00314771290868521
"species_2_bathy_extrap",95.1569488659859,0.003067143028602
"species_2_bathy_extrap",95.7228506534577,0.00298863020725548
"species_2_bathy_extrap",96.2887524409294,0.00291212019510567
"species_2_bathy_extrap",96.8546542284012,0.00283756339922547
"species_2_bathy_extrap",97.420556015873,0.00276490999385715
"species_2_bathy_extrap",97.9864578033448,0.0026941120158881
"species_2_bathy_extrap",98.5523595908165,0.00262512196786702
"species_2_bathy_extrap",99.1182613782883,0.00255789398215711
"species_2_bathy_extrap",99.6841631657601,0.00249238358810544
"species_2_bathy_extrap",100.250064953232,0.00242854678072035
"species_2_bathy_extrap",100.815966740704,0.00236634188331664
"species_2_bathy_extrap",101.381868528175,0.00230572605505586
"species_2_bathy_extrap",101.947770315647,0.00224665924906731
"species_2_bathy_extrap",102.513672103119,0.00218910234980285
"species_2_bathy_extrap",103.079573890591,0.00213301670737565
"species_2_bathy_extrap",103.645475678062,0.0020783650688827
"species_2_bathy_extrap",104.211377465534,0.00202511087991297
"species_2_bathy_extrap",104.777279253006,0.00197321851737797
"species_2_bathy_extrap",105.343181040478,0.00192265410441905
"species_2_bathy_extrap",105.90908282795,0.00187338213436306
"species_2_bathy_extrap",106.474984615421,0.0018253707094118
"species_2_bathy_extrap",107.040886402893,0.00177858746610582
"species_2_bathy_extrap",107.606788190365,0.00173300120513886
"species_2_bathy_extrap",108.172689977837,0.00168858130928129
"species_2_bathy_extrap",108.738591765308,0.00164529820904136
"species_2_bathy_extrap",109.30449355278,0.00160312268417329
"species_2_bathy_extrap",109.870395340252,0.0015620271442458
"species_2_bathy_extrap",110.436297127724,0.00152198295108974
"species_2_bathy_extrap",111.002198915196,0.00148296391125768
"species_2_bathy_extrap",111.568100702667,0.00144494359847158
"species_2_bathy_extrap",112.134002490139,0.0014078967506066
"species_2_bathy_extrap",112.699904277611,0.00137179845478386
"species_2_bathy_extrap",113.265806065083,0.00133662449661642
"species_2_bathy_extrap",113.831707852554,0.00130235124379396
"species_2_bathy_extrap",114.397609640026,0.00126895611174405
"species_2_bathy_extrap",114.963511427498,0.0012364158174023
"species_2_bathy_extrap",115.52941321497,0.00120470894034952
"species_2_bathy_extrap",116.095315002441,0.0011738141765818
"species_2_bathy_extrap",116.661216789913,0.00114371080417186
"species_2_bathy_extrap",117.227118577385,0.00111437868326902
"species_2_bathy_extrap",117.793020364857,0.00108579790685326
"species_2_bathy_extrap",118.358922152329,0.00105794949922711
"species_2_bathy_extrap",118.9248239398,0.00103081448469311
"species_2_bathy_extrap",119.490725727272,0.00100437516812235
"species_2_bathy_extrap",120.056627514744,0.000978612923063338
"species_2_bathy_extrap",120.622529302216,0.000953510927502066
"species_2_bathy_extrap",121.188431089687,0.000929052184801549
"species_2_bathy_extrap",121.754332877159,0.000905220280401409
"species_2_bathy_extrap",122.320234664631,0.000881999148987234
"species_2_bathy_extrap",122.886136452103,0.000859373190905899
"species_2_bathy_extrap",123.452038239574,0.000837327155750245
"species_2_bathy_extrap",124.017940027046,0.000815846491605043
"species_2_bathy_extrap",124.583841814518,0.000794916180893779
"species_2_bathy_extrap",125.14974360199,0.000774522486608475
"species_2_bathy_extrap",125.715645389462,0.000754651497118175
"species_2_bathy_extrap",126.281547176933,0.00073528999928385
"species_2_bathy_extrap",126.847448964405,0.000716424896381795
"species_2_bathy_extrap",127.413350751877,0.000698043440934271
"species_2_bathy_extrap",127.979252539349,0.000680133292917162
"species_2_bathy_extrap",128.54515432682,0.000662682577967644
"species_2_bathy_extrap",129.111056114292,0.000645679130684584
"species_2_bathy_extrap",129.676957901764,0.000629111716989428
"species_2_bathy_extrap",130.242859689236,0.000612969102803618
"species_2_bathy_extrap",130.808761476707,0.000597240461502224
"species_2_bathy_extrap",131.374663264179,0.0005819151410833
"species_2_bathy_extrap",131.940565051651,0.000566982896998525
"species_2_bathy_extrap",132.506466839123,0.000552433601114899
"species_2_bathy_extrap",133.072368626595,0.000538257416337729
"species_2_bathy_extrap",133.638270414066,0.000524444854818285
"species_2_bathy_extrap",134.204172201538,0.00051098654512316
"species_2_bathy_extrap",134.77007398901,0.000497873465064913
"species_2_bathy_extrap",135.335975776482,0.000485096708871424
"species_2_bathy_extrap",135.901877563953,0.000472648011054844
"species_2_bathy_extrap",136.467779351425,0.000460518320323899
"species_2_bathy_extrap",137.033681138897,0.000448699749540538
"species_2_bathy_extrap",137.599582926369,0.000437184382462874
"species_2_bathy_extrap",138.165484713841,0.000425964419264346
"species_2_bathy_extrap",138.731386501312,0.000415032263845205
"species_2_bathy_extrap",139.297288288784,0.000404380582040176
"species_2_bathy_extrap",139.863190076256,0.000394002156099305
"species_2_bathy_extrap",140.429091863728,0.000383890001103282
"species_2_bathy_extrap",140.994993651199,0.00037403724854812
"species_2_bathy_extrap",141.560895438671,0.000364437320968136
"species_2_bathy_extrap",142.126797226143,0.000355083670001477
"species_2_bathy_extrap",142.692699013615,0.000345970009220764
"species_2_bathy_extrap",143.258600801086,0.000337090197717771
"species_2_bathy_extrap",143.824502588558,0.000328438210999593
"species_2_bathy_extrap",144.39040437603,0.000320008228300139
"species_2_bathy_extrap",144.956306163502,0.000311794748995453
"species_2_bathy_extrap",145.522207950974,0.000303791835904121
"species_2_bathy_extrap",146.088109738445,0.000295994250336662
"species_2_bathy_extrap",146.654011525917,0.000288396753603593
"species_2_bathy_extrap",147.219913313389,0.000280994223430753
"species_2_bathy_extrap",147.785815100861,0.000273781624855474
"species_2_bathy_extrap",148.351716888332,0.000266754126641899
"species_2_bathy_extrap",148.917618675804,0.000259906984865665
"species_2_bathy_extrap",149.483520463276,0.000253235513810068
"species_2_bathy_extrap",150.049422250748,0.000246735289692879
"species_2_bathy_extrap",150.615324038219,0.000240401845076121
"species_2_bathy_extrap",151.181225825691,0.00023423095990438
"species_2_bathy_extrap",151.747127613163,0.000228218428674154
"species_2_bathy_extrap",152.313029400635,0.000222360191401094
"species_2_bathy_extrap",152.878931188107,0.000216652304516174
"species_2_bathy_extrap",153.444832975578,0.000211090911761858
"species_2_bathy_extrap",154.01073476305,0.000205672244192101
"species_2_bathy_extrap",154.576636550522,0.000200392780243419
"species_2_bathy_extrap",155.142538337994,0.000195248678210191
"species_2_bathy_extrap",155.708440125465,0.000190236605703831
"species_2_bathy_extrap",156.274341912937,0.000185353172128089
"species_2_bathy_extrap",156.840243700409,0.000180595059646294
"species_2_bathy_extrap",157.406145487881,0.00017595908138901
"species_2_bathy_extrap",157.972047275353,0.000171442094142549
"species_2_bathy_extrap",158.537949062824,0.000167041027452797
"species_2_bathy_extrap",159.103850850296,0.000162752927280962
"species_2_bathy_extrap",159.669752637768,0.000158574897795916
"species_2_bathy_extrap",160.23565442524,0.000154504101374187
"species_2_bathy_extrap",160.801556212711,0.000150537787703797
"species_2_bathy_extrap",161.367458000183,0.000146673279232346
"species_2_bathy_extrap",161.933359787655,0.000142907971167006
"species_2_bathy_extrap",162.499261575127,0.000139239302370697
"species_2_bathy_extrap",163.065163362598,0.000135664799017832
"species_2_bathy_extrap",163.63106515007,0.000132182147353888
"species_2_bathy_extrap",164.196966937542,0.000128788786241785
"species_2_bathy_extrap",164.762868725014,0.000125482547446154
"species_2_bathy_extrap",165.328770512486,0.00012226116086822
"species_2_bathy_extrap",165.894672299957,0.000119122465548571
"species_2_bathy_extrap",166.460574087429,0.000116064336907584
"species_2_bathy_extrap",167.026475874901,0.000113084708573297
"species_2_bathy_extrap",167.592377662373,0.000110181565105449
"species_2_bathy_extrap",168.158279449844,0.000107352949271444
"species_2_bathy_extrap",168.724181237316,0.000104596940218471
"species_2_bathy_extrap",169.290083024788,0.00010191167530138
"species_2_bathy_extrap",169.85598481226,9.92953428067267e-05
"species_2_bathy_extrap",170.421886599731,9.67461674008518e-05
"species_2_bathy_extrap",170.987788387203,9.4262431957759e-05
"species_2_bathy_extrap",171.553690174675,9.18424557312392e-05
"species_2_bathy_extrap",172.119591962147,8.94846016308293e-05
"species_2_bathy_extrap",172.685493749619,8.71872762218118e-05
"species_2_bathy_extrap",173.25139553709,8.49489879328758e-05
"species_2_bathy_extrap",173.817297324562,8.27680923976004e-05
"species_2_bathy_extrap",174.383199112034,8.06431853561662e-05
"species_2_bathy_extrap",174.949100899506,7.85728261689655e-05
"species_2_bathy_extrap",175.515002686977,7.65556105761789e-05
"species_2_bathy_extrap",176.080904474449,7.459018524969e-05
"species_2_bathy_extrap",176.646806261921,7.26752114132978e-05
"species_2_bathy_extrap",177.212708049393,7.08094012225047e-05
"species_2_bathy_extrap",177.778609836865,6.89914886606857e-05
"species_2_bathy_extrap",178.344511624336,6.72202440910041e-05
"species_2_bathy_extrap",178.910413411808,6.54944669804536e-05
"species_2_bathy_extrap",179.47631519928,6.38130004517734e-05
"species_2_bathy_extrap",180.042216986752,6.21746949036606e-05
"species_2_bathy_extrap",180.608118774223,6.05784516665153e-05
"species_2_bathy_extrap",181.174020561695,5.90231866226532e-05
"species_2_bathy_extrap",181.739922349167,5.750784475822e-05
"species_2_bathy_extrap",182.305824136639,5.60314474569168e-05
"species_2_bathy_extrap",182.87172592411,5.45929142390378e-05
"species_2_bathy_extrap",183.437627711582,5.31913101440296e-05
"species_2_bathy_extrap",184.003529499054,5.18256856594235e-05
"species_2_bathy_extrap",184.569431286526,5.04951240145601e-05
"species_2_bathy_extrap",185.135333073998,4.91987193527166e-05
"species_2_bathy_extrap",185.701234861469,4.79355985589791e-05
"species_2_bathy_extrap",186.267136648941,4.67049030703492e-05
"species_2_bathy_extrap",186.833038436413,4.5505803427659e-05
"species_2_bathy_extrap",187.398940223885,4.43374919996131e-05
"species_2_bathy_extrap",187.964842011356,4.31991684308741e-05
"species_2_bathy_extrap",188.530743798828,4.20900723838713e-05
"species_2_bathy_extrap",189.0966455863,4.10094507969916e-05
"species_2_bathy_extrap",189.662547373772,3.99565724364948e-05
"species_2_bathy_extrap",190.228449161244,3.89307206205558e-05
"species_2_bathy_extrap",190.794350948715,3.79312077711802e-05
"species_2_bathy_extrap",191.360252736187,3.69573572243098e-05
"species_2_bathy_extrap",191.926154523659,3.60085323336534e-05
"species_2_bathy_extrap",192.492056311131,3.50840418832377e-05
"species_2_bathy_extrap",193.057958098602,3.41832856065594e-05
"species_2_bathy_extrap",193.623859886074,3.33056559611578e-05
"species_2_bathy_extrap",194.189761673546,3.24505563185085e-05
"species_2_bathy_extrap",194.755663461018,3.161741187796e-05
"species_2_bathy_extrap",195.321565248489,3.08056587527972e-05
"species_2_bathy_extrap",195.887467035961,3.0014742151252e-05
"species_2_bathy_extrap",196.453368823433,2.9244132747408e-05
"species_2_bathy_extrap",197.019270610905,2.84933084913064e-05
"species_2_bathy_extrap",197.585172398377,2.77617600659141e-05
"species_2_bathy_extrap",198.151074185848,2.70489927061135e-05
"species_2_bathy_extrap",198.71697597332,2.63545261987019e-05
"species_2_bathy_extrap",199.282877760792,2.56778876064345e-05
"species_2_bathy_extrap",199.848779548264,2.50186221819604e-05
"species_2_bathy_extrap",200.414681335735,2.43762806348968e-05
"species_2_bathy_extrap",200.980583123207,2.37504500546493e-05
"species_2_bathy_extrap",201.546484910679,2.31406684179092e-05
"species_2_bathy_extrap",202.112386698151,2.25465428229654e-05
"species_2_bathy_extrap",202.678288485622,2.19676694541704e-05
"species_2_bathy_extrap",203.244190273094,2.14036608667811e-05
"species_2_bathy_extrap",203.810092060566,2.08541296160547e-05
"species_2_bathy_extrap",204.375993848038,2.0318710085121e-05
"species_2_bathy_extrap",204.94189563551,1.97970348381205e-05
"species_2_bathy_extrap",205.507797422981,1.92887528100982e-05
"species_2_bathy_extrap",206.073699210453,1.87935220310465e-05
"species_2_bathy_extrap",206.639600997925,1.8311004168936e-05
"species_2_bathy_extrap",207.205502785397,1.78408772626426e-05
"species_2_bathy_extrap",207.771404572868,1.73828175320523e-05
"species_2_bathy_extrap",208.33730636034,1.69365193869453e-05
"species_2_bathy_extrap",208.903208147812,1.65016808750806e-05
"species_2_bathy_extrap",209.469109935284,1.60780036821961e-05
"species_2_bathy_extrap",210.035011722755,1.56652058649343e-05
"species_2_bathy_extrap",210.600913510227,1.52630182128632e-05
"species_2_bathy_extrap",211.166815297699,1.48711433212156e-05
"species_2_bathy_extrap",211.732717085171,1.44893310789485e-05
"species_2_bathy_extrap",212.298618872643,1.4117321370577e-05
"species_2_bathy_extrap",212.864520660114,1.37548622660688e-05
"species_2_bathy_extrap",213.430422447586,1.34017100208439e-05
"species_2_bathy_extrap",213.996324235058,1.30576236188062e-05
"species_2_bathy_extrap",214.56222602253,1.27223720483016e-05
"species_2_bathy_extrap",215.128127810001,1.23957279356546e-05
"species_2_bathy_extrap",215.694029597473,1.20774702736526e-05
"species_2_bathy_extrap",216.259931384945,1.17673835120513e-05
"species_2_bathy_extrap",216.825833172417,1.14652584670694e-05
"species_2_bathy_extrap",217.391734959889,1.11708895929041e-05
"species_2_bathy_extrap",217.95763674736,1.08840786197106e-05
"species_2_bathy_extrap",218.523538534832,1.06046318251174e-05
"species_2_bathy_extrap",219.089440322304,1.03323600342264e-05
"species_2_bathy_extrap",219.655342109776,1.00670777101186e-05
"species_2_bathy_extrap",220.221243897247,9.80861386778997e-06
"species_2_bathy_extrap",220.787145684719,9.55677933234256e-06
"species_2_bathy_extrap",221.353047472191,9.31141039473005e-06
"species_2_bathy_extrap",221.918949259663,9.07234152691672e-06
"species_2_bathy_extrap",222.484851047134,8.83940992935095e-06
"species_2_bathy_extrap",223.050752834606,8.61245916894404e-06
"species_2_bathy_extrap",223.616654622078,8.39133463159669e-06
"species_2_bathy_extrap",224.18255640955,8.17588806967251e-06
"species_2_bathy_extrap",224.748458197022,7.96597305452451e-06
"species_2_bathy_extrap",225.314359984493,7.76144770497922e-06
"species_2_bathy_extrap",225.880261771965,7.56217332309461e-06
"species_2_bathy_extrap",226.446163559437,7.36801484890748e-06
"species_2_bathy_extrap",227.012065346909,7.17884176992811e-06
"species_2_bathy_extrap",227.57796713438,6.99452539265622e-06
"species_2_bathy_extrap",228.143868921852,6.81494157106499e-06
"species_2_bathy_extrap",228.709770709324,6.63996843286441e-06
"species_2_bathy_extrap",229.275672496796,6.46949229121674e-06
"species_2_bathy_extrap",229.841574284267,6.30338809060049e-06
"species_2_bathy_extrap",230.407476071739,6.14154896538821e-06
"species_2_bathy_extrap",230.973377859211,5.98386532146833e-06
"species_2_bathy_extrap",231.539279646683,5.83022983846604e-06
"species_2_bathy_extrap",232.105181434155,5.68053883398534e-06
"species_2_bathy_extrap",232.671083221626,5.53469135411433e-06
"species_2_bathy_extrap",233.236985009098,5.39258826393052e-06
"species_2_bathy_extrap",233.80288679657,5.25413361174287e-06
"species_2_bathy_extrap",234.368788584042,5.1192337195971e-06
"species_2_bathy_extrap",234.934690371513,4.98779763802304e-06
"species_2_bathy_extrap",235.500592158985,4.85973578179255e-06
"species_2_bathy_extrap",236.066493946457,4.73496220365632e-06
"species_2_bathy_extrap",236.632395733929,4.61339232060709e-06
"species_2_bathy_extrap",237.1982975214,4.57356736660586e-06
"species_2_bathy_extrap",237.764199308872,4.57356736660586e-06
"species_2_bathy_extrap",238.330101096344,4.57356736660586e-06
"species_2_bathy_extrap",238.896002883816,4.57356736660586e-06
"species_2_bathy_extrap",239.461904671288,4.57356736660586e-06
"species_2_bathy_extrap",240.027806458759,4.57356736660586e-06
"species_2_bathy_extrap",240.593708246231,4.57356736660586e-06
"species_2_bathy_extrap",241.159610033703,4.57356736660586e-06
"species_2_bathy_extrap",241.725511821175,4.57356736660586e-06
"species_2_bathy_extrap",242.291413608646,4.57356736660586e-06
"species_2_bathy_extrap",242.857315396118,4.57356736660586e-06
"species_2_bathy_extrap",243.42321718359,4.57356736660586e-06
"species_2_bathy_extrap",243.989118971062,4.57356736660586e-06
"species_2_bathy_extrap",244.555020758534,4.57356736660586e-06
"species_2_bathy_extrap",245.120922546005,4.57356736660586e-06
"species_2_bathy_extrap",245.686824333477,4.57356736660586e-06
"species_2_bathy_extrap",246.252726120949,4.57356736660586e-06
"species_2_bathy_extrap",246.818627908421,4.57356736660586e-06
"species_2_bathy_extrap",247.384529695892,4.57356736660586e-06
"species_2_bathy_extrap",247.950431483364,4.57356736660586e-06
"species_2_bathy_extrap",248.516333270836,4.57356736660586e-06
"species_2_bathy_extrap",249.082235058308,4.57356736660586e-06
"species_2_bathy_extrap",249.64813684578,4.57356736660586e-06
"species_2_bathy_extrap",250.214038633251,4.57356736660586e-06
"species_2_bathy_extrap",250.779940420723,4.57356736660586e-06
"species_2_bathy_extrap",251.345842208195,4.57356736660586e-06
"species_2_bathy_extrap",251.911743995667,4.57356736660586e-06
"species_2_bathy_extrap",252.477645783138,4.57356736660586e-06
"species_2_bathy_extrap",253.04354757061,4.57356736660586e-06
"species_2_bathy_extrap",253.609449358082,4.57356736660586e-06
"species_2_bathy_extrap",254.175351145554,4.57356736660586e-06
"species_2_bathy_extrap",254.741252933025,4.57356736660586e-06
"species_2_bathy_extrap",255.307154720497,4.57356736660586e-06
"species_2_bathy_extrap",255.873056507969,4.57356736660586e-06
"species_2_bathy_extrap",256.438958295441,4.57356736660586e-06
"species_2_bathy_extrap",257.004860082913,4.57356736660586e-06
"species_2_bathy_extrap",257.570761870384,4.57356736660586e-06
"species_2_bathy_extrap",258.136663657856,4.57356736660586e-06
"species_2_bathy_extrap",258.702565445328,4.57356736660586e-06
"species_2_bathy_extrap",259.2684672328,4.57356736660586e-06
"species_2_bathy_extrap",259.834369020271,4.57356736660586e-06
"species_2_bathy_extrap",260.400270807743,4.57356736660586e-06
"species_2_fetch_only",-7311.75081787109,0.935124099254608
"species_2_fetch_only",-7123.16529335938,0.935124099254608
"species_2_fetch_only",-6934.57976884766,0.935124099254608
"species_2_fetch_only",-6745.99424433594,0.935124099254608
"species_2_fetch_only",-6557.40871982422,0.935124099254608
"species_2_fetch_only",-6368.8231953125,0.935124099254608
"species_2_fetch_only",-6180.23767080078,0.935124099254608
"species_2_fetch_only",-5991.65214628906,0.935124099254608
"species_2_fetch_only",-5803.06662177734,0.935124099254608
"species_2_fetch_only",-5614.48109726563,0.935124099254608
"species_2_fetch_only",-5425.89557275391,0.935124099254608
"species_2_fetch_only",-5237.31004824219,0.935124099254608
"species_2_fetch_only",-5048.72452373047,0.935124099254608
"species_2_fetch_only",-4860.13899921875,0.935124099254608
"species_2_fetch_only",-4671.55347470703,0.935124099254608
"species_2_fetch_only",-4482.96795019531,0.935124099254608
"species_2_fetch_only",-4294.38242568359,0.935124099254608
"species_2_fetch_only",-4105.79690117188,0.935124099254608
"species_2_fetch_only",-3917.21137666016,0.935124099254608
"species_2_fetch_only",-3728.62585214844,0.935124099254608
"species_2_fetch_only",-3540.04032763672,0.935124099254608
"species_2_fetch_only",-3351.454803125,0.935124099254608
"species_2_fetch_only",-3162.86927861328,0.935124099254608
"species_2_fetch_only",-2974.28375410156,0.935124099254608
"species_2_fetch_only",-2785.69822958984,0.935124099254608
"species_2_fetch_only",-2597.11270507812,0.935124099254608
"species_2_fetch_only",-2408.52718056641,0.935124099254608
"species_2_fetch_only",-2219.94165605469,0.935124099254608
"species_2_fetch_only",-2031.35613154297,0.935124099254608
"species_2_fetch_only",-1842.77060703125,0.935124099254608
"species_2_fetch_only",-1654.18508251953,0.935124099254608
"species_2_fetch_only",-1465.59955800781,0.935124099254608
"species_2_fetch_only",-1277.01403349609,0.935124099254608
"species_2_fetch_only",-1088.42850898437,0.935124099254608
"species_2_fetch_only",-899.842984472656,0.935124099254608
"species_2_fetch_only",-711.257459960937,0.935124099254608
"species_2_fetch_only",-522.671935449219,0.935124099254608
"species_2_fetch_only",-334.0864109375,0.935124099254608
"species_2_fetch_only",-145.500886425781,0.935124099254608
"species_2_fetch_only",43.0846380859375,0.935124099254608
"species_2_fetch_only",231.670162597657,0.935124099254608
"species_2_fetch_only",420.255687109376,0.935124099254608
"species_2_fetch_only",608.841211621094,0.933306634426117
"species_2_fetch_only",797.426736132813,0.927563071250916
"species_2_fetch_only",986.012260644533,0.921359956264496
"species_2_fetch_only",1174.59778515625,0.91466748714447
"species_2_fetch_only",1363.18330966797,0.907455086708069
"species_2_fetch_only",1551.76883417969,0.899691760540009
"species_2_fetch_only",1740.35435869141,0.891346395015717
"species_2_fetch_only",1928.93988320313,0.882388114929199
"species_2_fetch_only",2117.52540771485,0.872786581516266
"species_2_fetch_only",2306.11093222656,0.862512648105621
"species_2_fetch_only",2494.69645673828,0.85153865814209
"species_2_fetch_only",2683.28198125,0.839839279651642
"species_2_fetch_only",2871.86750576172,0.827391862869263
"species_2_fetch_only",3060.45303027344,0.814177453517914
"species_2_fetch_only",3249.03855478516,0.800181210041046
"species_2_fetch_only",3437.62407929687,0.785393357276917
"species_2_fetch_only",3626.20960380859,0.76980996131897
"species_2_fetch_only",3814.79512832031,0.753433406352997
"species_2_fetch_only",4003.38065283203,0.736273348331451
"species_2_fetch_only",4191.96617734375,0.718347072601318
"species_2_fetch_only",4380.55170185547,0.699680387973785
"species_2_fetch_only",4569.13722636719,0.680307447910309
"species_2_fetch_only",4757.72275087891,0.660271286964417
"species_2_fetch_only",4946.30827539063,0.639623701572418
"species_2_fetch_only",5134.89379990235,0.618425071239471
"species_2_fetch_only",5323.47932441406,0.596743822097778
"species_2_fetch_only",5512.06484892578,0.574655830860138
"species_2_fetch_only",5700.6503734375,0.552243411540985
"species_2_fetch_only",5889.23589794922,0.529594242572784
"species_2_fetch_only",6077.82142246094,0.509028136730194
"species_2_fetch_only",6266.40694697266,0.492963224649429
"species_2_fetch_only",6454.99247148438,0.480600893497467
"species_2_fetch_only",6643.5779959961,0.468411177396774
"species_2_fetch_only",6832.16352050781,0.456236600875854
"species_2_fetch_only",7020.74904501953,0.444091826677322
"species_2_fetch_only",7209.33456953125,0.431991279125214
"species_2_fetch_only",7397.92009404297,0.419949382543564
"species_2_fetch_only",7586.50561855469,0.407980173826218
"species_2_fetch_only",7775.09114306641,0.396097540855408
"species_2_fetch_only",7963.67666757813,0.384314954280853
"species_2_fetch_only",8152.26219208984,0.372645437717438
"species_2_fetch_only",8340.84771660156,0.361101597547531
"species_2_fetch_only",8529.43324111328,0.349695414304733
"species_2_fetch_only",8718.018765625,0.338438510894775
"species_2_fetch_only",8906.60429013672,0.327341586351395
"species_2_fetch_only",9095.18981464844,0.316415011882782
"species_2_fetch_only",9283.77533916016,0.305668145418167
"species_2_fetch_only",9472.36086367188,0.295210272073746
"species_2_fetch_only",9660.9463881836,0.288007885217667
"species_2_fetch_only",9849.53191269531,0.286906599998474
"species_2_fetch_only",10038.117437207,0.285795331001282
"species_2_fetch_only",10226.7029617188,0.284680366516113
"species_2_fetch_only",10415.2884862305,0.283549666404724
"species_2_fetch_only",10603.8740107422,0.282403379678726
"species_2_fetch_only",10792.4595352539,0.281241625547409
"species_2_fetch_only",10981.0450597656,0.280064582824707
"species_2_fetch_only",11169.6305842773,0.27887237071991
"species_2_fetch_only",11358.2161087891,0.277665138244629
"species_2_fetch_only",11546.8016333008,0.276443094015121
"species_2_fetch_only",11735.3871578125,0.275206327438354
"species_2_fetch_only",11923.9726823242,0.273955017328262
"species_2_fetch_only",12112.5582068359,0.272689342498779
"species_2_fetch_only",12301.1437313477,0.27140948176384
"species_2_fetch_only",12489.7292558594,0.270115554332733
"species_2_fetch_only",12678.3147803711,0.268807798624039
"species_2_fetch_only",12866.9003048828,0.267486304044724
"species_2_fetch_only",13055.4858293945,0.266151309013367
"species_2_fetch_only",13244.0713539063,0.264802992343903
"species_2_fetch_only",13432.656878418,0.263441503047943
"species_2_fetch_only",13621.2424029297,0.262067049741745
"species_2_fetch_only",13809.8279274414,0.260679811239242
"species_2_fetch_only",13998.4134519531,0.259279996156693
"species_2_fetch_only",14186.9989764648,0.257867753505707
"species_2_fetch_only",14375.5845009766,0.256443321704865
"species_2_fetch_only",14564.1700254883,0.255006909370422
"species_2_fetch_only",14752.75555,0.253558665513992
"species_2_fetch_only",14941.3410745117,0.252098858356476
"species_2_fetch_only",15129.9265990234,0.250627636909485
"species_2_fetch_only",15318.5121235352,0.24914525449276
"species_2_fetch_only",15507.0976480469,0.247651889920235
"species_2_fetch_only",15695.6831725586,0.246147781610489
"species_2_fetch_only",15884.2686970703,0.244633138179779
"species_2_fetch_only",16072.854221582,0.243108183145523
"species_2_fetch_only",16261.4397460938,0.2415731549263
"species_2_fetch_only",16450.0252706055,0.240028232336044
"species_2_fetch_only",16638.6107951172,0.238473698496819
"species_2_fetch_only",16827.1963196289,0.236909732222557
"species_2_fetch_only",17015.7818441406,0.235336631536484
"species_2_fetch_only",17204.3673686523,0.233754560351372
"species_2_fetch_only",17392.9528931641,0.232163786888123
"species_2_fetch_only",17581.5384176758,0.230564564466476
"species_2_fetch_only",17770.1239421875,0.228957131505013
"species_2_fetch_only",17958.7094666992,0.227341696619987
"species_2_fetch_only",18147.2949912109,0.225718528032303
"species_2_fetch_only",18335.8805157227,0.22408789396286
"species_2_fetch_only",18524.4660402344,0.222450017929077
"species_2_fetch_only",18713.0515647461,0.220805168151855
"species_2_fetch_only",18901.6370892578,0.219153583049774
"species_2_fetch_only",19090.2226137695,0.217495515942574
"species_2_fetch_only",19278.8081382812,0.215831235051155
"species_2_fetch_only",19467.393662793,0.214160993695259
"species_2_fetch_only",19655.9791873047,0.212485089898109
"species_2_fetch_only",19844.5647118164,0.210803717374802
"species_2_fetch_only",20033.1502363281,0.20911717414856
"species_2_fetch_only",20221.7357608398,0.207425713539124
"species_2_fetch_only",20410.3212853516,0.205729633569717
"species_2_fetch_only",20598.9068098633,0.204029157757759
"species_2_fetch_only",20787.492334375,0.202324584126472
"species_2_fetch_only",20976.0778588867,0.200616165995598
"species_2_fetch_only",21164.6633833984,0.198904171586037
"species_2_fetch_only",21353.2489079102,0.197188898921013
"species_2_fetch_only",21541.8344324219,0.195470586419106
"species_2_fetch_only",21730.4199569336,0.193749502301216
"species_2_fetch_only",21919.0054814453,0.192025944590569
"species_2_fetch_only",22107.591005957,0.190300181508064
"species_2_fetch_only",22296.1765304688,0.188572496175766
"species_2_fetch_only",22484.7620549805,0.186843127012253
"species_2_fetch_only",22673.3475794922,0.185112372040749
"species_2_fetch_only",22861.9331040039,0.183380499482155
"species_2_fetch_only",23050.5186285156,0.181647792458534
"species_2_fetch_only",23239.1041530274,0.179914519190788
"species_2_fetch_only",23427.6896775391,0.178180947899818
"species_2_fetch_only",23616.2752020508,0.176447361707687
"species_2_fetch_only",23804.8607265625,0.174714013934135
"species_2_fetch_only",23993.4462510742,0.172981202602386
"species_2_fetch_only",24182.0317755859,0.171249181032181
"species_2_fetch_only",24370.6173000977,0.16951821744442
"species_2_fetch_only",24559.2028246094,0.167788594961166
"species_2_fetch_only",24747.7883491211,0.166060581803322
"species_2_fetch_only",24936.3738736328,0.164334461092949
"species_2_fetch_only",25124.9593981445,0.162610456347466
"species_2_fetch_only",25313.5449226563,0.160888850688934
"species_2_fetch_only",25502.130447168,0.159169912338257
"species_2_fetch_only",25690.7159716797,0.157453909516335
"species_2_fetch_only",25879.3014961914,0.15574112534523
"species_2_fetch_only",26067.8870207031,0.1540317684412
"species_2_fetch_only",26256.4725452148,0.152326121926308
"species_2_fetch_only",26445.0580697266,0.150624424219131
"species_2_fetch_only",26633.6435942383,0.148926958441734
"species_2_fetch_only",26822.22911875,0.147233977913857
"species_2_fetch_only",27010.8146432617,0.145545691251755
"species_2_fetch_only",27199.4001677734,0.143862366676331
"species_2_fetch_only",27387.9856922852,0.142184257507324
"species_2_fetch_only",27576.5712167969,0.140511602163315
"species_2_fetch_only",27765.1567413086,0.13884462416172
"species_2_fetch_only",27953.7422658203,0.137183576822281
"species_2_fetch_only",28142.327790332,0.135528683662415
"species_2_fetch_only",28330.9133148438,0.133880168199539
"species_2_fetch_only",28519.4988393555,0.132238298654556
"species_2_fetch_only",28708.0843638672,0.130603238940239
"species_2_fetch_only",28896.6698883789,0.128975257277489
"species_2_fetch_only",29085.2554128906,0.12735453248024
"species_2_fetch_only",29273.8409374023,0.125741317868233
"species_2_fetch_only",29462.4264619141,0.124135807156563
"species_2_fetch_only",29651.0119864258,0.122538201510906
"species_2_fetch_only",29839.5975109375,0.120948702096939
"species_2_fetch_only",30028.1830354492,0.119367524981499
"species_2_fetch_only",30216.7685599609,0.117794848978519
"species_2_fetch_only",30405.3540844727,0.116230897605419
"species_2_fetch_only",30593.9396089844,0.11467581987381
"species_2_fetch_only",30782.5251334961,0.113129824399948
"species_2_fetch_only",30971.1106580078,0.111593075096607
"species_2_fetch_only",31159.6961825195,0.110065780580044
"species_2_fetch_only",31348.2817070313,0.108548074960709
"species_2_fetch_only",31536.867231543,0.107040144503117
"species_2_fetch_only",31725.4527560547,0.10554214566946
"species_2_fetch_only",31914.0382805664,0.104054249823093
"species_2_fetch_only",32102.6238050781,0.102576620876789
"species_2_fetch_only",32291.2093295898,0.101109378039837
"species_2_fetch_only",32479.7948541016,0.0996526777744293
"species_2_fetch_only",32668.3803786133,0.0982066765427589
"species_2_fetch_only",32856.965903125,0.0967715159058571
"species_2_fetch_only",33045.5514276367,0.0953473001718521
"species_2_fetch_only",33234.1369521484,0.093934178352356
"species_2_fetch_only",33422.7224766602,0.0925322696566582
"species_2_fetch_only",33611.3080011719,0.0911416932940483
"species_2_fetch_only",33799.8935256836,0.0897625610232353
"species_2_fetch_only",33988.4790501953,0.0883949846029282
"species_2_fetch_only",34177.064574707,0.0870390757918358
"species_2_fetch_only",34365.6500992188,0.0856949537992477
"species_2_fetch_only",34554.2356237305,0.0843626707792282
"species_2_fetch_only",34742.8211482422,0.0830423310399055
"species_2_fetch_only",34931.4066727539,0.0817340314388275
"species_2_fetch_only",35119.9921972656,0.0804378539323807
"species_2_fetch_only",35308.5777217774,0.0791538655757904
"species_2_fetch_only",35497.1632462891,0.0778821557760239
"species_2_fetch_only",35685.7487708008,0.0766227766871452
"species_2_fetch_only",35874.3342953125,0.0753758028149605
"species_2_fetch_only",36062.9198198242,0.0741413161158562
"species_2_fetch_only",36251.5053443359,0.0729193240404129
"species_2_fetch_only",36440.0908688477,0.071709893643856
"species_2_fetch_only",36628.6763933594,0.0705130696296692
"species_2_fetch_only",36817.2619178711,0.0693289041519165
"species_2_fetch_only",37005.8474423828,0.0681574270129204
"species_2_fetch_only",37194.4329668945,0.0669986680150032
"species_2_fetch_only",37383.0184914063,0.0658526569604874
"species_2_fetch_only",37571.604015918,0.0647194236516953
"species_2_fetch_only",37760.1895404297,0.063598982989788
"species_2_fetch_only",37948.7750649414,0.0624913685023785
"species_2_fetch_only",38137.3605894531,0.0613965503871441
"species_2_fetch_only",38325.9461139648,0.0603145584464073
"species_2_fetch_only",38514.5316384766,0.0592453926801682
"species_2_fetch_only",38703.1171629883,0.0581890568137169
"species_2_fetch_only",38891.7026875,0.0571455396711826
"species_2_fetch_only",39080.2882120117,0.0561148338019848
"species_2_fetch_only",39268.8737365234,0.0550969317555428
"species_2_fetch_only",39457.4592610352,0.0540918074548244
"species_2_fetch_only",39646.0447855469,0.0530994683504105
"species_2_fetch_only",39834.6303100586,0.0521198473870754
"species_2_fetch_only",40023.2158345703,0.0511529371142387
"species_2_fetch_only",40211.801359082,0.0501987040042877
"species_2_fetch_only",40400.3868835938,0.0492571182549
"species_2_fetch_only",40588.9724081055,0.0483281388878822
"species_2_fetch_only",40777.5579326172,0.0474117249250412
"species_2_fetch_only",40966.1434571289,0.046507827937603
"species_2_fetch_only",41154.7289816406,0.0456164106726646
"species_2_fetch_only",41343.3145061523,0.0447374098002911
"species_2_fetch_only",41531.9000306641,0.0438707992434502
"species_2_fetch_only",41720.4855551758,0.0430164821445942
"species_2_fetch_only",41909.0710796875,0.0421744175255299
"species_2_fetch_only",42097.6566041992,0.0413445420563221
"species_2_fetch_only",42286.2421287109,0.0405267924070358
"species_2_fetch_only",42474.8276532227,0.0397210977971554
"species_2_fetch_only",42663.4131777344,0.0389273948967457
"species_2_fetch_only",42851.9987022461,0.0381456017494202
"species_2_fetch_only",43040.5842267578,0.0373756512999535
"species_2_fetch_only",43229.1697512695,0.0366174764931202
"species_2_fetch_only",43417.7552757813,0.0358709655702114
"species_2_fetch_only",43606.340800293,0.0351360589265823
"species_2_fetch_only",43794.9263248047,0.0344126671552658
"species_2_fetch_only",43983.5118493164,0.033700704574585
"species_2_fetch_only",44172.0973738281,0.0330000855028629
"species_2_fetch_only",44360.6828983399,0.0323107205331326
"species_2_fetch_only",44549.2684228516,0.0316325165331364
"species_2_fetch_only",44737.8539473633,0.0309653803706169
"species_2_fetch_only",44926.439471875,0.0303092189133167
"species_2_fetch_only",45115.0249963867,0.0296639464795589
"species_2_fetch_only",45303.6105208984,0.0290294419974089
"species_2_fetch_only",45492.1960454102,0.0284056179225445
"species_2_fetch_only",45680.7815699219,0.0277923755347729
"species_2_fetch_only",45869.3670944336,0.0271896086633205
"species_2_fetch_only",46057.9526189453,0.0265972204506397
"species_2_fetch_only",46246.538143457,0.0260151028633118
"species_2_fetch_only",46435.1236679688,0.0254431515932083
"species_2_fetch_only",46623.7091924805,0.0248812604695559
"species_2_fetch_only",46812.2947169922,0.0243293363600969
"species_2_fetch_only",47000.8802415039,0.0237872470170259
"species_2_fetch_only",47189.4657660156,0.0232548955827951
"species_2_fetch_only",47378.0512905273,0.0227321721613407
"species_2_fetch_only",47566.6368150391,0.022218968719244
"species_2_fetch_only",47755.2223395508,0.0217151753604412
"species_2_fetch_only",47943.8078640625,0.0212206784635782
"species_2_fetch_only",48132.3933885742,0.0207353699952364
"species_2_fetch_only",48320.978913086,0.0202591363340616
"species_2_fetch_only",48509.5644375977,0.0197918750345707
"species_2_fetch_only",48698.1499621094,0.0193334575742483
"species_2_fetch_only",48886.7354866211,0.018883777782321
"species_2_fetch_only",49075.3210111328,0.0184427257627249
"species_2_fetch_only",49263.9065356445,0.0180101860314608
"species_2_fetch_only",49452.4920601563,0.0175860486924648
"species_2_fetch_only",49641.077584668,0.017170200124383
"species_2_fetch_only",49829.6631091797,0.0167625285685062
"species_2_fetch_only",50018.2486336914,0.0163629185408354
"species_2_fetch_only",50206.8341582031,0.0159712620079517
"species_2_fetch_only",50395.4196827148,0.0155874527990818
"species_2_fetch_only",50584.0052072266,0.0152113623917103
"species_2_fetch_only",50772.5907317383,0.014842888340354
"species_2_fetch_only",50961.17625625,0.0144819188863039
"species_2_fetch_only",51149.7617807617,0.0141283441334963
"species_2_fetch_only",51338.3473052734,0.0137820523232222
"species_2_fetch_only",51526.9328297852,0.0134429344907403
"species_2_fetch_only",51715.5183542969,0.0131108798086643
"species_2_fetch_only",51904.1038788086,0.0127857811748981
"species_2_fetch_only",52092.6894033203,0.0124675361439586
"species_2_fetch_only",52281.274927832,0.0121560227125883
"species_2_fetch_only",52469.8604523438,0.0118511412292719
"species_2_fetch_only",52658.4459768555,0.0115527855232358
"species_2_fetch_only",52847.0315013672,0.011260848492384
"species_2_fetch_only",53035.6170258789,0.0109752267599106
"species_2_fetch_only",53224.2025503906,0.0106958141550422
"species_2_fetch_only",53412.7880749023,0.0104225091636181
"species_2_fetch_only",53601.3735994141,0.0101552065461874
"species_2_fetch_only",53789.9591239258,0.00989380665123463
"species_2_fetch_only",53978.5446484375,0.00963821168988943
"species_2_fetch_only",54167.1301729492,0.00938831176608801
"species_2_fetch_only",54355.715697461,0.00914401281625032
"species_2_fetch_only",54544.3012219727,0.00890521612018347
"species_2_fetch_only",54732.8867464844,0.00867182482033968
"species_2_fetch_only",54921.4722709961,0.00844374112784863
"species_2_fetch_only",55110.0577955078,0.00822087004780769
"species_2_fetch_only",55298.6433200195,0.00800311658531427
"species_2_fetch_only",55487.2288445313,0.0077903876081109
"species_2_fetch_only",55675.814369043,0.00758259370923042
"species_2_fetch_only",55864.3998935547,0.00737963523715734
"species_2_fetch_only",56052.9854180664,0.00718142557889223
"species_2_fetch_only",56241.5709425781,0.00698787532746792
"species_2_fetch_only",56430.1564670899,0.00679889507591724
"species_2_fetch_only",56618.7419916016,0.00661439821124077
"species_2_fetch_only",56807.3275161133,0.00643429812043905
"species_2_fetch_only",56995.913040625,0.00625850819051266
"species_2_fetch_only",57184.4985651367,0.00608694553375244
"species_2_fetch_only",57373.0840896485,0.0059195258654654
"species_2_fetch_only",57561.6696141602,0.00575617048889399
"species_2_fetch_only",57750.2551386719,0.00559679185971618
"species_2_fetch_only",57938.8406631836,0.00544131267815828
"species_2_fetch_only",58127.4261876953,0.00528965424746275
"species_2_fetch_only",58316.011712207,0.0051417388021946
"species_2_fetch_only",58504.5972367188,0.00499748950824142
"species_2_fetch_only",58693.1827612305,0.00485683046281338
"species_2_fetch_only",58881.7682857422,0.00471968716010451
"species_2_fetch_only",59070.3538102539,0.00458598602563143
"species_2_fetch_only",59258.9393347656,0.00445565721020103
"species_2_fetch_only",59447.5248592773,0.00432862434536219
"species_2_fetch_only",59636.1103837891,0.00420481944456697
"species_2_fetch_only",59824.6959083008,0.00408417358994484
"species_2_fetch_only",60013.2814328125,0.00396661832928658
"species_2_fetch_only",60201.8669573242,0.00385208684019744
"species_2_fetch_only",60390.4524818359,0.00374051323160529
"species_2_fetch_only",60579.0380063477,0.00363183254376054
"species_2_fetch_only",60767.6235308594,0.00352598074823618
"species_2_fetch_only",60956.2090553711,0.00342289544641972
"species_2_fetch_only",61144.7945798828,0.00332251656800508
"species_2_fetch_only",61333.3801043945,0.00322477938607335
"species_2_fetch_only",61521.9656289063,0.00312962639145553
"species_2_fetch_only",61710.551153418,0.00303699891082942
"species_2_fetch_only",61899.1366779297,0.00294683943502605
"species_2_fetch_only",62087.7222024414,0.00285909115336835
"species_2_fetch_only",62276.3077269531,0.0027736984193325
"species_2_fetch_only",62464.8932514649,0.00269060698337853
"species_2_fetch_only",62653.4787759766,0.0026097628287971
"species_2_fetch_only",62842.0643004883,0.00253111496567726
"species_2_fetch_only",63030.649825,0.00245460891164839
"species_2_fetch_only",63219.2353495117,0.0023801950737834
"species_2_fetch_only",63407.8208740234,0.00230782385915518
"species_2_fetch_only",63596.4063985352,0.00223744660615921
"species_2_fetch_only",63784.9919230469,0.00216901511885226
"species_2_fetch_only",63973.5774475586,0.00210248259827495
"species_2_fetch_only",64162.1629720703,0.00203780294395983
"species_2_fetch_only",64350.748496582,0.00197493121959269
"species_2_fetch_only",64539.3340210938,0.00191382272168994
"species_2_fetch_only",64727.9195456055,0.00185443554073572
"species_2_fetch_only",64916.5050701172,0.00179672462400049
"species_2_fetch_only",65105.0905946289,0.00174064957536757
"species_2_fetch_only",65293.6761191406,0.001686169533059
"species_2_fetch_only",65482.2616436523,0.00163324445020407
"species_2_fetch_only",65670.8471681641,0.00158183637540787
"species_2_fetch_only",65859.4326926758,0.00153190467972308
"species_2_fetch_only",66048.0182171875,0.00148341292515397
"species_2_fetch_only",66236.6037416992,0.00143632432445884
"species_2_fetch_only",66425.1892662109,0.00139060290530324
"species_2_fetch_only",66613.7747907227,0.00134621339384466
"species_2_fetch_only",66802.3603152344,0.00130312156397849
"species_2_fetch_only",66990.9458397461,0.00126129342243075
"species_2_fetch_only",67179.5313642578,0.00122069602366537
"species_2_fetch_only",67368.1168887695,0.00118129723705351
"species_2_fetch_only",67556.7024132813,0.00114306539762765
"species_2_fetch_only",67745.287937793,0.00110596977174282
"species_2_fetch_only",67933.8734623047,0.00106998009141535
"species_2_fetch_only",68122.4589868164,0.0010350669035688
"species_2_fetch_only",68311.0445113281,0.00100120145361871
"species_2_fetch_only",68499.6300358398,0.000968355452641845
"species_2_fetch_only",68688.2155603516,0.000936501543037593
"species_2_fetch_only",68876.8010848633,0.000905612716451287
"species_2_fetch_only",69065.386609375,0.000875663943588734
"species_2_fetch_only",69253.9721338867,0.000846627168357372
"species_2_fetch_only",69442.5576583984,0.000818478525616229
"species_2_fetch_only",69631.1431829101,0.000791193568147719
"species_2_fetch_only",69819.7287074219,0.00076474848901853
"species_2_fetch_only",70008.3142319336,0.000739119888748974
"species_2_fetch_only",70196.8997564453,0.000714285066351295
"species_2_fetch_only",70385.485280957,0.000690221844706684
"species_2_fetch_only",70574.0708054687,0.000666908454149961
"species_2_fetch_only",70762.6563299805,0.000644323823507875
"species_2_fetch_only",70951.2418544922,0.000622447347268462
"species_2_fetch_only",71139.8273790039,0.000601258885581046
"species_2_fetch_only",71328.4129035156,0.0005807388224639
"species_2_fetch_only",71516.9984280273,0.000560868065804243
"species_2_fetch_only",71705.5839525391,0.000541627872735262
"species_2_fetch_only",71894.1694770508,0.000523000140674412
"species_2_fetch_only",72082.7550015625,0.000504967174492776
"species_2_fetch_only",72271.3405260742,0.000487511570099741
"species_2_fetch_only",72459.9260505859,0.000470616621896625
"species_2_fetch_only",72648.5115750977,0.000454266526503488
"species_2_fetch_only",72837.0970996094,0.000438443967141211
"species_2_fetch_only",73025.6826241211,0.000423134100856259
"species_2_fetch_only",73214.2681486328,0.000408321706345305
"species_2_fetch_only",73402.8536731445,0.000393992057070136
"species_2_fetch_only",73591.4391976562,0.000380130775738508
"species_2_fetch_only",73780.024722168,0.000366723834304139
"species_2_fetch_only",73968.6102466797,0.000353757641278207
"species_2_fetch_only",74157.1957711914,0.000341218896210194
"species_2_fetch_only",74345.7812957031,0.000329094706103206
"species_2_fetch_only",74534.3668202148,0.000317372498102486
"species_2_fetch_only",74722.9523447266,0.000306040077703074
"species_2_fetch_only",74911.5378692383,0.000295085512334481
"species_2_fetch_only",75100.12339375,0.000284497247776017
"species_2_fetch_only",75288.7089182617,0.000274264049949124
"species_2_fetch_only",75477.2944427734,0.000264374946709722
"species_2_fetch_only",75665.8799672852,0.000254819286055863
"species_2_fetch_only",75854.4654917969,0.000245586765231565
"species_2_fetch_only",76043.0510163086,0.000236667270655744
"species_2_fetch_only",76231.6365408203,0.000228051401791163
"species_2_fetch_only",76420.222065332,0.000219728943193331
"species_2_fetch_only",76608.8075898438,0.000211691003642045
"species_2_fetch_only",76797.3931143555,0.000203928619157523
"species_2_fetch_only",76985.9786388672,0.000196433073142543
"species_2_fetch_only",77174.5641633789,0.000189195881830528
"species_2_fetch_only",77363.1496878906,0.000182208823389374
"species_2_fetch_only",77551.7352124024,0.000175463894265704
"species_2_fetch_only",77740.3207369141,0.000168953352840617
"species_2_fetch_only",77928.9062614258,0.000162669632118195
"species_2_fetch_only",78117.4917859375,0.000156605441588908
"species_2_fetch_only",78306.0773104492,0.00015075366536621
"species_2_fetch_only",78494.662834961,0.000145107391290367
"species_2_fetch_only",78683.2483594727,0.000139659954584204
"species_2_fetch_only",78871.8338839844,0.000134404850541614
"species_2_fetch_only",79060.4194084961,0.000129335763631389
"species_2_fetch_only",79249.0049330078,0.000127686420455575
"species_2_fetch_only",79437.5904575195,0.000127686420455575
"species_2_fetch_only",79626.1759820312,0.000127686420455575
"species_2_fetch_only",79814.761506543,0.000127686420455575
"species_2_fetch_only",80003.3470310547,0.000127686420455575
"species_2_fetch_only",80191.9325555664,0.000127686420455575
"species_2_fetch_only",80380.5180800781,0.000127686420455575
"species_2_fetch_only",80569.1036045899,0.000127686420455575
"species_2_fetch_only",80757.6891291016,0.000127686420455575
"species_2_fetch_only",80946.2746536133,0.000127686420455575
"species_2_fetch_only",81134.860178125,0.000127686420455575
"species_2_fetch_only",81323.4457026367,0.000127686420455575
"species_2_fetch_only",81512.0312271484,0.000127686420455575
"species_2_fetch_only",81700.6167516602,0.000127686420455575
"species_2_fetch_only",81889.2022761719,0.000127686420455575
"species_2_fetch_only",82077.7878006836,0.000127686420455575
"species_2_fetch_only",82266.3733251953,0.000127686420455575
"species_2_fetch_only",82454.958849707,0.000127686420455575
"species_2_fetch_only",82643.5443742187,0.000127686420455575
"species_2_fetch_only",82832.1298987305,0.000127686420455575
"species_2_fetch_only",83020.7154232422,0.000127686420455575
"species_2_fetch_only",83209.3009477539,0.000127686420455575
"species_2_fetch_only",83397.8864722656,0.000127686420455575
"species_2_fetch_only",83586.4719967774,0.000127686420455575
"species_2_fetch_only",83775.0575212891,0.000127686420455575
"species_2_fetch_only",83963.6430458008,0.000127686420455575
"species_2_fetch_only",84152.2285703125,0.000127686420455575
"species_2_fetch_only",84340.8140948242,0.000127686420455575
"species_2_fetch_only",84529.399619336,0.000127686420455575
"species_2_fetch_only",84717.9851438477,0.000127686420455575
"species_2_fetch_only",84906.5706683594,0.000127686420455575
"species_2_fetch_only",85095.1561928711,0.000127686420455575
"species_2_fetch_only",85283.7417173828,0.000127686420455575
"species_2_fetch_only",85472.3272418945,0.000127686420455575
"species_2_fetch_only",85660.9127664063,0.000127686420455575
"species_2_fetch_only",85849.498290918,0.000127686420455575
"species_2_fetch_only",86038.0838154297,0.000127686420455575
"species_2_fetch_only",86226.6693399414,0.000127686420455575
"species_2_fetch_only",86415.2548644531,0.000127686420455575
"species_2_fetch_only",86603.8403889649,0.000127686420455575
"species_2_fetch_only",86792.4259134766,0.000127686420455575
"species_2_fetch_only",86981.0114379883,0.000127686420455575
"species_2_fetch",-7311.75081787109,0.905816614627838
"species_2_fetch",-7123.16529335938,0.905816614627838
"species_2_fetch",-6934.57976884766,0.905816614627838
"species_2_fetch",-6745.99424433594,0.905816614627838
"species_2_fetch",-6557.40871982422,0.905816614627838
"species_2_fetch",-6368.8231953125,0.905816614627838
"species_2_fetch",-6180.23767080078,0.905816614627838
"species_2_fetch",-5991.65214628906,0.905816614627838
"species_2_fetch",-5803.06662177734,0.905816614627838
"species_2_fetch",-5614.48109726563,0.905816614627838
"species_2_fetch",-5425.89557275391,0.905816614627838
"species_2_fetch",-5237.31004824219,0.905816614627838
"species_2_fetch",-5048.72452373047,0.905816614627838
"species_2_fetch",-4860.13899921875,0.905816614627838
"species_2_fetch",-4671.55347470703,0.905816614627838
"species_2_fetch",-4482.96795019531,0.905816614627838
"species_2_fetch",-4294.38242568359,0.905816614627838
"species_2_fetch",-4105.79690117188,0.905816614627838
"species_2_fetch",-3917.21137666016,0.905816614627838
"species_2_fetch",-3728.62585214844,0.905816614627838
"species_2_fetch",-3540.04032763672,0.905816614627838
"species_2_fetch",-3351.454803125,0.905816614627838
"species_2_fetch",-3162.86927861328,0.905816614627838
"species_2_fetch",-2974.28375410156,0.905816614627838
"species_2_fetch",-2785.69822958984,0.905816614627838
"species_2_fetch",-2597.11270507812,0.905816614627838
"species_2_fetch",-2408.52718056641,0.905816614627838
"species_2_fetch",-2219.94165605469,0.905816614627838
"species_2_fetch",-2031.35613154297,0.905816614627838
"species_2_fetch",-1842.77060703125,0.905816614627838
"species_2_fetch",-1654.18508251953,0.905816614627838
"species_2_fetch",-1465.59955800781,0.905816614627838
"species_2_fetch",-1277.01403349609,0.905816614627838
"species_2_fetch",-1088.42850898437,0.905816614627838
"species_2_fetch",-899.842984472656,0.905816614627838
"species_2_fetch",-711.257459960937,0.905816614627838
"species_2_fetch",-522.671935449219,0.905816614627838
"species_2_fetch",-334.0864109375,0.905816614627838
"species_2_fetch",-145.500886425781,0.905816614627838
"species_2_fetch",43.0846380859375,0.905816614627838
"species_2_fetch",231.670162597657,0.905816614627838
"species_2_fetch",420.255687109376,0.905816614627838
"species_2_fetch",608.841211621094,0.908098459243774
"species_2_fetch",797.426736132813,0.899406313896179
"species_2_fetch",986.012260644533,0.878828585147858
"species_2_fetch",1174.59778515625,0.854716539382935
"species_2_fetch",1363.18330966797,0.826746702194214
"species_2_fetch",1551.76883417969,0.794679284095764
"species_2_fetch",1740.35435869141,0.758403778076172
"species_2_fetch",1928.93988320313,0.71798574924469
"species_2_fetch",2117.52540771485,0.681885957717896
"species_2_fetch",2306.11093222656,0.668987095355988
"species_2_fetch",2494.69645673828,0.655820429325104
"species_2_fetch",2683.28198125,0.642401039600372
"species_2_fetch",2871.86750576172,0.62874561548233
"species_2_fetch",3060.45303027344,0.61487203836441
"species_2_fetch",3249.03855478516,0.600799918174744
"species_2_fetch",3437.62407929687,0.586549937725067
"species_2_fetch",3626.20960380859,0.572144031524658
"species_2_fetch",3814.79512832031,0.557605147361755
"species_2_fetch",4003.38065283203,0.542957186698914
"species_2_fetch",4191.96617734375,0.528224945068359
"species_2_fetch",4380.55170185547,0.513433635234833
"species_2_fetch",4569.13722636719,0.498609036207199
"species_2_fetch",4757.72275087891,0.483777195215225
"species_2_fetch",4946.30827539063,0.468964219093323
"species_2_fetch",5134.89379990235,0.454196065664291
"species_2_fetch",5323.47932441406,0.439498513936996
"species_2_fetch",5512.06484892578,0.424896836280823
"species_2_fetch",5700.6503734375,0.41041561961174
"species_2_fetch",5889.23589794922,0.396078765392303
"species_2_fetch",6077.82142246094,0.384021162986755
"species_2_fetch",6266.40694697266,0.37493759393692
"species_2_fetch",6454.99247148438,0.36942520737648
"species_2_fetch",6643.5779959961,0.364425599575043
"species_2_fetch",6832.16352050781,0.359446108341217
"species_2_fetch",7020.74904501953,0.354487836360931
"species_2_fetch",7209.33456953125,0.349551796913147
"species_2_fetch",7397.92009404297,0.344639003276825
"species_2_fetch",7586.50561855469,0.339750468730927
"species_2_fetch",7775.09114306641,0.334887206554413
"species_2_fetch",7963.67666757813,0.3300501704216
"species_2_fetch",8152.26219208984,0.325240314006805
"species_2_fetch",8340.84771660156,0.320458561182022
"species_2_fetch",8529.43324111328,0.315705806016922
"species_2_fetch",8718.018765625,0.310982972383499
"species_2_fetch",8906.60429013672,0.30629089474678
"species_2_fetch",9095.18981464844,0.301630437374115
"species_2_fetch",9283.77533916016,0.29700243473053
"species_2_fetch",9472.36086367188,0.292407631874084
"species_2_fetch",9660.9463881836,0.289098829030991
"species_2_fetch",9849.53191269531,0.288089603185654
"species_2_fetch",10038.117437207,0.287116646766663
"species_2_fetch",10226.7029617188,0.286223977804184
"species_2_fetch",10415.2884862305,0.285404622554779
"species_2_fetch",10603.8740107422,0.284599602222443
"species_2_fetch",10792.4595352539,0.283788055181503
"species_2_fetch",10981.0450597656,0.282970041036606
"species_2_fetch",11169.6305842773,0.282145589590073
"species_2_fetch",11358.2161087891,0.281314730644226
"species_2_fetch",11546.8016333008,0.280477523803711
"species_2_fetch",11735.3871578125,0.279634028673172
"species_2_fetch",11923.9726823242,0.278784245252609
"species_2_fetch",12112.5582068359,0.27792826294899
"species_2_fetch",12301.1437313477,0.277066141366959
"species_2_fetch",12489.7292558594,0.276197880506516
"species_2_fetch",12678.3147803711,0.275323539972305
"species_2_fetch",12866.9003048828,0.274443209171295
"species_2_fetch",13055.4858293945,0.273556888103485
"species_2_fetch",13244.0713539063,0.272664666175842
"species_2_fetch",13432.656878418,0.271766573190689
"species_2_fetch",13621.2424029297,0.27086266875267
"species_2_fetch",13809.8279274414,0.269952982664108
"species_2_fetch",13998.4134519531,0.26903760433197
"species_2_fetch",14186.9989764648,0.268116533756256
"species_2_fetch",14375.5845009766,0.267189890146255
"species_2_fetch",14564.1700254883,0.266257673501968
"species_2_fetch",14752.75555,0.265319973230362
"species_2_fetch",14941.3410745117,0.264376819133759
"species_2_fetch",15129.9265990234,0.263428270816803
"species_2_fetch",15318.5121235352,0.262474417686462
"species_2_fetch",15507.0976480469,0.261515259742737
"species_2_fetch",15695.6831725586,0.260550916194916
"species_2_fetch",15884.2686970703,0.259581387042999
"species_2_fetch",16072.854221582,0.258606761693954
"species_2_fetch",16261.4397460938,0.257627069950104
"species_2_fetch",16450.0252706055,0.256642431020737
"species_2_fetch",16638.6107951172,0.255652844905853
"species_2_fetch",16827.1963196289,0.254658401012421
"species_2_fetch",17015.7818441406,0.253659129142761
"species_2_fetch",17204.3673686523,0.252655148506164
"species_2_fetch",17392.9528931641,0.251646459102631
"species_2_fetch",17581.5384176758,0.250633150339127
"species_2_fetch",17770.1239421875,0.24961531162262
"species_2_fetch",17958.7094666992,0.24859294295311
"species_2_fetch",18147.2949912109,0.247566163539886
"species_2_fetch",18335.8805157227,0.246535003185272
"species_2_fetch",18524.4660402344,0.245499551296234
"species_2_fetch",18713.0515647461,0.244459867477417
"species_2_fetch",18901.6370892578,0.243415996432304
"species_2_fetch",19090.2226137695,0.242368027567863
"species_2_fetch",19278.8081382812,0.241316005587578
"species_2_fetch",19467.393662793,0.240260019898415
"species_2_fetch",19655.9791873047,0.23920014500618
"species_2_fetch",19844.5647118164,0.238136410713196
"species_2_fetch",20033.1502363281,0.23706890642643
"species_2_fetch",20221.7357608398,0.235997691750526
"species_2_fetch",20410.3212853516,0.234922870993614
"species_2_fetch",20598.9068098633,0.233844473958015
"species_2_fetch",20787.492334375,0.232762575149536
"species_2_fetch",20976.0778588867,0.231677249073982
"species_2_fetch",21164.6633833984,0.230588585138321
"species_2_fetch",21353.2489079102,0.229496628046036
"species_2_fetch",21541.8344324219,0.228401467204094
"species_2_fetch",21730.4199569336,0.22730316221714
"species_2_fetch",21919.0054814453,0.226201787590981
"species_2_fetch",22107.591005957,0.225097417831421
"species_2_fetch",22296.1765304688,0.223990142345428
"species_2_fetch",22484.7620549805,0.222880005836487
"species_2_fetch",22673.3475794922,0.221767082810402
"species_2_fetch",22861.9331040039,0.220651477575302
"species_2_fetch",23050.5186285156,0.219533234834671
"species_2_fetch",23239.1041530274,0.218412443995476
"species_2_fetch",23427.6896775391,0.217289164662361
"species_2_fetch",23616.2752020508,0.216163486242294
"species_2_fetch",23804.8607265625,0.215035483241081
"species_2_fetch",23993.4462510742,0.213905230164528
"species_2_fetch",24182.0317755859,0.212772786617279
"species_2_fetch",24370.6173000977,0.211638256907463
"species_2_fetch",24559.2028246094,0.210501685738564
"species_2_fetch",24747.7883491211,0.209363177418709
"species_2_fetch",24936.3738736328,0.208222806453705
"species_2_fetch",25124.9593981445,0.207080617547035
"species_2_fetch",25313.5449226563,0.20593672990799
"species_2_fetch",25502.130447168,0.204791188240051
"species_2_fetch",25690.7159716797,0.203644096851349
"species_2_fetch",25879.3014961914,0.202495515346527
"species_2_fetch",26067.8870207031,0.201345533132553
"species_2_fetch",26256.4725452148,0.200194209814072
"species_2_fetch",26445.0580697266,0.19904163479805
"species_2_fetch",26633.6435942383,0.197887882590294
"species_2_fetch",26822.22911875,0.196733057498932
"species_2_fetch",27010.8146432617,0.195577204227448
"species_2_fetch",27199.4001677734,0.194420412182808
"species_2_fetch",27387.9856922852,0.193262755870819
"species_2_fetch",27576.5712167969,0.192104339599609
"species_2_fetch",27765.1567413086,0.190945208072662
"species_2_fetch",27953.7422658203,0.189785450696945
"species_2_fetch",28142.327790332,0.188625141978264
"species_2_fetch",28330.9133148438,0.187464371323586
"species_2_fetch",28519.4988393555,0.186303228139877
"species_2_fetch",28708.0843638672,0.185141772031784
"species_2_fetch",28896.6698883789,0.183980077505112
"species_2_fetch",29085.2554128906,0.182818233966827
"species_2_fetch",29273.8409374023,0.181656315922737
"species_2_fetch",29462.4264619141,0.180494427680969
"species_2_fetch",29651.0119864258,0.179332599043846
"species_2_fetch",29839.5975109375,0.178170949220657
"species_2_fetch",30028.1830354492,0.177009537816048
"species_2_fetch",30216.7685599609,0.175848439335823
"species_2_fetch",30405.3540844727,0.174687743186951
"species_2_fetch",30593.9396089844,0.173527523875237
"species_2_fetch",30782.5251334961,0.172367855906487
"species_2_fetch",30971.1106580078,0.171208828687668
"species_2_fetch",31159.6961825195,0.170050516724586
"species_2_fetch",31348.2817070313,0.168892964720726
"species_2_fetch",31536.867231543,0.167736291885376
"species_2_fetch",31725.4527560547,0.166580557823181
"species_2_fetch",31914.0382805664,0.165425837039948
"species_2_fetch",32102.6238050781,0.164272218942642
"species_2_fetch",32291.2093295898,0.16311976313591
"species_2_fetch",32479.7948541016,0.161968544125557
"species_2_fetch",32668.3803786133,0.16081865131855
"species_2_fetch",32856.965903125,0.159670159220695
"species_2_fetch",33045.5514276367,0.158523127436638
"species_2_fetch",33234.1369521484,0.157377645373344
"species_2_fetch",33422.7224766602,0.156233787536621
"species_2_fetch",33611.3080011719,0.155091613531113
"species_2_fetch",33799.8935256836,0.153951197862625
"species_2_fetch",33988.4790501953,0.152812629938126
"species_2_fetch",34177.064574707,0.15167598426342
"species_2_fetch",34365.6500992188,0.150541335344315
"species_2_fetch",34554.2356237305,0.149408712983131
"species_2_fetch",34742.8211482422,0.148278221487999
"species_2_fetch",34931.4066727539,0.147149935364723
"species_2_fetch",35119.9921972656,0.146023914217949
"species_2_fetch",35308.5777217774,0.144900232553482
"species_2_fetch",35497.1632462891,0.143778964877129
"species_2_fetch",35685.7487708008,0.142660155892372
"species_2_fetch",35874.3342953125,0.141543909907341
"species_2_fetch",36062.9198198242,0.14043028652668
"species_2_fetch",36251.5053443359,0.139319330453873
"species_2_fetch",36440.0908688477,0.138211131095886
"species_2_fetch",36628.6763933594,0.137105733156204
"species_2_fetch",36817.2619178711,0.136003226041794
"species_2_fetch",37005.8474423828,0.134903654456139
"species_2_fetch",37194.4329668945,0.133807092905045
"species_2_fetch",37383.0184914063,0.132713600993156
"species_2_fetch",37571.604015918,0.131623268127441
"species_2_fetch",37760.1895404297,0.130536109209061
"species_2_fetch",37948.7750649414,0.129452258348465
"species_2_fetch",38137.3605894531,0.128371685743332
"species_2_fetch",38325.9461139648,0.127294510602951
"species_2_fetch",38514.5316384766,0.126220777630806
"species_2_fetch",38703.1171629883,0.125150561332703
"species_2_fetch",38891.7026875,0.124083891510963
"species_2_fetch",39080.2882120117,0.123020850121975
"species_2_fetch",39268.8737365234,0.121961489319801
"species_2_fetch",39457.4592610352,0.120905861258507
"species_2_fetch",39646.0447855469,0.119854040443897
"species_2_fetch",39834.6303100586,0.118806049227715
"species_2_fetch",40023.2158345703,0.117761962115765
"species_2_fetch",40211.801359082,0.116721831262112
"species_2_fetch",40400.3868835938,0.115685701370239
"species_2_fetch",40588.9724081055,0.114653632044792
"species_2_fetch",40777.5579326172,0.113625675439835
"species_2_fetch",40966.1434571289,0.112601883709431
"species_2_fetch",41154.7289816406,0.111582301557064
"species_2_fetch",41343.3145061523,0.110566981136799
"species_2_fetch",41531.9000306641,0.10955598950386
"species_2_fetch",41720.4855551758,0.10854933410883
"species_2_fetch",41909.0710796875,0.107547082006931
"species_2_fetch",42097.6566041992,0.106549277901649
"species_2_fetch",42286.2421287109,0.105555973947048
"species_2_fetch",42474.8276532227,0.10456719994545
"species_2_fetch",42663.4131777344,0.103583015501499
"species_2_fetch",42851.9987022461,0.102603450417519
"species_2_fetch",43040.5842267578,0.101628556847572
"species_2_fetch",43229.1697512695,0.100658386945724
"species_2_fetch",43417.7552757813,0.0996929407119751
"species_2_fetch",43606.340800293,0.0987322852015495
"species_2_fetch",43794.9263248047,0.0977764502167702
"species_2_fetch",43983.5118493164,0.0968254804611206
"species_2_fetch",44172.0973738281,0.0958794057369232
"species_2_fetch",44360.6828983399,0.0949382707476616
"species_2_fetch",44549.2684228516,0.0940020978450775
"species_2_fetch",44737.8539473633,0.0930709317326546
"species_2_fetch",44926.439471875,0.0921448022127152
"species_2_fetch",45115.0249963867,0.0912237539887428
"species_2_fetch",45303.6105208984,0.0903077870607376
"species_2_fetch",45492.1960454102,0.0893969535827637
"species_2_fetch",45680.7815699219,0.0884912759065628
"species_2_fetch",45869.3670944336,0.087590791285038
"species_2_fetch",46057.9526189453,0.086695522069931
"species_2_fetch",46246.538143457,0.0858054906129837
"species_2_fetch",46435.1236679688,0.0849207267165184
"species_2_fetch",46623.7091924805,0.0840412601828575
"species_2_fetch",46812.2947169922,0.083167128264904
"species_2_fetch",47000.8802415039,0.0822983160614967
"species_2_fetch",47189.4657660156,0.0814348682761192
"species_2_fetch",47378.0512905273,0.0805768147110939
"species_2_fetch",47566.6368150391,0.0797241553664207
"species_2_fetch",47755.2223395508,0.0788769274950027
"species_2_fetch",47943.8078640625,0.0780351459980011
"species_2_fetch",48132.3933885742,0.077198825776577
"species_2_fetch",48320.978913086,0.0763679817318916
"species_2_fetch",48509.5644375977,0.0755426585674286
"species_2_fetch",48698.1499621094,0.0747228264808655
"species_2_fetch",48886.7354866211,0.0739085227251053
"species_2_fetch",49075.3210111328,0.0730997547507286
"species_2_fetch",49263.9065356445,0.0722965449094772
"species_2_fetch",49452.4920601563,0.0714989006519318
"species_2_fetch",49641.077584668,0.0707068294286728
"species_2_fetch",49829.6631091797,0.0699203461408615
"species_2_fetch",50018.2486336914,0.0691394582390785
"species_2_fetch",50206.8341582031,0.068364180624485
"species_2_fetch",50395.4196827148,0.0675945356488228
"species_2_fetch",50584.0052072266,0.0668304860591888
"species_2_fetch",50772.5907317383,0.0660720691084862
"species_2_fetch",50961.17625625,0.0653192847967148
"species_2_fetch",51149.7617807617,0.0645721331238747
"species_2_fetch",51338.3473052734,0.0638306215405464
"species_2_fetch",51526.9328297852,0.0630947574973106
"species_2_fetch",51715.5183542969,0.0623645409941673
"species_2_fetch",51904.1038788086,0.0616399720311165
"species_2_fetch",52092.6894033203,0.0609210655093193
"species_2_fetch",52281.274927832,0.0602077916264534
"species_2_fetch",52469.8604523438,0.0595001690089703
"species_2_fetch",52658.4459768555,0.0587981902062893
"species_2_fetch",52847.0315013672,0.0581018552184105
"species_2_fetch",53035.6170258789,0.0574111603200436
"species_2_fetch",53224.2025503906,0.0567261055111885
"species_2_fetch",53412.7880749023,0.0560466796159744
"species_2_fetch",53601.3735994141,0.0553728863596916
"species_2_fetch",53789.9591239258,0.0547047108411789
"species_2_fetch",53978.5446484375,0.0540421679615974
"species_2_fetch",54167.1301729492,0.053385216742754
"species_2_fetch",54355.715697461,0.0527338646352291
"species_2_fetch",54544.3012219727,0.0520881079137325
"species_2_fetch",54732.8867464844,0.0514479279518127
"species_2_fetch",54921.4722709961,0.0508133247494698
"species_2_fetch",55110.0577955078,0.0501842834055424
"species_2_fetch",55298.6433200195,0.0495607890188694
"species_2_fetch",55487.2288445313,0.0489428378641605
"species_2_fetch",55675.814369043,0.0483304224908352
"species_2_fetch",55864.3998935547,0.0477235056459904
"species_2_fetch",56052.9854180664,0.0471220910549164
"species_2_fetch",56241.5709425781,0.046526163816452
"species_2_fetch",56430.1564670899,0.0459357053041458
"species_2_fetch",56618.7419916016,0.0453507006168365
"species_2_fetch",56807.3275161133,0.044771134853363
"species_2_fetch",56995.913040625,0.0441969931125641
"species_2_fetch",57184.4985651367,0.0436282530426979
"species_2_fetch",57373.0840896485,0.0430649071931839
"species_2_fetch",57561.6696141602,0.0425069369375706
"species_2_fetch",57750.2551386719,0.0419543087482452
"species_2_fetch",57938.8406631836,0.041407011449337
"species_2_fetch",58127.4261876953,0.0408650264143944
"species_2_fetch",58316.011712207,0.0403283350169659
"species_2_fetch",58504.5972367188,0.0397969111800194
"species_2_fetch",58693.1827612305,0.0392707400023937
"species_2_fetch",58881.7682857422,0.0387497991323471
"species_2_fetch",59070.3538102539,0.0382340624928474
"species_2_fetch",59258.9393347656,0.0377235226333141
"species_2_fetch",59447.5248592773,0.0372181348502636
"species_2_fetch",59636.1103837891,0.0367178842425346
"species_2_fetch",59824.6959083008,0.0362227447330952
"species_2_fetch",60013.2814328125,0.035732701420784
"species_2_fetch",60201.8669573242,0.0352477207779884
"species_2_fetch",60390.4524818359,0.0347677804529667
"species_2_fetch",60579.0380063477,0.034292858093977
"species_2_fetch",60767.6235308594,0.0338229238986969
"species_2_fetch",60956.2090553711,0.033357959240675
"species_2_fetch",61144.7945798828,0.0328979380428791
"species_2_fetch",61333.3801043945,0.032442819327116
"species_2_fetch",61521.9656289063,0.0319925844669342
"species_2_fetch",61710.551153418,0.0315472111105919
"species_2_fetch",61899.1366779297,0.0311066638678312
"species_2_fetch",62087.7222024414,0.0306709203869104
"species_2_fetch",62276.3077269531,0.0302399508655071
"species_2_fetch",62464.8932514649,0.0298137255012989
"species_2_fetch",62653.4787759766,0.0293922200798988
"species_2_fetch",62842.0643004883,0.0289754085242748
"species_2_fetch",63030.649825,0.0285632498562336
"species_2_fetch",63219.2353495117,0.0281557179987431
"species_2_fetch",63407.8208740234,0.0277527887374163
"species_2_fetch",63596.4063985352,0.0273544285446405
"species_2_fetch",63784.9919230469,0.0269606094807386
"species_2_fetch",63973.5774475586,0.026571299880743
"species_2_fetch",64162.1629720703,0.0261864699423313
"species_2_fetch",64350.748496582,0.025806088000536
"species_2_fetch",64539.3340210938,0.0254301242530346
"species_2_fetch",64727.9195456055,0.0250585563480854
"species_2_fetch",64916.5050701172,0.0246913377195597
"species_2_fetch",65105.0905946289,0.0243284422904253
"species_2_fetch",65293.6761191406,0.0239698421210051
"species_2_fetch",65482.2616436523,0.0236155018210411
"species_2_fetch",65670.8471681641,0.0232654009014368
"species_2_fetch",65859.4326926758,0.0229194909334183
"species_2_fetch",66048.0182171875,0.0225777458399534
"species_2_fetch",66236.6037416992,0.022240137681365
"species_2_fetch",66425.1892662109,0.0219066310673952
"species_2_fetch",66613.7747907227,0.0215771961957216
"species_2_fetch",66802.3603152344,0.0212517995387316
"species_2_fetch",66990.9458397461,0.0209304075688124
"species_2_fetch",67179.5313642578,0.0206129904836416
"species_2_fetch",67368.1168887695,0.0202995147556067
"species_2_fetch",67556.7024132813,0.0199899468570948
"species_2_fetch",67745.287937793,0.0196842551231384
"species_2_fetch",67933.8734623047,0.0193824078887701
"species_2_fetch",68122.4589868164,0.0190843734890223
"species_2_fetch",68311.0445113281,0.0187901146709919
"species_2_fetch",68499.6300358398,0.0184996034950018
"species_2_fetch",68688.2155603516,0.0182128064334393
"species_2_fetch",68876.8010848633,0.0179296899586916
"species_2_fetch",69065.386609375,0.017650231719017
"species_2_fetch",69253.9721338867,0.0173743795603514
"species_2_fetch",69442.5576583984,0.0171021092683077
"species_2_fetch",69631.1431829101,0.0168333891779184
"species_2_fetch",69819.7287074219,0.0165681894868612
"species_2_fetch",70008.3142319336,0.0163064729422331
"species_2_fetch",70196.8997564453,0.0160482097417116
"species_2_fetch",70385.485280957,0.0157933682203293
"species_2_fetch",70574.0708054687,0.015541915781796
"species_2_fetch",70762.6563299805,0.015293818898499
"species_2_fetch",70951.2418544922,0.0150490459054708
"species_2_fetch",71139.8273790039,0.0148075642064214
"species_2_fetch",71328.4129035156,0.0145693430677056
"species_2_fetch",71516.9984280273,0.0143343489617109
"species_2_fetch",71705.5839525391,0.0141025511547923
"species_2_fetch",71894.1694770508,0.0138739170506597
"species_2_fetch",72082.7550015625,0.013648415915668
"species_2_fetch",72271.3405260742,0.0134260151535273
"species_2_fetch",72459.9260505859,0.0132066830992699
"species_2_fetch",72648.5115750977,0.0129903983324766
"species_2_fetch",72837.0970996094,0.0127771105617285
"species_2_fetch",73025.6826241211,0.0125667983666062
"species_2_fetch",73214.2681486328,0.0123594300821424
"species_2_fetch",73402.8536731445,0.0121549759060144
"species_2_fetch",73591.4391976562,0.0119534032419324
"species_2_fetch",73780.024722168,0.0117546822875738
"species_2_fetch",73968.6102466797,0.0115587823092937
"species_2_fetch",74157.1957711914,0.0113656735047698
"species_2_fetch",74345.7812957031,0.011175325140357
"species_2_fetch",74534.3668202148,0.0109877064824104
"species_2_fetch",74722.9523447266,0.0108027886599302
"species_2_fetch",74911.5378692383,0.0106205409392715
"species_2_fetch",75100.12339375,0.0104409335181117
"species_2_fetch",75288.7089182617,0.0102639384567738
"species_2_fetch",75477.2944427734,0.0100895240902901
"species_2_fetch",75665.8799672852,0.0099176624789834
"species_2_fetch",75854.4654917969,0.00974832475185394
"species_2_fetch",76043.0510163086,0.00958148203790188
"species_2_fetch",76231.6365408203,0.00941711198538542
"species_2_fetch",76420.222065332,0.00925517175346613
"species_2_fetch",76608.8075898438,0.00909564085304737
"species_2_fetch",76797.3931143555,0.0089384913444519
"species_2_fetch",76985.9786388672,0.00878369342535734
"species_2_fetch",77174.5641633789,0.00863122195005417
"species_2_fetch",77363.1496878906,0.00848104711622
"species_2_fetch",77551.7352124024,0.00833314191550016
"species_2_fetch",77740.3207369141,0.00818747933954
"species_2_fetch",77928.9062614258,0.00804403237998486
"species_2_fetch",78117.4917859375,0.00790277402848005
"species_2_fetch",78306.0773104492,0.00776367820799351
"species_2_fetch",78494.662834961,0.00762671697884798
"species_2_fetch",78683.2483594727,0.00749186519533396
"species_2_fetch",78871.8338839844,0.00735909584909678
"species_2_fetch",79060.4194084961,0.00722838379442692
"species_2_fetch",79249.0049330078,0.00718526775017381
"species_2_fetch",79437.5904575195,0.00718526775017381
"species_2_fetch",79626.1759820312,0.00718526775017381
"species_2_fetch",79814.761506543,0.00718526775017381
"species_2_fetch",80003.3470310547,0.00718526775017381
"species_2_fetch",80191.9325555664,0.00718526775017381
"species_2_fetch",80380.5180800781,0.00718526775017381
"species_2_fetch",80569.1036045899,0.00718526775017381
"species_2_fetch",80757.6891291016,0.00718526775017381
"species_2_fetch",80946.2746536133,0.00718526775017381
"species_2_fetch",81134.860178125,0.00718526775017381
"species_2_fetch",81323.4457026367,0.00718526775017381
"species_2_fetch",81512.0312271484,0.00718526775017381
"species_2_fetch",81700.6167516602,0.00718526775017381
"species_2_fetch",81889.2022761719,0.00718526775017381
"species_2_fetch",82077.7878006836,0.00718526775017381
"species_2_fetch",82266.3733251953,0.00718526775017381
"species_2_fetch",82454.958849707,0.00718526775017381
"species_2_fetch",82643.5443742187,0.00718526775017381
"species_2_fetch",82832.1298987305,0.00718526775017381
"species_2_fetch",83020.7154232422,0.00718526775017381
"species_2_fetch",83209.3009477539,0.00718526775017381
"species_2_fetch",83397.8864722656,0.00718526775017381
"species_2_fetch",83586.4719967774,0.00718526775017381
"species_2_fetch",83775.0575212891,0.00718526775017381
"species_2_fetch",83963.6430458008,0.00718526775017381
"species_2_fetch",84152.2285703125,0.00718526775017381
"species_2_fetch",84340.8140948242,0.00718526775017381
"species_2_fetch",84529.399619336,0.00718526775017381
"species_2_fetch",84717.9851438477,0.00718526775017381
"species_2_fetch",84906.5706683594,0.00718526775017381
"species_2_fetch",85095.1561928711,0.00718526775017381
"species_2_fetch",85283.7417173828,0.00718526775017381
"species_2_fetch",85472.3272418945,0.00718526775017381
"species_2_fetch",85660.9127664063,0.00718526775017381
"species_2_fetch",85849.498290918,0.00718526775017381
"species_2_fetch",86038.0838154297,0.00718526775017381
"species_2_fetch",86226.6693399414,0.00718526775017381
"species_2_fetch",86415.2548644531,0.00718526775017381
"species_2_fetch",86603.8403889649,0.00718526775017381
"species_2_fetch",86792.4259134766,0.00718526775017381
"species_2_fetch",86981.0114379883,0.00718526775017381
"species_2_substrate_hist_only",1,0.727888107299805
"species_2_substrate_hist_only",2,0.133395671844482
"species_2_substrate_hist_only",3,0.310012698173523
"species_2_substrate_hist_only",4,0.310012698173523
"species_2_substrate_hist_only",6,0.310012698173523
"species_2_substrate_hist_only",7,0.310012698173523
"species_2_substrate_hist_only",8,0.535899639129639
"species_2_substrate_hist_only",9,0.596513569355011
"species_2_substrate_hist_only",10,0.418787986040115
"species_2_substrate_hist_only",11,0.310012698173523
"species_2_substrate_hist_only",12,0.310012698173523
"species_2_substrate_hist_only",13,0.310012698173523
"species_2_substrate_hist",1,0.224341228604317
"species_2_substrate_hist",2,0.142048627138138
"species_2_substrate_hist",3,0.224341228604317
"species_2_substrate_hist",4,0.224341228604317
"species_2_substrate_hist",6,0.224341228604317
"species_2_substrate_hist",7,0.224341228604317
"species_2_substrate_hist",8,0.26523569226265
"species_2_substrate_hist",9,0.282511293888092
"species_2_substrate_hist",10,0.298634737730026
"species_2_substrate_hist",11,0.224341228604317
"species_2_substrate_hist",12,0.224341228604317
"species_2_substrate_hist",13,0.224341228604317
"species_3_bathy_extrap_only",-22.5506229281425,0.953462481498718
"species_3_bathy_extrap_only",-21.9847211406708,0.953462481498718
"species_3_bathy_extrap_only",-21.418819353199,0.953462481498718
"species_3_bathy_extrap_only",-20.8529175657272,0.953462481498718
"species_3_bathy_extrap_only",-20.2870157782555,0.953462481498718
"species_3_bathy_extrap_only",-19.7211139907837,0.953462481498718
"species_3_bathy_extrap_only",-19.1552122033119,0.953462481498718
"species_3_bathy_extrap_only",-18.5893104158401,0.953462481498718
"species_3_bathy_extrap_only",-18.0234086283684,0.953462481498718
"species_3_bathy_extrap_only",-17.4575068408966,0.953462481498718
"species_3_bathy_extrap_only",-16.8916050534248,0.953462481498718
"species_3_bathy_extrap_only",-16.3257032659531,0.953462481498718
"species_3_bathy_extrap_only",-15.7598014784813,0.953462481498718
"species_3_bathy_extrap_only",-15.1938996910095,0.953462481498718
"species_3_bathy_extrap_only",-14.6279979035378,0.953462481498718
"species_3_bathy_extrap_only",-14.062096116066,0.953462481498718
"species_3_bathy_extrap_only",-13.4961943285942,0.953462481498718
"species_3_bathy_extrap_only",-12.9302925411224,0.953462481498718
"species_3_bathy_extrap_only",-12.3643907536507,0.953462481498718
"species_3_bathy_extrap_only",-11.7984889661789,0.953462481498718
"species_3_bathy_extrap_only",-11.2325871787071,0.953462481498718
"species_3_bathy_extrap_only",-10.6666853912353,0.953462481498718
"species_3_bathy_extrap_only",-10.1007836037636,0.953462481498718
"species_3_bathy_extrap_only",-9.53488181629181,0.953462481498718
"species_3_bathy_extrap_only",-8.96898002882004,0.953462481498718
"species_3_bathy_extrap_only",-8.40307824134826,0.953462481498718
"species_3_bathy_extrap_only",-7.83717645387649,0.953462481498718
"species_3_bathy_extrap_only",-7.27127466640472,0.953462481498718
"species_3_bathy_extrap_only",-6.70537287893295,0.953462481498718
"species_3_bathy_extrap_only",-6.13947109146118,0.953462481498718
"species_3_bathy_extrap_only",-5.57356930398941,0.953462481498718
"species_3_bathy_extrap_only",-5.00766751651764,0.953462481498718
"species_3_bathy_extrap_only",-4.44176572904586,0.953462481498718
"species_3_bathy_extrap_only",-3.87586394157409,0.953462481498718
"species_3_bathy_extrap_only",-3.30996215410232,0.953462481498718
"species_3_bathy_extrap_only",-2.74406036663055,0.953462481498718
"species_3_bathy_extrap_only",-2.17815857915878,0.953462481498718
"species_3_bathy_extrap_only",-1.61225679168701,0.953462481498718
"species_3_bathy_extrap_only",-1.04635500421524,0.953462481498718
"species_3_bathy_extrap_only",-0.480453216743463,0.953462481498718
"species_3_bathy_extrap_only",0.0854485707283068,0.953462481498718
"species_3_bathy_extrap_only",0.65135035820008,0.953462481498718
"species_3_bathy_extrap_only",1.21725214567185,0.870385348796844
"species_3_bathy_extrap_only",1.78315393314362,0.853239715099335
"species_3_bathy_extrap_only",2.34905572061539,0.834257900714874
"species_3_bathy_extrap_only",2.91495750808717,0.813358068466187
"species_3_bathy_extrap_only",3.48085929555894,0.790484607219696
"species_3_bathy_extrap_only",4.04676108303071,0.76561576128006
"species_3_bathy_extrap_only",4.61266287050248,0.738770544528961
"species_3_bathy_extrap_only",5.17856465797425,0.71001523733139
"species_3_bathy_extrap_only",5.74446644544602,0.679467916488647
"species_3_bathy_extrap_only",6.31036823291779,0.647301197052002
"species_3_bathy_extrap_only",6.87627002038957,0.613741517066956
"species_3_bathy_extrap_only",7.44217180786134,0.579065084457397
"species_3_bathy_extrap_only",8.00807359533311,0.543590605258942
"species_3_bathy_extrap_only",8.57397538280488,0.507668375968933
"species_3_bathy_extrap_only",9.13987717027665,0.471666783094406
"species_3_bathy_extrap_only",9.70577895774842,0.43595752120018
"species_3_bathy_extrap_only",10.2716807452202,0.400900334119797
"species_3_bathy_extrap_only",10.837582532692,0.366828829050064
"species_3_bathy_extrap_only",11.4034843201637,0.334038466215134
"species_3_bathy_extrap_only",11.9693861076355,0.30277755856514
"species_3_bathy_extrap_only",12.5352878951073,0.273241847753525
"species_3_bathy_extrap_only",13.1011896825791,0.245572537183762
"species_3_bathy_extrap_only",13.6670914700508,0.219857484102249
"species_3_bathy_extrap_only",14.2329932575226,0.196135103702545
"species_3_bathy_extrap_only",14.7988950449944,0.174400165677071
"species_3_bathy_extrap_only",15.3647968324661,0.15461054444313
"species_3_bathy_extrap_only",15.9306986199379,0.136694699525833
"species_3_bathy_extrap_only",16.4966004074097,0.120558805763721
"species_3_bathy_extrap_only",17.0625021948814,0.106093622744083
"species_3_bathy_extrap_only",17.6284039823532,0.0935059934854507
"species_3_bathy_extrap_only",18.194305769825,0.0833242014050484
"species_3_bathy_extrap_only",18.7602075572968,0.0761385262012482
"species_3_bathy_extrap_only",19.3261093447685,0.0740672200918198
"species_3_bathy_extrap_only",19.8920111322403,0.0724227949976921
"species_3_bathy_extrap_only",20.4579129197121,0.0708120912313461
"species_3_bathy_extrap_only",21.0238147071838,0.0692345350980759
"species_3_bathy_extrap_only",21.5897164946556,0.0676895678043365
"species_3_bathy_extrap_only",22.1556182821274,0.0661766156554222
"species_3_bathy_extrap_only",22.7215200695992,0.0646951422095299
"species_3_bathy_extrap_only",23.2874218570709,0.0632445812225342
"species_3_bathy_extrap_only",23.8533236445427,0.0618243999779224
"species_3_bathy_extrap_only",24.4192254320145,0.0604340471327305
"species_3_bathy_extrap_only",24.9851272194862,0.0590729974210262
"species_3_bathy_extrap_only",25.551029006958,0.0577407106757164
"species_3_bathy_extrap_only",26.1169307944298,0.0564366728067398
"species_3_bathy_extrap_only",26.6828325819016,0.0551603622734547
"species_3_bathy_extrap_only",27.2487343693733,0.0539112649857998
"species_3_bathy_extrap_only",27.8146361568451,0.0526888743042946
"species_3_bathy_extrap_only",28.3805379443169,0.0514926947653294
"species_3_bathy_extrap_only",28.9464397317886,0.0503222271800041
"species_3_bathy_extrap_only",29.5123415192604,0.0491769835352898
"species_3_bathy_extrap_only",30.0782433067322,0.0480564907193184
"species_3_bathy_extrap_only",30.644145094204,0.0469602644443512
"species_3_bathy_extrap_only",31.2100468816757,0.0458878390491009
"species_3_bathy_extrap_only",31.7759486691475,0.0448387525975704
"species_3_bathy_extrap_only",32.3418504566193,0.0438125468790531
"species_3_bathy_extrap_only",32.907752244091,0.0428087748587132
"species_3_bathy_extrap_only",33.4736540315628,0.0418269969522953
"species_3_bathy_extrap_only",34.0395558190346,0.0408667773008347
"species_3_bathy_extrap_only",34.6054576065064,0.039927676320076
"species_3_bathy_extrap_only",35.1713593939781,0.0390092767775059
"species_3_bathy_extrap_only",35.7372611814499,0.0381111651659012
"species_3_bathy_extrap_only",36.3031629689217,0.0372329354286194
"species_3_bathy_extrap_only",36.8690647563934,0.036374170333147
"species_3_bathy_extrap_only",37.4349665438652,0.0355344824492931
"species_3_bathy_extrap_only",38.000868331337,0.0347134806215763
"species_3_bathy_extrap_only",38.5667701188088,0.0339107848703861
"species_3_bathy_extrap_only",39.1326719062805,0.0331260114908218
"species_3_bathy_extrap_only",39.6985736937523,0.0323587879538536
"species_3_bathy_extrap_only",40.2644754812241,0.0316087529063225
"species_3_bathy_extrap_only",40.8303772686958,0.0308755543082952
"species_3_bathy_extrap_only",41.3962790561676,0.0301588289439678
"species_3_bathy_extrap_only",41.9621808436394,0.0294582340866327
"species_3_bathy_extrap_only",42.5280826311112,0.028773432597518
"species_3_bathy_extrap_only",43.0939844185829,0.028104092925787
"species_3_bathy_extrap_only",43.6598862060547,0.0274498797953129
"species_3_bathy_extrap_only",44.2257879935265,0.0268104746937752
"species_3_bathy_extrap_only",44.7916897809983,0.0261855628341436
"species_3_bathy_extrap_only",45.35759156847,0.0255748387426138
"species_3_bathy_extrap_only",45.9234933559418,0.0249779876321554
"species_3_bathy_extrap_only",46.4893951434136,0.0243947189301252
"species_3_bathy_extrap_only",47.0552969308853,0.0238247364759445
"species_3_bathy_extrap_only",47.6211987183571,0.0232677534222603
"species_3_bathy_extrap_only",48.1871005058289,0.0227234922349453
"species_3_bathy_extrap_only",48.7530022933007,0.0221916697919369
"species_3_bathy_extrap_only",49.3189040807724,0.0216720197349787
"species_3_bathy_extrap_only",49.8848058682442,0.0211642719805241
"species_3_bathy_extrap_only",50.450707655716,0.0206681732088327
"species_3_bathy_extrap_only",51.0166094431877,0.0201834607869387
"species_3_bathy_extrap_only",51.5825112306595,0.0197098851203918
"species_3_bathy_extrap_only",52.1484130181313,0.019247205927968
"species_3_bathy_extrap_only",52.714314805603,0.0187951810657978
"species_3_bathy_extrap_only",53.2802165930748,0.0183535702526569
"species_3_bathy_extrap_only",53.8461183805466,0.0179221462458372
"species_3_bathy_extrap_only",54.4120201680184,0.0175006818026304
"species_3_bathy_extrap_only",54.9779219554901,0.0170889589935541
"species_3_bathy_extrap_only",55.5438237429619,0.0166867561638355
"species_3_bathy_extrap_only",56.1097255304337,0.0162938628345728
"species_3_bathy_extrap_only",56.6756273179055,0.0159100703895092
"species_3_bathy_extrap_only",57.2415291053772,0.0155351776629686
"species_3_bathy_extrap_only",57.807430892849,0.0151689797639847
"species_3_bathy_extrap_only",58.3733326803208,0.0148112839087844
"species_3_bathy_extrap_only",58.9392344677925,0.01446189917624
"species_3_bathy_extrap_only",59.5051362552643,0.0141206402331591
"species_3_bathy_extrap_only",60.0710380427361,0.0137873189523816
"species_3_bathy_extrap_only",60.6369398302079,0.0134617583826184
"species_3_bathy_extrap_only",61.2028416176796,0.0131437825039029
"species_3_bathy_extrap_only",61.7687434051514,0.0128332227468491
"species_3_bathy_extrap_only",62.3346451926232,0.0125299049541354
"species_3_bathy_extrap_only",62.900546980095,0.0122336680069566
"species_3_bathy_extrap_only",63.4664487675667,0.011944348923862
"species_3_bathy_extrap_only",64.0323505550385,0.0116617940366268
"species_3_bathy_extrap_only",64.5982523425102,0.0113858440890908
"species_3_bathy_extrap_only",65.164154129982,0.0111163510009646
"species_3_bathy_extrap_only",65.7300559174538,0.0108531657606363
"species_3_bathy_extrap_only",66.2959577049256,0.010596145875752
"species_3_bathy_extrap_only",66.8618594923973,0.0103451479226351
"species_3_bathy_extrap_only",67.4277612798691,0.0101000349968672
"species_3_bathy_extrap_only",67.9936630673409,0.00986067578196526
"species_3_bathy_extrap_only",68.5595648548126,0.00962692964822054
"species_3_bathy_extrap_only",69.1254666422844,0.00939867272973061
"species_3_bathy_extrap_only",69.6913684297562,0.00917577743530273
"species_3_bathy_extrap_only",70.257270217228,0.0089581198990345
"species_3_bathy_extrap_only",70.8231720046997,0.00874558091163635
"species_3_bathy_extrap_only",71.3890737921715,0.00853804033249617
"species_3_bathy_extrap_only",71.9549755796433,0.00833538360893726
"species_3_bathy_extrap_only",72.520877367115,0.00813749991357327
"species_3_bathy_extrap_only",73.0867791545868,0.00794427469372749
"species_3_bathy_extrap_only",73.6526809420586,0.00775560084730387
"species_3_bathy_extrap_only",74.2185827295304,0.00757137406617403
"species_3_bathy_extrap_only",74.7844845170021,0.0073914909735322
"species_3_bathy_extrap_only",75.3503863044739,0.00721585052087903
"species_3_bathy_extrap_only",75.9162880919457,0.00704435398802161
"species_3_bathy_extrap_only",76.4821898794174,0.00687690498307347
"species_3_bathy_extrap_only",77.0480916668892,0.00671341177076101
"species_3_bathy_extrap_only",77.613993454361,0.00655377795919776
"species_3_bathy_extrap_only",78.1798952418328,0.00639791507273912
"species_3_bathy_extrap_only",78.7457970293045,0.00624573603272438
"species_3_bathy_extrap_only",79.3116988167763,0.00609715422615409
"species_3_bathy_extrap_only",79.8776006042481,0.00595208583399653
"species_3_bathy_extrap_only",80.4435023917198,0.00581044936552644
"species_3_bathy_extrap_only",81.0094041791916,0.00567216333001852
"species_3_bathy_extrap_only",81.5753059666634,0.00553715042769909
"species_3_bathy_extrap_only",82.1412077541352,0.00540533568710089
"species_3_bathy_extrap_only",82.7071095416069,0.00527664041146636
"species_3_bathy_extrap_only",83.2730113290787,0.00515099335461855
"species_3_bathy_extrap_only",83.8389131165505,0.00502832280471921
"species_3_bathy_extrap_only",84.4048149040222,0.00490855937823653
"species_3_bathy_extrap_only",84.970716691494,0.00479163508862257
"species_3_bathy_extrap_only",85.5366184789658,0.00467748241499066
"species_3_bathy_extrap_only",86.1025202664376,0.00456603709608316
"species_3_bathy_extrap_only",86.6684220539093,0.00445723626762629
"species_3_bathy_extrap_only",87.2343238413811,0.00435101520270109
"species_3_bathy_extrap_only",87.8002256288529,0.00424731522798538
"species_3_bathy_extrap_only",88.3661274163246,0.00414607627317309
"species_3_bathy_extrap_only",88.9320292037964,0.00404724013060331
"species_3_bathy_extrap_only",89.4979309912682,0.00395075138658285
"species_3_bathy_extrap_only",90.06383277874,0.00385655392892659
"species_3_bathy_extrap_only",90.6297345662117,0.00376459374092519
"species_3_bathy_extrap_only",91.1956363536835,0.00367481959983706
"species_3_bathy_extrap_only",91.7615381411553,0.00358717748895288
"species_3_bathy_extrap_only",92.3274399286271,0.00350161804817617
"species_3_bathy_extrap_only",92.8933417160988,0.00341809261590242
"species_3_bathy_extrap_only",93.4592435035706,0.00333655253052711
"species_3_bathy_extrap_only",94.0251452910424,0.00325695145875216
"species_3_bathy_extrap_only",94.5910470785141,0.0031792433001101
"species_3_bathy_extrap_only",95.1569488659859,0.00310338358394802
"species_3_bathy_extrap_only",95.7228506534577,0.00302932923659682
"species_3_bathy_extrap_only",96.2887524409294,0.00295703602023423
"species_3_bathy_extrap_only",96.8546542284012,0.00288646295666695
"species_3_bathy_extrap_only",97.420556015873,0.00281756930053234
"species_3_bathy_extrap_only",97.9864578033448,0.00275031570345163
"species_3_bathy_extrap_only",98.5523595908165,0.00268466281704605
"species_3_bathy_extrap_only",99.1182613782883,0.00262057315558195
"species_3_bathy_extrap_only",99.6841631657601,0.00255800969898701
"species_3_bathy_extrap_only",100.250064953232,0.00249693589285016
"species_3_bathy_extrap_only",100.815966740704,0.00243731751106679
"species_3_bathy_extrap_only",101.381868528175,0.00237911869771779
"species_3_bathy_extrap_only",101.947770315647,0.00232230592519045
"species_3_bathy_extrap_only",102.513672103119,0.00226684706285596
"species_3_bathy_extrap_only",103.079573890591,0.0022127095144242
"species_3_bathy_extrap_only",103.645475678062,0.00215986231341958
"species_3_bathy_extrap_only",104.211377465534,0.00210827449336648
"species_3_bathy_extrap_only",104.777279253006,0.00205791625194252
"species_3_bathy_extrap_only",105.343181040478,0.00200875895097852
"species_3_bathy_extrap_only",105.90908282795,0.00196077325381339
"species_3_bathy_extrap_only",106.474984615421,0.00191393145360053
"species_3_bathy_extrap_only",107.040886402893,0.00186820654198527
"species_3_bathy_extrap_only",107.606788190365,0.00182357209268957
"species_3_bathy_extrap_only",108.172689977837,0.00178000214509666
"species_3_bathy_extrap_only",108.738591765308,0.00173747143708169
"species_3_bathy_extrap_only",109.30449355278,0.00169595517218113
"species_3_bathy_extrap_only",109.870395340252,0.00165542983449996
"species_3_bathy_extrap_only",110.436297127724,0.00161587074398994
"species_3_bathy_extrap_only",111.002198915196,0.00157725543249398
"species_3_bathy_extrap_only",111.568100702667,0.00153956154827029
"species_3_bathy_extrap_only",112.134002490139,0.00150276720523834
"species_3_bathy_extrap_only",112.699904277611,0.00146685086656362
"species_3_bathy_extrap_only",113.265806065083,0.00143179169390351
"species_3_bathy_extrap_only",113.831707852554,0.00139756919816136
"species_3_bathy_extrap_only",114.397609640026,0.00136416417080909
"species_3_bathy_extrap_only",114.963511427498,0.00133155600633472
"species_3_bathy_extrap_only",115.52941321497,0.00129972631111741
"species_3_bathy_extrap_only",116.095315002441,0.00126865657512099
"species_3_bathy_extrap_only",116.661216789913,0.00123832852113992
"species_3_bathy_extrap_only",117.227118577385,0.00120872468687594
"species_3_bathy_extrap_only",117.793020364857,0.00117982772644609
"species_3_bathy_extrap_only",118.358922152329,0.00115162075962871
"species_3_bathy_extrap_only",118.9248239398,0.00112408737186342
"species_3_bathy_extrap_only",119.490725727272,0.0010972119634971
"species_3_bathy_extrap_only",120.056627514744,0.00107097800355405
"species_3_bathy_extrap_only",120.622529302216,0.00104537070728838
"species_3_bathy_extrap_only",121.188431089687,0.0010203750571236
"species_3_bathy_extrap_only",121.754332877159,0.000995976501144469
"species_3_bathy_extrap_only",122.320234664631,0.000972160662058741
"species_3_bathy_extrap_only",122.886136452103,0.000948913861066103
"species_3_bathy_extrap_only",123.452038239574,0.00092622241936624
"species_3_bathy_extrap_only",124.017940027046,0.000904073414858431
"species_3_bathy_extrap_only",124.583841814518,0.00088245328515768
"species_3_bathy_extrap_only",125.14974360199,0.000861349748447537
"species_3_bathy_extrap_only",125.715645389462,0.000840750464703888
"species_3_bathy_extrap_only",126.281547176933,0.000820643384940922
"species_3_bathy_extrap_only",126.847448964405,0.000801016809418797
"species_3_bathy_extrap_only",127.413350751877,0.000781859271228313
"species_3_bathy_extrap_only",127.979252539349,0.000763159536290914
"species_3_bathy_extrap_only",128.54515432682,0.000744907010812312
"species_3_bathy_extrap_only",129.111056114292,0.000727090460713953
"species_3_bathy_extrap_only",129.676957901764,0.000709699699655175
"species_3_bathy_extrap_only",130.242859689236,0.000692724657710642
"species_3_bathy_extrap_only",130.808761476707,0.000676155323162675
"species_3_bathy_extrap_only",131.374663264179,0.000659982033539563
"species_3_bathy_extrap_only",131.940565051651,0.000644195359200239
"species_3_bathy_extrap_only",132.506466839123,0.000628786103334278
"species_3_bathy_extrap_only",133.072368626595,0.000613745185546577
"species_3_bathy_extrap_only",133.638270414066,0.000599063874688
"species_3_bathy_extrap_only",134.204172201538,0.000584733497817069
"species_3_bathy_extrap_only",134.77007398901,0.000570745731238276
"species_3_bathy_extrap_only",135.335975776482,0.000557092425879091
"species_3_bathy_extrap_only",135.901877563953,0.000543765898328274
"species_3_bathy_extrap_only",136.467779351425,0.000530757592059672
"species_3_bathy_extrap_only",137.033681138897,0.000518060405738652
"species_3_bathy_extrap_only",137.599582926369,0.000505666772369295
"species_3_bathy_extrap_only",138.165484713841,0.000493569474201649
"species_3_bathy_extrap_only",138.731386501312,0.000481761439004913
"species_3_bathy_extrap_only",139.297288288784,0.000470235798275098
"species_3_bathy_extrap_only",139.863190076256,0.000458985741715878
"species_3_bathy_extrap_only",140.429091863728,0.000448004750069231
"species_3_bathy_extrap_only",140.994993651199,0.000437286333180964
"species_3_bathy_extrap_only",141.560895438671,0.00042682423372753
"species_3_bathy_extrap_only",142.126797226143,0.000416612339904532
"species_3_bathy_extrap_only",142.692699013615,0.000406644685426727
"species_3_bathy_extrap_only",143.258600801086,0.000396915420424193
"species_3_bathy_extrap_only",143.824502588558,0.00038741881144233
"species_3_bathy_extrap_only",144.39040437603,0.000378149357857183
"species_3_bathy_extrap_only",144.956306163502,0.000369101850083098
"species_3_bathy_extrap_only",145.522207950974,0.000360270496457815
"species_3_bathy_extrap_only",146.088109738445,0.000351650349330157
"species_3_bathy_extrap_only",146.654011525917,0.000343236402841285
"species_3_bathy_extrap_only",147.219913313389,0.000335023709340021
"species_3_bathy_extrap_only",147.785815100861,0.00032700746669434
"species_3_bathy_extrap_only",148.351716888332,0.000319182960083708
"species_3_bathy_extrap_only",148.917618675804,0.000311545620206743
"species_3_bathy_extrap_only",149.483520463276,0.000304090965073556
"species_3_bathy_extrap_only",150.049422250748,0.000296814629109576
"species_3_bathy_extrap_only",150.615324038219,0.000289712363155559
"species_3_bathy_extrap_only",151.181225825691,0.000282779976259917
"species_3_bathy_extrap_only",151.747127613163,0.000276013452094048
"species_3_bathy_extrap_only",152.313029400635,0.000269408774329349
"species_3_bathy_extrap_only",152.878931188107,0.0002629621012602
"species_3_bathy_extrap_only",153.444832975578,0.000256669649388641
"species_3_bathy_extrap_only",154.01073476305,0.000250527751632035
"species_3_bathy_extrap_only",154.576636550522,0.000244532915530726
"species_3_bathy_extrap_only",155.142538337994,0.000238681372138672
"species_3_bathy_extrap_only",155.708440125465,0.000232969803619199
"species_3_bathy_extrap_only",156.274341912937,0.00022739487758372
"species_3_bathy_extrap_only",156.840243700409,0.000221953334403224
"species_3_bathy_extrap_only",157.406145487881,0.000216641972656362
"species_3_bathy_extrap_only",157.972047275353,0.000211457692785189
"species_3_bathy_extrap_only",158.537949062824,0.000206397453439422
"species_3_bathy_extrap_only",159.103850850296,0.00020145827147644
"species_3_bathy_extrap_only",159.669752637768,0.000196637265617028
"species_3_bathy_extrap_only",160.23565442524,0.000191931612789631
"species_3_bathy_extrap_only",160.801556212711,0.000187338533578441
"species_3_bathy_extrap_only",161.367458000183,0.00018285536498297
"species_3_bathy_extrap_only",161.933359787655,0.000178479458554648
"species_3_bathy_extrap_only",162.499261575127,0.000174208253156394
"species_3_bathy_extrap_only",163.065163362598,0.000170039245858788
"species_3_bathy_extrap_only",163.63106515007,0.00016597009380348
"species_3_bathy_extrap_only",164.196966937542,0.000161998206749558
"species_3_bathy_extrap_only",164.762868725014,0.000158121343702078
"species_3_bathy_extrap_only",165.328770512486,0.000154337263666093
"species_3_bathy_extrap_only",165.894672299957,0.000150643711094745
"species_3_bathy_extrap_only",166.460574087429,0.000147038546856493
"species_3_bathy_extrap_only",167.026475874901,0.00014351966092363
"species_3_bathy_extrap_only",167.592377662373,0.000140084957820363
"species_3_bathy_extrap_only",168.158279449844,0.000136732443934307
"species_3_bathy_extrap_only",168.724181237316,0.000133460154756904
"species_3_bathy_extrap_only",169.290083024788,0.000130266169435345
"species_3_bathy_extrap_only",169.85598481226,0.00012714862532448
"species_3_bathy_extrap_only",170.421886599731,0.000124105659779161
"species_3_bathy_extrap_only",170.987788387203,0.000121135519293603
"species_3_bathy_extrap_only",171.553690174675,0.000118236457637977
"species_3_bathy_extrap_only",172.119591962147,0.000115406764962245
"species_3_bathy_extrap_only",172.685493749619,0.000112644789624028
"species_3_bathy_extrap_only",173.25139553709,0.000109948974568397
"species_3_bathy_extrap_only",173.817297324562,0.000107317602669355
"species_3_bathy_extrap_only",174.383199112034,0.000104749196907505
"species_3_bathy_extrap_only",174.949100899506,0.000102242258435581
"species_3_bathy_extrap_only",175.515002686977,9.97953102341853e-05
"species_3_bathy_extrap_only",176.080904474449,9.74069116637111e-05
"species_3_bathy_extrap_only",176.646806261921,9.50756802922115e-05
"species_3_bathy_extrap_only",177.212708049393,9.28002264117822e-05
"species_3_bathy_extrap_only",177.778609836865,9.05792330740951e-05
"species_3_bathy_extrap_only",178.344511624336,8.84113906067796e-05
"species_3_bathy_extrap_only",178.910413411808,8.62954257172532e-05
"species_3_bathy_extrap_only",179.47631519928,8.4230094216764e-05
"species_3_bathy_extrap_only",180.042216986752,8.22141955723055e-05
"species_3_bathy_extrap_only",180.608118774223,8.0246536526829e-05
"species_3_bathy_extrap_only",181.174020561695,7.83259674790315e-05
"species_3_bathy_extrap_only",181.739922349167,7.64513533795252e-05
"species_3_bathy_extrap_only",182.305824136639,7.46216610423289e-05
"species_3_bathy_extrap_only",182.87172592411,7.28357044863515e-05
"species_3_bathy_extrap_only",183.437627711582,7.10924869053997e-05
"species_3_bathy_extrap_only",184.003529499054,6.93909896654077e-05
"species_3_bathy_extrap_only",184.569431286526,6.77302086842246e-05
"species_3_bathy_extrap_only",185.135333073998,6.61091762594879e-05
"species_3_bathy_extrap_only",185.701234861469,6.45269392407499e-05
"species_3_bathy_extrap_only",186.267136648941,6.29825663054362e-05
"species_3_bathy_extrap_only",186.833038436413,6.14751552348025e-05
"species_3_bathy_extrap_only",187.398940223885,6.00038256379776e-05
"species_3_bathy_extrap_only",187.964842011356,5.85677007620689e-05
"species_3_bathy_extrap_only",188.530743798828,5.71659511479083e-05
"species_3_bathy_extrap_only",189.0966455863,5.57977436983492e-05
"species_3_bathy_extrap_only",189.662547373772,5.44622853340115e-05
"species_3_bathy_extrap_only",190.228449161244,5.31587866134942e-05
"species_3_bathy_extrap_only",190.794350948715,5.18864835612476e-05
"species_3_bathy_extrap_only",191.360252736187,5.06446303916164e-05
"species_3_bathy_extrap_only",191.926154523659,4.94325322506484e-05
"species_3_bathy_extrap_only",192.492056311131,4.82494069729e-05
"species_3_bathy_extrap_only",193.057958098602,4.70946033601649e-05
"species_3_bathy_extrap_only",193.623859886074,4.59674338344485e-05
"species_3_bathy_extrap_only",194.189761673546,4.48672399215866e-05
"species_3_bathy_extrap_only",194.755663461018,4.37933776993304e-05
"species_3_bathy_extrap_only",195.321565248489,4.27452177973464e-05
"species_3_bathy_extrap_only",195.887467035961,4.17221453972161e-05
"species_3_bathy_extrap_only",196.453368823433,4.07235529564787e-05
"species_3_bathy_extrap_only",197.019270610905,3.97488656744827e-05
"species_3_bathy_extrap_only",197.585172398377,3.87975014746189e-05
"species_3_bathy_extrap_only",198.151074185848,3.78689110220876e-05
"species_3_bathy_extrap_only",198.71697597332,3.69625413441099e-05
"species_3_bathy_extrap_only",199.282877760792,3.60778685717378e-05
"species_3_bathy_extrap_only",199.848779548264,3.52143651980441e-05
"species_3_bathy_extrap_only",200.414681335735,3.43715291819535e-05
"species_3_bathy_extrap_only",200.980583123207,3.35488875862211e-05
"species_3_bathy_extrap_only",201.546484910679,3.27459129039198e-05
"species_3_bathy_extrap_only",202.112386698151,3.19621576636564e-05
"species_3_bathy_extrap_only",202.678288485622,3.11971598421223e-05
"species_3_bathy_extrap_only",203.244190273094,3.0450470148935e-05
"species_3_bathy_extrap_only",203.810092060566,2.97216520266375e-05
"species_3_bathy_extrap_only",204.375993848038,2.90102780127199e-05
"species_3_bathy_extrap_only",204.94189563551,2.83159297396196e-05
"species_3_bathy_extrap_only",205.507797422981,2.76381997537101e-05
"species_3_bathy_extrap_only",206.073699210453,2.6976689696312e-05
"species_3_bathy_extrap_only",206.639600997925,2.63310121226823e-05
"species_3_bathy_extrap_only",207.205502785397,2.57007905020146e-05
"species_3_bathy_extrap_only",207.771404572868,2.50856501224916e-05
"species_3_bathy_extrap_only",208.33730636034,2.44852344621904e-05
"species_3_bathy_extrap_only",208.903208147812,2.38991888181772e-05
"species_3_bathy_extrap_only",209.469109935284,2.33271675824653e-05
"species_3_bathy_extrap_only",210.035011722755,2.27688396989834e-05
"species_3_bathy_extrap_only",210.600913510227,2.22238886635751e-05
"species_3_bathy_extrap_only",211.166815297699,2.16919652302749e-05
"species_3_bathy_extrap_only",211.732717085171,2.11727747227997e-05
"species_3_bathy_extrap_only",212.298618872643,2.066600973194e-05
"species_3_bathy_extrap_only",212.864520660114,2.01713737624232e-05
"species_3_bathy_extrap_only",213.430422447586,1.96885757759446e-05
"species_3_bathy_extrap_only",213.996324235058,1.92173338291468e-05
"species_3_bathy_extrap_only",214.56222602253,1.87573714356404e-05
"species_3_bathy_extrap_only",215.128127810001,1.83084175660042e-05
"species_3_bathy_extrap_only",215.694029597473,1.78702084667748e-05
"species_3_bathy_extrap_only",216.259931384945,1.74424876604462e-05
"species_3_bathy_extrap_only",216.825833172417,1.70250041264808e-05
"species_3_bathy_extrap_only",217.391734959889,1.66175141202984e-05
"species_3_bathy_extrap_only",217.95763674736,1.62197757163085e-05
"species_3_bathy_extrap_only",218.523538534832,1.58315579028567e-05
"species_3_bathy_extrap_only",219.089440322304,1.54526314872783e-05
"species_3_bathy_extrap_only",219.655342109776,1.50827745528659e-05
"species_3_bathy_extrap_only",220.221243897247,1.47217797348276e-05
"species_3_bathy_extrap_only",220.787145684719,1.43694151120144e-05
"species_3_bathy_extrap_only",221.353047472191,1.40254851430655e-05
"species_3_bathy_extrap_only",221.918949259663,1.36897861011676e-05
"species_3_bathy_extrap_only",222.484851047134,1.33621215354651e-05
"species_3_bathy_extrap_only",223.050752834606,1.30423004520708e-05
"species_3_bathy_extrap_only",223.616654622078,1.27301336760866e-05
"species_3_bathy_extrap_only",224.18255640955,1.24254383990774e-05
"species_3_bathy_extrap_only",224.748458197022,1.21280363600818e-05
"species_3_bathy_extrap_only",225.314359984493,1.18377520266222e-05
"species_3_bathy_extrap_only",225.880261771965,1.15544162326842e-05
"species_3_bathy_extrap_only",226.446163559437,1.12778616312426e-05
"species_3_bathy_extrap_only",227.012065346909,1.10079263322405e-05
"species_3_bathy_extrap_only",227.57796713438,1.07444511741051e-05
"species_3_bathy_extrap_only",228.143868921852,1.04872833617264e-05
"species_3_bathy_extrap_only",228.709770709324,1.02362700999947e-05
"species_3_bathy_extrap_only",229.275672496796,9.99127132672584e-06
"species_3_bathy_extrap_only",229.841574284267,9.75212969933636e-06
"species_3_bathy_extrap_only",230.407476071739,9.51871243159985e-06
"species_3_bathy_extrap_only",230.973377859211,9.29088218981633e-06
"species_3_bathy_extrap_only",231.539279646683,9.06850436876994e-06
"species_3_bathy_extrap_only",232.105181434155,8.85144982021302e-06
"species_3_bathy_extrap_only",232.671083221626,8.63958939589793e-06
"species_3_bathy_extrap_only",233.236985009098,8.43280031403992e-06
"species_3_bathy_extrap_only",233.80288679657,8.23096161184367e-06
"species_3_bathy_extrap_only",234.368788584042,8.03395232651383e-06
"species_3_bathy_extrap_only",234.934690371513,7.84165968070738e-06
"species_3_bathy_extrap_only",235.500592158985,7.6539690780919e-06
"species_3_bathy_extrap_only",236.066493946457,7.47077092455584e-06
"species_3_bathy_extrap_only",236.632395733929,7.29195744497702e-06
"species_3_bathy_extrap_only",237.1982975214,7.23331049812259e-06
"species_3_bathy_extrap_only",237.764199308872,7.23331049812259e-06
"species_3_bathy_extrap_only",238.330101096344,7.23331049812259e-06
"species_3_bathy_extrap_only",238.896002883816,7.23331049812259e-06
"species_3_bathy_extrap_only",239.461904671288,7.23331049812259e-06
"species_3_bathy_extrap_only",240.027806458759,7.23331049812259e-06
"species_3_bathy_extrap_only",240.593708246231,7.23331049812259e-06
"species_3_bathy_extrap_only",241.159610033703,7.23331049812259e-06
"species_3_bathy_extrap_only",241.725511821175,7.23331049812259e-06
"species_3_bathy_extrap_only",242.291413608646,7.23331049812259e-06
"species_3_bathy_extrap_only",242.857315396118,7.23331049812259e-06
"species_3_bathy_extrap_only",243.42321718359,7.23331049812259e-06
"species_3_bathy_extrap_only",243.989118971062,7.23331049812259e-06
"species_3_bathy_extrap_only",244.555020758534,7.23331049812259e-06
"species_3_bathy_extrap_only",245.120922546005,7.23331049812259e-06
"species_3_bathy_extrap_only",245.686824333477,7.23331049812259e-06
"species_3_bathy_extrap_only",246.252726120949,7.23331049812259e-06
"species_3_bathy_extrap_only",246.818627908421,7.23331049812259e-06
"species_3_bathy_extrap_only",247.384529695892,7.23331049812259e-06
"species_3_bathy_extrap_only",247.950431483364,7.23331049812259e-06
"species_3_bathy_extrap_only",248.516333270836,7.23331049812259e-06
"species_3_bathy_extrap_only",249.082235058308,7.23331049812259e-06
"species_3_bathy_extrap_only",249.64813684578,7.23331049812259e-06
"species_3_bathy_extrap_only",250.214038633251,7.23331049812259e-06
"species_3_bathy_extrap_only",250.779940420723,7.23331049812259e-06
"species_3_bathy_extrap_only",251.345842208195,7.23331049812259e-06
"species_3_bathy_extrap_only",251.911743995667,7.23331049812259e-06
"species_3_bathy_extrap_only",252.477645783138,7.23331049812259e-06
"species_3_bathy_extrap_only",253.04354757061,7.23331049812259e-06
"species_3_bathy_extrap_only",253.609449358082,7.23331049812259e-06
"species_3_bathy_extrap_only",254.175351145554,7.23331049812259e-06
"species_3_bathy_extrap_only",254.741252933025,7.23331049812259e-06
"species_3_bathy_extrap_only",255.307154720497,7.23331049812259e-06
"species_3_bathy_extrap_only",255.873056507969,7.23331049812259e-06
"species_3_bathy_extrap_only",256.438958295441,7.23331049812259e-06
"species_3_bathy_extrap_only",257.004860082913,7.23331049812259e-06
"species_3_bathy_extrap_only",257.570761870384,7.23331049812259e-06
"species_3_bathy_extrap_only",258.136663657856,7.23331049812259e-06
"species_3_bathy_extrap_only",258.702565445328,7.23331049812259e-06
"species_3_bathy_extrap_only",259.2684672328,7.23331049812259e-06
"species_3_bathy_extrap_only",259.834369020271,7.23331049812259e-06
"species_3_bathy_extrap_only",260.400270807743,7.23331049812259e-06
"species_3_bathy_extrap",-22.5506229281425,0.544494390487671
"species_3_bathy_extrap",-21.9847211406708,0.544494390487671
"species_3_bathy_extrap",-21.418819353199,0.544494390487671
"species_3_bathy_extrap",-20.8529175657272,0.544494390487671
"species_3_bathy_extrap",-20.2870157782555,0.544494390487671
"species_3_bathy_extrap",-19.7211139907837,0.544494390487671
"species_3_bathy_extrap",-19.1552122033119,0.544494390487671
"species_3_bathy_extrap",-18.5893104158401,0.544494390487671
"species_3_bathy_extrap",-18.0234086283684,0.544494390487671
"species_3_bathy_extrap",-17.4575068408966,0.544494390487671
"species_3_bathy_extrap",-16.8916050534248,0.544494390487671
"species_3_bathy_extrap",-16.3257032659531,0.544494390487671
"species_3_bathy_extrap",-15.7598014784813,0.544494390487671
"species_3_bathy_extrap",-15.1938996910095,0.544494390487671
"species_3_bathy_extrap",-14.6279979035378,0.544494390487671
"species_3_bathy_extrap",-14.062096116066,0.544494390487671
"species_3_bathy_extrap",-13.4961943285942,0.544494390487671
"species_3_bathy_extrap",-12.9302925411224,0.544494390487671
"species_3_bathy_extrap",-12.3643907536507,0.544494390487671
"species_3_bathy_extrap",-11.7984889661789,0.544494390487671
"species_3_bathy_extrap",-11.2325871787071,0.544494390487671
"species_3_bathy_extrap",-10.6666853912353,0.544494390487671
"species_3_bathy_extrap",-10.1007836037636,0.544494390487671
"species_3_bathy_extrap",-9.53488181629181,0.544494390487671
"species_3_bathy_extrap",-8.96898002882004,0.544494390487671
"species_3_bathy_extrap",-8.40307824134826,0.544494390487671
"species_3_bathy_extrap",-7.83717645387649,0.544494390487671
"species_3_bathy_extrap",-7.27127466640472,0.544494390487671
"species_3_bathy_extrap",-6.70537287893295,0.544494390487671
"species_3_bathy_extrap",-6.13947109146118,0.544494390487671
"species_3_bathy_extrap",-5.57356930398941,0.544494390487671
"species_3_bathy_extrap",-5.00766751651764,0.544494390487671
"species_3_bathy_extrap",-4.44176572904586,0.544494390487671
"species_3_bathy_extrap",-3.87586394157409,0.544494390487671
"species_3_bathy_extrap",-3.30996215410232,0.544494390487671
"species_3_bathy_extrap",-2.74406036663055,0.544494390487671
"species_3_bathy_extrap",-2.17815857915878,0.544494390487671
"species_3_bathy_extrap",-1.61225679168701,0.544494390487671
"species_3_bathy_extrap",-1.04635500421524,0.544494390487671
"species_3_bathy_extrap",-0.480453216743463,0.544494390487671
"species_3_bathy_extrap",0.0854485707283068,0.544494390487671
"species_3_bathy_extrap",0.65135035820008,0.544494390487671
"species_3_bathy_extrap",1.21725214567185,0.537367939949036
"species_3_bathy_extrap",1.78315393314362,0.515908598899841
"species_3_bathy_extrap",2.34905572061539,0.494390368461609
"species_3_bathy_extrap",2.91495750808717,0.472892910242081
"species_3_bathy_extrap",3.48085929555894,0.45149552822113
"species_3_bathy_extrap",4.04676108303071,0.430275976657867
"species_3_bathy_extrap",4.61266287050248,0.409309506416321
"species_3_bathy_extrap",5.17856465797425,0.388667732477188
"species_3_bathy_extrap",5.74446644544602,0.368417680263519
"species_3_bathy_extrap",6.31036823291779,0.348620980978012
"species_3_bathy_extrap",6.87627002038957,0.329333394765854
"species_3_bathy_extrap",7.44217180786134,0.31060403585434
"species_3_bathy_extrap",8.00807359533311,0.292475312948227
"species_3_bathy_extrap",8.57397538280488,0.274982661008835
"species_3_bathy_extrap",9.13987717027665,0.258154511451721
"species_3_bathy_extrap",9.70577895774842,0.242012411355972
"species_3_bathy_extrap",10.2716807452202,0.226571395993233
"species_3_bathy_extrap",10.837582532692,0.211840227246284
"species_3_bathy_extrap",11.4034843201637,0.197821855545044
"species_3_bathy_extrap",11.9693861076355,0.184513986110687
"species_3_bathy_extrap",12.5352878951073,0.171909496188164
"species_3_bathy_extrap",13.1011896825791,0.15999710559845
"species_3_bathy_extrap",13.6670914700508,0.14876189827919
"species_3_bathy_extrap",14.2329932575226,0.138185858726501
"species_3_bathy_extrap",14.7988950449944,0.128248408436775
"species_3_bathy_extrap",15.3647968324661,0.118926994502544
"species_3_bathy_extrap",15.9306986199379,0.110197439789772
"species_3_bathy_extrap",16.4966004074097,0.102034442126751
"species_3_bathy_extrap",17.0625021948814,0.0944119840860367
"species_3_bathy_extrap",17.6284039823532,0.0873364359140396
"species_3_bathy_extrap",18.194305769825,0.0822541043162346
"species_3_bathy_extrap",18.7602075572968,0.0779798775911331
"species_3_bathy_extrap",19.3261093447685,0.0744166374206543
"species_3_bathy_extrap",19.8920111322403,0.0710111558437347
"species_3_bathy_extrap",20.4579129197121,0.0684101358056068
"species_3_bathy_extrap",21.0238147071838,0.0675830021500587
"species_3_bathy_extrap",21.5897164946556,0.066765159368515
"species_3_bathy_extrap",22.1556182821274,0.0659565106034279
"species_3_bathy_extrap",22.7215200695992,0.0651569738984108
"species_3_bathy_extrap",23.2874218570709,0.064366452395916
"species_3_bathy_extrap",23.8533236445427,0.0635848790407181
"species_3_bathy_extrap",24.4192254320145,0.0628121569752693
"species_3_bathy_extrap",24.9851272194862,0.0620482042431831
"species_3_bathy_extrap",25.551029006958,0.0612929314374924
"species_3_bathy_extrap",26.1169307944298,0.060546264052391
"species_3_bathy_extrap",26.6828325819016,0.0598081089556217
"species_3_bathy_extrap",27.2487343693733,0.0590783879160881
"species_3_bathy_extrap",27.8146361568451,0.0583570189774036
"species_3_bathy_extrap",28.3805379443169,0.0576439201831818
"species_3_bathy_extrap",28.9464397317886,0.0569390021264553
"species_3_bathy_extrap",29.5123415192604,0.0562421940267086
"species_3_bathy_extrap",30.0782433067322,0.0555534102022648
"species_3_bathy_extrap",30.644145094204,0.0548725724220276
"species_3_bathy_extrap",31.2100468816757,0.0541995987296104
"species_3_bathy_extrap",31.7759486691475,0.0535344108939171
"species_3_bathy_extrap",32.3418504566193,0.0528769306838512
"species_3_bathy_extrap",32.907752244091,0.0522270798683167
"species_3_bathy_extrap",33.4736540315628,0.051584780216217
"species_3_bathy_extrap",34.0395558190346,0.0509499572217464
"species_3_bathy_extrap",34.6054576065064,0.0503225289285183
"species_3_bathy_extrap",35.1713593939781,0.0497024245560169
"species_3_bathy_extrap",35.7372611814499,0.0490895658731461
"species_3_bathy_extrap",36.3031629689217,0.04848388209939
"species_3_bathy_extrap",36.8690647563934,0.0478852912783623
"species_3_bathy_extrap",37.4349665438652,0.0472937226295471
"species_3_bathy_extrap",38.000868331337,0.0467091016471386
"species_3_bathy_extrap",38.5667701188088,0.0461313650012016
"species_3_bathy_extrap",39.1326719062805,0.0455604270100594
"species_3_bathy_extrap",39.6985736937523,0.0449962206184864
"species_3_bathy_extrap",40.2644754812241,0.0444386787712574
"species_3_bathy_extrap",40.8303772686958,0.0438877306878567
"species_3_bathy_extrap",41.3962790561676,0.043343298137188
"species_3_bathy_extrap",41.9621808436394,0.0428053177893162
"species_3_bathy_extrap",42.5280826311112,0.042273722589016
"species_3_bathy_extrap",43.0939844185829,0.0417484417557716
"species_3_bathy_extrap",43.6598862060547,0.0412294045090675
"species_3_bathy_extrap",44.2257879935265,0.0407165475189686
"species_3_bathy_extrap",44.7916897809983,0.0402098000049591
"species_3_bathy_extrap",45.35759156847,0.0397091023623943
"species_3_bathy_extrap",45.9234933559418,0.0392143800854683
"species_3_bathy_extrap",46.4893951434136,0.0387255735695362
"species_3_bathy_extrap",47.0552969308853,0.038242619484663
"species_3_bathy_extrap",47.6211987183571,0.0377654507756233
"species_3_bathy_extrap",48.1871005058289,0.0372940078377724
"species_3_bathy_extrap",48.7530022933007,0.0368282198905945
"species_3_bathy_extrap",49.3189040807724,0.0363680310547352
"species_3_bathy_extrap",49.8848058682442,0.0359133780002594
"species_3_bathy_extrap",50.450707655716,0.0354642048478127
"species_3_bathy_extrap",51.0166094431877,0.0350204408168793
"species_3_bathy_extrap",51.5825112306595,0.0345820300281048
"species_3_bathy_extrap",52.1484130181313,0.0341489128768444
"species_3_bathy_extrap",52.714314805603,0.033721037209034
"species_3_bathy_extrap",53.2802165930748,0.0332983322441578
"species_3_bathy_extrap",53.8461183805466,0.0328807458281517
"species_3_bathy_extrap",54.4120201680184,0.0324682183563709
"species_3_bathy_extrap",54.9779219554901,0.0320607014000416
"species_3_bathy_extrap",55.5438237429619,0.0316581279039383
"species_3_bathy_extrap",56.1097255304337,0.0312604457139969
"species_3_bathy_extrap",56.6756273179055,0.0308675989508629
"species_3_bathy_extrap",57.2415291053772,0.0304795373231173
"species_3_bathy_extrap",57.807430892849,0.0300961993634701
"species_3_bathy_extrap",58.3733326803208,0.0297175366431475
"species_3_bathy_extrap",58.9392344677925,0.029343493282795
"species_3_bathy_extrap",59.5051362552643,0.0289740189909935
"species_3_bathy_extrap",60.0710380427361,0.0286090578883886
"species_3_bathy_extrap",60.6369398302079,0.0282485596835613
"species_3_bathy_extrap",61.2028416176796,0.0278924740850925
"species_3_bathy_extrap",61.7687434051514,0.0275407526642084
"species_3_bathy_extrap",62.3346451926232,0.0271933395415545
"species_3_bathy_extrap",62.900546980095,0.0268501881510019
"species_3_bathy_extrap",63.4664487675667,0.0265112482011318
"species_3_bathy_extrap",64.0323505550385,0.0261764749884605
"species_3_bathy_extrap",64.5982523425102,0.0258458144962788
"species_3_bathy_extrap",65.164154129982,0.0255192201584578
"species_3_bathy_extrap",65.7300559174538,0.0251966472715139
"species_3_bathy_extrap",66.2959577049256,0.0248780474066734
"species_3_bathy_extrap",66.8618594923973,0.0245633758604526
"species_3_bathy_extrap",67.4277612798691,0.0242525842040777
"species_3_bathy_extrap",67.9936630673409,0.0239456314593554
"species_3_bathy_extrap",68.5595648548126,0.0236424673348665
"species_3_bathy_extrap",69.1254666422844,0.0233430489897728
"species_3_bathy_extrap",69.6913684297562,0.0230473317205906
"species_3_bathy_extrap",70.257270217228,0.0227552745491266
"species_3_bathy_extrap",70.8231720046997,0.0224668346345425
"species_3_bathy_extrap",71.3890737921715,0.0221819654107094
"species_3_bathy_extrap",71.9549755796433,0.0219006296247244
"species_3_bathy_extrap",72.520877367115,0.021622784435749
"species_3_bathy_extrap",73.0867791545868,0.0213483851402998
"species_3_bathy_extrap",73.6526809420586,0.0210773926228285
"species_3_bathy_extrap",74.2185827295304,0.020809767767787
"species_3_bathy_extrap",74.7844845170021,0.0205454677343369
"species_3_bathy_extrap",75.3503863044739,0.0202844571322203
"species_3_bathy_extrap",75.9162880919457,0.0200266931205988
"species_3_bathy_extrap",76.4821898794174,0.0197721384465694
"species_3_bathy_extrap",77.0480916668892,0.0195207595825195
"species_3_bathy_extrap",77.613993454361,0.0192725099623203
"species_3_bathy_extrap",78.1798952418328,0.0190273560583591
"species_3_bathy_extrap",78.7457970293045,0.018785260617733
"species_3_bathy_extrap",79.3116988167763,0.0185461882501841
"species_3_bathy_extrap",79.8776006042481,0.0183100998401642
"species_3_bathy_extrap",80.4435023917198,0.0180769618600607
"species_3_bathy_extrap",81.0094041791916,0.0178467389196157
"species_3_bathy_extrap",81.5753059666634,0.0176193956285715
"species_3_bathy_extrap",82.1412077541352,0.0173949003219604
"species_3_bathy_extrap",82.7071095416069,0.0171732120215893
"species_3_bathy_extrap",83.2730113290787,0.0169543009251356
"species_3_bathy_extrap",83.8389131165505,0.0167381316423416
"species_3_bathy_extrap",84.4048149040222,0.0165246725082397
"species_3_bathy_extrap",84.970716691494,0.0163138918578625
"species_3_bathy_extrap",85.5366184789658,0.016105754300952
"species_3_bathy_extrap",86.1025202664376,0.0159002300351858
"species_3_bathy_extrap",86.6684220539093,0.0156972873955965
"species_3_bathy_extrap",87.2343238413811,0.0154968937858939
"species_3_bathy_extrap",87.8002256288529,0.0152990175411105
"species_3_bathy_extrap",88.3661274163246,0.0151036297902465
"species_3_bathy_extrap",88.9320292037964,0.0149106997996569
"species_3_bathy_extrap",89.4979309912682,0.0147201968356967
"species_3_bathy_extrap",90.06383277874,0.0145320920273662
"species_3_bathy_extrap",90.6297345662117,0.0143463555723429
"species_3_bathy_extrap",91.1956363536835,0.0141629623249173
"species_3_bathy_extrap",91.7615381411553,0.0139818768948317
"species_3_bathy_extrap",92.3274399286271,0.0138030741363764
"species_3_bathy_extrap",92.8933417160988,0.0136265270411968
"species_3_bathy_extrap",93.4592435035706,0.0134522076696157
"species_3_bathy_extrap",94.0251452910424,0.0132800871506333
"species_3_bathy_extrap",94.5910470785141,0.0131101403385401
"species_3_bathy_extrap",95.1569488659859,0.0129423392936587
"species_3_bathy_extrap",95.7228506534577,0.0127766616642475
"species_3_bathy_extrap",96.2887524409294,0.0126130739226937
"species_3_bathy_extrap",96.8546542284012,0.0124515555799007
"species_3_bathy_extrap",97.420556015873,0.0122920796275139
"species_3_bathy_extrap",97.9864578033448,0.0121346209198236
"species_3_bathy_extrap",98.5523595908165,0.0119791543111205
"species_3_bathy_extrap",99.1182613782883,0.0118256555870175
"species_3_bathy_extrap",99.6841631657601,0.0116741014644504
"species_3_bathy_extrap",100.250064953232,0.0115244667977095
"species_3_bathy_extrap",100.815966740704,0.0113767292350531
"species_3_bathy_extrap",101.381868528175,0.0112308626994491
"species_3_bathy_extrap",101.947770315647,0.0110868448391557
"species_3_bathy_extrap",102.513672103119,0.0109446542337537
"species_3_bathy_extrap",103.079573890591,0.0108042666688561
"species_3_bathy_extrap",103.645475678062,0.0106656607240438
"species_3_bathy_extrap",104.211377465534,0.010528814047575
"species_3_bathy_extrap",104.777279253006,0.0103937042877078
"species_3_bathy_extrap",105.343181040478,0.0102603128179908
"species_3_bathy_extrap",105.90908282795,0.0101286135613918
"species_3_bathy_extrap",106.474984615421,0.00999858789145946
"species_3_bathy_extrap",107.040886402893,0.00987021438777447
"species_3_bathy_extrap",107.606788190365,0.0097434725612402
"species_3_bathy_extrap",108.172689977837,0.00961834285408258
"species_3_bathy_extrap",108.738591765308,0.00949480477720499
"species_3_bathy_extrap",109.30449355278,0.00937283877283335
"species_3_bathy_extrap",109.870395340252,0.00925242621451616
"species_3_bathy_extrap",110.436297127724,0.00913354475051165
"species_3_bathy_extrap",111.002198915196,0.00901617668569088
"species_3_bathy_extrap",111.568100702667,0.00890030339360237
"species_3_bathy_extrap",112.134002490139,0.00878590624779463
"species_3_bathy_extrap",112.699904277611,0.00867296569049358
"species_3_bathy_extrap",113.265806065083,0.0085614649578929
"species_3_bathy_extrap",113.831707852554,0.00845138635486364
"species_3_bathy_extrap",114.397609640026,0.00834271125495434
"species_3_bathy_extrap",114.963511427498,0.00823542103171349
"species_3_bathy_extrap",115.52941321497,0.00812949985265732
"species_3_bathy_extrap",116.095315002441,0.00802492909133434
"species_3_bathy_extrap",116.661216789913,0.00792169384658337
"species_3_bathy_extrap",117.227118577385,0.0078197754919529
"species_3_bathy_extrap",117.793020364857,0.00771915772929788
"species_3_bathy_extrap",118.358922152329,0.00761982519179583
"species_3_bathy_extrap",118.9248239398,0.0075217611156404
"species_3_bathy_extrap",119.490725727272,0.0074249510653317
"species_3_bathy_extrap",120.056627514744,0.00732937641441822
"species_3_bathy_extrap",120.622529302216,0.00723502319306135
"species_3_bathy_extrap",121.188431089687,0.00714187556877732
"species_3_bathy_extrap",121.754332877159,0.00704991910606623
"species_3_bathy_extrap",122.320234664631,0.0069591379724443
"species_3_bathy_extrap",122.886136452103,0.00686951773241162
"species_3_bathy_extrap",123.452038239574,0.0067810439504683
"species_3_bathy_extrap",124.017940027046,0.006693703122437
"species_3_bathy_extrap",124.583841814518,0.00660747848451138
"species_3_bathy_extrap",125.14974360199,0.00652235746383667
"species_3_bathy_extrap",125.715645389462,0.00643832562491298
"species_3_bathy_extrap",126.281547176933,0.00635536946356297
"species_3_bathy_extrap",126.847448964405,0.00627347594127059
"species_3_bathy_extrap",127.413350751877,0.00619263062253594
"species_3_bathy_extrap",127.979252539349,0.00611282093450427
"species_3_bathy_extrap",128.54515432682,0.00603403430432081
"species_3_bathy_extrap",129.111056114292,0.00595625629648566
"species_3_bathy_extrap",129.676957901764,0.00587947480380535
"species_3_bathy_extrap",130.242859689236,0.00580367725342512
"species_3_bathy_extrap",130.808761476707,0.0057288515381515
"species_3_bathy_extrap",131.374663264179,0.00565498508512974
"species_3_bathy_extrap",131.940565051651,0.00558206532150507
"species_3_bathy_extrap",132.506466839123,0.00551008060574532
"species_3_bathy_extrap",133.072368626595,0.00543901929631829
"species_3_bathy_extrap",133.638270414066,0.00536886975169182
"species_3_bathy_extrap",134.204172201538,0.00529961986467242
"species_3_bathy_extrap",134.77007398901,0.00523125845938921
"species_3_bathy_extrap",135.335975776482,0.00516377435997128
"species_3_bathy_extrap",135.901877563953,0.0050971582531929
"species_3_bathy_extrap",136.467779351425,0.00503139523789287
"species_3_bathy_extrap",137.033681138897,0.00496647646650672
"species_3_bathy_extrap",137.599582926369,0.00490239122882485
"species_3_bathy_extrap",138.165484713841,0.00483912881463766
"species_3_bathy_extrap",138.731386501312,0.00477667897939682
"species_3_bathy_extrap",139.297288288784,0.00471503147855401
"species_3_bathy_extrap",139.863190076256,0.00465417560189962
"species_3_bathy_extrap",140.429091863728,0.00459410157054663
"species_3_bathy_extrap",140.994993651199,0.0045347991399467
"species_3_bathy_extrap",141.560895438671,0.00447625899687409
"species_3_bathy_extrap",142.126797226143,0.00441847136244178
"species_3_bathy_extrap",142.692699013615,0.00436142645776272
"species_3_bathy_extrap",143.258600801086,0.00430511450394988
"species_3_bathy_extrap",143.824502588558,0.00424952711910009
"species_3_bathy_extrap",144.39040437603,0.00419465405866504
"species_3_bathy_extrap",144.956306163502,0.00414048787206411
"species_3_bathy_extrap",145.522207950974,0.00408701738342643
"species_3_bathy_extrap",146.088109738445,0.00403423421084881
"species_3_bathy_extrap",146.654011525917,0.00398212997242808
"species_3_bathy_extrap",147.219913313389,0.00393069628626108
"species_3_bathy_extrap",147.785815100861,0.0038799240719527
"species_3_bathy_extrap",148.351716888332,0.00382980541326106
"species_3_bathy_extrap",148.917618675804,0.00378033146262169
"species_3_bathy_extrap",149.483520463276,0.00373149430379272
"species_3_bathy_extrap",150.049422250748,0.00368328578770161
"species_3_bathy_extrap",150.615324038219,0.00363569776527584
"species_3_bathy_extrap",151.181225825691,0.00358872255310416
"species_3_bathy_extrap",151.747127613163,0.00354235176928341
"species_3_bathy_extrap",152.313029400635,0.00349657842889428
"species_3_bathy_extrap",152.878931188107,0.00345139438286424
"species_3_bathy_extrap",153.444832975578,0.00340679218061268
"species_3_bathy_extrap",154.01073476305,0.00336276437155902
"species_3_bathy_extrap",154.576636550522,0.00331930490210652
"species_3_bathy_extrap",155.142538337994,0.00327640399336815
"species_3_bathy_extrap",155.708440125465,0.00323405582457781
"species_3_bathy_extrap",156.274341912937,0.00319225341081619
"species_3_bathy_extrap",156.840243700409,0.0031509893015027
"species_3_bathy_extrap",157.406145487881,0.00311025721020997
"species_3_bathy_extrap",157.972047275353,0.00307004991918802
"species_3_bathy_extrap",158.537949062824,0.00303036090917885
"species_3_bathy_extrap",159.103850850296,0.00299118319526315
"species_3_bathy_extrap",159.669752637768,0.00295251072384417
"species_3_bathy_extrap",160.23565442524,0.00291433674283326
"species_3_bathy_extrap",160.801556212711,0.00287665496580303
"species_3_bathy_extrap",161.367458000183,0.00283945887349546
"species_3_bathy_extrap",161.933359787655,0.00280274241231382
"species_3_bathy_extrap",162.499261575127,0.00276649952866137
"species_3_bathy_extrap",163.065163362598,0.00273072393611073
"species_3_bathy_extrap",163.63106515007,0.00269541051238775
"species_3_bathy_extrap",164.196966937542,0.00266055180691183
"species_3_bathy_extrap",164.762868725014,0.0026261426974088
"species_3_bathy_extrap",165.328770512486,0.00259217736311257
"species_3_bathy_extrap",165.894672299957,0.00255865044891834
"species_3_bathy_extrap",166.460574087429,0.00252555590122938
"species_3_bathy_extrap",167.026475874901,0.00249288813211024
"species_3_bathy_extrap",167.592377662373,0.0024606422521174
"species_3_bathy_extrap",168.158279449844,0.00242881220765412
"species_3_bathy_extrap",168.724181237316,0.00239739310927689
"species_3_bathy_extrap",169.290083024788,0.00236637936905026
"species_3_bathy_extrap",169.85598481226,0.00233576586470008
"species_3_bathy_extrap",170.421886599731,0.00230554747395217
"species_3_bathy_extrap",170.987788387203,0.00227571907453239
"species_3_bathy_extrap",171.553690174675,0.00224627600982785
"species_3_bathy_extrap",172.119591962147,0.00221721269190311
"species_3_bathy_extrap",172.685493749619,0.00218852469697595
"species_3_bathy_extrap",173.25139553709,0.00216020806692541
"species_3_bathy_extrap",173.817297324562,0.00213225604966283
"species_3_bathy_extrap",174.383199112034,0.00210466491989791
"species_3_bathy_extrap",174.949100899506,0.00207743025384843
"species_3_bathy_extrap",175.515002686977,0.00205054716207087
"species_3_bathy_extrap",176.080904474449,0.002024011220783
"species_3_bathy_extrap",176.646806261921,0.00199781800620258
"species_3_bathy_extrap",177.212708049393,0.00197196309454739
"species_3_bathy_extrap",177.778609836865,0.00194644229486585
"species_3_bathy_extrap",178.344511624336,0.00192125095054507
"species_3_bathy_extrap",178.910413411808,0.00189638510346413
"species_3_bathy_extrap",179.47631519928,0.0018718404462561
"species_3_bathy_extrap",180.042216986752,0.00184761290438473
"species_3_bathy_extrap",180.608118774223,0.00182369840331376
"species_3_bathy_extrap",181.174020561695,0.00180009286850691
"species_3_bathy_extrap",181.739922349167,0.00177679222542793
"species_3_bathy_extrap",182.305824136639,0.00175379344727844
"species_3_bathy_extrap",182.87172592411,0.00173109106253833
"species_3_bathy_extrap",183.437627711582,0.00170868216082454
"species_3_bathy_extrap",184.003529499054,0.00168656290043145
"species_3_bathy_extrap",184.569431286526,0.00166472943965346
"species_3_bathy_extrap",185.135333073998,0.00164317805320024
"species_3_bathy_extrap",185.701234861469,0.00162190536502749
"species_3_bathy_extrap",186.267136648941,0.00160090753342956
"species_3_bathy_extrap",186.833038436413,0.00158018118236214
"species_3_bathy_extrap",187.398940223885,0.00155972270295024
"species_3_bathy_extrap",187.964842011356,0.00153952871914953
"species_3_bathy_extrap",188.530743798828,0.00151959585491568
"species_3_bathy_extrap",189.0966455863,0.00149992061778903
"species_3_bathy_extrap",189.662547373772,0.00148049974814057
"species_3_bathy_extrap",190.228449161244,0.0014613299863413
"species_3_bathy_extrap",190.794350948715,0.00144240807276219
"species_3_bathy_extrap",191.360252736187,0.00142373074777424
"species_3_bathy_extrap",191.926154523659,0.0014052955666557
"species_3_bathy_extrap",192.492056311131,0.00138709810562432
"species_3_bathy_extrap",193.057958098602,0.00136913603637367
"species_3_bathy_extrap",193.623859886074,0.0013514063321054
"species_3_bathy_extrap",194.189761673546,0.0013339058496058
"species_3_bathy_extrap",194.755663461018,0.00131663167849183
"species_3_bathy_extrap",195.321565248489,0.00129958090838045
"species_3_bathy_extrap",195.887467035961,0.00128275074530393
"species_3_bathy_extrap",196.453368823433,0.0012661381624639
"species_3_bathy_extrap",197.019270610905,0.00124974048230797
"species_3_bathy_extrap",197.585172398377,0.00123355502728373
"species_3_bathy_extrap",198.151074185848,0.00121757877059281
"species_3_bathy_extrap",198.71697597332,0.00120180926751345
"species_3_bathy_extrap",199.282877760792,0.00118624372407794
"species_3_bathy_extrap",199.848779548264,0.00117087957914919
"species_3_bathy_extrap",200.414681335735,0.00115571415517479
"species_3_bathy_extrap",200.980583123207,0.00114074535667896
"species_3_bathy_extrap",201.546484910679,0.00112596980761737
"species_3_bathy_extrap",202.112386698151,0.00111138552892953
"species_3_bathy_extrap",202.678288485622,0.00109698984306306
"species_3_bathy_extrap",203.244190273094,0.0010827804217115
"species_3_bathy_extrap",203.810092060566,0.00106875482015312
"species_3_bathy_extrap",204.375993848038,0.00105491082649678
"species_3_bathy_extrap",204.94189563551,0.00104124587960541
"species_3_bathy_extrap",205.507797422981,0.0010277577675879
"species_3_bathy_extrap",206.073699210453,0.00101444427855313
"species_3_bathy_extrap",206.639600997925,0.00100130296777934
"species_3_bathy_extrap",207.205502785397,0.000988331739790738
"species_3_bathy_extrap",207.771404572868,0.000975528440903872
"species_3_bathy_extrap",208.33730636034,0.000962890859227628
"species_3_bathy_extrap",208.903208147812,0.000950416782870889
"species_3_bathy_extrap",209.469109935284,0.000938104174565524
"species_3_bathy_extrap",210.035011722755,0.00092595093883574
"species_3_bathy_extrap",210.600913510227,0.000913955271244049
"species_3_bathy_extrap",211.166815297699,0.000902114610653371
"species_3_bathy_extrap",211.732717085171,0.000890427152626216
"species_3_bathy_extrap",212.298618872643,0.000878891034517437
"species_3_bathy_extrap",212.864520660114,0.000867504219058901
"species_3_bathy_extrap",213.430422447586,0.000856264843605459
"species_3_bathy_extrap",213.996324235058,0.000845170929096639
"species_3_bathy_extrap",214.56222602253,0.000834220612887293
"species_3_bathy_extrap",215.128127810001,0.000823412090539932
"species_3_bathy_extrap",215.694029597473,0.000812743499409407
"species_3_bathy_extrap",216.259931384945,0.000802212976850569
"species_3_bathy_extrap",216.825833172417,0.000791818834841251
"species_3_bathy_extrap",217.391734959889,0.000781559210736305
"species_3_bathy_extrap",217.95763674736,0.000771432474721223
"species_3_bathy_extrap",218.523538534832,0.000761436822358519
"species_3_bathy_extrap",219.089440322304,0.000751570565626025
"species_3_bathy_extrap",219.655342109776,0.000741832132916898
"species_3_bathy_extrap",220.221243897247,0.000732219952624291
"species_3_bathy_extrap",220.787145684719,0.000722732045687735
"species_3_bathy_extrap",221.353047472191,0.000713366956915706
"species_3_bathy_extrap",221.918949259663,0.000704123172909021
"species_3_bathy_extrap",222.484851047134,0.000694999063853174
"species_3_bathy_extrap",223.050752834606,0.000685993116348982
"species_3_bathy_extrap",223.616654622078,0.000677103758789599
"species_3_bathy_extrap",224.18255640955,0.000668329535983503
"species_3_bathy_extrap",224.748458197022,0.00065966893453151
"species_3_bathy_extrap",225.314359984493,0.000651120499242097
"species_3_bathy_extrap",225.880261771965,0.000642682774923742
"species_3_bathy_extrap",226.446163559437,0.000634354306384921
"species_3_bathy_extrap",227.012065346909,0.000626133696641773
"species_3_bathy_extrap",227.57796713438,0.000618019548710436
"species_3_bathy_extrap",228.143868921852,0.000610010523814708
"species_3_bathy_extrap",228.709770709324,0.000602105166763067
"species_3_bathy_extrap",229.275672496796,0.000594302488025278
"species_3_bathy_extrap",229.841574284267,0.00058660056674853
"species_3_bathy_extrap",230.407476071739,0.000578998471610248
"species_3_bathy_extrap",230.973377859211,0.000571494805626571
"species_3_bathy_extrap",231.539279646683,0.00056408834643662
"species_3_bathy_extrap",232.105181434155,0.000556777813471854
"species_3_bathy_extrap",232.671083221626,0.000549561984371394
"species_3_bathy_extrap",233.236985009098,0.0005424395785667
"species_3_bathy_extrap",233.80288679657,0.000535409490112215
"species_3_bathy_extrap",234.368788584042,0.000528470438439399
"species_3_bathy_extrap",234.934690371513,0.000521621259395033
"species_3_bathy_extrap",235.500592158985,0.000514860788825899
"species_3_bathy_extrap",236.066493946457,0.00050818792078644
"species_3_bathy_extrap",236.632395733929,0.000501601491123438
"species_3_bathy_extrap",237.1982975214,0.000499425106681883
"species_3_bathy_extrap",237.764199308872,0.000499425106681883
"species_3_bathy_extrap",238.330101096344,0.000499425106681883
"species_3_bathy_extrap",238.896002883816,0.000499425106681883
"species_3_bathy_extrap",239.461904671288,0.000499425106681883
"species_3_bathy_extrap",240.027806458759,0.000499425106681883
"species_3_bathy_extrap",240.593708246231,0.000499425106681883
"species_3_bathy_extrap",241.159610033703,0.000499425106681883
"species_3_bathy_extrap",241.725511821175,0.000499425106681883
"species_3_bathy_extrap",242.291413608646,0.000499425106681883
"species_3_bathy_extrap",242.857315396118,0.000499425106681883
"species_3_bathy_extrap",243.42321718359,0.000499425106681883
"species_3_bathy_extrap",243.989118971062,0.000499425106681883
"species_3_bathy_extrap",244.555020758534,0.000499425106681883
"species_3_bathy_extrap",245.120922546005,0.000499425106681883
"species_3_bathy_extrap",245.686824333477,0.000499425106681883
"species_3_bathy_extrap",246.252726120949,0.000499425106681883
"species_3_bathy_extrap",246.818627908421,0.000499425106681883
"species_3_bathy_extrap",247.384529695892,0.000499425106681883
"species_3_bathy_extrap",247.950431483364,0.000499425106681883
"species_3_bathy_extrap",248.516333270836,0.000499425106681883
"species_3_bathy_extrap",249.082235058308,0.000499425106681883
"species_3_bathy_extrap",249.64813684578,0.000499425106681883
"species_3_bathy_extrap",250.214038633251,0.000499425106681883
"species_3_bathy_extrap",250.779940420723,0.000499425106681883
"species_3_bathy_extrap",251.345842208195,0.000499425106681883
"species_3_bathy_extrap",251.911743995667,0.000499425106681883
"species_3_bathy_extrap",252.477645783138,0.000499425106681883
"species_3_bathy_extrap",253.04354757061,0.000499425106681883
"species_3_bathy_extrap",253.609449358082,0.000499425106681883
"species_3_bathy_extrap",254.175351145554,0.000499425106681883
"species_3_bathy_extrap",254.741252933025,0.000499425106681883
"species_3_bathy_extrap",255.307154720497,0.000499425106681883
"species_3_bathy_extrap",255.873056507969,0.000499425106681883
"species_3_bathy_extrap",256.438958295441,0.000499425106681883
"species_3_bathy_extrap",257.004860082913,0.000499425106681883
"species_3_bathy_extrap",257.570761870384,0.000499425106681883
"species_3_bathy_extrap",258.136663657856,0.000499425106681883
"species_3_bathy_extrap",258.702565445328,0.000499425106681883
"species_3_bathy_extrap",259.2684672328,0.000499425106681883
"species_3_bathy_extrap",259.834369020271,0.000499425106681883
"species_3_bathy_extrap",260.400270807743,0.000499425106681883
"species_3_fetch_only",-7311.75081787109,0.945292294025421
"species_3_fetch_only",-7123.16529335938,0.945292294025421
"species_3_fetch_only",-6934.57976884766,0.945292294025421
"species_3_fetch_only",-6745.99424433594,0.945292294025421
"species_3_fetch_only",-6557.40871982422,0.945292294025421
"species_3_fetch_only",-6368.8231953125,0.945292294025421
"species_3_fetch_only",-6180.23767080078,0.945292294025421
"species_3_fetch_only",-5991.65214628906,0.945292294025421
"species_3_fetch_only",-5803.06662177734,0.945292294025421
"species_3_fetch_only",-5614.48109726563,0.945292294025421
"species_3_fetch_only",-5425.89557275391,0.945292294025421
"species_3_fetch_only",-5237.31004824219,0.945292294025421
"species_3_fetch_only",-5048.72452373047,0.945292294025421
"species_3_fetch_only",-4860.13899921875,0.945292294025421
"species_3_fetch_only",-4671.55347470703,0.945292294025421
"species_3_fetch_only",-4482.96795019531,0.945292294025421
"species_3_fetch_only",-4294.38242568359,0.945292294025421
"species_3_fetch_only",-4105.79690117188,0.945292294025421
"species_3_fetch_only",-3917.21137666016,0.945292294025421
"species_3_fetch_only",-3728.62585214844,0.945292294025421
"species_3_fetch_only",-3540.04032763672,0.945292294025421
"species_3_fetch_only",-3351.454803125,0.945292294025421
"species_3_fetch_only",-3162.86927861328,0.945292294025421
"species_3_fetch_only",-2974.28375410156,0.945292294025421
"species_3_fetch_only",-2785.69822958984,0.945292294025421
"species_3_fetch_only",-2597.11270507812,0.945292294025421
"species_3_fetch_only",-2408.52718056641,0.945292294025421
"species_3_fetch_only",-2219.94165605469,0.945292294025421
"species_3_fetch_only",-2031.35613154297,0.945292294025421
"species_3_fetch_only",-1842.77060703125,0.945292294025421
"species_3_fetch_only",-1654.18508251953,0.945292294025421
"species_3_fetch_only",-1465.59955800781,0.945292294025421
"species_3_fetch_only",-1277.01403349609,0.945292294025421
"species_3_fetch_only",-1088.42850898437,0.945292294025421
"species_3_fetch_only",-899.842984472656,0.945292294025421
"species_3_fetch_only",-711.257459960937,0.945292294025421
"species_3_fetch_only",-522.671935449219,0.945292294025421
"species_3_fetch_only",-334.0864109375,0.945292294025421
"species_3_fetch_only",-145.500886425781,0.945292294025421
"species_3_fetch_only",43.0846380859375,0.945292294025421
"species_3_fetch_only",231.670162597657,0.945292294025421
"species_3_fetch_only",420.255687109376,0.945292294025421
"species_3_fetch_only",608.841211621094,0.943462789058685
"species_3_fetch_only",797.426736132813,0.937621712684631
"species_3_fetch_only",986.012260644533,0.931218206882477
"species_3_fetch_only",1174.59778515625,0.924207210540772
"species_3_fetch_only",1363.18330966797,0.916541993618012
"species_3_fetch_only",1551.76883417969,0.908174693584442
"species_3_fetch_only",1740.35435869141,0.899056673049927
"species_3_fetch_only",1928.93988320313,0.889139175415039
"species_3_fetch_only",2117.52540771485,0.878374099731445
"species_3_fetch_only",2306.11093222656,0.866715013980865
"species_3_fetch_only",2494.69645673828,0.8541179895401
"species_3_fetch_only",2683.28198125,0.840543270111084
"species_3_fetch_only",2871.86750576172,0.825955986976624
"species_3_fetch_only",3060.45303027344,0.810328125953674
"species_3_fetch_only",3249.03855478516,0.793639957904816
"species_3_fetch_only",3437.62407929687,0.775881469249725
"species_3_fetch_only",3626.20960380859,0.757053971290588
"species_3_fetch_only",3814.79512832031,0.737171471118927
"species_3_fetch_only",4003.38065283203,0.716262221336365
"species_3_fetch_only",4191.96617734375,0.69436913728714
"species_3_fetch_only",4380.55170185547,0.671551167964935
"species_3_fetch_only",4569.13722636719,0.64788281917572
"species_3_fetch_only",4757.72275087891,0.623454213142395
"species_3_fetch_only",4946.30827539063,0.598370134830475
"species_3_fetch_only",5134.89379990235,0.572748720645905
"species_3_fetch_only",5323.47932441406,0.546719372272491
"species_3_fetch_only",5512.06484892578,0.520420432090759
"species_3_fetch_only",5700.6503734375,0.494587481021881
"species_3_fetch_only",5889.23589794922,0.47148272395134
"species_3_fetch_only",6077.82142246094,0.457431763410568
"species_3_fetch_only",6266.40694697266,0.450983822345734
"species_3_fetch_only",6454.99247148438,0.446562886238098
"species_3_fetch_only",6643.5779959961,0.442138850688934
"species_3_fetch_only",6832.16352050781,0.437712490558624
"species_3_fetch_only",7020.74904501953,0.433284521102905
"species_3_fetch_only",7209.33456953125,0.428855746984482
"species_3_fetch_only",7397.92009404297,0.424426883459091
"species_3_fetch_only",7586.50561855469,0.419998735189438
"species_3_fetch_only",7775.09114306641,0.415572106838226
"species_3_fetch_only",7963.67666757813,0.411147713661194
"species_3_fetch_only",8152.26219208984,0.406726360321045
"species_3_fetch_only",8340.84771660156,0.402308821678162
"species_3_fetch_only",8529.43324111328,0.397895872592926
"species_3_fetch_only",8718.018765625,0.393488347530365
"species_3_fetch_only",8906.60429013672,0.389086931943893
"species_3_fetch_only",9095.18981464844,0.384692460298538
"species_3_fetch_only",9283.77533916016,0.380305707454681
"species_3_fetch_only",9472.36086367188,0.375927418470383
"species_3_fetch_only",9660.9463881836,0.37323260307312
"species_3_fetch_only",9849.53191269531,0.370780467987061
"species_3_fetch_only",10038.117437207,0.368324130773544
"species_3_fetch_only",10226.7029617188,0.365863740444183
"species_3_fetch_only",10415.2884862305,0.363399505615234
"species_3_fetch_only",10603.8740107422,0.360931634902954
"species_3_fetch_only",10792.4595352539,0.358460336923599
"species_3_fetch_only",10981.0450597656,0.355985850095749
"species_3_fetch_only",11169.6305842773,0.353508293628693
"species_3_fetch_only",11358.2161087891,0.351027965545654
"species_3_fetch_only",11546.8016333008,0.348545014858246
"species_3_fetch_only",11735.3871578125,0.346059679985046
"species_3_fetch_only",11923.9726823242,0.343572169542313
"species_3_fetch_only",12112.5582068359,0.341082721948624
"species_3_fetch_only",12301.1437313477,0.338591545820236
"species_3_fetch_only",12489.7292558594,0.336098819971085
"species_3_fetch_only",12678.3147803711,0.33360481262207
"species_3_fetch_only",12866.9003048828,0.331109702587128
"species_3_fetch_only",13055.4858293945,0.328613758087158
"species_3_fetch_only",13244.0713539063,0.326117157936096
"species_3_fetch_only",13432.656878418,0.323620170354843
"species_3_fetch_only",13621.2424029297,0.321122974157333
"species_3_fetch_only",13809.8279274414,0.318625837564468
"species_3_fetch_only",13998.4134519531,0.316128939390182
"species_3_fetch_only",14186.9989764648,0.313632547855377
"species_3_fetch_only",14375.5845009766,0.311136901378632
"species_3_fetch_only",14564.1700254883,0.30864217877388
"species_3_fetch_only",14752.75555,0.306148648262024
"species_3_fetch_only",14941.3410745117,0.30365651845932
"species_3_fetch_only",15129.9265990234,0.301166027784348
"species_3_fetch_only",15318.5121235352,0.298677414655685
"species_3_fetch_only",15507.0976480469,0.29619088768959
"species_3_fetch_only",15695.6831725586,0.293706685304642
"species_3_fetch_only",15884.2686970703,0.291225075721741
"species_3_fetch_only",16072.854221582,0.288746237754822
"species_3_fetch_only",16261.4397460938,0.286270439624786
"species_3_fetch_only",16450.0252706055,0.283797860145569
"species_3_fetch_only",16638.6107951172,0.281328797340393
"species_3_fetch_only",16827.1963196289,0.278863430023193
"species_3_fetch_only",17015.7818441406,0.276402026414871
"species_3_fetch_only",17204.3673686523,0.273944765329361
"species_3_fetch_only",17392.9528931641,0.271491914987564
"species_3_fetch_only",17581.5384176758,0.269043684005737
"species_3_fetch_only",17770.1239421875,0.266600340604782
"species_3_fetch_only",17958.7094666992,0.264162063598633
"species_3_fetch_only",18147.2949912109,0.261729061603546
"species_3_fetch_only",18335.8805157227,0.259301602840424
"species_3_fetch_only",18524.4660402344,0.256879895925522
"species_3_fetch_only",18713.0515647461,0.254464209079742
"species_3_fetch_only",18901.6370892578,0.252054661512375
"species_3_fetch_only",19090.2226137695,0.249651566147804
"species_3_fetch_only",19278.8081382812,0.247255086898804
"species_3_fetch_only",19467.393662793,0.244865447282791
"species_3_fetch_only",19655.9791873047,0.242482915520668
"species_3_fetch_only",19844.5647118164,0.240107625722885
"species_3_fetch_only",20033.1502363281,0.237739831209183
"species_3_fetch_only",20221.7357608398,0.235379740595818
"species_3_fetch_only",20410.3212853516,0.233027577400208
"species_3_fetch_only",20598.9068098633,0.230683505535126
"species_3_fetch_only",20787.492334375,0.22834774851799
"species_3_fetch_only",20976.0778588867,0.226020514965057
"species_3_fetch_only",21164.6633833984,0.223702013492584
"species_3_fetch_only",21353.2489079102,0.221392437815666
"species_3_fetch_only",21541.8344324219,0.219091966748238
"species_3_fetch_only",21730.4199569336,0.216800794005394
"species_3_fetch_only",21919.0054814453,0.214519128203392
"species_3_fetch_only",22107.591005957,0.212247148156166
"species_3_fetch_only",22296.1765304688,0.209985062479973
"species_3_fetch_only",22484.7620549805,0.207733005285263
"species_3_fetch_only",22673.3475794922,0.205491185188293
"species_3_fetch_only",22861.9331040039,0.203259781002998
"species_3_fetch_only",23050.5186285156,0.201038956642151
"species_3_fetch_only",23239.1041530274,0.198828920722008
"species_3_fetch_only",23427.6896775391,0.196629792451858
"species_3_fetch_only",23616.2752020508,0.194441765546799
"species_3_fetch_only",23804.8607265625,0.19226498901844
"species_3_fetch_only",23993.4462510742,0.190099641680717
"species_3_fetch_only",24182.0317755859,0.187945857644081
"species_3_fetch_only",24370.6173000977,0.185803815722466
"species_3_fetch_only",24559.2028246094,0.18367363512516
"species_3_fetch_only",24747.7883491211,0.1815554946661
"species_3_fetch_only",24936.3738736328,0.179449543356895
"species_3_fetch_only",25124.9593981445,0.177355870604515
"species_3_fetch_only",25313.5449226563,0.175274655222893
"species_3_fetch_only",25502.130447168,0.173206031322479
"species_3_fetch_only",25690.7159716797,0.171150118112564
"species_3_fetch_only",25879.3014961914,0.169107064604759
"species_3_fetch_only",26067.8870207031,0.167076945304871
"species_3_fetch_only",26256.4725452148,0.165059924125671
"species_3_fetch_only",26445.0580697266,0.16305610537529
"species_3_fetch_only",26633.6435942383,0.161065593361855
"species_3_fetch_only",26822.22911875,0.159088522195816
"species_3_fetch_only",27010.8146432617,0.15712496638298
"species_3_fetch_only",27199.4001677734,0.155175045132637
"species_3_fetch_only",27387.9856922852,0.153238862752914
"species_3_fetch_only",27576.5712167969,0.15131650865078
"species_3_fetch_only",27765.1567413086,0.149408057332039
"species_3_fetch_only",27953.7422658203,0.147513628005981
"species_3_fetch_only",28142.327790332,0.145633265376091
"species_3_fetch_only",28330.9133148438,0.143767088651657
"species_3_fetch_only",28519.4988393555,0.141915172338486
"species_3_fetch_only",28708.0843638672,0.14007756114006
"species_3_fetch_only",28896.6698883789,0.138254329562187
"species_3_fetch_only",29085.2554128906,0.136445552110672
"species_3_fetch_only",29273.8409374023,0.134651303291321
"species_3_fetch_only",29462.4264619141,0.132871642708778
"species_3_fetch_only",29651.0119864258,0.131106600165367
"species_3_fetch_only",29839.5975109375,0.129356235265732
"species_3_fetch_only",30028.1830354492,0.127620592713356
"species_3_fetch_only",30216.7685599609,0.125899732112885
"species_3_fetch_only",30405.3540844727,0.124193713068962
"species_3_fetch_only",30593.9396089844,0.122502513229847
"species_3_fetch_only",30782.5251334961,0.120826207101345
"species_3_fetch_only",30971.1106580078,0.119164809584618
"species_3_fetch_only",31159.6961825195,0.117518372833729
"species_3_fetch_only",31348.2817070313,0.115886881947517
"species_3_fetch_only",31536.867231543,0.114270374178886
"species_3_fetch_only",31725.4527560547,0.112668871879578
"species_3_fetch_only",31914.0382805664,0.111082375049591
"species_3_fetch_only",32102.6238050781,0.10951092094183
"species_3_fetch_only",32291.2093295898,0.107954479753971
"species_3_fetch_only",32479.7948541016,0.106413066387177
"species_3_fetch_only",32668.3803786133,0.104886680841446
"species_3_fetch_only",32856.965903125,0.103375345468521
"species_3_fetch_only",33045.5514276367,0.101879008114338
"species_3_fetch_only",33234.1369521484,0.100397683680058
"species_3_fetch_only",33422.7224766602,0.0989313572645187
"species_3_fetch_only",33611.3080011719,0.0974800139665604
"species_3_fetch_only",33799.8935256836,0.09604362398386
"species_3_fetch_only",33988.4790501953,0.0946221873164177
"species_3_fetch_only",34177.064574707,0.0932156518101692
"species_3_fetch_only",34365.6500992188,0.0918240398168564
"species_3_fetch_only",34554.2356237305,0.0904472544789314
"species_3_fetch_only",34742.8211482422,0.0890852957963943
"species_3_fetch_only",34931.4066727539,0.0877381190657616
"species_3_fetch_only",35119.9921972656,0.0864056944847107
"species_3_fetch_only",35308.5777217774,0.0850879773497581
"species_3_fetch_only",35497.1632462891,0.0837849229574203
"species_3_fetch_only",35685.7487708008,0.0824964791536331
"species_3_fetch_only",35874.3342953125,0.0812226086854935
"species_3_fetch_only",36062.9198198242,0.0799632743000984
"species_3_fetch_only",36251.5053443359,0.0787183791399002
"species_3_fetch_only",36440.0908688477,0.0774878934025764
"species_3_fetch_only",36628.6763933594,0.0762717500329018
"species_3_fetch_only",36817.2619178711,0.075069896876812
"species_3_fetch_only",37005.8474423828,0.0738822668790817
"species_3_fetch_only",37194.4329668945,0.0727087929844856
"species_3_fetch_only",37383.0184914063,0.0715494155883789
"species_3_fetch_only",37571.604015918,0.070404052734375
"species_3_fetch_only",37760.1895404297,0.0692726448178291
"species_3_fetch_only",37948.7750649414,0.0681551471352577
"species_3_fetch_only",38137.3605894531,0.0670514181256294
"species_3_fetch_only",38325.9461139648,0.0659614279866219
"species_3_fetch_only",38514.5316384766,0.0648850798606873
"species_3_fetch_only",38703.1171629883,0.0638222992420197
"species_3_fetch_only",38891.7026875,0.0627730116248131
"species_3_fetch_only",39080.2882120117,0.0617371276021004
"species_3_fetch_only",39268.8737365234,0.0607145614922047
"species_3_fetch_only",39457.4592610352,0.0597052313387394
"species_3_fetch_only",39646.0447855469,0.0587090700864792
"species_3_fetch_only",39834.6303100586,0.057725939899683
"species_3_fetch_only",40023.2158345703,0.056755781173706
"species_3_fetch_only",40211.801359082,0.0557984970510006
"species_3_fetch_only",40400.3868835938,0.0548539943993092
"species_3_fetch_only",40588.9724081055,0.0539221800863743
"species_3_fetch_only",40777.5579326172,0.0530029609799385
"species_3_fetch_only",40966.1434571289,0.0520962402224541
"species_3_fetch_only",41154.7289816406,0.0512019209563732
"species_3_fetch_only",41343.3145061523,0.0503199025988579
"species_3_fetch_only",41531.9000306641,0.0494501069188118
"species_3_fetch_only",41720.4855551758,0.0485923998057842
"species_3_fetch_only",41909.0710796875,0.047746691852808
"species_3_fetch_only",42097.6566041992,0.0469128862023354
"species_3_fetch_only",42286.2421287109,0.0460908822715282
"species_3_fetch_only",42474.8276532227,0.0452805757522583
"species_3_fetch_only",42663.4131777344,0.0444818623363972
"species_3_fetch_only",42851.9987022461,0.0436946377158165
"species_3_fetch_only",43040.5842267578,0.0429188013076782
"species_3_fetch_only",43229.1697512695,0.0421542599797249
"species_3_fetch_only",43417.7552757813,0.0414008758962154
"species_3_fetch_only",43606.340800293,0.040658563375473
"species_3_fetch_only",43794.9263248047,0.0399272106587887
"species_3_fetch_only",43983.5118493164,0.0392067134380341
"species_3_fetch_only",44172.0973738281,0.0384969674050808
"species_3_fetch_only",44360.6828983399,0.0377978645265102
"species_3_fetch_only",44549.2684228516,0.0371092930436134
"species_3_fetch_only",44737.8539473633,0.0364311523735523
"species_3_fetch_only",44926.439471875,0.035763330757618
"species_3_fetch_only",45115.0249963867,0.0351057313382626
"species_3_fetch_only",45303.6105208984,0.0344582237303257
"species_3_fetch_only",45492.1960454102,0.0338207148015499
"species_3_fetch_only",45680.7815699219,0.0331930927932262
"species_3_fetch_only",45869.3670944336,0.032575249671936
"species_3_fetch_only",46057.9526189453,0.0319670811295509
"species_3_fetch_only",46246.538143457,0.0313684791326523
"species_3_fetch_only",46435.1236679688,0.0307793337851763
"species_3_fetch_only",46623.7091924805,0.0301995370537043
"species_3_fetch_only",46812.2947169922,0.0296289976686239
"species_3_fetch_only",47000.8802415039,0.0290675815194845
"species_3_fetch_only",47189.4657660156,0.0285151954740286
"species_3_fetch_only",47378.0512905273,0.0279717333614826
"species_3_fetch_only",47566.6368150391,0.027437087148428
"species_3_fetch_only",47755.2223395508,0.0269111543893814
"species_3_fetch_only",47943.8078640625,0.0263938270509243
"species_3_fetch_only",48132.3933885742,0.0258850008249283
"species_3_fetch_only",48320.978913086,0.025384571403265
"species_3_fetch_only",48509.5644375977,0.0248924437910318
"species_3_fetch_only",48698.1499621094,0.024408495053649
"species_3_fetch_only",48886.7354866211,0.0239326301962137
"species_3_fetch_only",49075.3210111328,0.0234647504985332
"species_3_fetch_only",49263.9065356445,0.023004749789834
"species_3_fetch_only",49452.4920601563,0.022552527487278
"species_3_fetch_only",49641.077584668,0.0221079848706722
"species_3_fetch_only",49829.6631091797,0.0216710176318884
"species_3_fetch_only",50018.2486336914,0.0212415270507336
"species_3_fetch_only",50206.8341582031,0.0208194144070148
"species_3_fetch_only",50395.4196827148,0.0204045884311199
"species_3_fetch_only",50584.0052072266,0.0199969336390495
"species_3_fetch_only",50772.5907317383,0.0195963624864817
"species_3_fetch_only",50961.17625625,0.0192027781158686
"species_3_fetch_only",51149.7617807617,0.0188160836696625
"species_3_fetch_only",51338.3473052734,0.0184361822903156
"species_3_fetch_only",51526.9328297852,0.0180629827082157
"species_3_fetch_only",51715.5183542969,0.0176963862031698
"species_3_fetch_only",51904.1038788086,0.0173363033682108
"species_3_fetch_only",52092.6894033203,0.0169826485216618
"species_3_fetch_only",52281.274927832,0.0166353117674589
"species_3_fetch_only",52469.8604523438,0.0162942130118608
"species_3_fetch_only",52658.4459768555,0.0159592591226101
"species_3_fetch_only",52847.0315013672,0.0156303625553846
"species_3_fetch_only",53035.6170258789,0.0153074339032173
"species_3_fetch_only",53224.2025503906,0.0149903846904635
"species_3_fetch_only",53412.7880749023,0.0146791273728013
"species_3_fetch_only",53601.3735994141,0.0143735771998763
"species_3_fetch_only",53789.9591239258,0.0140736466273665
"species_3_fetch_only",53978.5446484375,0.0137792583554983
"species_3_fetch_only",54167.1301729492,0.0134903155267239
"species_3_fetch_only",54355.715697461,0.0132067408412695
"species_3_fetch_only",54544.3012219727,0.0129284523427486
"species_3_fetch_only",54732.8867464844,0.0126553680747747
"species_3_fetch_only",54921.4722709961,0.0123874070122838
"species_3_fetch_only",55110.0577955078,0.0121244909241796
"species_3_fetch_only",55298.6433200195,0.0118665397167206
"species_3_fetch_only",55487.2288445313,0.011613474227488
"species_3_fetch_only",55675.814369043,0.0113652236759663
"species_3_fetch_only",55864.3998935547,0.0111217014491558
"species_3_fetch_only",56052.9854180664,0.0108828358352184
"species_3_fetch_only",56241.5709425781,0.0106485523283482
"species_3_fetch_only",56430.1564670899,0.0104187773540616
"species_3_fetch_only",56618.7419916016,0.0101934373378754
"species_3_fetch_only",56807.3275161133,0.0099724605679512
"species_3_fetch_only",56995.913040625,0.00975577440112829
"species_3_fetch_only",57184.4985651367,0.00954330991953611
"species_3_fetch_only",57373.0840896485,0.009334996342659
"species_3_fetch_only",57561.6696141602,0.00913076940923929
"species_3_fetch_only",57750.2551386719,0.00893055181950331
"species_3_fetch_only",57938.8406631836,0.00873428117483854
"species_3_fetch_only",58127.4261876953,0.00854189042001963
"species_3_fetch_only",58316.011712207,0.00835331436246634
"species_3_fetch_only",58504.5972367188,0.00816848874092102
"species_3_fetch_only",58693.1827612305,0.00798734929412603
"species_3_fetch_only",58881.7682857422,0.00780983176082373
"species_3_fetch_only",59070.3538102539,0.00763587560504675
"species_3_fetch_only",59258.9393347656,0.00746542168781161
"species_3_fetch_only",59447.5248592773,0.00729840248823166
"species_3_fetch_only",59636.1103837891,0.00713476212695241
"species_3_fetch_only",59824.6959083008,0.00697444099932909
"species_3_fetch_only",60013.2814328125,0.00681738089770079
"species_3_fetch_only",60201.8669573242,0.00666352454572916
"species_3_fetch_only",60390.4524818359,0.00651281466707587
"species_3_fetch_only",60579.0380063477,0.00636519631370902
"species_3_fetch_only",60767.6235308594,0.00622061360627413
"species_3_fetch_only",60956.2090553711,0.00607901252806187
"species_3_fetch_only",61144.7945798828,0.00594034232199192
"species_3_fetch_only",61333.3801043945,0.0058045438490808
"species_3_fetch_only",61521.9656289063,0.00567156868055463
"species_3_fetch_only",61710.551153418,0.00554136512801051
"species_3_fetch_only",61899.1366779297,0.00541388243436813
"species_3_fetch_only",62087.7222024414,0.00528907123953104
"species_3_fetch_only",62276.3077269531,0.00516688171774149
"species_3_fetch_only",62464.8932514649,0.00504726590588689
"species_3_fetch_only",62653.4787759766,0.00493017630651593
"species_3_fetch_only",62842.0643004883,0.00481556821614504
"species_3_fetch_only",63030.649825,0.0047033904120326
"species_3_fetch_only",63219.2353495117,0.0045936000533402
"species_3_fetch_only",63407.8208740234,0.00448615197092295
"species_3_fetch_only",63596.4063985352,0.00438100192695856
"species_3_fetch_only",63784.9919230469,0.00427810708060861
"species_3_fetch_only",63973.5774475586,0.00417742365971208
"species_3_fetch_only",64162.1629720703,0.00407891068607569
"species_3_fetch_only",64350.748496582,0.0039825257845223
"species_3_fetch_only",64539.3340210938,0.00388822867535055
"species_3_fetch_only",64727.9195456055,0.0037959807086736
"species_3_fetch_only",64916.5050701172,0.00370573857799172
"species_3_fetch_only",65105.0905946289,0.00361746549606323
"species_3_fetch_only",65293.6761191406,0.00353112327866256
"species_3_fetch_only",65482.2616436523,0.0034466739743948
"species_3_fetch_only",65670.8471681641,0.00336408242583275
"species_3_fetch_only",65859.4326926758,0.00328330905176699
"species_3_fetch_only",66048.0182171875,0.00320431916043162
"species_3_fetch_only",66236.6037416992,0.00312707806006074
"species_3_fetch_only",66425.1892662109,0.00305155082605779
"species_3_fetch_only",66613.7747907227,0.00297770346514881
"species_3_fetch_only",66802.3603152344,0.00290550268255174
"species_3_fetch_only",66990.9458397461,0.0028349154163152
"species_3_fetch_only",67179.5313642578,0.00276590907014906
"species_3_fetch_only",67368.1168887695,0.00269845221191645
"species_3_fetch_only",67556.7024132813,0.00263251317664981
"species_3_fetch_only",67745.287937793,0.00256806169636548
"species_3_fetch_only",67933.8734623047,0.00250506750307977
"species_3_fetch_only",68122.4589868164,0.00244350056163967
"species_3_fetch_only",68311.0445113281,0.00238333200104535
"species_3_fetch_only",68499.6300358398,0.002324532950297
"species_3_fetch_only",68688.2155603516,0.00226707570254803
"species_3_fetch_only",68876.8010848633,0.00221093231812119
"species_3_fetch_only",69065.386609375,0.00215607788413763
"species_3_fetch_only",69253.9721338867,0.00210248120129108
"species_3_fetch_only",69442.5576583984,0.0020501185208559
"species_3_fetch_only",69631.1431829101,0.00199896399863064
"species_3_fetch_only",69819.7287074219,0.00194899248890579
"species_3_fetch_only",70008.3142319336,0.00190017907880247
"species_3_fetch_only",70196.8997564453,0.00185249943751842
"species_3_fetch_only",70385.485280957,0.00180592981632799
"species_3_fetch_only",70574.0708054687,0.00176044658292085
"species_3_fetch_only",70762.6563299805,0.0017160268034786
"species_3_fetch_only",70951.2418544922,0.0016726478934288
"species_3_fetch_only",71139.8273790039,0.00163028761744499
"species_3_fetch_only",71328.4129035156,0.00158892432227731
"species_3_fetch_only",71516.9984280273,0.00154853647109121
"species_3_fetch_only",71705.5839525391,0.0015091032255441
"species_3_fetch_only",71894.1694770508,0.001470603980124
"species_3_fetch_only",72082.7550015625,0.00143301859498024
"species_3_fetch_only",72271.3405260742,0.00139632716309279
"species_3_fetch_only",72459.9260505859,0.00136051047593355
"species_3_fetch_only",72648.5115750977,0.0013255508383736
"species_3_fetch_only",72837.0970996094,0.00129142659716308
"species_3_fetch_only",73025.6826241211,0.00125812098849565
"species_3_fetch_only",73214.2681486328,0.00122561596799642
"species_3_fetch_only",73402.8536731445,0.00119389407336712
"species_3_fetch_only",73591.4391976562,0.00116293784230947
"species_3_fetch_only",73780.024722168,0.00113273051101714
"species_3_fetch_only",73968.6102466797,0.0011032554320991
"species_3_fetch_only",74157.1957711914,0.0010744963074103
"species_3_fetch_only",74345.7812957031,0.00104643718805164
"species_3_fetch_only",74534.3668202148,0.00101906247437
"species_3_fetch_only",74722.9523447266,0.000992356683127582
"species_3_fetch_only",74911.5378692383,0.000966305029578507
"species_3_fetch_only",75100.12339375,0.000940892670769244
"species_3_fetch_only",75288.7089182617,0.000916105229407549
"species_3_fetch_only",75477.2944427734,0.000891928561031818
"species_3_fetch_only",75665.8799672852,0.000868348754011095
"species_3_fetch_only",75854.4654917969,0.000845352304168046
"species_3_fetch_only",76043.0510163086,0.000822925940155983
"species_3_fetch_only",76231.6365408203,0.000801057496573776
"species_3_fetch_only",76420.222065332,0.000779732479713857
"species_3_fetch_only",76608.8075898438,0.000758939189836383
"species_3_fetch_only",76797.3931143555,0.000738665519747883
"species_3_fetch_only",76985.9786388672,0.000718899420462549
"species_3_fetch_only",77174.5641633789,0.000699629192240536
"species_3_fetch_only",77363.1496878906,0.000680843309964985
"species_3_fetch_only",77551.7352124024,0.000662530597764999
"species_3_fetch_only",77740.3207369141,0.000644679937977344
"species_3_fetch_only",77928.9062614258,0.000627280678600073
"species_3_fetch_only",78117.4917859375,0.000610322167631239
"species_3_fetch_only",78306.0773104492,0.00059379410231486
"species_3_fetch_only",78494.662834961,0.000577686412725598
"species_3_fetch_only",78683.2483594727,0.000561989087145776
"species_3_fetch_only",78871.8338839844,0.000546692579519004
"species_3_fetch_only",79060.4194084961,0.000531787343788892
"species_3_fetch_only",79249.0049330078,0.000526904477737844
"species_3_fetch_only",79437.5904575195,0.000526904477737844
"species_3_fetch_only",79626.1759820312,0.000526904477737844
"species_3_fetch_only",79814.761506543,0.000526904477737844
"species_3_fetch_only",80003.3470310547,0.000526904477737844
"species_3_fetch_only",80191.9325555664,0.000526904477737844
"species_3_fetch_only",80380.5180800781,0.000526904477737844
"species_3_fetch_only",80569.1036045899,0.000526904477737844
"species_3_fetch_only",80757.6891291016,0.000526904477737844
"species_3_fetch_only",80946.2746536133,0.000526904477737844
"species_3_fetch_only",81134.860178125,0.000526904477737844
"species_3_fetch_only",81323.4457026367,0.000526904477737844
"species_3_fetch_only",81512.0312271484,0.000526904477737844
"species_3_fetch_only",81700.6167516602,0.000526904477737844
"species_3_fetch_only",81889.2022761719,0.000526904477737844
"species_3_fetch_only",82077.7878006836,0.000526904477737844
"species_3_fetch_only",82266.3733251953,0.000526904477737844
"species_3_fetch_only",82454.958849707,0.000526904477737844
"species_3_fetch_only",82643.5443742187,0.000526904477737844
"species_3_fetch_only",82832.1298987305,0.000526904477737844
"species_3_fetch_only",83020.7154232422,0.000526904477737844
"species_3_fetch_only",83209.3009477539,0.000526904477737844
"species_3_fetch_only",83397.8864722656,0.000526904477737844
"species_3_fetch_only",83586.4719967774,0.000526904477737844
"species_3_fetch_only",83775.0575212891,0.000526904477737844
"species_3_fetch_only",83963.6430458008,0.000526904477737844
"species_3_fetch_only",84152.2285703125,0.000526904477737844
"species_3_fetch_only",84340.8140948242,0.000526904477737844
"species_3_fetch_only",84529.399619336,0.000526904477737844
"species_3_fetch_only",84717.9851438477,0.000526904477737844
"species_3_fetch_only",84906.5706683594,0.000526904477737844
"species_3_fetch_only",85095.1561928711,0.000526904477737844
"species_3_fetch_only",85283.7417173828,0.000526904477737844
"species_3_fetch_only",85472.3272418945,0.000526904477737844
"species_3_fetch_only",85660.9127664063,0.000526904477737844
"species_3_fetch_only",85849.498290918,0.000526904477737844
"species_3_fetch_only",86038.0838154297,0.000526904477737844
"species_3_fetch_only",86226.6693399414,0.000526904477737844
"species_3_fetch_only",86415.2548644531,0.000526904477737844
"species_3_fetch_only",86603.8403889649,0.000526904477737844
"species_3_fetch_only",86792.4259134766,0.000526904477737844
"species_3_fetch_only",86981.0114379883,0.000526904477737844
"species_3_fetch",-7311.75081787109,0.902713418006897
"species_3_fetch",-7123.16529335938,0.902713418006897
"species_3_fetch",-6934.57976884766,0.902713418006897
"species_3_fetch",-6745.99424433594,0.902713418006897
"species_3_fetch",-6557.40871982422,0.902713418006897
"species_3_fetch",-6368.8231953125,0.902713418006897
"species_3_fetch",-6180.23767080078,0.902713418006897
"species_3_fetch",-5991.65214628906,0.902713418006897
"species_3_fetch",-5803.06662177734,0.902713418006897
"species_3_fetch",-5614.48109726563,0.902713418006897
"species_3_fetch",-5425.89557275391,0.902713418006897
"species_3_fetch",-5237.31004824219,0.902713418006897
"species_3_fetch",-5048.72452373047,0.902713418006897
"species_3_fetch",-4860.13899921875,0.902713418006897
"species_3_fetch",-4671.55347470703,0.902713418006897
"species_3_fetch",-4482.96795019531,0.902713418006897
"species_3_fetch",-4294.38242568359,0.902713418006897
"species_3_fetch",-4105.79690117188,0.902713418006897
"species_3_fetch",-3917.21137666016,0.902713418006897
"species_3_fetch",-3728.62585214844,0.902713418006897
"species_3_fetch",-3540.04032763672,0.902713418006897
"species_3_fetch",-3351.454803125,0.902713418006897
"species_3_fetch",-3162.86927861328,0.902713418006897
"species_3_fetch",-2974.28375410156,0.902713418006897
"species_3_fetch",-2785.69822958984,0.902713418006897
"species_3_fetch",-2597.11270507812,0.902713418006897
"species_3_fetch",-2408.52718056641,0.902713418006897
"species_3_fetch",-2219.94165605469,0.902713418006897
"species_3_fetch",-2031.35613154297,0.902713418006897
"species_3_fetch",-1842.77060703125,0.902713418006897
"species_3_fetch",-1654.18508251953,0.902713418006897
"species_3_fetch",-1465.59955800781,0.902713418006897
"species_3_fetch",-1277.01403349609,0.902713418006897
"species_3_fetch",-1088.42850898437,0.902713418006897
"species_3_fetch",-899.842984472656,0.902713418006897
"species_3_fetch",-711.257459960937,0.902713418006897
"species_3_fetch",-522.671935449219,0.902713418006897
"species_3_fetch",-334.0864109375,0.902713418006897
"species_3_fetch",-145.500886425781,0.902713418006897
"species_3_fetch",43.0846380859375,0.902713418006897
"species_3_fetch",231.670162597657,0.902713418006897
"species_3_fetch",420.255687109376,0.902713418006897
"species_3_fetch",608.841211621094,0.905225336551666
"species_3_fetch",797.426736132813,0.895459651947021
"species_3_fetch",986.012260644533,0.872224628925323
"species_3_fetch",1174.59778515625,0.844719350337982
"species_3_fetch",1363.18330966797,0.81256377696991
"species_3_fetch",1551.76883417969,0.775516867637634
"species_3_fetch",1740.35435869141,0.733546435832977
"species_3_fetch",1928.93988320313,0.686894536018372
"species_3_fetch",2117.52540771485,0.636123657226562
"species_3_fetch",2306.11093222656,0.598228991031647
"species_3_fetch",2494.69645673828,0.582751452922821
"species_3_fetch",2683.28198125,0.567106306552887
"species_3_fetch",2871.86750576172,0.551323235034943
"species_3_fetch",3060.45303027344,0.535433173179626
"species_3_fetch",3249.03855478516,0.519467890262604
"species_3_fetch",3437.62407929687,0.503459811210632
"species_3_fetch",3626.20960380859,0.487441629171371
"species_3_fetch",3814.79512832031,0.471446305513382
"species_3_fetch",4003.38065283203,0.455506443977356
"species_3_fetch",4191.96617734375,0.439654290676117
"species_3_fetch",4380.55170185547,0.423921436071396
"species_3_fetch",4569.13722636719,0.408338457345963
"species_3_fetch",4757.72275087891,0.392934739589691
"species_3_fetch",4946.30827539063,0.377738356590271
"species_3_fetch",5134.89379990235,0.362775683403015
"species_3_fetch",5323.47932441406,0.34807151556015
"species_3_fetch",5512.06484892578,0.333648651838303
"species_3_fetch",5700.6503734375,0.319527953863144
"species_3_fetch",5889.23589794922,0.306312471628189
"species_3_fetch",6077.82142246094,0.299935519695282
"species_3_fetch",6266.40694697266,0.297199010848999
"species_3_fetch",6454.99247148438,0.295683652162552
"species_3_fetch",6643.5779959961,0.294170320034027
"species_3_fetch",6832.16352050781,0.292659074068069
"species_3_fetch",7020.74904501953,0.291149944067001
"species_3_fetch",7209.33456953125,0.289642989635468
"species_3_fetch",7397.92009404297,0.28813824057579
"species_3_fetch",7586.50561855469,0.286635726690292
"species_3_fetch",7775.09114306641,0.285135477781296
"species_3_fetch",7963.67666757813,0.283637583255768
"species_3_fetch",8152.26219208984,0.282142043113708
"species_3_fetch",8340.84771660156,0.280648916959763
"species_3_fetch",8529.43324111328,0.279158234596252
"species_3_fetch",8718.018765625,0.277670055627823
"species_3_fetch",8906.60429013672,0.276184380054474
"species_3_fetch",9095.18981464844,0.274701297283173
"species_3_fetch",9283.77533916016,0.273220807313919
"species_3_fetch",9472.36086367188,0.271742969751358
"species_3_fetch",9660.9463881836,0.270267814397812
"species_3_fetch",9849.53191269531,0.268795400857925
"species_3_fetch",10038.117437207,0.267325758934021
"species_3_fetch",10226.7029617188,0.265858888626099
"species_3_fetch",10415.2884862305,0.264394879341125
"species_3_fetch",10603.8740107422,0.262933760881424
"species_3_fetch",10792.4595352539,0.261475563049316
"species_3_fetch",10981.0450597656,0.260020315647125
"species_3_fetch",11169.6305842773,0.258568048477173
"species_3_fetch",11358.2161087891,0.257118850946426
"species_3_fetch",11546.8016333008,0.255672693252563
"species_3_fetch",11735.3871578125,0.254229635000229
"species_3_fetch",11923.9726823242,0.252789735794067
"species_3_fetch",12112.5582068359,0.251353025436401
"species_3_fetch",12301.1437313477,0.249919533729553
"species_3_fetch",12489.7292558594,0.248489275574684
"species_3_fetch",12678.3147803711,0.2470623254776
"species_3_fetch",12866.9003048828,0.245638683438301
"species_3_fetch",13055.4858293945,0.244218409061432
"species_3_fetch",13244.0713539063,0.242801532149315
"species_3_fetch",13432.656878418,0.241388067603111
"species_3_fetch",13621.2424029297,0.239978075027466
"species_3_fetch",13809.8279274414,0.238571584224701
"species_3_fetch",13998.4134519531,0.237168624997139
"species_3_fetch",14186.9989764648,0.235769227147102
"species_3_fetch",14375.5845009766,0.234373420476913
"species_3_fetch",14564.1700254883,0.232981249690056
"species_3_fetch",14752.75555,0.231592729687691
"species_3_fetch",14941.3410745117,0.230207920074463
"species_3_fetch",15129.9265990234,0.228826835751534
"species_3_fetch",15318.5121235352,0.227449506521225
"species_3_fetch",15507.0976480469,0.22607596218586
"species_3_fetch",15695.6831725586,0.224706247448921
"species_3_fetch",15884.2686970703,0.223340377211571
"species_3_fetch",16072.854221582,0.221978396177292
"species_3_fetch",16261.4397460938,0.220620334148407
"species_3_fetch",16450.0252706055,0.219266191124916
"species_3_fetch",16638.6107951172,0.217916041612625
"species_3_fetch",16827.1963196289,0.216569870710373
"species_3_fetch",17015.7818441406,0.215227752923965
"species_3_fetch",17204.3673686523,0.213889688253403
"species_3_fetch",17392.9528931641,0.212555691599846
"species_3_fetch",17581.5384176758,0.21122582256794
"species_3_fetch",17770.1239421875,0.209900096058846
"species_3_fetch",17958.7094666992,0.208578526973724
"species_3_fetch",18147.2949912109,0.20726116001606
"species_3_fetch",18335.8805157227,0.205947995185852
"species_3_fetch",18524.4660402344,0.204639092087746
"species_3_fetch",18713.0515647461,0.203334480524063
"species_3_fetch",18901.6370892578,0.202034145593643
"species_3_fetch",19090.2226137695,0.200738131999969
"species_3_fetch",19278.8081382812,0.199446454644203
"species_3_fetch",19467.393662793,0.198159158229828
"species_3_fetch",19655.9791873047,0.196876272559166
"species_3_fetch",19844.5647118164,0.195597797632217
"species_3_fetch",20033.1502363281,0.194323748350143
"species_3_fetch",20221.7357608398,0.193054169416428
"species_3_fetch",20410.3212853516,0.191789090633392
"species_3_fetch",20598.9068098633,0.190528512001038
"species_3_fetch",20787.492334375,0.189272448420525
"species_3_fetch",20976.0778588867,0.188020944595337
"species_3_fetch",21164.6633833984,0.186774015426636
"species_3_fetch",21353.2489079102,0.185531690716743
"species_3_fetch",21541.8344324219,0.18429397046566
"species_3_fetch",21730.4199569336,0.183060869574547
"species_3_fetch",21919.0054814453,0.181832432746887
"species_3_fetch",22107.591005957,0.180608659982681
"species_3_fetch",22296.1765304688,0.179389581084251
"species_3_fetch",22484.7620549805,0.178175210952759
"species_3_fetch",22673.3475794922,0.176965564489365
"species_3_fetch",22861.9331040039,0.175760641694069
"species_3_fetch",23050.5186285156,0.174560502171516
"species_3_fetch",23239.1041530274,0.173365131020546
"species_3_fetch",23427.6896775391,0.17217455804348
"species_3_fetch",23616.2752020508,0.170988783240318
"species_3_fetch",23804.8607265625,0.169807836413383
"species_3_fetch",23993.4462510742,0.168631732463837
"species_3_fetch",24182.0317755859,0.167460471391678
"species_3_fetch",24370.6173000977,0.166294082999229
"species_3_fetch",24559.2028246094,0.165132567286491
"species_3_fetch",24747.7883491211,0.163975954055786
"species_3_fetch",24936.3738736328,0.162824258208275
"species_3_fetch",25124.9593981445,0.161677479743958
"species_3_fetch",25313.5449226563,0.160535633563995
"species_3_fetch",25502.130447168,0.159398719668388
"species_3_fetch",25690.7159716797,0.15826678276062
"species_3_fetch",25879.3014961914,0.157139807939529
"species_3_fetch",26067.8870207031,0.156017810106277
"species_3_fetch",26256.4725452148,0.154900804162025
"species_3_fetch",26445.0580697266,0.153788805007935
"species_3_fetch",26633.6435942383,0.152681797742844
"species_3_fetch",26822.22911875,0.151579827070236
"species_3_fetch",27010.8146432617,0.150482878088951
"species_3_fetch",27199.4001677734,0.14939096570015
"species_3_fetch",27387.9856922852,0.148304104804993
"species_3_fetch",27576.5712167969,0.147222310304642
"species_3_fetch",27765.1567413086,0.146145552396774
"species_3_fetch",27953.7422658203,0.145073860883713
"species_3_fetch",28142.327790332,0.14400726556778
"species_3_fetch",28330.9133148438,0.142945736646652
"species_3_fetch",28519.4988393555,0.141889303922653
"species_3_fetch",28708.0843638672,0.140837952494621
"species_3_fetch",28896.6698883789,0.139791712164879
"species_3_fetch",29085.2554128906,0.138750553131104
"species_3_fetch",29273.8409374023,0.137714520096779
"species_3_fetch",29462.4264619141,0.136683613061905
"species_3_fetch",29651.0119864258,0.135657802224159
"species_3_fetch",29839.5975109375,0.134637102484703
"species_3_fetch",30028.1830354492,0.133621543645859
"species_3_fetch",30216.7685599609,0.132611095905304
"species_3_fetch",30405.3540844727,0.131605803966522
"species_3_fetch",30593.9396089844,0.13060562312603
"species_3_fetch",30782.5251334961,0.129610568284988
"species_3_fetch",30971.1106580078,0.128620654344559
"species_3_fetch",31159.6961825195,0.127635881304741
"species_3_fetch",31348.2817070313,0.126656234264374
"species_3_fetch",31536.867231543,0.125681728124619
"species_3_fetch",31725.4527560547,0.124712347984314
"species_3_fetch",31914.0382805664,0.123748108744621
"species_3_fetch",32102.6238050781,0.12278901040554
"species_3_fetch",32291.2093295898,0.121835045516491
"species_3_fetch",32479.7948541016,0.120886206626892
"species_3_fetch",32668.3803786133,0.119942501187325
"species_3_fetch",32856.965903125,0.119003936648369
"species_3_fetch",33045.5514276367,0.118070483207703
"species_3_fetch",33234.1369521484,0.117142163217068
"species_3_fetch",33422.7224766602,0.116218961775303
"species_3_fetch",33611.3080011719,0.115300878882408
"species_3_fetch",33799.8935256836,0.114387907087803
"species_3_fetch",33988.4790501953,0.113480053842068
"species_3_fetch",34177.064574707,0.112577304244041
"species_3_fetch",34365.6500992188,0.111679673194885
"species_3_fetch",34554.2356237305,0.110787130892277
"species_3_fetch",34742.8211482422,0.109899677336216
"species_3_fetch",34931.4066727539,0.109017312526703
"species_3_fetch",35119.9921972656,0.108140029013157
"species_3_fetch",35308.5777217774,0.107267819344997
"species_3_fetch",35497.1632462891,0.106400683522224
"species_3_fetch",35685.7487708008,0.105538614094257
"species_3_fetch",35874.3342953125,0.104681603610516
"species_3_fetch",36062.9198198242,0.10382965952158
"species_3_fetch",36251.5053443359,0.102982737123966
"species_3_fetch",36440.0908688477,0.102140851318836
"species_3_fetch",36628.6763933594,0.101303994655609
"species_3_fetch",36817.2619178711,0.100472159683704
"species_3_fetch",37005.8474423828,0.0996453389525414
"species_3_fetch",37194.4329668945,0.0988235175609589
"species_3_fetch",37383.0184914063,0.0980066880583763
"species_3_fetch",37571.604015918,0.0971948504447937
"species_3_fetch",37760.1895404297,0.0963879823684692
"species_3_fetch",37948.7750649414,0.0955861061811447
"species_3_fetch",38137.3605894531,0.0947891622781754
"species_3_fetch",38325.9461139648,0.0939971655607224
"species_3_fetch",38514.5316384766,0.0932101011276245
"species_3_fetch",38703.1171629883,0.0924279689788818
"species_3_fetch",38891.7026875,0.0916507467627525
"species_3_fetch",39080.2882120117,0.0908784344792366
"species_3_fetch",39268.8737365234,0.0901110097765922
"species_3_fetch",39457.4592610352,0.0893484652042389
"species_3_fetch",39646.0447855469,0.0885908082127571
"species_3_fetch",39834.6303100586,0.0878379940986633
"species_3_fetch",40023.2158345703,0.0870900228619576
"species_3_fetch",40211.801359082,0.0863468870520592
"species_3_fetch",40400.3868835938,0.085608571767807
"species_3_fetch",40588.9724081055,0.0848750621080399
"species_3_fetch",40777.5579326172,0.0841463431715965
"species_3_fetch",40966.1434571289,0.083422414958477
"species_3_fetch",41154.7289816406,0.082703247666359
"species_3_fetch",41343.3145061523,0.0819888412952423
"species_3_fetch",41531.9000306641,0.0812791883945465
"species_3_fetch",41720.4855551758,0.080574244260788
"species_3_fetch",41909.0710796875,0.0798740163445473
"species_3_fetch",42097.6566041992,0.0791784822940826
"species_3_fetch",42286.2421287109,0.0784876346588135
"species_3_fetch",42474.8276532227,0.0778014585375786
"species_3_fetch",42663.4131777344,0.0771199390292168
"species_3_fetch",42851.9987022461,0.0764430612325668
"species_3_fetch",43040.5842267578,0.075770802795887
"species_3_fetch",43229.1697512695,0.0751031711697578
"species_3_fetch",43417.7552757813,0.0744401142001152
"species_3_fetch",43606.340800293,0.0737816393375397
"species_3_fetch",43794.9263248047,0.07312773168087
"species_3_fetch",43983.5118493164,0.072478361427784
"species_3_fetch",44172.0973738281,0.0718335285782814
"species_3_fetch",44360.6828983399,0.07119320333004
"species_3_fetch",44549.2684228516,0.0705573856830597
"species_3_fetch",44737.8539473633,0.0699260458350182
"species_3_fetch",44926.439471875,0.0692991688847542
"species_3_fetch",45115.0249963867,0.0686767548322678
"species_3_fetch",45303.6105208984,0.0680587589740753
"species_3_fetch",45492.1960454102,0.0674451738595963
"species_3_fetch",45680.7815699219,0.06683599203825
"species_3_fetch",45869.3670944336,0.0662311837077141
"species_3_fetch",46057.9526189453,0.065630741417408
"species_3_fetch",46246.538143457,0.0650346428155899
"species_3_fetch",46435.1236679688,0.0644428730010986
"species_3_fetch",46623.7091924805,0.0638554096221924
"species_3_fetch",46812.2947169922,0.0632722601294518
"species_3_fetch",47000.8802415039,0.062693364918232
"species_3_fetch",47189.4657660156,0.062118723988533
"species_3_fetch",47378.0512905273,0.0615483224391937
"species_3_fetch",47566.6368150391,0.0609821416437626
"species_3_fetch",47755.2223395508,0.0604201629757881
"species_3_fetch",47943.8078640625,0.0598623640835285
"species_3_fetch",48132.3933885742,0.0593087337911129
"species_3_fetch",48320.978913086,0.0587592460215092
"species_3_fetch",48509.5644375977,0.0582139007747173
"species_3_fetch",48698.1499621094,0.0576726496219635
"species_3_fetch",48886.7354866211,0.0571354888379574
"species_3_fetch",49075.3210111328,0.0566023997962475
"species_3_fetch",49263.9065356445,0.056073360145092
"species_3_fetch",49452.4920601563,0.0555483549833298
"species_3_fetch",49641.077584668,0.0550273656845093
"species_3_fetch",49829.6631091797,0.0545103661715984
"species_3_fetch",50018.2486336914,0.0539973452687263
"species_3_fetch",50206.8341582031,0.0534882806241512
"species_3_fetch",50395.4196827148,0.0529831647872925
"species_3_fetch",50584.0052072266,0.0524819530546665
"species_3_fetch",50772.5907317383,0.051984641700983
"species_3_fetch",50961.17625625,0.05149120464921
"species_3_fetch",51149.7617807617,0.0510016307234764
"species_3_fetch",51338.3473052734,0.0505158938467503
"species_3_fetch",51526.9328297852,0.0500339791178703
"species_3_fetch",51715.5183542969,0.0495558641850948
"species_3_fetch",51904.1038788086,0.0490815304219723
"species_3_fetch",52092.6894033203,0.0486109666526318
"species_3_fetch",52281.274927832,0.04814413189888
"species_3_fetch",52469.8604523438,0.0476810224354267
"species_3_fetch",52658.4459768555,0.0472216121852398
"species_3_fetch",52847.0315013672,0.0467658825218678
"species_3_fetch",53035.6170258789,0.0463138148188591
"species_3_fetch",53224.2025503906,0.0458653904497623
"species_3_fetch",53412.7880749023,0.045420590788126
"species_3_fetch",53601.3735994141,0.044979389756918
"species_3_fetch",53789.9591239258,0.044541772454977
"species_3_fetch",53978.5446484375,0.044107723981142
"species_3_fetch",54167.1301729492,0.0436772108078003
"species_3_fetch",54355.715697461,0.0432502180337906
"species_3_fetch",54544.3012219727,0.0428267307579517
"species_3_fetch",54732.8867464844,0.0424067229032516
"species_3_fetch",54921.4722709961,0.0419901795685291
"species_3_fetch",55110.0577955078,0.0415770784020424
"species_3_fetch",55298.6433200195,0.0411674007773399
"species_3_fetch",55487.2288445313,0.04076112434268
"species_3_fetch",55675.814369043,0.0403582379221916
"species_3_fetch",55864.3998935547,0.0399587079882622
"species_3_fetch",56052.9854180664,0.0395625196397304
"species_3_fetch",56241.5709425781,0.039169654250145
"species_3_fetch",56430.1564670899,0.0387800894677639
"species_3_fetch",56618.7419916016,0.0383938103914261
"species_3_fetch",56807.3275161133,0.0380107909440994
"species_3_fetch",56995.913040625,0.0376310162246227
"species_3_fetch",57184.4985651367,0.0372544676065445
"species_3_fetch",57373.0840896485,0.0368811190128326
"species_3_fetch",57561.6696141602,0.0365109592676163
"species_3_fetch",57750.2551386719,0.036143958568573
"species_3_fetch",57938.8406631836,0.0357801020145416
"species_3_fetch",58127.4261876953,0.0354193709790707
"species_3_fetch",58316.011712207,0.0350617431104183
"species_3_fetch",58504.5972367188,0.0347071960568428
"species_3_fetch",58693.1827612305,0.0343557186424732
"species_3_fetch",58881.7682857422,0.0340072847902775
"species_3_fetch",59070.3538102539,0.0336618795990944
"species_3_fetch",59258.9393347656,0.0333194844424725
"species_3_fetch",59447.5248592773,0.0329800695180893
"species_3_fetch",59636.1103837891,0.0326436199247837
"species_3_fetch",59824.6959083008,0.0323101207613945
"species_3_fetch",60013.2814328125,0.0319795496761799
"species_3_fetch",60201.8669573242,0.0316518880426884
"species_3_fetch",60390.4524818359,0.0313271135091782
"species_3_fetch",60579.0380063477,0.0310052111744881
"species_3_fetch",60767.6235308594,0.0306861586868763
"species_3_fetch",60956.2090553711,0.0303699392825365
"species_3_fetch",61144.7945798828,0.0300565380603075
"species_3_fetch",61333.3801043945,0.0297459252178669
"species_3_fetch",61521.9656289063,0.0294380858540535
"species_3_fetch",61710.551153418,0.029133003205061
"species_3_fetch",61899.1366779297,0.0288306549191475
"species_3_fetch",62087.7222024414,0.0285310260951519
"species_3_fetch",62276.3077269531,0.0282340962439775
"species_3_fetch",62464.8932514649,0.0279398448765278
"species_3_fetch",62653.4787759766,0.0276482570916414
"species_3_fetch",62842.0643004883,0.0273593161255121
"species_3_fetch",63030.649825,0.0270729940384626
"species_3_fetch",63219.2353495117,0.0267892759293318
"species_3_fetch",63407.8208740234,0.0265081468969584
"species_3_fetch",63596.4063985352,0.0262295845896006
"species_3_fetch",63784.9919230469,0.0259535741060972
"species_3_fetch",63973.5774475586,0.0256800949573517
"species_3_fetch",64162.1629720703,0.0254091285169125
"species_3_fetch",64350.748496582,0.0251406580209732
"species_3_fetch",64539.3340210938,0.0248746648430824
"species_3_fetch",64727.9195456055,0.0246111359447241
"species_3_fetch",64916.5050701172,0.0243500433862209
"species_3_fetch",65105.0905946289,0.0240913741290569
"species_3_fetch",65293.6761191406,0.0238351095467806
"species_3_fetch",65482.2616436523,0.0235812347382307
"species_3_fetch",65670.8471681641,0.0233297329396009
"species_3_fetch",65859.4326926758,0.0230805780738592
"species_3_fetch",66048.0182171875,0.0228337589651346
"species_3_fetch",66236.6037416992,0.0225892569869757
"species_3_fetch",66425.1892662109,0.022347055375576
"species_3_fetch",66613.7747907227,0.0221071355044842
"species_3_fetch",66802.3603152344,0.0218694806098938
"species_3_fetch",66990.9458397461,0.0216340720653534
"species_3_fetch",67179.5313642578,0.0214008968323469
"species_3_fetch",67368.1168887695,0.0211699344217777
"species_3_fetch",67556.7024132813,0.0209411680698395
"species_3_fetch",67745.287937793,0.020714582875371
"species_3_fetch",67933.8734623047,0.0204901583492756
"species_3_fetch",68122.4589868164,0.0202678814530373
"species_3_fetch",68311.0445113281,0.0200477354228497
"species_3_fetch",68499.6300358398,0.0198296997696161
"species_3_fetch",68688.2155603516,0.0196137614548206
"species_3_fetch",68876.8010848633,0.0193999037146568
"species_3_fetch",69065.386609375,0.019188117235899
"species_3_fetch",69253.9721338867,0.0189783703535795
"species_3_fetch",69442.5576583984,0.0187706537544727
"species_3_fetch",69631.1431829101,0.0185649506747723
"species_3_fetch",69819.7287074219,0.0183612480759621
"species_3_fetch",70008.3142319336,0.0181595273315906
"species_3_fetch",70196.8997564453,0.017959775403142
"species_3_fetch",70385.485280957,0.0177619736641645
"species_3_fetch",70574.0708054687,0.017566105350852
"species_3_fetch",70762.6563299805,0.0173721592873335
"species_3_fetch",70951.2418544922,0.0171801168471575
"species_3_fetch",71139.8273790039,0.0169899612665176
"species_3_fetch",71328.4129035156,0.0168016813695431
"species_3_fetch",71516.9984280273,0.0166152585297823
"species_3_fetch",71705.5839525391,0.0164306778460741
"species_3_fetch",71894.1694770508,0.0162479262799025
"species_3_fetch",72082.7550015625,0.0160669852048159
"species_3_fetch",72271.3405260742,0.0158878415822983
"species_3_fetch",72459.9260505859,0.0157104823738337
"species_3_fetch",72648.5115750977,0.0155348973348737
"species_3_fetch",72837.0970996094,0.0153610575944185
"species_3_fetch",73025.6826241211,0.0151889566332102
"species_3_fetch",73214.2681486328,0.0150185786187649
"species_3_fetch",73402.8536731445,0.0148499105125666
"species_3_fetch",73591.4391976562,0.0146829374134541
"species_3_fetch",73780.024722168,0.0145176444202662
"species_3_fetch",73968.6102466797,0.0143540184944868
"species_3_fetch",74157.1957711914,0.0141920438036323
"species_3_fetch",74345.7812957031,0.014031708240509
"species_3_fetch",74534.3668202148,0.0138729959726334
"species_3_fetch",74722.9523447266,0.0137158939614892
"species_3_fetch",74911.5378692383,0.0135603882372379
"species_3_fetch",75100.12339375,0.0134064648300409
"species_3_fetch",75288.7089182617,0.0132541107013822
"species_3_fetch",75477.2944427734,0.0131033128127456
"species_3_fetch",75665.8799672852,0.0129540553316474
"species_3_fetch",75854.4654917969,0.0128063270822167
"species_3_fetch",76043.0510163086,0.012660114094615
"species_3_fetch",76231.6365408203,0.0125154098495841
"species_3_fetch",76420.222065332,0.0123721873387694
"species_3_fetch",76608.8075898438,0.0122304409742355
"species_3_fetch",76797.3931143555,0.0120901567861438
"species_3_fetch",76985.9786388672,0.0119513235986233
"species_3_fetch",77174.5641633789,0.0118139265105128
"species_3_fetch",77363.1496878906,0.0116779543459415
"species_3_fetch",77551.7352124024,0.0115433940663934
"species_3_fetch",77740.3207369141,0.0114102326333523
"species_3_fetch",77928.9062614258,0.0112784570083022
"species_3_fetch",78117.4917859375,0.0111480569466949
"species_3_fetch",78306.0773104492,0.0110190184786916
"species_3_fetch",78494.662834961,0.0108913294970989
"species_3_fetch",78683.2483594727,0.0107649778947234
"species_3_fetch",78871.8338839844,0.0106399524956942
"species_3_fetch",79060.4194084961,0.0105162402614951
"species_3_fetch",79249.0049330078,0.0104752946645021
"species_3_fetch",79437.5904575195,0.0104752946645021
"species_3_fetch",79626.1759820312,0.0104752946645021
"species_3_fetch",79814.761506543,0.0104752946645021
"species_3_fetch",80003.3470310547,0.0104752946645021
"species_3_fetch",80191.9325555664,0.0104752946645021
"species_3_fetch",80380.5180800781,0.0104752946645021
"species_3_fetch",80569.1036045899,0.0104752946645021
"species_3_fetch",80757.6891291016,0.0104752946645021
"species_3_fetch",80946.2746536133,0.0104752946645021
"species_3_fetch",81134.860178125,0.0104752946645021
"species_3_fetch",81323.4457026367,0.0104752946645021
"species_3_fetch",81512.0312271484,0.0104752946645021
"species_3_fetch",81700.6167516602,0.0104752946645021
"species_3_fetch",81889.2022761719,0.0104752946645021
"species_3_fetch",82077.7878006836,0.0104752946645021
"species_3_fetch",82266.3733251953,0.0104752946645021
"species_3_fetch",82454.958849707,0.0104752946645021
"species_3_fetch",82643.5443742187,0.0104752946645021
"species_3_fetch",82832.1298987305,0.0104752946645021
"species_3_fetch",83020.7154232422,0.0104752946645021
"species_3_fetch",83209.3009477539,0.0104752946645021
"species_3_fetch",83397.8864722656,0.0104752946645021
"species_3_fetch",83586.4719967774,0.0104752946645021
"species_3_fetch",83775.0575212891,0.0104752946645021
"species_3_fetch",83963.6430458008,0.0104752946645021
"species_3_fetch",84152.2285703125,0.0104752946645021
"species_3_fetch",84340.8140948242,0.0104752946645021
"species_3_fetch",84529.399619336,0.0104752946645021
"species_3_fetch",84717.9851438477,0.0104752946645021
"species_3_fetch",84906.5706683594,0.0104752946645021
"species_3_fetch",85095.1561928711,0.0104752946645021
"species_3_fetch",85283.7417173828,0.0104752946645021
"species_3_fetch",85472.3272418945,0.0104752946645021
"species_3_fetch",85660.9127664063,0.0104752946645021
"species_3_fetch",85849.498290918,0.0104752946645021
"species_3_fetch",86038.0838154297,0.0104752946645021
"species_3_fetch",86226.6693399414,0.0104752946645021
"species_3_fetch",86415.2548644531,0.0104752946645021
"species_3_fetch",86603.8403889649,0.0104752946645021
"species_3_fetch",86792.4259134766,0.0104752946645021
"species_3_fetch",86981.0114379883,0.0104752946645021
"species_3_substrate_hist_only",1,0.719426035881042
"species_3_substrate_hist_only",2,0.128703132271767
"species_3_substrate_hist_only",3,0.309845685958862
"species_3_substrate_hist_only",4,0.309845685958862
"species_3_substrate_hist_only",6,0.309845685958862
"species_3_substrate_hist_only",7,0.309845685958862
"species_3_substrate_hist_only",8,0.483673870563507
"species_3_substrate_hist_only",9,0.673405528068542
"species_3_substrate_hist_only",10,0.408793181180954
"species_3_substrate_hist_only",11,0.309845685958862
"species_3_substrate_hist_only",12,0.309845685958862
"species_3_substrate_hist_only",13,0.309845685958862
"species_3_substrate_hist",1,0.214901313185692
"species_3_substrate_hist",2,0.133304134011269
"species_3_substrate_hist",3,0.223482832312584
"species_3_substrate_hist",4,0.223482832312584
"species_3_substrate_hist",6,0.223482832312584
"species_3_substrate_hist",7,0.223482832312584
"species_3_substrate_hist",8,0.223482832312584
"species_3_substrate_hist",9,0.339815139770508
"species_3_substrate_hist",10,0.270171225070953
"species_3_substrate_hist",11,0.223482832312584
"species_3_substrate_hist",12,0.223482832312584
"species_3_substrate_hist",13,0.223482832312584
"species_4_bathy_extrap_only",-22.525037586689,0.942473590373993
"species_4_bathy_extrap_only",-21.9591916217804,0.942473590373993
"species_4_bathy_extrap_only",-21.3933456568718,0.942473590373993
"species_4_bathy_extrap_only",-20.8274996919632,0.942473590373993
"species_4_bathy_extrap_only",-20.2616537270546,0.942473590373993
"species_4_bathy_extrap_only",-19.695807762146,0.942473590373993
"species_4_bathy_extrap_only",-19.1299617972374,0.942473590373993
"species_4_bathy_extrap_only",-18.5641158323288,0.942473590373993
"species_4_bathy_extrap_only",-17.9982698674202,0.942473590373993
"species_4_bathy_extrap_only",-17.4324239025116,0.942473590373993
"species_4_bathy_extrap_only",-16.866577937603,0.942473590373993
"species_4_bathy_extrap_only",-16.3007319726944,0.942473590373993
"species_4_bathy_extrap_only",-15.7348860077858,0.942473590373993
"species_4_bathy_extrap_only",-15.1690400428772,0.942473590373993
"species_4_bathy_extrap_only",-14.6031940779686,0.942473590373993
"species_4_bathy_extrap_only",-14.03734811306,0.942473590373993
"species_4_bathy_extrap_only",-13.4715021481514,0.942473590373993
"species_4_bathy_extrap_only",-12.9056561832428,0.942473590373993
"species_4_bathy_extrap_only",-12.3398102183342,0.942473590373993
"species_4_bathy_extrap_only",-11.7739642534256,0.942473590373993
"species_4_bathy_extrap_only",-11.208118288517,0.942473590373993
"species_4_bathy_extrap_only",-10.6422723236084,0.942473590373993
"species_4_bathy_extrap_only",-10.0764263586998,0.942473590373993
"species_4_bathy_extrap_only",-9.5105803937912,0.942473590373993
"species_4_bathy_extrap_only",-8.9447344288826,0.942473590373993
"species_4_bathy_extrap_only",-8.378888463974,0.942473590373993
"species_4_bathy_extrap_only",-7.8130424990654,0.942473590373993
"species_4_bathy_extrap_only",-7.2471965341568,0.942473590373993
"species_4_bathy_extrap_only",-6.6813505692482,0.942473590373993
"species_4_bathy_extrap_only",-6.1155046043396,0.942473590373993
"species_4_bathy_extrap_only",-5.549658639431,0.942473590373993
"species_4_bathy_extrap_only",-4.9838126745224,0.942473590373993
"species_4_bathy_extrap_only",-4.4179667096138,0.942473590373993
"species_4_bathy_extrap_only",-3.8521207447052,0.942473590373993
"species_4_bathy_extrap_only",-3.2862747797966,0.942473590373993
"species_4_bathy_extrap_only",-2.720428814888,0.942473590373993
"species_4_bathy_extrap_only",-2.1545828499794,0.942473590373993
"species_4_bathy_extrap_only",-1.5887368850708,0.942473590373993
"species_4_bathy_extrap_only",-1.0228909201622,0.942473590373993
"species_4_bathy_extrap_only",-0.457044955253604,0.942473590373993
"species_4_bathy_extrap_only",0.108801009654997,0.942473590373993
"species_4_bathy_extrap_only",0.674646974563593,0.942473590373993
"species_4_bathy_extrap_only",1.24049293947219,0.895271897315979
"species_4_bathy_extrap_only",1.80633890438079,0.879506409168243
"species_4_bathy_extrap_only",2.3721848692894,0.86173415184021
"species_4_bathy_extrap_only",2.938030834198,0.841812074184418
"species_4_bathy_extrap_only",3.5038767991066,0.819620370864868
"species_4_bathy_extrap_only",4.06972276401519,0.79507327079773
"species_4_bathy_extrap_only",4.6355687289238,0.768130719661713
"species_4_bathy_extrap_only",5.2014146938324,0.738809645175934
"species_4_bathy_extrap_only",5.767260658741,0.707194089889526
"species_4_bathy_extrap_only",6.3331066236496,0.673443138599396
"species_4_bathy_extrap_only",6.8989525885582,0.637794375419617
"species_4_bathy_extrap_only",7.4647985534668,0.600562274456024
"species_4_bathy_extrap_only",8.0306445183754,0.562130391597748
"species_4_bathy_extrap_only",8.596490483284,0.522938132286072
"species_4_bathy_extrap_only",9.1623364481926,0.483461439609528
"species_4_bathy_extrap_only",9.7281824131012,0.444189995527267
"species_4_bathy_extrap_only",10.2940283780098,0.405603736639023
"species_4_bathy_extrap_only",10.8598743429184,0.368149131536484
"species_4_bathy_extrap_only",11.425720307827,0.332220137119293
"species_4_bathy_extrap_only",11.9915662727356,0.298142999410629
"species_4_bathy_extrap_only",12.5574122376442,0.266168087720871
"species_4_bathy_extrap_only",13.1232582025528,0.236467003822327
"species_4_bathy_extrap_only",13.6891041674614,0.209135696291924
"species_4_bathy_extrap_only",14.25495013237,0.187199771404266
"species_4_bathy_extrap_only",14.8207960972786,0.173857256770134
"species_4_bathy_extrap_only",15.3866420621872,0.162836670875549
"species_4_bathy_extrap_only",15.9524880270958,0.152385830879211
"species_4_bathy_extrap_only",16.5183339920044,0.142491549253464
"species_4_bathy_extrap_only",17.084179956913,0.133138760924339
"species_4_bathy_extrap_only",17.6500259218216,0.126383259892464
"species_4_bathy_extrap_only",18.2158718867302,0.123611465096474
"species_4_bathy_extrap_only",18.7817178516388,0.120892055332661
"species_4_bathy_extrap_only",19.3475638165474,0.118224389851093
"species_4_bathy_extrap_only",19.913409781456,0.115607857704163
"species_4_bathy_extrap_only",20.4792557463646,0.113041818141937
"species_4_bathy_extrap_only",21.0451017112732,0.110525608062744
"species_4_bathy_extrap_only",21.6109476761818,0.108058579266071
"species_4_bathy_extrap_only",22.1767936410904,0.105640083551407
"species_4_bathy_extrap_only",22.742639605999,0.103269442915916
"species_4_bathy_extrap_only",23.3084855709076,0.100946009159088
"species_4_bathy_extrap_only",23.8743315358162,0.0986690819263458
"species_4_bathy_extrap_only",24.4401775007248,0.0964380130171776
"species_4_bathy_extrap_only",25.0060234656334,0.0942521169781685
"species_4_bathy_extrap_only",25.571869430542,0.0921107158064842
"species_4_bathy_extrap_only",26.1377153954506,0.0900131240487099
"species_4_bathy_extrap_only",26.7035613603592,0.0879586786031723
"species_4_bathy_extrap_only",27.2694073252678,0.0859467014670372
"species_4_bathy_extrap_only",27.8352532901764,0.083976499736309
"species_4_bathy_extrap_only",28.401099255085,0.0820474103093147
"species_4_bathy_extrap_only",28.9669452199936,0.0801587551832199
"species_4_bathy_extrap_only",29.5327911849022,0.0783098712563515
"species_4_bathy_extrap_only",30.0986371498108,0.0765000879764557
"species_4_bathy_extrap_only",30.6644831147194,0.0747287273406982
"species_4_bathy_extrap_only",31.230329079628,0.0729951485991478
"species_4_bathy_extrap_only",31.7961750445366,0.0712986886501312
"species_4_bathy_extrap_only",32.3620210094452,0.0696386843919754
"species_4_bathy_extrap_only",32.9278669743538,0.0680145099759102
"species_4_bathy_extrap_only",33.4937129392624,0.066425509750843
"species_4_bathy_extrap_only",34.059558904171,0.0648710429668427
"species_4_bathy_extrap_only",34.6254048690796,0.0633504912257195
"species_4_bathy_extrap_only",35.1912508339882,0.0618632212281227
"species_4_bathy_extrap_only",35.7570967988968,0.0604086145758629
"species_4_bathy_extrap_only",36.3229427638054,0.0589860491454601
"species_4_bathy_extrap_only",36.888788728714,0.0575949400663376
"species_4_bathy_extrap_only",37.4546346936226,0.0562346801161766
"species_4_bathy_extrap_only",38.0204806585312,0.0549046732485294
"species_4_bathy_extrap_only",38.5863266234398,0.0536043383181095
"species_4_bathy_extrap_only",39.1521725883484,0.05233309045434
"species_4_bathy_extrap_only",39.718018553257,0.0510903671383858
"species_4_bathy_extrap_only",40.2838645181656,0.0498755984008312
"species_4_bathy_extrap_only",40.8497104830742,0.0486882217228413
"species_4_bathy_extrap_only",41.4155564479828,0.0475277081131935
"species_4_bathy_extrap_only",41.9814024128914,0.0463935099542141
"species_4_bathy_extrap_only",42.5472483778,0.0452850870788097
"species_4_bathy_extrap_only",43.1130943427086,0.044201921671629
"species_4_bathy_extrap_only",43.6789403076172,0.04314349219203
"species_4_bathy_extrap_only",44.2447862725258,0.0421092920005322
"species_4_bathy_extrap_only",44.8106322374344,0.041098814457655
"species_4_bathy_extrap_only",45.376478202343,0.0401115640997887
"species_4_bathy_extrap_only",45.9423241672516,0.0391470678150654
"species_4_bathy_extrap_only",46.5081701321602,0.0382048413157463
"species_4_bathy_extrap_only",47.0740160970688,0.0372844114899635
"species_4_bathy_extrap_only",47.6398620619774,0.0363853201270103
"species_4_bathy_extrap_only",48.205708026886,0.03550710901618
"species_4_bathy_extrap_only",48.7715539917946,0.0346493311226368
"species_4_bathy_extrap_only",49.3373999567032,0.0338115505874157
"species_4_bathy_extrap_only",49.9032459216118,0.0329933352768421
"species_4_bathy_extrap_only",50.4690918865204,0.0321942530572414
"species_4_bathy_extrap_only",51.034937851429,0.0314139015972614
"species_4_bathy_extrap_only",51.6007838163376,0.0306518636643887
"species_4_bathy_extrap_only",52.1666297812462,0.0299077425152063
"species_4_bathy_extrap_only",52.7324757461548,0.0291811414062977
"species_4_bathy_extrap_only",53.2983217110634,0.028471676632762
"species_4_bathy_extrap_only",53.864167675972,0.0277789644896984
"species_4_bathy_extrap_only",54.4300136408806,0.0271026380360126
"species_4_bathy_extrap_only",54.9958596057892,0.0264423247426748
"species_4_bathy_extrap_only",55.5617055706978,0.025797676295042
"species_4_bathy_extrap_only",56.1275515356064,0.0251683387905359
"species_4_bathy_extrap_only",56.693397500515,0.0245539657771587
"species_4_bathy_extrap_only",57.2592434654236,0.0239542219787836
"species_4_bathy_extrap_only",57.8250894303322,0.023368775844574
"species_4_bathy_extrap_only",58.3909353952408,0.022797305136919
"species_4_bathy_extrap_only",58.9567813601494,0.0222394894808531
"species_4_bathy_extrap_only",59.522627325058,0.0216950178146362
"species_4_bathy_extrap_only",60.0884732899666,0.0211635902523994
"species_4_bathy_extrap_only",60.6543192548752,0.0206449050456285
"species_4_bathy_extrap_only",61.2201652197838,0.0201386716216803
"species_4_bathy_extrap_only",61.7860111846924,0.0196446012705564
"species_4_bathy_extrap_only",62.351857149601,0.0191624164581299
"species_4_bathy_extrap_only",62.9177031145096,0.0186918396502733
"species_4_bathy_extrap_only",63.4835490794182,0.0182326063513756
"species_4_bathy_extrap_only",64.0493950443268,0.0177844502031803
"species_4_bathy_extrap_only",64.6152410092354,0.0173471122980118
"species_4_bathy_extrap_only",65.181086974144,0.0169203486293554
"species_4_bathy_extrap_only",65.7469329390526,0.0165039021521807
"species_4_bathy_extrap_only",66.3127789039612,0.0160975381731987
"species_4_bathy_extrap_only",66.8786248688698,0.015701025724411
"species_4_bathy_extrap_only",67.4444708337784,0.0153141217306256
"species_4_bathy_extrap_only",68.010316798687,0.014936612918973
"species_4_bathy_extrap_only",68.5761627635956,0.014568267390132
"species_4_bathy_extrap_only",69.1420087285042,0.0142088793218136
"species_4_bathy_extrap_only",69.7078546934128,0.0138582270592451
"species_4_bathy_extrap_only",70.2737006583214,0.0135161150246859
"species_4_bathy_extrap_only",70.83954662323,0.0131823308765888
"species_4_bathy_extrap_only",71.4053925881386,0.012856681831181
"species_4_bathy_extrap_only",71.9712385530472,0.012538980692625
"species_4_bathy_extrap_only",72.5370845179558,0.0122290272265673
"species_4_bathy_extrap_only",73.1029304828644,0.0119266482070088
"species_4_bathy_extrap_only",73.668776447773,0.0116316536441445
"species_4_bathy_extrap_only",74.2346224126816,0.0113438758999109
"species_4_bathy_extrap_only",74.8004683775902,0.0110631342977285
"species_4_bathy_extrap_only",75.3663143424988,0.0107892639935017
"species_4_bathy_extrap_only",75.9321603074074,0.01052210573107
"species_4_bathy_extrap_only",76.498006272316,0.0102614909410477
"species_4_bathy_extrap_only",77.0638522372246,0.0100072687491775
"species_4_bathy_extrap_only",77.6296982021332,0.00975927896797657
"species_4_bathy_extrap_only",78.1955441670418,0.0095173791050911
"species_4_bathy_extrap_only",78.7613901319504,0.00928141549229622
"species_4_bathy_extrap_only",79.327236096859,0.00905125215649605
"species_4_bathy_extrap_only",79.8930820617676,0.00882674288004637
"species_4_bathy_extrap_only",80.4589280266762,0.00860775355249643
"species_4_bathy_extrap_only",81.0247739915848,0.0083941537886858
"species_4_bathy_extrap_only",81.5906199564934,0.00818580854684114
"species_4_bathy_extrap_only",82.156465921402,0.0079825958237052
"species_4_bathy_extrap_only",82.7223118863106,0.00778438476845622
"species_4_bathy_extrap_only",83.2881578512192,0.00759106082841754
"species_4_bathy_extrap_only",83.8540038161278,0.00740249967202544
"species_4_bathy_extrap_only",84.4198497810364,0.00721858814358711
"species_4_bathy_extrap_only",84.985695745945,0.00703921588137746
"species_4_bathy_extrap_only",85.5515417108536,0.00686426740139723
"species_4_bathy_extrap_only",86.1173876757622,0.00669364025816321
"species_4_bathy_extrap_only",86.6832336406708,0.00652722408995032
"species_4_bathy_extrap_only",87.2490796055794,0.00636492110788822
"species_4_bathy_extrap_only",87.814925570488,0.00620662653818727
"species_4_bathy_extrap_only",88.3807715353966,0.0060522467829287
"species_4_bathy_extrap_only",88.9466175003052,0.00590168265625834
"species_4_bathy_extrap_only",89.5124634652138,0.0057548419572413
"species_4_bathy_extrap_only",90.0783094301224,0.00561163621023297
"species_4_bathy_extrap_only",90.644155395031,0.00547197228297591
"species_4_bathy_extrap_only",91.2100013599396,0.00533576821908355
"species_4_bathy_extrap_only",91.7758473248482,0.00520293414592743
"species_4_bathy_extrap_only",92.3416932897568,0.00507339229807258
"species_4_bathy_extrap_only",92.9075392546654,0.0049470579251647
"species_4_bathy_extrap_only",93.473385219574,0.00482385419309139
"species_4_bathy_extrap_only",94.0392311844826,0.0047037061303854
"species_4_bathy_extrap_only",94.6050771493912,0.00458653504028916
"species_4_bathy_extrap_only",95.1709231142998,0.00447227107360959
"species_4_bathy_extrap_only",95.7367690792084,0.00436083972454071
"species_4_bathy_extrap_only",96.302615044117,0.00425217440351844
"species_4_bathy_extrap_only",96.8684610090256,0.0041462043300271
"species_4_bathy_extrap_only",97.4343069739342,0.00404286570847034
"species_4_bathy_extrap_only",98.0001529388428,0.00394209148362279
"species_4_bathy_extrap_only",98.5659989037514,0.00384381925687194
"species_4_bathy_extrap_only",99.13184486866,0.00374798872508109
"species_4_bathy_extrap_only",99.6976908335686,0.00365453748963773
"species_4_bathy_extrap_only",100.263536798477,0.00356340920552611
"species_4_bathy_extrap_only",100.829382763386,0.00347454426810145
"species_4_bathy_extrap_only",101.395228728294,0.00338788889348507
"species_4_bathy_extrap_only",101.961074693203,0.00330338650383055
"species_4_bathy_extrap_only",102.526920658112,0.00322098517790437
"species_4_bathy_extrap_only",103.09276662302,0.00314063369296491
"species_4_bathy_extrap_only",103.658612587929,0.00306227942928672
"species_4_bathy_extrap_only",104.224458552837,0.00298587535507977
"species_4_bathy_extrap_only",104.790304517746,0.00291137094609439
"species_4_bathy_extrap_only",105.356150482655,0.00283872126601636
"species_4_bathy_extrap_only",105.921996447563,0.00276787835173309
"species_4_bathy_extrap_only",106.487842412472,0.00269879959523678
"species_4_bathy_extrap_only",107.05368837738,0.00263143936172128
"species_4_bathy_extrap_only",107.619534342289,0.00256575620733202
"species_4_bathy_extrap_only",108.185380307198,0.00250170915387571
"species_4_bathy_extrap_only",108.751226272106,0.0024392562918365
"species_4_bathy_extrap_only",109.317072237015,0.00237835943698883
"species_4_bathy_extrap_only",109.882918201923,0.00231897877529263
"species_4_bathy_extrap_only",110.448764166832,0.0022610779851675
"species_4_bathy_extrap_only",111.014610131741,0.00220461888238788
"species_4_bathy_extrap_only",111.580456096649,0.00214956654235721
"species_4_bathy_extrap_only",112.146302061558,0.00209588673897088
"species_4_bathy_extrap_only",112.712148026466,0.00204354408197105
"species_4_bathy_extrap_only",113.277993991375,0.00199250667355955
"species_4_bathy_extrap_only",113.843839956284,0.00194274063687772
"species_4_bathy_extrap_only",114.409685921192,0.00189421605318785
"species_4_bathy_extrap_only",114.975531886101,0.00184690055903047
"species_4_bathy_extrap_only",115.541377851009,0.0018007653998211
"species_4_bathy_extrap_only",116.107223815918,0.00175578007474542
"species_4_bathy_extrap_only",116.673069780827,0.00171191664412618
"species_4_bathy_extrap_only",117.238915745735,0.00166914775036275
"species_4_bathy_extrap_only",117.804761710644,0.00162744498811662
"species_4_bathy_extrap_only",118.370607675552,0.00158678309526294
"species_4_bathy_extrap_only",118.936453640461,0.00154713506344706
"species_4_bathy_extrap_only",119.50229960537,0.00150847667828202
"species_4_bathy_extrap_only",120.068145570278,0.00147078232839704
"species_4_bathy_extrap_only",120.633991535187,0.00143402861431241
"species_4_bathy_extrap_only",121.199837500095,0.00139819248579443
"species_4_bathy_extrap_only",121.765683465004,0.00136325019411743
"species_4_bathy_extrap_only",122.331529429913,0.00132918043527752
"species_4_bathy_extrap_only",122.897375394821,0.00129596050828695
"species_4_bathy_extrap_only",123.46322135973,0.00126357038971037
"species_4_bathy_extrap_only",124.029067324638,0.00123198830988258
"species_4_bathy_extrap_only",124.594913289547,0.0012011950602755
"species_4_bathy_extrap_only",125.160759254456,0.00117117015179247
"species_4_bathy_extrap_only",125.726605219364,0.00114189484156668
"species_4_bathy_extrap_only",126.292451184273,0.00111335096880794
"species_4_bathy_extrap_only",126.858297149181,0.00108551944140345
"species_4_bathy_extrap_only",127.42414311409,0.00105838326271623
"species_4_bathy_extrap_only",127.989989078999,0.00103192438837141
"species_4_bathy_extrap_only",128.555835043907,0.00100612663663924
"species_4_bathy_extrap_only",129.121681008816,0.000980973243713379
"species_4_bathy_extrap_only",129.687526973724,0.000956447329372168
"species_4_bathy_extrap_only",130.253372938633,0.000932534749154002
"species_4_bathy_extrap_only",130.819218903542,0.000909219437744468
"species_4_bathy_extrap_only",131.38506486845,0.000886485970113426
"species_4_bathy_extrap_only",131.950910833359,0.000864320958498865
"species_4_bathy_extrap_only",132.516756798267,0.000842709734570235
"species_4_bathy_extrap_only",133.082602763176,0.000821638386696577
"species_4_bathy_extrap_only",133.648448728085,0.000801092945039272
"species_4_bathy_extrap_only",134.214294692993,0.000781061418820173
"species_4_bathy_extrap_only",134.780140657902,0.000761530362069607
"species_4_bathy_extrap_only",135.34598662281,0.000742486852686852
"species_4_bathy_extrap_only",135.911832587719,0.000723919714801013
"species_4_bathy_extrap_only",136.477678552628,0.000705816550180316
"species_4_bathy_extrap_only",137.043524517536,0.000688165717292577
"species_4_bathy_extrap_only",137.609370482445,0.000670955632813275
"species_4_bathy_extrap_only",138.175216447353,0.000654176052194089
"species_4_bathy_extrap_only",138.741062412262,0.000637815857771784
"species_4_bathy_extrap_only",139.306908377171,0.000621864106506109
"species_4_bathy_extrap_only",139.872754342079,0.000606311543378979
"species_4_bathy_extrap_only",140.438600306988,0.000591147632803768
"species_4_bathy_extrap_only",141.004446271896,0.000576362828724086
"species_4_bathy_extrap_only",141.570292236805,0.000561947177629918
"species_4_bathy_extrap_only",142.136138201714,0.00054789223941043
"species_4_bathy_extrap_only",142.701984166622,0.000534188642632216
"species_4_bathy_extrap_only",143.267830131531,0.000520827306900173
"species_4_bathy_extrap_only",143.833676096439,0.000507800315972418
"species_4_bathy_extrap_only",144.399522061348,0.000495098996907473
"species_4_bathy_extrap_only",144.965368026257,0.000482715200632811
"species_4_bathy_extrap_only",145.531213991165,0.000470640690764412
"species_4_bathy_extrap_only",146.097059956074,0.000458868395071477
"species_4_bathy_extrap_only",146.662905920982,0.00044739042641595
"species_4_bathy_extrap_only",147.228751885891,0.000436199450632557
"species_4_bathy_extrap_only",147.7945978508,0.000425287988036871
"species_4_bathy_extrap_only",148.360443815708,0.000414649635786191
"species_4_bathy_extrap_only",148.926289780617,0.000404277292545885
"species_4_bathy_extrap_only",149.492135745525,0.000394164060708135
"species_4_bathy_extrap_only",150.057981710434,0.000384303973987699
"species_4_bathy_extrap_only",150.623827675343,0.000374690425815061
"species_4_bathy_extrap_only",151.189673640251,0.000365317304385826
"species_4_bathy_extrap_only",151.75551960516,0.000356178294168785
"species_4_bathy_extrap_only",152.321365570068,0.000347268098266795
"species_4_bathy_extrap_only",152.887211534977,0.000338580721290782
"species_4_bathy_extrap_only",153.453057499886,0.000330110371578485
"species_4_bathy_extrap_only",154.018903464794,0.000321852072374895
"species_4_bathy_extrap_only",154.584749429703,0.000313800323056057
"species_4_bathy_extrap_only",155.150595394611,0.000305949914036319
"species_4_bathy_extrap_only",155.71644135952,0.000298295664833859
"species_4_bathy_extrap_only",156.282287324429,0.000290833035251126
"species_4_bathy_extrap_only",156.848133289337,0.000283557048533112
"species_4_bathy_extrap_only",157.413979254246,0.000276462844340131
"species_4_bathy_extrap_only",157.979825219154,0.000269546289928257
"species_4_bathy_extrap_only",158.545671184063,0.000262802699580789
"species_4_bathy_extrap_only",159.111517148972,0.000256227795034647
"species_4_bathy_extrap_only",159.67736311388,0.000249817181611434
"species_4_bathy_extrap_only",160.243209078789,0.000243567075813189
"species_4_bathy_extrap_only",160.809055043697,0.000237473301240243
"species_4_bathy_extrap_only",161.374901008606,0.000231531783356331
"species_4_bathy_extrap_only",161.940746973515,0.00022573905880563
"species_4_bathy_extrap_only",162.506592938423,0.000220091213122942
"species_4_bathy_extrap_only",163.072438903332,0.000214584651985206
"species_4_bathy_extrap_only",163.63828486824,0.000209215693757869
"species_4_bathy_extrap_only",164.204130833149,0.000203981180675328
"species_4_bathy_extrap_only",164.769976798058,0.000198877591174096
"species_4_bathy_extrap_only",165.335822762966,0.000193901680177078
"species_4_bathy_extrap_only",165.901668727875,0.000189050115295686
"species_4_bathy_extrap_only",166.467514692783,0.000184320044354536
"species_4_bathy_extrap_only",167.033360657692,0.000179708295036107
"species_4_bathy_extrap_only",167.599206622601,0.000175211796886288
"species_4_bathy_extrap_only",168.165052587509,0.000170827901456505
"species_4_bathy_extrap_only",168.730898552418,0.000166553669259883
"species_4_bathy_extrap_only",169.296744517326,0.000162386379088275
"species_4_bathy_extrap_only",169.862590482235,0.000158323222422041
"species_4_bathy_extrap_only",170.428436447144,0.000154361827298999
"species_4_bathy_extrap_only",170.994282412052,0.000150499530718662
"species_4_bathy_extrap_only",171.560128376961,0.000146733756992035
"species_4_bathy_extrap_only",172.125974341869,0.000143062294228002
"species_4_bathy_extrap_only",172.691820306778,0.000139482683152892
"species_4_bathy_extrap_only",173.257666271687,0.000135992624564096
"species_4_bathy_extrap_only",173.823512236595,0.000132589804707095
"species_4_bathy_extrap_only",174.389358201504,0.000129272186313756
"species_4_bathy_extrap_only",174.955204166412,0.000126037586596794
"species_4_bathy_extrap_only",175.521050131321,0.000122883822768927
"species_4_bathy_extrap_only",176.08689609623,0.000119809046736918
"species_4_bathy_extrap_only",176.652742061138,0.000116811192128807
"species_4_bathy_extrap_only",177.218588026047,0.000113888345367741
"species_4_bathy_extrap_only",177.784433990955,0.000111038549221121
"species_4_bathy_extrap_only",178.350279955864,0.000108260130218696
"species_4_bathy_extrap_only",178.916125920773,0.000105551225715317
"species_4_bathy_extrap_only",179.481971885681,0.000102910031273495
"species_4_bathy_extrap_only",180.04781785059,0.000100334982562345
"species_4_bathy_extrap_only",180.613663815498,9.78243624558672e-05
"species_4_bathy_extrap_only",181.179509780407,9.53765556914732e-05
"species_4_bathy_extrap_only",181.745355745316,9.29899397306144e-05
"species_4_bathy_extrap_only",182.311201710224,9.06630884855986e-05
"species_4_bathy_extrap_only",182.877047675133,8.8394466729369e-05
"species_4_bathy_extrap_only",183.442893640041,8.61825974425301e-05
"species_4_bathy_extrap_only",184.00873960495,8.40260181576014e-05
"species_4_bathy_extrap_only",184.574585569859,8.19234555820003e-05
"species_4_bathy_extrap_only",185.140431534767,7.98734981799498e-05
"species_4_bathy_extrap_only",185.706277499676,7.78747780714184e-05
"species_4_bathy_extrap_only",186.272123464584,7.59261238272302e-05
"species_4_bathy_extrap_only",186.837969429493,7.40262257750146e-05
"species_4_bathy_extrap_only",187.403815394402,7.21738688298501e-05
"species_4_bathy_extrap_only",187.96966135931,7.03678088029847e-05
"species_4_bathy_extrap_only",188.535507324219,6.86069906805642e-05
"species_4_bathy_extrap_only",189.101353289127,6.68902284814976e-05
"species_4_bathy_extrap_only",189.667199254036,6.52163726044819e-05
"species_4_bathy_extrap_only",190.233045218945,6.35844480711967e-05
"species_4_bathy_extrap_only",190.798891183853,6.19933562120423e-05
"species_4_bathy_extrap_only",191.364737148762,6.04420783929527e-05
"species_4_bathy_extrap_only",191.93058311367,5.89295777899679e-05
"species_4_bathy_extrap_only",192.496429078579,5.74549594603013e-05
"species_4_bathy_extrap_only",193.062275043488,5.60172375116963e-05
"species_4_bathy_extrap_only",193.628121008396,5.46154551557265e-05
"species_4_bathy_extrap_only",194.193966973305,5.32487865712028e-05
"species_4_bathy_extrap_only",194.759812938213,5.19163149874657e-05
"species_4_bathy_extrap_only",195.325658903122,5.06171854794957e-05
"species_4_bathy_extrap_only",195.891504868031,4.93505285703577e-05
"species_4_bathy_extrap_only",196.457350832939,4.81155984743964e-05
"species_4_bathy_extrap_only",197.023196797848,4.69115693704225e-05
"species_4_bathy_extrap_only",197.589042762756,4.57376409030985e-05
"species_4_bathy_extrap_only",198.154888727665,4.45931145804934e-05
"species_4_bathy_extrap_only",198.720734692574,4.34772264270578e-05
"species_4_bathy_extrap_only",199.286580657482,4.23892633989453e-05
"species_4_bathy_extrap_only",199.852426622391,4.13284942624159e-05
"species_4_bathy_extrap_only",200.418272587299,4.02943005610723e-05
"species_4_bathy_extrap_only",200.984118552208,3.92859801650047e-05
"species_4_bathy_extrap_only",201.549964517117,3.83028927899431e-05
"species_4_bathy_extrap_only",202.115810482025,3.73443799617235e-05
"species_4_bathy_extrap_only",202.681656446934,3.64098777936306e-05
"species_4_bathy_extrap_only",203.247502411842,3.54987605533097e-05
"species_4_bathy_extrap_only",203.813348376751,3.46104170603212e-05
"species_4_bathy_extrap_only",204.37919434166,3.37443270836957e-05
"species_4_bathy_extrap_only",204.945040306568,3.2899908546824e-05
"species_4_bathy_extrap_only",205.510886271477,3.20766193908639e-05
"species_4_bathy_extrap_only",206.076732236385,3.12739139189944e-05
"species_4_bathy_extrap_only",206.642578201294,3.04913119180128e-05
"species_4_bathy_extrap_only",207.208424166203,2.97282949759392e-05
"species_4_bathy_extrap_only",207.774270131111,2.89843519567512e-05
"species_4_bathy_extrap_only",208.34011609602,2.82590444840025e-05
"species_4_bathy_extrap_only",208.905962060928,2.75518868875224e-05
"species_4_bathy_extrap_only",209.471808025837,2.68624226009706e-05
"species_4_bathy_extrap_only",210.037653990746,2.61901950580068e-05
"species_4_bathy_extrap_only",210.603499955654,2.5534807718941e-05
"species_4_bathy_extrap_only",211.169345920563,2.48958185693482e-05
"species_4_bathy_extrap_only",211.735191885471,2.42728037846973e-05
"species_4_bathy_extrap_only",212.30103785038,2.36653959291289e-05
"species_4_bathy_extrap_only",212.866883815289,2.30731875490164e-05
"species_4_bathy_extrap_only",213.432729780197,2.24957984755747e-05
"species_4_bathy_extrap_only",213.998575745106,2.19328412640607e-05
"species_4_bathy_extrap_only",214.564421710014,2.13839884963818e-05
"species_4_bathy_extrap_only",215.130267674923,2.08488690986997e-05
"species_4_bathy_extrap_only",215.696113639832,2.03271265490912e-05
"species_4_bathy_extrap_only",216.26195960474,1.98184534383472e-05
"species_4_bathy_extrap_only",216.827805569649,1.93225096154492e-05
"species_4_bathy_extrap_only",217.393651534557,1.88389767572517e-05
"species_4_bathy_extrap_only",217.959497499466,1.83675310836406e-05
"species_4_bathy_extrap_only",218.525343464375,1.79078942892374e-05
"species_4_bathy_extrap_only",219.091189429283,1.74597607838223e-05
"species_4_bathy_extrap_only",219.657035394192,1.702284134808e-05
"species_4_bathy_extrap_only",220.2228813591,1.65968431247165e-05
"species_4_bathy_extrap_only",220.788727324009,1.61815169121837e-05
"species_4_bathy_extrap_only",221.354573288918,1.57765825861134e-05
"species_4_bathy_extrap_only",221.920419253826,1.53817727550631e-05
"species_4_bathy_extrap_only",222.486265218735,1.49968527694e-05
"species_4_bathy_extrap_only",223.052111183643,1.46215643326286e-05
"species_4_bathy_extrap_only",223.617957148552,1.42556673381478e-05
"species_4_bathy_extrap_only",224.183803113461,1.38989171318826e-05
"species_4_bathy_extrap_only",224.749649078369,1.35511045300518e-05
"species_4_bathy_extrap_only",225.315495043278,1.32119948830223e-05
"species_4_bathy_extrap_only",225.881341008186,1.2881362636108e-05
"species_4_bathy_extrap_only",226.447186973095,1.2559012247948e-05
"species_4_bathy_extrap_only",227.013032938004,1.22447290777927e-05
"species_4_bathy_extrap_only",227.578878902912,1.19383112178184e-05
"species_4_bathy_extrap_only",228.144724867821,1.16395522127277e-05
"species_4_bathy_extrap_only",228.710570832729,1.13482774395379e-05
"species_4_bathy_extrap_only",229.276416797638,1.10642922663828e-05
"species_4_bathy_extrap_only",229.842262762547,1.07874056993751e-05
"species_4_bathy_extrap_only",230.408108727455,1.05174558484578e-05
"species_4_bathy_extrap_only",230.973954692364,1.02542608146905e-05
"species_4_bathy_extrap_only",231.539800657272,9.99765234155348e-06
"species_4_bathy_extrap_only",232.105646622181,9.74745853454806e-06
"species_4_bathy_extrap_only",232.67149258709,9.50353296502726e-06
"species_4_bathy_extrap_only",233.237338551998,9.26571101445006e-06
"species_4_bathy_extrap_only",233.803184516907,9.03383352124365e-06
"species_4_bathy_extrap_only",234.369030481815,8.80776588019216e-06
"species_4_bathy_extrap_only",234.934876446724,8.58735529618571e-06
"species_4_bathy_extrap_only",235.500722411633,8.3724598880508e-06
"species_4_bathy_extrap_only",236.066568376541,8.16293686511926e-06
"species_4_bathy_extrap_only",236.63241434145,7.95866253611166e-06
"species_4_bathy_extrap_only",237.198260306358,7.89171281212475e-06
"species_4_bathy_extrap_only",237.764106271267,7.89171281212475e-06
"species_4_bathy_extrap_only",238.329952236176,7.89171281212475e-06
"species_4_bathy_extrap_only",238.895798201084,7.89171281212475e-06
"species_4_bathy_extrap_only",239.461644165993,7.89171281212475e-06
"species_4_bathy_extrap_only",240.027490130901,7.89171281212475e-06
"species_4_bathy_extrap_only",240.59333609581,7.89171281212475e-06
"species_4_bathy_extrap_only",241.159182060719,7.89171281212475e-06
"species_4_bathy_extrap_only",241.725028025627,7.89171281212475e-06
"species_4_bathy_extrap_only",242.290873990536,7.89171281212475e-06
"species_4_bathy_extrap_only",242.856719955444,7.89171281212475e-06
"species_4_bathy_extrap_only",243.422565920353,7.89171281212475e-06
"species_4_bathy_extrap_only",243.988411885262,7.89171281212475e-06
"species_4_bathy_extrap_only",244.55425785017,7.89171281212475e-06
"species_4_bathy_extrap_only",245.120103815079,7.89171281212475e-06
"species_4_bathy_extrap_only",245.685949779987,7.89171281212475e-06
"species_4_bathy_extrap_only",246.251795744896,7.89171281212475e-06
"species_4_bathy_extrap_only",246.817641709805,7.89171281212475e-06
"species_4_bathy_extrap_only",247.383487674713,7.89171281212475e-06
"species_4_bathy_extrap_only",247.949333639622,7.89171281212475e-06
"species_4_bathy_extrap_only",248.51517960453,7.89171281212475e-06
"species_4_bathy_extrap_only",249.081025569439,7.89171281212475e-06
"species_4_bathy_extrap_only",249.646871534348,7.89171281212475e-06
"species_4_bathy_extrap_only",250.212717499256,7.89171281212475e-06
"species_4_bathy_extrap_only",250.778563464165,7.89171281212475e-06
"species_4_bathy_extrap_only",251.344409429073,7.89171281212475e-06
"species_4_bathy_extrap_only",251.910255393982,7.89171281212475e-06
"species_4_bathy_extrap_only",252.476101358891,7.89171281212475e-06
"species_4_bathy_extrap_only",253.041947323799,7.89171281212475e-06
"species_4_bathy_extrap_only",253.607793288708,7.89171281212475e-06
"species_4_bathy_extrap_only",254.173639253616,7.89171281212475e-06
"species_4_bathy_extrap_only",254.739485218525,7.89171281212475e-06
"species_4_bathy_extrap_only",255.305331183434,7.89171281212475e-06
"species_4_bathy_extrap_only",255.871177148342,7.89171281212475e-06
"species_4_bathy_extrap_only",256.437023113251,7.89171281212475e-06
"species_4_bathy_extrap_only",257.002869078159,7.89171281212475e-06
"species_4_bathy_extrap_only",257.568715043068,7.89171281212475e-06
"species_4_bathy_extrap_only",258.134561007977,7.89171281212475e-06
"species_4_bathy_extrap_only",258.700406972885,7.89171281212475e-06
"species_4_bathy_extrap_only",259.266252937794,7.89171281212475e-06
"species_4_bathy_extrap_only",259.832098902702,7.89171281212475e-06
"species_4_bathy_extrap_only",260.397944867611,7.89171281212475e-06
"species_4_bathy_extrap",-22.525037586689,0.539371311664581
"species_4_bathy_extrap",-21.9591916217804,0.539371311664581
"species_4_bathy_extrap",-21.3933456568718,0.539371311664581
"species_4_bathy_extrap",-20.8274996919632,0.539371311664581
"species_4_bathy_extrap",-20.2616537270546,0.539371311664581
"species_4_bathy_extrap",-19.695807762146,0.539371311664581
"species_4_bathy_extrap",-19.1299617972374,0.539371311664581
"species_4_bathy_extrap",-18.5641158323288,0.539371311664581
"species_4_bathy_extrap",-17.9982698674202,0.539371311664581
"species_4_bathy_extrap",-17.4324239025116,0.539371311664581
"species_4_bathy_extrap",-16.866577937603,0.539371311664581
"species_4_bathy_extrap",-16.3007319726944,0.539371311664581
"species_4_bathy_extrap",-15.7348860077858,0.539371311664581
"species_4_bathy_extrap",-15.1690400428772,0.539371311664581
"species_4_bathy_extrap",-14.6031940779686,0.539371311664581
"species_4_bathy_extrap",-14.03734811306,0.539371311664581
"species_4_bathy_extrap",-13.4715021481514,0.539371311664581
"species_4_bathy_extrap",-12.9056561832428,0.539371311664581
"species_4_bathy_extrap",-12.3398102183342,0.539371311664581
"species_4_bathy_extrap",-11.7739642534256,0.539371311664581
"species_4_bathy_extrap",-11.208118288517,0.539371311664581
"species_4_bathy_extrap",-10.6422723236084,0.539371311664581
"species_4_bathy_extrap",-10.0764263586998,0.539371311664581
"species_4_bathy_extrap",-9.5105803937912,0.539371311664581
"species_4_bathy_extrap",-8.9447344288826,0.539371311664581
"species_4_bathy_extrap",-8.378888463974,0.539371311664581
"species_4_bathy_extrap",-7.8130424990654,0.539371311664581
"species_4_bathy_extrap",-7.2471965341568,0.539371311664581
"species_4_bathy_extrap",-6.6813505692482,0.539371311664581
"species_4_bathy_extrap",-6.1155046043396,0.539371311664581
"species_4_bathy_extrap",-5.549658639431,0.539371311664581
"species_4_bathy_extrap",-4.9838126745224,0.539371311664581
"species_4_bathy_extrap",-4.4179667096138,0.539371311664581
"species_4_bathy_extrap",-3.8521207447052,0.539371311664581
"species_4_bathy_extrap",-3.2862747797966,0.539371311664581
"species_4_bathy_extrap",-2.720428814888,0.539371311664581
"species_4_bathy_extrap",-2.1545828499794,0.539371311664581
"species_4_bathy_extrap",-1.5887368850708,0.539371311664581
"species_4_bathy_extrap",-1.0228909201622,0.539371311664581
"species_4_bathy_extrap",-0.457044955253604,0.539371311664581
"species_4_bathy_extrap",0.108801009654997,0.539371311664581
"species_4_bathy_extrap",0.674646974563593,0.539371311664581
"species_4_bathy_extrap",1.24049293947219,0.532021105289459
"species_4_bathy_extrap",1.80633890438079,0.509888648986816
"species_4_bathy_extrap",2.3721848692894,0.487701028585434
"species_4_bathy_extrap",2.938030834198,0.465545445680618
"species_4_bathy_extrap",3.5038767991066,0.44350877404213
"species_4_bathy_extrap",4.06972276401519,0.421676188707352
"species_4_bathy_extrap",4.6355687289238,0.400129824876785
"species_4_bathy_extrap",5.2014146938324,0.378947556018829
"species_4_bathy_extrap",5.767260658741,0.358201920986176
"species_4_bathy_extrap",6.3331066236496,0.337959319353104
"species_4_bathy_extrap",6.8989525885582,0.318279057741165
"species_4_bathy_extrap",7.4647985534668,0.299213111400604
"species_4_bathy_extrap",8.0306445183754,0.280805587768555
"species_4_bathy_extrap",8.596490483284,0.263092577457428
"species_4_bathy_extrap",9.1623364481926,0.246102392673492
"species_4_bathy_extrap",9.7281824131012,0.229855537414551
"species_4_bathy_extrap",10.2940283780098,0.214365214109421
"species_4_bathy_extrap",10.8598743429184,0.199637696146965
"species_4_bathy_extrap",11.425720307827,0.185672968626022
"species_4_bathy_extrap",11.9915662727356,0.172465190291405
"species_4_bathy_extrap",12.5574122376442,0.160003527998924
"species_4_bathy_extrap",13.1232582025528,0.148272648453712
"species_4_bathy_extrap",13.6891041674614,0.137253552675247
"species_4_bathy_extrap",14.25495013237,0.12692403793335
"species_4_bathy_extrap",14.8207960972786,0.118283875286579
"species_4_bathy_extrap",15.3866420621872,0.111961171030998
"species_4_bathy_extrap",15.9524880270958,0.105931647121906
"species_4_bathy_extrap",16.5183339920044,0.1001842841506
"species_4_bathy_extrap",17.084179956913,0.0951383784413338
"species_4_bathy_extrap",17.6500259218216,0.0922045856714249
"species_4_bathy_extrap",18.2158718867302,0.0914275124669075
"species_4_bathy_extrap",18.7817178516388,0.0906509235501289
"species_4_bathy_extrap",19.3475638165474,0.0898749083280563
"species_4_bathy_extrap",19.913409781456,0.089099571108818
"species_4_bathy_extrap",20.4792557463646,0.0883249863982201
"species_4_bathy_extrap",21.0451017112732,0.0875512585043907
"species_4_bathy_extrap",21.6109476761818,0.0867784544825554
"species_4_bathy_extrap",22.1767936410904,0.0860066786408424
"species_4_bathy_extrap",22.742639605999,0.0852360129356384
"species_4_bathy_extrap",23.3084855709076,0.0844665393233299
"species_4_bathy_extrap",23.8743315358162,0.0836983472108841
"species_4_bathy_extrap",24.4401775007248,0.0829315185546875
"species_4_bathy_extrap",25.0060234656334,0.0821661427617073
"species_4_bathy_extrap",25.571869430542,0.0814023017883301
"species_4_bathy_extrap",26.1377153954506,0.0806400701403618
"species_4_bathy_extrap",26.7035613603592,0.0798795446753502
"species_4_bathy_extrap",27.2694073252678,0.0791207849979401
"species_4_bathy_extrap",27.8352532901764,0.0783638879656792
"species_4_bathy_extrap",28.401099255085,0.0776089206337929
"species_4_bathy_extrap",28.9669452199936,0.0768559724092484
"species_4_bathy_extrap",29.5327911849022,0.0761051177978516
"species_4_bathy_extrap",30.0986371498108,0.0753564238548279
"species_4_bathy_extrap",30.6644831147194,0.0746099725365639
"species_4_bathy_extrap",31.230329079628,0.0738658383488655
"species_4_bathy_extrap",31.7961750445366,0.0731240957975388
"species_4_bathy_extrap",32.3620210094452,0.072384811937809
"species_4_bathy_extrap",32.9278669743538,0.0716480687260628
"species_4_bathy_extrap",33.4937129392624,0.0709139257669449
"species_4_bathy_extrap",34.059558904171,0.0701824575662613
"species_4_bathy_extrap",34.6254048690796,0.0694537311792374
"species_4_bathy_extrap",35.1912508339882,0.0687278211116791
"species_4_bathy_extrap",35.7570967988968,0.0680047795176506
"species_4_bathy_extrap",36.3229427638054,0.0672846734523773
"species_4_bathy_extrap",36.888788728714,0.0665675774216652
"species_4_bathy_extrap",37.4546346936226,0.0658535584807396
"species_4_bathy_extrap",38.0204806585312,0.0651426613330841
"species_4_bathy_extrap",38.5863266234398,0.0644349530339241
"species_4_bathy_extrap",39.1521725883484,0.063730500638485
"species_4_bathy_extrap",39.718018553257,0.0630293563008308
"species_4_bathy_extrap",40.2838645181656,0.0623315833508968
"species_4_bathy_extrap",40.8497104830742,0.0616372264921665
"species_4_bathy_extrap",41.4155564479828,0.060946349054575
"species_4_bathy_extrap",41.9814024128914,0.0602590069174767
"species_4_bathy_extrap",42.5472483778,0.0595752522349358
"species_4_bathy_extrap",43.1130943427086,0.0588951334357262
"species_4_bathy_extrap",43.6789403076172,0.0582186989486217
"species_4_bathy_extrap",44.2447862725258,0.057546004652977
"species_4_bathy_extrap",44.8106322374344,0.0568770952522755
"species_4_bathy_extrap",45.376478202343,0.0562120154500008
"species_4_bathy_extrap",45.9423241672516,0.0555508136749268
"species_4_bathy_extrap",46.5081701321602,0.0548935383558273
"species_4_bathy_extrap",47.0740160970688,0.0542402267456055
"species_4_bathy_extrap",47.6398620619774,0.0535909235477448
"species_4_bathy_extrap",48.205708026886,0.0529456697404385
"species_4_bathy_extrap",48.7715539917946,0.0523045025765896
"species_4_bathy_extrap",49.3373999567032,0.0516674667596817
"species_4_bathy_extrap",49.9032459216118,0.0510345920920372
"species_4_bathy_extrap",50.4690918865204,0.0504059158265591
"species_4_bathy_extrap",51.034937851429,0.0497814789414406
"species_4_bathy_extrap",51.6007838163376,0.0491613112390041
"species_4_bathy_extrap",52.1666297812462,0.0485454462468624
"species_4_bathy_extrap",52.7324757461548,0.0479339137673378
"species_4_bathy_extrap",53.2983217110634,0.0473267436027527
"species_4_bathy_extrap",53.864167675972,0.0467239655554295
"species_4_bathy_extrap",54.4300136408806,0.0461256094276905
"species_4_bathy_extrap",54.9958596057892,0.0455316938459873
"species_4_bathy_extrap",55.5617055706978,0.0449422560632229
"species_4_bathy_extrap",56.1275515356064,0.0443573147058487
"species_4_bathy_extrap",56.693397500515,0.0437768884003162
"species_4_bathy_extrap",57.2592434654236,0.0432010069489479
"species_4_bathy_extrap",57.8250894303322,0.0426296852529049
"species_4_bathy_extrap",58.3909353952408,0.0420629419386387
"species_4_bathy_extrap",58.9567813601494,0.0415008030831814
"species_4_bathy_extrap",59.522627325058,0.0409432724118233
"species_4_bathy_extrap",60.0884732899666,0.0403903797268867
"species_4_bathy_extrap",60.6543192548752,0.0398421324789524
"species_4_bathy_extrap",61.2201652197838,0.0392985455691814
"species_4_bathy_extrap",61.7860111846924,0.038759633898735
"species_4_bathy_extrap",62.351857149601,0.0382254049181938
"species_4_bathy_extrap",62.9177031145096,0.037695873528719
"species_4_bathy_extrap",63.4835490794182,0.037171047180891
"species_4_bathy_extrap",64.0493950443268,0.0366509333252907
"species_4_bathy_extrap",64.6152410092354,0.0361355356872082
"species_4_bathy_extrap",65.181086974144,0.035624872893095
"species_4_bathy_extrap",65.7469329390526,0.0351189337670803
"species_4_bathy_extrap",66.3127789039612,0.0346177294850349
"species_4_bathy_extrap",66.8786248688698,0.0341212712228298
"species_4_bathy_extrap",67.4444708337784,0.0336295440793037
"species_4_bathy_extrap",68.010316798687,0.0331425666809082
"species_4_bathy_extrap",68.5761627635956,0.032660324126482
"species_4_bathy_extrap",69.1420087285042,0.0321828313171864
"species_4_bathy_extrap",69.7078546934128,0.0317100659012794
"species_4_bathy_extrap",70.2737006583214,0.0312420465052128
"species_4_bathy_extrap",70.83954662323,0.0307787507772446
"species_4_bathy_extrap",71.4053925881386,0.0303201824426651
"species_4_bathy_extrap",71.9712385530472,0.0298663415014744
"species_4_bathy_extrap",72.5370845179558,0.0294172074645758
"species_4_bathy_extrap",73.1029304828644,0.0289727877825499
"species_4_bathy_extrap",73.668776447773,0.0285330619663
"species_4_bathy_extrap",74.2346224126816,0.0280980300158262
"species_4_bathy_extrap",74.8004683775902,0.027667673304677
"species_4_bathy_extrap",75.3663143424988,0.0272419843822718
"species_4_bathy_extrap",75.9321603074074,0.026820957660675
"species_4_bathy_extrap",76.498006272316,0.0264045707881451
"species_4_bathy_extrap",77.0638522372246,0.0259928200393915
"species_4_bathy_extrap",77.6296982021332,0.0255856793373823
"species_4_bathy_extrap",78.1955441670418,0.0251831486821175
"species_4_bathy_extrap",78.7613901319504,0.0247851982712746
"species_4_bathy_extrap",79.327236096859,0.0243918243795633
"species_4_bathy_extrap",79.8930820617676,0.0240029972046614
"species_4_bathy_extrap",80.4589280266762,0.0236187055706978
"species_4_bathy_extrap",81.0247739915848,0.0232389383018017
"species_4_bathy_extrap",81.5906199564934,0.0228636618703604
"species_4_bathy_extrap",82.156465921402,0.0224928706884384
"species_4_bathy_extrap",82.7223118863106,0.0221265312284231
"species_4_bathy_extrap",83.2881578512192,0.0217646360397339
"species_4_bathy_extrap",83.8540038161278,0.0214071497321129
"species_4_bathy_extrap",84.4198497810364,0.0210540574043989
"species_4_bathy_extrap",84.985695745945,0.0207053404301405
"species_4_bathy_extrap",85.5515417108536,0.0203609671443701
"species_4_bathy_extrap",86.1173876757622,0.0200209226459265
"species_4_bathy_extrap",86.6832336406708,0.0196851715445518
"species_4_bathy_extrap",87.2490796055794,0.0193537008017302
"species_4_bathy_extrap",87.814925570488,0.0190264731645584
"species_4_bathy_extrap",88.3807715353966,0.0187034737318754
"species_4_bathy_extrap",88.9466175003052,0.0183846671134233
"species_4_bathy_extrap",89.5124634652138,0.0180700309574604
"species_4_bathy_extrap",90.0783094301224,0.0177595429122448
"species_4_bathy_extrap",90.644155395031,0.0174531657248735
"species_4_bathy_extrap",91.2100013599396,0.01715087890625
"species_4_bathy_extrap",91.7758473248482,0.0168526489287615
"species_4_bathy_extrap",92.3416932897568,0.0165584534406662
"species_4_bathy_extrap",92.9075392546654,0.016268253326416
"species_4_bathy_extrap",93.473385219574,0.0159820262342691
"species_4_bathy_extrap",94.0392311844826,0.0156997460871935
"species_4_bathy_extrap",94.6050771493912,0.0154213719069958
"species_4_bathy_extrap",95.1709231142998,0.0151468841359019
"species_4_bathy_extrap",95.7367690792084,0.0148762436583638
"species_4_bathy_extrap",96.302615044117,0.0146094262599945
"species_4_bathy_extrap",96.8684610090256,0.0143463937565684
"species_4_bathy_extrap",97.4343069739342,0.0140871219336987
"species_4_bathy_extrap",98.0001529388428,0.013831571675837
"species_4_bathy_extrap",98.5659989037514,0.0135797150433064
"species_4_bathy_extrap",99.13184486866,0.0133315231651068
"species_4_bathy_extrap",99.6976908335686,0.0130869569256902
"species_4_bathy_extrap",100.263536798477,0.0128459902480245
"species_4_bathy_extrap",100.829382763386,0.0126085840165615
"species_4_bathy_extrap",101.395228728294,0.0123747112229466
"species_4_bathy_extrap",101.961074693203,0.0121443346142769
"species_4_bathy_extrap",102.526920658112,0.0119174215942621
"species_4_bathy_extrap",103.09276662302,0.0116939432919025
"species_4_bathy_extrap",103.658612587929,0.01147386059165
"species_4_bathy_extrap",104.224458552837,0.0112571455538273
"species_4_bathy_extrap",104.790304517746,0.0110437590628862
"species_4_bathy_extrap",105.356150482655,0.0108336731791496
"species_4_bathy_extrap",105.921996447563,0.0106268487870693
"species_4_bathy_extrap",106.487842412472,0.0104232570156455
"species_4_bathy_extrap",107.05368837738,0.01022285874933
"species_4_bathy_extrap",107.619534342289,0.0100256241858006
"species_4_bathy_extrap",108.185380307198,0.00983152072876692
"species_4_bathy_extrap",108.751226272106,0.00964051019400358
"species_4_bathy_extrap",109.317072237015,0.00945256277918816
"species_4_bathy_extrap",109.882918201923,0.00926764123141766
"species_4_bathy_extrap",110.448764166832,0.00908571667969227
"species_4_bathy_extrap",111.014610131741,0.00890674907714128
"species_4_bathy_extrap",111.580456096649,0.00873070862144232
"species_4_bathy_extrap",112.146302061558,0.00855756271630526
"species_4_bathy_extrap",112.712148026466,0.00838727410882711
"species_4_bathy_extrap",113.277993991375,0.00821981392800808
"species_4_bathy_extrap",113.843839956284,0.00805514398962259
"species_4_bathy_extrap",114.409685921192,0.00789323449134827
"species_4_bathy_extrap",114.975531886101,0.00773404911160469
"species_4_bathy_extrap",115.541377851009,0.00757755851373076
"species_4_bathy_extrap",116.107223815918,0.00742372497916222
"species_4_bathy_extrap",116.673069780827,0.00727251823991537
"species_4_bathy_extrap",117.238915745735,0.00712390709668398
"species_4_bathy_extrap",117.804761710644,0.00697785522788763
"species_4_bathy_extrap",118.370607675552,0.00683433376252651
"species_4_bathy_extrap",118.936453640461,0.00669330637902021
"species_4_bathy_extrap",119.50229960537,0.00655474467203021
"species_4_bathy_extrap",120.068145570278,0.00641861278563738
"species_4_bathy_extrap",120.633991535187,0.00628488045185804
"species_4_bathy_extrap",121.199837500095,0.0061535183340311
"species_4_bathy_extrap",121.765683465004,0.00602449057623744
"species_4_bathy_extrap",122.331529429913,0.00589776923879981
"species_4_bathy_extrap",122.897375394821,0.00577331986278296
"species_4_bathy_extrap",123.46322135973,0.00565111450850964
"species_4_bathy_extrap",124.029067324638,0.00553111964836717
"species_4_bathy_extrap",124.594913289547,0.00541330687701702
"species_4_bathy_extrap",125.160759254456,0.0052976431325078
"species_4_bathy_extrap",125.726605219364,0.00518409954383969
"species_4_bathy_extrap",126.292451184273,0.00507264770567417
"species_4_bathy_extrap",126.858297149181,0.00496325455605984
"species_4_bathy_extrap",127.42414311409,0.00485589355230331
"species_4_bathy_extrap",127.989989078999,0.00475053209811449
"species_4_bathy_extrap",128.555835043907,0.00464714458212256
"species_4_bathy_extrap",129.121681008816,0.00454569980502129
"species_4_bathy_extrap",129.687526973724,0.00444616656750441
"species_4_bathy_extrap",130.253372938633,0.00434852158650756
"species_4_bathy_extrap",130.819218903542,0.00425273459404707
"species_4_bathy_extrap",131.38506486845,0.00415877439081669
"species_4_bathy_extrap",131.950910833359,0.00406661862507463
"species_4_bathy_extrap",132.516756798267,0.0039762370288372
"species_4_bathy_extrap",133.082602763176,0.00388760236091912
"species_4_bathy_extrap",133.648448728085,0.00380068528465927
"species_4_bathy_extrap",134.214294692993,0.00371546391397715
"species_4_bathy_extrap",134.780140657902,0.00363190891221166
"species_4_bathy_extrap",135.34598662281,0.00354999210685492
"species_4_bathy_extrap",135.911832587719,0.00346969161182642
"species_4_bathy_extrap",136.477678552628,0.00339097995311022
"species_4_bathy_extrap",137.043524517536,0.00331383128650486
"species_4_bathy_extrap",137.609370482445,0.00323821837082505
"species_4_bathy_extrap",138.175216447353,0.0031641204841435
"species_4_bathy_extrap",138.741062412262,0.00309151061810553
"species_4_bathy_extrap",139.306908377171,0.00302036269567907
"species_4_bathy_extrap",139.872754342079,0.00295065622776747
"species_4_bathy_extrap",140.438600306988,0.00288236513733864
"species_4_bathy_extrap",141.004446271896,0.00281546637415886
"species_4_bathy_extrap",141.570292236805,0.00274993409402668
"species_4_bathy_extrap",142.136138201714,0.00268574920482934
"species_4_bathy_extrap",142.701984166622,0.00262288679368794
"species_4_bathy_extrap",143.267830131531,0.0025613228790462
"species_4_bathy_extrap",143.833676096439,0.00250103836879134
"species_4_bathy_extrap",144.399522061348,0.00244200951419771
"species_4_bathy_extrap",144.965368026257,0.00238421442918479
"species_4_bathy_extrap",145.531213991165,0.00232763006351888
"species_4_bathy_extrap",146.097059956074,0.00227223848924041
"species_4_bathy_extrap",146.662905920982,0.00221801712177694
"species_4_bathy_extrap",147.228751885891,0.00216494500637054
"species_4_bathy_extrap",147.7945978508,0.00211300048977137
"species_4_bathy_extrap",148.360443815708,0.00206216587685049
"species_4_bathy_extrap",148.926289780617,0.00201242021284997
"species_4_bathy_extrap",149.492135745525,0.0019637425430119
"species_4_bathy_extrap",150.057981710434,0.00191611563786864
"species_4_bathy_extrap",150.623827675343,0.00186951935756952
"species_4_bathy_extrap",151.189673640251,0.00182393484283239
"species_4_bathy_extrap",151.75551960516,0.0017793420702219
"species_4_bathy_extrap",152.321365570068,0.00173572509083897
"species_4_bathy_extrap",152.887211534977,0.00169306469615549
"species_4_bathy_extrap",153.453057499886,0.001651341910474
"species_4_bathy_extrap",154.018903464794,0.00161054113414139
"species_4_bathy_extrap",154.584749429703,0.00157064408995211
"species_4_bathy_extrap",155.150595394611,0.00153163366485387
"species_4_bathy_extrap",155.71644135952,0.00149349181447178
"species_4_bathy_extrap",156.282287324429,0.00145620398689061
"species_4_bathy_extrap",156.848133289337,0.00141975283622742
"species_4_bathy_extrap",157.413979254246,0.00138412124942988
"species_4_bathy_extrap",157.979825219154,0.00134929525665939
"species_4_bathy_extrap",158.545671184063,0.00131525821052492
"species_4_bathy_extrap",159.111517148972,0.00128199474420398
"species_4_bathy_extrap",159.67736311388,0.00124948879238218
"species_4_bathy_extrap",160.243209078789,0.00121772708371282
"species_4_bathy_extrap",160.809055043697,0.00118669401854277
"species_4_bathy_extrap",161.374901008606,0.00115637434646487
"species_4_bathy_extrap",161.940746973515,0.00112675549462438
"species_4_bathy_extrap",162.506592938423,0.00109782244544476
"species_4_bathy_extrap",163.072438903332,0.00106956157833338
"species_4_bathy_extrap",163.63828486824,0.00104195834137499
"species_4_bathy_extrap",164.204130833149,0.00101500109303743
"species_4_bathy_extrap",164.769976798058,0.000988675747066736
"species_4_bathy_extrap",165.335822762966,0.000962969439569861
"species_4_bathy_extrap",165.901668727875,0.000937868724577129
"species_4_bathy_extrap",166.467514692783,0.000913362542632967
"species_4_bathy_extrap",167.033360657692,0.000889437855221331
"species_4_bathy_extrap",167.599206622601,0.00086608191486448
"species_4_bathy_extrap",168.165052587509,0.000843284127768129
"species_4_bathy_extrap",168.730898552418,0.000821032095700502
"species_4_bathy_extrap",169.296744517326,0.000799314409960061
"species_4_bathy_extrap",169.862590482235,0.00077811919618398
"species_4_bathy_extrap",170.428436447144,0.000757436500862241
"species_4_bathy_extrap",170.994282412052,0.000737254857085645
"species_4_bathy_extrap",171.560128376961,0.000717562972567976
"species_4_bathy_extrap",172.125974341869,0.000698351475875825
"species_4_bathy_extrap",172.691820306778,0.00067960936576128
"species_4_bathy_extrap",173.257666271687,0.000661326630506665
"species_4_bathy_extrap",173.823512236595,0.000643492734525353
"species_4_bathy_extrap",174.389358201504,0.000626098888460547
"species_4_bathy_extrap",174.955204166412,0.000609135022386909
"species_4_bathy_extrap",175.521050131321,0.000592591241002083
"species_4_bathy_extrap",176.08689609623,0.000576459104195237
"species_4_bathy_extrap",176.652742061138,0.000560729182325304
"species_4_bathy_extrap",177.218588026047,0.00054539245320484
"species_4_bathy_extrap",177.784433990955,0.000530439836438745
"species_4_bathy_extrap",178.350279955864,0.000515863532200456
"species_4_bathy_extrap",178.916125920773,0.000501654692925513
"species_4_bathy_extrap",179.481971885681,0.000487804703880101
"species_4_bathy_extrap",180.04781785059,0.000474306172691286
"species_4_bathy_extrap",180.613663815498,0.000461150746559724
"species_4_bathy_extrap",181.179509780407,0.000448330654762685
"species_4_bathy_extrap",181.745355745316,0.000435837893746793
"species_4_bathy_extrap",182.311201710224,0.000423665653215721
"species_4_bathy_extrap",182.877047675133,0.000411806249758229
"species_4_bathy_extrap",183.442893640041,0.000400252407416701
"species_4_bathy_extrap",184.00873960495,0.000388996821129695
"species_4_bathy_extrap",184.574585569859,0.000378033146262169
"species_4_bathy_extrap",185.140431534767,0.000367354281479493
"species_4_bathy_extrap",185.706277499676,0.000356953270966187
"species_4_bathy_extrap",186.272123464584,0.000346824206644669
"species_4_bathy_extrap",186.837969429493,0.000336960336426273
"species_4_bathy_extrap",187.403815394402,0.000327355490298942
"species_4_bathy_extrap",187.96966135931,0.000318003207212314
"species_4_bathy_extrap",188.535507324219,0.000308898044750094
"species_4_bathy_extrap",189.101353289127,0.000300033803796396
"species_4_bathy_extrap",189.667199254036,0.000291404547169805
"species_4_bathy_extrap",190.233045218945,0.000283005065284669
"species_4_bathy_extrap",190.798891183853,0.00027482959558256
"species_4_bathy_extrap",191.364737148762,0.000266872753854841
"species_4_bathy_extrap",191.93058311367,0.000259129010373726
"species_4_bathy_extrap",192.496429078579,0.000251593621214852
"species_4_bathy_extrap",193.062275043488,0.000244261289481074
"species_4_bathy_extrap",193.628121008396,0.000237126849242486
"species_4_bathy_extrap",194.193966973305,0.000230185847613029
"species_4_bathy_extrap",194.759812938213,0.000223433307837695
"species_4_bathy_extrap",195.325658903122,0.000216864602407441
"species_4_bathy_extrap",195.891504868031,0.000210475001949817
"species_4_bathy_extrap",196.457350832939,0.000204260388272814
"species_4_bathy_extrap",197.023196797848,0.000198216235730797
"species_4_bathy_extrap",197.589042762756,0.000192338135093451
"species_4_bathy_extrap",198.154888727665,0.000186622230103239
"species_4_bathy_extrap",198.720734692574,0.000181064286152832
"species_4_bathy_extrap",199.286580657482,0.000175660316017456
"species_4_bathy_extrap",199.852426622391,0.000170406288816594
"species_4_bathy_extrap",200.418272587299,0.000165298682986759
"species_4_bathy_extrap",200.984118552208,0.000160333627718501
"species_4_bathy_extrap",201.549964517117,0.000155507499584928
"species_4_bathy_extrap",202.115810482025,0.000150816587847658
"species_4_bathy_extrap",202.681656446934,0.000146257691085339
"species_4_bathy_extrap",203.247502411842,0.000141827287734486
"species_4_bathy_extrap",203.813348376751,0.000137521928991191
"species_4_bathy_extrap",204.37919434166,0.000133338631712832
"species_4_bathy_extrap",204.945040306568,0.000129274078062735
"species_4_bathy_extrap",205.510886271477,0.00012532519758679
"species_4_bathy_extrap",206.076732236385,0.000121488847071305
"species_4_bathy_extrap",206.642578201294,0.000117762305308133
"species_4_bathy_extrap",207.208424166203,0.00011414256732678
"species_4_bathy_extrap",207.774270131111,0.000110626730020158
"species_4_bathy_extrap",208.34011609602,0.000107212239527144
"species_4_bathy_extrap",208.905962060928,0.000103896316431928
"species_4_bathy_extrap",209.471808025837,0.000100676334113814
"species_4_bathy_extrap",210.037653990746,9.75496586761437e-05
"species_4_bathy_extrap",210.603499955654,9.45139545365237e-05
"species_4_bathy_extrap",211.169345920563,9.15667114895768e-05
"species_4_bathy_extrap",211.735191885471,8.87054702616297e-05
"species_4_bathy_extrap",212.30103785038,8.59280698932707e-05
"species_4_bathy_extrap",212.866883815289,8.32321602501906e-05
"species_4_bathy_extrap",213.432729780197,8.06155439931899e-05
"species_4_bathy_extrap",213.998575745106,7.8075987403281e-05
"species_4_bathy_extrap",214.564421710014,7.56115405238234e-05
"species_4_bathy_extrap",215.130267674923,7.32200714992359e-05
"species_4_bathy_extrap",215.696113639832,7.0899521233514e-05
"species_4_bathy_extrap",216.26195960474,6.86480707372539e-05
"species_4_bathy_extrap",216.827805569649,6.64637555018999e-05
"species_4_bathy_extrap",217.393651534557,6.43447128823027e-05
"species_4_bathy_extrap",217.959497499466,6.22890947852284e-05
"species_4_bathy_extrap",218.525343464375,6.02952350163832e-05
"species_4_bathy_extrap",219.091189429283,5.83613727940246e-05
"species_4_bathy_extrap",219.657035394192,5.64858237339649e-05
"species_4_bathy_extrap",220.2228813591,5.46669143659528e-05
"species_4_bathy_extrap",220.788727324009,5.29031494806986e-05
"species_4_bathy_extrap",221.354573288918,5.1192932005506e-05
"species_4_bathy_extrap",221.920419253826,4.95347048854455e-05
"species_4_bathy_extrap",222.486265218735,4.79270856885705e-05
"species_4_bathy_extrap",223.052111183643,4.63686010334641e-05
"species_4_bathy_extrap",223.617957148552,4.48578466603067e-05
"species_4_bathy_extrap",224.183803113461,4.33934292232152e-05
"species_4_bathy_extrap",224.749649078369,4.19741045334376e-05
"species_4_bathy_extrap",225.315495043278,4.05985374527518e-05
"species_4_bathy_extrap",225.881341008186,3.92654364986811e-05
"species_4_bathy_extrap",226.447186973095,3.79736520699225e-05
"species_4_bathy_extrap",227.013032938004,3.67219581676181e-05
"species_4_bathy_extrap",227.578878902912,3.55091906385496e-05
"species_4_bathy_extrap",228.144724867821,3.43341889674775e-05
"species_4_bathy_extrap",228.710570832729,3.31959236063994e-05
"species_4_bathy_extrap",229.276416797638,3.2093288609758e-05
"species_4_bathy_extrap",229.842262762547,3.10252107738052e-05
"species_4_bathy_extrap",230.408108727455,2.99907424050616e-05
"species_4_bathy_extrap",230.973954692364,2.8988863050472e-05
"species_4_bathy_extrap",231.539800657272,2.80186141026206e-05
"species_4_bathy_extrap",232.105646622181,2.70790369540919e-05
"species_4_bathy_extrap",232.67149258709,2.61692748608766e-05
"species_4_bathy_extrap",233.237338551998,2.52884183282731e-05
"species_4_bathy_extrap",233.803184516907,2.44355851464206e-05
"species_4_bathy_extrap",234.369030481815,2.36099876929075e-05
"species_4_bathy_extrap",234.934876446724,2.28107855946291e-05
"species_4_bathy_extrap",235.500722411633,2.20371912291739e-05
"species_4_bathy_extrap",236.066568376541,2.12884169741301e-05
"species_4_bathy_extrap",236.63241434145,2.05637534236303e-05
"species_4_bathy_extrap",237.198260306358,2.03274248633534e-05
"species_4_bathy_extrap",237.764106271267,2.03274248633534e-05
"species_4_bathy_extrap",238.329952236176,2.03274248633534e-05
"species_4_bathy_extrap",238.895798201084,2.03274248633534e-05
"species_4_bathy_extrap",239.461644165993,2.03274248633534e-05
"species_4_bathy_extrap",240.027490130901,2.03274248633534e-05
"species_4_bathy_extrap",240.59333609581,2.03274248633534e-05
"species_4_bathy_extrap",241.159182060719,2.03274248633534e-05
"species_4_bathy_extrap",241.725028025627,2.03274248633534e-05
"species_4_bathy_extrap",242.290873990536,2.03274248633534e-05
"species_4_bathy_extrap",242.856719955444,2.03274248633534e-05
"species_4_bathy_extrap",243.422565920353,2.03274248633534e-05
"species_4_bathy_extrap",243.988411885262,2.03274248633534e-05
"species_4_bathy_extrap",244.55425785017,2.03274248633534e-05
"species_4_bathy_extrap",245.120103815079,2.03274248633534e-05
"species_4_bathy_extrap",245.685949779987,2.03274248633534e-05
"species_4_bathy_extrap",246.251795744896,2.03274248633534e-05
"species_4_bathy_extrap",246.817641709805,2.03274248633534e-05
"species_4_bathy_extrap",247.383487674713,2.03274248633534e-05
"species_4_bathy_extrap",247.949333639622,2.03274248633534e-05
"species_4_bathy_extrap",248.51517960453,2.03274248633534e-05
"species_4_bathy_extrap",249.081025569439,2.03274248633534e-05
"species_4_bathy_extrap",249.646871534348,2.03274248633534e-05
"species_4_bathy_extrap",250.212717499256,2.03274248633534e-05
"species_4_bathy_extrap",250.778563464165,2.03274248633534e-05
"species_4_bathy_extrap",251.344409429073,2.03274248633534e-05
"species_4_bathy_extrap",251.910255393982,2.03274248633534e-05
"species_4_bathy_extrap",252.476101358891,2.03274248633534e-05
"species_4_bathy_extrap",253.041947323799,2.03274248633534e-05
"species_4_bathy_extrap",253.607793288708,2.03274248633534e-05
"species_4_bathy_extrap",254.173639253616,2.03274248633534e-05
"species_4_bathy_extrap",254.739485218525,2.03274248633534e-05
"species_4_bathy_extrap",255.305331183434,2.03274248633534e-05
"species_4_bathy_extrap",255.871177148342,2.03274248633534e-05
"species_4_bathy_extrap",256.437023113251,2.03274248633534e-05
"species_4_bathy_extrap",257.002869078159,2.03274248633534e-05
"species_4_bathy_extrap",257.568715043068,2.03274248633534e-05
"species_4_bathy_extrap",258.134561007977,2.03274248633534e-05
"species_4_bathy_extrap",258.700406972885,2.03274248633534e-05
"species_4_bathy_extrap",259.266252937794,2.03274248633534e-05
"species_4_bathy_extrap",259.832098902702,2.03274248633534e-05
"species_4_bathy_extrap",260.397944867611,2.03274248633534e-05
"species_4_fetch_only",-7213.11907348633,0.909602701663971
"species_4_fetch_only",-7024.74874550781,0.909602701663971
"species_4_fetch_only",-6836.3784175293,0.909602701663971
"species_4_fetch_only",-6648.00808955078,0.909602701663971
"species_4_fetch_only",-6459.63776157227,0.909602701663971
"species_4_fetch_only",-6271.26743359375,0.909602701663971
"species_4_fetch_only",-6082.89710561523,0.909602701663971
"species_4_fetch_only",-5894.52677763672,0.909602701663971
"species_4_fetch_only",-5706.1564496582,0.909602701663971
"species_4_fetch_only",-5517.78612167969,0.909602701663971
"species_4_fetch_only",-5329.41579370117,0.909602701663971
"species_4_fetch_only",-5141.04546572266,0.909602701663971
"species_4_fetch_only",-4952.67513774414,0.909602701663971
"species_4_fetch_only",-4764.30480976562,0.909602701663971
"species_4_fetch_only",-4575.93448178711,0.909602701663971
"species_4_fetch_only",-4387.56415380859,0.909602701663971
"species_4_fetch_only",-4199.19382583008,0.909602701663971
"species_4_fetch_only",-4010.82349785156,0.909602701663971
"species_4_fetch_only",-3822.45316987305,0.909602701663971
"species_4_fetch_only",-3634.08284189453,0.909602701663971
"species_4_fetch_only",-3445.71251391602,0.909602701663971
"species_4_fetch_only",-3257.3421859375,0.909602701663971
"species_4_fetch_only",-3068.97185795898,0.909602701663971
"species_4_fetch_only",-2880.60152998047,0.909602701663971
"species_4_fetch_only",-2692.23120200195,0.909602701663971
"species_4_fetch_only",-2503.86087402344,0.909602701663971
"species_4_fetch_only",-2315.49054604492,0.909602701663971
"species_4_fetch_only",-2127.12021806641,0.909602701663971
"species_4_fetch_only",-1938.74989008789,0.909602701663971
"species_4_fetch_only",-1750.37956210938,0.909602701663971
"species_4_fetch_only",-1562.00923413086,0.909602701663971
"species_4_fetch_only",-1373.63890615234,0.909602701663971
"species_4_fetch_only",-1185.26857817383,0.909602701663971
"species_4_fetch_only",-996.898250195311,0.909602701663971
"species_4_fetch_only",-808.527922216796,0.909602701663971
"species_4_fetch_only",-620.157594238281,0.909602701663971
"species_4_fetch_only",-431.787266259766,0.909602701663971
"species_4_fetch_only",-243.41693828125,0.909602701663971
"species_4_fetch_only",-55.0466103027338,0.909602701663971
"species_4_fetch_only",133.323717675781,0.909602701663971
"species_4_fetch_only",321.694045654297,0.909602701663971
"species_4_fetch_only",510.064373632814,0.909602701663971
"species_4_fetch_only",698.434701611329,0.952280819416046
"species_4_fetch_only",886.805029589845,0.948785185813904
"species_4_fetch_only",1075.17535756836,0.943030834197998
"species_4_fetch_only",1263.54568554688,0.936669230461121
"species_4_fetch_only",1451.91601352539,0.929645895957947
"species_4_fetch_only",1640.28634150391,0.921903848648071
"species_4_fetch_only",1828.65666948242,0.913384020328522
"species_4_fetch_only",2017.02699746094,0.904025733470917
"species_4_fetch_only",2205.39732543946,0.893767774105072
"species_4_fetch_only",2393.76765341797,0.882548928260803
"species_4_fetch_only",2582.13798139648,0.870309829711914
"species_4_fetch_only",2770.508309375,0.856993854045868
"species_4_fetch_only",2958.87863735352,0.842549264431
"species_4_fetch_only",3147.24896533203,0.82693088054657
"species_4_fetch_only",3335.61929331055,0.81010228395462
"species_4_fetch_only",3523.98962128906,0.792037963867188
"species_4_fetch_only",3712.35994926758,0.772725701332092
"species_4_fetch_only",3900.7302772461,0.752168953418732
"species_4_fetch_only",4089.10060522461,0.730388522148132
"species_4_fetch_only",4277.47093320313,0.707424879074097
"species_4_fetch_only",4465.84126118164,0.683338940143585
"species_4_fetch_only",4654.21158916016,0.658213376998901
"species_4_fetch_only",4842.58191713867,0.632151961326599
"species_4_fetch_only",5030.95224511719,0.605279266834259
"species_4_fetch_only",5219.32257309571,0.577738583087921
"species_4_fetch_only",5407.69290107422,0.549689650535583
"species_4_fetch_only",5596.06322905274,0.521304786205292
"species_4_fetch_only",5784.43355703125,0.492765128612518
"species_4_fetch_only",5972.80388500977,0.464256256818771
"species_4_fetch_only",6161.17421298828,0.435962796211243
"species_4_fetch_only",6349.5445409668,0.411049753427505
"species_4_fetch_only",6537.91486894531,0.388796925544739
"species_4_fetch_only",6726.28519692383,0.368153601884842
"species_4_fetch_only",6914.65552490235,0.351610511541367
"species_4_fetch_only",7103.02585288086,0.33730536699295
"species_4_fetch_only",7291.39618085938,0.326591193675995
"species_4_fetch_only",7479.76650883789,0.31604078412056
"species_4_fetch_only",7668.13683681641,0.305809915065765
"species_4_fetch_only",7856.50716479492,0.295938521623611
"species_4_fetch_only",8044.87749277344,0.29168501496315
"species_4_fetch_only",8233.24782075196,0.290946751832962
"species_4_fetch_only",8421.61814873047,0.290346056222916
"species_4_fetch_only",8609.98847670899,0.289732545614242
"species_4_fetch_only",8798.3588046875,0.289106249809265
"species_4_fetch_only",8986.72913266602,0.288467228412628
"species_4_fetch_only",9175.09946064453,0.287815541028976
"species_4_fetch_only",9363.46978862305,0.287151247262955
"species_4_fetch_only",9551.84011660156,0.286474406719208
"species_4_fetch_only",9740.21044458008,0.285785049200058
"species_4_fetch_only",9928.5807725586,0.285083264112473
"species_4_fetch_only",10116.9511005371,0.284369111061096
"species_4_fetch_only",10305.3214285156,0.283642649650574
"species_4_fetch_only",10493.6917564941,0.282903909683228
"species_4_fetch_only",10682.0620844727,0.282153010368347
"species_4_fetch_only",10870.4324124512,0.281389981508255
"species_4_fetch_only",11058.8027404297,0.280614912509918
"species_4_fetch_only",11247.1730684082,0.279827892780304
"species_4_fetch_only",11435.5433963867,0.279028922319412
"species_4_fetch_only",11623.9137243652,0.278218120336533
"species_4_fetch_only",11812.2840523438,0.277395576238632
"species_4_fetch_only",12000.6543803223,0.276561349630356
"species_4_fetch_only",12189.0247083008,0.275715500116348
"species_4_fetch_only",12377.3950362793,0.274858117103577
"species_4_fetch_only",12565.7653642578,0.273989289999008
"species_4_fetch_only",12754.1356922363,0.27310910820961
"species_4_fetch_only",12942.5060202148,0.272217601537704
"species_4_fetch_only",13130.8763481934,0.271314918994904
"species_4_fetch_only",13319.2466761719,0.27040109038353
"species_4_fetch_only",13507.6170041504,0.269476234912872
"species_4_fetch_only",13695.9873321289,0.268540441989899
"species_4_fetch_only",13884.3576601074,0.267593771219254
"species_4_fetch_only",14072.7279880859,0.266636341810226
"species_4_fetch_only",14261.0983160645,0.265668243169785
"species_4_fetch_only",14449.468644043,0.264689564704895
"species_4_fetch_only",14637.8389720215,0.263700395822525
"species_4_fetch_only",14826.2093,0.262700855731964
"species_4_fetch_only",15014.5796279785,0.261691004037857
"species_4_fetch_only",15202.949955957,0.260670959949493
"species_4_fetch_only",15391.3202839355,0.259640842676163
"species_4_fetch_only",15579.6906119141,0.25860071182251
"species_4_fetch_only",15768.0609398926,0.257550716400146
"species_4_fetch_only",15956.4312678711,0.256490916013718
"species_4_fetch_only",16144.8015958496,0.255421459674835
"species_4_fetch_only",16333.1719238281,0.254342436790466
"species_4_fetch_only",16521.5422518066,0.2532539665699
"species_4_fetch_only",16709.9125797852,0.252156138420105
"species_4_fetch_only",16898.2829077637,0.251049071550369
"species_4_fetch_only",17086.6532357422,0.249932900071144
"species_4_fetch_only",17275.0235637207,0.248807713389397
"species_4_fetch_only",17463.3938916992,0.247673630714417
"species_4_fetch_only",17651.7642196777,0.246530801057816
"species_4_fetch_only",17840.1345476562,0.245379313826561
"species_4_fetch_only",18028.5048756348,0.244219288229942
"species_4_fetch_only",18216.8752036133,0.24305085837841
"species_4_fetch_only",18405.2455315918,0.241874143481255
"species_4_fetch_only",18593.6158595703,0.240689277648926
"species_4_fetch_only",18781.9861875488,0.239496365189552
"species_4_fetch_only",18970.3565155273,0.238295555114746
"species_4_fetch_only",19158.7268435059,0.237086966633797
"species_4_fetch_only",19347.0971714844,0.235870733857155
"species_4_fetch_only",19535.4674994629,0.234646990895271
"species_4_fetch_only",19723.8378274414,0.233415842056274
"species_4_fetch_only",19912.2081554199,0.232177451252937
"species_4_fetch_only",20100.5784833984,0.230931967496872
"species_4_fetch_only",20288.948811377,0.229679480195045
"species_4_fetch_only",20477.3191393555,0.228420168161392
"species_4_fetch_only",20665.689467334,0.227154150605202
"species_4_fetch_only",20854.0597953125,0.225881561636925
"species_4_fetch_only",21042.430123291,0.224602565169334
"species_4_fetch_only",21230.8004512695,0.22331728041172
"species_4_fetch_only",21419.170779248,0.222025871276855
"species_4_fetch_only",21607.5411072266,0.220728471875191
"species_4_fetch_only",21795.9114352051,0.219425201416016
"species_4_fetch_only",21984.2817631836,0.218116268515587
"species_4_fetch_only",22172.6520911621,0.216801762580872
"species_4_fetch_only",22361.0224191406,0.215481862425804
"species_4_fetch_only",22549.3927471191,0.214156702160835
"species_4_fetch_only",22737.7630750977,0.212826430797577
"species_4_fetch_only",22926.1334030762,0.211491227149963
"species_4_fetch_only",23114.5037310547,0.210151210427284
"species_4_fetch_only",23302.8740590332,0.208806544542313
"species_4_fetch_only",23491.2443870117,0.207457408308983
"species_4_fetch_only",23679.6147149902,0.206103906035423
"species_4_fetch_only",23867.9850429688,0.204746246337891
"species_4_fetch_only",24056.3553709473,0.203384548425674
"species_4_fetch_only",24244.7256989258,0.202018976211548
"species_4_fetch_only",24433.0960269043,0.200649708509445
"species_4_fetch_only",24621.4663548828,0.199276864528656
"species_4_fetch_only",24809.8366828613,0.197900652885437
"species_4_fetch_only",24998.2070108398,0.196521192789078
"species_4_fetch_only",25186.5773388184,0.195138648152351
"species_4_fetch_only",25374.9476667969,0.193753197789192
"species_4_fetch_only",25563.3179947754,0.192364990711212
"species_4_fetch_only",25751.6883227539,0.190974205732346
"species_4_fetch_only",25940.0586507324,0.189580976963043
"species_4_fetch_only",26128.4289787109,0.188185468316078
"species_4_fetch_only",26316.7993066895,0.186787873506546
"species_4_fetch_only",26505.169634668,0.185388311743736
"species_4_fetch_only",26693.5399626465,0.183986991643906
"species_4_fetch_only",26881.910290625,0.182584047317505
"species_4_fetch_only",27070.2806186035,0.181179642677307
"species_4_fetch_only",27258.650946582,0.179773956537247
"species_4_fetch_only",27447.0212745606,0.178367123007774
"species_4_fetch_only",27635.3916025391,0.176959335803986
"species_4_fetch_only",27823.7619305176,0.175550743937492
"species_4_fetch_only",28012.1322584961,0.173877760767937
"species_4_fetch_only",28200.5025864746,0.172153323888779
"species_4_fetch_only",28388.8729144531,0.170433133840561
"species_4_fetch_only",28577.2432424317,0.168717369437218
"species_4_fetch_only",28765.6135704102,0.167006254196167
"species_4_fetch_only",28953.9838983887,0.165299937129021
"species_4_fetch_only",29142.3542263672,0.163598626852036
"species_4_fetch_only",29330.7245543457,0.161902472376823
"species_4_fetch_only",29519.0948823242,0.16021166741848
"species_4_fetch_only",29707.4652103027,0.158526405692101
"species_4_fetch_only",29895.8355382813,0.156846821308136
"species_4_fetch_only",30084.2058662598,0.155173137784004
"species_4_fetch_only",30272.5761942383,0.153414562344551
"species_4_fetch_only",30460.9465222168,0.15162405371666
"species_4_fetch_only",30649.3168501953,0.149842351675034
"species_4_fetch_only",30837.6871781738,0.148069605231285
"species_4_fetch_only",31026.0575061523,0.14630600810051
"species_4_fetch_only",31214.4278341309,0.144551694393158
"species_4_fetch_only",31402.7981621094,0.142806828022003
"species_4_fetch_only",31591.1684900879,0.141071572899818
"species_4_fetch_only",31779.5388180664,0.139346048235893
"species_4_fetch_only",31967.9091460449,0.137630447745323
"species_4_fetch_only",32156.2794740234,0.135924890637398
"species_4_fetch_only",32344.649802002,0.134229496121407
"species_4_fetch_only",32533.0201299805,0.132544457912445
"species_4_fetch_only",32721.390457959,0.13086986541748
"species_4_fetch_only",32909.7607859375,0.129205852746964
"species_4_fetch_only",33098.131113916,0.127552554011345
"species_4_fetch_only",33286.5014418945,0.125910148024559
"species_4_fetch_only",33474.8717698731,0.124278657138348
"species_4_fetch_only",33663.2420978516,0.122658252716064
"species_4_fetch_only",33851.6124258301,0.121049046516418
"species_4_fetch_only",34039.9827538086,0.119451142847538
"species_4_fetch_only",34228.3530817871,0.117864683270454
"species_4_fetch_only",34416.7234097656,0.116289705038071
"species_4_fetch_only",34605.0937377441,0.114726342260838
"species_4_fetch_only",34793.4640657227,0.113174684345722
"species_4_fetch_only",34981.8343937012,0.111634835600853
"species_4_fetch_only",35170.2047216797,0.110106915235519
"species_4_fetch_only",35358.5750496582,0.108590930700302
"species_4_fetch_only",35546.9453776367,0.107087008655071
"species_4_fetch_only",35735.3157056152,0.105595223605633
"species_4_fetch_only",35923.6860335938,0.104115650057793
"species_4_fetch_only",36112.0563615723,0.102648384869099
"species_4_fetch_only",36300.4266895508,0.101193435490131
"species_4_fetch_only",36488.7970175293,0.0997508987784386
"species_4_fetch_only",36677.1673455078,0.098320834338665
"species_4_fetch_only",36865.5376734863,0.0969033017754555
"species_4_fetch_only",37053.9080014648,0.0954983681440353
"species_4_fetch_only",37242.2783294434,0.0941060408949852
"species_4_fetch_only",37430.6486574219,0.0927263870835304
"species_4_fetch_only",37619.0189854004,0.091359443962574
"species_4_fetch_only",37807.3893133789,0.0900052636861801
"species_4_fetch_only",37995.7596413574,0.0886638909578323
"species_4_fetch_only",38184.129969336,0.0873353108763695
"species_4_fetch_only",38372.5002973145,0.0860195830464363
"species_4_fetch_only",38560.870625293,0.084716722369194
"species_4_fetch_only",38749.2409532715,0.0834267511963844
"species_4_fetch_only",38937.61128125,0.0821497216820717
"species_4_fetch_only",39125.9816092285,0.0808855816721916
"species_4_fetch_only",39314.351937207,0.0796343833208084
"species_4_fetch_only",39502.7222651855,0.0783961266279221
"species_4_fetch_only",39691.0925931641,0.0771708115935326
"species_4_fetch_only",39879.4629211426,0.0759584456682205
"species_4_fetch_only",40067.8332491211,0.0747590512037277
"species_4_fetch_only",40256.2035770996,0.0735725611448288
"species_4_fetch_only",40444.5739050781,0.0723990127444267
"species_4_fetch_only",40632.9442330567,0.0712383762001991
"species_4_fetch_only",40821.3145610352,0.070090651512146
"species_4_fetch_only",41009.6848890137,0.0689558312296867
"species_4_fetch_only",41198.0552169922,0.0678338557481766
"species_4_fetch_only",41386.4255449707,0.0667247250676155
"species_4_fetch_only",41574.7958729492,0.0656284093856812
"species_4_fetch_only",41763.1662009277,0.0645448789000511
"species_4_fetch_only",41951.5365289063,0.0634741261601448
"species_4_fetch_only",42139.9068568848,0.0624160766601562
"species_4_fetch_only",42328.2771848633,0.0613707080483437
"species_4_fetch_only",42516.6475128418,0.0603379867970943
"species_4_fetch_only",42705.0178408203,0.0593178644776344
"species_4_fetch_only",42893.3881687988,0.0583103224635124
"species_4_fetch_only",43081.7584967774,0.0573152713477612
"species_4_fetch_only",43270.1288247559,0.0563326813280582
"species_4_fetch_only",43458.4991527344,0.0553624965250492
"species_4_fetch_only",43646.8694807129,0.0544046685099602
"species_4_fetch_only",43835.2398086914,0.0534591600298882
"species_4_fetch_only",44023.6101366699,0.0525258705019951
"species_4_fetch_only",44211.9804646484,0.0516047589480877
"species_4_fetch_only",44400.350792627,0.0506957657635212
"species_4_fetch_only",44588.7211206055,0.0497988238930702
"species_4_fetch_only",44777.091448584,0.0489138886332512
"species_4_fetch_only",44965.4617765625,0.0480408482253551
"species_4_fetch_only",45153.832104541,0.0471796542406082
"species_4_fetch_only",45342.2024325195,0.0463302358984947
"species_4_fetch_only",45530.5727604981,0.0454925186932087
"species_4_fetch_only",45718.9430884766,0.0446664430201054
"species_4_fetch_only",45907.3134164551,0.0438519008457661
"species_4_fetch_only",46095.6837444336,0.0430488251149654
"species_4_fetch_only",46284.0540724121,0.0422571413218975
"species_4_fetch_only",46472.4244003906,0.0414767637848854
"species_4_fetch_only",46660.7947283691,0.0407076254487038
"species_4_fetch_only",46849.1650563477,0.0399496145546436
"species_4_fetch_only",47037.5353843262,0.0392026603221893
"species_4_fetch_only",47225.9057123047,0.0384666733443737
"species_4_fetch_only",47414.2760402832,0.0377415679395199
"species_4_fetch_only",47602.6463682617,0.0370272696018219
"species_4_fetch_only",47791.0166962402,0.0363236553966999
"species_4_fetch_only",47979.3870242188,0.0356306545436382
"species_4_fetch_only",48167.7573521973,0.0349481739103794
"species_4_fetch_only",48356.1276801758,0.0342761166393757
"species_4_fetch_only",48544.4980081543,0.0336144082248211
"species_4_fetch_only",48732.8683361328,0.0329629220068455
"species_4_fetch_only",48921.2386641113,0.0323215797543526
"species_4_fetch_only",49109.6089920899,0.0316902846097946
"species_4_fetch_only",49297.9793200684,0.0310689378529787
"species_4_fetch_only",49486.3496480469,0.0304574444890022
"species_4_fetch_only",49674.7199760254,0.0298557206988335
"species_4_fetch_only",49863.0903040039,0.0292636398226023
"species_4_fetch_only",50051.4606319824,0.0286811199039221
"species_4_fetch_only",50239.830959961,0.0281080566346645
"species_4_fetch_only",50428.2012879395,0.027544355019927
"species_4_fetch_only",50616.571615918,0.0269899237900972
"species_4_fetch_only",50804.9419438965,0.0264446418732405
"species_4_fetch_only",50993.312271875,0.0259084198623896
"species_4_fetch_only",51181.6825998535,0.0253811571747065
"species_4_fetch_only",51370.052927832,0.0248627513647079
"species_4_fetch_only",51558.4232558106,0.024353114888072
"species_4_fetch_only",51746.7935837891,0.0238521248102188
"species_4_fetch_only",51935.1639117676,0.0233596917241812
"species_4_fetch_only",52123.5342397461,0.0228757113218307
"species_4_fetch_only",52311.9045677246,0.0224000867456198
"species_4_fetch_only",52500.2748957031,0.0219327248632908
"species_4_fetch_only",52688.6452236817,0.0214735046029091
"species_4_fetch_only",52877.0155516602,0.0210223365575075
"species_4_fetch_only",53065.3858796387,0.020579120144248
"species_4_fetch_only",53253.7562076172,0.0201437547802925
"species_4_fetch_only",53442.1265355957,0.0197161491960287
"species_4_fetch_only",53630.4968635742,0.0192961879074574
"species_4_fetch_only",53818.8671915527,0.0188837759196758
"species_4_fetch_only",54007.2375195313,0.0184788182377815
"species_4_fetch_only",54195.6078475098,0.0180812142789364
"species_4_fetch_only",54383.9781754883,0.0176908746361732
"species_4_fetch_only",54572.3485034668,0.0173076838254929
"species_4_fetch_only",54760.7188314453,0.0169315524399281
"species_4_fetch_only",54949.0891594238,0.0165623854845762
"species_4_fetch_only",55137.4594874024,0.0162000823765993
"species_4_fetch_only",55325.8298153809,0.0158445574343204
"species_4_fetch_only",55514.2001433594,0.0154956998303533
"species_4_fetch_only",55702.5704713379,0.0151534210890532
"species_4_fetch_only",55890.9407993164,0.0148176271468401
"species_4_fetch_only",56079.3111272949,0.0144882230088115
"species_4_fetch_only",56267.6814552734,0.0141651229932904
"species_4_fetch_only",56456.051783252,0.0138482209295034
"species_4_fetch_only",56644.4221112305,0.0135374302044511
"species_4_fetch_only",56832.792439209,0.0132326614111662
"species_4_fetch_only",57021.1627671875,0.0129338214173913
"species_4_fetch_only",57209.533095166,0.0126408282667398
"species_4_fetch_only",57397.9034231445,0.012353578582406
"species_4_fetch_only",57586.2737511231,0.0120719904080033
"species_4_fetch_only",57774.6440791016,0.0117959761992097
"species_4_fetch_only",57963.0144070801,0.0115254484117031
"species_4_fetch_only",58151.3847350586,0.011260325089097
"species_4_fetch_only",58339.7550630371,0.0110005112364888
"species_4_fetch_only",58528.1253910156,0.0107459258288145
"species_4_fetch_only",58716.4957189942,0.0104964850470424
"species_4_fetch_only",58904.8660469727,0.0102521060034633
"species_4_fetch_only",59093.2363749512,0.0100127058103681
"species_4_fetch_only",59281.6067029297,0.00977820716798306
"species_4_fetch_only",59469.9770309082,0.00954851973801851
"species_4_fetch_only",59658.3473588867,0.00932356715202332
"species_4_fetch_only",59846.7176868652,0.00910327211022377
"species_4_fetch_only",60035.0880148438,0.00888755451887846
"species_4_fetch_only",60223.4583428223,0.00867634080350399
"species_4_fetch_only",60411.8286708008,0.00846954714506865
"species_4_fetch_only",60600.1989987793,0.00826709996908903
"species_4_fetch_only",60788.5693267578,0.00806892476975918
"species_4_fetch_only",60976.9396547363,0.00787494797259569
"species_4_fetch_only",61165.3099827148,0.00768509926274419
"species_4_fetch_only",61353.6803106934,0.00749929901212454
"species_4_fetch_only",61542.0506386719,0.00731747830286622
"species_4_fetch_only",61730.4209666504,0.00713956728577614
"species_4_fetch_only",61918.7912946289,0.00696549518033862
"species_4_fetch_only",62107.1616226074,0.00679519725963473
"species_4_fetch_only",62295.5319505859,0.00662859762087464
"species_4_fetch_only",62483.9022785645,0.00646563246846199
"species_4_fetch_only",62672.272606543,0.00630623521283269
"species_4_fetch_only",62860.6429345215,0.00615034066140652
"species_4_fetch_only",63049.0132625,0.00599788688123226
"species_4_fetch_only",63237.3835904785,0.00584880355745554
"species_4_fetch_only",63425.753918457,0.00570303108543158
"species_4_fetch_only",63614.1242464356,0.00556050660088658
"species_4_fetch_only",63802.4945744141,0.00542116910219193
"species_4_fetch_only",63990.8649023926,0.00528496131300926
"species_4_fetch_only",64179.2352303711,0.00515181757509708
"species_4_fetch_only",64367.6055583496,0.00502168154343963
"species_4_fetch_only",64555.9758863281,0.00489449547603726
"species_4_fetch_only",64744.3462143066,0.00477020256221294
"species_4_fetch_only",64932.7165422852,0.00464874878525734
"species_4_fetch_only",65121.0868702637,0.0045300736092031
"species_4_fetch_only",65309.4571982422,0.00441412534564734
"species_4_fetch_only",65497.8275262207,0.00430084904655814
"species_4_fetch_only",65686.1978541992,0.00419019535183907
"species_4_fetch_only",65874.5681821777,0.00408210419118404
"species_4_fetch_only",66062.9385101563,0.00397653318941593
"species_4_fetch_only",66251.3088381348,0.00387342390604317
"species_4_fetch_only",66439.6791661133,0.00377273419871926
"species_4_fetch_only",66628.0494940918,0.00367441098205745
"species_4_fetch_only",66816.4198220703,0.00357840210199356
"species_4_fetch_only",67004.7901500488,0.00348466797731817
"species_4_fetch_only",67193.1604780273,0.0033931543584913
"species_4_fetch_only",67381.5308060059,0.00330382259562612
"species_4_fetch_only",67569.9011339844,0.00321662379428744
"species_4_fetch_only",67758.2714619629,0.00313150999136269
"species_4_fetch_only",67946.6417899414,0.00304844439961016
"species_4_fetch_only",68135.0121179199,0.00296737742610276
"species_4_fetch_only",68323.3824458984,0.002888273447752
"species_4_fetch_only",68511.752773877,0.0028110877610743
"species_4_fetch_only",68700.1231018555,0.00273577589541674
"species_4_fetch_only",68888.493429834,0.00266230432316661
"species_4_fetch_only",69076.8637578125,0.00259062764234841
"species_4_fetch_only",69265.234085791,0.00252071302384138
"species_4_fetch_only",69453.6044137695,0.0024525192566216
"species_4_fetch_only",69641.974741748,0.002386006526649
"species_4_fetch_only",69830.3450697266,0.00232114316895604
"species_4_fetch_only",70018.7153977051,0.00225788820534945
"species_4_fetch_only",70207.0857256836,0.00219621136784554
"species_4_fetch_only",70395.4560536621,0.00213607517071068
"species_4_fetch_only",70583.8263816406,0.00207744329236448
"species_4_fetch_only",70772.1967096191,0.00202028662897646
"species_4_fetch_only",70960.5670375977,0.0019645681604743
"species_4_fetch_only",71148.9373655762,0.00191026006359607
"species_4_fetch_only",71337.3076935547,0.00185732811223716
"species_4_fetch_only",71525.6780215332,0.00180573936086148
"species_4_fetch_only",71714.0483495117,0.00175546761602163
"species_4_fetch_only",71902.4186774902,0.001706478651613
"species_4_fetch_only",72090.7890054687,0.00165874743834138
"species_4_fetch_only",72279.1593334473,0.00161224300973117
"species_4_fetch_only",72467.5296614258,0.00156693533062935
"species_4_fetch_only",72655.8999894043,0.00152280053589493
"species_4_fetch_only",72844.2703173828,0.00147980800829828
"species_4_fetch_only",73032.6406453613,0.00143793446477503
"species_4_fetch_only",73221.0109733399,0.00139715219847858
"species_4_fetch_only",73409.3813013184,0.00135743408463895
"species_4_fetch_only",73597.7516292969,0.00131875835359097
"species_4_fetch_only",73786.1219572754,0.00128109729848802
"species_4_fetch_only",73974.4922852539,0.00124442996457219
"species_4_fetch_only",74162.8626132324,0.00120873132254928
"species_4_fetch_only",74351.2329412109,0.00117397680878639
"species_4_fetch_only",74539.6032691895,0.00114014686550945
"species_4_fetch_only",74727.973597168,0.00110721634700894
"species_4_fetch_only",74916.3439251465,0.00107516651041806
"species_4_fetch_only",75104.714253125,0.00104397465474904
"species_4_fetch_only",75293.0845811035,0.00101361889392138
"species_4_fetch_only",75481.454909082,0.000984081299975514
"species_4_fetch_only",75669.8252370606,0.000955339521169662
"species_4_fetch_only",75858.1955650391,0.000927376502659172
"species_4_fetch_only",76046.5658930176,0.000900171988178045
"species_4_fetch_only",76234.9362209961,0.00087370618712157
"species_4_fetch_only",76423.3065489746,0.000847963034175336
"species_4_fetch_only",76611.6768769531,0.00082292256411165
"species_4_fetch_only",76800.0472049316,0.000798569351900369
"species_4_fetch_only",76988.4175329102,0.000774885236751288
"species_4_fetch_only",77176.7878608887,0.000751852581743151
"species_4_fetch_only",77365.1581888672,0.00072945689316839
"species_4_fetch_only",77553.5285168457,0.000707680359482765
"species_4_fetch_only",77741.8988448242,0.00068650912726298
"species_4_fetch_only",77930.2691728027,0.0006659270147793
"species_4_fetch_only",78118.6395007813,0.000645918131340295
"species_4_fetch_only",78307.0098287598,0.000626469671260566
"species_4_fetch_only",78495.3801567383,0.00060756562743336
"species_4_fetch_only",78683.7504847168,0.000589193601626903
"species_4_fetch_only",78872.1208126953,0.00057133921654895
"species_4_fetch_only",79060.4911406738,0.000553988385945559
"species_4_fetch_only",79248.8614686524,0.000548314768821001
"species_4_fetch_only",79437.2317966309,0.000548314768821001
"species_4_fetch_only",79625.6021246094,0.000548314768821001
"species_4_fetch_only",79813.9724525879,0.000548314768821001
"species_4_fetch_only",80002.3427805664,0.000548314768821001
"species_4_fetch_only",80190.7131085449,0.000548314768821001
"species_4_fetch_only",80379.0834365234,0.000548314768821001
"species_4_fetch_only",80567.453764502,0.000548314768821001
"species_4_fetch_only",80755.8240924805,0.000548314768821001
"species_4_fetch_only",80944.194420459,0.000548314768821001
"species_4_fetch_only",81132.5647484375,0.000548314768821001
"species_4_fetch_only",81320.935076416,0.000548314768821001
"species_4_fetch_only",81509.3054043945,0.000548314768821001
"species_4_fetch_only",81697.675732373,0.000548314768821001
"species_4_fetch_only",81886.0460603516,0.000548314768821001
"species_4_fetch_only",82074.4163883301,0.000548314768821001
"species_4_fetch_only",82262.7867163086,0.000548314768821001
"species_4_fetch_only",82451.1570442871,0.000548314768821001
"species_4_fetch_only",82639.5273722656,0.000548314768821001
"species_4_fetch_only",82827.8977002442,0.000548314768821001
"species_4_fetch_only",83016.2680282227,0.000548314768821001
"species_4_fetch_only",83204.6383562012,0.000548314768821001
"species_4_fetch_only",83393.0086841797,0.000548314768821001
"species_4_fetch_only",83581.3790121582,0.000548314768821001
"species_4_fetch_only",83769.7493401367,0.000548314768821001
"species_4_fetch_only",83958.1196681152,0.000548314768821001
"species_4_fetch_only",84146.4899960938,0.000548314768821001
"species_4_fetch_only",84334.8603240723,0.000548314768821001
"species_4_fetch_only",84523.2306520508,0.000548314768821001
"species_4_fetch_only",84711.6009800293,0.000548314768821001
"species_4_fetch_only",84899.9713080078,0.000548314768821001
"species_4_fetch_only",85088.3416359863,0.000548314768821001
"species_4_fetch_only",85276.7119639648,0.000548314768821001
"species_4_fetch_only",85465.0822919434,0.000548314768821001
"species_4_fetch_only",85653.4526199219,0.000548314768821001
"species_4_fetch_only",85841.8229479004,0.000548314768821001
"species_4_fetch_only",86030.1932758789,0.000548314768821001
"species_4_fetch_only",86218.5636038574,0.000548314768821001
"species_4_fetch_only",86406.9339318359,0.000548314768821001
"species_4_fetch_only",86595.3042598145,0.000548314768821001
"species_4_fetch_only",86783.674587793,0.000548314768821001
"species_4_fetch_only",86972.0449157715,0.000548314768821001
"species_4_fetch",-7213.11907348633,0.934264361858368
"species_4_fetch",-7024.74874550781,0.934264361858368
"species_4_fetch",-6836.3784175293,0.934264361858368
"species_4_fetch",-6648.00808955078,0.934264361858368
"species_4_fetch",-6459.63776157227,0.934264361858368
"species_4_fetch",-6271.26743359375,0.934264361858368
"species_4_fetch",-6082.89710561523,0.934264361858368
"species_4_fetch",-5894.52677763672,0.934264361858368
"species_4_fetch",-5706.1564496582,0.934264361858368
"species_4_fetch",-5517.78612167969,0.934264361858368
"species_4_fetch",-5329.41579370117,0.934264361858368
"species_4_fetch",-5141.04546572266,0.934264361858368
"species_4_fetch",-4952.67513774414,0.934264361858368
"species_4_fetch",-4764.30480976562,0.934264361858368
"species_4_fetch",-4575.93448178711,0.934264361858368
"species_4_fetch",-4387.56415380859,0.934264361858368
"species_4_fetch",-4199.19382583008,0.934264361858368
"species_4_fetch",-4010.82349785156,0.934264361858368
"species_4_fetch",-3822.45316987305,0.934264361858368
"species_4_fetch",-3634.08284189453,0.934264361858368
"species_4_fetch",-3445.71251391602,0.934264361858368
"species_4_fetch",-3257.3421859375,0.934264361858368
"species_4_fetch",-3068.97185795898,0.934264361858368
"species_4_fetch",-2880.60152998047,0.934264361858368
"species_4_fetch",-2692.23120200195,0.934264361858368
"species_4_fetch",-2503.86087402344,0.934264361858368
"species_4_fetch",-2315.49054604492,0.934264361858368
"species_4_fetch",-2127.12021806641,0.934264361858368
"species_4_fetch",-1938.74989008789,0.934264361858368
"species_4_fetch",-1750.37956210938,0.934264361858368
"species_4_fetch",-1562.00923413086,0.934264361858368
"species_4_fetch",-1373.63890615234,0.934264361858368
"species_4_fetch",-1185.26857817383,0.934264361858368
"species_4_fetch",-996.898250195311,0.934264361858368
"species_4_fetch",-808.527922216796,0.934264361858368
"species_4_fetch",-620.157594238281,0.934264361858368
"species_4_fetch",-431.787266259766,0.934264361858368
"species_4_fetch",-243.41693828125,0.934264361858368
"species_4_fetch",-55.0466103027338,0.934264361858368
"species_4_fetch",133.323717675781,0.934264361858368
"species_4_fetch",321.694045654297,0.934264361858368
"species_4_fetch",510.064373632814,0.934264361858368
"species_4_fetch",698.434701611329,0.927999436855316
"species_4_fetch",886.805029589845,0.905771315097809
"species_4_fetch",1075.17535756836,0.877584040164948
"species_4_fetch",1263.54568554688,0.842429220676422
"species_4_fetch",1451.91601352539,0.79948228597641
"species_4_fetch",1640.28634150391,0.748323321342468
"species_4_fetch",1828.65666948242,0.689182162284851
"species_4_fetch",2017.02699746094,0.657654523849487
"species_4_fetch",2205.39732543946,0.639128863811493
"species_4_fetch",2393.76765341797,0.620175063610077
"species_4_fetch",2582.13798139648,0.600842952728271
"species_4_fetch",2770.508309375,0.581186592578888
"species_4_fetch",2958.87863735352,0.561264395713806
"species_4_fetch",3147.24896533203,0.541137874126434
"species_4_fetch",3335.61929331055,0.520871520042419
"species_4_fetch",3523.98962128906,0.500531375408173
"species_4_fetch",3712.35994926758,0.480184704065323
"species_4_fetch",3900.7302772461,0.459898769855499
"species_4_fetch",4089.10060522461,0.439740061759949
"species_4_fetch",4277.47093320313,0.419773578643799
"species_4_fetch",4465.84126118164,0.400061637163162
"species_4_fetch",4654.21158916016,0.380663573741913
"species_4_fetch",4842.58191713867,0.361634612083435
"species_4_fetch",5030.95224511719,0.343025743961334
"species_4_fetch",5219.32257309571,0.324882835149765
"species_4_fetch",5407.69290107422,0.307246685028076
"species_4_fetch",5596.06322905274,0.290152490139008
"species_4_fetch",5784.43355703125,0.27362984418869
"species_4_fetch",5972.80388500977,0.257702827453613
"species_4_fetch",6161.17421298828,0.242389962077141
"species_4_fetch",6349.5445409668,0.229509115219116
"species_4_fetch",6537.91486894531,0.218138709664345
"species_4_fetch",6726.28519692383,0.207395285367966
"species_4_fetch",6914.65552490235,0.197935312986374
"species_4_fetch",7103.02585288086,0.190973207354546
"species_4_fetch",7291.39618085938,0.190435141324997
"species_4_fetch",7479.76650883789,0.190318897366524
"species_4_fetch",7668.13683681641,0.190199747681618
"species_4_fetch",7856.50716479492,0.190077692270279
"species_4_fetch",8044.87749277344,0.189952731132507
"species_4_fetch",8233.24782075196,0.189824894070625
"species_4_fetch",8421.61814873047,0.18969415128231
"species_4_fetch",8609.98847670899,0.189560517668724
"species_4_fetch",8798.3588046875,0.189424023032188
"species_4_fetch",8986.72913266602,0.189284637570381
"species_4_fetch",9175.09946064453,0.189142376184464
"species_4_fetch",9363.46978862305,0.188997253775597
"species_4_fetch",9551.84011660156,0.18884927034378
"species_4_fetch",9740.21044458008,0.188698440790176
"species_4_fetch",9928.5807725586,0.188544750213623
"species_4_fetch",10116.9511005371,0.188388213515282
"species_4_fetch",10305.3214285156,0.188228845596313
"species_4_fetch",10493.6917564941,0.188066646456718
"species_4_fetch",10682.0620844727,0.187901601195335
"species_4_fetch",10870.4324124512,0.187733754515648
"species_4_fetch",11058.8027404297,0.187563076615334
"species_4_fetch",11247.1730684082,0.187389597296715
"species_4_fetch",11435.5433963867,0.187213316559792
"species_4_fetch",11623.9137243652,0.187034234404564
"species_4_fetch",11812.2840523438,0.186852365732193
"species_4_fetch",12000.6543803223,0.186667710542679
"species_4_fetch",12189.0247083008,0.186480268836021
"species_4_fetch",12377.3950362793,0.186290070414543
"species_4_fetch",12565.7653642578,0.186097100377083
"species_4_fetch",12754.1356922363,0.185901373624802
"species_4_fetch",12942.5060202148,0.185702905058861
"species_4_fetch",13130.8763481934,0.185501679778099
"species_4_fetch",13319.2466761719,0.185297727584839
"species_4_fetch",13507.6170041504,0.18509104847908
"species_4_fetch",13695.9873321289,0.184881642460823
"species_4_fetch",13884.3576601074,0.18466953933239
"species_4_fetch",14072.7279880859,0.184454724192619
"species_4_fetch",14261.0983160645,0.184237197041512
"species_4_fetch",14449.468644043,0.184016987681389
"species_4_fetch",14637.8389720215,0.183794111013412
"species_4_fetch",14826.2093,0.183568552136421
"species_4_fetch",15014.5796279785,0.183340311050415
"species_4_fetch",15202.949955957,0.183109432458878
"species_4_fetch",15391.3202839355,0.182875901460648
"species_4_fetch",15579.6906119141,0.182639732956886
"species_4_fetch",15768.0609398926,0.182400926947594
"species_4_fetch",15956.4312678711,0.182159498333931
"species_4_fetch",16144.8015958496,0.181915462017059
"species_4_fetch",16333.1719238281,0.181668803095818
"species_4_fetch",16521.5422518066,0.181419566273689
"species_4_fetch",16709.9125797852,0.181167736649513
"species_4_fetch",16898.2829077637,0.180913329124451
"species_4_fetch",17086.6532357422,0.180656358599663
"species_4_fetch",17275.0235637207,0.180396810173988
"species_4_fetch",17463.3938916992,0.180134728550911
"species_4_fetch",17651.7642196777,0.179870098829269
"species_4_fetch",17840.1345476562,0.179602950811386
"species_4_fetch",18028.5048756348,0.1793332695961
"species_4_fetch",18216.8752036133,0.179061084985733
"species_4_fetch",18405.2455315918,0.178786382079124
"species_4_fetch",18593.6158595703,0.178509205579758
"species_4_fetch",18781.9861875488,0.178229540586472
"species_4_fetch",18970.3565155273,0.177947416901588
"species_4_fetch",19158.7268435059,0.177662819623947
"species_4_fetch",19347.0971714844,0.17737577855587
"species_4_fetch",19535.4674994629,0.177086293697357
"species_4_fetch",19723.8378274414,0.176794394850731
"species_4_fetch",19912.2081554199,0.176500052213669
"species_4_fetch",20100.5784833984,0.176203325390816
"species_4_fetch",20288.948811377,0.17590419948101
"species_4_fetch",20477.3191393555,0.175602674484253
"species_4_fetch",20665.689467334,0.175298795104027
"species_4_fetch",20854.0597953125,0.17499253153801
"species_4_fetch",21042.430123291,0.174683943390846
"species_4_fetch",21230.8004512695,0.174372985959053
"species_4_fetch",21419.170779248,0.174059718847275
"species_4_fetch",21607.5411072266,0.17374412715435
"species_4_fetch",21795.9114352051,0.173426240682602
"species_4_fetch",21984.2817631836,0.173106044530869
"species_4_fetch",22172.6520911621,0.172783583402634
"species_4_fetch",22361.0224191406,0.172458842396736
"species_4_fetch",22549.3927471191,0.172131836414337
"species_4_fetch",22737.7630750977,0.171802595257759
"species_4_fetch",22926.1334030762,0.171471118927002
"species_4_fetch",23114.5037310547,0.171137422323227
"species_4_fetch",23302.8740590332,0.170801520347595
"species_4_fetch",23491.2443870117,0.170463427901268
"species_4_fetch",23679.6147149902,0.170123130083084
"species_4_fetch",23867.9850429688,0.169780686497688
"species_4_fetch",24056.3553709473,0.169436067342758
"species_4_fetch",24244.7256989258,0.169089302420616
"species_4_fetch",24433.0960269043,0.168740406632423
"species_4_fetch",24621.4663548828,0.168389394879341
"species_4_fetch",24809.8366828613,0.168036282062531
"species_4_fetch",24998.2070108398,0.167681068181992
"species_4_fetch",25186.5773388184,0.167323768138885
"species_4_fetch",25374.9476667969,0.166964411735535
"species_4_fetch",25563.3179947754,0.166602998971939
"species_4_fetch",25751.6883227539,0.16623954474926
"species_4_fetch",25940.0586507324,0.16587407886982
"species_4_fetch",26128.4289787109,0.165506586432457
"species_4_fetch",26316.7993066895,0.165137097239494
"species_4_fetch",26505.169634668,0.164765611290932
"species_4_fetch",26693.5399626465,0.164392173290253
"species_4_fetch",26881.910290625,0.164016768336296
"species_4_fetch",27070.2806186035,0.163639411330223
"species_4_fetch",27258.650946582,0.163260146975517
"species_4_fetch",27447.0212745606,0.162878945469856
"species_4_fetch",27635.3916025391,0.162495851516724
"species_4_fetch",27823.7619305176,0.162110880017281
"species_4_fetch",28012.1322584961,0.161595225334167
"species_4_fetch",28200.5025864746,0.16105143725872
"species_4_fetch",28388.8729144531,0.160506546497345
"species_4_fetch",28577.2432424317,0.159960553050041
"species_4_fetch",28765.6135704102,0.159413501620293
"species_4_fetch",28953.9838983887,0.158865377306938
"species_4_fetch",29142.3542263672,0.158316239714622
"species_4_fetch",29330.7245543457,0.157766073942184
"species_4_fetch",29519.0948823242,0.157214924693108
"species_4_fetch",29707.4652103027,0.156662791967392
"species_4_fetch",29895.8355382813,0.15610970556736
"species_4_fetch",30084.2058662598,0.155555695295334
"species_4_fetch",30272.5761942383,0.155000761151314
"species_4_fetch",30460.9465222168,0.154444932937622
"species_4_fetch",30649.3168501953,0.153888240456581
"species_4_fetch",30837.6871781738,0.153330683708191
"species_4_fetch",31026.0575061523,0.152772292494774
"species_4_fetch",31214.4278341309,0.152213096618652
"species_4_fetch",31402.7981621094,0.151653096079826
"species_4_fetch",31591.1684900879,0.150858104228973
"species_4_fetch",31779.5388180664,0.149693384766579
"species_4_fetch",31967.9091460449,0.148533672094345
"species_4_fetch",32156.2794740234,0.147378951311111
"species_4_fetch",32344.649802002,0.146229267120361
"species_4_fetch",32533.0201299805,0.145084649324417
"species_4_fetch",32721.390457959,0.143945097923279
"species_4_fetch",32909.7607859375,0.142810642719269
"species_4_fetch",33098.131113916,0.141681313514709
"species_4_fetch",33286.5014418945,0.140557155013084
"species_4_fetch",33474.8717698731,0.139438137412071
"species_4_fetch",33663.2420978516,0.138324290513992
"species_4_fetch",33851.6124258301,0.137215659022331
"species_4_fetch",34039.9827538086,0.136112242937088
"species_4_fetch",34228.3530817871,0.135014086961746
"species_4_fetch",34416.7234097656,0.133921161293983
"species_4_fetch",34605.0937377441,0.132833510637283
"species_4_fetch",34793.4640657227,0.131751149892807
"species_4_fetch",34981.8343937012,0.130674093961716
"species_4_fetch",35170.2047216797,0.129602372646332
"species_4_fetch",35358.5750496582,0.128535971045494
"species_4_fetch",35546.9453776367,0.127474918961525
"species_4_fetch",35735.3157056152,0.126419231295586
"species_4_fetch",35923.6860335938,0.125368922948837
"species_4_fetch",36112.0563615723,0.124324031174183
"species_4_fetch",36300.4266895508,0.123284511268139
"species_4_fetch",36488.7970175293,0.122250407934189
"species_4_fetch",36677.1673455078,0.121221728622913
"species_4_fetch",36865.5376734863,0.120198488235474
"species_4_fetch",37053.9080014648,0.119180716574192
"species_4_fetch",37242.2783294434,0.118168376386166
"species_4_fetch",37430.6486574219,0.117161504924297
"species_4_fetch",37619.0189854004,0.116160109639168
"species_4_fetch",37807.3893133789,0.115164190530777
"species_4_fetch",37995.7596413574,0.114173792302608
"species_4_fetch",38184.129969336,0.113188862800598
"species_4_fetch",38372.5002973145,0.112209439277649
"species_4_fetch",38560.870625293,0.111235521733761
"species_4_fetch",38749.2409532715,0.110267125070095
"species_4_fetch",38937.61128125,0.109304271638393
"species_4_fetch",39125.9816092285,0.108346916735172
"species_4_fetch",39314.351937207,0.107395097613335
"species_4_fetch",39502.7222651855,0.1064488068223
"species_4_fetch",39691.0925931641,0.105508059263229
"species_4_fetch",39879.4629211426,0.104572847485542
"species_4_fetch",40067.8332491211,0.103643201291561
"species_4_fetch",40256.2035770996,0.102719075977802
"species_4_fetch",40444.5739050781,0.101800493896008
"species_4_fetch",40632.9442330567,0.100887462496758
"species_4_fetch",40821.3145610352,0.0999799743294716
"species_4_fetch",41009.6848890137,0.0990780591964722
"species_4_fetch",41198.0552169922,0.0981816649436951
"species_4_fetch",41386.4255449707,0.0972908139228821
"species_4_fetch",41574.7958729492,0.0964055061340332
"species_4_fetch",41763.1662009277,0.0955257415771484
"species_4_fetch",41951.5365289063,0.094651535153389
"species_4_fetch",42139.9068568848,0.0937828421592712
"species_4_fetch",42328.2771848633,0.092919684946537
"species_4_fetch",42516.6475128418,0.0920620635151863
"species_4_fetch",42705.0178408203,0.0912099629640579
"species_4_fetch",42893.3881687988,0.090363398194313
"species_4_fetch",43081.7584967774,0.0895223319530487
"species_4_fetch",43270.1288247559,0.0886867791414261
"species_4_fetch",43458.4991527344,0.087856724858284
"species_4_fetch",43646.8694807129,0.087032176554203
"species_4_fetch",43835.2398086914,0.0862131342291832
"species_4_fetch",44023.6101366699,0.0853995606303215
"species_4_fetch",44211.9804646484,0.084591455757618
"species_4_fetch",44400.350792627,0.0837888345122337
"species_4_fetch",44588.7211206055,0.0829916670918465
"species_4_fetch",44777.091448584,0.0821999683976173
"species_4_fetch",44965.4617765625,0.0814136937260628
"species_4_fetch",45153.832104541,0.080632857978344
"species_4_fetch",45342.2024325195,0.0798574462532997
"species_4_fetch",45530.5727604981,0.0790874511003494
"species_4_fetch",45718.9430884766,0.0783228725194931
"species_4_fetch",45907.3134164551,0.0775636658072472
"species_4_fetch",46095.6837444336,0.0768098458647728
"species_4_fetch",46284.0540724121,0.0760613977909088
"species_4_fetch",46472.4244003906,0.075318306684494
"species_4_fetch",46660.7947283691,0.074580579996109
"species_4_fetch",46849.1650563477,0.0738481655716896
"species_4_fetch",47037.5353843262,0.073121078312397
"species_4_fetch",47225.9057123047,0.0723992958664894
"species_4_fetch",47414.2760402832,0.0716828033328056
"species_4_fetch",47602.6463682617,0.0709716081619263
"species_4_fetch",47791.0166962402,0.0702656656503677
"species_4_fetch",47979.3870242188,0.06956497579813
"species_4_fetch",48167.7573521973,0.0688695162534714
"species_4_fetch",48356.1276801758,0.0681792795658112
"species_4_fetch",48544.4980081543,0.0674942657351494
"species_4_fetch",48732.8683361328,0.0668144300580025
"species_4_fetch",48921.2386641113,0.0661397576332092
"species_4_fetch",49109.6089920899,0.0654702559113503
"species_4_fetch",49297.9793200684,0.0648058876395226
"species_4_fetch",49486.3496480469,0.0641466453671455
"species_4_fetch",49674.7199760254,0.0634925216436386
"species_4_fetch",49863.0903040039,0.0628434717655182
"species_4_fetch",50051.4606319824,0.0621994994580746
"species_4_fetch",50239.830959961,0.0615605786442757
"species_4_fetch",50428.2012879395,0.0609266944229603
"species_4_fetch",50616.571615918,0.0602978430688381
"species_4_fetch",50804.9419438965,0.0596739761531353
"species_4_fetch",50993.312271875,0.0590550899505615
"species_4_fetch",51181.6825998535,0.0584411658346653
"species_4_fetch",51370.052927832,0.0578321814537048
"species_4_fetch",51558.4232558106,0.0572281330823898
"species_4_fetch",51746.7935837891,0.0566289722919464
"species_4_fetch",51935.1639117676,0.0560346990823746
"species_4_fetch",52123.5342397461,0.0554452836513519
"species_4_fetch",52311.9045677246,0.0548607110977173
"species_4_fetch",52500.2748957031,0.05428097397089
"species_4_fetch",52688.6452236817,0.0537060275673866
"species_4_fetch",52877.0155516602,0.0531358569860458
"species_4_fetch",53065.3858796387,0.0525704473257065
"species_4_fetch",53253.7562076172,0.0520097762346268
"species_4_fetch",53442.1265355957,0.0514538288116455
"species_4_fetch",53630.4968635742,0.0509025678038597
"species_4_fetch",53818.8671915527,0.0503559783101082
"species_4_fetch",54007.2375195313,0.0498140417039394
"species_4_fetch",54195.6078475098,0.0492767319083214
"species_4_fetch",54383.9781754883,0.0487440377473831
"species_4_fetch",54572.3485034668,0.0482159182429314
"species_4_fetch",54760.7188314453,0.0476923622190952
"species_4_fetch",54949.0891594238,0.0471733398735523
"species_4_fetch",55137.4594874024,0.0466588363051414
"species_4_fetch",55325.8298153809,0.0461488366127014
"species_4_fetch",55514.2001433594,0.0456432960927486
"species_4_fetch",55702.5704713379,0.0451422035694122
"species_4_fetch",55890.9407993164,0.0446455329656601
"species_4_fetch",56079.3111272949,0.0441532619297504
"species_4_fetch",56267.6814552734,0.0436653792858124
"species_4_fetch",56456.051783252,0.043181836605072
"species_4_fetch",56644.4221112305,0.0427026264369488
"species_4_fetch",56832.792439209,0.0422277189791203
"species_4_fetch",57021.1627671875,0.041757095605135
"species_4_fetch",57209.533095166,0.0412907376885414
"species_4_fetch",57397.9034231445,0.0408286042511463
"species_4_fetch",57586.2737511231,0.0403706803917885
"species_4_fetch",57774.6440791016,0.0399169400334358
"species_4_fetch",57963.0144070801,0.0394673608243465
"species_4_fetch",58151.3847350586,0.0390219278633595
"species_4_fetch",58339.7550630371,0.038580596446991
"species_4_fetch",58528.1253910156,0.0381433553993702
"species_4_fetch",58716.4957189942,0.0377101749181747
"species_4_fetch",58904.8660469727,0.0372810326516628
"species_4_fetch",59093.2363749512,0.0368559062480927
"species_4_fetch",59281.6067029297,0.0364347733557224
"species_4_fetch",59469.9770309082,0.0360176004469395
"species_4_fetch",59658.3473588867,0.035604365170002
"species_4_fetch",59846.7176868652,0.0351950451731682
"species_4_fetch",60035.0880148438,0.034789614379406
"species_4_fetch",60223.4583428223,0.0343880578875542
"species_4_fetch",60411.8286708008,0.0339903347194195
"species_4_fetch",60600.1989987793,0.0335964262485504
"species_4_fetch",60788.5693267578,0.0332063063979149
"species_4_fetch",60976.9396547363,0.0328199528157711
"species_4_fetch",61165.3099827148,0.0324373506009579
"species_4_fetch",61353.6803106934,0.0320584513247013
"species_4_fetch",61542.0506386719,0.0316832475364208
"species_4_fetch",61730.4209666504,0.0313117057085037
"species_4_fetch",61918.7912946289,0.0309438072144985
"species_4_fetch",62107.1616226074,0.0305795315653086
"species_4_fetch",62295.5319505859,0.0302188396453857
"species_4_fetch",62483.9022785645,0.0298617146909237
"species_4_fetch",62672.272606543,0.0295081287622452
"species_4_fetch",62860.6429345215,0.0291580613702536
"species_4_fetch",63049.0132625,0.0288114920258522
"species_4_fetch",63237.3835904785,0.028468381613493
"species_4_fetch",63425.753918457,0.0281287133693695
"species_4_fetch",63614.1242464356,0.0277924612164497
"species_4_fetch",63802.4945744141,0.0274596028029919
"species_4_fetch",63990.8649023926,0.0271301176398993
"species_4_fetch",64179.2352303711,0.0268039684742689
"species_4_fetch",64367.6055583496,0.0264811385422945
"species_4_fetch",64555.9758863281,0.0261616017669439
"species_4_fetch",64744.3462143066,0.0258453339338303
"species_4_fetch",64932.7165422852,0.025532316416502
"species_4_fetch",65121.0868702637,0.0252225138247013
"species_4_fetch",65309.4571982422,0.0249159056693316
"species_4_fetch",65497.8275262207,0.0246124695986509
"species_4_fetch",65686.1978541992,0.024312186986208
"species_4_fetch",65874.5681821777,0.0240150131285191
"species_4_fetch",66062.9385101563,0.0237209517508745
"species_4_fetch",66251.3088381348,0.0234299506992102
"species_4_fetch",66439.6791661133,0.0231420136988163
"species_4_fetch",66628.0494940918,0.0228571016341448
"species_4_fetch",66816.4198220703,0.0225751809775829
"species_4_fetch",67004.7901500488,0.0222962498664856
"species_4_fetch",67193.1604780273,0.022020261734724
"species_4_fetch",67381.5308060059,0.0217472165822983
"species_4_fetch",67569.9011339844,0.0214770790189505
"species_4_fetch",67758.2714619629,0.0212098117917776
"species_4_fetch",67946.6417899414,0.02094541862607
"species_4_fetch",68135.0121179199,0.0206838492304087
"species_4_fetch",68323.3824458984,0.0204251036047935
"species_4_fetch",68511.752773877,0.0201691500842571
"species_4_fetch",68700.1231018555,0.0199159514158964
"species_4_fetch",68888.493429834,0.0196655075997114
"species_4_fetch",69076.8637578125,0.0194177739322186
"species_4_fetch",69265.234085791,0.0191727485507727
"species_4_fetch",69453.6044137695,0.0189303979277611
"species_4_fetch",69641.974741748,0.0186906885355711
"species_4_fetch",69830.3450697266,0.0184536203742027
"species_4_fetch",70018.7153977051,0.0182191487401724
"species_4_fetch",70207.0857256836,0.0179872717708349
"species_4_fetch",70395.4560536621,0.0177579578012228
"species_4_fetch",70583.8263816406,0.0175311733037233
"species_4_fetch",70772.1967096191,0.0173069164156914
"species_4_fetch",70960.5670375977,0.0170851480215788
"species_4_fetch",71148.9373655762,0.016865860670805
"species_4_fetch",71337.3076935547,0.0166490245610476
"species_4_fetch",71525.6780215332,0.0164346117526293
"species_4_fetch",71714.0483495117,0.0162226147949696
"species_4_fetch",71902.4186774902,0.0160129982978106
"species_4_fetch",72090.7890054687,0.0158057548105717
"species_4_fetch",72279.1593334473,0.0156008545309305
"species_4_fetch",72467.5296614258,0.0153982704505324
"species_4_fetch",72655.8999894043,0.0151979960501194
"species_4_fetch",72844.2703173828,0.014999995008111
"species_4_fetch",73032.6406453613,0.0148042617365718
"species_4_fetch",73221.0109733399,0.0146107682958245
"species_4_fetch",73409.3813013184,0.0144194858148694
"species_4_fetch",73597.7516292969,0.014230408705771
"species_4_fetch",73786.1219572754,0.0140435015782714
"species_4_fetch",73974.4922852539,0.0138587597757578
"species_4_fetch",74162.8626132324,0.0136761544272304
"species_4_fetch",74351.2329412109,0.013495659455657
"species_4_fetch",74539.6032691895,0.0133172692731023
"species_4_fetch",74727.973597168,0.0131409484893084
"species_4_fetch",74916.3439251465,0.0129666924476624
"species_4_fetch",75104.714253125,0.0127944741398096
"species_4_fetch",75293.0845811035,0.012624267488718
"species_4_fetch",75481.454909082,0.0124560669064522
"species_4_fetch",75669.8252370606,0.0122898388653994
"species_4_fetch",75858.1955650391,0.0121255787089467
"species_4_fetch",76046.5658930176,0.0119632594287395
"species_4_fetch",76234.9362209961,0.0118028558790684
"species_4_fetch",76423.3065489746,0.0116443634033203
"species_4_fetch",76611.6768769531,0.0114877494052052
"species_4_fetch",76800.0472049316,0.0113330092281103
"species_4_fetch",76988.4175329102,0.0111801158636808
"species_4_fetch",77176.7878608887,0.011029046960175
"species_4_fetch",77365.1581888672,0.0108797959983349
"species_4_fetch",77553.5285168457,0.010732333175838
"species_4_fetch",77741.8988448242,0.0105866510421038
"species_4_fetch",77930.2691728027,0.0104427272453904
"species_4_fetch",78118.6395007813,0.010300537571311
"species_4_fetch",78307.0098287598,0.0101600764319301
"species_4_fetch",78495.3801567383,0.0100213149562478
"species_4_fetch",78683.7504847168,0.00988424755632877
"species_4_fetch",78872.1208126953,0.00974885001778603
"species_4_fetch",79060.4911406738,0.00961510092020035
"species_4_fetch",79248.8614686524,0.00957088358700275
"species_4_fetch",79437.2317966309,0.00957088358700275
"species_4_fetch",79625.6021246094,0.00957088358700275
"species_4_fetch",79813.9724525879,0.00957088358700275
"species_4_fetch",80002.3427805664,0.00957088358700275
"species_4_fetch",80190.7131085449,0.00957088358700275
"species_4_fetch",80379.0834365234,0.00957088358700275
"species_4_fetch",80567.453764502,0.00957088358700275
"species_4_fetch",80755.8240924805,0.00957088358700275
"species_4_fetch",80944.194420459,0.00957088358700275
"species_4_fetch",81132.5647484375,0.00957088358700275
"species_4_fetch",81320.935076416,0.00957088358700275
"species_4_fetch",81509.3054043945,0.00957088358700275
"species_4_fetch",81697.675732373,0.00957088358700275
"species_4_fetch",81886.0460603516,0.00957088358700275
"species_4_fetch",82074.4163883301,0.00957088358700275
"species_4_fetch",82262.7867163086,0.00957088358700275
"species_4_fetch",82451.1570442871,0.00957088358700275
"species_4_fetch",82639.5273722656,0.00957088358700275
"species_4_fetch",82827.8977002442,0.00957088358700275
"species_4_fetch",83016.2680282227,0.00957088358700275
"species_4_fetch",83204.6383562012,0.00957088358700275
"species_4_fetch",83393.0086841797,0.00957088358700275
"species_4_fetch",83581.3790121582,0.00957088358700275
"species_4_fetch",83769.7493401367,0.00957088358700275
"species_4_fetch",83958.1196681152,0.00957088358700275
"species_4_fetch",84146.4899960938,0.00957088358700275
"species_4_fetch",84334.8603240723,0.00957088358700275
"species_4_fetch",84523.2306520508,0.00957088358700275
"species_4_fetch",84711.6009800293,0.00957088358700275
"species_4_fetch",84899.9713080078,0.00957088358700275
"species_4_fetch",85088.3416359863,0.00957088358700275
"species_4_fetch",85276.7119639648,0.00957088358700275
"species_4_fetch",85465.0822919434,0.00957088358700275
"species_4_fetch",85653.4526199219,0.00957088358700275
"species_4_fetch",85841.8229479004,0.00957088358700275
"species_4_fetch",86030.1932758789,0.00957088358700275
"species_4_fetch",86218.5636038574,0.00957088358700275
"species_4_fetch",86406.9339318359,0.00957088358700275
"species_4_fetch",86595.3042598145,0.00957088358700275
"species_4_fetch",86783.674587793,0.00957088358700275
"species_4_fetch",86972.0449157715,0.00957088358700275
"species_4_substrate_hist_only",1,0.253657013177872
"species_4_substrate_hist_only",2,0.122679688036442
"species_4_substrate_hist_only",3,0.253657013177872
"species_4_substrate_hist_only",4,0.253657013177872
"species_4_substrate_hist_only",6,0.253657013177872
"species_4_substrate_hist_only",7,0.253657013177872
"species_4_substrate_hist_only",8,0.498848050832748
"species_4_substrate_hist_only",9,0.683051347732544
"species_4_substrate_hist_only",10,0.314342886209488
"species_4_substrate_hist_only",11,0.253657013177872
"species_4_substrate_hist_only",12,0.253657013177872
"species_4_substrate_hist_only",13,0.253657013177872
"species_4_substrate_hist",1,0.123279362916946
"species_4_substrate_hist",2,0.0835577920079231
"species_4_substrate_hist",3,0.123279362916946
"species_4_substrate_hist",4,0.123279362916946
"species_4_substrate_hist",6,0.123279362916946
"species_4_substrate_hist",7,0.123279362916946
"species_4_substrate_hist",8,0.180169314146042
"species_4_substrate_hist",9,0.27584508061409
"species_4_substrate_hist",10,0.14416815340519
"species_4_substrate_hist",11,0.123279362916946
"species_4_substrate_hist",12,0.123279362916946
"species_4_substrate_hist",13,0.123279362916946
"species_bathy_extrap_only",-22.5506229281425,0.947525608539581
"species_bathy_extrap_only",-22.2676720344067,0.947525608539581
"species_bathy_extrap_only",-21.9847211406708,0.947525608539581
"species_bathy_extrap_only",-21.7017702469349,0.947525608539581
"species_bathy_extrap_only",-21.418819353199,0.947525608539581
"species_bathy_extrap_only",-21.1358684594631,0.947525608539581
"species_bathy_extrap_only",-20.8529175657272,0.947525608539581
"species_bathy_extrap_only",-20.5699666719913,0.947525608539581
"species_bathy_extrap_only",-20.2870157782555,0.947525608539581
"species_bathy_extrap_only",-20.0040648845196,0.947525608539581
"species_bathy_extrap_only",-19.7211139907837,0.947525608539581
"species_bathy_extrap_only",-19.4381630970478,0.947525608539581
"species_bathy_extrap_only",-19.1552122033119,0.947525608539581
"species_bathy_extrap_only",-18.872261309576,0.947525608539581
"species_bathy_extrap_only",-18.5893104158401,0.947525608539581
"species_bathy_extrap_only",-18.3063595221043,0.947525608539581
"species_bathy_extrap_only",-18.0234086283684,0.947525608539581
"species_bathy_extrap_only",-17.7404577346325,0.947525608539581
"species_bathy_extrap_only",-17.4575068408966,0.947525608539581
"species_bathy_extrap_only",-17.1745559471607,0.947525608539581
"species_bathy_extrap_only",-16.8916050534248,0.947525608539581
"species_bathy_extrap_only",-16.608654159689,0.947525608539581
"species_bathy_extrap_only",-16.3257032659531,0.947525608539581
"species_bathy_extrap_only",-16.0427523722172,0.947525608539581
"species_bathy_extrap_only",-15.7598014784813,0.947525608539581
"species_bathy_extrap_only",-15.4768505847454,0.947525608539581
"species_bathy_extrap_only",-15.1938996910095,0.947525608539581
"species_bathy_extrap_only",-14.9109487972736,0.947525608539581
"species_bathy_extrap_only",-14.6279979035378,0.947525608539581
"species_bathy_extrap_only",-14.3450470098019,0.947525608539581
"species_bathy_extrap_only",-14.062096116066,0.947525608539581
"species_bathy_extrap_only",-13.7791452223301,0.947525608539581
"species_bathy_extrap_only",-13.4961943285942,0.947525608539581
"species_bathy_extrap_only",-13.2132434348583,0.947525608539581
"species_bathy_extrap_only",-12.9302925411224,0.947525608539581
"species_bathy_extrap_only",-12.6473416473865,0.947525608539581
"species_bathy_extrap_only",-12.3643907536507,0.947525608539581
"species_bathy_extrap_only",-12.0814398599148,0.947525608539581
"species_bathy_extrap_only",-11.7984889661789,0.947525608539581
"species_bathy_extrap_only",-11.515538072443,0.947525608539581
"species_bathy_extrap_only",-11.2325871787071,0.947525608539581
"species_bathy_extrap_only",-10.9496362849712,0.947525608539581
"species_bathy_extrap_only",-10.6666853912353,0.947525608539581
"species_bathy_extrap_only",-10.3837344974995,0.947525608539581
"species_bathy_extrap_only",-10.1007836037636,0.947525608539581
"species_bathy_extrap_only",-9.81783271002769,0.947525608539581
"species_bathy_extrap_only",-9.53488181629181,0.947525608539581
"species_bathy_extrap_only",-9.25193092255592,0.947525608539581
"species_bathy_extrap_only",-8.96898002882004,0.947525608539581
"species_bathy_extrap_only",-8.68602913508415,0.947525608539581
"species_bathy_extrap_only",-8.40307824134826,0.947525608539581
"species_bathy_extrap_only",-8.12012734761238,0.947525608539581
"species_bathy_extrap_only",-7.83717645387649,0.947525608539581
"species_bathy_extrap_only",-7.55422556014061,0.947525608539581
"species_bathy_extrap_only",-7.27127466640472,0.947525608539581
"species_bathy_extrap_only",-6.98832377266883,0.947525608539581
"species_bathy_extrap_only",-6.70537287893295,0.947525608539581
"species_bathy_extrap_only",-6.42242198519707,0.947525608539581
"species_bathy_extrap_only",-6.13947109146118,0.947525608539581
"species_bathy_extrap_only",-5.85652019772529,0.947525608539581
"species_bathy_extrap_only",-5.57356930398941,0.947525608539581
"species_bathy_extrap_only",-5.29061841025352,0.947525608539581
"species_bathy_extrap_only",-5.00766751651764,0.947525608539581
"species_bathy_extrap_only",-4.72471662278175,0.947525608539581
"species_bathy_extrap_only",-4.44176572904586,0.947525608539581
"species_bathy_extrap_only",-4.15881483530998,0.947525608539581
"species_bathy_extrap_only",-3.87586394157409,0.947525608539581
"species_bathy_extrap_only",-3.59291304783821,0.947525608539581
"species_bathy_extrap_only",-3.30996215410232,0.947525608539581
"species_bathy_extrap_only",-3.02701126036644,0.947525608539581
"species_bathy_extrap_only",-2.74406036663055,0.947525608539581
"species_bathy_extrap_only",-2.46110947289466,0.947525608539581
"species_bathy_extrap_only",-2.17815857915878,0.947525608539581
"species_bathy_extrap_only",-1.89520768542289,0.947525608539581
"species_bathy_extrap_only",-1.61225679168701,0.947525608539581
"species_bathy_extrap_only",-1.32930589795112,0.947525608539581
"species_bathy_extrap_only",-1.04635500421524,0.947525608539581
"species_bathy_extrap_only",-0.76340411047935,0.947525608539581
"species_bathy_extrap_only",-0.480453216743463,0.947525608539581
"species_bathy_extrap_only",-0.19750232300758,0.947525608539581
"species_bathy_extrap_only",0.0854485707283068,0.947525608539581
"species_bathy_extrap_only",0.368399464464194,0.947525608539581
"species_bathy_extrap_only",0.65135035820008,0.947525608539581
"species_bathy_extrap_only",0.934301251935963,0.912299198253515
"species_bathy_extrap_only",1.21725214567185,0.87668411691452
"species_bathy_extrap_only",1.50020303940774,0.868595870856035
"species_bathy_extrap_only",1.78315393314362,0.860765858451757
"species_bathy_extrap_only",2.06610482687951,0.852098440745235
"species_bathy_extrap_only",2.34905572061539,0.843414577967577
"species_bathy_extrap_only",2.63200661435128,0.833847696372104
"species_bathy_extrap_only",2.91495750808717,0.824263239847386
"species_bathy_extrap_only",3.19790840182305,0.813760833843841
"species_bathy_extrap_only",3.48085929555894,0.803239918275384
"species_bathy_extrap_only",3.76381018929482,0.790693976919318
"species_bathy_extrap_only",4.04676108303071,0.778128872979668
"species_bathy_extrap_only",4.32971197676659,0.764418362823584
"species_bathy_extrap_only",4.61266287050248,0.750688411481499
"species_bathy_extrap_only",4.89561376423837,0.735886034478326
"species_bathy_extrap_only",5.17856465797425,0.721064400602266
"species_bathy_extrap_only",5.46151555171014,0.705227313497986
"species_bathy_extrap_only",5.74446644544602,0.6893716952132
"species_bathy_extrap_only",6.02741733918191,0.672591143099052
"species_bathy_extrap_only",6.31036823291779,0.655793386772099
"species_bathy_extrap_only",6.59331912665368,0.638195061537411
"species_bathy_extrap_only",6.87627002038957,0.620581483675344
"species_bathy_extrap_only",7.15922091412545,0.602323550245916
"species_bathy_extrap_only",7.44217180786134,0.584052922843413
"species_bathy_extrap_only",7.72512270159722,0.565321401509319
"species_bathy_extrap_only",8.00807359533311,0.546580284927969
"species_bathy_extrap_only",8.29102448906899,0.527582233373719
"species_bathy_extrap_only",8.57397538280488,0.508578115716862
"species_bathy_extrap_only",8.85692627654077,0.489532589440701
"species_bathy_extrap_only",9.13987717027665,0.470484799634821
"species_bathy_extrap_only",9.42282806401254,0.451612864299182
"species_bathy_extrap_only",9.70577895774842,0.432742558288663
"species_bathy_extrap_only",9.98872985148431,0.414257100722701
"species_bathy_extrap_only",10.2716807452202,0.39577706884389
"species_bathy_extrap_only",10.5546316389561,0.377873352483282
"species_bathy_extrap_only",10.837582532692,0.359978574874496
"species_bathy_extrap_only",11.1205334264279,0.342826541638382
"species_bathy_extrap_only",11.4034843201637,0.325686528855179
"species_bathy_extrap_only",11.6864352138996,0.309439040402566
"species_bathy_extrap_only",11.9693861076355,0.293206106392498
"species_bathy_extrap_only",12.2523370013714,0.278556590482934
"species_bathy_extrap_only",12.5352878951073,0.263923555284754
"species_bathy_extrap_only",12.8182387888432,0.250639102487968
"species_bathy_extrap_only",13.1011896825791,0.237372430835891
"species_bathy_extrap_only",13.3841405763149,0.225567668625023
"species_bathy_extrap_only",13.6670914700508,0.213781391111532
"species_bathy_extrap_only",13.9500423637867,0.20313823591594
"species_bathy_extrap_only",14.2329932575226,0.192537059256166
"species_bathy_extrap_only",14.5159441512585,0.183372579925798
"species_bathy_extrap_only",14.7988950449944,0.17427479168988
"species_bathy_extrap_only",15.0818459387303,0.16602331967238
"species_bathy_extrap_only",15.3647968324661,0.157789821692295
"species_bathy_extrap_only",15.647747726202,0.15022068385815
"species_bathy_extrap_only",15.9306986199379,0.142655945182362
"species_bathy_extrap_only",16.2136495136738,0.13572752805433
"species_bathy_extrap_only",16.4966004074097,0.128803397279013
"species_bathy_extrap_only",16.7795513011456,0.122513907845219
"species_bathy_extrap_only",17.0625021948814,0.116228578055957
"species_bathy_extrap_only",17.3454530886173,0.111292088157073
"species_bathy_extrap_only",17.6284039823532,0.106375498859926
"species_bathy_extrap_only",17.9113548760891,0.103794183315183
"species_bathy_extrap_only",18.194305769825,0.101243312612477
"species_bathy_extrap_only",18.4772566635609,0.0993372522196944
"species_bathy_extrap_only",18.7602075572968,0.0974315911376067
"species_bathy_extrap_only",19.0431584510326,0.0961768847976105
"species_bathy_extrap_only",19.3261093447685,0.0949225718631736
"species_bathy_extrap_only",19.6090602385044,0.0937357382750794
"species_bathy_extrap_only",19.8920111322403,0.0925492924386889
"species_bathy_extrap_only",20.1749620259762,0.0913905456970865
"species_bathy_extrap_only",20.4579129197121,0.0902321808520337
"species_bathy_extrap_only",20.740863813448,0.089100981671676
"species_bathy_extrap_only",21.0238147071838,0.087970158389384
"species_bathy_extrap_only",21.3067656009197,0.086865986575068
"species_bathy_extrap_only",21.5897164946556,0.0857621847986163
"species_bathy_extrap_only",21.8726673883915,0.0846845023864493
"species_bathy_extrap_only",22.1556182821274,0.0836071841775243
"species_bathy_extrap_only",22.4385691758633,0.0825554705627104
"species_bathy_extrap_only",22.7215200695992,0.0815041151190395
"species_bathy_extrap_only",23.004470963335,0.0804778395646233
"species_bathy_extrap_only",23.2874218570709,0.0794519163984733
"species_bathy_extrap_only",23.5703727508068,0.078450560327317
"species_bathy_extrap_only",23.8533236445427,0.07744955049884
"species_bathy_extrap_only",24.1362745382786,0.0764725926940684
"species_bathy_extrap_only",24.4192254320145,0.0754959754012862
"species_bathy_extrap_only",24.7021763257504,0.0745429076043116
"species_bathy_extrap_only",24.9851272194862,0.0735901743383361
"species_bathy_extrap_only",25.2680781132221,0.0726604782725116
"species_bathy_extrap_only",25.551029006958,0.0717311108387735
"species_bathy_extrap_only",25.8339799006939,0.070824289571738
"species_bathy_extrap_only",26.1169307944298,0.0699177910097493
"species_bathy_extrap_only",26.3998816881657,0.0690333421745756
"species_bathy_extrap_only",26.6828325819016,0.0681492103086623
"species_bathy_extrap_only",26.9657834756374,0.0672866448510542
"species_bathy_extrap_only",27.2487343693733,0.0664243905439115
"species_bathy_extrap_only",27.5316852631092,0.0655832149381953
"species_bathy_extrap_only",27.8146361568451,0.0647423445820229
"species_bathy_extrap_only",28.097587050581,0.0639220850927419
"species_bathy_extrap_only",28.3805379443169,0.0631021251966012
"species_bathy_extrap_only",28.6634888380528,0.0623023024543321
"species_bathy_extrap_only",28.9464397317886,0.0615027735666729
"species_bathy_extrap_only",29.2293906255245,0.0607229247490644
"species_bathy_extrap_only",29.5123415192604,0.05994336418229
"species_bathy_extrap_only",29.7952924129963,0.059183030727177
"species_bathy_extrap_only",30.0782433067322,0.0584229798914363
"species_bathy_extrap_only",30.3611942004681,0.0576817054713136
"species_bathy_extrap_only",30.644145094204,0.0569407080118564
"species_bathy_extrap_only",30.9270959879398,0.0562180519965406
"species_bathy_extrap_only",31.2100468816757,0.0554956675777324
"species_bathy_extrap_only",31.4929977754116,0.0547911897663191
"species_bathy_extrap_only",31.7759486691475,0.0540869780523049
"species_bathy_extrap_only",32.0588995628834,0.0534002500037011
"species_bathy_extrap_only",32.3418504566193,0.0527137825795549
"species_bathy_extrap_only",32.6248013503552,0.052044382292969
"species_bathy_extrap_only",32.907752244091,0.0513752374496548
"species_bathy_extrap_only",33.1907031378269,0.0507227512260525
"species_bathy_extrap_only",33.4736540315628,0.0500705150773499
"species_bathy_extrap_only",33.7566049252987,0.0494345389574216
"species_bathy_extrap_only",34.0395558190346,0.048798807675541
"species_bathy_extrap_only",34.3225067127705,0.0481789372758734
"species_bathy_extrap_only",34.6054576065064,0.0475593066607167
"species_bathy_extrap_only",34.8884085002422,0.0469551549980567
"species_bathy_extrap_only",35.1713593939781,0.0463512379857143
"species_bathy_extrap_only",35.454310287714,0.0457624219643623
"species_bathy_extrap_only",35.7372611814499,0.0451738355888908
"species_bathy_extrap_only",36.0202120751858,0.0445999821166009
"species_bathy_extrap_only",36.3031629689217,0.0440263532840394
"species_bathy_extrap_only",36.5861138626576,0.0434670906586056
"species_bathy_extrap_only",36.8690647563934,0.0429080479517414
"species_bathy_extrap_only",37.1520156501293,0.0423630199759016
"species_bathy_extrap_only",37.4349665438652,0.0418182070647273
"species_bathy_extrap_only",37.7179174376011,0.0412870610322206
"species_bathy_extrap_only",38.000868331337,0.0407561253121291
"species_bathy_extrap_only",38.2838192250729,0.0402385194812859
"species_bathy_extrap_only",38.5667701188088,0.0397211193374238
"species_bathy_extrap_only",38.8497210125446,0.0392167120961713
"species_bathy_extrap_only",39.1326719062805,0.0387125059136481
"species_bathy_extrap_only",39.4156228000164,0.0382209699988078
"species_bathy_extrap_only",39.6985736937523,0.0377296306915861
"species_bathy_extrap_only",39.9815245874882,0.0372506440751978
"species_bathy_extrap_only",40.2644754812241,0.0367718495863081
"species_bathy_extrap_only",40.54742637496,0.0363051000099439
"species_bathy_extrap_only",40.8303772686958,0.03583853815451
"species_bathy_extrap_only",41.1133281624317,0.0353837133685838
"species_bathy_extrap_only",41.3962790561676,0.0349290721483244
"species_bathy_extrap_only",41.6792299499035,0.0344858755341012
"species_bathy_extrap_only",41.9621808436394,0.0340428582242416
"species_bathy_extrap_only",42.2451317373753,0.0336109937298498
"species_bathy_extrap_only",42.5280826311112,0.0331793043507469
"species_bathy_extrap_only",42.811033524847,0.0327584894213428
"species_bathy_extrap_only",43.0939844185829,0.0323378455908835
"species_bathy_extrap_only",43.3769353123188,0.0319277946825491
"species_bathy_extrap_only",43.6598862060547,0.031517910852087
"species_bathy_extrap_only",43.9428370997906,0.031118353569077
"species_bathy_extrap_only",44.2257879935265,0.0307189594638027
"species_bathy_extrap_only",44.5087388872624,0.0303296283052829
"species_bathy_extrap_only",44.7916897809983,0.0299404564443547
"species_bathy_extrap_only",45.0746406747341,0.029561092961737
"species_bathy_extrap_only",45.35759156847,0.0291818849913849
"species_bathy_extrap_only",45.6405424622059,0.0288122318730772
"species_bathy_extrap_only",45.9234933559418,0.0284427306504709
"species_bathy_extrap_only",46.2064442496777,0.0280825420782509
"species_bathy_extrap_only",46.4893951434136,0.0277225017294531
"species_bathy_extrap_only",46.7723460371494,0.0273715349027158
"species_bathy_extrap_only",47.0552969308853,0.0270207127203961
"species_bathy_extrap_only",47.3382478246212,0.0266787318927488
"species_bathy_extrap_only",47.6211987183571,0.0263368922477754
"species_bathy_extrap_only",47.904149612093,0.0260036692225854
"species_bathy_extrap_only",48.1871005058289,0.0256705839364072
"species_bathy_extrap_only",48.4700513995648,0.0253458901642528
"species_bathy_extrap_only",48.7530022933007,0.025021330779032
"species_bathy_extrap_only",49.0359531870365,0.0247049499115889
"species_bathy_extrap_only",49.3189040807724,0.0243887001699239
"species_bathy_extrap_only",49.6018549745083,0.0240804178640512
"species_bathy_extrap_only",49.8848058682442,0.0237722634643544
"species_bathy_extrap_only",50.1677567619801,0.0234718729451248
"species_bathy_extrap_only",50.450707655716,0.0231716071295215
"species_bathy_extrap_only",50.7336585494519,0.0228789031981603
"species_bathy_extrap_only",51.0166094431877,0.0225863209785826
"species_bathy_extrap_only",51.2995603369236,0.0223011068300381
"species_bathy_extrap_only",51.5825112306595,0.0220160113207777
"species_bathy_extrap_only",51.8654621243954,0.0217380946704952
"species_bathy_extrap_only",52.1484130181313,0.0214602937357909
"species_bathy_extrap_only",52.4313639118672,0.0211894870889662
"species_bathy_extrap_only",52.714314805603,0.0209187932496698
"species_bathy_extrap_only",52.9972656993389,0.0206549111699744
"species_bathy_extrap_only",53.2802165930748,0.020391139089108
"species_bathy_extrap_only",53.5631674868107,0.0201340041406646
"species_bathy_extrap_only",53.8461183805466,0.0198769763974926
"species_bathy_extrap_only",54.1290692742825,0.0196264144835366
"species_bathy_extrap_only",54.4120201680184,0.0193759571033819
"species_bathy_extrap_only",54.6949710617542,0.0191317995787784
"species_bathy_extrap_only",54.9779219554901,0.0188877438954477
"species_bathy_extrap_only",55.260872849226,0.0186498239283633
"species_bathy_extrap_only",55.5438237429619,0.0184120032782456
"species_bathy_extrap_only",55.8267746366978,0.0181801606061467
"species_bathy_extrap_only",56.1097255304337,0.0179484147051355
"species_bathy_extrap_only",56.3926764241696,0.0177224923824076
"species_bathy_extrap_only",56.6756273179055,0.0174966643457975
"species_bathy_extrap_only",56.9585782116413,0.0172765106193854
"species_bathy_extrap_only",57.2415291053772,0.0170564487779873
"species_bathy_extrap_only",57.5244799991131,0.0168419125941095
"species_bathy_extrap_only",57.807430892849,0.0166274659306971
"species_bathy_extrap_only",58.0903817865849,0.0164184029996624
"species_bathy_extrap_only",58.3733326803208,0.0162094272957561
"species_bathy_extrap_only",58.6562835740567,0.0160056965878612
"species_bathy_extrap_only",58.9392344677925,0.0158020508380627
"species_bathy_extrap_only",59.2221853615284,0.0156035150494544
"species_bathy_extrap_only",59.5051362552643,0.0154050620203135
"species_bathy_extrap_only",59.7880871490002,0.015211585745496
"species_bathy_extrap_only",60.0710380427361,0.0150181901128842
"species_bathy_extrap_only",60.353988936472,0.0148296435221587
"species_bathy_extrap_only",60.6369398302079,0.0146411754567321
"species_bathy_extrap_only",60.9198907239437,0.0144574311083111
"species_bathy_extrap_only",61.2028416176796,0.0142737632488412
"species_bathy_extrap_only",61.4857925114155,0.0140946979030285
"species_bathy_extrap_only",61.7687434051514,0.0139157070326903
"species_bathy_extrap_only",62.0516942988873,0.013741198464189
"species_bathy_extrap_only",62.3346451926232,0.013566762437289
"species_bathy_extrap_only",62.617596086359,0.0133966937048601
"species_bathy_extrap_only",62.900546980095,0.0132266955911111
"species_bathy_extrap_only",63.1834978738308,0.0130609520494526
"species_bathy_extrap_only",63.4664487675667,0.0128952772935685
"species_bathy_extrap_only",63.7493996613026,0.0127337482531855
"species_bathy_extrap_only",64.0323505550385,0.0125722861648506
"species_bathy_extrap_only",64.3153014487744,0.0124148609266707
"species_bathy_extrap_only",64.5982523425102,0.012257500862209
"species_bathy_extrap_only",64.8812032362461,0.0121040750625689
"species_bathy_extrap_only",65.164154129982,0.0119507127580109
"species_bathy_extrap_only",65.4471050237179,0.0118011826668802
"species_bathy_extrap_only",65.7300559174538,0.0116517143237891
"species_bathy_extrap_only",66.0130068111897,0.011505979724765
"species_bathy_extrap_only",66.2959577049256,0.011360305270215
"species_bathy_extrap_only",66.5789085986615,0.0112182686899845
"species_bathy_extrap_only",66.8618594923973,0.0110762906820725
"species_bathy_extrap_only",67.1448103861332,0.0109378560916613
"species_bathy_extrap_only",67.4277612798691,0.0107994784387826
"species_bathy_extrap_only",67.710712173605,0.010664555312191
"species_bathy_extrap_only",67.9936630673409,0.010529687673952
"species_bathy_extrap_only",68.2766139610768,0.0103981819534049
"species_bathy_extrap_only",68.5595648548126,0.0102667301708055
"species_bathy_extrap_only",68.8425157485485,0.0101385562200091
"species_bathy_extrap_only",69.1254666422844,0.0100104348188895
"species_bathy_extrap_only",69.4084175360203,0.00988550585099221
"species_bathy_extrap_only",69.6913684297562,0.00976062796005255
"species_bathy_extrap_only",69.9743193234921,0.00963886148350844
"species_bathy_extrap_only",70.257270217228,0.00951714477190369
"species_bathy_extrap_only",70.5402211109638,0.0093984586617539
"species_bathy_extrap_only",70.8231720046997,0.00927982091488896
"species_bathy_extrap_only",71.1061228984356,0.00916413623448573
"species_bathy_extrap_only",71.3890737921715,0.00904849863728587
"species_bathy_extrap_only",71.6720246859074,0.0089357388367946
"species_bathy_extrap_only",71.9549755796433,0.00882302487926357
"species_bathy_extrap_only",72.2379264733792,0.00871311491310425
"species_bathy_extrap_only",72.520877367115,0.008603249482101
"species_bathy_extrap_only",72.8038282608509,0.00849611512251896
"species_bathy_extrap_only",73.0867791545868,0.00838902415290683
"species_bathy_extrap_only",73.3697300483227,0.0082845941941491
"species_bathy_extrap_only",73.6526809420586,0.00818020639131069
"species_bathy_extrap_only",73.9356318357945,0.00807841233799005
"species_bathy_extrap_only",74.2185827295304,0.00797665934119457
"species_bathy_extrap_only",74.5015336232663,0.00787743286483072
"species_bathy_extrap_only",74.7844845170021,0.00777824627829419
"species_bathy_extrap_only",75.067435410738,0.00768152182034937
"species_bathy_extrap_only",75.3503863044739,0.00758483618211005
"species_bathy_extrap_only",75.6333371982098,0.00749055007043425
"species_bathy_extrap_only",75.9162880919457,0.00739630174630613
"species_bathy_extrap_only",76.1992389856816,0.00730439085824623
"species_bathy_extrap_only",76.4821898794174,0.0072125166796127
"species_bathy_extrap_only",76.7651407731533,0.00712292162942441
"species_bathy_extrap_only",77.0480916668892,0.00703336231611517
"species_bathy_extrap_only",77.3310425606251,0.00694602159936433
"species_bathy_extrap_only",77.613993454361,0.00685871560101842
"species_bathy_extrap_only",77.8969443480969,0.00677357291807849
"species_bathy_extrap_only",78.1798952418328,0.00668846403961434
"species_bathy_extrap_only",78.4628461355687,0.00660546265776794
"species_bathy_extrap_only",78.7457970293045,0.00652249411027557
"species_bathy_extrap_only",79.0287479230404,0.00644157997773174
"species_bathy_extrap_only",79.3116988167763,0.0063606978130096
"species_bathy_extrap_only",79.5946497105122,0.00628181685773703
"species_bathy_extrap_only",79.8776006042481,0.00620296695285951
"species_bathy_extrap_only",80.160551497984,0.00612606770415046
"species_bathy_extrap_only",80.4435023917198,0.00604919866042994
"species_bathy_extrap_only",80.7264532854557,0.00597423055550355
"species_bathy_extrap_only",81.0094041791916,0.00589929183576253
"species_bathy_extrap_only",81.2923550729275,0.00582620548677591
"species_bathy_extrap_only",81.5753059666634,0.00575314768301957
"species_bathy_extrap_only",81.8582568603993,0.00568189596943407
"species_bathy_extrap_only",82.1412077541352,0.00561067203702725
"species_bathy_extrap_only",82.424158647871,0.00554120650182981
"species_bathy_extrap_only",82.7071095416069,0.00547176794085857
"species_bathy_extrap_only",82.9900604353428,0.00540404419415052
"species_bathy_extrap_only",83.2730113290787,0.0053363467074548
"species_bathy_extrap_only",83.5559622228146,0.00527031991773472
"species_bathy_extrap_only",83.8389131165505,0.00520431862598136
"species_bathy_extrap_only",84.1218640102864,0.00513994583439084
"species_bathy_extrap_only",84.4048149040222,0.00507559784323823
"species_bathy_extrap_only",84.6877657977581,0.00501283724791674
"species_bathy_extrap_only",84.970716691494,0.0049501007748171
"species_bathy_extrap_only",85.2536675852299,0.00488891088368591
"species_bathy_extrap_only",85.5366184789658,0.0048277444137962
"species_bathy_extrap_only",85.8195693727017,0.00476808579831419
"species_bathy_extrap_only",86.1025202664376,0.0047084499764242
"species_bathy_extrap_only",86.3854711601735,0.00465028375541721
"species_bathy_extrap_only",86.6684220539093,0.0045921396627961
"species_bathy_extrap_only",86.9513729476452,0.00453542735388754
"species_bathy_extrap_only",87.2343238413811,0.00447873657833515
"species_bathy_extrap_only",87.517274735117,0.00442344140253737
"species_bathy_extrap_only",87.8002256288529,0.00436816713249532
"species_bathy_extrap_only",88.0831765225888,0.00431425352583114
"species_bathy_extrap_only",88.3661274163246,0.00426036025952366
"species_bathy_extrap_only",88.6490783100605,0.00420779278613726
"species_bathy_extrap_only",88.9320292037964,0.00415524506247882
"species_bathy_extrap_only",89.2149800975323,0.00410398986287942
"species_bathy_extrap_only",89.4979309912682,0.00405275386230943
"species_bathy_extrap_only",89.7808818850041,0.00400277782761623
"species_bathy_extrap_only",90.06383277874,0.0039528204640274
"species_bathy_extrap_only",90.3467836724758,0.00390409076707423
"species_bathy_extrap_only",90.6297345662117,0.00385537919296472
"species_bathy_extrap_only",90.9126854599476,0.00380786521910233
"species_bathy_extrap_only",91.1956363536835,0.00376036888046241
"species_bathy_extrap_only",91.4785872474194,0.00371403858752173
"species_bathy_extrap_only",91.7615381411553,0.00366772540522283
"species_bathy_extrap_only",92.0444890348912,0.00362254956561843
"species_bathy_extrap_only",92.3274399286271,0.00357739037685525
"species_bathy_extrap_only",92.6103908223629,0.0035333396502859
"species_bathy_extrap_only",92.8933417160988,0.00348930508263666
"species_bathy_extrap_only",93.1762926098347,0.00344635101993647
"species_bathy_extrap_only",93.4592435035706,0.00340341266730466
"species_bathy_extrap_only",93.7421943973065,0.00336152787450804
"species_bathy_extrap_only",94.0251452910424,0.00331965835527034
"species_bathy_extrap_only",94.3080961847782,0.0032788154779474
"species_bathy_extrap_only",94.5910470785141,0.00323798742208528
"species_bathy_extrap_only",94.87399797225,0.00319816045194987
"species_bathy_extrap_only",95.1569488659859,0.00315834789815747
"species_bathy_extrap_only",95.4398997597218,0.00311951134812135
"species_bathy_extrap_only",95.7228506534577,0.00308068878906663
"species_bathy_extrap_only",96.0058015471936,0.003042817165289
"species_bathy_extrap_only",96.2887524409294,0.00300495914901532
"species_bathy_extrap_only",96.5717033346653,0.00296802832416719
"species_bathy_extrap_only",96.8546542284012,0.00293111070543851
"species_bathy_extrap_only",97.1376051221371,0.00289509716977141
"species_bathy_extrap_only",97.420556015873,0.00285909647571911
"species_bathy_extrap_only",97.7035069096089,0.00282397695010138
"species_bathy_extrap_only",97.9864578033448,0.00278886988826842
"species_bathy_extrap_only",98.2694086970806,0.00275462190493398
"species_bathy_extrap_only",98.5523595908165,0.00272038603274112
"species_bathy_extrap_only",98.8353104845524,0.00268698789035628
"species_bathy_extrap_only",99.1182613782883,0.00265360151903415
"species_bathy_extrap_only",99.4012122720242,0.00262103160924946
"species_bathy_extrap_only",99.6841631657601,0.00258847312276759
"species_bathy_extrap_only",99.967114059496,0.00255671079646671
"species_bathy_extrap_only",100.250064953232,0.00252495957711575
"species_bathy_extrap_only",100.533015846968,0.00249398466932282
"species_bathy_extrap_only",100.815966740704,0.00246302053882909
"species_bathy_extrap_only",101.09891763444,0.00243281289376099
"species_bathy_extrap_only",101.381868528175,0.00240261572629514
"species_bathy_extrap_only",101.664819421911,0.00237315615466806
"species_bathy_extrap_only",101.947770315647,0.00234370674987496
"species_bathy_extrap_only",102.230721209383,0.00231497665589223
"species_bathy_extrap_only",102.513672103119,0.00228625644210547
"species_bathy_extrap_only",102.796622996855,0.00225823752236381
"species_bathy_extrap_only",103.079573890591,0.00223022820149984
"species_bathy_extrap_only",103.362524784327,0.00220290252473747
"species_bathy_extrap_only",103.645475678062,0.00217558616104166
"species_bathy_extrap_only",103.928426571798,0.00214893650422874
"species_bathy_extrap_only",104.211377465534,0.00212229590269408
"species_bathy_extrap_only",104.49432835927,0.00209630516511632
"species_bathy_extrap_only",104.777279253006,0.00207032321073686
"species_bathy_extrap_only",105.060230146742,0.0020449753032825
"species_bathy_extrap_only",105.343181040478,0.0020196359346661
"species_bathy_extrap_only",105.626131934214,0.00199491412553018
"species_bathy_extrap_only",105.90908282795,0.00197020059877
"species_bathy_extrap_only",106.192033721685,0.00194608963261757
"species_bathy_extrap_only",106.474984615421,0.00192198671871399
"species_bathy_extrap_only",106.757935509157,0.00189847115594558
"species_bathy_extrap_only",107.040886402893,0.0018749634032248
"species_bathy_extrap_only",107.323837296629,0.00185202845683873
"species_bathy_extrap_only",107.606788190365,0.00182910109906351
"species_bathy_extrap_only",107.889739084101,0.0018067323294223
"species_bathy_extrap_only",108.172689977837,0.00178437093068848
"species_bathy_extrap_only",108.455640871573,0.00176255406014459
"species_bathy_extrap_only",108.738591765308,0.0017407443402443
"species_bathy_extrap_only",109.021542659044,0.0017194657004347
"species_bathy_extrap_only",109.30449355278,0.00169819400929476
"species_bathy_extrap_only",109.587444446516,0.0016774402818324
"species_bathy_extrap_only",109.870395340252,0.00165669329532644
"species_bathy_extrap_only",110.153346233988,0.00163645109688927
"species_bathy_extrap_only",110.436297127724,0.00161621544872483
"species_bathy_extrap_only",110.71924802146,0.00159647202513616
"species_bathy_extrap_only",111.002198915196,0.00157673495436208
"species_bathy_extrap_only",111.285149808931,0.00155747803821385
"species_bathy_extrap_only",111.568100702667,0.00153822729322816
"species_bathy_extrap_only",111.851051596403,0.00151944478565744
"species_bathy_extrap_only",112.134002490139,0.00150066827202574
"species_bathy_extrap_only",112.416953383875,0.00148234822490578
"species_bathy_extrap_only",112.699904277611,0.00146403399079094
"species_bathy_extrap_only",112.982855171347,0.00144616502006799
"species_bathy_extrap_only",113.265806065083,0.00142830169792676
"species_bathy_extrap_only",113.548756958818,0.00141087243020808
"species_bathy_extrap_only",113.831707852554,0.00139344863938096
"species_bathy_extrap_only",114.11465874629,0.00137644848555042
"species_bathy_extrap_only",114.397609640026,0.00135945365523102
"species_bathy_extrap_only",114.680560533762,0.00134287142652499
"species_bathy_extrap_only",114.963511427498,0.00132629435869526
"species_bathy_extrap_only",115.246462321234,0.00131011996174635
"species_bathy_extrap_only",115.52941321497,0.00129395057964893
"species_bathy_extrap_only",115.812364108706,0.00127817380350656
"species_bathy_extrap_only",116.095315002441,0.00126240188994085
"species_bathy_extrap_only",116.378265896177,0.00124701286124008
"species_bathy_extrap_only",116.661216789913,0.0012316285548251
"species_bathy_extrap_only",116.944167683649,0.00121661770332583
"species_bathy_extrap_only",117.227118577385,0.00120161143736262
"species_bathy_extrap_only",117.510069471121,0.00118696931824288
"species_bathy_extrap_only",117.793020364857,0.00117233164462025
"species_bathy_extrap_only",118.075971258593,0.00115804913833219
"species_bathy_extrap_only",118.358922152329,0.00114377095166756
"species_bathy_extrap_only",118.641873046064,0.00112983909581491
"species_bathy_extrap_only",118.9248239398,0.00111591142749648
"species_bathy_extrap_only",119.207774833536,0.00110232172552325
"species_bathy_extrap_only",119.490725727272,0.00108873609154556
"species_bathy_extrap_only",119.773676621008,0.0010754797003939
"species_bathy_extrap_only",120.056627514744,0.00106222725293982
"species_bathy_extrap_only",120.33957840848,0.00104929610496796
"species_bathy_extrap_only",120.622529302216,0.00103636878641119
"species_bathy_extrap_only",120.905480195952,0.0010237548514894
"species_bathy_extrap_only",121.188431089687,0.00101114463403851
"species_bathy_extrap_only",121.471381983423,0.000998839985227955
"species_bathy_extrap_only",121.754332877159,0.000986538940037637
"species_bathy_extrap_only",122.037283770895,0.000974535979742008
"species_bathy_extrap_only",122.320234664631,0.000962536519961088
"species_bathy_extrap_only",122.603185558367,0.000950827717347241
"species_bathy_extrap_only",122.886136452103,0.000939122307406263
"species_bathy_extrap_only",123.169087345839,0.00092770045955173
"species_bathy_extrap_only",123.452038239574,0.000916281908060449
"species_bathy_extrap_only",123.73498913331,0.000905139947904252
"species_bathy_extrap_only",124.017940027046,0.000894001181689506
"species_bathy_extrap_only",124.300890920782,0.000883132050981445
"species_bathy_extrap_only",124.583841814518,0.000872266022724991
"species_bathy_extrap_only",124.866792708254,0.000861662992344945
"species_bathy_extrap_only",125.14974360199,0.000851062968673472
"species_bathy_extrap_only",125.432694495726,0.000840719515208994
"species_bathy_extrap_only",125.715645389462,0.000830378980317555
"species_bathy_extrap_only",125.998596283197,0.000820288719943993
"species_bathy_extrap_only",126.281547176933,0.000810201293002397
"species_bathy_extrap_only",126.564498070669,0.000800357908871135
"species_bathy_extrap_only",126.847448964405,0.000790517270158045
"species_bathy_extrap_only",127.130399858141,0.000780914743736082
"species_bathy_extrap_only",127.413350751877,0.000771314883506629
"species_bathy_extrap_only",127.696301645613,0.000761947179988509
"species_bathy_extrap_only",127.979252539349,0.000752582060111254
"species_bathy_extrap_only",128.262203433085,0.000743443549788151
"species_bathy_extrap_only",128.54515432682,0.000734307548334805
"species_bathy_extrap_only",128.828105220556,0.000725392371816344
"species_bathy_extrap_only",129.111056114292,0.000716479627837667
"species_bathy_extrap_only",129.394007008028,0.000707782290293591
"species_bathy_extrap_only",129.676957901764,0.000699087309183664
"species_bathy_extrap_only",129.9599087955,0.00069060258745618
"species_bathy_extrap_only",130.242859689236,0.000682120156943226
"species_bathy_extrap_only",130.525810582972,0.000673842716900572
"species_bathy_extrap_only",130.808761476707,0.000665567496273212
"species_bathy_extrap_only",131.091712370443,0.000657492194662374
"species_bathy_extrap_only",131.374663264179,0.000649419043668179
"species_bathy_extrap_only",131.657614157915,0.000641541022468871
"species_bathy_extrap_only",131.940565051651,0.000633665091186217
"species_bathy_extrap_only",132.223515945387,0.000625979419853695
"species_bathy_extrap_only",132.506466839123,0.000618295773583421
"species_bathy_extrap_only",132.789417732859,0.000610797709272589
"species_bathy_extrap_only",133.072368626595,0.000603301608500562
"species_bathy_extrap_only",133.35531952033,0.00059598650139827
"species_bathy_extrap_only",133.638270414066,0.000588673296649757
"species_bathy_extrap_only",133.921221307802,0.000581536748108141
"species_bathy_extrap_only",134.204172201538,0.000574402048406328
"species_bathy_extrap_only",134.487123095274,0.000567439595042316
"species_bathy_extrap_only",134.77007398901,0.000560478932270882
"species_bathy_extrap_only",135.053024882746,0.000553686260011842
"species_bathy_extrap_only",135.335975776482,0.000546895322492722
"species_bathy_extrap_only",135.618926670218,0.000540268477514571
"species_bathy_extrap_only",135.901877563953,0.000533643318112406
"species_bathy_extrap_only",136.184828457689,0.000527177919842698
"species_bathy_extrap_only",136.467779351425,0.000520714154125015
"species_bathy_extrap_only",136.750730245161,0.000514406364518572
"species_bathy_extrap_only",137.033681138897,0.000508100157577064
"species_bathy_extrap_only",137.316632032633,0.000501946058118331
"species_bathy_extrap_only",137.599582926369,0.000495793492099347
"species_bathy_extrap_only",137.882533820105,0.000489789395418498
"species_bathy_extrap_only",138.165484713841,0.000483786788040722
"species_bathy_extrap_only",138.448435607576,0.000477928967880698
"species_bathy_extrap_only",138.731386501312,0.000472072590288072
"species_bathy_extrap_only",139.014337395048,0.000466357421532404
"species_bathy_extrap_only",139.297288288784,0.000460643649644383
"species_bathy_extrap_only",139.58023918252,0.000455067708149152
"species_bathy_extrap_only",139.863190076256,0.000449493123993344
"species_bathy_extrap_only",140.146140969992,0.000444052945533189
"species_bathy_extrap_only",140.429091863728,0.00043861408092046
"species_bathy_extrap_only",140.712042757463,0.000433306347097365
"species_bathy_extrap_only",140.994993651199,0.000427999887371047
"species_bathy_extrap_only",141.277944544935,0.000422821309429107
"species_bathy_extrap_only",141.560895438671,0.00041764396484867
"species_bathy_extrap_only",141.843846332407,0.000412591441820131
"species_bathy_extrap_only",142.126797226143,0.000407540116837094
"species_bathy_extrap_only",142.409748119879,0.000402610530622125
"species_bathy_extrap_only",142.692699013615,0.000397682104394865
"species_bathy_extrap_only",142.975649907351,0.000392872413138141
"species_bathy_extrap_only",143.258600801086,0.000388063845136289
"species_bathy_extrap_only",143.541551694822,0.000383371165234488
"species_bathy_extrap_only",143.824502588558,0.00037867957601067
"species_bathy_extrap_only",144.107453482294,0.000374101019327108
"species_bathy_extrap_only",144.39040437603,0.000369523518603501
"species_bathy_extrap_only",144.673355269766,0.000365056367003251
"species_bathy_extrap_only",144.956306163502,0.000360590238675433
"species_bathy_extrap_only",145.239257057238,0.000356231568646503
"species_bathy_extrap_only",145.522207950974,0.000351873889244399
"species_bathy_extrap_only",145.805158844709,0.000347621185480431
"species_bathy_extrap_only",146.088109738445,0.000343369443728452
"species_bathy_extrap_only",146.371060632181,0.00033922009438083
"species_bathy_extrap_only",146.654011525917,0.000335071676131492
"species_bathy_extrap_only",146.936962419653,0.000331023140860403
"species_bathy_extrap_only",147.219913313389,0.000326975507823541
"species_bathy_extrap_only",147.502864207125,0.000323025304072697
"species_bathy_extrap_only",147.785815100861,0.000319075973526833
"species_bathy_extrap_only",148.068765994597,0.000315221739911964
"species_bathy_extrap_only",148.351716888332,0.000311368354110817
"species_bathy_extrap_only",148.634667782068,0.000307607720319661
"species_bathy_extrap_only",148.917618675804,0.000303847907049093
"species_bathy_extrap_only",149.20056956954,0.000300178563720485
"species_bathy_extrap_only",149.483520463276,0.000296510014523944
"species_bathy_extrap_only",149.766471357012,0.000292929774703139
"species_bathy_extrap_only",150.049422250748,0.000289350305734039
"species_bathy_extrap_only",150.332373144484,0.000285856975446359
"species_bathy_extrap_only",150.615324038219,0.000282364391028365
"species_bathy_extrap_only",150.898274931955,0.000278955842158063
"species_bathy_extrap_only",151.181225825691,0.000275548015923215
"species_bathy_extrap_only",151.464176719427,0.000272222150752738
"species_bathy_extrap_only",151.747127613163,0.000268896984616355
"species_bathy_extrap_only",152.030078506899,0.000265651833768084
"species_bathy_extrap_only",152.313029400635,0.000262407361623212
"species_bathy_extrap_only",152.595980294371,0.000259240933547508
"species_bathy_extrap_only",152.878931188107,0.000256075161995464
"species_bathy_extrap_only",153.161882081842,0.00025298550984749
"species_bathy_extrap_only",153.444832975578,0.000249896492876272
"species_bathy_extrap_only",153.727783869314,0.000246881789153819
"species_bathy_extrap_only",154.01073476305,0.000243867701858686
"species_bathy_extrap_only",154.293685656786,0.000240926148888595
"species_bathy_extrap_only",154.576636550522,0.000237985192280237
"species_bathy_extrap_only",154.859587444258,0.000235114898029058
"species_bathy_extrap_only",155.142538337994,0.000232245181125645
"species_bathy_extrap_only",155.42548923173,0.00022944443854153
"species_bathy_extrap_only",155.708440125465,0.000226644254579674
"species_bathy_extrap_only",155.991391019201,0.00022391141118808
"species_bathy_extrap_only",156.274341912937,0.000221179109708429
"species_bathy_extrap_only",156.557292806673,0.000218512485669937
"species_bathy_extrap_only",156.840243700409,0.000215846385786234
"species_bathy_extrap_only",157.123194594145,0.000213244352036131
"species_bathy_extrap_only",157.406145487881,0.00021064282520469
"species_bathy_extrap_only",157.689096381617,0.00020810384863431
"species_bathy_extrap_only",157.972047275353,0.000205565363952878
"species_bathy_extrap_only",158.254998169088,0.000203087879950609
"species_bathy_extrap_only",158.537949062824,0.000200610871450457
"species_bathy_extrap_only",158.82089995656,0.000198193386878394
"species_bathy_extrap_only",159.103850850296,0.000195776362718632
"species_bathy_extrap_only",159.386801744032,0.000193417403207233
"species_bathy_extrap_only",159.669752637768,0.000191058888871694
"species_bathy_extrap_only",159.952703531504,0.000188757054945663
"species_bathy_extrap_only",160.23565442524,0.000186455652776513
"species_bathy_extrap_only",160.518605318975,0.000184209540125165
"species_bathy_extrap_only",160.801556212711,0.00018196384491189
"species_bathy_extrap_only",161.084507106447,0.000179772081155688
"species_bathy_extrap_only",161.367458000183,0.000177580720953544
"species_bathy_extrap_only",161.650408893919,0.000175442016286011
"species_bathy_extrap_only",161.933359787655,0.000173303703057173
"species_bathy_extrap_only",162.216310681391,0.000171216749808952
"species_bathy_extrap_only",162.499261575127,0.000169130174842876
"species_bathy_extrap_only",162.782212468863,0.000167093710820891
"species_bathy_extrap_only",163.065163362598,0.000165057612908552
"species_bathy_extrap_only",163.348114256334,0.000163070439467894
"species_bathy_extrap_only",163.63106515007,0.000161083619881691
"species_bathy_extrap_only",163.914016043806,0.000159144485749692
"species_bathy_extrap_only",164.196966937542,0.000157205694699067
"species_bathy_extrap_only",164.479917831278,0.000155313453219034
"species_bathy_extrap_only",164.762868725014,0.000153421543250729
"species_bathy_extrap_only",165.04581961875,0.000151575061236142
"species_bathy_extrap_only",165.328770512486,0.000149728899997239
"species_bathy_extrap_only",165.611721406221,0.000147927046707304
"species_bathy_extrap_only",165.894672299957,0.00014612550336743
"species_bathy_extrap_only",166.177623193693,0.000144367219485274
"species_bathy_extrap_only",166.460574087429,0.000142609236046577
"species_bathy_extrap_only",166.743524981165,0.000140893456263191
"species_bathy_extrap_only",167.026475874901,0.000139177966743849
"species_bathy_extrap_only",167.309426768637,0.000137503639984862
"species_bathy_extrap_only",167.592377662373,0.000135829593683566
"species_bathy_extrap_only",167.875328556109,0.000134195737961261
"species_bathy_extrap_only",168.158279449844,0.00013256215403006
"species_bathy_extrap_only",168.44123034358,0.000130967772987788
"species_bathy_extrap_only",168.724181237316,0.000129373654477802
"species_bathy_extrap_only",169.007132131052,0.000127817794122125
"species_bathy_extrap_only",169.290083024788,0.000126262187674164
"species_bathy_extrap_only",169.573033918524,0.00012474389969997
"species_bathy_extrap_only",169.85598481226,0.000123225856910725
"species_bathy_extrap_only",170.138935705996,0.000121744248473171
"species_bathy_extrap_only",170.421886599731,0.000120262877627899
"species_bathy_extrap_only",170.704837493467,0.000118817047903423
"species_bathy_extrap_only",170.987788387203,0.000117371447598392
"species_bathy_extrap_only",171.270739280939,0.000115960520935652
"species_bathy_extrap_only",171.553690174675,0.000114549815825013
"species_bathy_extrap_only",171.836641068411,0.000113172963018601
"species_bathy_extrap_only",172.119591962147,0.000111796324826445
"species_bathy_extrap_only",172.402542855883,0.000110452709133005
"species_bathy_extrap_only",172.685493749619,0.000109109300645198
"species_bathy_extrap_only",172.968444643354,0.000107798142525267
"species_bathy_extrap_only",173.25139553709,0.000106487184657334
"species_bathy_extrap_only",173.534346430826,0.000105207635778008
"species_bathy_extrap_only",173.817297324562,0.000103928280255521
"species_bathy_extrap_only",174.100248218298,0.000102679616338167
"species_bathy_extrap_only",174.383199112034,0.000101431139581147
"species_bathy_extrap_only",174.66615000577,0.000100212605482538
"species_bathy_extrap_only",174.949100899506,9.89942521113666e-05
"species_bathy_extrap_only",175.232051793242,9.78051066334441e-05
"species_bathy_extrap_only",175.515002686977,9.66161355361968e-05
"species_bathy_extrap_only",175.797953580713,9.54556844376907e-05
"species_bathy_extrap_only",176.080904474449,9.42954021746377e-05
"species_bathy_extrap_only",176.363855368185,9.3162939704178e-05
"species_bathy_extrap_only",176.646806261921,9.20306401346161e-05
"species_bathy_extrap_only",176.929757155657,9.09254899233837e-05
"species_bathy_extrap_only",177.212708049393,8.98204970806039e-05
"species_bathy_extrap_only",177.495658943129,8.87419886222758e-05
"species_bathy_extrap_only",177.778609836865,8.76636319847378e-05
"species_bathy_extrap_only",178.0615607306,8.66111366521782e-05
"species_bathy_extrap_only",178.344511624336,8.55587882541245e-05
"species_bathy_extrap_only",178.627462518072,8.45316663371953e-05
"species_bathy_extrap_only",178.910413411808,8.35046861488286e-05
"species_bathy_extrap_only",179.193364305544,8.25023162992921e-05
"species_bathy_extrap_only",179.47631519928,8.15000831634045e-05
"species_bathy_extrap_only",179.759266093016,8.05218799753604e-05
"species_bathy_extrap_only",180.042216986752,7.95438090373201e-05
"species_bathy_extrap_only",180.325167880487,7.85891812844886e-05
"species_bathy_extrap_only",180.608118774223,7.76346810772666e-05
"species_bathy_extrap_only",180.891069667959,7.67030572965838e-05
"species_bathy_extrap_only",181.174020561695,7.57715566245192e-05
"species_bathy_extrap_only",181.456971455431,7.4862373841346e-05
"species_bathy_extrap_only",181.739922349167,7.39533097794237e-05
"species_bathy_extrap_only",182.022873242903,7.30660533555601e-05
"species_bathy_extrap_only",182.305824136639,7.21789117068815e-05
"species_bathy_extrap_only",182.588775030375,7.131301262225e-05
"species_bathy_extrap_only",182.87172592411,7.04472242155697e-05
"species_bathy_extrap_only",183.154676817846,6.96021813244783e-05
"species_bathy_extrap_only",183.437627711582,6.87572451841747e-05
"species_bathy_extrap_only",183.720578605318,6.79325473474374e-05
"species_bathy_extrap_only",184.003529499054,6.71079524196939e-05
"species_bathy_extrap_only",184.28648039279,6.63031207846639e-05
"species_bathy_extrap_only",184.569431286526,6.54983886229156e-05
"species_bathy_extrap_only",184.852382180262,6.471293677487e-05
"species_bathy_extrap_only",185.135333073998,6.3927580762789e-05
"species_bathy_extrap_only",185.418283967733,6.31610334338294e-05
"species_bathy_extrap_only",185.701234861469,6.23945784378888e-05
"species_bathy_extrap_only",185.984185755205,6.16464897475183e-05
"species_bathy_extrap_only",186.267136648941,6.0898490291341e-05
"species_bathy_extrap_only",186.550087542677,6.01684082176314e-05
"species_bathy_extrap_only",186.833038436413,5.94384120818469e-05
"species_bathy_extrap_only",187.115989330149,5.87259029311005e-05
"species_bathy_extrap_only",187.398940223885,5.80134766385468e-05
"species_bathy_extrap_only",187.68189111762,5.73181089136668e-05
"species_bathy_extrap_only",187.964842011356,5.66228209650456e-05
"species_bathy_extrap_only",188.247792905092,5.59441902526307e-05
"species_bathy_extrap_only",188.530743798828,5.52656366058816e-05
"species_bathy_extrap_only",188.813694692564,5.46033344541904e-05
"species_bathy_extrap_only",189.0966455863,5.39411064786966e-05
"species_bathy_extrap_only",189.379596480036,5.32947330404477e-05
"species_bathy_extrap_only",189.662547373772,5.26484309962622e-05
"species_bathy_extrap_only",189.945498267508,5.20176107144719e-05
"species_bathy_extrap_only",190.228449161244,5.1386859377095e-05
"species_bathy_extrap_only",190.511400054979,5.07712122232322e-05
"species_bathy_extrap_only",190.794350948715,5.0155631401671e-05
"species_bathy_extrap_only",191.077301842451,4.95547906192117e-05
"species_bathy_extrap_only",191.360252736187,4.89540137287354e-05
"species_bathy_extrap_only",191.643203629923,4.83676303428642e-05
"species_bathy_extrap_only",191.926154523659,4.77813084200223e-05
"species_bathy_extrap_only",192.209105417395,4.72090164624585e-05
"species_bathy_extrap_only",192.492056311131,4.66367838019712e-05
"species_bathy_extrap_only",192.775007204866,4.60782510303511e-05
"species_bathy_extrap_only",193.057958098602,4.55197752846017e-05
"species_bathy_extrap_only",193.340908992338,4.4974666784226e-05
"species_bathy_extrap_only",193.623859886074,4.44296131218276e-05
"species_bathy_extrap_only",193.90681077981,4.38976108493563e-05
"species_bathy_extrap_only",194.189761673546,4.33656614619756e-05
"species_bathy_extrap_only",194.472712567282,4.28464463664287e-05
"species_bathy_extrap_only",194.755663461018,4.23272821004885e-05
"species_bathy_extrap_only",195.038614354754,4.18205462706999e-05
"species_bathy_extrap_only",195.321565248489,4.13138593419168e-05
"species_bathy_extrap_only",195.604516142225,4.08192961716483e-05
"species_bathy_extrap_only",195.887467035961,4.0324779986465e-05
"species_bathy_extrap_only",196.170417929697,3.98421034914405e-05
"species_bathy_extrap_only",196.453368823433,3.93594722764222e-05
"species_bathy_extrap_only",196.736319717169,3.88883930452322e-05
"species_bathy_extrap_only",197.019270610905,3.84173573057526e-05
"species_bathy_extrap_only",197.302221504641,3.79575922136119e-05
"species_bathy_extrap_only",197.585172398377,3.74978688928131e-05
"species_bathy_extrap_only",197.868123292112,3.70491506319367e-05
"species_bathy_extrap_only",198.151074185848,3.66004725929654e-05
"species_bathy_extrap_only",198.434025079584,3.61625317872631e-05
"species_bathy_extrap_only",198.71697597332,3.57246295933036e-05
"species_bathy_extrap_only",198.999926867056,3.52972069745718e-05
"species_bathy_extrap_only",199.282877760792,3.48698214552321e-05
"species_bathy_extrap_only",199.565828654528,3.44526593733935e-05
"species_bathy_extrap_only",199.848779548264,3.4035532882927e-05
"species_bathy_extrap_only",200.131730441999,3.3628390687248e-05
"species_bathy_extrap_only",200.414681335735,3.32212827491543e-05
"species_bathy_extrap_only",200.697632229471,3.2823923404981e-05
"species_bathy_extrap_only",200.980583123207,3.24265969028013e-05
"species_bathy_extrap_only",201.263534016943,3.20387695426115e-05
"species_bathy_extrap_only",201.546484910679,3.16509737138135e-05
"species_bathy_extrap_only",201.829435804415,3.12724531643284e-05
"species_bathy_extrap_only",202.112386698151,3.08939628385285e-05
"species_bathy_extrap_only",202.395337591887,3.05245303780011e-05
"species_bathy_extrap_only",202.678288485622,3.0155126973901e-05
"species_bathy_extrap_only",202.961239379358,2.97945610306702e-05
"species_bathy_extrap_only",203.244190273094,2.94340229252388e-05
"species_bathy_extrap_only",203.52714116683,2.90821069847028e-05
"species_bathy_extrap_only",203.810092060566,2.8730217705066e-05
"species_bathy_extrap_only",204.093042954302,2.83867488557677e-05
"species_bathy_extrap_only",204.375993848038,2.80433056192652e-05
"species_bathy_extrap_only",204.658944741774,2.77080771795911e-05
"species_bathy_extrap_only",204.94189563551,2.7372873255177e-05
"species_bathy_extrap_only",205.224846529245,2.70456875646064e-05
"species_bathy_extrap_only",205.507797422981,2.6718525359209e-05
"species_bathy_extrap_only",205.790748316717,2.63991866773645e-05
"species_bathy_extrap_only",206.073699210453,2.6079870468025e-05
"species_bathy_extrap_only",206.356650104189,2.57681928431923e-05
"species_bathy_extrap_only",206.639600997925,2.5456536769931e-05
"species_bathy_extrap_only",206.922551891661,2.51523351303864e-05
"species_bathy_extrap_only",207.205502785397,2.48481541002327e-05
"species_bathy_extrap_only",207.488453679133,2.45512459157462e-05
"species_bathy_extrap_only",207.771404572868,2.42543574264403e-05
"species_bathy_extrap_only",208.054355466604,2.39645708705917e-05
"species_bathy_extrap_only",208.33730636034,2.36748031895772e-05
"species_bathy_extrap_only",208.620257254076,2.33919649588701e-05
"species_bathy_extrap_only",208.903208147812,2.31091447529819e-05
"species_bathy_extrap_only",209.186159041548,2.28330872345195e-05
"species_bathy_extrap_only",209.469109935284,2.25570469383549e-05
"species_bathy_extrap_only",209.75206082902,2.228760612559e-05
"species_bathy_extrap_only",210.035011722755,2.20181817506183e-05
"species_bathy_extrap_only",210.317962616491,2.17552069077649e-05
"species_bathy_extrap_only",210.600913510227,2.1492247792277e-05
"species_bathy_extrap_only",210.883864403963,2.12355702701325e-05
"species_bathy_extrap_only",211.166815297699,2.09789077390014e-05
"species_bathy_extrap_only",211.449766191435,2.07283807221488e-05
"species_bathy_extrap_only",211.732717085171,2.047786799367e-05
"species_bathy_extrap_only",212.015667978907,2.02333462002372e-05
"species_bathy_extrap_only",212.298618872643,1.99888380585879e-05
"species_bathy_extrap_only",212.581569766378,1.97501757719557e-05
"species_bathy_extrap_only",212.864520660114,1.95115264808011e-05
"species_bathy_extrap_only",213.14747155385,1.92785821360008e-05
"species_bathy_extrap_only",213.430422447586,1.90456501692411e-05
"species_bathy_extrap_only",213.713373341322,1.88182854426862e-05
"species_bathy_extrap_only",213.996324235058,1.85909324858028e-05
"species_bathy_extrap_only",214.279275128794,1.83690159339844e-05
"species_bathy_extrap_only",214.56222602253,1.81471106065271e-05
"species_bathy_extrap_only",214.845176916266,1.79305096218109e-05
"species_bathy_extrap_only",215.128127810001,1.77139192951856e-05
"species_bathy_extrap_only",215.411078703737,1.75025050660869e-05
"species_bathy_extrap_only",215.694029597473,1.72911009544583e-05
"species_bathy_extrap_only",215.976980491209,1.70847510331598e-05
"species_bathy_extrap_only",216.259931384945,1.68784107389562e-05
"species_bathy_extrap_only",216.542882278681,1.66770025769006e-05
"species_bathy_extrap_only",216.825833172417,1.64756035402237e-05
"species_bathy_extrap_only",217.108784066153,1.62790183000429e-05
"species_bathy_extrap_only",217.391734959889,1.60824417121647e-05
"species_bathy_extrap_only",217.674685853624,1.58905618665577e-05
"species_bathy_extrap_only",217.95763674736,1.56986902090421e-05
"species_bathy_extrap_only",218.240587641096,1.55114055848493e-05
"species_bathy_extrap_only",218.523538534832,1.53241287272214e-05
"species_bathy_extrap_only",218.806489428568,1.51413273974762e-05
"species_bathy_extrap_only",219.089440322304,1.49585334063453e-05
"species_bathy_extrap_only",219.37239121604,1.47801076170777e-05
"species_bathy_extrap_only",219.655342109776,1.46016887606535e-05
"species_bathy_extrap_only",219.938293003511,1.44275358856437e-05
"species_bathy_extrap_only",220.221243897247,1.42533895469423e-05
"species_bathy_extrap_only",220.504194790983,1.40834024745133e-05
"species_bathy_extrap_only",220.787145684719,1.39134215786808e-05
"species_bathy_extrap_only",221.070096578455,1.37475021872153e-05
"species_bathy_extrap_only",221.353047472191,1.3581588605181e-05
"species_bathy_extrap_only",221.635998365927,1.34196385740852e-05
"species_bathy_extrap_only",221.918949259663,1.32576940031765e-05
"species_bathy_extrap_only",222.201900153399,1.30996197461207e-05
"species_bathy_extrap_only",222.484851047134,1.29415506275712e-05
"species_bathy_extrap_only",222.76780194087,1.27872582378183e-05
"species_bathy_extrap_only",223.050752834606,1.26329706623307e-05
"species_bathy_extrap_only",223.333703728342,1.2482369361673e-05
"species_bathy_extrap_only",223.616654622078,1.23317725699656e-05
"species_bathy_extrap_only",223.899605515814,1.2184772650759e-05
"species_bathy_extrap_only",224.18255640955,1.2037776942569e-05
"species_bathy_extrap_only",224.465507303286,1.18942941017678e-05
"species_bathy_extrap_only",224.748458197022,1.1750815199334e-05
"species_bathy_extrap_only",225.031409090757,1.16107637644633e-05
"species_bathy_extrap_only",225.314359984493,1.14707159928463e-05
"species_bathy_extrap_only",225.597310878229,1.13340131055291e-05
"species_bathy_extrap_only",225.880261771965,1.11973136192602e-05
"species_bathy_extrap_only",226.163212665701,1.10638801532057e-05
"species_bathy_extrap_only",226.446163559437,1.09304498463438e-05
"species_bathy_extrap_only",226.729114453173,1.08002070690707e-05
"species_bathy_extrap_only",227.012065346909,1.0669967209942e-05
"species_bathy_extrap_only",227.295016240644,1.05428382504235e-05
"species_bathy_extrap_only",227.57796713438,1.04157119808258e-05
"species_bathy_extrap_only",227.860918028116,1.02916214394521e-05
"species_bathy_extrap_only",228.143868921852,1.01675333662775e-05
"species_bathy_extrap_only",228.426819815588,1.00464097974831e-05
"species_bathy_extrap_only",228.709770709324,9.92528849294387e-06
"species_bathy_extrap_only",228.99272160306,9.80706247941332e-06
"species_bathy_extrap_only",229.275672496796,9.68883852742601e-06
"species_bathy_extrap_only",229.558623390532,9.57343500525185e-06
"species_bathy_extrap_only",229.841574284267,9.4580333505465e-06
"species_bathy_extrap_only",230.124525178003,9.34538849890643e-06
"species_bathy_extrap_only",230.407476071739,9.23274533527993e-06
"species_bathy_extrap_only",230.690426965475,9.12279212230455e-06
"species_bathy_extrap_only",230.973377859211,9.0128404198016e-06
"species_bathy_extrap_only",231.256328752947,8.90551467701394e-06
"species_bathy_extrap_only",231.539279646683,8.79819027711702e-06
"species_bathy_extrap_only",231.822230540419,8.69342798423419e-06
"species_bathy_extrap_only",232.105181434155,8.58866687263009e-06
"species_bathy_extrap_only",232.38813232789,8.48640819397974e-06
"species_bathy_extrap_only",232.671083221626,8.38415054596642e-06
"species_bathy_extrap_only",232.954034115362,8.28433443298594e-06
"species_bathy_extrap_only",233.236985009098,8.18451920314714e-06
"species_bathy_extrap_only",233.519935902834,8.0870870189638e-06
"species_bathy_extrap_only",233.80288679657,7.98965557760477e-06
"species_bathy_extrap_only",234.085837690306,7.89455078213397e-06
"species_bathy_extrap_only",234.368788584042,7.7994465980349e-06
"species_bathy_extrap_only",234.651739477778,7.70661338904575e-06
"species_bathy_extrap_only",234.934690371513,7.61378066373223e-06
"species_bathy_extrap_only",235.217641265249,7.52316442378286e-06
"species_bathy_extrap_only",235.500592158985,7.43254854656032e-06
"species_bathy_extrap_only",235.783543052721,7.34409525624616e-06
"species_bathy_extrap_only",236.066493946457,7.25564221326694e-06
"species_bathy_extrap_only",236.349444840193,7.16930172276261e-06
"species_bathy_extrap_only",236.632395733929,7.08296137033851e-06
"species_bathy_extrap_only",236.915346627665,7.05464124728072e-06
"species_bathy_extrap_only",237.1982975214,7.02632290803251e-06
"species_bathy_extrap_only",237.481248415136,7.02632290803251e-06
"species_bathy_extrap_only",237.764199308872,7.02632290803251e-06
"species_bathy_extrap_only",238.047150202608,7.02632290803251e-06
"species_bathy_extrap_only",238.330101096344,7.02632290803251e-06
"species_bathy_extrap_only",238.61305199008,7.02632290803251e-06
"species_bathy_extrap_only",238.896002883816,7.02632290803251e-06
"species_bathy_extrap_only",239.178953777552,7.02632290803251e-06
"species_bathy_extrap_only",239.461904671288,7.02632290803251e-06
"species_bathy_extrap_only",239.744855565023,7.02632290803251e-06
"species_bathy_extrap_only",240.027806458759,7.02632290803251e-06
"species_bathy_extrap_only",240.310757352495,7.02632290803251e-06
"species_bathy_extrap_only",240.593708246231,7.02632290803251e-06
"species_bathy_extrap_only",240.876659139967,7.02632290803251e-06
"species_bathy_extrap_only",241.159610033703,7.02632290803251e-06
"species_bathy_extrap_only",241.442560927439,7.02632290803251e-06
"species_bathy_extrap_only",241.725511821175,7.02632290803251e-06
"species_bathy_extrap_only",242.00846271491,7.02632290803251e-06
"species_bathy_extrap_only",242.291413608646,7.02632290803251e-06
"species_bathy_extrap_only",242.574364502382,7.02632290803251e-06
"species_bathy_extrap_only",242.857315396118,7.02632290803251e-06
"species_bathy_extrap_only",243.140266289854,7.02632290803251e-06
"species_bathy_extrap_only",243.42321718359,7.02632290803251e-06
"species_bathy_extrap_only",243.706168077326,7.02632290803251e-06
"species_bathy_extrap_only",243.989118971062,7.02632290803251e-06
"species_bathy_extrap_only",244.272069864798,7.02632290803251e-06
"species_bathy_extrap_only",244.555020758534,7.02632290803251e-06
"species_bathy_extrap_only",244.837971652269,7.02632290803251e-06
"species_bathy_extrap_only",245.120922546005,7.02632290803251e-06
"species_bathy_extrap_only",245.403873439741,7.02632290803251e-06
"species_bathy_extrap_only",245.686824333477,7.02632290803251e-06
"species_bathy_extrap_only",245.969775227213,7.02632290803251e-06
"species_bathy_extrap_only",246.252726120949,7.02632290803251e-06
"species_bathy_extrap_only",246.535677014685,7.02632290803251e-06
"species_bathy_extrap_only",246.818627908421,7.02632290803251e-06
"species_bathy_extrap_only",247.101578802157,7.02632290803251e-06
"species_bathy_extrap_only",247.384529695892,7.02632290803251e-06
"species_bathy_extrap_only",247.667480589628,7.02632290803251e-06
"species_bathy_extrap_only",247.950431483364,7.02632290803251e-06
"species_bathy_extrap_only",248.2333823771,7.02632290803251e-06
"species_bathy_extrap_only",248.516333270836,7.02632290803251e-06
"species_bathy_extrap_only",248.799284164572,7.02632290803251e-06
"species_bathy_extrap_only",249.082235058308,7.02632290803251e-06
"species_bathy_extrap_only",249.365185952044,7.02632290803251e-06
"species_bathy_extrap_only",249.64813684578,7.02632290803251e-06
"species_bathy_extrap_only",249.931087739515,7.02632290803251e-06
"species_bathy_extrap_only",250.214038633251,7.02632290803251e-06
"species_bathy_extrap_only",250.496989526987,7.02632290803251e-06
"species_bathy_extrap_only",250.779940420723,7.02632290803251e-06
"species_bathy_extrap_only",251.062891314459,7.02632290803251e-06
"species_bathy_extrap_only",251.345842208195,7.02632290803251e-06
"species_bathy_extrap_only",251.628793101931,7.02632290803251e-06
"species_bathy_extrap_only",251.911743995667,7.02632290803251e-06
"species_bathy_extrap_only",252.194694889402,7.02632290803251e-06
"species_bathy_extrap_only",252.477645783138,7.02632290803251e-06
"species_bathy_extrap_only",252.760596676874,7.02632290803251e-06
"species_bathy_extrap_only",253.04354757061,7.02632290803251e-06
"species_bathy_extrap_only",253.326498464346,7.02632290803251e-06
"species_bathy_extrap_only",253.609449358082,7.02632290803251e-06
"species_bathy_extrap_only",253.892400251818,7.02632290803251e-06
"species_bathy_extrap_only",254.175351145554,7.02632290803251e-06
"species_bathy_extrap_only",254.45830203929,7.02632290803251e-06
"species_bathy_extrap_only",254.741252933025,7.02632290803251e-06
"species_bathy_extrap_only",255.024203826761,7.02632290803251e-06
"species_bathy_extrap_only",255.307154720497,7.02632290803251e-06
"species_bathy_extrap_only",255.590105614233,7.02632290803251e-06
"species_bathy_extrap_only",255.873056507969,7.02632290803251e-06
"species_bathy_extrap_only",256.156007401705,7.02632290803251e-06
"species_bathy_extrap_only",256.438958295441,7.02632290803251e-06
"species_bathy_extrap_only",256.721909189177,7.02632290803251e-06
"species_bathy_extrap_only",257.004860082913,7.02632290803251e-06
"species_bathy_extrap_only",257.287810976648,7.02632290803251e-06
"species_bathy_extrap_only",257.570761870384,7.02632290803251e-06
"species_bathy_extrap_only",257.85371276412,7.02632290803251e-06
"species_bathy_extrap_only",258.136663657856,7.02632290803251e-06
"species_bathy_extrap_only",258.419614551592,7.02632290803251e-06
"species_bathy_extrap_only",258.702565445328,7.02632290803251e-06
"species_bathy_extrap_only",258.985516339064,7.02632290803251e-06
"species_bathy_extrap_only",259.2684672328,7.02632290803251e-06
"species_bathy_extrap_only",259.551418126535,7.02632290803251e-06
"species_bathy_extrap_only",259.834369020271,7.02632290803251e-06
"species_bathy_extrap_only",260.117319914007,7.02632290803251e-06
"species_bathy_extrap_only",260.400270807743,7.02632290803251e-06
"species_bathy_extrap",-22.5506229281425,0.587842214107513
"species_bathy_extrap",-22.2676720344067,0.587842214107513
"species_bathy_extrap",-21.9847211406708,0.587842214107513
"species_bathy_extrap",-21.7017702469349,0.587842214107513
"species_bathy_extrap",-21.418819353199,0.587842214107513
"species_bathy_extrap",-21.1358684594631,0.587842214107513
"species_bathy_extrap",-20.8529175657272,0.587842214107513
"species_bathy_extrap",-20.5699666719913,0.587842214107513
"species_bathy_extrap",-20.2870157782555,0.587842214107513
"species_bathy_extrap",-20.0040648845196,0.587842214107513
"species_bathy_extrap",-19.7211139907837,0.587842214107513
"species_bathy_extrap",-19.4381630970478,0.587842214107513
"species_bathy_extrap",-19.1552122033119,0.587842214107513
"species_bathy_extrap",-18.872261309576,0.587842214107513
"species_bathy_extrap",-18.5893104158401,0.587842214107513
"species_bathy_extrap",-18.3063595221043,0.587842214107513
"species_bathy_extrap",-18.0234086283684,0.587842214107513
"species_bathy_extrap",-17.7404577346325,0.587842214107513
"species_bathy_extrap",-17.4575068408966,0.587842214107513
"species_bathy_extrap",-17.1745559471607,0.587842214107513
"species_bathy_extrap",-16.8916050534248,0.587842214107513
"species_bathy_extrap",-16.608654159689,0.587842214107513
"species_bathy_extrap",-16.3257032659531,0.587842214107513
"species_bathy_extrap",-16.0427523722172,0.587842214107513
"species_bathy_extrap",-15.7598014784813,0.587842214107513
"species_bathy_extrap",-15.4768505847454,0.587842214107513
"species_bathy_extrap",-15.1938996910095,0.587842214107513
"species_bathy_extrap",-14.9109487972736,0.587842214107513
"species_bathy_extrap",-14.6279979035378,0.587842214107513
"species_bathy_extrap",-14.3450470098019,0.587842214107513
"species_bathy_extrap",-14.062096116066,0.587842214107513
"species_bathy_extrap",-13.7791452223301,0.587842214107513
"species_bathy_extrap",-13.4961943285942,0.587842214107513
"species_bathy_extrap",-13.2132434348583,0.587842214107513
"species_bathy_extrap",-12.9302925411224,0.587842214107513
"species_bathy_extrap",-12.6473416473865,0.587842214107513
"species_bathy_extrap",-12.3643907536507,0.587842214107513
"species_bathy_extrap",-12.0814398599148,0.587842214107513
"species_bathy_extrap",-11.7984889661789,0.587842214107513
"species_bathy_extrap",-11.515538072443,0.587842214107513
"species_bathy_extrap",-11.2325871787071,0.587842214107513
"species_bathy_extrap",-10.9496362849712,0.587842214107513
"species_bathy_extrap",-10.6666853912353,0.587842214107513
"species_bathy_extrap",-10.3837344974995,0.587842214107513
"species_bathy_extrap",-10.1007836037636,0.587842214107513
"species_bathy_extrap",-9.81783271002769,0.587842214107513
"species_bathy_extrap",-9.53488181629181,0.587842214107513
"species_bathy_extrap",-9.25193092255592,0.587842214107513
"species_bathy_extrap",-8.96898002882004,0.587842214107513
"species_bathy_extrap",-8.68602913508415,0.587842214107513
"species_bathy_extrap",-8.40307824134826,0.587842214107513
"species_bathy_extrap",-8.12012734761238,0.587842214107513
"species_bathy_extrap",-7.83717645387649,0.587842214107513
"species_bathy_extrap",-7.55422556014061,0.587842214107513
"species_bathy_extrap",-7.27127466640472,0.587842214107513
"species_bathy_extrap",-6.98832377266883,0.587842214107513
"species_bathy_extrap",-6.70537287893295,0.587842214107513
"species_bathy_extrap",-6.42242198519707,0.587842214107513
"species_bathy_extrap",-6.13947109146118,0.587842214107513
"species_bathy_extrap",-5.85652019772529,0.587842214107513
"species_bathy_extrap",-5.57356930398941,0.587842214107513
"species_bathy_extrap",-5.29061841025352,0.587842214107513
"species_bathy_extrap",-5.00766751651764,0.587842214107513
"species_bathy_extrap",-4.72471662278175,0.587842214107513
"species_bathy_extrap",-4.44176572904586,0.587842214107513
"species_bathy_extrap",-4.15881483530998,0.587842214107513
"species_bathy_extrap",-3.87586394157409,0.587842214107513
"species_bathy_extrap",-3.59291304783821,0.587842214107513
"species_bathy_extrap",-3.30996215410232,0.587842214107513
"species_bathy_extrap",-3.02701126036644,0.587842214107513
"species_bathy_extrap",-2.74406036663055,0.587842214107513
"species_bathy_extrap",-2.46110947289466,0.587842214107513
"species_bathy_extrap",-2.17815857915878,0.587842214107513
"species_bathy_extrap",-1.89520768542289,0.587842214107513
"species_bathy_extrap",-1.61225679168701,0.587842214107513
"species_bathy_extrap",-1.32930589795112,0.587842214107513
"species_bathy_extrap",-1.04635500421524,0.587842214107513
"species_bathy_extrap",-0.76340411047935,0.587842214107513
"species_bathy_extrap",-0.480453216743463,0.587842214107513
"species_bathy_extrap",-0.19750232300758,0.587842214107513
"species_bathy_extrap",0.0854485707283068,0.587842214107513
"species_bathy_extrap",0.368399464464194,0.587842214107513
"species_bathy_extrap",0.65135035820008,0.587842214107513
"species_bathy_extrap",0.934301251935963,0.575117236349429
"species_bathy_extrap",1.21725214567185,0.562331735074793
"species_bathy_extrap",1.50020303940774,0.551667509338857
"species_bathy_extrap",1.78315393314362,0.540881854364656
"species_bathy_extrap",2.06610482687951,0.530016539282163
"species_bathy_extrap",2.34905572061539,0.51915077214094
"species_bathy_extrap",2.63200661435128,0.508245332815911
"species_bathy_extrap",2.91495750808717,0.497340155399623
"species_bathy_extrap",3.19790840182305,0.486435949526027
"species_bathy_extrap",3.48085929555894,0.475532713414025
"species_bathy_extrap",3.76381018929482,0.464671094901665
"species_bathy_extrap",4.04676108303071,0.453811136755381
"species_bathy_extrap",4.32971197676659,0.443032844418992
"species_bathy_extrap",4.61266287050248,0.432256875021097
"species_bathy_extrap",4.89561376423837,0.421764248518295
"species_bathy_extrap",5.17856465797425,0.411274569781637
"species_bathy_extrap",5.46151555171014,0.401013970082055
"species_bathy_extrap",5.74446644544602,0.390756896818705
"species_bathy_extrap",6.02741733918191,0.380683890975478
"species_bathy_extrap",6.31036823291779,0.370614937913862
"species_bathy_extrap",6.59331912665368,0.360760380877744
"species_bathy_extrap",6.87627002038957,0.350910343342663
"species_bathy_extrap",7.15922091412545,0.341302188737491
"species_bathy_extrap",7.44217180786134,0.331698959235221
"species_bathy_extrap",7.72512270159722,0.32236203223936
"species_bathy_extrap",8.00807359533311,0.313030370974476
"species_bathy_extrap",8.29102448906899,0.303986183392022
"species_bathy_extrap",8.57397538280488,0.294947536471758
"species_bathy_extrap",8.85692627654077,0.286214179331817
"species_bathy_extrap",9.13987717027665,0.277486574460297
"species_bathy_extrap",9.42282806401254,0.269078708243799
"species_bathy_extrap",9.70577895774842,0.260676742800805
"species_bathy_extrap",9.98872985148431,0.252605651309826
"species_bathy_extrap",10.2716807452202,0.244540550470333
"species_bathy_extrap",10.5546316389561,0.23681425070955
"species_bathy_extrap",10.837582532692,0.229093976225872
"species_bathy_extrap",11.1205334264279,0.221717387688293
"species_bathy_extrap",11.4034843201637,0.214346809259762
"species_bathy_extrap",11.6864352138996,0.20732195357267
"species_bathy_extrap",11.9693861076355,0.200303047035633
"species_bathy_extrap",12.2523370013714,0.193726164892969
"species_bathy_extrap",12.5352878951073,0.187155132037223
"species_bathy_extrap",12.8182387888432,0.180929257452127
"species_bathy_extrap",13.1011896825791,0.174709097527495
"species_bathy_extrap",13.3841405763149,0.168814457637501
"species_bathy_extrap",13.6670914700508,0.162925369793558
"species_bathy_extrap",13.9500423637867,0.157355438006075
"species_bathy_extrap",14.2329932575226,0.151790871473323
"species_bathy_extrap",14.5159441512585,0.146632148960742
"species_bathy_extrap",14.7988950449944,0.141486537045329
"species_bathy_extrap",15.0818459387303,0.136798168592441
"species_bathy_extrap",15.3647968324661,0.132127739572027
"species_bathy_extrap",15.647747726202,0.127720331368592
"species_bathy_extrap",15.9306986199379,0.123315186887943
"species_bathy_extrap",16.2136495136738,0.119163903125675
"species_bathy_extrap",16.4966004074097,0.11501479243521
"species_bathy_extrap",16.7795513011456,0.111216644342354
"species_bathy_extrap",17.0625021948814,0.107423884705611
"species_bathy_extrap",17.3454530886173,0.104357613521684
"species_bathy_extrap",17.6284039823532,0.101307525498731
"species_bathy_extrap",17.9113548760891,0.0996799539352148
"species_bathy_extrap",18.194305769825,0.0980688647583501
"species_bathy_extrap",18.4772566635609,0.0968117795262666
"species_bathy_extrap",18.7602075572968,0.0955546979857199
"species_bathy_extrap",19.0431584510326,0.0945911686899101
"species_bathy_extrap",19.3261093447685,0.0936276437558322
"species_bathy_extrap",19.6090602385044,0.0927763529584487
"species_bathy_extrap",19.8920111322403,0.0919250673024619
"species_bathy_extrap",20.1749620259762,0.0911603442583166
"species_bathy_extrap",20.4579129197121,0.0903956269057092
"species_bathy_extrap",20.740863813448,0.0898143460780473
"species_bathy_extrap",21.0238147071838,0.0892330717139437
"species_bathy_extrap",21.3067656009197,0.0886587067817492
"species_bathy_extrap",21.5897164946556,0.088084348800728
"species_bathy_extrap",21.8726673883915,0.0875168212570254
"species_bathy_extrap",22.1556182821274,0.0869493014290194
"species_bathy_extrap",22.4385691758633,0.0863885384303351
"species_bathy_extrap",22.7215200695992,0.085827783740463
"species_bathy_extrap",23.004470963335,0.0852737033344531
"species_bathy_extrap",23.2874218570709,0.0847196318271368
"species_bathy_extrap",23.5703727508068,0.084172164672048
"species_bathy_extrap",23.8533236445427,0.08362470705777
"species_bathy_extrap",24.1362745382786,0.0830837742371075
"species_bathy_extrap",24.4192254320145,0.082542851540522
"species_bathy_extrap",24.7021763257504,0.0820083807325943
"species_bathy_extrap",24.9851272194862,0.0814739206839516
"species_bathy_extrap",25.2680781132221,0.0809458352071439
"species_bathy_extrap",25.551029006958,0.0804177610662723
"species_bathy_extrap",25.8339799006939,0.0798959872186878
"species_bathy_extrap",26.1169307944298,0.0793742252255744
"species_bathy_extrap",26.3998816881657,0.0788586894586854
"species_bathy_extrap",26.6828325819016,0.0783431662260669
"species_bathy_extrap",26.9657834756374,0.0778337954290036
"species_bathy_extrap",27.2487343693733,0.0773244375692491
"species_bathy_extrap",27.5316852631092,0.0768211584574253
"species_bathy_extrap",27.8146361568451,0.0763178929558005
"species_bathy_extrap",28.097587050581,0.0758206353428884
"species_bathy_extrap",28.3805379443169,0.0753233917920683
"species_bathy_extrap",28.6634888380528,0.0748320806408206
"species_bathy_extrap",28.9464397317886,0.0743407841633521
"species_bathy_extrap",29.2293906255245,0.0738553525308061
"species_bathy_extrap",29.5123415192604,0.0733699360721989
"species_bathy_extrap",29.7952924129963,0.0728903117451774
"species_bathy_extrap",30.0782433067322,0.0724107030354611
"species_bathy_extrap",30.3611942004681,0.0719368155020204
"species_bathy_extrap",30.644145094204,0.071462944134017
"species_bathy_extrap",30.9270959879398,0.0709947271415177
"species_bathy_extrap",31.2100468816757,0.0705265268057949
"species_bathy_extrap",31.4929977754116,0.0700639084598094
"species_bathy_extrap",31.7759486691475,0.0696013072589994
"species_bathy_extrap",32.0588995628834,0.069144225031517
"species_bathy_extrap",32.3418504566193,0.0686871603814045
"species_bathy_extrap",32.6248013503552,0.0682355426440705
"species_bathy_extrap",32.907752244091,0.0677839430198901
"species_bathy_extrap",33.1907031378269,0.0673377262329749
"species_bathy_extrap",33.4736540315628,0.0668915279328507
"species_bathy_extrap",33.7566049252987,0.0664506494089168
"species_bathy_extrap",34.0395558190346,0.0660097898487066
"species_bathy_extrap",34.3225067127705,0.0655741792360459
"species_bathy_extrap",34.6054576065064,0.0651385880084247
"species_bathy_extrap",34.8884085002422,0.0647081856532436
"species_bathy_extrap",35.1713593939781,0.0642778031543016
"species_bathy_extrap",35.454310287714,0.0638525443971519
"species_bathy_extrap",35.7372611814499,0.0634273058073524
"species_bathy_extrap",36.0202120751858,0.0630071301967792
"species_bathy_extrap",36.3031629689217,0.062586975167081
"species_bathy_extrap",36.5861138626576,0.0621718185793837
"species_bathy_extrap",36.8690647563934,0.0617566830355286
"species_bathy_extrap",37.1520156501293,0.0613464881567798
"species_bathy_extrap",37.4349665438652,0.0609363147299588
"species_bathy_extrap",37.7179174376011,0.0605310187612239
"species_bathy_extrap",38.000868331337,0.0601257444944719
"species_bathy_extrap",38.2838192250729,0.0597252921489367
"species_bathy_extrap",38.5667701188088,0.0593248619086189
"species_bathy_extrap",38.8497210125446,0.0589291917223012
"species_bathy_extrap",39.1326719062805,0.0585335440417891
"species_bathy_extrap",39.4156228000164,0.0581425972609702
"species_bathy_extrap",39.6985736937523,0.0577516732811916
"species_bathy_extrap",39.9815245874882,0.0573653984227382
"species_bathy_extrap",40.2644754812241,0.0569791467353118
"species_bathy_extrap",40.54742637496,0.0565974854427555
"species_bathy_extrap",40.8303772686958,0.0562158475610645
"species_bathy_extrap",41.1133281624317,0.0558387415949838
"species_bathy_extrap",41.3962790561676,0.0554616594051245
"species_bathy_extrap",41.6792299499035,0.0550890589004454
"species_bathy_extrap",41.9621808436394,0.054716482484079
"species_bathy_extrap",42.2451317373753,0.054348332707063
"species_bathy_extrap",42.5280826311112,0.0539802073029366
"species_bathy_extrap",42.811033524847,0.0536164564998202
"species_bathy_extrap",43.0939844185829,0.0532527303268765
"species_bathy_extrap",43.3769353123188,0.0528933233657522
"species_bathy_extrap",43.6598862060547,0.0525339412901724
"species_bathy_extrap",43.9428370997906,0.0521788278319058
"species_bathy_extrap",44.2257879935265,0.0518237395628223
"species_bathy_extrap",44.5087388872624,0.0514728714425961
"species_bathy_extrap",44.7916897809983,0.0511220287379404
"species_bathy_extrap",45.0746406747341,0.0507753551077471
"species_bathy_extrap",45.35759156847,0.0504287071177478
"species_bathy_extrap",45.6405424622059,0.0500861774772773
"species_bathy_extrap",45.9234933559418,0.0497436737247285
"species_bathy_extrap",46.2064442496777,0.049405241137712
"species_bathy_extrap",46.4893951434136,0.0490668346844338
"species_bathy_extrap",46.7723460371494,0.0487324506122753
"species_bathy_extrap",47.0552969308853,0.0483980928435967
"species_bathy_extrap",47.3382478246212,0.0480677116041056
"species_bathy_extrap",47.6211987183571,0.0477373568856615
"species_bathy_extrap",47.904149612093,0.0474109338020968
"species_bathy_extrap",48.1871005058289,0.0470845374308079
"species_bathy_extrap",48.4700513995648,0.0467620220519714
"species_bathy_extrap",48.7530022933007,0.0464395335505217
"species_bathy_extrap",49.0359531870365,0.0461208848512766
"species_bathy_extrap",49.3189040807724,0.0458022632419138
"species_bathy_extrap",49.6018549745083,0.0454874360594562
"species_bathy_extrap",49.8848058682442,0.0451726360801972
"species_bathy_extrap",50.1677567619801,0.0448615882717297
"species_bathy_extrap",50.450707655716,0.0445505678271616
"species_bathy_extrap",50.7336585494519,0.0442432533630166
"species_bathy_extrap",51.0166094431877,0.0439359664462085
"species_bathy_extrap",51.2995603369236,0.0436323451675617
"species_bathy_extrap",51.5825112306595,0.0433287515456723
"species_bathy_extrap",51.8654621243954,0.0430287815204548
"species_bathy_extrap",52.1484130181313,0.0427288392842991
"species_bathy_extrap",52.4313639118672,0.0424324814225662
"species_bathy_extrap",52.714314805603,0.0421361514568901
"species_bathy_extrap",52.9972656993389,0.0418433612428927
"species_bathy_extrap",53.2802165930748,0.041550599030771
"species_bathy_extrap",53.5631674868107,0.0412613390268117
"species_bathy_extrap",53.8461183805466,0.0409721071293711
"species_bathy_extrap",54.1290692742825,0.0406863376625782
"species_bathy_extrap",54.4120201680184,0.0404005964057709
"species_bathy_extrap",54.6949710617542,0.0401182806682071
"species_bathy_extrap",54.9779219554901,0.039835993171843
"species_bathy_extrap",55.260872849226,0.0395570896957946
"species_bathy_extrap",55.5438237429619,0.0392782146095189
"species_bathy_extrap",55.8267746366978,0.0390026879378438
"species_bathy_extrap",56.1097255304337,0.0387271896853179
"species_bathy_extrap",56.3926764241696,0.0384550012621803
"species_bathy_extrap",56.6756273179055,0.0381828412868332
"species_bathy_extrap",56.9585782116413,0.0379139577017191
"species_bathy_extrap",57.2415291053772,0.0376451026624968
"species_bathy_extrap",57.5244799991131,0.0373794843356867
"species_bathy_extrap",57.807430892849,0.0371138945583945
"species_bathy_extrap",58.0903817865849,0.0368515073810026
"species_bathy_extrap",58.3733326803208,0.036589148779418
"species_bathy_extrap",58.6562835740567,0.0363299578746168
"species_bathy_extrap",58.9392344677925,0.0360707956175328
"species_bathy_extrap",59.2221853615284,0.035814767224872
"species_bathy_extrap",59.5051362552643,0.0355587674121836
"species_bathy_extrap",59.7880871490002,0.0353058656081019
"species_bathy_extrap",60.0710380427361,0.0350529924773163
"species_bathy_extrap",60.353988936472,0.03480318452512
"species_bathy_extrap",60.6369398302079,0.0345534052006238
"species_bathy_extrap",60.9198907239437,0.0343066578067705
"species_bathy_extrap",61.2028416176796,0.0340599390404947
"species_bathy_extrap",61.4857925114155,0.0338162214720744
"species_bathy_extrap",61.7687434051514,0.0335725325305211
"species_bathy_extrap",62.0516942988873,0.0333318086052208
"species_bathy_extrap",62.3346451926232,0.0330911132600153
"species_bathy_extrap",62.617596086359,0.0328533538756851
"species_bathy_extrap",62.900546980095,0.0326156230697102
"species_bathy_extrap",63.1834978738308,0.0323807963278267
"species_bathy_extrap",63.4664487675667,0.0321459981167916
"species_bathy_extrap",63.7493996613026,0.0319140733772097
"species_bathy_extrap",64.0323505550385,0.0316821771206751
"species_bathy_extrap",64.3153014487744,0.031453122089275
"species_bathy_extrap",64.5982523425102,0.0312240954703843
"species_bathy_extrap",64.8812032362461,0.0309978816526813
"species_bathy_extrap",65.164154129982,0.0307716962662797
"species_bathy_extrap",65.4471050237179,0.0305482918037678
"species_bathy_extrap",65.7300559174538,0.0303249156122487
"species_bathy_extrap",66.0130068111897,0.0301042927109833
"species_bathy_extrap",66.2959577049256,0.0298836980541762
"species_bathy_extrap",66.5789085986615,0.0296658269123862
"species_bathy_extrap",66.8618594923973,0.0294479839880792
"species_bathy_extrap",67.1448103861332,0.0292328357033209
"species_bathy_extrap",67.4277612798691,0.0290177154541025
"species_bathy_extrap",67.710712173605,0.0288052644028498
"species_bathy_extrap",67.9936630673409,0.0285928414037976
"species_bathy_extrap",68.2766139610768,0.0283830541632476
"species_bathy_extrap",68.5595648548126,0.0281732947934695
"species_bathy_extrap",68.8425157485485,0.0279661466945597
"species_bathy_extrap",69.1254666422844,0.0277590264604191
"species_bathy_extrap",69.4084175360203,0.027554488757197
"species_bathy_extrap",69.6913684297562,0.0273499786943414
"species_bathy_extrap",69.9743193234921,0.0271480252565564
"species_bathy_extrap",70.257270217228,0.0269460994744019
"species_bathy_extrap",70.5402211109638,0.0267467030665289
"species_bathy_extrap",70.8231720046997,0.026547334090839
"species_bathy_extrap",71.1061228984356,0.0263504674596208
"species_bathy_extrap",71.3890737921715,0.0261536281889454
"species_bathy_extrap",71.6720246859074,0.0259592663965712
"species_bathy_extrap",71.9549755796433,0.0257649318714653
"species_bathy_extrap",72.2379264733792,0.0255730497966667
"species_bathy_extrap",72.520877367115,0.0253811947780862
"species_bathy_extrap",72.8038282608509,0.025191763482209
"species_bathy_extrap",73.0867791545868,0.0250023591923601
"species_bathy_extrap",73.3697300483227,0.0248153541549482
"species_bathy_extrap",73.6526809420586,0.0246283759135804
"species_bathy_extrap",73.9356318357945,0.0244437732685371
"species_bathy_extrap",74.2185827295304,0.0242591973269248
"species_bathy_extrap",74.5015336232663,0.0240769704041407
"species_bathy_extrap",74.7844845170021,0.0238947699865761
"species_bathy_extrap",75.067435410738,0.0237148956253043
"species_bathy_extrap",75.3503863044739,0.0235350476349141
"species_bathy_extrap",75.6333371982098,0.023357500818308
"species_bathy_extrap",75.9162880919457,0.0231799802490259
"species_bathy_extrap",76.1992389856816,0.0230047366234733
"species_bathy_extrap",76.4821898794174,0.0228295190278611
"species_bathy_extrap",76.7651407731533,0.0226565572075939
"species_bathy_extrap",77.0480916668892,0.0224836213048942
"species_bathy_extrap",77.3310425606251,0.022312912403323
"species_bathy_extrap",77.613993454361,0.0221422291825803
"species_bathy_extrap",77.8969443480969,0.0219737531701883
"species_bathy_extrap",78.1798952418328,0.0218053027476656
"species_bathy_extrap",78.4628461355687,0.021639035062386
"species_bathy_extrap",78.7457970293045,0.021472792711175
"species_bathy_extrap",79.0287479230404,0.0213087115082571
"species_bathy_extrap",79.3116988167763,0.021144655528505
"species_bathy_extrap",79.5946497105122,0.0209827361775347
"species_bathy_extrap",79.8776006042481,0.020820841795767
"species_bathy_extrap",80.160551497984,0.0206610628662476
"species_bathy_extrap",80.4435023917198,0.0205013087550671
"species_bathy_extrap",80.7264532854557,0.0203436480809701
"species_bathy_extrap",81.0094041791916,0.0201860120747892
"species_bathy_extrap",81.2923550729275,0.02003044630744
"species_bathy_extrap",81.5753059666634,0.0198749049365991
"species_bathy_extrap",81.8582568603993,0.0197214149244077
"species_bathy_extrap",82.1412077541352,0.0195679491898712
"species_bathy_extrap",82.424158647871,0.0194165086799713
"species_bathy_extrap",82.7071095416069,0.0192650921784134
"species_bathy_extrap",82.9900604353428,0.0191156818906094
"species_bathy_extrap",83.2730113290787,0.0189662954832778
"species_bathy_extrap",83.5559622228146,0.01881889312163
"species_bathy_extrap",83.8389131165505,0.0186715143633014
"species_bathy_extrap",84.1218640102864,0.0185260988156562
"species_bathy_extrap",84.4048149040222,0.0183807067048596
"species_bathy_extrap",84.6877657977581,0.0182372578736745
"species_bathy_extrap",84.970716691494,0.0180938322936584
"species_bathy_extrap",85.2536675852299,0.0179523279883073
"species_bathy_extrap",85.5366184789658,0.01781084668015
"species_bathy_extrap",85.8195693727017,0.0176712668805099
"species_bathy_extrap",86.1025202664376,0.0175317099137611
"species_bathy_extrap",86.3854711601735,0.0173940343771654
"species_bathy_extrap",86.6684220539093,0.0172563814020779
"species_bathy_extrap",86.9513729476452,0.0171205880773389
"species_bathy_extrap",87.2343238413811,0.0169848171611372
"species_bathy_extrap",87.517274735117,0.016850886150227
"species_bathy_extrap",87.8002256288529,0.0167169772691084
"species_bathy_extrap",88.0831765225888,0.0165848894552955
"species_bathy_extrap",88.3661274163246,0.0164528236101325
"species_bathy_extrap",88.6490783100605,0.0163225579575091
"species_bathy_extrap",88.9320292037964,0.01619231400693
"species_bathy_extrap",89.2149800975323,0.0160638513545361
"species_bathy_extrap",89.4979309912682,0.0159354102062076
"species_bathy_extrap",89.7808818850041,0.0158087312745633
"species_bathy_extrap",90.06383277874,0.0156820736498877
"species_bathy_extrap",90.3467836724758,0.0155571576756474
"species_bathy_extrap",90.6297345662117,0.0154322627359146
"species_bathy_extrap",90.9126854599476,0.0153090926586056
"species_bathy_extrap",91.1956363536835,0.0151859434302594
"species_bathy_extrap",91.4785872474194,0.015064497033051
"species_bathy_extrap",91.7615381411553,0.0149430712338682
"species_bathy_extrap",92.0444890348912,0.0148233312525089
"species_bathy_extrap",92.3274399286271,0.0147036116760844
"species_bathy_extrap",92.6103908223629,0.0145855584962881
"species_bathy_extrap",92.8933417160988,0.0144675254447635
"species_bathy_extrap",93.1762926098347,0.0143511405171727
"species_bathy_extrap",93.4592435035706,0.0142347755268574
"species_bathy_extrap",93.7421943973065,0.0141200407314462
"species_bathy_extrap",94.0251452910424,0.0140053256645759
"species_bathy_extrap",94.3080961847782,0.0138922213999101
"species_bathy_extrap",94.5910470785141,0.0137791365818911
"species_bathy_extrap",94.87399797225,0.0136676457898665
"species_bathy_extrap",95.1569488659859,0.0135561742704351
"species_bathy_extrap",95.4398997597218,0.0134462791185351
"species_bathy_extrap",95.7228506534577,0.0133364029693457
"species_bathy_extrap",96.0058015471936,0.0132280832426308
"species_bathy_extrap",96.2887524409294,0.0131197823235939
"species_bathy_extrap",96.5717033346653,0.013013021115827
"species_bathy_extrap",96.8546542284012,0.012906278453212
"species_bathy_extrap",97.1376051221371,0.012801058325308
"species_bathy_extrap",97.420556015873,0.01269585654971
"species_bathy_extrap",97.7035069096089,0.0125921590859987
"species_bathy_extrap",97.9864578033448,0.0124884797102787
"species_bathy_extrap",98.2694086970806,0.0123862879047722
"species_bathy_extrap",98.5523595908165,0.0122841139785837
"species_bathy_extrap",98.8353104845524,0.0121834106747662
"species_bathy_extrap",99.1182613782883,0.0120827250382059
"species_bathy_extrap",99.4012122720242,0.0119834925187593
"species_bathy_extrap",99.6841631657601,0.0118842774064632
"species_bathy_extrap",99.967114059496,0.0117864987270228
"species_bathy_extrap",100.250064953232,0.011688737258512
"species_bathy_extrap",100.533015846968,0.0115923960186214
"species_bathy_extrap",100.815966740704,0.0114960717323836
"species_bathy_extrap",101.09891763444,0.011401149712031
"species_bathy_extrap",101.381868528175,0.0113062444470095
"species_bathy_extrap",101.664819421911,0.0112127252087289
"species_bathy_extrap",101.947770315647,0.0111192224801466
"species_bathy_extrap",102.230721209383,0.0110270896089716
"species_bathy_extrap",102.513672103119,0.0109349730252295
"species_bathy_extrap",102.796622996855,0.0108442103436977
"species_bathy_extrap",103.079573890591,0.0107534637460645
"species_bathy_extrap",103.362524784327,0.0106640544434824
"species_bathy_extrap",103.645475678062,0.0105746609746335
"species_bathy_extrap",103.928426571798,0.0104865891415226
"species_bathy_extrap",104.211377465534,0.0103985329454155
"species_bathy_extrap",104.49432835927,0.0103117819380023
"species_bathy_extrap",104.777279253006,0.0102250463202941
"species_bathy_extrap",105.060230146742,0.0101396018011477
"species_bathy_extrap",105.343181040478,0.0100541724774027
"species_bathy_extrap",105.626131934214,0.00997001595130522
"species_bathy_extrap",105.90908282795,0.00988587437617673
"species_bathy_extrap",106.192033721685,0.00980299161515373
"species_bathy_extrap",106.474984615421,0.00972012360897076
"species_bathy_extrap",106.757935509157,0.00963849838319274
"species_bathy_extrap",107.040886402893,0.00955688767070743
"species_bathy_extrap",107.323837296629,0.00947650489533588
"species_bathy_extrap",107.606788190365,0.00939613643539461
"species_bathy_extrap",107.889739084101,0.00931698076633824
"species_bathy_extrap",108.172689977837,0.0092378392034385
"species_bathy_extrap",108.455640871573,0.00915989513429472
"species_bathy_extrap",108.738591765308,0.00908196493825589
"species_bathy_extrap",109.021542659044,0.00900521749370698
"species_bathy_extrap",109.30449355278,0.00892848372814925
"species_bathy_extrap",109.587444446516,0.0088529184460692
"species_bathy_extrap",109.870395340252,0.00877736661691749
"species_bathy_extrap",110.153346233988,0.00870296755611811
"species_bathy_extrap",110.436297127724,0.00862858176075463
"species_bathy_extrap",110.71924802146,0.00855533414927772
"species_bathy_extrap",111.002198915196,0.00848209956763694
"species_bathy_extrap",111.285149808931,0.00840998916763984
"species_bathy_extrap",111.568100702667,0.00833789160840001
"species_bathy_extrap",111.851051596403,0.00826690416970959
"species_bathy_extrap",112.134002490139,0.00819592937167222
"species_bathy_extrap",112.416953383875,0.00812604984873583
"species_bathy_extrap",112.699904277611,0.00805618274739076
"species_bathy_extrap",112.982855171347,0.00798739759800274
"species_bathy_extrap",113.265806065083,0.00791862468888782
"species_bathy_extrap",113.548756958818,0.00785091910869873
"species_bathy_extrap",113.831707852554,0.00778322554848371
"species_bathy_extrap",114.11465874629,0.00771658643795096
"species_bathy_extrap",114.397609640026,0.00764995916454273
"species_bathy_extrap",114.680560533762,0.007584371090004
"species_bathy_extrap",114.963511427498,0.0075187946430895
"species_bathy_extrap",115.246462321234,0.00745424486059232
"species_bathy_extrap",115.52941321497,0.007389706527329
"species_bathy_extrap",115.812364108706,0.0073261806934979
"species_bathy_extrap",116.095315002441,0.0072626660962214
"species_bathy_extrap",116.378265896177,0.00720015116267535
"species_bathy_extrap",116.661216789913,0.00713764728585409
"species_bathy_extrap",116.944167683649,0.00707612983230602
"species_bathy_extrap",117.227118577385,0.00701462325294559
"species_bathy_extrap",117.510069471121,0.00695408952723203
"species_bathy_extrap",117.793020364857,0.00689356647304154
"species_bathy_extrap",118.075971258593,0.00683400378817886
"species_bathy_extrap",118.358922152329,0.00677445160452801
"species_bathy_extrap",118.641873046064,0.00671584645068968
"species_bathy_extrap",118.9248239398,0.00665725159811821
"species_bathy_extrap",119.207774833536,0.00659959192698936
"species_bathy_extrap",119.490725727272,0.00654194239115584
"species_bathy_extrap",119.773676621008,0.00648521384280706
"species_bathy_extrap",120.056627514744,0.00642849523442398
"species_bathy_extrap",120.33957840848,0.00637268581107689
"species_bathy_extrap",120.622529302216,0.00631688615652978
"species_bathy_extrap",120.905480195952,0.00626198348962026
"species_bathy_extrap",121.188431089687,0.00620709042531254
"species_bathy_extrap",121.471381983423,0.00615308162915322
"species_bathy_extrap",121.754332877159,0.00609908224427197
"species_bathy_extrap",122.037283770895,0.006045955294635
"species_bathy_extrap",122.320234664631,0.00599283759812644
"species_bathy_extrap",122.603185558367,0.00594057997002361
"species_bathy_extrap",122.886136452103,0.00588833141197608
"species_bathy_extrap",123.169087345839,0.00583693112202107
"species_bathy_extrap",123.452038239574,0.0057855397463054
"species_bathy_extrap",123.73498913331,0.0057349852085448
"species_bathy_extrap",124.017940027046,0.00568443940822264
"species_bathy_extrap",124.300890920782,0.00563471783014657
"species_bathy_extrap",124.583841814518,0.00558500483417689
"species_bathy_extrap",124.866792708254,0.00553610475401002
"species_bathy_extrap",125.14974360199,0.00548721308351593
"species_bathy_extrap",125.432694495726,0.00543912294077208
"species_bathy_extrap",125.715645389462,0.00539104105288957
"species_bathy_extrap",125.998596283197,0.00534374941818152
"species_bathy_extrap",126.281547176933,0.00529646588646655
"species_bathy_extrap",126.564498070669,0.0052499611289411
"species_bathy_extrap",126.847448964405,0.00520346430571455
"species_bathy_extrap",127.130399858141,0.0051577352986073
"species_bathy_extrap",127.413350751877,0.00511201408340638
"species_bathy_extrap",127.696301645613,0.00506704936988963
"species_bathy_extrap",127.979252539349,0.00502209228384203
"species_bathy_extrap",128.262203433085,0.00497788161460475
"species_bathy_extrap",128.54515432682,0.00493367843619255
"species_bathy_extrap",128.828105220556,0.00489020971799726
"species_bathy_extrap",129.111056114292,0.00484674833389843
"species_bathy_extrap",129.394007008028,0.00480401084917579
"species_bathy_extrap",129.676957901764,0.00476128054305217
"species_bathy_extrap",129.9599087955,0.00471926419666427
"species_bathy_extrap",130.242859689236,0.00467725490418159
"species_bathy_extrap",130.525810582972,0.00463594881275094
"species_bathy_extrap",130.808761476707,0.00459464962549495
"species_bathy_extrap",131.091712370443,0.0045540429934406
"species_bathy_extrap",131.374663264179,0.0045134431135824
"species_bathy_extrap",131.657614157915,0.00447352598833938
"species_bathy_extrap",131.940565051651,0.00443361549707305
"species_bathy_extrap",132.223515945387,0.00439437744067099
"species_bathy_extrap",132.506466839123,0.00435514587196049
"species_bathy_extrap",132.789417732859,0.00431657673797396
"species_bathy_extrap",133.072368626595,0.00427801395759678
"species_bathy_extrap",133.35531952033,0.00424010344366458
"species_bathy_extrap",133.638270414066,0.00420219914275455
"species_bathy_extrap",133.921221307802,0.00416493776195432
"species_bathy_extrap",134.204172201538,0.00412768248155064
"species_bathy_extrap",134.487123095274,0.00409106018364008
"species_bathy_extrap",134.77007398901,0.00405444384770722
"species_bathy_extrap",135.053024882746,0.0040184506328532
"species_bathy_extrap",135.335975776482,0.00398246324685786
"species_bathy_extrap",135.618926670218,0.00394709076779355
"species_bathy_extrap",135.901877563953,0.0039117240078243
"species_bathy_extrap",136.184828457689,0.00387696108683333
"species_bathy_extrap",136.467779351425,0.00384220375637555
"species_bathy_extrap",136.750730245161,0.00380804170474361
"species_bathy_extrap",137.033681138897,0.00377388512186972
"species_bathy_extrap",137.316632032633,0.0037403145135275
"species_bathy_extrap",137.599582926369,0.0037067492483277
"species_bathy_extrap",137.882533820105,0.00367376124680294
"species_bathy_extrap",138.165484713841,0.00364077848643292
"species_bathy_extrap",138.448435607576,0.00360836392418568
"species_bathy_extrap",138.731386501312,0.00357595448029972
"species_bathy_extrap",139.014337395048,0.00354410428406829
"species_bathy_extrap",139.297288288784,0.00351225908765557
"species_bathy_extrap",139.58023918252,0.00348096462247458
"species_bathy_extrap",139.863190076256,0.00344967505859915
"species_bathy_extrap",140.146140969992,0.00341892744816236
"species_bathy_extrap",140.429091863728,0.00338818462243637
"species_bathy_extrap",140.712042757463,0.00335797532207182
"species_bathy_extrap",140.994993651199,0.00332777070102478
"species_bathy_extrap",141.277944544935,0.00329809102849896
"species_bathy_extrap",141.560895438671,0.00326841592147214
"species_bathy_extrap",141.843846332407,0.00323925772445111
"species_bathy_extrap",142.126797226143,0.00321010400255631
"species_bathy_extrap",142.409748119879,0.0031814588707894
"species_bathy_extrap",142.692699013615,0.00315281810531156
"species_bathy_extrap",142.975649907351,0.00312467759732218
"species_bathy_extrap",143.258600801086,0.00309654135082424
"species_bathy_extrap",143.541551694822,0.00306889786215907
"species_bathy_extrap",143.824502588558,0.0030412585470841
"species_bathy_extrap",144.107453482294,0.0030141037099509
"species_bathy_extrap",144.39040437603,0.00298695294416143
"species_bathy_extrap",144.673355269766,0.0029602794958195
"species_bathy_extrap",144.956306163502,0.00293361002351468
"species_bathy_extrap",145.239257057238,0.00290740894441424
"species_bathy_extrap",145.522207950974,0.00288121174317924
"species_bathy_extrap",145.805158844709,0.00285547620563222
"species_bathy_extrap",146.088109738445,0.00282974446499385
"species_bathy_extrap",146.371060632181,0.00280446664804994
"species_bathy_extrap",146.654011525917,0.00277919253303423
"species_bathy_extrap",146.936962419653,0.00275436507302341
"species_bathy_extrap",147.219913313389,0.00272954122597529
"species_bathy_extrap",147.502864207125,0.00270515644935906
"species_bathy_extrap",147.785815100861,0.00268077519538483
"species_bathy_extrap",148.068765994597,0.00265682615631458
"species_bathy_extrap",148.351716888332,0.00263288056270726
"species_bathy_extrap",148.634667782068,0.00260935992743609
"species_bathy_extrap",148.917618675804,0.00258584265109252
"species_bathy_extrap",149.20056956954,0.00256274326777566
"species_bathy_extrap",149.483520463276,0.00253964715767798
"species_bathy_extrap",149.766471357012,0.00251696214547069
"species_bathy_extrap",150.049422250748,0.00249428033294493
"species_bathy_extrap",150.332373144484,0.00247200267556412
"species_bathy_extrap",150.615324038219,0.00244972813620212
"species_bathy_extrap",150.898274931955,0.00242785114366821
"species_bathy_extrap",151.181225825691,0.00240597719213406
"species_bathy_extrap",151.464176719427,0.00238449388060686
"species_bathy_extrap",151.747127613163,0.00236301353032852
"species_bathy_extrap",152.030078506899,0.0023419175785195
"species_bathy_extrap",152.313029400635,0.00232082452108437
"species_bathy_extrap",152.595980294371,0.00230010929191929
"species_bathy_extrap",152.878931188107,0.0022793968812782
"species_bathy_extrap",153.161882081842,0.00225905578256803
"species_bathy_extrap",153.444832975578,0.00223871742797136
"species_bathy_extrap",153.727783869314,0.0022187443211878
"species_bathy_extrap",154.01073476305,0.00219877389467016
"species_bathy_extrap",154.293685656786,0.0021791628582978
"species_bathy_extrap",154.576636550522,0.00215955443122862
"species_bathy_extrap",154.859587444258,0.0021402984528368
"species_bathy_extrap",155.142538337994,0.00212104501684487
"species_bathy_extrap",155.42548923173,0.00210213831675656
"species_bathy_extrap",155.708440125465,0.00208323409018795
"species_bathy_extrap",155.991391019201,0.00206467089365703
"species_bathy_extrap",156.274341912937,0.00204611011235456
"species_bathy_extrap",156.557292806673,0.00202788435542302
"species_bathy_extrap",156.840243700409,0.00200966094815652
"species_bathy_extrap",157.123194594145,0.00199176679254858
"species_bathy_extrap",157.406145487881,0.00197387492237604
"species_bathy_extrap",157.689096381617,0.0019563067822815
"species_bathy_extrap",157.972047275353,0.00193874087277119
"species_bathy_extrap",158.254998169088,0.00192149298791152
"species_bathy_extrap",158.537949062824,0.00190424727197519
"species_bathy_extrap",158.82089995656,0.00188731408067024
"species_bathy_extrap",159.103850850296,0.00187038300077987
"species_bathy_extrap",159.386801744032,0.00185375896424332
"species_bathy_extrap",159.669752637768,0.0018371369803263
"species_bathy_extrap",159.952703531504,0.00182081680065645
"species_bathy_extrap",160.23565442524,0.00180449862296066
"species_bathy_extrap",160.518605318975,0.0017884769665993
"species_bathy_extrap",160.801556212711,0.00177245725587315
"species_bathy_extrap",161.084507106447,0.00175672871945763
"species_bathy_extrap",161.367458000183,0.00174100207387974
"species_bathy_extrap",161.650408893919,0.00172556172090656
"species_bathy_extrap",161.933359787655,0.00171012321161921
"species_bathy_extrap",162.216310681391,0.00169496583242089
"species_bathy_extrap",162.499261575127,0.0016798102438695
"species_bathy_extrap",162.782212468863,0.00166493088353749
"species_bathy_extrap",163.065163362598,0.00165005326502613
"species_bathy_extrap",163.348114256334,0.00163544716534288
"species_bathy_extrap",163.63106515007,0.00162084275679652
"species_bathy_extrap",163.914016043806,0.00160650462439051
"species_bathy_extrap",164.196966937542,0.0015921681404387
"species_bathy_extrap",164.479917831278,0.00157809344506988
"species_bathy_extrap",164.762868725014,0.00156402034974167
"species_bathy_extrap",165.04581961875,0.00155020434955266
"species_bathy_extrap",165.328770512486,0.00153638990461755
"species_bathy_extrap",165.611721406221,0.00152282795472004
"species_bathy_extrap",165.894672299957,0.00150926751434643
"species_bathy_extrap",166.177623193693,0.00149595516986496
"species_bathy_extrap",166.460574087429,0.00148264429560961
"species_bathy_extrap",166.743524981165,0.0014695769769808
"species_bathy_extrap",167.026475874901,0.00145651108486178
"species_bathy_extrap",167.309426768637,0.00144368438077923
"species_bathy_extrap",167.592377662373,0.00143085906071288
"species_bathy_extrap",167.875328556109,0.0014182686834696
"species_bathy_extrap",168.158279449844,0.00140567965345035
"species_bathy_extrap",168.44123034358,0.00139332133438347
"species_bathy_extrap",168.724181237316,0.00138096432184669
"species_bathy_extrap",169.007132131052,0.00136883380884577
"species_bathy_extrap",169.290083024788,0.00135670456451967
"species_bathy_extrap",169.573033918524,0.00134479766061383
"species_bathy_extrap",169.85598481226,0.00133289198688132
"species_bathy_extrap",170.138935705996,0.00132120477255378
"species_bathy_extrap",170.421886599731,0.00130951875485146
"species_bathy_extrap",170.704837493467,0.00129804714401176
"species_bathy_extrap",170.987788387203,0.00128657669313834
"species_bathy_extrap",171.270739280939,0.00127531673906995
"species_bathy_extrap",171.553690174675,0.0012640579091622
"species_bathy_extrap",171.836641068411,0.00125300578198504
"species_bathy_extrap",172.119591962147,0.00124195474797959
"species_bathy_extrap",172.402542855883,0.00123110663610741
"species_bathy_extrap",172.685493749619,0.00122025958311116
"species_bathy_extrap",172.968444643354,0.00120961198770068
"species_bathy_extrap",173.25139553709,0.00119896541951722
"species_bathy_extrap",173.534346430826,0.00118851407897459
"species_bathy_extrap",173.817297324562,0.00117806373324402
"species_bathy_extrap",174.100248218298,0.00116780538869501
"species_bathy_extrap",174.383199112034,0.00115754801079478
"species_bathy_extrap",174.66615000577,0.00114747907462347
"species_bathy_extrap",174.949100899506,0.00113741107449674
"species_bathy_extrap",175.232051793242,0.00112752797697422
"species_bathy_extrap",175.515002686977,0.00111764578566616
"species_bathy_extrap",175.797953580713,0.00110794517481255
"species_bathy_extrap",176.080904474449,0.00109824544384421
"species_bathy_extrap",176.363855368185,0.00108872391036006
"species_bathy_extrap",176.646806261921,0.00107920322866948
"species_bathy_extrap",176.929757155657,0.00106985745267457
"species_bathy_extrap",177.212708049393,0.00106051250160848
"species_bathy_extrap",177.495658943129,0.00105133916639669
"species_bathy_extrap",177.778609836865,0.00104216662948402
"species_bathy_extrap",178.0615607306,0.00103316258804267
"species_bathy_extrap",178.344511624336,0.00102415932126519
"species_bathy_extrap",178.627462518072,0.00101532140520062
"species_bathy_extrap",178.910413411808,0.00100648423833632
"species_bathy_extrap",179.193364305544,0.000997809298437454
"species_bathy_extrap",179.47631519928,0.00098913508309448
"species_bathy_extrap",179.759266093016,0.000980620137727425
"species_bathy_extrap",180.042216986752,0.000972105895055805
"species_bathy_extrap",180.325167880487,0.000963747905125065
"species_bathy_extrap",180.608118774223,0.000955390594419707
"species_bathy_extrap",180.891069667959,0.000947186641446782
"species_bathy_extrap",181.174020561695,0.000938983345699618
"species_bathy_extrap",181.456971455431,0.000930930486625786
"species_bathy_extrap",181.739922349167,0.000922878262633004
"species_bathy_extrap",182.022873242903,0.000914973923096438
"species_bathy_extrap",182.305824136639,0.000907070199103633
"species_bathy_extrap",182.588775030375,0.000899311152440742
"species_bathy_extrap",182.87172592411,0.000891552700393519
"species_bathy_extrap",183.154676817846,0.000883936447990458
"species_bathy_extrap",183.437627711582,0.000876320770344587
"species_bathy_extrap",183.720578605318,0.000868844548123842
"species_bathy_extrap",184.003529499054,0.000861368881034756
"species_bathy_extrap",184.28648039279,0.000854030127194926
"species_bathy_extrap",184.569431286526,0.000846691910918144
"species_bathy_extrap",184.852382180262,0.000839487966063457
"species_bathy_extrap",185.135333073998,0.00083228454007502
"species_bathy_extrap",185.418283967733,0.000825212874471523
"species_bathy_extrap",185.701234861469,0.000818141709579944
"species_bathy_extrap",185.984185755205,0.000811199834105134
"species_bathy_extrap",186.267136648941,0.000804258443329815
"species_bathy_extrap",186.550087542677,0.000797443880980434
"species_bathy_extrap",186.833038436413,0.000790629786063601
"species_bathy_extrap",187.115989330149,0.00078394014389058
"species_bathy_extrap",187.398940223885,0.000777250953164094
"species_bathy_extrap",187.68189111762,0.000770683805557449
"species_bathy_extrap",187.964842011356,0.000764117093153302
"species_bathy_extrap",188.247792905092,0.000757670182158564
"species_bathy_extrap",188.530743798828,0.000751223692112407
"species_bathy_extrap",188.813694692564,0.000744894705336977
"species_bathy_extrap",189.0966455863,0.000738566124196929
"species_bathy_extrap",189.379596480036,0.000732352787528805
"species_bathy_extrap",189.662547373772,0.000726139841863338
"species_bathy_extrap",189.945498267508,0.000720039998318065
"species_bathy_extrap",190.228449161244,0.000713940532573342
"species_bathy_extrap",190.511400054979,0.000707952006911668
"species_bathy_extrap",190.794350948715,0.000701963845155714
"species_bathy_extrap",191.077301842451,0.000696084502451594
"species_bathy_extrap",191.360252736187,0.000690205510592925
"species_bathy_extrap",191.643203629923,0.000684433398306765
"species_bathy_extrap",191.926154523659,0.000678661623787603
"species_bathy_extrap",192.209105417395,0.000672994444859749
"species_bathy_extrap",192.492056311131,0.000667327592068664
"species_bathy_extrap",192.775007204866,0.000661763479739795
"species_bathy_extrap",193.057958098602,0.000656199681250011
"species_bathy_extrap",193.340908992338,0.000650736640356525
"species_bathy_extrap",193.623859886074,0.000645273901413298
"species_bathy_extrap",193.90681077981,0.000639910034518937
"species_bathy_extrap",194.189761673546,0.000634546458963784
"species_bathy_extrap",194.472712567282,0.000629279843586804
"species_bathy_extrap",194.755663461018,0.00062401350833503
"species_bathy_extrap",195.038614354754,0.000618842294536541
"species_bathy_extrap",195.321565248489,0.000613671350357867
"species_bathy_extrap",195.604516142225,0.000608593708698349
"species_bathy_extrap",195.887467035961,0.000603516326188474
"species_bathy_extrap",196.170417929697,0.000598530463681944
"species_bathy_extrap",196.453368823433,0.000593544850913781
"species_bathy_extrap",196.736319717169,0.000588649020423435
"species_bathy_extrap",197.019270610905,0.000583753429849216
"species_bathy_extrap",197.302221504641,0.000578945893492737
"species_bathy_extrap",197.585172398377,0.000574138587570285
"species_bathy_extrap",197.868123292112,0.000569417672364114
"species_bathy_extrap",198.151074185848,0.000564696979040326
"species_bathy_extrap",198.434025079584,0.000560061017651144
"species_bathy_extrap",198.71697597332,0.000555425269234759
"species_bathy_extrap",198.999926867056,0.00055087262185422
"species_bathy_extrap",199.282877760792,0.000546320179032653
"species_bathy_extrap",199.565828654528,0.000541849250267081
"species_bathy_extrap",199.848779548264,0.000537378517746858
"species_bathy_extrap",200.131730441999,0.000532987762969596
"species_bathy_extrap",200.414681335735,0.00052859719693967
"species_bathy_extrap",200.697632229471,0.000524285172321188
"species_bathy_extrap",200.980583123207,0.000519973328647684
"species_bathy_extrap",201.263534016943,0.000515738318383352
"species_bathy_extrap",201.546484910679,0.000511503481723516
"species_bathy_extrap",201.829435804415,0.000507344106219558
"species_bathy_extrap",202.112386698151,0.00050318489701522
"species_bathy_extrap",202.395337591887,0.000499099715201465
"species_bathy_extrap",202.678288485622,0.00049501469314523
"species_bathy_extrap",202.961239379358,0.000491002282610095
"species_bathy_extrap",203.244190273094,0.000486990025035611
"species_bathy_extrap",203.52714116683,0.000483048975986038
"species_bathy_extrap",203.810092060566,0.000479108073324392
"species_bathy_extrap",204.093042954302,0.0004752370635631
"species_bathy_extrap",204.375993848038,0.000471366194289061
"species_bathy_extrap",204.658944741774,0.000467563839793279
"species_bathy_extrap",204.94189563551,0.000463761619623178
"species_bathy_extrap",205.224846529245,0.000460026620288796
"species_bathy_extrap",205.507797422981,0.000456291749524414
"species_bathy_extrap",205.790748316717,0.000452622812341026
"species_bathy_extrap",206.073699210453,0.000448953998013687
"species_bathy_extrap",206.356650104189,0.000445349867639118
"species_bathy_extrap",206.639600997925,0.000441745854983085
"species_bathy_extrap",206.922551891661,0.000438205286480664
"species_bathy_extrap",207.205502785397,0.000434664830368045
"species_bathy_extrap",207.488453679133,0.000431186607309057
"species_bathy_extrap",207.771404572868,0.000427708491534897
"species_bathy_extrap",208.054355466604,0.000424291442724275
"species_bathy_extrap",208.33730636034,0.0004208744965618
"species_bathy_extrap",208.620257254076,0.000417517430657287
"species_bathy_extrap",208.903208147812,0.000414160462641016
"species_bathy_extrap",209.186159041548,0.000410862242126118
"species_bathy_extrap",209.469109935284,0.000407564114997965
"species_bathy_extrap",209.75206082902,0.00040432361288605
"species_bathy_extrap",210.035011722755,0.000401083199756094
"species_bathy_extrap",210.317962616491,0.000397899404283476
"species_bathy_extrap",210.600913510227,0.000394715693770568
"species_bathy_extrap",210.883864403963,0.000391587369613301
"species_bathy_extrap",211.166815297699,0.000388459126326024
"species_bathy_extrap",211.449766191435,0.000385385274053406
"species_bathy_extrap",211.732717085171,0.000382311498705669
"species_bathy_extrap",212.015667978907,0.00037929110894497
"species_bathy_extrap",212.298618872643,0.000376270792522032
"species_bathy_extrap",212.581569766378,0.000373302840416956
"species_bathy_extrap",212.864520660114,0.000370334957986054
"species_bathy_extrap",213.14747155385,0.00036741844612457
"species_bathy_extrap",213.430422447586,0.000364502000494035
"species_bathy_extrap",213.713373341322,0.000361635938448285
"species_bathy_extrap",213.996324235058,0.000358769939247299
"species_bathy_extrap",214.279275128794,0.000355953393360617
"species_bathy_extrap",214.56222602253,0.000353136907246481
"species_bathy_extrap",214.845176916266,0.000350368929322881
"species_bathy_extrap",215.128127810001,0.000347601008035387
"species_bathy_extrap",215.411078703737,0.000344880675778718
"species_bathy_extrap",215.694029597473,0.000342160397160874
"species_bathy_extrap",215.976980491209,0.000339486817807922
"species_bathy_extrap",216.259931384945,0.000336813289354633
"species_bathy_extrap",216.542882278681,0.000334185571068052
"species_bathy_extrap",216.825833172417,0.000331557900909432
"species_bathy_extrap",217.108784066153,0.000328975178956647
"species_bathy_extrap",217.391734959889,0.000326392502508658
"species_bathy_extrap",217.674685853624,0.000323853931867498
"species_bathy_extrap",217.95763674736,0.000321315404191329
"species_bathy_extrap",218.240587641096,0.000318820161287244
"species_bathy_extrap",218.523538534832,0.000316324959000904
"species_bathy_extrap",218.806489428568,0.000313872207075989
"species_bathy_extrap",219.089440322304,0.000311419493426982
"species_bathy_extrap",219.37239121604,0.000309008461096399
"species_bathy_extrap",219.655342109776,0.000306597464816601
"species_bathy_extrap",219.938293003511,0.000304227396382642
"species_bathy_extrap",220.221243897247,0.000301857361847346
"species_bathy_extrap",220.504194790983,0.000299527403292426
"species_bathy_extrap",220.787145684719,0.000297197476653255
"species_bathy_extrap",221.070096578455,0.000294906916370906
"species_bathy_extrap",221.353047472191,0.000292616386023448
"species_bathy_extrap",221.635998365927,0.00029036449358946
"species_bathy_extrap",221.918949259663,0.000288112629194111
"species_bathy_extrap",222.201900153399,0.000285898678029253
"species_bathy_extrap",222.484851047134,0.000283684753158955
"species_bathy_extrap",222.76780194087,0.000281508044020074
"species_bathy_extrap",223.050752834606,0.000279331359440766
"species_bathy_extrap",223.333703728342,0.000277191186272893
"species_bathy_extrap",223.616654622078,0.000275051036020932
"species_bathy_extrap",223.899605515814,0.000272946723631966
"species_bathy_extrap",224.18255640955,0.000270842432575691
"species_bathy_extrap",224.465507303286,0.000268773325541715
"species_bathy_extrap",224.748458197022,0.000266704238377918
"species_bathy_extrap",225.031409090757,0.000264669670924824
"species_bathy_extrap",225.314359984493,0.000262635121890213
"species_bathy_extrap",225.597310878229,0.00026063446124507
"species_bathy_extrap",225.880261771965,0.000258633817636913
"species_bathy_extrap",226.163212665701,0.000256666431720901
"species_bathy_extrap",226.446163559437,0.000254699061565465
"species_bathy_extrap",226.729114453173,0.000252764340305188
"species_bathy_extrap",227.012065346909,0.000250829633546806
"species_bathy_extrap",227.295016240644,0.00024892696990996
"species_bathy_extrap",227.57796713438,0.000247024319585858
"species_bathy_extrap",227.860918028116,0.000245153124115841
"species_bathy_extrap",228.143868921852,0.000243281940816529
"species_bathy_extrap",228.426819815588,0.000241441635524832
"species_bathy_extrap",228.709770709324,0.000239601341347219
"species_bathy_extrap",228.99272160306,0.000237791417887323
"species_bathy_extrap",229.275672496796,0.00023598150450391
"species_bathy_extrap",229.558623390532,0.000234201288195275
"species_bathy_extrap",229.841574284267,0.00023242108097778
"species_bathy_extrap",230.124525178003,0.000230670099573991
"species_bathy_extrap",230.407476071739,0.00022891912634889
"species_bathy_extrap",230.690426965475,0.000227196830256578
"species_bathy_extrap",230.973377859211,0.00022547454145163
"species_bathy_extrap",231.256328752947,0.000223780415470663
"species_bathy_extrap",231.539279646683,0.000222086295938612
"species_bathy_extrap",231.822230540419,0.000220419821245925
"species_bathy_extrap",232.105181434155,0.000218753352201537
"species_bathy_extrap",232.38813232789,0.000217114033696137
"species_bathy_extrap",232.671083221626,0.000215474720092992
"species_bathy_extrap",232.954034115362,0.000213862057608594
"species_bathy_extrap",233.236985009098,0.000212249399306585
"species_bathy_extrap",233.519935902834,0.00021066291917582
"species_bathy_extrap",233.80288679657,0.000209076442546876
"species_bathy_extrap",234.085837690306,0.000207515666959641
"species_bathy_extrap",234.368788584042,0.000205954894238426
"species_bathy_extrap",234.651739477778,0.000204419357134774
"species_bathy_extrap",234.934690371513,0.000202883822287912
"species_bathy_extrap",235.217641265249,0.000201373072650494
"species_bathy_extrap",235.500592158985,0.000199862324697267
"species_bathy_extrap",235.783543052721,0.000198375914424667
"species_bathy_extrap",236.066493946457,0.00019688950529474
"species_bathy_extrap",236.349444840193,0.000195427002791586
"species_bathy_extrap",236.632395733929,0.000193964500922725
"species_bathy_extrap",236.915346627665,0.000193482249820146
"species_bathy_extrap",237.1982975214,0.000193000005037902
"species_bathy_extrap",237.481248415136,0.000193000005037902
"species_bathy_extrap",237.764199308872,0.000193000005037902
"species_bathy_extrap",238.047150202608,0.000193000005037902
"species_bathy_extrap",238.330101096344,0.000193000005037902
"species_bathy_extrap",238.61305199008,0.000193000005037902
"species_bathy_extrap",238.896002883816,0.000193000005037902
"species_bathy_extrap",239.178953777552,0.000193000005037902
"species_bathy_extrap",239.461904671288,0.000193000005037902
"species_bathy_extrap",239.744855565023,0.000193000005037902
"species_bathy_extrap",240.027806458759,0.000193000005037902
"species_bathy_extrap",240.310757352495,0.000193000005037902
"species_bathy_extrap",240.593708246231,0.000193000005037902
"species_bathy_extrap",240.876659139967,0.000193000005037902
"species_bathy_extrap",241.159610033703,0.000193000005037902
"species_bathy_extrap",241.442560927439,0.000193000005037902
"species_bathy_extrap",241.725511821175,0.000193000005037902
"species_bathy_extrap",242.00846271491,0.000193000005037902
"species_bathy_extrap",242.291413608646,0.000193000005037902
"species_bathy_extrap",242.574364502382,0.000193000005037902
"species_bathy_extrap",242.857315396118,0.000193000005037902
"species_bathy_extrap",243.140266289854,0.000193000005037902
"species_bathy_extrap",243.42321718359,0.000193000005037902
"species_bathy_extrap",243.706168077326,0.000193000005037902
"species_bathy_extrap",243.989118971062,0.000193000005037902
"species_bathy_extrap",244.272069864798,0.000193000005037902
"species_bathy_extrap",244.555020758534,0.000193000005037902
"species_bathy_extrap",244.837971652269,0.000193000005037902
"species_bathy_extrap",245.120922546005,0.000193000005037902
"species_bathy_extrap",245.403873439741,0.000193000005037902
"species_bathy_extrap",245.686824333477,0.000193000005037902
"species_bathy_extrap",245.969775227213,0.000193000005037902
"species_bathy_extrap",246.252726120949,0.000193000005037902
"species_bathy_extrap",246.535677014685,0.000193000005037902
"species_bathy_extrap",246.818627908421,0.000193000005037902
"species_bathy_extrap",247.101578802157,0.000193000005037902
"species_bathy_extrap",247.384529695892,0.000193000005037902
"species_bathy_extrap",247.667480589628,0.000193000005037902
"species_bathy_extrap",247.950431483364,0.000193000005037902
"species_bathy_extrap",248.2333823771,0.000193000005037902
"species_bathy_extrap",248.516333270836,0.000193000005037902
"species_bathy_extrap",248.799284164572,0.000193000005037902
"species_bathy_extrap",249.082235058308,0.000193000005037902
"species_bathy_extrap",249.365185952044,0.000193000005037902
"species_bathy_extrap",249.64813684578,0.000193000005037902
"species_bathy_extrap",249.931087739515,0.000193000005037902
"species_bathy_extrap",250.214038633251,0.000193000005037902
"species_bathy_extrap",250.496989526987,0.000193000005037902
"species_bathy_extrap",250.779940420723,0.000193000005037902
"species_bathy_extrap",251.062891314459,0.000193000005037902
"species_bathy_extrap",251.345842208195,0.000193000005037902
"species_bathy_extrap",251.628793101931,0.000193000005037902
"species_bathy_extrap",251.911743995667,0.000193000005037902
"species_bathy_extrap",252.194694889402,0.000193000005037902
"species_bathy_extrap",252.477645783138,0.000193000005037902
"species_bathy_extrap",252.760596676874,0.000193000005037902
"species_bathy_extrap",253.04354757061,0.000193000005037902
"species_bathy_extrap",253.326498464346,0.000193000005037902
"species_bathy_extrap",253.609449358082,0.000193000005037902
"species_bathy_extrap",253.892400251818,0.000193000005037902
"species_bathy_extrap",254.175351145554,0.000193000005037902
"species_bathy_extrap",254.45830203929,0.000193000005037902
"species_bathy_extrap",254.741252933025,0.000193000005037902
"species_bathy_extrap",255.024203826761,0.000193000005037902
"species_bathy_extrap",255.307154720497,0.000193000005037902
"species_bathy_extrap",255.590105614233,0.000193000005037902
"species_bathy_extrap",255.873056507969,0.000193000005037902
"species_bathy_extrap",256.156007401705,0.000193000005037902
"species_bathy_extrap",256.438958295441,0.000193000005037902
"species_bathy_extrap",256.721909189177,0.000193000005037902
"species_bathy_extrap",257.004860082913,0.000193000005037902
"species_bathy_extrap",257.287810976648,0.000193000005037902
"species_bathy_extrap",257.570761870384,0.000193000005037902
"species_bathy_extrap",257.85371276412,0.000193000005037902
"species_bathy_extrap",258.136663657856,0.000193000005037902
"species_bathy_extrap",258.419614551592,0.000193000005037902
"species_bathy_extrap",258.702565445328,0.000193000005037902
"species_bathy_extrap",258.985516339064,0.000193000005037902
"species_bathy_extrap",259.2684672328,0.000193000005037902
"species_bathy_extrap",259.551418126535,0.000193000005037902
"species_bathy_extrap",259.834369020271,0.000193000005037902
"species_bathy_extrap",260.117319914007,0.000193000005037902
"species_bathy_extrap",260.400270807743,0.000193000005037902
"species_fetch_only",-7311.75081787109,0.937193667888641
"species_fetch_only",-7217.45805561524,0.937193667888641
"species_fetch_only",-7123.16529335938,0.937193667888641
"species_fetch_only",-7028.87253110352,0.937193667888641
"species_fetch_only",-6934.57976884766,0.937193667888641
"species_fetch_only",-6840.2870065918,0.937193667888641
"species_fetch_only",-6745.99424433594,0.937193667888641
"species_fetch_only",-6651.70148208008,0.937193667888641
"species_fetch_only",-6557.40871982422,0.937193667888641
"species_fetch_only",-6463.11595756836,0.937193667888641
"species_fetch_only",-6368.8231953125,0.937193667888641
"species_fetch_only",-6274.53043305664,0.937193667888641
"species_fetch_only",-6180.23767080078,0.937193667888641
"species_fetch_only",-6085.94490854492,0.937193667888641
"species_fetch_only",-5991.65214628906,0.937193667888641
"species_fetch_only",-5897.3593840332,0.937193667888641
"species_fetch_only",-5803.06662177734,0.937193667888641
"species_fetch_only",-5708.77385952149,0.937193667888641
"species_fetch_only",-5614.48109726563,0.937193667888641
"species_fetch_only",-5520.18833500977,0.937193667888641
"species_fetch_only",-5425.89557275391,0.937193667888641
"species_fetch_only",-5331.60281049805,0.937193667888641
"species_fetch_only",-5237.31004824219,0.937193667888641
"species_fetch_only",-5143.01728598633,0.937193667888641
"species_fetch_only",-5048.72452373047,0.937193667888641
"species_fetch_only",-4954.43176147461,0.937193667888641
"species_fetch_only",-4860.13899921875,0.937193667888641
"species_fetch_only",-4765.84623696289,0.937193667888641
"species_fetch_only",-4671.55347470703,0.937193667888641
"species_fetch_only",-4577.26071245117,0.937193667888641
"species_fetch_only",-4482.96795019531,0.937193667888641
"species_fetch_only",-4388.67518793945,0.937193667888641
"species_fetch_only",-4294.38242568359,0.937193667888641
"species_fetch_only",-4200.08966342773,0.937193667888641
"species_fetch_only",-4105.79690117188,0.937193667888641
"species_fetch_only",-4011.50413891602,0.937193667888641
"species_fetch_only",-3917.21137666016,0.937193667888641
"species_fetch_only",-3822.9186144043,0.937193667888641
"species_fetch_only",-3728.62585214844,0.937193667888641
"species_fetch_only",-3634.33308989258,0.937193667888641
"species_fetch_only",-3540.04032763672,0.937193667888641
"species_fetch_only",-3445.74756538086,0.937193667888641
"species_fetch_only",-3351.454803125,0.937193667888641
"species_fetch_only",-3257.16204086914,0.937193667888641
"species_fetch_only",-3162.86927861328,0.937193667888641
"species_fetch_only",-3068.57651635742,0.937193667888641
"species_fetch_only",-2974.28375410156,0.937193667888641
"species_fetch_only",-2879.9909918457,0.937193667888641
"species_fetch_only",-2785.69822958984,0.937193667888641
"species_fetch_only",-2691.40546733398,0.937193667888641
"species_fetch_only",-2597.11270507812,0.937193667888641
"species_fetch_only",-2502.81994282227,0.937193667888641
"species_fetch_only",-2408.52718056641,0.937193667888641
"species_fetch_only",-2314.23441831055,0.937193667888641
"species_fetch_only",-2219.94165605469,0.937193667888641
"species_fetch_only",-2125.64889379883,0.937193667888641
"species_fetch_only",-2031.35613154297,0.937193667888641
"species_fetch_only",-1937.06336928711,0.937193667888641
"species_fetch_only",-1842.77060703125,0.937193667888641
"species_fetch_only",-1748.47784477539,0.937193667888641
"species_fetch_only",-1654.18508251953,0.937193667888641
"species_fetch_only",-1559.89232026367,0.937193667888641
"species_fetch_only",-1465.59955800781,0.937193667888641
"species_fetch_only",-1371.30679575195,0.937193667888641
"species_fetch_only",-1277.01403349609,0.937193667888641
"species_fetch_only",-1182.72127124023,0.937193667888641
"species_fetch_only",-1088.42850898437,0.937193667888641
"species_fetch_only",-994.135746728515,0.937193667888641
"species_fetch_only",-899.842984472656,0.937193667888641
"species_fetch_only",-805.550222216796,0.937193667888641
"species_fetch_only",-711.257459960937,0.937193667888641
"species_fetch_only",-616.964697705077,0.937193667888641
"species_fetch_only",-522.671935449219,0.937193667888641
"species_fetch_only",-428.379173193359,0.937193667888641
"species_fetch_only",-334.0864109375,0.937193667888641
"species_fetch_only",-239.79364868164,0.937193667888641
"species_fetch_only",-145.500886425781,0.937193667888641
"species_fetch_only",-51.2081241699207,0.937193667888641
"species_fetch_only",43.0846380859375,0.937193667888641
"species_fetch_only",137.377400341798,0.937193667888641
"species_fetch_only",231.670162597657,0.937193667888641
"species_fetch_only",325.962924853517,0.937193667888641
"species_fetch_only",420.255687109376,0.937193667888641
"species_fetch_only",514.548449365235,0.936696965125731
"species_fetch_only",608.841211621094,0.940269762840672
"species_fetch_only",703.133973876954,0.942085348773111
"species_fetch_only",797.426736132813,0.939508663827053
"species_fetch_only",891.719498388673,0.936718008245988
"species_fetch_only",986.012260644533,0.933713008544342
"species_fetch_only",1080.30502290039,0.93048707304859
"species_fetch_only",1174.59778515625,0.927203650282629
"species_fetch_only",1268.89054741211,0.923682839971155
"species_fetch_only",1363.18330966797,0.920099536205518
"species_fetch_only",1457.47607192383,0.916261900474476
"species_fetch_only",1551.76883417969,0.912356554153002
"species_fetch_only",1646.06159643555,0.908179618434126
"species_fetch_only",1740.35435869141,0.903929584964709
"species_fetch_only",1834.64712094727,0.899390530347338
"species_fetch_only",1928.93988320313,0.894772866930792
"species_fetch_only",2023.23264545899,0.889848856444435
"species_fetch_only",2117.52540771485,0.884840703666797
"species_fetch_only",2211.8181699707,0.879509243315514
"species_fetch_only",2306.11093222656,0.874088135153474
"species_fetch_only",2400.40369448242,0.868327429413462
"species_fetch_only",2494.69645673828,0.862471770282613
"species_fetch_only",2588.98921899414,0.856261330992607
"species_fetch_only",2683.28198125,0.849950914409994
"species_fetch_only",2777.57474350586,0.843271994274614
"species_fetch_only",2871.86750576172,0.836488551466599
"species_fetch_only",2966.16026801758,0.82932484591086
"species_fetch_only",3060.45303027344,0.822052701654878
"species_fetch_only",3154.7457925293,0.814390986619266
"species_fetch_only",3249.03855478516,0.806617744949182
"species_fetch_only",3343.33131704102,0.798448611806236
"species_fetch_only",3437.62407929687,0.790165883434148
"species_fetch_only",3531.91684155274,0.781484410773374
"species_fetch_only",3626.20960380859,0.772688504775861
"species_fetch_only",3720.50236606446,0.76349503571547
"species_fetch_only",3814.79512832031,0.75418773466635
"species_fetch_only",3909.08789057617,0.744488546490196
"species_fetch_only",4003.38065283203,0.734677708658099
"species_fetch_only",4097.67341508789,0.724485503297039
"species_fetch_only",4191.96617734375,0.714185611273701
"species_fetch_only",4286.25893959961,0.703520218491631
"species_fetch_only",4380.55170185547,0.692752939564074
"species_fetch_only",4474.84446411133,0.681641370566208
"species_fetch_only",4569.13722636719,0.670435658194442
"species_fetch_only",4663.42998862305,0.65891240958902
"species_fetch_only",4757.72275087891,0.647304628500898
"species_fetch_only",4852.01551313477,0.635411476590817
"species_fetch_only",4946.30827539063,0.623445229894512
"species_fetch_only",5040.60103764649,0.611230914029102
"species_fetch_only",5134.89379990235,0.59895656613763
"species_fetch_only",5229.1865621582,0.586476164806701
"species_fetch_only",5323.47932441406,0.573950203409462
"species_fetch_only",5417.77208666992,0.561264250425045
"species_fetch_only",5512.06484892578,0.548548260845334
"species_fetch_only",5606.35761118164,0.535875634535501
"species_fetch_only",5700.6503734375,0.523189203096758
"species_fetch_only",5794.94313569336,0.51123196673575
"species_fetch_only",5889.23589794922,0.499277468950695
"species_fetch_only",5983.52866020508,0.490656438546333
"species_fetch_only",6077.82142246094,0.482054521002702
"species_fetch_only",6172.1141847168,0.475261855070572
"species_fetch_only",6266.40694697266,0.468768352241022
"species_fetch_only",6360.69970922852,0.462993046861888
"species_fetch_only",6454.99247148438,0.457452559639888
"species_fetch_only",6549.28523374024,0.45194865117617
"species_fetch_only",6643.5779959961,0.446586446504461
"species_fetch_only",6737.87075825195,0.441277247085173
"species_fetch_only",6832.16352050781,0.436328103120893
"species_fetch_only",6926.45628276367,0.431412187673469
"species_fetch_only",7020.74904501953,0.426692282538648
"species_fetch_only",7115.04180727539,0.422025980621934
"species_fetch_only",7209.33456953125,0.417673373174213
"species_fetch_only",7303.62733178711,0.413333266597291
"species_fetch_only",7397.92009404297,0.409007428422715
"species_fetch_only",7492.21285629883,0.404698720286376
"species_fetch_only",7586.50561855469,0.400417780052382
"species_fetch_only",7680.79838081055,0.396157089079119
"species_fetch_only",7775.09114306641,0.391927554214687
"species_fetch_only",7869.38390532227,0.387792683128348
"species_fetch_only",7963.67666757813,0.384143436287817
"species_fetch_only",8057.96942983399,0.380563281892509
"species_fetch_only",8152.26219208984,0.377286190807101
"species_fetch_only",8246.5549543457,0.374033570946579
"species_fetch_only",8340.84771660156,0.370792779904557
"species_fetch_only",8435.14047885742,0.367576549743618
"species_fetch_only",8529.43324111328,0.364359220606011
"species_fetch_only",8623.72600336914,0.361168610524544
"species_fetch_only",8718.018765625,0.357976906943362
"species_fetch_only",8812.31152788086,0.354813914155488
"species_fetch_only",8906.60429013672,0.351649835873372
"species_fetch_only",9000.89705239258,0.348516448228039
"species_fetch_only",9095.18981464844,0.345381983066703
"species_fetch_only",9189.4825769043,0.342279997677998
"species_fetch_only",9283.77533916016,0.33917694272429
"species_fetch_only",9378.06810141602,0.336118140484299
"species_fetch_only",9472.36086367188,0.333058276603068
"species_fetch_only",9566.65362592774,0.330948102295192
"species_fetch_only",9660.9463881836,0.328836871727698
"species_fetch_only",9755.23915043946,0.327795590611807
"species_fetch_only",9849.53191269531,0.32675326362049
"species_fetch_only",9943.82467495117,0.325799562275115
"species_fetch_only",10038.117437207,0.324844822896365
"species_fetch_only",10132.4101994629,0.324070841195677
"species_fetch_only",10226.7029617188,0.323295829276428
"species_fetch_only",10320.9957239746,0.322566198649755
"species_fetch_only",10415.2884862305,0.321835543104431
"species_fetch_only",10509.5812484863,0.321113080719491
"species_fetch_only",10603.8740107422,0.320389606144764
"species_fetch_only",10698.166772998,0.319661200499265
"species_fetch_only",10792.4595352539,0.318931787916225
"species_fetch_only",10886.7522975098,0.318197514565793
"species_fetch_only",10981.0450597656,0.317462244450923
"species_fetch_only",11075.3378220215,0.316722154110577
"species_fetch_only",11169.6305842773,0.31598107713804
"species_fetch_only",11263.9233465332,0.315235254695533
"species_fetch_only",11358.2161087891,0.314488448351367
"species_fetch_only",11452.5088710449,0.313736949598184
"species_fetch_only",11546.8016333008,0.312984479461117
"species_fetch_only",11641.0943955566,0.312227387368218
"species_fetch_only",11735.3871578125,0.311469333914735
"species_fetch_only",11829.6799200684,0.310706713547855
"species_fetch_only",11923.9726823242,0.309943139369641
"species_fetch_only",12018.2654445801,0.309175077189561
"species_fetch_only",12112.5582068359,0.308406068720161
"species_fetch_only",12206.8509690918,0.307632633870333
"species_fetch_only",12301.1437313477,0.306858262645535
"species_fetch_only",12395.4364936035,0.306079523722369
"species_fetch_only",12489.7292558594,0.305299858297728
"species_fetch_only",12584.0220181152,0.304515904759261
"species_fetch_only",12678.3147803711,0.303731034551959
"species_fetch_only",12772.607542627,0.302941930845389
"species_fetch_only",12866.9003048828,0.302151915463474
"species_fetch_only",12961.1930671387,0.301357753377993
"species_fetch_only",13055.4858293945,0.300562694166385
"species_fetch_only",13149.7785916504,0.299763548880708
"species_fetch_only",13244.0713539063,0.298963511407921
"species_fetch_only",13338.3641161621,0.298159468200331
"species_fetch_only",13432.656878418,0.297354544867183
"species_fetch_only",13526.9496406738,0.296545683660316
"species_fetch_only",13621.2424029297,0.295735951963059
"species_fetch_only",13715.5351651855,0.294922361596413
"species_fetch_only",13809.8279274414,0.294107907968592
"species_fetch_only",13904.1206896973,0.293289664232714
"species_fetch_only",13998.4134519531,0.292470569154217
"species_fetch_only",14092.706214209,0.291647760892012
"species_fetch_only",14186.9989764648,0.290824110799788
"species_fetch_only",14281.2917387207,0.289996830449525
"species_fetch_only",14375.5845009766,0.289168717740988
"species_fetch_only",14469.8772632324,0.288337054760702
"species_fetch_only",14564.1700254883,0.287504568853033
"species_fetch_only",14658.4627877441,0.286668601432418
"species_fetch_only",14752.75555,0.285831822805506
"species_fetch_only",14847.0483122559,0.284991656982228
"species_fetch_only",14941.3410745117,0.284150686970778
"species_fetch_only",15035.6338367676,0.283306397126979
"species_fetch_only",15129.9265990234,0.282461314720764
"species_fetch_only",15224.2193612793,0.281613005232667
"species_fetch_only",15318.5121235352,0.280763914753434
"species_fetch_only",15412.804885791,0.279911669266106
"species_fetch_only",15507.0976480469,0.279058649696819
"species_fetch_only",15601.3904103027,0.278202565671631
"species_fetch_only",15695.6831725586,0.277345721337441
"species_fetch_only",15789.9759348145,0.27648590406755
"species_fetch_only",15884.2686970703,0.275625333322931
"species_fetch_only",15978.5614593262,0.274761865409402
"species_fetch_only",16072.854221582,0.273897657678344
"species_fetch_only",16167.1469838379,0.27303064359042
"species_fetch_only",16261.4397460938,0.272162898720918
"species_fetch_only",16355.7325083496,0.271292428630504
"species_fetch_only",16450.0252706055,0.270421239023374
"species_fetch_only",16544.3180328613,0.269547421056364
"species_fetch_only",16638.6107951172,0.268672892520065
"species_fetch_only",16732.903557373,0.267795818352097
"species_fetch_only",16827.1963196289,0.266918044777564
"species_fetch_only",16921.4890818848,0.266037825112473
"species_fetch_only",17015.7818441406,0.265156918273736
"species_fetch_only",17110.0746063965,0.264273638503202
"species_fetch_only",17204.3673686523,0.263389680366861
"species_fetch_only",17298.6601309082,0.262503453048579
"species_fetch_only",17392.9528931641,0.261616558367193
"species_fetch_only",17487.2456554199,0.260727482671643
"species_fetch_only",17581.5384176758,0.259837752790133
"species_fetch_only",17675.8311799316,0.258945943508423
"species_fetch_only",17770.1239421875,0.258053488705595
"species_fetch_only",17864.4167044434,0.257159033083871
"species_fetch_only",17958.7094666992,0.256263942780311
"species_fetch_only",18053.0022289551,0.255366945582371
"species_fetch_only",18147.2949912109,0.254469325591644
"species_fetch_only",18241.5877534668,0.253569905712402
"species_fetch_only",18335.8805157227,0.2526698737673
"species_fetch_only",18430.1732779785,0.251768131507015
"species_fetch_only",18524.4660402344,0.250865788950755
"species_fetch_only",18618.7588024902,0.249961841309624
"species_fetch_only",18713.0515647461,0.249057302893064
"species_fetch_only",18807.344327002,0.248151233090639
"species_fetch_only",18901.6370892578,0.247244585257537
"species_fetch_only",18995.9298515137,0.246336520719722
"species_fetch_only",19090.2226137695,0.245427888653451
"species_fetch_only",19184.5153760254,0.244517931184239
"species_fetch_only",19278.8081382812,0.243607417718132
"species_fetch_only",19373.1009005371,0.242695676172605
"species_fetch_only",19467.393662793,0.241783390100459
"species_fetch_only",19561.6864250488,0.240869990385465
"species_fetch_only",19655.9791873047,0.239956055398835
"species_fetch_only",19750.2719495605,0.239041078222981
"species_fetch_only",19844.5647118164,0.238125579277211
"species_fetch_only",19938.8574740723,0.237209150972373
"species_fetch_only",20033.1502363281,0.23629221325424
"species_fetch_only",20127.442998584,0.235374445454252
"species_fetch_only",20221.7357608398,0.23445617626233
"species_fetch_only",20316.0285230957,0.233537184837676
"species_fetch_only",20410.3212853516,0.232617706381916
"species_fetch_only",20504.6140476074,0.231697588055054
"species_fetch_only",20598.9068098633,0.230776992736274
"species_fetch_only",20693.1995721191,0.22985587020006
"species_fetch_only",20787.492334375,0.228934281713218
"species_fetch_only",20881.7850966309,0.228012264700025
"species_fetch_only",20976.0778588867,0.227089794822556
"species_fetch_only",21070.3706211426,0.226166995348685
"species_fetch_only",21164.6633833984,0.225243752872685
"species_fetch_only",21258.9561456543,0.224320290061769
"species_fetch_only",21353.2489079102,0.223396397195484
"species_fetch_only",21447.541670166,0.222472376041675
"species_fetch_only",21541.8344324219,0.22154793561844
"species_fetch_only",21636.1271946777,0.220623464524556
"species_fetch_only",21730.4199569336,0.219698583846348
"species_fetch_only",21824.7127191895,0.218773784823785
"species_fetch_only",21919.0054814453,0.217848592064424
"species_fetch_only",22013.2982437012,0.216923579278929
"species_fetch_only",22107.591005957,0.215998180246874
"species_fetch_only",22201.8837682129,0.215073068283096
"species_fetch_only",22296.1765304688,0.214147583698179
"species_fetch_only",22390.4692927246,0.213222474078621
"species_fetch_only",22484.7620549805,0.212297002303828
"species_fetch_only",22579.0548172363,0.211372014783671
"species_fetch_only",22673.3475794922,0.210446676535431
"species_fetch_only",22767.640341748,0.20952192241377
"species_fetch_only",22861.9331040039,0.208596830961336
"species_fetch_only",22956.2258662598,0.207672426155095
"species_fetch_only",23050.5186285156,0.206747693270794
"species_fetch_only",23144.8113907715,0.205823757005745
"species_fetch_only",23239.1041530274,0.204899504897824
"species_fetch_only",23333.3969152832,0.203976134608049
"species_fetch_only",23427.6896775391,0.203052461644601
"species_fetch_only",23521.9824397949,0.202129781660555
"species_fetch_only",23616.2752020508,0.201206807062785
"species_fetch_only",23710.5679643066,0.200284919219722
"species_fetch_only",23804.8607265625,0.19936275178994
"species_fetch_only",23899.1534888184,0.198441779908173
"species_fetch_only",23993.4462510742,0.19752053737917
"species_fetch_only",24087.7390133301,0.196600582854145
"species_fetch_only",24182.0317755859,0.195680369552776
"species_fetch_only",24276.3245378418,0.194761546226876
"species_fetch_only",24370.6173000977,0.19384247691251
"species_fetch_only",24464.9100623535,0.192924894633247
"species_fetch_only",24559.2028246094,0.192007075117747
"species_fetch_only",24653.4955868652,0.191090848752356
"species_fetch_only",24747.7883491211,0.19017439975896
"species_fetch_only",24842.081111377,0.189259644084916
"species_fetch_only",24936.3738736328,0.188344674405719
"species_fetch_only",25030.6666358887,0.187431478948612
"species_fetch_only",25124.9593981445,0.186518080989539
"species_fetch_only",25219.2521604004,0.185606567059354
"species_fetch_only",25313.5449226563,0.184694863030355
"species_fetch_only",25407.8376849121,0.183785138466994
"species_fetch_only",25502.130447168,0.182875234183337
"species_fetch_only",25596.4232094238,0.181967405917685
"species_fetch_only",25690.7159716797,0.181059410178275
"species_fetch_only",25785.0087339356,0.180153592960027
"species_fetch_only",25879.3014961914,0.179247617538894
"species_fetch_only",25973.5942584473,0.178343897442418
"species_fetch_only",26067.8870207031,0.177440030275137
"species_fetch_only",26162.179782959,0.176538524691071
"species_fetch_only",26256.4725452148,0.175636885009063
"species_fetch_only",26350.7653074707,0.174737697159398
"species_fetch_only",26445.0580697266,0.173838383323945
"species_fetch_only",26539.3508319824,0.172941614869151
"species_fetch_only",26633.6435942383,0.172044734192446
"species_fetch_only",26727.9363564941,0.171150500249909
"species_fetch_only",26822.22911875,0.170256163015866
"species_fetch_only",26916.5218810059,0.169364543733533
"species_fetch_only",27010.8146432617,0.168472831917265
"species_fetch_only",27105.1074055176,0.167583939698474
"species_fetch_only",27199.4001677734,0.166694966569233
"species_fetch_only",27293.6929300293,0.165808902670923
"species_fetch_only",27387.9856922852,0.164922766591695
"species_fetch_only",27482.278454541,0.164039630179252
"species_fetch_only",27576.5712167969,0.163156433990179
"species_fetch_only",27670.8639790527,0.162276312897583
"species_fetch_only",27765.1567413086,0.161396141552306
"species_fetch_only",27859.4495035645,0.160509149981131
"species_fetch_only",27953.7422658203,0.159605707090359
"species_fetch_only",28048.0350280762,0.158703572132536
"species_fetch_only",28142.327790332,0.157798247307436
"species_fetch_only",28236.6205525879,0.156896435120121
"species_fetch_only",28330.9133148438,0.155994885244314
"species_fetch_only",28425.2060770996,0.155096942301335
"species_fetch_only",28519.4988393555,0.154199271703378
"species_fetch_only",28613.7916016113,0.153305275837507
"species_fetch_only",28708.0843638672,0.152411565009205
"species_fetch_only",28802.377126123,0.151521619238156
"species_fetch_only",28896.6698883789,0.150631966544196
"species_fetch_only",28990.9626506348,0.149746158229886
"species_fetch_only",29085.2554128906,0.148860654591184
"species_fetch_only",29179.5481751465,0.147979079846638
"species_fetch_only",29273.8409374023,0.147097817667417
"species_fetch_only",29368.1336996582,0.146220564034995
"species_fetch_only",29462.4264619141,0.14534363348941
"species_fetch_only",29556.7192241699,0.144470781546032
"species_fetch_only",29651.0119864258,0.143598263122484
"species_fetch_only",29745.3047486816,0.142729900736169
"species_fetch_only",29839.5975109375,0.14186187864154
"species_fetch_only",29933.8902731934,0.140998091457694
"species_fetch_only",30028.1830354492,0.140134656614601
"species_fetch_only",30122.4757977051,0.139271832954144
"species_fetch_only",30216.7685599609,0.13840395978779
"species_fetch_only",30311.0613222168,0.137538915377195
"species_fetch_only",30405.3540844727,0.136671978826026
"species_fetch_only",30499.6468467285,0.135809581674668
"species_fetch_only",30593.9396089844,0.134947704328742
"species_fetch_only",30688.2323712402,0.134090447567342
"species_fetch_only",30782.5251334961,0.133233717360533
"species_fetch_only",30876.817895752,0.132381673712001
"species_fetch_only",30971.1106580078,0.131530165917303
"species_fetch_only",31065.4034202637,0.130683417193863
"species_fetch_only",31159.6961825195,0.129837210057693
"species_fetch_only",31253.9889447754,0.128995815702282
"species_fetch_only",31348.2817070313,0.128154970338126
"species_fetch_only",31442.5744692871,0.127319006440294
"species_fetch_only",31536.867231543,0.1264835988628
"species_fetch_only",31631.1599937988,0.1256531336535
"species_fetch_only",31725.4527560547,0.124823229441396
"species_fetch_only",31819.7455183106,0.123998331734407
"species_fetch_only",31914.0382805664,0.123174003925514
"species_fetch_only",32008.3310428223,0.122354744394635
"species_fetch_only",32102.6238050781,0.121536059312737
"species_fetch_only",32196.916567334,0.120722487944951
"species_fetch_only",32291.2093295898,0.119909495522558
"species_fetch_only",32385.5020918457,0.119101678202483
"species_fetch_only",32479.7948541016,0.118294448497183
"species_fetch_only",32574.0876163574,0.117492447842555
"species_fetch_only",32668.3803786133,0.116691037488974
"species_fetch_only",32762.6731408691,0.115894914369866
"species_fetch_only",32856.965903125,0.11509938671326
"species_fetch_only",32951.2586653809,0.114309184419646
"species_fetch_only",33045.5514276367,0.113519582688704
"species_fetch_only",33139.8441898926,0.11273536139156
"species_fetch_only",33234.1369521484,0.111951748191586
"species_fetch_only",33328.4297144043,0.111173561377552
"species_fetch_only",33422.7224766602,0.110395981414583
"species_fetch_only",33517.015238916,0.109623875252076
"species_fetch_only",33611.3080011719,0.108852382934929
"species_fetch_only",33705.6007634277,0.108086404015017
"species_fetch_only",33799.8935256836,0.107321042569825
"species_fetch_only",33894.1862879395,0.106561239793394
"species_fetch_only",33988.4790501953,0.105802057660848
"species_fetch_only",34082.7718124512,0.105048473758101
"species_fetch_only",34177.064574707,0.104295515657856
"species_fetch_only",34271.3573369629,0.103548204806609
"species_fetch_only",34365.6500992188,0.102801519171695
"species_fetch_only",34459.9428614746,0.102060494033439
"species_fetch_only",34554.2356237305,0.10132009876057
"species_fetch_only",34648.5283859863,0.100585409504418
"species_fetch_only",34742.8211482422,0.0998513522875249
"species_fetch_only",34837.1139104981,0.099123036162982
"species_fetch_only",34931.4066727539,0.0983953550119412
"species_fetch_only",35025.6994350098,0.0976734470452542
"species_fetch_only",35119.9921972656,0.0969521777364714
"species_fetch_only",35214.2849595215,0.0962367070379088
"species_fetch_only",35308.5777217774,0.0955218726690351
"species_fetch_only",35402.8704840332,0.0948128686911427
"species_fetch_only",35497.1632462891,0.0941045050394348
"species_fetch_only",35591.4560085449,0.0934019951921535
"species_fetch_only",35685.7487708008,0.0927001268530389
"species_fetch_only",35780.0415330566,0.0920041372559591
"species_fetch_only",35874.3342953125,0.0913087903149815
"species_fetch_only",35968.6270575684,0.0906193585850333
"species_fetch_only",36062.9198198242,0.0899305717962769
"species_fetch_only",36157.2125820801,0.0892476966824823
"species_fetch_only",36251.5053443359,0.0885654640863338
"species_fetch_only",36345.7981065918,0.087889172251654
"species_fetch_only",36440.0908688477,0.0872135251516172
"species_fetch_only",36534.3836311035,0.0865438372000398
"species_fetch_only",36628.6763933594,0.0858747942293754
"species_fetch_only",36722.9691556152,0.0852117280763405
"species_fetch_only",36817.2619178711,0.0845493071232511
"species_fetch_only",36911.554680127,0.0838928758328128
"species_fetch_only",37005.8474423828,0.083237090316004
"species_fetch_only",37100.1402046387,0.0825873051567842
"species_fetch_only",37194.4329668945,0.081938163272746
"species_fetch_only",37288.7257291504,0.0812950346389832
"species_fetch_only",37383.0184914063,0.0806525498064211
"species_fetch_only",37477.3112536621,0.0800160859456621
"species_fetch_only",37571.604015918,0.0793802648743543
"species_fetch_only",37665.8967781738,0.0787504732550607
"species_fetch_only",37760.1895404297,0.078121324146604
"species_fetch_only",37854.4823026856,0.0774982219348986
"species_fetch_only",37948.7750649414,0.0768757615582064
"species_fetch_only",38043.0678271973,0.076259328276883
"species_fetch_only",38137.3605894531,0.0756435331609241
"species_fetch_only",38231.653351709,0.0750337818740659
"species_fetch_only",38325.9461139648,0.074424668789456
"species_fetch_only",38420.2388762207,0.073821597265274
"species_fetch_only",38514.5316384766,0.073219161743367
"species_fetch_only",38608.8244007324,0.0726227692521275
"species_fetch_only",38703.1171629883,0.0720270109229479
"species_fetch_only",38797.4099252442,0.0714372945312455
"species_fetch_only",38891.7026875,0.0708482119106352
"species_fetch_only",38985.9954497559,0.0702651647996976
"species_fetch_only",39080.2882120117,0.0696827459607696
"species_fetch_only",39174.5809742676,0.0691063600720403
"species_fetch_only",39268.8737365234,0.0685306020405206
"species_fetch_only",39363.1664987793,0.067960869112799
"species_fetch_only",39457.4592610352,0.0673917610853455
"species_fetch_only",39551.752023291,0.0668286807461026
"species_fetch_only",39646.0447855469,0.0662662223501864
"species_fetch_only",39740.3375478027,0.065709762206423
"species_fetch_only",39834.6303100586,0.0651539214053987
"species_fetch_only",39928.9230723145,0.0646040807537703
"species_fetch_only",40023.2158345703,0.0640548575501914
"species_fetch_only",40117.5085968262,0.063511617159311
"species_fetch_only",40211.801359082,0.0629689880761882
"species_fetch_only",40306.0941213379,0.0624323318263448
"species_fetch_only",40400.3868835938,0.061896285692063
"species_fetch_only",40494.6796458496,0.0613661958811492
"species_fetch_only",40588.9724081055,0.060836711830678
"species_fetch_only",40683.2651703613,0.0603131699173715
"species_fetch_only",40777.5579326172,0.0597902308143755
"species_fetch_only",40871.850694873,0.0592732151647521
"species_fetch_only",40966.1434571289,0.0587567990291675
"species_fetch_only",41060.4362193848,0.0582462867121011
"species_fetch_only",41154.7289816406,0.0577363682051445
"species_fetch_only",41249.0217438965,0.0572323348448335
"species_fetch_only",41343.3145061523,0.0567288923598211
"species_fetch_only",41437.6072684082,0.0562313210630695
"species_fetch_only",41531.9000306641,0.0557343363426743
"species_fetch_only",41626.1927929199,0.0552431849966783
"species_fetch_only",41720.4855551758,0.0547526159417152
"species_fetch_only",41814.7783174316,0.0542678656377273
"species_fetch_only",41909.0710796875,0.0537836943659517
"species_fetch_only",42003.3638419434,0.053305314960304
"species_fetch_only",42097.6566041992,0.0528275083081208
"species_fetch_only",42191.9493664551,0.0523554683673847
"species_fetch_only",42286.2421287109,0.0518839972749759
"species_fetch_only",42380.5348909668,0.0514182659914506
"species_fetch_only",42474.8276532227,0.0509530991625474
"species_fetch_only",42569.1204154785,0.0504936455120494
"species_fetch_only",42663.4131777344,0.0500347512761517
"species_fetch_only",42757.7059399902,0.0495815411354023
"species_fetch_only",42851.9987022461,0.0491288867078277
"species_fetch_only",42946.291464502,0.0486818855431036
"species_fetch_only",43040.5842267578,0.0482354332882061
"species_fetch_only",43134.8769890137,0.047794610137346
"species_fetch_only",43229.1697512695,0.0473543317395147
"species_fetch_only",43323.4625135254,0.0469196359350144
"species_fetch_only",43417.7552757813,0.0464854796063304
"species_fetch_only",43512.0480380371,0.04605688211008
"species_fetch_only",43606.340800293,0.0456288191602753
"species_fetch_only",43700.6335625488,0.0452062810944914
"species_fetch_only",43794.9263248047,0.0447842731488203
"species_fetch_only",43889.2190870606,0.0443677539822927
"species_fetch_only",43983.5118493164,0.043951757815897
"species_fetch_only",44077.8046115723,0.043541215472303
"species_fetch_only",44172.0973738281,0.043131191592424
"species_fetch_only",44266.390136084,0.0427265862293091
"species_fetch_only",44360.6828983399,0.0423224940234734
"species_fetch_only",44454.9756605957,0.0419237827063678
"species_fetch_only",44549.2684228516,0.0415255789535474
"species_fetch_only",44643.5611851074,0.0411327201047585
"species_fetch_only",44737.8539473633,0.0407403641941821
"species_fetch_only",44832.1467096191,0.0403533125177876
"species_fetch_only",44926.439471875,0.0399667563804431
"species_fetch_only",45020.7322341309,0.0395854715705558
"species_fetch_only",45115.0249963867,0.0392046775754785
"species_fetch_only",45209.3177586426,0.0388291038984284
"species_fetch_only",45303.6105208984,0.0384540154131197
"species_fetch_only",45397.9032831543,0.0380841131200867
"species_fetch_only",45492.1960454102,0.0377146902754288
"species_fetch_only",45586.488807666,0.0373504130835877
"species_fetch_only",45680.7815699219,0.036986610237965
"species_fetch_only",45775.0743321777,0.0366279095922683
"species_fetch_only",45869.3670944336,0.0362696762556557
"species_fetch_only",45963.6598566895,0.0359165042545026
"species_fetch_only",46057.9526189453,0.0355637942256397
"species_fetch_only",46152.2453812012,0.0352161025133131
"species_fetch_only",46246.538143457,0.0348688671686498
"species_fetch_only",46340.8309057129,0.0345266067863766
"species_fetch_only",46435.1236679688,0.0341847967560283
"species_fetch_only",46529.4164302246,0.0338479190493393
"species_fetch_only",46623.7091924805,0.033511486455665
"species_fetch_only",46718.0019547363,0.0331799460164343
"species_fetch_only",46812.2947169922,0.0328488437217444
"species_fetch_only",46906.5874792481,0.0325225787232189
"species_fetch_only",47000.8802415039,0.0321967465559889
"species_fetch_only",47095.1730037598,0.0318757126045051
"species_fetch_only",47189.4657660156,0.0315551054785085
"species_fetch_only",47283.7585282715,0.0312392507840212
"species_fetch_only",47378.0512905273,0.0309238170941991
"species_fetch_only",47472.3440527832,0.0306130916328447
"species_fetch_only",47566.6368150391,0.0303027818243243
"species_fetch_only",47660.9295772949,0.0299971318927507
"species_fetch_only",47755.2223395508,0.0296918904446625
"species_fetch_only",47849.5151018066,0.0293912638913765
"species_fetch_only",47943.8078640625,0.0290910406904799
"species_fetch_only",48038.1006263184,0.0287953857902588
"species_fetch_only",48132.3933885742,0.028500128299321
"species_fetch_only",48226.6861508301,0.028209392053029
"species_fetch_only",48320.978913086,0.0279190471755982
"species_fetch_only",48415.2716753418,0.0276331819439301
"species_fetch_only",48509.5644375977,0.0273477029191013
"species_fetch_only",48603.8571998535,0.0270666457679
"species_fetch_only",48698.1499621094,0.0267859677611524
"species_fetch_only",48792.4427243652,0.0265096693409771
"species_fetch_only",48886.7354866211,0.026233744845922
"species_fetch_only",48981.028248877,0.0259621525206568
"species_fetch_only",49075.3210111328,0.0256909282545779
"species_fetch_only",49169.6137733887,0.0254239882060487
"species_fetch_only",49263.9065356445,0.0251574103272233
"species_fetch_only",49358.1992979004,0.024895068534254
"species_fetch_only",49452.4920601563,0.0246330832013849
"species_fetch_only",49546.7848224121,0.0243752878002352
"species_fetch_only",49641.077584668,0.0241178435947408
"species_fetch_only",49735.3703469238,0.0238645390659468
"species_fetch_only",49829.6631091797,0.0236115789764157
"species_fetch_only",49923.9558714356,0.023362710767045
"species_fetch_only",50018.2486336914,0.0231141818849921
"species_fetch_only",50112.5413959473,0.0228696976484676
"species_fetch_only",50206.8341582031,0.0226255468765899
"species_fetch_only",50301.126920459,0.0223853961229603
"species_fetch_only",50395.4196827148,0.022145573345251
"species_fetch_only",50489.7124449707,0.0219096949825233
"species_fetch_only",50584.0052072266,0.0216741392800592
"species_fetch_only",50678.2979694824,0.0214424827810318
"species_fetch_only",50772.5907317383,0.0212111426378432
"species_fetch_only",50866.8834939942,0.0209836543227384
"species_fetch_only",50961.17625625,0.020756477202018
"species_fetch_only",51055.4690185059,0.0205331035693656
"species_fetch_only",51149.7617807617,0.0203100356291779
"species_fetch_only",51244.0545430176,0.0200907232265237
"species_fetch_only",51338.3473052734,0.0198717109972496
"species_fetch_only",51432.6400675293,0.0196564074846244
"species_fetch_only",51526.9328297852,0.0194413991747275
"species_fetch_only",51621.225592041,0.0192300495225901
"species_fetch_only",51715.5183542969,0.0190189889592748
"species_fetch_only",51809.8111165527,0.018811541044568
"species_fetch_only",51904.1038788086,0.0186043772742757
"species_fetch_only",51998.3966410645,0.0184007814304778
"species_fetch_only",52092.6894033203,0.0181974643361376
"species_fetch_only",52186.9821655762,0.0179976608421379
"species_fetch_only",52281.274927832,0.0177981309943045
"species_fetch_only",52375.5676900879,0.017602072269735
"species_fetch_only",52469.8604523438,0.0174062822534498
"species_fetch_only",52564.1532145996,0.0172139140098577
"species_fetch_only",52658.4459768555,0.0170218086769928
"species_fetch_only",52752.7387391113,0.0168330795421234
"species_fetch_only",52847.0315013672,0.0166446085910459
"species_fetch_only",52941.324263623,0.0164594669005394
"species_fetch_only",53035.6170258789,0.0162745783519588
"species_fetch_only",53129.9097881348,0.0160929727324877
"species_fetch_only",53224.2025503906,0.0159116152590395
"species_fetch_only",53318.4953126465,0.0157334948842981
"species_fetch_only",53412.7880749023,0.015555617997872
"species_fetch_only",53507.0808371582,0.0153809313200363
"species_fetch_only",53601.3735994141,0.0152064827602429
"species_fetch_only",53695.6663616699,0.0150351788838524
"species_fetch_only",53789.9591239258,0.0148641084415525
"species_fetch_only",53884.2518861816,0.0146961399080265
"species_fetch_only",53978.5446484375,0.0145284001680488
"species_fetch_only",54072.8374106934,0.014363711772159
"species_fetch_only",54167.1301729492,0.0141992474024519
"species_fetch_only",54261.4229352051,0.0140377930221713
"species_fetch_only",54355.715697461,0.0138765582845823
"species_fetch_only",54450.0084597168,0.0137182870530942
"species_fetch_only",54544.3012219727,0.0135602303391598
"species_fetch_only",54638.5939842285,0.0134050940126144
"species_fetch_only",54732.8867464844,0.0132501679078014
"species_fetch_only",54827.1795087402,0.0130981176120488
"species_fetch_only",54921.4722709961,0.0129462731179375
"species_fetch_only",55015.765033252,0.012797260998814
"species_fetch_only",55110.0577955078,0.0126484501408011
"species_fetch_only",55204.3505577637,0.0125024286772397
"species_fetch_only",55298.6433200195,0.0123566044137469
"species_fetch_only",55392.9360822754,0.0122135253853272
"species_fetch_only",55487.2288445313,0.0120706388092582
"species_fetch_only",55581.5216067871,0.0119304572773315
"species_fetch_only",55675.814369043,0.0117904641407565
"species_fetch_only",55770.1071312988,0.0116531296420727
"species_fetch_only",55864.3998935547,0.0115159793634299
"species_fetch_only",55958.6926558106,0.0113814474928764
"species_fetch_only",56052.9854180664,0.0112470956837928
"species_fetch_only",56147.2781803223,0.011115321331242
"species_fetch_only",56241.5709425781,0.0109837231853133
"species_fetch_only",56335.863704834,0.0108546602082313
"species_fetch_only",56430.1564670899,0.0107257690540676
"species_fetch_only",56524.4492293457,0.0105993723391017
"species_fetch_only",56618.7419916016,0.0104731436495891
"species_fetch_only",56713.0347538574,0.0103493692647
"species_fetch_only",56807.3275161133,0.0102257590711989
"species_fetch_only",56901.6202783692,0.010104562548393
"species_fetch_only",56995.913040625,0.00998352632304505
"species_fetch_only",57090.2058028809,0.00986486474935032
"species_fetch_only",57184.4985651367,0.00974635992135085
"species_fetch_only",57278.7913273926,0.0096301892065122
"species_fetch_only",57373.0840896485,0.00951417115370005
"species_fetch_only",57467.3768519043,0.00940045053664903
"species_fetch_only",57561.6696141602,0.00928687910965844
"species_fetch_only",57655.962376416,0.00917556291441265
"species_fetch_only",57750.2551386719,0.00906439232873791
"species_fetch_only",57844.5479009277,0.00895544055155305
"species_fetch_only",57938.8406631836,0.00884663084345454
"species_fetch_only",58033.1334254395,0.00874000249961338
"species_fetch_only",58127.4261876953,0.00863351286779953
"species_fetch_only",58221.7189499512,0.00852916647085102
"species_fetch_only",58316.011712207,0.00842495513465203
"species_fetch_only",58410.3044744629,0.00832285032602319
"species_fetch_only",58504.5972367188,0.0082208773224442
"species_fetch_only",58598.8899989746,0.00812097445098754
"species_fetch_only",58693.1827612305,0.0080212000961113
"species_fetch_only",58787.4755234863,0.00792345950979353
"species_fetch_only",58881.7682857422,0.00782584421294142
"species_fetch_only",58976.0610479981,0.00773022712139745
"species_fetch_only",59070.3538102539,0.00763473213008118
"species_fetch_only",59164.6465725098,0.00754120161016734
"species_fetch_only",59258.9393347656,0.00744779017488051
"species_fetch_only",59353.2320970215,0.00735630486462961
"species_fetch_only",59447.5248592773,0.00726493534493278
"species_fetch_only",59541.8176215332,0.00717545909853445
"species_fetch_only",59636.1103837891,0.00708609572291635
"species_fetch_only",59730.4031460449,0.00699859187108716
"species_fetch_only",59824.6959083008,0.00691119798317365
"species_fetch_only",59918.9886705567,0.00682562952669477
"species_fetch_only",60013.2814328125,0.00674016809726349
"species_fetch_only",60107.5741950684,0.00665649961291364
"species_fetch_only",60201.8669573242,0.00657293540628298
"species_fetch_only",60296.1597195801,0.00649113046145554
"species_fetch_only",60390.4524818359,0.00640942684378965
"species_fetch_only",60484.7452440918,0.00632945053735084
"species_fetch_only",60579.0380063477,0.0062495728783278
"species_fetch_only",60673.3307686035,0.00617139049730359
"species_fetch_only",60767.6235308594,0.00609330409664584
"species_fetch_only",60861.9162931152,0.0060168815380327
"species_fetch_only",60956.2090553711,0.00594055234749491
"species_fetch_only",61050.501817627,0.00586585736726425
"species_fetch_only",61144.7945798828,0.00579125324818474
"species_fetch_only",61239.0873421387,0.00571824954669012
"species_fetch_only",61333.3801043945,0.0056453340286933
"species_fetch_only",61427.6728666504,0.00557399029450685
"species_fetch_only",61521.9656289063,0.00550273233339463
"species_fetch_only",61616.2583911621,0.00543301625329387
"species_fetch_only",61710.551153418,0.00536338354747633
"species_fetch_only",61804.8439156738,0.00529526334300446
"species_fetch_only",61899.1366779297,0.00522722412629576
"species_fetch_only",61993.4294401856,0.00516066864162861
"species_fetch_only",62087.7222024414,0.0050941919168756
"species_fetch_only",62182.0149646973,0.00502916965617866
"species_fetch_only",62276.3077269531,0.00496422372645951
"species_fetch_only",62370.600489209,0.00490070452846715
"species_fetch_only",62464.8932514649,0.00483725951432219
"species_fetch_only",62559.1860137207,0.00477521336351131
"species_fetch_only",62653.4787759766,0.00471323922218024
"species_fetch_only",62747.7715382324,0.00465263750776157
"species_fetch_only",62842.0643004883,0.0045921056867598
"species_fetch_only",62936.3570627442,0.00453291780675472
"species_fetch_only",63030.649825,0.00447379779819264
"species_fetch_only",63124.9425872559,0.00441599547435194
"species_fetch_only",63219.2353495117,0.00435825886485816
"species_fetch_only",63313.5281117676,0.00430181412173983
"species_fetch_only",63407.8208740234,0.0042454331743754
"species_fetch_only",63502.1136362793,0.00419031830949486
"species_fetch_only",63596.4063985352,0.0041352652869484
"species_fetch_only",63690.699160791,0.00408145298838511
"species_fetch_only",63784.9919230469,0.00402770064250244
"species_fetch_only",63879.2846853028,0.0039751643104823
"species_fetch_only",63973.5774475586,0.00392268613859285
"species_fetch_only",64067.8702098145,0.00387139900135013
"species_fetch_only",64162.1629720703,0.00382016810401367
"species_fetch_only",64256.4557343262,0.00377010425179083
"species_fetch_only",64350.748496582,0.0037200949180674
"species_fetch_only",64445.0412588379,0.00367122875543541
"species_fetch_only",64539.3340210938,0.00362241539064073
"species_fetch_only",64633.6267833496,0.00357472260731452
"species_fetch_only",64727.9195456055,0.00352708094400543
"species_fetch_only",64822.2123078613,0.00348053552179078
"species_fetch_only",64916.5050701172,0.00343403961646262
"species_fetch_only",65010.7978323731,0.00338861764277397
"species_fetch_only",65105.0905946289,0.00334324349531321
"species_fetch_only",65199.3833568848,0.0032989213053466
"species_fetch_only",65293.6761191406,0.00325464542887789
"species_fetch_only",65387.9688813965,0.00321139939175913
"species_fetch_only",65482.2616436523,0.00316819812441175
"species_fetch_only",65576.5544059082,0.00312600621931929
"species_fetch_only",65670.8471681641,0.00308385765773224
"species_fetch_only",65765.1399304199,0.00304269521006056
"species_fetch_only",65859.4326926758,0.00300157452762473
"species_fetch_only",65953.7254549316,0.00296142060356985
"species_fetch_only",66048.0182171875,0.00292130717829075
"species_fetch_only",66142.3109794434,0.00288213942173779
"species_fetch_only",66236.6037416992,0.00284301066236666
"species_fetch_only",66330.8965039551,0.0028048080537648
"species_fetch_only",66425.1892662109,0.00276664322191845
"species_fetch_only",66519.4820284668,0.0027293844256717
"species_fetch_only",66613.7747907227,0.0026921620366587
"species_fetch_only",66708.0675529785,0.00265582603039465
"species_fetch_only",66802.3603152344,0.00261952510021587
"species_fetch_only",66896.6530774902,0.00258409202863385
"species_fetch_only",66990.9458397461,0.00254869291350269
"species_fetch_only",67085.238602002,0.00251414232749168
"species_fetch_only",67179.5313642578,0.00247962438077405
"species_fetch_only",67273.8241265137,0.00244593718939385
"species_fetch_only",67368.1168887695,0.00241228157067527
"species_fetch_only",67462.4096510254,0.00237943826895878
"species_fetch_only",67556.7024132813,0.00234662534503023
"species_fetch_only",67650.9951755371,0.00231460677670804
"species_fetch_only",67745.287937793,0.00228261742669431
"species_fetch_only",67839.5807000488,0.00225140553019237
"species_fetch_only",67933.8734623047,0.00222022186849741
"species_fetch_only",68028.1662245606,0.00218979799386705
"species_fetch_only",68122.4589868164,0.00215940121375082
"species_fetch_only",68216.7517490723,0.00212974802337438
"species_fetch_only",68311.0445113281,0.00210012099607343
"species_fetch_only",68405.337273584,0.0020712207526882
"species_fetch_only",68499.6300358398,0.00204234563826824
"species_fetch_only",68593.9227980957,0.00201418089763697
"species_fetch_only",68688.2155603516,0.00198604027528548
"species_fetch_only",68782.5083226074,0.00195859464661104
"species_fetch_only",68876.8010848633,0.00193117228420191
"species_fetch_only",68971.0938471191,0.00190442963698775
"species_fetch_only",69065.386609375,0.00187770927193452
"species_fetch_only",69159.6793716309,0.00185165226303449
"species_fetch_only",69253.9721338867,0.00182561672614751
"species_fetch_only",69348.2648961426,0.00180023009253692
"species_fetch_only",69442.5576583984,0.00177486403556878
"species_fetch_only",69536.8504206543,0.00175013195738548
"species_fetch_only",69631.1431829101,0.0017254195956909
"species_fetch_only",69725.435945166,0.00170132725997282
"species_fetch_only",69819.7287074219,0.00167725389249998
"species_fetch_only",69914.0214696777,0.00165378593093877
"species_fetch_only",70008.3142319336,0.0016303360988723
"species_fetch_only",70102.6069941895,0.00160747829639588
"species_fetch_only",70196.8997564453,0.00158463792166551
"species_fetch_only",70291.1925187012,0.0015623757688413
"species_fetch_only",70385.485280957,0.00154013027778711
"species_fetch_only",70479.7780432129,0.00151844943356884
"species_fetch_only",70574.0708054687,0.00149678451459834
"species_fetch_only",70668.3635677246,0.00147567159549397
"species_fetch_only",70762.6563299805,0.00145457395647332
"species_fetch_only",70856.9490922363,0.00143401514261376
"species_fetch_only",70951.2418544922,0.00141347089678661
"species_fetch_only",71045.534616748,0.00139345334118348
"species_fetch_only",71139.8273790039,0.00137344974953506
"species_fetch_only",71234.1201412598,0.00135396030181834
"species_fetch_only",71328.4129035156,0.00133448416476189
"species_fetch_only",71422.7056657715,0.00131550995864487
"species_fetch_only",71516.9984280273,0.00129654843762743
"species_fetch_only",71611.2911902832,0.00127807746026872
"species_fetch_only",71705.5839525391,0.00125961861972742
"species_fetch_only",71799.8767147949,0.00124163832547821
"species_fetch_only",71894.1694770508,0.00122366955954443
"species_fetch_only",71988.4622393066,0.00120616844647424
"species_fetch_only",72082.7550015625,0.00118867834940784
"species_fetch_only",72177.0477638184,0.00117164456718138
"species_fetch_only",72271.3405260742,0.00115462124944034
"species_fetch_only",72365.6332883301,0.00113804325344827
"species_fetch_only",72459.9260505859,0.00112147519230526
"species_fetch_only",72554.2188128418,0.00110534263972287
"species_fetch_only",72648.5115750977,0.00108921955588897
"species_fetch_only",72742.8043373535,0.00107352024711946
"species_fetch_only",72837.0970996094,0.0010578298989362
"species_fetch_only",72931.3898618652,0.00104255394765946
"species_fetch_only",73025.6826241211,0.00102728651865534
"species_fetch_only",73119.975386377,0.00101242333249111
"species_fetch_only",73214.2681486328,0.000997568208244275
"species_fetch_only",73308.5609108887,0.000983107423764229
"species_fetch_only",73402.8536731445,0.000968654257674572
"species_fetch_only",73497.1464354004,0.000954586151679533
"species_fetch_only",73591.4391976562,0.000940525270057196
"species_fetch_only",73685.7319599121,0.000926839810942003
"species_fetch_only",73780.024722168,0.000913161152337919
"species_fetch_only",73874.3174844238,0.000899849040870671
"species_fetch_only",73968.6102466797,0.000886543362424771
"species_fetch_only",74062.9030089356,0.000873595109216094
"species_fetch_only",74157.1957711914,0.000860652905668361
"species_fetch_only",74251.4885334473,0.00084805925029627
"species_fetch_only",74345.7812957031,0.000835471275463971
"species_fetch_only",74440.074057959,0.000823223525836018
"species_fetch_only",74534.3668202148,0.000810981127826436
"species_fetch_only",74628.6595824707,0.000799070272281602
"species_fetch_only",74722.9523447266,0.000787164417303469
"species_fetch_only",74817.2451069824,0.00077558220370484
"species_fetch_only",74911.5378692383,0.000764004685247143
"species_fetch_only",75005.8306314941,0.0007527426243154
"species_fetch_only",75100.12339375,0.000741484941466259
"species_fetch_only",75194.4161560059,0.000730534762509145
"species_fetch_only",75288.7089182617,0.000719588658921951
"species_fetch_only",75383.0016805176,0.000708942595703378
"species_fetch_only",75477.2944427734,0.000698300333531881
"species_fetch_only",75571.5872050293,0.000687950382562678
"species_fetch_only",75665.8799672852,0.000677603946968865
"species_fetch_only",75760.172729541,0.000667542722271254
"species_fetch_only",75854.4654917969,0.000657484759679186
"species_fetch_only",75948.7582540527,0.000647704709925195
"species_fetch_only",76043.0510163086,0.000637927664121576
"species_fetch_only",76137.3437785645,0.000628421686363011
"species_fetch_only",76231.6365408203,0.000618918465393841
"species_fetch_only",76325.9293030762,0.000609679114223834
"species_fetch_only",76420.222065332,0.000600442294777023
"species_fetch_only",76514.5148275879,0.000591462710662099
"species_fetch_only",76608.8075898438,0.000582485427773576
"species_fetch_only",76703.1003520996,0.000573759055097198
"species_fetch_only",76797.3931143555,0.000565034776105231
"species_fetch_only",76891.6858766113,0.00055655489046839
"species_fetch_only",76985.9786388672,0.000548076890313436
"species_fetch_only",77080.2714011231,0.000539836943325564
"species_fetch_only",77174.5641633789,0.000531598683272438
"species_fetch_only",77268.8569256348,0.00052359255617917
"species_fetch_only",77363.1496878906,0.000515587932954038
"species_fetch_only",77457.4424501465,0.000507809299910381
"species_fetch_only",77551.7352124024,0.000500031987216074
"species_fetch_only",77646.0279746582,0.000492475000011376
"species_fetch_only",77740.3207369141,0.000484919165312829
"species_fetch_only",77834.6134991699,0.000477577892674034
"species_fetch_only",77928.9062614258,0.000470237607127554
"species_fetch_only",78023.1990236816,0.000463106227388719
"species_fetch_only",78117.4917859375,0.000455975677143993
"species_fetch_only",78211.7845481934,0.000449048765964116
"species_fetch_only",78306.0773104492,0.000442122537700932
"species_fetch_only",78400.3700727051,0.000435394499723459
"species_fetch_only",78494.662834961,0.000428667000767317
"species_fetch_only",78588.9555972168,0.000422132645485998
"species_fetch_only",78683.2483594727,0.000415598695393878
"species_fetch_only",78777.5411217285,0.000409252779321474
"species_fetch_only",78871.8338839844,0.000402907139216606
"species_fetch_only",78966.1266462402,0.000396744514348848
"species_fetch_only",79060.4194084961,0.000390582042885544
"species_fetch_only",79154.712170752,0.000388566942316659
"species_fetch_only",79249.0049330078,0.000386553595308214
"species_fetch_only",79343.2976952637,0.000386553595308214
"species_fetch_only",79437.5904575195,0.000386553595308214
"species_fetch_only",79531.8832197754,0.000386553595308214
"species_fetch_only",79626.1759820312,0.000386553595308214
"species_fetch_only",79720.4687442871,0.000386553595308214
"species_fetch_only",79814.761506543,0.000386553595308214
"species_fetch_only",79909.0542687988,0.000386553595308214
"species_fetch_only",80003.3470310547,0.000386553595308214
"species_fetch_only",80097.6397933105,0.000386553595308214
"species_fetch_only",80191.9325555664,0.000386553595308214
"species_fetch_only",80286.2253178223,0.000386553595308214
"species_fetch_only",80380.5180800781,0.000386553595308214
"species_fetch_only",80474.810842334,0.000386553595308214
"species_fetch_only",80569.1036045899,0.000386553595308214
"species_fetch_only",80663.3963668457,0.000386553595308214
"species_fetch_only",80757.6891291016,0.000386553595308214
"species_fetch_only",80851.9818913574,0.000386553595308214
"species_fetch_only",80946.2746536133,0.000386553595308214
"species_fetch_only",81040.5674158691,0.000386553595308214
"species_fetch_only",81134.860178125,0.000386553595308214
"species_fetch_only",81229.1529403809,0.000386553595308214
"species_fetch_only",81323.4457026367,0.000386553595308214
"species_fetch_only",81417.7384648926,0.000386553595308214
"species_fetch_only",81512.0312271484,0.000386553595308214
"species_fetch_only",81606.3239894043,0.000386553595308214
"species_fetch_only",81700.6167516602,0.000386553595308214
"species_fetch_only",81794.909513916,0.000386553595308214
"species_fetch_only",81889.2022761719,0.000386553595308214
"species_fetch_only",81983.4950384277,0.000386553595308214
"species_fetch_only",82077.7878006836,0.000386553595308214
"species_fetch_only",82172.0805629395,0.000386553595308214
"species_fetch_only",82266.3733251953,0.000386553595308214
"species_fetch_only",82360.6660874512,0.000386553595308214
"species_fetch_only",82454.958849707,0.000386553595308214
"species_fetch_only",82549.2516119629,0.000386553595308214
"species_fetch_only",82643.5443742187,0.000386553595308214
"species_fetch_only",82737.8371364746,0.000386553595308214
"species_fetch_only",82832.1298987305,0.000386553595308214
"species_fetch_only",82926.4226609863,0.000386553595308214
"species_fetch_only",83020.7154232422,0.000386553595308214
"species_fetch_only",83115.008185498,0.000386553595308214
"species_fetch_only",83209.3009477539,0.000386553595308214
"species_fetch_only",83303.5937100098,0.000386553595308214
"species_fetch_only",83397.8864722656,0.000386553595308214
"species_fetch_only",83492.1792345215,0.000386553595308214
"species_fetch_only",83586.4719967774,0.000386553595308214
"species_fetch_only",83680.7647590332,0.000386553595308214
"species_fetch_only",83775.0575212891,0.000386553595308214
"species_fetch_only",83869.3502835449,0.000386553595308214
"species_fetch_only",83963.6430458008,0.000386553595308214
"species_fetch_only",84057.9358080566,0.000386553595308214
"species_fetch_only",84152.2285703125,0.000386553595308214
"species_fetch_only",84246.5213325684,0.000386553595308214
"species_fetch_only",84340.8140948242,0.000386553595308214
"species_fetch_only",84435.1068570801,0.000386553595308214
"species_fetch_only",84529.399619336,0.000386553595308214
"species_fetch_only",84623.6923815918,0.000386553595308214
"species_fetch_only",84717.9851438477,0.000386553595308214
"species_fetch_only",84812.2779061035,0.000386553595308214
"species_fetch_only",84906.5706683594,0.000386553595308214
"species_fetch_only",85000.8634306152,0.000386553595308214
"species_fetch_only",85095.1561928711,0.000386553595308214
"species_fetch_only",85189.448955127,0.000386553595308214
"species_fetch_only",85283.7417173828,0.000386553595308214
"species_fetch_only",85378.0344796387,0.000386553595308214
"species_fetch_only",85472.3272418945,0.000386553595308214
"species_fetch_only",85566.6200041504,0.000386553595308214
"species_fetch_only",85660.9127664063,0.000386553595308214
"species_fetch_only",85755.2055286621,0.000386553595308214
"species_fetch_only",85849.498290918,0.000386553595308214
"species_fetch_only",85943.7910531738,0.000386553595308214
"species_fetch_only",86038.0838154297,0.000386553595308214
"species_fetch_only",86132.3765776856,0.000386553595308214
"species_fetch_only",86226.6693399414,0.000386553595308214
"species_fetch_only",86320.9621021973,0.000386553595308214
"species_fetch_only",86415.2548644531,0.000386553595308214
"species_fetch_only",86509.547626709,0.000386553595308214
"species_fetch_only",86603.8403889649,0.000386553595308214
"species_fetch_only",86698.1331512207,0.000386553595308214
"species_fetch_only",86792.4259134766,0.000386553595308214
"species_fetch_only",86886.7186757324,0.000386553595308214
"species_fetch_only",86981.0114379883,0.000386553595308214
"species_fetch",-7311.75081787109,0.909896695613861
"species_fetch",-7217.45805561524,0.909896695613861
"species_fetch",-7123.16529335938,0.909896695613861
"species_fetch",-7028.87253110352,0.909896695613861
"species_fetch",-6934.57976884766,0.909896695613861
"species_fetch",-6840.2870065918,0.909896695613861
"species_fetch",-6745.99424433594,0.909896695613861
"species_fetch",-6651.70148208008,0.909896695613861
"species_fetch",-6557.40871982422,0.909896695613861
"species_fetch",-6463.11595756836,0.909896695613861
"species_fetch",-6368.8231953125,0.909896695613861
"species_fetch",-6274.53043305664,0.909896695613861
"species_fetch",-6180.23767080078,0.909896695613861
"species_fetch",-6085.94490854492,0.909896695613861
"species_fetch",-5991.65214628906,0.909896695613861
"species_fetch",-5897.3593840332,0.909896695613861
"species_fetch",-5803.06662177734,0.909896695613861
"species_fetch",-5708.77385952149,0.909896695613861
"species_fetch",-5614.48109726563,0.909896695613861
"species_fetch",-5520.18833500977,0.909896695613861
"species_fetch",-5425.89557275391,0.909896695613861
"species_fetch",-5331.60281049805,0.909896695613861
"species_fetch",-5237.31004824219,0.909896695613861
"species_fetch",-5143.01728598633,0.909896695613861
"species_fetch",-5048.72452373047,0.909896695613861
"species_fetch",-4954.43176147461,0.909896695613861
"species_fetch",-4860.13899921875,0.909896695613861
"species_fetch",-4765.84623696289,0.909896695613861
"species_fetch",-4671.55347470703,0.909896695613861
"species_fetch",-4577.26071245117,0.909896695613861
"species_fetch",-4482.96795019531,0.909896695613861
"species_fetch",-4388.67518793945,0.909896695613861
"species_fetch",-4294.38242568359,0.909896695613861
"species_fetch",-4200.08966342773,0.909896695613861
"species_fetch",-4105.79690117188,0.909896695613861
"species_fetch",-4011.50413891602,0.909896695613861
"species_fetch",-3917.21137666016,0.909896695613861
"species_fetch",-3822.9186144043,0.909896695613861
"species_fetch",-3728.62585214844,0.909896695613861
"species_fetch",-3634.33308989258,0.909896695613861
"species_fetch",-3540.04032763672,0.909896695613861
"species_fetch",-3445.74756538086,0.909896695613861
"species_fetch",-3351.454803125,0.909896695613861
"species_fetch",-3257.16204086914,0.909896695613861
"species_fetch",-3162.86927861328,0.909896695613861
"species_fetch",-3068.57651635742,0.909896695613861
"species_fetch",-2974.28375410156,0.909896695613861
"species_fetch",-2879.9909918457,0.909896695613861
"species_fetch",-2785.69822958984,0.909896695613861
"species_fetch",-2691.40546733398,0.909896695613861
"species_fetch",-2597.11270507812,0.909896695613861
"species_fetch",-2502.81994282227,0.909896695613861
"species_fetch",-2408.52718056641,0.909896695613861
"species_fetch",-2314.23441831055,0.909896695613861
"species_fetch",-2219.94165605469,0.909896695613861
"species_fetch",-2125.64889379883,0.909896695613861
"species_fetch",-2031.35613154297,0.909896695613861
"species_fetch",-1937.06336928711,0.909896695613861
"species_fetch",-1842.77060703125,0.909896695613861
"species_fetch",-1748.47784477539,0.909896695613861
"species_fetch",-1654.18508251953,0.909896695613861
"species_fetch",-1559.89232026367,0.909896695613861
"species_fetch",-1465.59955800781,0.909896695613861
"species_fetch",-1371.30679575195,0.909896695613861
"species_fetch",-1277.01403349609,0.909896695613861
"species_fetch",-1182.72127124023,0.909896695613861
"species_fetch",-1088.42850898437,0.909896695613861
"species_fetch",-994.135746728515,0.909896695613861
"species_fetch",-899.842984472656,0.909896695613861
"species_fetch",-805.550222216796,0.909896695613861
"species_fetch",-711.257459960937,0.909896695613861
"species_fetch",-616.964697705077,0.909896695613861
"species_fetch",-522.671935449219,0.909896695613861
"species_fetch",-428.379173193359,0.909896695613861
"species_fetch",-334.0864109375,0.909896695613861
"species_fetch",-239.79364868164,0.909896695613861
"species_fetch",-145.500886425781,0.909896695613861
"species_fetch",-51.2081241699207,0.909896695613861
"species_fetch",43.0846380859375,0.909896695613861
"species_fetch",137.377400341798,0.909896695613861
"species_fetch",231.670162597657,0.909896695613861
"species_fetch",325.962924853517,0.909896695613861
"species_fetch",420.255687109376,0.909896695613861
"species_fetch",514.548449365235,0.909398561104025
"species_fetch",608.841211621094,0.9083030451576
"species_fetch",703.133973876954,0.902525509830048
"species_fetch",797.426736132813,0.895229477907008
"species_fetch",891.719498388673,0.884788652878673
"species_fetch",986.012260644533,0.873782325897905
"species_fetch",1080.30502290039,0.86118490907387
"species_fetch",1174.59778515625,0.847927889586077
"species_fetch",1268.89054741211,0.833043980842133
"species_fetch",1363.18330966797,0.817424189440765
"species_fetch",1457.47607192383,0.800197645709085
"species_fetch",1551.76883417969,0.782197439131441
"species_fetch",1646.06159643555,0.762570820531061
"species_fetch",1740.35435869141,0.742194015889234
"species_fetch",1834.64712094727,0.720466521321515
"species_fetch",1928.93988320313,0.701327903363171
"species_fetch",2023.23264545899,0.682721796608532
"species_fetch",2117.52540771485,0.665331705952562
"species_fetch",2211.8181699707,0.65469701688671
"species_fetch",2306.11093222656,0.644022383634722
"species_fetch",2400.40369448242,0.635705267904891
"species_fetch",2494.69645673828,0.627352943366762
"species_fetch",2588.98921899414,0.618870265153396
"species_fetch",2683.28198125,0.610357483631691
"species_fetch",2777.57474350586,0.601727891188546
"species_fetch",2871.86750576172,0.593073679198533
"species_fetch",2966.16026801758,0.584317376223506
"species_fetch",3060.45303027344,0.575542197106476
"species_fetch",3154.7457925293,0.566680819338657
"species_fetch",3249.03855478516,0.557806555366914
"species_fetch",3343.33131704102,0.548862909387374
"species_fetch",3437.62407929687,0.53991248013108
"species_fetch",3531.91684155274,0.530910274011366
"species_fetch",3626.20960380859,0.521907469408089
"species_fetch",3720.50236606446,0.512871188414768
"species_fetch",3814.79512832031,0.503840462993864
"species_fetch",3909.08789057617,0.494794910363015
"species_fetch",4003.38065283203,0.485760965924597
"species_fetch",4097.67341508789,0.476731116576273
"species_fetch",4191.96617734375,0.46771876203858
"species_fetch",4286.25893959961,0.458729420625997
"species_fetch",4380.55170185547,0.449763187439253
"species_fetch",4474.84446411133,0.440838676784721
"species_fetch",4569.13722636719,0.431942589419201
"species_fetch",4663.42998862305,0.423106515542703
"species_fetch",4757.72275087891,0.414303781415209
"species_fetch",4852.01551313477,0.405578741515567
"species_fetch",4946.30827539063,0.396891551300247
"species_fetch",5040.60103764649,0.388298899196852
"species_fetch",5134.89379990235,0.37974812273937
"species_fetch",5229.1865621582,0.371307817008194
"species_fetch",5323.47932441406,0.362912937767433
"species_fetch",5417.77208666992,0.35464331488656
"species_fetch",5512.06484892578,0.346422149731506
"species_fetch",5606.35761118164,0.33833978932194
"species_fetch",5700.6503734375,0.330308402104949
"species_fetch",5794.94313569336,0.322913563056465
"species_fetch",5889.23589794922,0.315571708692385
"species_fetch",5983.52866020508,0.310785589905823
"species_fetch",6077.82142246094,0.306053963133306
"species_fetch",6172.1141847168,0.302972567653447
"species_fetch",6266.40694697266,0.300106403024756
"species_fetch",6360.69970922852,0.297963972030204
"species_fetch",6454.99247148438,0.295954868250367
"species_fetch",6549.28523374024,0.294003347866587
"species_fetch",6643.5779959961,0.292107028097116
"species_fetch",6737.87075825195,0.290227264757402
"species_fetch",6832.16352050781,0.288460205702421
"species_fetch",6926.45628276367,0.286725325360773
"species_fetch",7020.74904501953,0.285209220488819
"species_fetch",7115.04180727539,0.283776076564451
"species_fetch",7209.33456953125,0.282904113881016
"species_fetch",7303.62733178711,0.282038749665241
"species_fetch",7397.92009404297,0.281210137945698
"species_fetch",7492.21285629883,0.280382718663579
"species_fetch",7586.50561855469,0.279555046875353
"species_fetch",7680.79838081055,0.278728683089702
"species_fetch",7775.09114306641,0.277902067461851
"species_fetch",7869.38390532227,0.277076872421492
"species_fetch",7963.67666757813,0.276251426202842
"species_fetch",8057.96942983399,0.275427510590627
"species_fetch",8152.26219208984,0.274603347033406
"species_fetch",8246.5549543457,0.273780814332352
"species_fetch",8340.84771660156,0.272958031780819
"species_fetch",8435.14047885742,0.27213699288431
"species_fetch",8529.43324111328,0.271315706079111
"species_fetch",8623.72600336914,0.270496261050781
"species_fetch",8718.018765625,0.269676571323215
"species_fetch",8812.31152788086,0.268858826585458
"species_fetch",8906.60429013672,0.268040835260017
"species_fetch",9000.89705239258,0.267224883855466
"species_fetch",9095.18981464844,0.2664086877914
"species_fetch",9189.4825769043,0.265594635526811
"species_fetch",9283.77533916016,0.264780340524066
"species_fetch",9378.06810141602,0.263968278074073
"species_fetch",9472.36086367188,0.263155973539617
"species_fetch",9566.65362592774,0.262471190101904
"species_fetch",9660.9463881836,0.261786166490873
"species_fetch",9755.23915043946,0.261330044628823
"species_fetch",9849.53191269531,0.260873681989697
"species_fetch",9943.82467495117,0.260434293392304
"species_fetch",10038.117437207,0.25999466592217
"species_fetch",10132.4101994629,0.259591428301097
"species_fetch",10226.7029617188,0.25918795370481
"species_fetch",10320.9957239746,0.258794642266998
"species_fetch",10415.2884862305,0.258401094500856
"species_fetch",10509.5812484863,0.258008848764469
"species_fetch",10603.8740107422,0.257616366106208
"species_fetch",10698.166772998,0.257222071249107
"species_fetch",10792.4595352539,0.256827543831493
"species_fetch",10886.7522975098,0.256431214979495
"species_fetch",10981.0450597656,0.25603465173982
"species_fetch",11075.3378220215,0.255636301843246
"species_fetch",11169.6305842773,0.255237720666307
"species_fetch",11263.9233465332,0.254837370073788
"species_fetch",11358.2161087891,0.25443678884098
"species_fetch",11452.5088710449,0.25403445543391
"species_fetch",11546.8016333008,0.253631892026626
"species_fetch",11641.0943955566,0.253227593958217
"species_fetch",11735.3871578125,0.252823067749668
"species_fetch",11829.6799200684,0.252416821144485
"species_fetch",11923.9726823242,0.252010347035834
"species_fetch",12018.2654445801,0.251602169775271
"species_fetch",12112.5582068359,0.25119376564791
"species_fetch",12206.8509690918,0.25078368511812
"species_fetch",12301.1437313477,0.250373380777776
"species_fetch",12395.4364936035,0.249961403590056
"species_fetch",12489.7292558594,0.249549202015259
"species_fetch",12584.0220181152,0.249135349600403
"species_fetch",12678.3147803711,0.248721274634714
"species_fetch",12772.607542627,0.248305572333208
"species_fetch",12866.9003048828,0.247889649310303
"species_fetch",12961.1930671387,0.247472109950403
"species_fetch",13055.4858293945,0.247054349299392
"species_fetch",13149.7785916504,0.246634993141262
"species_fetch",13244.0713539063,0.246215418707408
"species_fetch",13338.3641161621,0.24579426453466
"species_fetch",13432.656878418,0.24537289270924
"species_fetch",13526.9496406738,0.244949964363733
"species_fetch",13621.2424029297,0.244526818988606
"species_fetch",13715.5351651855,0.244102131990038
"species_fetch",13809.8279274414,0.243677230950001
"species_fetch",13904.1206896973,0.243250811199466
"species_fetch",13998.4134519531,0.242824176844558
"species_fetch",14092.706214209,0.242396032100202
"species_fetch",14186.9989764648,0.241967673371121
"species_fetch",14281.2917387207,0.241537831094001
"species_fetch",14375.5845009766,0.241107777796473
"species_fetch",14469.8772632324,0.240676260032466
"species_fetch",14564.1700254883,0.24024453302982
"species_fetch",14658.4627877441,0.239811359996478
"species_fetch",14752.75555,0.239377977168405
"species_fetch",14847.0483122559,0.238943165578192
"species_fetch",14941.3410745117,0.238508144806084
"species_fetch",15035.6338367676,0.238071718010046
"species_fetch",15129.9265990234,0.237635086121101
"species_fetch",15224.2193612793,0.23719706515049
"species_fetch",15318.5121235352,0.236758838534284
"species_fetch",15412.804885791,0.236319241941802
"species_fetch",15507.0976480469,0.235879441461662
"species_fetch",15601.3904103027,0.235438295734597
"species_fetch",15695.6831725586,0.234996946722497
"species_fetch",15789.9759348145,0.23455426710873
"species_fetch",15884.2686970703,0.23411138595765
"species_fetch",15978.5614593262,0.233667199287782
"species_fetch",16072.854221582,0.233222812821514
"species_fetch",16167.1469838379,0.232777137768509
"species_fetch",16261.4397460938,0.232331262376628
"species_fetch",16355.7325083496,0.231884116750986
"species_fetch",16450.0252706055,0.231436774790341
"species_fetch",16544.3180328613,0.230988189958798
"species_fetch",16638.6107951172,0.230539408249777
"species_fetch",16732.903557373,0.230089398342353
"species_fetch",16827.1963196289,0.229639193277936
"species_fetch",16921.4890818848,0.229187783635116
"species_fetch",17015.7818441406,0.228736180548978
"species_fetch",17110.0746063965,0.228283394280027
"species_fetch",17204.3673686523,0.227830414032092
"species_fetch",17298.6601309082,0.227376269015604
"species_fetch",17392.9528931641,0.226921933962722
"species_fetch",17487.2456554199,0.226466458517107
"species_fetch",17581.5384176758,0.226010792499432
"species_fetch",17675.8311799316,0.22555401011022
"species_fetch",17770.1239421875,0.225097039953248
"species_fetch",17864.4167044434,0.224638965876225
"species_fetch",17958.7094666992,0.224180703499182
"species_fetch",18053.0022289551,0.223721367200772
"species_fetch",18147.2949912109,0.223261845389616
"species_fetch",18241.5877534668,0.22280126508541
"species_fetch",18335.8805157227,0.222340498739602
"species_fetch",18430.1732779785,0.221878702820717
"species_fetch",18524.4660402344,0.221416724727918
"species_fetch",18618.7588024902,0.220953739940938
"species_fetch",18713.0515647461,0.220490572451187
"species_fetch",18807.344327002,0.220026411912112
"species_fetch",18901.6370892578,0.219562071420091
"species_fetch",18995.9298515137,0.21909676373447
"species_fetch",19090.2226137695,0.21863127557045
"species_fetch",19184.5153760254,0.218164842815408
"species_fetch",19278.8081382812,0.217698232314769
"species_fetch",19373.1009005371,0.217230703486834
"species_fetch",19467.393662793,0.216762997471666
"species_fetch",19561.6864250488,0.216294397242323
"species_fetch",19655.9791873047,0.215825622538121
"species_fetch",19750.2719495605,0.215355965642799
"species_fetch",19844.5647118164,0.21488613267697
"species_fetch",19938.8574740723,0.214415448450471
"species_fetch",20033.1502363281,0.213944592992612
"species_fetch",20127.442998584,0.213472907656052
"species_fetch",20221.7357608398,0.213001050566087
"species_fetch",20316.0285230957,0.212528392851594
"species_fetch",20410.3212853516,0.212055563931843
"species_fetch",20504.6140476074,0.211581947055855
"species_fetch",20598.9068098633,0.211108162702705
"species_fetch",20693.1995721191,0.210633617297106
"species_fetch",20787.492334375,0.210158902839124
"species_fetch",20881.7850966309,0.209683453870506
"species_fetch",20976.0778588867,0.209207840606942
"species_fetch",21070.3706211426,0.208731514817323
"species_fetch",21164.6633833984,0.208255022114578
"species_fetch",21258.9561456543,0.207777844948348
"species_fetch",21353.2489079102,0.207300505595787
"species_fetch",21447.541670166,0.206822497194437
"species_fetch",21541.8344324219,0.206344326091519
"species_fetch",21636.1271946777,0.205865513135304
"species_fetch",21730.4199569336,0.205386540087755
"species_fetch",21824.7127191895,0.204906951029015
"species_fetch",21919.0054814453,0.204427201367107
"species_fetch",22013.2982437012,0.203946857405133
"species_fetch",22107.591005957,0.203466356465947
"species_fetch",22201.8837682129,0.202985291539148
"species_fetch",22296.1765304688,0.202504069123305
"species_fetch",22390.4692927246,0.202022300546213
"species_fetch",22484.7620549805,0.201540376026923
"species_fetch",22579.0548172363,0.201057929609311
"species_fetch",22673.3475794922,0.200575329812071
"species_fetch",22767.640341748,0.200092232937783
"species_fetch",22861.9331040039,0.199608983194566
"species_fetch",22956.2258662598,0.199125266142023
"species_fetch",23050.5186285156,0.198641397746969
"species_fetch",23144.8113907715,0.19815708436654
"species_fetch",23239.1041530274,0.19767262116321
"species_fetch",23333.3969152832,0.197187733815148
"species_fetch",23427.6896775391,0.196702698156987
"species_fetch",23521.9824397949,0.196217262699272
"species_fetch",23616.2752020508,0.195731678426435
"species_fetch",23710.5679643066,0.195245725611339
"species_fetch",23804.8607265625,0.194759628493421
"species_fetch",23899.1534888184,0.19427318668871
"species_fetch",23993.4462510742,0.193786599074049
"species_fetch",24087.7390133301,0.193299683659842
"species_fetch",24182.0317755859,0.192812624923352
"species_fetch",24276.3245378418,0.19232527117953
"species_fetch",24370.6173000977,0.191837775595585
"species_fetch",24464.9100623535,0.191350005882402
"species_fetch",24559.2028246094,0.190862095804445
"species_fetch",24653.4955868652,0.190373939932735
"species_fetch",24747.7883491211,0.189885645164791
"species_fetch",24842.081111377,0.18939713392536
"species_fetch",24936.3738736328,0.188908484269752
"species_fetch",25030.6666358887,0.188419631587194
"species_fetch",25124.9593981445,0.187930641946784
"species_fetch",25219.2521604004,0.18744148410935
"species_fetch",25313.5449226563,0.186952191740447
"species_fetch",25407.8376849121,0.186462748586071
"species_fetch",25502.130447168,0.185973171370069
"species_fetch",25596.4232094238,0.185483479185299
"species_fetch",25690.7159716797,0.184993654376802
"species_fetch",25785.0087339356,0.184503734558943
"species_fetch",25879.3014961914,0.184013684513098
"species_fetch",25973.5942584473,0.183523563799666
"species_fetch",26067.8870207031,0.183033312356628
"species_fetch",26162.179782959,0.18254301469278
"species_fetch",26256.4725452148,0.182052588678045
"species_fetch",26350.7653074707,0.181562144298482
"species_fetch",26445.0580697266,0.181071572024256
"species_fetch",26539.3508319824,0.180581004903075
"species_fetch",26633.6435942383,0.180090313196554
"species_fetch",26727.9363564941,0.179599659925551
"species_fetch",26822.22911875,0.179108881567588
"species_fetch",26916.5218810059,0.178618156644484
"species_fetch",27010.8146432617,0.178127308028059
"species_fetch",27105.1074055176,0.177636542365687
"species_fetch",27199.4001677734,0.177145656278461
"species_fetch",27293.6929300293,0.176654879912891
"species_fetch",27387.9856922852,0.176163981683434
"species_fetch",27482.278454541,0.17567322271866
"species_fetch",27576.5712167969,0.175182345134632
"species_fetch",27670.8639790527,0.174691623335388
"species_fetch",27765.1567413086,0.174200784279886
"species_fetch",27859.4495035645,0.173705248335411
"species_fetch",27953.7422658203,0.173201580841995
"species_fetch",28048.0350280762,0.172697125534209
"species_fetch",28142.327790332,0.172190926099746
"species_fetch",28236.6205525879,0.171684989853474
"species_fetch",28330.9133148438,0.17117898549825
"species_fetch",28425.2060770996,0.170673276861829
"species_fetch",28519.4988393555,0.170167500368398
"species_fetch",28613.7916016113,0.169662037467813
"species_fetch",28708.0843638672,0.16915650970291
"species_fetch",28802.377126123,0.168651323019686
"species_fetch",28896.6698883789,0.168146070803697
"species_fetch",28990.9626506348,0.167641185606295
"species_fetch",29085.2554128906,0.167136238748352
"species_fetch",29179.5481751465,0.166631687891351
"species_fetch",29273.8409374023,0.166127074701959
"species_fetch",29368.1336996582,0.165622885876242
"species_fetch",29462.4264619141,0.165118637652945
"species_fetch",29556.7192241699,0.164614829959895
"species_fetch",29651.0119864258,0.164110963093971
"species_fetch",29745.3047486816,0.163607566043121
"species_fetch",29839.5975109375,0.163104111830414
"species_fetch",29933.8902731934,0.162601158221343
"species_fetch",30028.1830354492,0.162098149447811
"species_fetch",30122.4757977051,0.161595658948221
"species_fetch",30216.7685599609,0.161093113495258
"species_fetch",30311.0613222168,0.160591123085691
"species_fetch",30405.3540844727,0.160089079699721
"species_fetch",30499.6468467285,0.159587604298363
"species_fetch",30593.9396089844,0.159086077883951
"species_fetch",30688.2323712402,0.15858515054912
"species_fetch",30782.5251334961,0.158084172398705
"species_fetch",30876.817895752,0.157583818210444
"species_fetch",30971.1106580078,0.15708341514952
"species_fetch",31065.4034202637,0.156583666907407
"species_fetch",31159.6961825195,0.156083871721935
"species_fetch",31253.9889447754,0.155584744582466
"species_fetch",31348.2817070313,0.15508557068349
"species_fetch",31442.5744692871,0.154577207251505
"species_fetch",31536.867231543,0.154055242002882
"species_fetch",31631.1599937988,0.153518334909227
"species_fetch",31725.4527560547,0.152960111640311
"species_fetch",31819.7455183106,0.152402881436966
"species_fetch",31914.0382805664,0.151845938749779
"species_fetch",32008.3310428223,0.151290019434928
"species_fetch",32102.6238050781,0.150734385639973
"species_fetch",32196.916567334,0.150179795423024
"species_fetch",32291.2093295898,0.149625492132091
"species_fetch",32385.5020918457,0.149072259449513
"species_fetch",32479.7948541016,0.148519314233156
"species_fetch",32574.0876163574,0.147967468349884
"species_fetch",32668.3803786133,0.147415908775251
"species_fetch",32762.6731408691,0.146865477074595
"species_fetch",32856.965903125,0.146315332202355
"species_fetch",32951.2586653809,0.145766331092615
"species_fetch",33045.5514276367,0.145217617317451
"species_fetch",33139.8441898926,0.144670083983444
"species_fetch",33234.1369521484,0.144122839308422
"species_fetch",33328.4297144043,0.143576792810661
"species_fetch",33422.7224766602,0.143031032133538
"species_fetch",33517.015238916,0.142486495983655
"species_fetch",33611.3080011719,0.141942246129927
"species_fetch",33705.6007634277,0.141399245602022
"species_fetch",33799.8935256836,0.140856532653828
"species_fetch",33894.1862879395,0.140315097790234
"species_fetch",33988.4790501953,0.13977394931472
"species_fetch",34082.7718124512,0.139234103007977
"species_fetch",34177.064574707,0.138694544342226
"species_fetch",34271.3573369629,0.138156315998542
"species_fetch",34365.6500992188,0.137618372471123
"species_fetch",34459.9428614746,0.137081771452843
"species_fetch",34554.2356237305,0.136545456479908
"species_fetch",34648.5283859863,0.136010512730635
"species_fetch",34742.8211482422,0.135475854626093
"species_fetch",34837.1139104981,0.134942596466544
"species_fetch",34931.4066727539,0.134409623544304
"species_fetch",35025.6994350098,0.133878071793554
"species_fetch",35119.9921972656,0.133346805663703
"species_fetch",35214.2849595215,0.132816982833493
"species_fetch",35308.5777217774,0.132287443610897
"species_fetch",35402.8704840332,0.131759375636985
"species_fetch",35497.1632462891,0.131231591637254
"species_fetch",35591.4560085449,0.13070529496879
"species_fetch",35685.7487708008,0.130179281839848
"species_fetch",35780.0415330566,0.12965478852284
"species_fetch",35874.3342953125,0.129130578303884
"species_fetch",35968.6270575684,0.128607911020055
"species_fetch",36062.9198198242,0.128085527557198
"species_fetch",36157.2125820801,0.12756469506449
"species_fetch",36251.5053443359,0.127044142822975
"species_fetch",36345.7981065918,0.126525174734789
"species_fetch",36440.0908688477,0.126006487992393
"species_fetch",36534.3836311035,0.125489405627986
"species_fetch",36628.6763933594,0.12497260375707
"species_fetch",36722.9691556152,0.124457426854524
"species_fetch",36817.2619178711,0.123942529973358
"species_fetch",36911.554680127,0.123429283856143
"species_fetch",37005.8474423828,0.122916318045163
"species_fetch",37100.1402046387,0.122405020300421
"species_fetch",37194.4329668945,0.121893999711475
"species_fetch",37288.7257291504,0.121384668148283
"species_fetch",37383.0184914063,0.12087561439231
"species_fetch",37477.3112536621,0.1203682766127
"species_fetch",37571.604015918,0.119861215767585
"species_fetch",37665.8967781738,0.119355884816029
"species_fetch",37760.1895404297,0.118850829547757
"species_fetch",37854.4823026856,0.118347539696944
"species_fetch",37948.7750649414,0.117844526518468
"species_fetch",38043.0678271973,0.117343273673943
"species_fetch",38137.3605894531,0.116842293638607
"species_fetch",38231.653351709,0.116343108358854
"species_fetch",38325.9461139648,0.115844196488643
"species_fetch",38420.2388762207,0.115347097023312
"species_fetch",38514.5316384766,0.114850269709504
"species_fetch",38608.8244007324,0.114355276933845
"species_fetch",38703.1171629883,0.113860555784826
"species_fetch",38797.4099252442,0.113367685734615
"species_fetch",38891.7026875,0.112875087144215
"species_fetch",38985.9954497559,0.112384358739245
"species_fetch",39080.2882120117,0.111893898348577
"species_fetch",39174.5809742676,0.111405327713175
"species_fetch",39268.8737365234,0.110917025643063
"species_fetch",39363.1664987793,0.110430630598171
"species_fetch",39457.4592610352,0.109944502493982
"species_fetch",39551.752023291,0.109460308040763
"species_fetch",39646.0447855469,0.108976379981231
"species_fetch",39740.3375478027,0.108494388684819
"species_fetch",39834.6303100586,0.10801266215921
"species_fetch",39928.9230723145,0.107532897578323
"species_fetch",40023.2158345703,0.107053397922015
"species_fetch",40117.5085968262,0.106575876260642
"species_fetch",40211.801359082,0.106098616134515
"species_fetch",40306.0941213379,0.105623349114722
"species_fetch",40400.3868835938,0.105148343422492
"species_fetch",40494.6796458496,0.104675351125941
"species_fetch",40588.9724081055,0.104202619239968
"species_fetch",40683.2651703613,0.103731915775944
"species_fetch",40777.5579326172,0.103261471106421
"species_fetch",40871.850694873,0.102793071880559
"species_fetch",40966.1434571289,0.102324931567227
"species_fetch",41060.4362193848,0.101858850806814
"species_fetch",41154.7289816406,0.101393025274527
"species_fetch",41249.0217438965,0.10092927517715
"species_fetch",41343.3145061523,0.100465780074682
"species_fetch",41437.6072684082,0.100004384025396
"species_fetch",41531.9000306641,0.0995432417044872
"species_fetch",41626.1927929199,0.099084195978002
"species_fetch",41720.4855551758,0.0986254027133631
"species_fetch",41814.7783174316,0.0981687319680986
"species_fetch",41909.0710796875,0.0977123130934058
"species_fetch",42003.3638419434,0.0972580267239932
"species_fetch",42097.6566041992,0.096803988939662
"species_fetch",42191.9493664551,0.0963521003114931
"species_fetch",42286.2421287109,0.0959004600113542
"species_fetch",42380.5348909668,0.0954509820531353
"species_fetch",42474.8276532227,0.0950017511581177
"species_fetch",42569.1204154785,0.0945546957056551
"species_fetch",42663.4131777344,0.0941078853899274
"species_fetch",42757.7059399902,0.093663263787635
"species_fetch",42851.9987022461,0.0932188867188865
"species_fetch",42946.291464502,0.0927767102019137
"species_fetch",43040.5842267578,0.0923347753165854
"species_fetch",43134.8769890137,0.0918950609611379
"species_fetch",43229.1697512695,0.0914555876324416
"species_fetch",43323.4625135254,0.0910183315242582
"species_fetch",43417.7552757813,0.0905813145350851
"species_fetch",43512.0480380371,0.0901465358178536
"species_fetch",43606.340800293,0.0897119952856226
"species_fetch",43700.6335625488,0.0892797032240492
"species_fetch",43794.9263248047,0.0888476480894569
"species_fetch",43889.2190870606,0.088417851724379
"species_fetch",43983.5118493164,0.0879882894337503
"species_fetch",44077.8046115723,0.0875609968478984
"species_fetch",44172.0973738281,0.0871339370869881
"species_fetch",44266.390136084,0.0867091595719978
"species_fetch",44360.6828983399,0.086284614263437
"species_fetch",44454.9756605957,0.0858623596659507
"species_fetch",44549.2684228516,0.0854403347667994
"species_fetch",44643.5611851074,0.0850206101430382
"species_fetch",44737.8539473633,0.0846011145956953
"species_fetch",44832.1467096191,0.0841839283909531
"species_fetch",44926.439471875,0.0837669681507762
"species_fetch",45020.7322341309,0.0833523335230382
"species_fetch",45115.0249963867,0.0829379242379488
"species_fetch",45209.3177586426,0.0825258364598025
"species_fetch",45303.6105208984,0.0821139721676338
"species_fetch",45397.9032831543,0.0817044435921218
"species_fetch",45492.1960454102,0.0812951369580097
"species_fetch",45586.488807666,0.0808881762188424
"species_fetch",45680.7815699219,0.0804814361834836
"species_fetch",45775.0743321777,0.0800770473220038
"species_fetch",45869.3670944336,0.0796728761154656
"species_fetch",45963.6598566895,0.0792710641621128
"species_fetch",46057.9526189453,0.078869469236678
"species_fetch",46152.2453812012,0.078470240605864
"species_fetch",46246.538143457,0.0780712271752367
"species_fetch",46340.8309057129,0.0776745878189146
"species_fetch",46435.1236679688,0.0772781618418569
"species_fetch",46529.4164302246,0.0768841168293229
"species_fetch",46623.7091924805,0.0764902842671506
"species_fetch",46718.0019547363,0.076098844883489
"species_fetch",46812.2947169922,0.0757076146709405
"species_fetch",46906.5874792481,0.0753187685832787
"species_fetch",47000.8802415039,0.0749301310363017
"species_fetch",47095.1730037598,0.074543890874581
"species_fetch",47189.4657660156,0.0741578571664929
"species_fetch",47283.7585282715,0.073774227100885
"species_fetch",47378.0512905273,0.0733908017003317
"species_fetch",47472.3440527832,0.0730097834729066
"species_fetch",47566.6368150391,0.0726289689884425
"species_fetch",47660.9295772949,0.0722505671991931
"species_fetch",47755.2223395508,0.0718723662334145
"species_fetch",47849.5151018066,0.071496581398165
"species_fetch",47943.8078640625,0.071120996186246
"species_fetch",48038.1006263184,0.0707478310094421
"species_fetch",48132.3933885742,0.0703748634114744
"species_fetch",48226.6861508301,0.0700043199302561
"species_fetch",48320.978913086,0.0696339725530919
"species_fetch",48415.2716753418,0.0692660601717627
"species_fetch",48509.5644375977,0.0688983427011565
"species_fetch",48603.8571998535,0.0685330477989853
"species_fetch",48698.1499621094,0.0681679449561401
"species_fetch",48792.4427243652,0.0678052734904801
"species_fetch",48886.7354866211,0.0674427923517451
"species_fetch",48981.028248877,0.0670827475956384
"species_fetch",49075.3210111328,0.0667228922596841
"species_fetch",49169.6137733887,0.0663654736045296
"species_fetch",49263.9065356445,0.0660082418319259
"species_fetch",49358.1992979004,0.0656534496718251
"species_fetch",49452.4920601563,0.065298842951837
"species_fetch",49546.7848224121,0.0649466769100051
"species_fetch",49641.077584668,0.0645946948692525
"species_fetch",49735.3703469238,0.0642451521700104
"species_fetch",49829.6631091797,0.0638957907055669
"species_fetch",49923.9558714356,0.0635488725903623
"species_fetch",50018.2486336914,0.0632021346828856
"species_fetch",50112.5413959473,0.0628578395936413
"species_fetch",50206.8341582031,0.0625137226324494
"species_fetch",50301.126920459,0.0621720542618309
"species_fetch",50395.4196827148,0.0618305623430407
"species_fetch",50489.7124449707,0.0614915083739027
"species_fetch",50584.0052072266,0.0611526295761596
"species_fetch",50678.2979694824,0.0608161922920378
"species_fetch",50772.5907317383,0.0604799273548673
"species_fetch",50866.8834939942,0.0601461033350622
"species_fetch",50961.17625625,0.0598124503953936
"species_fetch",51055.4690185059,0.0594812386543869
"species_fetch",51149.7617807617,0.0591501962199762
"species_fetch",51244.0545430176,0.0588215927751394
"species_fetch",51338.3473052734,0.0584931567456137
"species_fetch",51432.6400675293,0.0581671602142256
"species_fetch",51526.9328297852,0.0578413298441013
"species_fetch",51621.225592041,0.0575179346355183
"species_fetch",51715.5183542969,0.0571947028412112
"species_fetch",51809.8111165527,0.0568739054625266
"species_fetch",51904.1038788086,0.0565532703813917
"species_fetch",51998.3966410645,0.0562350718120106
"species_fetch",52092.6894033203,0.0559170334406432
"species_fetch",52186.9821655762,0.0556014186486124
"species_fetch",52281.274927832,0.055285962456678
"species_fetch",52375.5676900879,0.0549729337997423
"species_fetch",52469.8604523438,0.0546600623940929
"species_fetch",52564.1532145996,0.0543496124985505
"species_fetch",52658.4459768555,0.0540393173059115
"species_fetch",52752.7387391113,0.0537314414687692
"species_fetch",52847.0315013672,0.0534237187621479
"species_fetch",52941.324263623,0.0531184117594877
"species_fetch",53035.6170258789,0.0528132563217754
"species_fetch",53129.9097881348,0.0525105135368455
"species_fetch",53224.2025503906,0.0522079205226113
"species_fetch",53318.4953126465,0.0519077350041868
"species_fetch",53412.7880749023,0.0516076977062059
"species_fetch",53507.0808371582,0.0513100634339507
"species_fetch",53601.3735994141,0.0510125751424446
"species_fetch",53695.6663616699,0.050717484700966
"species_fetch",53789.9591239258,0.05042253870871
"species_fetch",53884.2518861816,0.0501299910858231
"species_fetch",53978.5446484375,0.0498375862731022
"species_fetch",54072.8374106934,0.049547564920487
"species_fetch",54167.1301729492,0.0492576845205157
"species_fetch",54261.4229352051,0.0489701871117849
"species_fetch",54355.715697461,0.0486828292606413
"species_fetch",54450.0084597168,0.0483978484846568
"species_fetch",54544.3012219727,0.0481130049820209
"species_fetch",54638.5939842285,0.0478305321081911
"species_fetch",54732.8867464844,0.0475481951296764
"species_fetch",54827.1795087402,0.0472682232493281
"species_fetch",54921.4722709961,0.0469883853409495
"species_fetch",55015.765033252,0.0467109065512504
"species_fetch",55110.0577955078,0.046433560260725
"species_fetch",55204.3505577637,0.0461585667300541
"species_fetch",55298.6433200195,0.0458837042325698
"species_fetch",55392.9360822754,0.0456111860059112
"species_fetch",55487.2288445313,0.0453387964930193
"species_fetch",55581.5216067871,0.045068749980853
"species_fetch",55675.814369043,0.0447988308435734
"species_fetch",55770.1071312988,0.0445312378346737
"species_fetch",55864.3998935547,0.0442637704435759
"species_fetch",55958.6926558106,0.0439986267206769
"species_fetch",56052.9854180664,0.0437336069753881
"species_fetch",56147.2781803223,0.0434709043915125
"species_fetch",56241.5709425781,0.0432083244676464
"species_fetch",56335.863704834,0.0429480513789125
"species_fetch",56430.1564670899,0.0426878986049494
"species_fetch",56524.4492293457,0.0424300460386096
"species_fetch",56618.7419916016,0.0421723125905887
"species_fetch",56713.0347538574,0.0419168707184539
"species_fetch",56807.3275161133,0.0416615461621578
"species_fetch",56901.6202783692,0.0414085053530927
"species_fetch",56995.913040625,0.0411555803731677
"species_fetch",57090.2058028809,0.0409049309307779
"species_fetch",57184.4985651367,0.0406543958393414
"species_fetch",57278.7913273926,0.040406126423617
"species_fetch",57373.0840896485,0.0401579692950585
"species_fetch",57467.3768519043,0.0399120724928765
"species_fetch",57561.6696141602,0.0396662866199712
"species_fetch",57655.962376416,0.0394227452046279
"species_fetch",57750.2551386719,0.0391793130755323
"species_fetch",57844.5479009277,0.0389381194855121
"species_fetch",57938.8406631836,0.0386970336470922
"species_fetch",58033.1334254395,0.0384581776209669
"species_fetch",58127.4261876953,0.0382194280132365
"species_fetch",58221.7189499512,0.0379828976312057
"species_fetch",58316.011712207,0.0377464715830709
"species_fetch",58410.3044744629,0.0375122544298248
"species_fetch",58504.5972367188,0.0372781403916088
"species_fetch",58598.8899989746,0.0370462264931255
"species_fetch",58693.1827612305,0.0368144140306109
"species_fetch",58787.4755234863,0.0365847916378998
"species_fetch",58881.7682857422,0.036355269200133
"species_fetch",58976.0610479981,0.0361279263794976
"species_fetch",59070.3538102539,0.0359006820429964
"species_fetch",59164.6465725098,0.0356756102135015
"species_fetch",59258.9393347656,0.0354506354075447
"species_fetch",59353.2320970215,0.0352278158251332
"species_fetch",59447.5248592773,0.0350050915469099
"species_fetch",59541.8176215332,0.0347845146140677
"species_fetch",59636.1103837891,0.0345640315477987
"species_fetch",59730.4031460449,0.0343456855170937
"species_fetch",59824.6959083008,0.0341274319255611
"species_fetch",59918.9886705567,0.0339113043911802
"species_fetch",60013.2814328125,0.0336952677916825
"species_fetch",60107.5741950684,0.0334813474916471
"species_fetch",60201.8669573242,0.0332675168928755
"species_fetch",60296.1597195801,0.0330557889535405
"species_fetch",60390.4524818359,0.0328441488908589
"species_fetch",60484.7452440918,0.0326346017944711
"species_fetch",60579.0380063477,0.0324251412761451
"species_fetch",60673.3307686035,0.0322177615812997
"species_fetch",60767.6235308594,0.0320104670070408
"species_fetch",60861.9162931152,0.0318052428817569
"species_fetch",60956.2090553711,0.0316001025143471
"species_fetch",61050.501817627,0.0313970239106984
"species_fetch",61144.7945798828,0.0311940278764161
"species_fetch",61239.0873421387,0.030993073533146
"species_fetch",61333.3801043945,0.0307921998472459
"species_fetch",61427.6728666504,0.0305933612213042
"species_fetch",61521.9656289063,0.03039460224609
"species_fetch",61616.2583911621,0.0301978661027611
"species_fetch",61710.551153418,0.0300012080508284
"species_fetch",61804.8439156738,0.0298065602747263
"species_fetch",61899.1366779297,0.0296119893603731
"species_fetch",61993.4294401856,0.0294194176860572
"species_fetch",62087.7222024414,0.029226921613485
"species_fetch",62182.0149646973,0.0290364113241404
"species_fetch",62276.3077269531,0.0288459750014547
"species_fetch",62370.600489209,0.0286575123962877
"species_fetch",62464.8932514649,0.0284691225967928
"species_fetch",62559.1860137207,0.0282826948519933
"species_fetch",62653.4787759766,0.0280963385339814
"species_fetch",62747.7715382324,0.027911934123636
"species_fetch",62842.0643004883,0.0277275999226309
"species_fetch",62936.3570627442,0.0275452003948492
"species_fetch",63030.649825,0.0273628698683233
"species_fetch",63124.9425872559,0.0271824623476562
"species_fetch",63219.2353495117,0.0270021222663603
"species_fetch",63313.5281117676,0.0268236940088717
"species_fetch",63407.8208740234,0.0266453320774328
"species_fetch",63502.1136362793,0.0264688687211767
"species_fetch",63596.4063985352,0.0262924704079834
"species_fetch",63690.699160791,0.0261179586436303
"species_fetch",63784.9919230469,0.0259435107213486
"species_fetch",63879.2846853028,0.0257709365318913
"species_fetch",63973.5774475586,0.025598425028342
"species_fetch",64067.8702098145,0.0254277730616382
"species_fetch",64162.1629720703,0.025257182326346
"species_fetch",64256.4557343262,0.0250884391535503
"species_fetch",64350.748496582,0.0249197561460842
"species_fetch",64445.0412588379,0.0247529077671401
"species_fetch",64539.3340210938,0.0245861183284179
"species_fetch",64633.6267833496,0.0244211531473312
"species_fetch",64727.9195456055,0.0242562457261866
"species_fetch",64822.2123078613,0.0240931446333256
"species_fetch",64916.5050701172,0.0239301002286503
"species_fetch",65010.7978323731,0.0237688504614887
"species_fetch",65105.0905946289,0.0236076560307234
"species_fetch",65199.3833568848,0.0234482440928886
"species_fetch",65293.6761191406,0.0232888864089123
"species_fetch",65387.9688813965,0.0231312977910651
"species_fetch",65482.2616436523,0.022973762322692
"species_fetch",65576.5544059082,0.0228179859613166
"species_fetch",65670.8471681641,0.0226622617168125
"species_fetch",65765.1399304199,0.0225082764166209
"species_fetch",65859.4326926758,0.0223543417841951
"species_fetch",65953.7254549316,0.0222021378062413
"species_fetch",66048.0182171875,0.0220499838456225
"species_fetch",66142.3109794434,0.0218995451207896
"species_fetch",66236.6037416992,0.0217491548759489
"species_fetch",66330.8965039551,0.0216004687737231
"species_fetch",66425.1892662109,0.0214518305104217
"species_fetch",66519.4820284668,0.021304882227166
"species_fetch",66613.7747907227,0.0211579804809805
"species_fetch",66708.0675529785,0.0210127540778158
"species_fetch",66802.3603152344,0.0208675730124322
"species_fetch",66896.6530774902,0.0207240557076875
"species_fetch",66990.9458397461,0.020580583029435
"species_fetch",67085.238602002,0.0204387596415535
"species_fetch",67179.5313642578,0.0202969795126286
"species_fetch",67273.8241265137,0.0201568369599035
"species_fetch",67368.1168887695,0.020016736993716
"species_fetch",67462.4096510254,0.0198782600367832
"species_fetch",67556.7024132813,0.0197398244899385
"species_fetch",67650.9951755371,0.0196029980470468
"species_fetch",67745.287937793,0.0194662118278633
"species_fetch",67839.5807000488,0.0193310232103329
"species_fetch",67933.8734623047,0.0191958742120427
"species_fetch",68028.1662245606,0.0190623080362341
"species_fetch",68122.4589868164,0.0189287801412115
"species_fetch",68216.7517490723,0.0187968227684683
"species_fetch",68311.0445113281,0.0186649030313294
"species_fetch",68405.337273584,0.0185345401579379
"species_fetch",68499.6300358398,0.0184042138601686
"species_fetch",68593.9227980957,0.0182754304519007
"species_fetch",68688.2155603516,0.0181466825018194
"species_fetch",68782.5083226074,0.0180194655909524
"species_fetch",68876.8010848633,0.0178922835088367
"species_fetch",68971.0938471191,0.0177666216311607
"species_fetch",69065.386609375,0.0176409933978424
"species_fetch",69159.6793716309,0.0175168658941024
"species_fetch",69253.9721338867,0.017392771392801
"species_fetch",69348.2648961426,0.0172701673679382
"species_fetch",69442.5576583984,0.0171475953258205
"species_fetch",69536.8504206543,0.017026499673258
"species_fetch",69631.1431829101,0.0169054349990679
"species_fetch",69725.435945166,0.0167858358626402
"species_fetch",69819.7287074219,0.01666626710111
"species_fetch",69914.0214696777,0.0165481485883215
"species_fetch",70008.3142319336,0.016430059343067
"species_fetch",70102.6069941895,0.0163134091323752
"species_fetch",70196.8997564453,0.0161967875753869
"species_fetch",70291.1925187012,0.0160815911766016
"species_fetch",70385.485280957,0.0159664224962331
"species_fetch",70479.7780432129,0.015852664823347
"species_fetch",70574.0708054687,0.0157389339283424
"species_fetch",70668.3635677246,0.0156266031825727
"species_fetch",70762.6563299805,0.0155142986174515
"species_fetch",70856.9490922363,0.0154033794314759
"species_fetch",70951.2418544922,0.0152924854524179
"species_fetch",71045.534616748,0.0151829649211443
"species_fetch",71139.8273790039,0.0150734689544437
"species_fetch",71234.1201412598,0.0149653337830808
"species_fetch",71328.4129035156,0.0148572223211556
"species_fetch",71422.7056657715,0.0147504573878766
"species_fetch",71516.9984280273,0.0146437153401092
"species_fetch",71611.2911902832,0.0145383088940792
"species_fetch",71705.5839525391,0.0144329247112185
"species_fetch",71799.8767147949,0.014328861815525
"species_fetch",71894.1694770508,0.0142248203129701
"species_fetch",71988.4622393066,0.0141220886918191
"species_fetch",72082.7550015625,0.0140193778546575
"species_fetch",72177.0477638184,0.0139179634426649
"species_fetch",72271.3405260742,0.0138165690182567
"species_fetch",72365.6332883301,0.0137164582713469
"species_fetch",72459.9260505859,0.0136163667524292
"species_fetch",72554.2188128418,0.0135175505514095
"species_fetch",72648.5115750977,0.0134187529965408
"species_fetch",72742.8043373535,0.0133212103339142
"species_fetch",72837.0970996094,0.0132236855047904
"species_fetch",72931.3898618652,0.0131274080267445
"species_fetch",73025.6826241211,0.0130311478202208
"species_fetch",73119.975386377,0.0129361217162974
"species_fetch",73214.2681486328,0.0128411121593433
"species_fetch",73308.5609108887,0.0127473239159667
"species_fetch",73402.8536731445,0.0126535515011066
"species_fetch",73497.1464354004,0.0125609891152824
"species_fetch",73591.4391976562,0.0124684420140813
"species_fetch",73685.7319599121,0.0123770916159817
"species_fetch",73780.024722168,0.0122857557614257
"species_fetch",73874.3174844238,0.0121956057732517
"species_fetch",73968.6102466797,0.0121054698026735
"species_fetch",74062.9030089356,0.0120165068194789
"species_fetch",74157.1957711914,0.0119275571788367
"species_fetch",74251.4885334473,0.0118397680825568
"species_fetch",74345.7812957031,0.0117519916837892
"species_fetch",74440.074057959,0.0116653649811385
"species_fetch",74534.3668202148,0.0115787504614719
"species_fetch",74628.6595824707,0.0114932723417083
"species_fetch",74722.9523447266,0.0114078057272611
"species_fetch",74817.2451069824,0.0113234651133575
"species_fetch",74911.5378692383,0.0112391355071235
"species_fetch",75005.8306314941,0.0111559194228403
"species_fetch",75100.12339375,0.0110727137366518
"species_fetch",75194.4161560059,0.010990609356443
"species_fetch",75288.7089182617,0.0109085147816357
"species_fetch",75383.0016805176,0.0108275110081519
"species_fetch",75477.2944427734,0.0107465165544809
"species_fetch",75571.5872050293,0.0106665999540137
"species_fetch",75665.8799672852,0.0105866920669053
"species_fetch",75760.172729541,0.0105078520718527
"species_fetch",75854.4654917969,0.0104290203199621
"species_fetch",75948.7582540527,0.0103512441613803
"species_fetch",76043.0510163086,0.0102734756893705
"species_fetch",76137.3437785645,0.0101967534730743
"species_fetch",76231.6365408203,0.0101200384060535
"species_fetch",76325.9293030762,0.0100443543088874
"species_fetch",76420.222065332,0.0099686769069719
"species_fetch",76514.5148275879,0.00989402067690362
"species_fetch",76608.8075898438,0.0098193705986891
"species_fetch",76703.1003520996,0.00974573193719278
"species_fetch",76797.3931143555,0.00967209898416504
"species_fetch",76891.6858766113,0.00959946537615861
"species_fetch",76985.9786388672,0.00952683697237744
"species_fetch",77080.2714011231,0.00945519665624298
"species_fetch",77174.5641633789,0.00938356106449045
"species_fetch",77268.8569256348,0.00931290379390677
"species_fetch",77363.1496878906,0.00924225081545591
"species_fetch",77457.4424501465,0.00917256396770346
"species_fetch",77551.7352124024,0.00910288093316262
"species_fetch",77646.0279746582,0.00903415439292965
"species_fetch",77740.3207369141,0.00896543124316386
"species_fetch",77834.6134991699,0.00889765329479525
"species_fetch",77928.9062614258,0.00882987829258657
"species_fetch",78023.1990236816,0.00876303747052977
"species_fetch",78117.4917859375,0.00869619915784425
"species_fetch",78211.7845481934,0.00863028564881104
"species_fetch",78306.0773104492,0.00856437424612327
"species_fetch",78400.3700727051,0.00849937582042237
"species_fetch",78494.662834961,0.00843437907754226
"species_fetch",78588.9555972168,0.00837028611098719
"species_fetch",78683.2483594727,0.00830619443465383
"species_fetch",78777.5411217285,0.00824299575598416
"species_fetch",78871.8338839844,0.00817979796756038
"species_fetch",78966.1266462402,0.00811748233997571
"species_fetch",79060.4194084961,0.00805516721457739
"species_fetch",79154.712170752,0.00803458401189995
"species_fetch",79249.0049330078,0.00801401436328888
"species_fetch",79343.2976952637,0.00801401436328888
"species_fetch",79437.5904575195,0.00801401436328888
"species_fetch",79531.8832197754,0.00801401436328888
"species_fetch",79626.1759820312,0.00801401436328888
"species_fetch",79720.4687442871,0.00801401436328888
"species_fetch",79814.761506543,0.00801401436328888
"species_fetch",79909.0542687988,0.00801401436328888
"species_fetch",80003.3470310547,0.00801401436328888
"species_fetch",80097.6397933105,0.00801401436328888
"species_fetch",80191.9325555664,0.00801401436328888
"species_fetch",80286.2253178223,0.00801401436328888
"species_fetch",80380.5180800781,0.00801401436328888
"species_fetch",80474.810842334,0.00801401436328888
"species_fetch",80569.1036045899,0.00801401436328888
"species_fetch",80663.3963668457,0.00801401436328888
"species_fetch",80757.6891291016,0.00801401436328888
"species_fetch",80851.9818913574,0.00801401436328888
"species_fetch",80946.2746536133,0.00801401436328888
"species_fetch",81040.5674158691,0.00801401436328888
"species_fetch",81134.860178125,0.00801401436328888
"species_fetch",81229.1529403809,0.00801401436328888
"species_fetch",81323.4457026367,0.00801401436328888
"species_fetch",81417.7384648926,0.00801401436328888
"species_fetch",81512.0312271484,0.00801401436328888
"species_fetch",81606.3239894043,0.00801401436328888
"species_fetch",81700.6167516602,0.00801401436328888
"species_fetch",81794.909513916,0.00801401436328888
"species_fetch",81889.2022761719,0.00801401436328888
"species_fetch",81983.4950384277,0.00801401436328888
"species_fetch",82077.7878006836,0.00801401436328888
"species_fetch",82172.0805629395,0.00801401436328888
"species_fetch",82266.3733251953,0.00801401436328888
"species_fetch",82360.6660874512,0.00801401436328888
"species_fetch",82454.958849707,0.00801401436328888
"species_fetch",82549.2516119629,0.00801401436328888
"species_fetch",82643.5443742187,0.00801401436328888
"species_fetch",82737.8371364746,0.00801401436328888
"species_fetch",82832.1298987305,0.00801401436328888
"species_fetch",82926.4226609863,0.00801401436328888
"species_fetch",83020.7154232422,0.00801401436328888
"species_fetch",83115.008185498,0.00801401436328888
"species_fetch",83209.3009477539,0.00801401436328888
"species_fetch",83303.5937100098,0.00801401436328888
"species_fetch",83397.8864722656,0.00801401436328888
"species_fetch",83492.1792345215,0.00801401436328888
"species_fetch",83586.4719967774,0.00801401436328888
"species_fetch",83680.7647590332,0.00801401436328888
"species_fetch",83775.0575212891,0.00801401436328888
"species_fetch",83869.3502835449,0.00801401436328888
"species_fetch",83963.6430458008,0.00801401436328888
"species_fetch",84057.9358080566,0.00801401436328888
"species_fetch",84152.2285703125,0.00801401436328888
"species_fetch",84246.5213325684,0.00801401436328888
"species_fetch",84340.8140948242,0.00801401436328888
"species_fetch",84435.1068570801,0.00801401436328888
"species_fetch",84529.399619336,0.00801401436328888
"species_fetch",84623.6923815918,0.00801401436328888
"species_fetch",84717.9851438477,0.00801401436328888
"species_fetch",84812.2779061035,0.00801401436328888
"species_fetch",84906.5706683594,0.00801401436328888
"species_fetch",85000.8634306152,0.00801401436328888
"species_fetch",85095.1561928711,0.00801401436328888
"species_fetch",85189.448955127,0.00801401436328888
"species_fetch",85283.7417173828,0.00801401436328888
"species_fetch",85378.0344796387,0.00801401436328888
"species_fetch",85472.3272418945,0.00801401436328888
"species_fetch",85566.6200041504,0.00801401436328888
"species_fetch",85660.9127664063,0.00801401436328888
"species_fetch",85755.2055286621,0.00801401436328888
"species_fetch",85849.498290918,0.00801401436328888
"species_fetch",85943.7910531738,0.00801401436328888
"species_fetch",86038.0838154297,0.00801401436328888
"species_fetch",86132.3765776856,0.00801401436328888
"species_fetch",86226.6693399414,0.00801401436328888
"species_fetch",86320.9621021973,0.00801401436328888
"species_fetch",86415.2548644531,0.00801401436328888
"species_fetch",86509.547626709,0.00801401436328888
"species_fetch",86603.8403889649,0.00801401436328888
"species_fetch",86698.1331512207,0.00801401436328888
"species_fetch",86792.4259134766,0.00801401436328888
"species_fetch",86886.7186757324,0.00801401436328888
"species_fetch",86981.0114379883,0.00801401436328888
"species_substrate_hist_only",1,0.625748151540756
"species_substrate_hist_only",2,0.131823243200779
"species_substrate_hist_only",3,0.26343669295311
"species_substrate_hist_only",4,0.26343669295311
"species_substrate_hist_only",6,0.26343669295311
"species_substrate_hist_only",7,0.26343669295311
"species_substrate_hist_only",8,0.499596428871155
"species_substrate_hist_only",9,0.656835985183716
"species_substrate_hist_only",10,0.379554235935211
"species_substrate_hist_only",11,0.26343669295311
"species_substrate_hist_only",12,0.26343669295311
"species_substrate_hist_only",13,0.26343669295311
"species_substrate_hist",1,0.180009678006172
"species_substrate_hist",2,0.130574043095112
"species_substrate_hist",3,0.181725981831551
"species_substrate_hist",4,0.181725981831551
"species_substrate_hist",6,0.181725981831551
"species_substrate_hist",7,0.181725981831551
"species_substrate_hist",8,0.23331246972084
"species_substrate_hist",9,0.311519765853882
"species_substrate_hist",10,0.235422533750534
"species_substrate_hist",11,0.181725981831551
"species_substrate_hist",12,0.181725981831551
"species_substrate_hist",13,0.181725981831551
