"variable","x","y"
"species_0_contemp_ice_extrap_only",-9.88419320285318,0.000726347847376019
"species_0_contemp_ice_extrap_only",-9.63539197263716,0.000726347847376019
"species_0_contemp_ice_extrap_only",-9.38659074242113,0.000726347847376019
"species_0_contemp_ice_extrap_only",-9.13778951220511,0.000726347847376019
"species_0_contemp_ice_extrap_only",-8.88898828198908,0.000726347847376019
"species_0_contemp_ice_extrap_only",-8.64018705177306,0.000726347847376019
"species_0_contemp_ice_extrap_only",-8.39138582155703,0.000726347847376019
"species_0_contemp_ice_extrap_only",-8.142584591341,0.000726347847376019
"species_0_contemp_ice_extrap_only",-7.89378336112498,0.000726347847376019
"species_0_contemp_ice_extrap_only",-7.64498213090895,0.000726347847376019
"species_0_contemp_ice_extrap_only",-7.39618090069293,0.000726347847376019
"species_0_contemp_ice_extrap_only",-7.1473796704769,0.000726347847376019
"species_0_contemp_ice_extrap_only",-6.89857844026087,0.000726347847376019
"species_0_contemp_ice_extrap_only",-6.64977721004485,0.000726347847376019
"species_0_contemp_ice_extrap_only",-6.40097597982882,0.000726347847376019
"species_0_contemp_ice_extrap_only",-6.1521747496128,0.000726347847376019
"species_0_contemp_ice_extrap_only",-5.90337351939677,0.000726347847376019
"species_0_contemp_ice_extrap_only",-5.65457228918075,0.000726347847376019
"species_0_contemp_ice_extrap_only",-5.40577105896472,0.000726347847376019
"species_0_contemp_ice_extrap_only",-5.15696982874869,0.000726347847376019
"species_0_contemp_ice_extrap_only",-4.90816859853267,0.000726347847376019
"species_0_contemp_ice_extrap_only",-4.65936736831664,0.000726347847376019
"species_0_contemp_ice_extrap_only",-4.41056613810062,0.000726347847376019
"species_0_contemp_ice_extrap_only",-4.16176490788459,0.000726347847376019
"species_0_contemp_ice_extrap_only",-3.91296367766856,0.000726347847376019
"species_0_contemp_ice_extrap_only",-3.66416244745254,0.000726347847376019
"species_0_contemp_ice_extrap_only",-3.41536121723651,0.000726347847376019
"species_0_contemp_ice_extrap_only",-3.16655998702049,0.000726347847376019
"species_0_contemp_ice_extrap_only",-2.91775875680446,0.000726347847376019
"species_0_contemp_ice_extrap_only",-2.66895752658843,0.000726347847376019
"species_0_contemp_ice_extrap_only",-2.42015629637241,0.000726347847376019
"species_0_contemp_ice_extrap_only",-2.17135506615638,0.000726347847376019
"species_0_contemp_ice_extrap_only",-1.92255383594036,0.000726347847376019
"species_0_contemp_ice_extrap_only",-1.67375260572433,0.000726347847376019
"species_0_contemp_ice_extrap_only",-1.42495137550831,0.000726347847376019
"species_0_contemp_ice_extrap_only",-1.17615014529228,0.000726347847376019
"species_0_contemp_ice_extrap_only",-0.927348915076255,0.000726347847376019
"species_0_contemp_ice_extrap_only",-0.678547684860229,0.000726347847376019
"species_0_contemp_ice_extrap_only",-0.429746454644203,0.000726347847376019
"species_0_contemp_ice_extrap_only",-0.180945224428177,0.000726347847376019
"species_0_contemp_ice_extrap_only",0.0678560057878492,0.000726347847376019
"species_0_contemp_ice_extrap_only",0.316657236003875,0.000726347847376019
"species_0_contemp_ice_extrap_only",0.565458466219901,0.00074199604569003
"species_0_contemp_ice_extrap_only",0.814259696435927,0.000791019410826266
"species_0_contemp_ice_extrap_only",1.06306092665195,0.000843324407469481
"species_0_contemp_ice_extrap_only",1.31186215686798,0.000899133388884366
"species_0_contemp_ice_extrap_only",1.56066338708401,0.000958683784119785
"species_0_contemp_ice_extrap_only",1.80946461730003,0.00102222932036966
"species_0_contemp_ice_extrap_only",2.05826584751606,0.00109004112891853
"species_0_contemp_ice_extrap_only",2.30706707773208,0.00116240873467177
"species_0_contemp_ice_extrap_only",2.55586830794811,0.00123964180238545
"species_0_contemp_ice_extrap_only",2.80466953816413,0.00132207071874291
"species_0_contemp_ice_extrap_only",3.05347076838016,0.00141004892066121
"species_0_contemp_ice_extrap_only",3.30227199859619,0.00150395394302905
"species_0_contemp_ice_extrap_only",3.55107322881221,0.00160418916493654
"species_0_contemp_ice_extrap_only",3.79987445902824,0.0017111855559051
"species_0_contemp_ice_extrap_only",4.04867568924426,0.00182540353853256
"species_0_contemp_ice_extrap_only",4.29747691946029,0.0019473354332149
"species_0_contemp_ice_extrap_only",4.54627814967631,0.00207750708796084
"species_0_contemp_ice_extrap_only",4.79507937989234,0.00221648020669818
"species_0_contemp_ice_extrap_only",5.04388061010837,0.00236485502682626
"species_0_contemp_ice_extrap_only",5.29268184032439,0.00252327276393771
"species_0_contemp_ice_extrap_only",5.54148307054042,0.00269241933710873
"species_0_contemp_ice_extrap_only",5.79028430075644,0.00287302630022168
"species_0_contemp_ice_extrap_only",6.03908553097247,0.00306587596423924
"species_0_contemp_ice_extrap_only",6.2878867611885,0.00327180419117212
"species_0_contemp_ice_extrap_only",6.53668799140452,0.00349170318804681
"species_0_contemp_ice_extrap_only",6.78548922162055,0.003726527094841
"species_0_contemp_ice_extrap_only",7.03429045183657,0.00397729407995939
"species_0_contemp_ice_extrap_only",7.2830916820526,0.00424509169533849
"species_0_contemp_ice_extrap_only",7.53189291226862,0.00453108223155141
"species_0_contemp_ice_extrap_only",7.78069414248465,0.00483650574460626
"species_0_contemp_ice_extrap_only",8.02949537270067,0.00516268750652671
"species_0_contemp_ice_extrap_only",8.2782966029167,0.00551104079931974
"species_0_contemp_ice_extrap_only",8.52709783313273,0.00588307622820139
"species_0_contemp_ice_extrap_only",8.77589906334875,0.00628040498122573
"species_0_contemp_ice_extrap_only",9.02470029356478,0.00670474674552679
"species_0_contemp_ice_extrap_only",9.27350152378081,0.00715793669223785
"species_0_contemp_ice_extrap_only",9.52230275399683,0.00764193246141076
"species_0_contemp_ice_extrap_only",9.77110398421286,0.00815882161259651
"species_0_contemp_ice_extrap_only",10.0199052144289,0.00871083233505487
"species_0_contemp_ice_extrap_only",10.2687064446449,0.00930033717304468
"species_0_contemp_ice_extrap_only",10.5175076748609,0.00992986839264631
"species_0_contemp_ice_extrap_only",10.766308905077,0.0106021212413907
"species_0_contemp_ice_extrap_only",11.015110135293,0.0113199697807431
"species_0_contemp_ice_extrap_only",11.263911365509,0.0120864724740386
"species_0_contemp_ice_extrap_only",11.512712595725,0.0129048880189657
"species_0_contemp_ice_extrap_only",11.7615138259411,0.0137786809355021
"species_0_contemp_ice_extrap_only",12.0103150561571,0.0147115383297205
"species_0_contemp_ice_extrap_only",12.2591162863731,0.0157073829323053
"species_0_contemp_ice_extrap_only",12.5079175165891,0.0167703777551651
"species_0_contemp_ice_extrap_only",12.7567187468052,0.0179049540311098
"species_0_contemp_ice_extrap_only",13.0055199770212,0.0191158056259155
"species_0_contemp_ice_extrap_only",13.2543212072372,0.0204079207032919
"species_0_contemp_ice_extrap_only",13.5031224374532,0.0217865854501724
"species_0_contemp_ice_extrap_only",13.7519236676693,0.023257402703166
"species_0_contemp_ice_extrap_only",14.0007248978853,0.0248262993991375
"species_0_contemp_ice_extrap_only",14.2495261281013,0.0264995526522398
"species_0_contemp_ice_extrap_only",14.4983273583173,0.028283791616559
"species_0_contemp_ice_extrap_only",14.7471285885334,0.0301860217005014
"species_0_contemp_ice_extrap_only",14.9959298187494,0.0322136282920837
"species_0_contemp_ice_extrap_only",15.2447310489654,0.0343743897974491
"species_0_contemp_ice_extrap_only",15.4935322791815,0.0366765037178993
"species_0_contemp_ice_extrap_only",15.7423335093975,0.0391285791993141
"species_0_contemp_ice_extrap_only",15.9911347396135,0.0417396426200867
"species_0_contemp_ice_extrap_only",16.2399359698295,0.0445191785693169
"species_0_contemp_ice_extrap_only",16.4887372000456,0.0451275557279587
"species_0_contemp_ice_extrap_only",16.7375384302616,0.0452830791473389
"species_0_contemp_ice_extrap_only",16.9863396604776,0.0454414524137974
"species_0_contemp_ice_extrap_only",17.2351408906936,0.0456027016043663
"species_0_contemp_ice_extrap_only",17.4839421209097,0.0457668527960777
"species_0_contemp_ice_extrap_only",17.7327433511257,0.0459339320659638
"species_0_contemp_ice_extrap_only",17.9815445813417,0.0461039617657661
"species_0_contemp_ice_extrap_only",18.2303458115577,0.0462769754230976
"species_0_contemp_ice_extrap_only",18.4791470417738,0.0464529953896999
"species_0_contemp_ice_extrap_only",18.7279482719898,0.0466320514678955
"species_0_contemp_ice_extrap_only",18.9767495022058,0.0468141734600067
"species_0_contemp_ice_extrap_only",19.2255507324218,0.0469993874430656
"species_0_contemp_ice_extrap_only",19.4743519626379,0.0471877232193947
"species_0_contemp_ice_extrap_only",19.7231531928539,0.0473792143166065
"species_0_contemp_ice_extrap_only",19.9719544230699,0.047573883086443
"species_0_contemp_ice_extrap_only",20.220755653286,0.0477717705070973
"species_0_contemp_ice_extrap_only",20.469556883502,0.0479729026556015
"species_0_contemp_ice_extrap_only",20.718358113718,0.0481773167848587
"species_0_contemp_ice_extrap_only",20.967159343934,0.0483850389719009
"species_0_contemp_ice_extrap_only",21.21596057415,0.0485961064696312
"species_0_contemp_ice_extrap_only",21.4647618043661,0.0488105528056622
"species_0_contemp_ice_extrap_only",21.7135630345821,0.0490284115076065
"species_0_contemp_ice_extrap_only",21.9623642647981,0.0492497198283672
"species_0_contemp_ice_extrap_only",22.2111654950141,0.0494745150208473
"species_0_contemp_ice_extrap_only",22.4599667252302,0.0497028268873692
"species_0_contemp_ice_extrap_only",22.7087679554462,0.0499347001314163
"species_0_contemp_ice_extrap_only",22.9575691856622,0.0501701682806015
"species_0_contemp_ice_extrap_only",23.2063704158783,0.050409272313118
"species_0_contemp_ice_extrap_only",23.4551716460943,0.0506520494818687
"species_0_contemp_ice_extrap_only",23.7039728763103,0.0508985407650471
"species_0_contemp_ice_extrap_only",23.9527741065263,0.051148783415556
"species_0_contemp_ice_extrap_only",24.2015753367424,0.051402822136879
"species_0_contemp_ice_extrap_only",24.4503765669584,0.0516606979072094
"species_0_contemp_ice_extrap_only",24.6991777971744,0.0519224517047405
"species_0_contemp_ice_extrap_only",24.9479790273904,0.0521881282329559
"species_0_contemp_ice_extrap_only",25.1967802576065,0.0524577721953392
"species_0_contemp_ice_extrap_only",25.4455814878225,0.0527314282953739
"species_0_contemp_ice_extrap_only",25.6943827180385,0.0530091412365437
"species_0_contemp_ice_extrap_only",25.9431839482545,0.0532909519970417
"species_0_contemp_ice_extrap_only",26.1919851784706,0.0535769164562225
"species_0_contemp_ice_extrap_only",26.4407864086866,0.0538670793175697
"species_0_contemp_ice_extrap_only",26.6895876389026,0.0541614852845669
"species_0_contemp_ice_extrap_only",26.9383888691186,0.0544601865112782
"species_0_contemp_ice_extrap_only",27.1871900993347,0.0547632351517677
"species_0_contemp_ice_extrap_only",27.4359913295507,0.0550706759095192
"species_0_contemp_ice_extrap_only",27.6847925597667,0.0553825683891773
"species_0_contemp_ice_extrap_only",27.9335937899827,0.055698961019516
"species_0_contemp_ice_extrap_only",28.1823950201988,0.0560199059545994
"species_0_contemp_ice_extrap_only",28.4311962504148,0.056345459073782
"species_0_contemp_ice_extrap_only",28.6799974806308,0.0566756799817085
"species_0_contemp_ice_extrap_only",28.9287987108468,0.0570106133818626
"species_0_contemp_ice_extrap_only",29.1775999410629,0.0573503263294697
"species_0_contemp_ice_extrap_only",29.4264011712789,0.0576948747038841
"species_0_contemp_ice_extrap_only",29.6752024014949,0.0580443143844604
"species_0_contemp_ice_extrap_only",29.924003631711,0.0583987049758434
"species_0_contemp_ice_extrap_only",30.172804861927,0.0587581135332584
"species_0_contemp_ice_extrap_only",30.421606092143,0.0591225922107697
"species_0_contemp_ice_extrap_only",30.670407322359,0.0594922117888927
"species_0_contemp_ice_extrap_only",30.9192085525751,0.0598670281469822
"species_0_contemp_ice_extrap_only",31.1680097827911,0.0602471120655537
"species_0_contemp_ice_extrap_only",31.4168110130071,0.0606325268745422
"species_0_contemp_ice_extrap_only",31.6656122432231,0.0610233396291733
"species_0_contemp_ice_extrap_only",31.9144134734392,0.0614196173846722
"species_0_contemp_ice_extrap_only",32.1632147036552,0.0618214271962643
"species_0_contemp_ice_extrap_only",32.4120159338712,0.0622288435697556
"species_0_contemp_ice_extrap_only",32.6608171640872,0.0626419261097908
"species_0_contemp_ice_extrap_only",32.9096183943033,0.0630607604980469
"species_0_contemp_ice_extrap_only",33.1584196245193,0.0634854212403297
"species_0_contemp_ice_extrap_only",33.4072208547353,0.0639159679412842
"species_0_contemp_ice_extrap_only",33.6560220849513,0.0643524751067162
"species_0_contemp_ice_extrap_only",33.9048233151674,0.0647950395941734
"species_0_contemp_ice_extrap_only",34.1536245453834,0.0652437210083008
"species_0_contemp_ice_extrap_only",34.4024257755994,0.0656986087560654
"species_0_contemp_ice_extrap_only",34.6512270058154,0.0661597698926926
"species_0_contemp_ice_extrap_only",34.9000282360315,0.0666272938251495
"species_0_contemp_ice_extrap_only",35.1488294662475,0.0671012699604034
"species_0_contemp_ice_extrap_only",35.3976306964635,0.0675817653536797
"species_0_contemp_ice_extrap_only",35.6464319266795,0.0680688694119453
"species_0_contemp_ice_extrap_only",35.8952331568956,0.0685626864433289
"species_0_contemp_ice_extrap_only",36.1440343871116,0.0690632835030556
"species_0_contemp_ice_extrap_only",36.3928356173276,0.0695707574486732
"species_0_contemp_ice_extrap_only",36.6416368475437,0.0700851902365685
"species_0_contemp_ice_extrap_only",36.8904380777597,0.0706066787242889
"species_0_contemp_ice_extrap_only",37.1392393079757,0.0711353272199631
"species_0_contemp_ice_extrap_only",37.3880405381917,0.0716712027788162
"species_0_contemp_ice_extrap_only",37.6368417684078,0.0722144320607185
"species_0_contemp_ice_extrap_only",37.8856429986238,0.072765089571476
"species_0_contemp_ice_extrap_only",38.1344442288398,0.0733232870697975
"species_0_contemp_ice_extrap_only",38.3832454590558,0.0738891065120697
"species_0_contemp_ice_extrap_only",38.6320466892719,0.0744626671075821
"species_0_contemp_ice_extrap_only",38.8808479194879,0.0750440657138824
"species_0_contemp_ice_extrap_only",39.1296491497039,0.0756334066390991
"species_0_contemp_ice_extrap_only",39.3784503799199,0.0762307867407799
"species_0_contemp_ice_extrap_only",39.627251610136,0.0768363252282143
"species_0_contemp_ice_extrap_only",39.876052840352,0.0774501338601112
"species_0_contemp_ice_extrap_only",40.124854070568,0.0780723094940186
"species_0_contemp_ice_extrap_only",40.373655300784,0.0787029638886452
"species_0_contemp_ice_extrap_only",40.6224565310001,0.0793422162532806
"species_0_contemp_ice_extrap_only",40.8712577612161,0.0799901932477951
"species_0_contemp_ice_extrap_only",41.1200589914321,0.0806469917297363
"species_0_contemp_ice_extrap_only",41.3688602216481,0.0813127309083939
"species_0_contemp_ice_extrap_only",41.6176614518642,0.0819875448942184
"species_0_contemp_ice_extrap_only",41.8664626820802,0.082671545445919
"species_0_contemp_ice_extrap_only",42.1152639122962,0.0833648666739464
"species_0_contemp_ice_extrap_only",42.3640651425122,0.0840676054358482
"species_0_contemp_ice_extrap_only",42.6128663727283,0.0847799256443977
"species_0_contemp_ice_extrap_only",42.8616676029443,0.0855019316077232
"species_0_contemp_ice_extrap_only",43.1104688331603,0.0862337574362755
"species_0_contemp_ice_extrap_only",43.3592700633763,0.0869755297899246
"species_0_contemp_ice_extrap_only",43.6080712935924,0.0877273976802826
"species_0_contemp_ice_extrap_only",43.8568725238084,0.0884894877672195
"species_0_contemp_ice_extrap_only",44.1056737540244,0.0892619416117668
"species_0_contemp_ice_extrap_only",44.3544749842404,0.090044878423214
"species_0_contemp_ice_extrap_only",44.6032762144565,0.0908384621143341
"species_0_contemp_ice_extrap_only",44.8520774446725,0.0916428342461586
"species_0_contemp_ice_extrap_only",45.1008786748885,0.0924581289291382
"species_0_contemp_ice_extrap_only",45.3496799051046,0.0932844877243042
"species_0_contemp_ice_extrap_only",45.5984811353206,0.0941220745444298
"species_0_contemp_ice_extrap_only",45.8472823655366,0.0949710309505463
"species_0_contemp_ice_extrap_only",46.0960835957526,0.0958315208554268
"species_0_contemp_ice_extrap_only",46.3448848259687,0.0967036634683609
"species_0_contemp_ice_extrap_only",46.5936860561847,0.0975876599550247
"species_0_contemp_ice_extrap_only",46.8424872864007,0.098483644425869
"species_0_contemp_ice_extrap_only",47.0912885166167,0.0993917733430862
"species_0_contemp_ice_extrap_only",47.3400897468328,0.10031221061945
"species_0_contemp_ice_extrap_only",47.5888909770488,0.101245135068893
"species_0_contemp_ice_extrap_only",47.8376922072648,0.10219069570303
"species_0_contemp_ice_extrap_only",48.0864934374808,0.103149071335793
"species_0_contemp_ice_extrap_only",48.3352946676969,0.104120410978794
"species_0_contemp_ice_extrap_only",48.5840958979129,0.10510491579771
"species_0_contemp_ice_extrap_only",48.8328971281289,0.106102742254734
"species_0_contemp_ice_extrap_only",49.0816983583449,0.107114069163799
"species_0_contemp_ice_extrap_only",49.330499588561,0.108139060437679
"species_0_contemp_ice_extrap_only",49.579300818777,0.109177924692631
"species_0_contemp_ice_extrap_only",49.828102048993,0.110230833292007
"species_0_contemp_ice_extrap_only",50.076903279209,0.111297957599163
"species_0_contemp_ice_extrap_only",50.3257045094251,0.112379476428032
"species_0_contemp_ice_extrap_only",50.5745057396411,0.113475605845451
"species_0_contemp_ice_extrap_only",50.8233069698571,0.114586524665356
"species_0_contemp_ice_extrap_only",51.0721082000732,0.11571241915226
"species_0_contemp_ice_extrap_only",51.3209094302892,0.116853468120098
"species_0_contemp_ice_extrap_only",51.5697106605052,0.118009902536869
"species_0_contemp_ice_extrap_only",51.8185118907212,0.119181901216507
"species_0_contemp_ice_extrap_only",52.0673131209373,0.120369665324688
"species_0_contemp_ice_extrap_only",52.3161143511533,0.121573373675346
"species_0_contemp_ice_extrap_only",52.5649155813693,0.122793279588223
"species_0_contemp_ice_extrap_only",52.8137168115853,0.12402955442667
"species_0_contemp_ice_extrap_only",53.0625180418014,0.125282406806946
"species_0_contemp_ice_extrap_only",53.3113192720174,0.126552045345306
"species_0_contemp_ice_extrap_only",53.5601205022334,0.127838686108589
"species_0_contemp_ice_extrap_only",53.8089217324494,0.129142567515373
"species_0_contemp_ice_extrap_only",54.0577229626655,0.130463868379593
"species_0_contemp_ice_extrap_only",54.3065241928815,0.131802782416344
"species_0_contemp_ice_extrap_only",54.5553254230975,0.133159607648849
"species_0_contemp_ice_extrap_only",54.8041266533135,0.134534507989883
"species_0_contemp_ice_extrap_only",55.0529278835296,0.135927706956863
"species_0_contemp_ice_extrap_only",55.3017291137456,0.137339428067207
"species_0_contemp_ice_extrap_only",55.5505303439616,0.138769924640656
"species_0_contemp_ice_extrap_only",55.7993315741776,0.140219405293465
"species_0_contemp_ice_extrap_only",56.0481328043937,0.141717225313187
"species_0_contemp_ice_extrap_only",56.2969340346097,0.143356993794441
"species_0_contemp_ice_extrap_only",56.5457352648257,0.145302891731262
"species_0_contemp_ice_extrap_only",56.7945364950418,0.147478625178337
"species_0_contemp_ice_extrap_only",57.0433377252578,0.149948716163635
"species_0_contemp_ice_extrap_only",57.2921389554738,0.15270109474659
"species_0_contemp_ice_extrap_only",57.5409401856898,0.1556206792593
"species_0_contemp_ice_extrap_only",57.7897414159059,0.158599406480789
"species_0_contemp_ice_extrap_only",58.0385426461219,0.161631554365158
"species_0_contemp_ice_extrap_only",58.2873438763379,0.164717704057693
"species_0_contemp_ice_extrap_only",58.5361451065539,0.167858555912971
"species_0_contemp_ice_extrap_only",58.78494633677,0.17105470597744
"species_0_contemp_ice_extrap_only",59.033747566986,0.174306705594063
"species_0_contemp_ice_extrap_only",59.282548797202,0.177615135908127
"species_0_contemp_ice_extrap_only",59.531350027418,0.180980637669563
"species_0_contemp_ice_extrap_only",59.780151257634,0.184403732419014
"species_0_contemp_ice_extrap_only",60.0289524878501,0.187884956598282
"species_0_contemp_ice_extrap_only",60.2777537180661,0.191424772143364
"species_0_contemp_ice_extrap_only",60.5265549482821,0.195023790001869
"species_0_contemp_ice_extrap_only",60.7753561784982,0.198682442307472
"species_0_contemp_ice_extrap_only",61.0241574087142,0.202401176095009
"species_0_contemp_ice_extrap_only",61.2729586389302,0.20618037879467
"species_0_contemp_ice_extrap_only",61.5217598691462,0.210020586848259
"species_0_contemp_ice_extrap_only",61.7705610993623,0.21392211318016
"species_0_contemp_ice_extrap_only",62.0193623295783,0.217885330319405
"species_0_contemp_ice_extrap_only",62.2681635597943,0.221910491585732
"species_0_contemp_ice_extrap_only",62.5169647900103,0.225998044013977
"species_0_contemp_ice_extrap_only",62.7657660202264,0.230148166418076
"species_0_contemp_ice_extrap_only",63.0145672504424,0.234361112117767
"species_0_contemp_ice_extrap_only",63.2633684806584,0.238637015223503
"species_0_contemp_ice_extrap_only",63.5121697108744,0.242976158857346
"species_0_contemp_ice_extrap_only",63.7609709410905,0.247378617525101
"species_0_contemp_ice_extrap_only",64.0097721713065,0.251844495534897
"species_0_contemp_ice_extrap_only",64.2585734015225,0.256373792886734
"species_0_contemp_ice_extrap_only",64.5073746317385,0.260966539382935
"species_0_contemp_ice_extrap_only",64.7561758619546,0.265622586011887
"species_0_contemp_ice_extrap_only",65.0049770921706,0.270342081785202
"species_0_contemp_ice_extrap_only",65.2537783223866,0.275124788284302
"species_0_contemp_ice_extrap_only",65.5025795526027,0.279970526695251
"species_0_contemp_ice_extrap_only",65.7513807828187,0.284879058599472
"species_0_contemp_ice_extrap_only",66.0001820130347,0.289850115776062
"species_0_contemp_ice_extrap_only",66.2489832432507,0.294883370399475
"species_0_contemp_ice_extrap_only",66.4977844734668,0.29997843503952
"species_0_contemp_ice_extrap_only",66.7465857036828,0.30513471364975
"species_0_contemp_ice_extrap_only",66.9953869338988,0.310352057218552
"species_0_contemp_ice_extrap_only",67.2441881641148,0.315629750490189
"species_0_contemp_ice_extrap_only",67.4929893943309,0.32096716761589
"species_0_contemp_ice_extrap_only",67.7417906245469,0.326363682746887
"species_0_contemp_ice_extrap_only",67.9905918547629,0.331818550825119
"species_0_contemp_ice_extrap_only",68.2393930849789,0.337330996990204
"species_0_contemp_ice_extrap_only",68.488194315195,0.342900186777115
"species_0_contemp_ice_extrap_only",68.736995545411,0.348525047302246
"species_0_contemp_ice_extrap_only",68.985796775627,0.354204952716827
"species_0_contemp_ice_extrap_only",69.234598005843,0.359938710927963
"species_0_contemp_ice_extrap_only",69.4833992360591,0.365725249052048
"species_0_contemp_ice_extrap_only",69.7322004662751,0.37156343460083
"species_0_contemp_ice_extrap_only",69.9810016964911,0.37745201587677
"species_0_contemp_ice_extrap_only",70.2298029267072,0.383389741182327
"species_0_contemp_ice_extrap_only",70.4786041569232,0.389375299215317
"species_0_contemp_ice_extrap_only",70.7274053871392,0.39540708065033
"species_0_contemp_ice_extrap_only",70.9762066173552,0.401484042406082
"species_0_contemp_ice_extrap_only",71.2250078475712,0.407604426145554
"species_0_contemp_ice_extrap_only",71.4738090777873,0.413766741752625
"species_0_contemp_ice_extrap_only",71.7226103080033,0.419969320297241
"species_0_contemp_ice_extrap_only",71.9714115382193,0.426210463047028
"species_0_contemp_ice_extrap_only",72.2202127684353,0.432488441467285
"species_0_contemp_ice_extrap_only",72.4690139986514,0.438801467418671
"species_0_contemp_ice_extrap_only",72.7178152288674,0.445147514343262
"species_0_contemp_ice_extrap_only",72.9666164590834,0.451525032520294
"species_0_contemp_ice_extrap_only",73.2154176892994,0.457931935787201
"species_0_contemp_ice_extrap_only",73.4642189195155,0.46436619758606
"species_0_contemp_ice_extrap_only",73.7130201497315,0.470825761556625
"species_0_contemp_ice_extrap_only",73.9618213799475,0.477308601140976
"species_0_contemp_ice_extrap_only",74.2106226101636,0.483812570571899
"species_0_contemp_ice_extrap_only",74.4594238403796,0.490335524082184
"species_0_contemp_ice_extrap_only",74.7082250705956,0.496875047683716
"species_0_contemp_ice_extrap_only",74.9570263008116,0.503429293632507
"species_0_contemp_ice_extrap_only",75.2058275310277,0.509995937347412
"species_0_contemp_ice_extrap_only",75.4546287612437,0.516572535037994
"species_0_contemp_ice_extrap_only",75.7034299914597,0.523156881332397
"species_0_contemp_ice_extrap_only",75.9522312216757,0.52974659204483
"species_0_contemp_ice_extrap_only",76.2010324518918,0.536339402198792
"species_0_contemp_ice_extrap_only",76.4498336821078,0.542932987213135
"species_0_contemp_ice_extrap_only",76.6986349123238,0.5495246052742
"species_0_contemp_ice_extrap_only",76.9474361425398,0.556112468242645
"species_0_contemp_ice_extrap_only",77.1962373727559,0.562693953514099
"species_0_contemp_ice_extrap_only",77.4450386029719,0.569266676902771
"species_0_contemp_ice_extrap_only",77.6938398331879,0.575828194618225
"species_0_contemp_ice_extrap_only",77.9426410634039,0.58237624168396
"species_0_contemp_ice_extrap_only",78.19144229362,0.588908493518829
"species_0_contemp_ice_extrap_only",78.440243523836,0.595422506332397
"species_0_contemp_ice_extrap_only",78.689044754052,0.601915776729584
"species_0_contemp_ice_extrap_only",78.937845984268,0.608386516571045
"species_0_contemp_ice_extrap_only",79.1866472144841,0.614832103252411
"species_0_contemp_ice_extrap_only",79.4354484447001,0.621250331401825
"species_0_contemp_ice_extrap_only",79.6842496749161,0.627639055252075
"species_0_contemp_ice_extrap_only",79.9330509051321,0.633995950222015
"species_0_contemp_ice_extrap_only",80.1818521353482,0.640318989753723
"species_0_contemp_ice_extrap_only",80.4306533655642,0.646606028079987
"species_0_contemp_ice_extrap_only",80.6794545957802,0.652854800224304
"species_0_contemp_ice_extrap_only",80.9282558259963,0.659063577651978
"species_0_contemp_ice_extrap_only",81.1770570562123,0.665230333805084
"species_0_contemp_ice_extrap_only",81.4258582864283,0.671353101730347
"species_0_contemp_ice_extrap_only",81.6746595166443,0.677429914474487
"species_0_contemp_ice_extrap_only",81.9234607468604,0.683459103107452
"species_0_contemp_ice_extrap_only",82.1722619770764,0.689438760280609
"species_0_contemp_ice_extrap_only",82.4210632072924,0.695367217063904
"species_0_contemp_ice_extrap_only",82.6698644375084,0.701242744922638
"species_0_contemp_ice_extrap_only",82.9186656677245,0.707063972949982
"species_0_contemp_ice_extrap_only",83.1674668979405,0.712829291820526
"species_0_contemp_ice_extrap_only",83.4162681281565,0.718537271022797
"species_0_contemp_ice_extrap_only",83.6650693583725,0.724186420440674
"species_0_contemp_ice_extrap_only",83.9138705885886,0.729775488376617
"species_0_contemp_ice_extrap_only",84.1626718188046,0.735303223133087
"species_0_contemp_ice_extrap_only",84.4114730490206,0.740768373012543
"species_0_contemp_ice_extrap_only",84.6602742792366,0.746169745922089
"species_0_contemp_ice_extrap_only",84.9090755094527,0.751506507396698
"species_0_contemp_ice_extrap_only",85.1578767396687,0.75677764415741
"species_0_contemp_ice_extrap_only",85.4066779698847,0.761982142925262
"species_0_contemp_ice_extrap_only",85.6554792001007,0.76711916923523
"species_0_contemp_ice_extrap_only",85.9042804303168,0.772187948226929
"species_0_contemp_ice_extrap_only",86.1530816605328,0.777187824249268
"species_0_contemp_ice_extrap_only",86.4018828907488,0.782118141651154
"species_0_contemp_ice_extrap_only",86.6506841209648,0.786978125572205
"species_0_contemp_ice_extrap_only",86.8994853511809,0.791767656803131
"species_0_contemp_ice_extrap_only",87.1482865813969,0.796486079692841
"species_0_contemp_ice_extrap_only",87.3970878116129,0.80113297700882
"species_0_contemp_ice_extrap_only",87.645889041829,0.805708169937134
"species_0_contemp_ice_extrap_only",87.894690272045,0.810211360454559
"species_0_contemp_ice_extrap_only",88.143491502261,0.814642310142517
"species_0_contemp_ice_extrap_only",88.392292732477,0.819000899791718
"species_0_contemp_ice_extrap_only",88.641093962693,0.823286950588226
"species_0_contemp_ice_extrap_only",88.8898951929091,0.827500760555267
"species_0_contemp_ice_extrap_only",89.1386964231251,0.831642150878906
"species_0_contemp_ice_extrap_only",89.3874976533411,0.835711300373077
"species_0_contemp_ice_extrap_only",89.6362988835572,0.839708268642426
"species_0_contemp_ice_extrap_only",89.8851001137732,0.843633353710175
"species_0_contemp_ice_extrap_only",90.1339013439892,0.847486734390259
"species_0_contemp_ice_extrap_only",90.3827025742052,0.85102778673172
"species_0_contemp_ice_extrap_only",90.6315038044213,0.854434549808502
"species_0_contemp_ice_extrap_only",90.8803050346373,0.857783138751984
"species_0_contemp_ice_extrap_only",91.1291062648533,0.861073672771454
"species_0_contemp_ice_extrap_only",91.3779074950693,0.864306449890137
"species_0_contemp_ice_extrap_only",91.6267087252854,0.867481768131256
"species_0_contemp_ice_extrap_only",91.8755099555014,0.870599985122681
"species_0_contemp_ice_extrap_only",92.1243111857174,0.873661458492279
"species_0_contemp_ice_extrap_only",92.3731124159334,0.876666605472565
"species_0_contemp_ice_extrap_only",92.6219136461495,0.879615724086761
"species_0_contemp_ice_extrap_only",92.8707148763655,0.882509469985962
"species_0_contemp_ice_extrap_only",93.1195161065815,0.88534826040268
"species_0_contemp_ice_extrap_only",93.3683173367976,0.888132452964783
"species_0_contemp_ice_extrap_only",93.6171185670136,0.89086264371872
"species_0_contemp_ice_extrap_only",93.8659197972296,0.893539309501648
"species_0_contemp_ice_extrap_only",94.1147210274456,0.896162986755371
"species_0_contemp_ice_extrap_only",94.3635222576617,0.898734271526337
"species_0_contemp_ice_extrap_only",94.6123234878777,0.901253640651703
"species_0_contemp_ice_extrap_only",94.8611247180937,0.903721809387207
"species_0_contemp_ice_extrap_only",95.1099259483097,0.906139254570007
"species_0_contemp_ice_extrap_only",95.3587271785258,0.908506691455841
"species_0_contemp_ice_extrap_only",95.6075284087418,0.910824596881866
"species_0_contemp_ice_extrap_only",95.8563296389578,0.913093745708466
"species_0_contemp_ice_extrap_only",96.1051308691738,0.915314674377441
"species_0_contemp_ice_extrap_only",96.3539320993899,0.917488098144531
"species_0_contemp_ice_extrap_only",96.6027333296059,0.919614553451538
"species_0_contemp_ice_extrap_only",96.8515345598219,0.921694815158844
"species_0_contemp_ice_extrap_only",97.100335790038,0.923729538917542
"species_0_contemp_ice_extrap_only",97.349137020254,0.925719320774078
"species_0_contemp_ice_extrap_only",97.59793825047,0.927664935588837
"species_0_contemp_ice_extrap_only",97.846739480686,0.929566979408264
"species_0_contemp_ice_extrap_only",98.095540710902,0.931426167488098
"species_0_contemp_ice_extrap_only",98.3443419411181,0.933243095874786
"species_0_contemp_ice_extrap_only",98.5931431713341,0.935018539428711
"species_0_contemp_ice_extrap_only",98.8419444015501,0.936440527439117
"species_0_contemp_ice_extrap_only",99.0907456317662,0.937775194644928
"species_0_contemp_ice_extrap_only",99.3395468619822,0.939086854457855
"species_0_contemp_ice_extrap_only",99.5883480921982,0.940375566482544
"species_0_contemp_ice_extrap_only",99.8371493224142,0.941641688346863
"species_0_contemp_ice_extrap_only",100.08595055263,0.94267863035202
"species_0_contemp_ice_extrap_only",100.334751782846,0.943408012390137
"species_0_contemp_ice_extrap_only",100.583553013062,0.94413149356842
"species_0_contemp_ice_extrap_only",100.832354243278,0.944849133491516
"species_0_contemp_ice_extrap_only",101.081155473494,0.945560872554779
"species_0_contemp_ice_extrap_only",101.32995670371,0.946266651153564
"species_0_contemp_ice_extrap_only",101.578757933926,0.946966528892517
"species_0_contemp_ice_extrap_only",101.827559164142,0.947660446166992
"species_0_contemp_ice_extrap_only",102.076360394358,0.948348462581634
"species_0_contemp_ice_extrap_only",102.325161624574,0.949030518531799
"species_0_contemp_ice_extrap_only",102.573962854791,0.949706554412842
"species_0_contemp_ice_extrap_only",102.822764085007,0.950376749038696
"species_0_contemp_ice_extrap_only",103.071565315223,0.951040923595428
"species_0_contemp_ice_extrap_only",103.320366545439,0.951699137687683
"species_0_contemp_ice_extrap_only",103.569167775655,0.95235139131546
"species_0_contemp_ice_extrap_only",103.817969005871,0.952997744083404
"species_0_contemp_ice_extrap_only",104.066770236087,0.953638076782227
"species_0_contemp_ice_extrap_only",104.315571466303,0.953850209712982
"species_0_contemp_ice_extrap_only",104.564372696519,0.953850209712982
"species_0_contemp_ice_extrap_only",104.813173926735,0.953850209712982
"species_0_contemp_ice_extrap_only",105.061975156951,0.953850209712982
"species_0_contemp_ice_extrap_only",105.310776387167,0.953850209712982
"species_0_contemp_ice_extrap_only",105.559577617383,0.953850209712982
"species_0_contemp_ice_extrap_only",105.808378847599,0.953850209712982
"species_0_contemp_ice_extrap_only",106.057180077815,0.953850209712982
"species_0_contemp_ice_extrap_only",106.305981308031,0.953850209712982
"species_0_contemp_ice_extrap_only",106.554782538247,0.953850209712982
"species_0_contemp_ice_extrap_only",106.803583768463,0.953850209712982
"species_0_contemp_ice_extrap_only",107.052384998679,0.953850209712982
"species_0_contemp_ice_extrap_only",107.301186228895,0.953850209712982
"species_0_contemp_ice_extrap_only",107.549987459111,0.953850209712982
"species_0_contemp_ice_extrap_only",107.798788689327,0.953850209712982
"species_0_contemp_ice_extrap_only",108.047589919543,0.953850209712982
"species_0_contemp_ice_extrap_only",108.296391149759,0.953850209712982
"species_0_contemp_ice_extrap_only",108.545192379975,0.953850209712982
"species_0_contemp_ice_extrap_only",108.793993610191,0.953850209712982
"species_0_contemp_ice_extrap_only",109.042794840407,0.953850209712982
"species_0_contemp_ice_extrap_only",109.291596070623,0.953850209712982
"species_0_contemp_ice_extrap_only",109.540397300839,0.953850209712982
"species_0_contemp_ice_extrap_only",109.789198531055,0.953850209712982
"species_0_contemp_ice_extrap_only",110.037999761271,0.953850209712982
"species_0_contemp_ice_extrap_only",110.286800991487,0.953850209712982
"species_0_contemp_ice_extrap_only",110.535602221703,0.953850209712982
"species_0_contemp_ice_extrap_only",110.784403451919,0.953850209712982
"species_0_contemp_ice_extrap_only",111.033204682135,0.953850209712982
"species_0_contemp_ice_extrap_only",111.282005912351,0.953850209712982
"species_0_contemp_ice_extrap_only",111.530807142567,0.953850209712982
"species_0_contemp_ice_extrap_only",111.779608372783,0.953850209712982
"species_0_contemp_ice_extrap_only",112.028409602999,0.953850209712982
"species_0_contemp_ice_extrap_only",112.277210833216,0.953850209712982
"species_0_contemp_ice_extrap_only",112.526012063432,0.953850209712982
"species_0_contemp_ice_extrap_only",112.774813293648,0.953850209712982
"species_0_contemp_ice_extrap_only",113.023614523864,0.953850209712982
"species_0_contemp_ice_extrap_only",113.27241575408,0.953850209712982
"species_0_contemp_ice_extrap_only",113.521216984296,0.953850209712982
"species_0_contemp_ice_extrap_only",113.770018214512,0.953850209712982
"species_0_contemp_ice_extrap_only",114.018819444728,0.953850209712982
"species_0_contemp_ice_extrap_only",114.267620674944,0.953850209712982
"species_0_contemp_ice_extrap_only",114.51642190516,0.953850209712982
"species_0_contemp_ice_extrap",-9.88419320285318,0.00419047847390175
"species_0_contemp_ice_extrap",-9.63539197263716,0.00419047847390175
"species_0_contemp_ice_extrap",-9.38659074242113,0.00419047847390175
"species_0_contemp_ice_extrap",-9.13778951220511,0.00419047847390175
"species_0_contemp_ice_extrap",-8.88898828198908,0.00419047847390175
"species_0_contemp_ice_extrap",-8.64018705177306,0.00419047847390175
"species_0_contemp_ice_extrap",-8.39138582155703,0.00419047847390175
"species_0_contemp_ice_extrap",-8.142584591341,0.00419047847390175
"species_0_contemp_ice_extrap",-7.89378336112498,0.00419047847390175
"species_0_contemp_ice_extrap",-7.64498213090895,0.00419047847390175
"species_0_contemp_ice_extrap",-7.39618090069293,0.00419047847390175
"species_0_contemp_ice_extrap",-7.1473796704769,0.00419047847390175
"species_0_contemp_ice_extrap",-6.89857844026087,0.00419047847390175
"species_0_contemp_ice_extrap",-6.64977721004485,0.00419047847390175
"species_0_contemp_ice_extrap",-6.40097597982882,0.00419047847390175
"species_0_contemp_ice_extrap",-6.1521747496128,0.00419047847390175
"species_0_contemp_ice_extrap",-5.90337351939677,0.00419047847390175
"species_0_contemp_ice_extrap",-5.65457228918075,0.00419047847390175
"species_0_contemp_ice_extrap",-5.40577105896472,0.00419047847390175
"species_0_contemp_ice_extrap",-5.15696982874869,0.00419047847390175
"species_0_contemp_ice_extrap",-4.90816859853267,0.00419047847390175
"species_0_contemp_ice_extrap",-4.65936736831664,0.00419047847390175
"species_0_contemp_ice_extrap",-4.41056613810062,0.00419047847390175
"species_0_contemp_ice_extrap",-4.16176490788459,0.00419047847390175
"species_0_contemp_ice_extrap",-3.91296367766856,0.00419047847390175
"species_0_contemp_ice_extrap",-3.66416244745254,0.00419047847390175
"species_0_contemp_ice_extrap",-3.41536121723651,0.00419047847390175
"species_0_contemp_ice_extrap",-3.16655998702049,0.00419047847390175
"species_0_contemp_ice_extrap",-2.91775875680446,0.00419047847390175
"species_0_contemp_ice_extrap",-2.66895752658843,0.00419047847390175
"species_0_contemp_ice_extrap",-2.42015629637241,0.00419047847390175
"species_0_contemp_ice_extrap",-2.17135506615638,0.00419047847390175
"species_0_contemp_ice_extrap",-1.92255383594036,0.00419047847390175
"species_0_contemp_ice_extrap",-1.67375260572433,0.00419047847390175
"species_0_contemp_ice_extrap",-1.42495137550831,0.00419047847390175
"species_0_contemp_ice_extrap",-1.17615014529228,0.00419047847390175
"species_0_contemp_ice_extrap",-0.927348915076255,0.00419047847390175
"species_0_contemp_ice_extrap",-0.678547684860229,0.00419047847390175
"species_0_contemp_ice_extrap",-0.429746454644203,0.00419047847390175
"species_0_contemp_ice_extrap",-0.180945224428177,0.00419047847390175
"species_0_contemp_ice_extrap",0.0678560057878492,0.00419047847390175
"species_0_contemp_ice_extrap",0.316657236003875,0.00419047847390175
"species_0_contemp_ice_extrap",0.565458466219901,0.00427885726094246
"species_0_contemp_ice_extrap",0.814259696435927,0.00455528451129794
"species_0_contemp_ice_extrap",1.06306092665195,0.00484948232769966
"species_0_contemp_ice_extrap",1.31186215686798,0.00516258226707578
"species_0_contemp_ice_extrap",1.56066338708401,0.00549578526988626
"species_0_contemp_ice_extrap",1.80946461730003,0.00585036771371961
"species_0_contemp_ice_extrap",2.05826584751606,0.00622768420726061
"species_0_contemp_ice_extrap",2.30706707773208,0.00662917317822576
"species_0_contemp_ice_extrap",2.55586830794811,0.00705636152997613
"species_0_contemp_ice_extrap",2.80466953816413,0.00751086976379156
"species_0_contemp_ice_extrap",3.05347076838016,0.00799441803246737
"species_0_contemp_ice_extrap",3.30227199859619,0.00850883033126593
"species_0_contemp_ice_extrap",3.55107322881221,0.00905604101717472
"species_0_contemp_ice_extrap",3.79987445902824,0.00963810086250305
"species_0_contemp_ice_extrap",4.04867568924426,0.0102571835741401
"species_0_contemp_ice_extrap",4.29747691946029,0.0109155951067805
"species_0_contemp_ice_extrap",4.54627814967631,0.0116157736629248
"species_0_contemp_ice_extrap",4.79507937989234,0.0123603027313948
"species_0_contemp_ice_extrap",5.04388061010837,0.0131519194692373
"species_0_contemp_ice_extrap",5.29268184032439,0.0139935174956918
"species_0_contemp_ice_extrap",5.54148307054042,0.0148881562054157
"species_0_contemp_ice_extrap",5.79028430075644,0.0158390738070011
"species_0_contemp_ice_extrap",6.03908553097247,0.0168496873229742
"species_0_contemp_ice_extrap",6.2878867611885,0.0179236084222794
"species_0_contemp_ice_extrap",6.53668799140452,0.019064649939537
"species_0_contemp_ice_extrap",6.78548922162055,0.0202768314629793
"species_0_contemp_ice_extrap",7.03429045183657,0.0215643923729658
"species_0_contemp_ice_extrap",7.2830916820526,0.0229317992925644
"species_0_contemp_ice_extrap",7.53189291226862,0.0243837516754866
"species_0_contemp_ice_extrap",7.78069414248465,0.0259251985698938
"species_0_contemp_ice_extrap",8.02949537270067,0.0275613348931074
"species_0_contemp_ice_extrap",8.2782966029167,0.02929762378335
"species_0_contemp_ice_extrap",8.52709783313273,0.0311397910118103
"species_0_contemp_ice_extrap",8.77589906334875,0.0330938398838043
"species_0_contemp_ice_extrap",9.02470029356478,0.0351660586893559
"species_0_contemp_ice_extrap",9.27350152378081,0.0373630151152611
"species_0_contemp_ice_extrap",9.52230275399683,0.0396915785968304
"species_0_contemp_ice_extrap",9.77110398421286,0.0421589091420174
"species_0_contemp_ice_extrap",10.0199052144289,0.0447724647819996
"species_0_contemp_ice_extrap",10.2687064446449,0.0475400015711784
"species_0_contemp_ice_extrap",10.5175076748609,0.0504695661365986
"species_0_contemp_ice_extrap",10.766308905077,0.0535695105791092
"species_0_contemp_ice_extrap",11.015110135293,0.0568484589457512
"species_0_contemp_ice_extrap",11.263911365509,0.0603153221309185
"species_0_contemp_ice_extrap",11.512712595725,0.063979260623455
"species_0_contemp_ice_extrap",11.7615138259411,0.0678497031331062
"species_0_contemp_ice_extrap",12.0103150561571,0.0719362944364548
"species_0_contemp_ice_extrap",12.2591162863731,0.0762488916516304
"species_0_contemp_ice_extrap",12.5079175165891,0.080797515809536
"species_0_contemp_ice_extrap",12.7567187468052,0.0855923518538475
"species_0_contemp_ice_extrap",13.0055199770212,0.0906436666846275
"species_0_contemp_ice_extrap",13.2543212072372,0.0959618017077446
"species_0_contemp_ice_extrap",13.5031224374532,0.101557113230228
"species_0_contemp_ice_extrap",13.7519236676693,0.107439905405045
"species_0_contemp_ice_extrap",14.0007248978853,0.11362037062645
"species_0_contemp_ice_extrap",14.2495261281013,0.120108515024185
"species_0_contemp_ice_extrap",14.4983273583173,0.126914113759995
"species_0_contemp_ice_extrap",14.7471285885334,0.134046584367752
"species_0_contemp_ice_extrap",14.9959298187494,0.141514927148819
"species_0_contemp_ice_extrap",15.2447310489654,0.149327605962753
"species_0_contemp_ice_extrap",15.4935322791815,0.157492473721504
"species_0_contemp_ice_extrap",15.7423335093975,0.166016653180122
"species_0_contemp_ice_extrap",15.9911347396135,0.17490641772747
"species_0_contemp_ice_extrap",16.2399359698295,0.184167131781578
"species_0_contemp_ice_extrap",16.4887372000456,0.185706987977028
"species_0_contemp_ice_extrap",16.7375384302616,0.185706987977028
"species_0_contemp_ice_extrap",16.9863396604776,0.185706987977028
"species_0_contemp_ice_extrap",17.2351408906936,0.185706987977028
"species_0_contemp_ice_extrap",17.4839421209097,0.185706987977028
"species_0_contemp_ice_extrap",17.7327433511257,0.185706987977028
"species_0_contemp_ice_extrap",17.9815445813417,0.185706987977028
"species_0_contemp_ice_extrap",18.2303458115577,0.185706987977028
"species_0_contemp_ice_extrap",18.4791470417738,0.185706987977028
"species_0_contemp_ice_extrap",18.7279482719898,0.185706987977028
"species_0_contemp_ice_extrap",18.9767495022058,0.185706987977028
"species_0_contemp_ice_extrap",19.2255507324218,0.185706987977028
"species_0_contemp_ice_extrap",19.4743519626379,0.185706987977028
"species_0_contemp_ice_extrap",19.7231531928539,0.185706987977028
"species_0_contemp_ice_extrap",19.9719544230699,0.185706987977028
"species_0_contemp_ice_extrap",20.220755653286,0.185706987977028
"species_0_contemp_ice_extrap",20.469556883502,0.185706987977028
"species_0_contemp_ice_extrap",20.718358113718,0.185706987977028
"species_0_contemp_ice_extrap",20.967159343934,0.185706987977028
"species_0_contemp_ice_extrap",21.21596057415,0.185706987977028
"species_0_contemp_ice_extrap",21.4647618043661,0.185706987977028
"species_0_contemp_ice_extrap",21.7135630345821,0.185706987977028
"species_0_contemp_ice_extrap",21.9623642647981,0.185706987977028
"species_0_contemp_ice_extrap",22.2111654950141,0.185706987977028
"species_0_contemp_ice_extrap",22.4599667252302,0.185706987977028
"species_0_contemp_ice_extrap",22.7087679554462,0.185706987977028
"species_0_contemp_ice_extrap",22.9575691856622,0.185706987977028
"species_0_contemp_ice_extrap",23.2063704158783,0.185706987977028
"species_0_contemp_ice_extrap",23.4551716460943,0.185706987977028
"species_0_contemp_ice_extrap",23.7039728763103,0.185706987977028
"species_0_contemp_ice_extrap",23.9527741065263,0.185706987977028
"species_0_contemp_ice_extrap",24.2015753367424,0.185706987977028
"species_0_contemp_ice_extrap",24.4503765669584,0.185706987977028
"species_0_contemp_ice_extrap",24.6991777971744,0.185706987977028
"species_0_contemp_ice_extrap",24.9479790273904,0.185706987977028
"species_0_contemp_ice_extrap",25.1967802576065,0.185706987977028
"species_0_contemp_ice_extrap",25.4455814878225,0.185706987977028
"species_0_contemp_ice_extrap",25.6943827180385,0.185706987977028
"species_0_contemp_ice_extrap",25.9431839482545,0.185706987977028
"species_0_contemp_ice_extrap",26.1919851784706,0.185706987977028
"species_0_contemp_ice_extrap",26.4407864086866,0.185706987977028
"species_0_contemp_ice_extrap",26.6895876389026,0.185706987977028
"species_0_contemp_ice_extrap",26.9383888691186,0.185706987977028
"species_0_contemp_ice_extrap",27.1871900993347,0.185706987977028
"species_0_contemp_ice_extrap",27.4359913295507,0.185706987977028
"species_0_contemp_ice_extrap",27.6847925597667,0.185706987977028
"species_0_contemp_ice_extrap",27.9335937899827,0.185706987977028
"species_0_contemp_ice_extrap",28.1823950201988,0.185706987977028
"species_0_contemp_ice_extrap",28.4311962504148,0.185706987977028
"species_0_contemp_ice_extrap",28.6799974806308,0.185706987977028
"species_0_contemp_ice_extrap",28.9287987108468,0.185706987977028
"species_0_contemp_ice_extrap",29.1775999410629,0.185706987977028
"species_0_contemp_ice_extrap",29.4264011712789,0.185706987977028
"species_0_contemp_ice_extrap",29.6752024014949,0.185706987977028
"species_0_contemp_ice_extrap",29.924003631711,0.185706987977028
"species_0_contemp_ice_extrap",30.172804861927,0.185706987977028
"species_0_contemp_ice_extrap",30.421606092143,0.185706987977028
"species_0_contemp_ice_extrap",30.670407322359,0.185706987977028
"species_0_contemp_ice_extrap",30.9192085525751,0.185706987977028
"species_0_contemp_ice_extrap",31.1680097827911,0.185706987977028
"species_0_contemp_ice_extrap",31.4168110130071,0.185706987977028
"species_0_contemp_ice_extrap",31.6656122432231,0.185706987977028
"species_0_contemp_ice_extrap",31.9144134734392,0.185706987977028
"species_0_contemp_ice_extrap",32.1632147036552,0.185706987977028
"species_0_contemp_ice_extrap",32.4120159338712,0.185706987977028
"species_0_contemp_ice_extrap",32.6608171640872,0.185706987977028
"species_0_contemp_ice_extrap",32.9096183943033,0.185706987977028
"species_0_contemp_ice_extrap",33.1584196245193,0.185706987977028
"species_0_contemp_ice_extrap",33.4072208547353,0.185706987977028
"species_0_contemp_ice_extrap",33.6560220849513,0.185706987977028
"species_0_contemp_ice_extrap",33.9048233151674,0.185706987977028
"species_0_contemp_ice_extrap",34.1536245453834,0.185706987977028
"species_0_contemp_ice_extrap",34.4024257755994,0.185706987977028
"species_0_contemp_ice_extrap",34.6512270058154,0.185706987977028
"species_0_contemp_ice_extrap",34.9000282360315,0.185706987977028
"species_0_contemp_ice_extrap",35.1488294662475,0.185706987977028
"species_0_contemp_ice_extrap",35.3976306964635,0.185706987977028
"species_0_contemp_ice_extrap",35.6464319266795,0.185706987977028
"species_0_contemp_ice_extrap",35.8952331568956,0.185706987977028
"species_0_contemp_ice_extrap",36.1440343871116,0.185706987977028
"species_0_contemp_ice_extrap",36.3928356173276,0.185706987977028
"species_0_contemp_ice_extrap",36.6416368475437,0.185706987977028
"species_0_contemp_ice_extrap",36.8904380777597,0.185706987977028
"species_0_contemp_ice_extrap",37.1392393079757,0.185706987977028
"species_0_contemp_ice_extrap",37.3880405381917,0.185706987977028
"species_0_contemp_ice_extrap",37.6368417684078,0.185706987977028
"species_0_contemp_ice_extrap",37.8856429986238,0.185706987977028
"species_0_contemp_ice_extrap",38.1344442288398,0.185706987977028
"species_0_contemp_ice_extrap",38.3832454590558,0.185706987977028
"species_0_contemp_ice_extrap",38.6320466892719,0.185706987977028
"species_0_contemp_ice_extrap",38.8808479194879,0.185706987977028
"species_0_contemp_ice_extrap",39.1296491497039,0.185706987977028
"species_0_contemp_ice_extrap",39.3784503799199,0.185706987977028
"species_0_contemp_ice_extrap",39.627251610136,0.185706987977028
"species_0_contemp_ice_extrap",39.876052840352,0.185706987977028
"species_0_contemp_ice_extrap",40.124854070568,0.185706987977028
"species_0_contemp_ice_extrap",40.373655300784,0.185706987977028
"species_0_contemp_ice_extrap",40.6224565310001,0.185706987977028
"species_0_contemp_ice_extrap",40.8712577612161,0.185706987977028
"species_0_contemp_ice_extrap",41.1200589914321,0.185706987977028
"species_0_contemp_ice_extrap",41.3688602216481,0.185706987977028
"species_0_contemp_ice_extrap",41.6176614518642,0.185706987977028
"species_0_contemp_ice_extrap",41.8664626820802,0.185706987977028
"species_0_contemp_ice_extrap",42.1152639122962,0.185706987977028
"species_0_contemp_ice_extrap",42.3640651425122,0.185706987977028
"species_0_contemp_ice_extrap",42.6128663727283,0.185706987977028
"species_0_contemp_ice_extrap",42.8616676029443,0.185706987977028
"species_0_contemp_ice_extrap",43.1104688331603,0.185706987977028
"species_0_contemp_ice_extrap",43.3592700633763,0.185706987977028
"species_0_contemp_ice_extrap",43.6080712935924,0.185706987977028
"species_0_contemp_ice_extrap",43.8568725238084,0.185706987977028
"species_0_contemp_ice_extrap",44.1056737540244,0.185706987977028
"species_0_contemp_ice_extrap",44.3544749842404,0.185706987977028
"species_0_contemp_ice_extrap",44.6032762144565,0.185706987977028
"species_0_contemp_ice_extrap",44.8520774446725,0.185706987977028
"species_0_contemp_ice_extrap",45.1008786748885,0.185706987977028
"species_0_contemp_ice_extrap",45.3496799051046,0.185706987977028
"species_0_contemp_ice_extrap",45.5984811353206,0.185706987977028
"species_0_contemp_ice_extrap",45.8472823655366,0.185706987977028
"species_0_contemp_ice_extrap",46.0960835957526,0.185706987977028
"species_0_contemp_ice_extrap",46.3448848259687,0.185706987977028
"species_0_contemp_ice_extrap",46.5936860561847,0.185706987977028
"species_0_contemp_ice_extrap",46.8424872864007,0.185706987977028
"species_0_contemp_ice_extrap",47.0912885166167,0.185706987977028
"species_0_contemp_ice_extrap",47.3400897468328,0.185706987977028
"species_0_contemp_ice_extrap",47.5888909770488,0.185706987977028
"species_0_contemp_ice_extrap",47.8376922072648,0.185706987977028
"species_0_contemp_ice_extrap",48.0864934374808,0.185706987977028
"species_0_contemp_ice_extrap",48.3352946676969,0.185706987977028
"species_0_contemp_ice_extrap",48.5840958979129,0.185706987977028
"species_0_contemp_ice_extrap",48.8328971281289,0.185706987977028
"species_0_contemp_ice_extrap",49.0816983583449,0.185706987977028
"species_0_contemp_ice_extrap",49.330499588561,0.185706987977028
"species_0_contemp_ice_extrap",49.579300818777,0.185706987977028
"species_0_contemp_ice_extrap",49.828102048993,0.185706987977028
"species_0_contemp_ice_extrap",50.076903279209,0.185706987977028
"species_0_contemp_ice_extrap",50.3257045094251,0.185706987977028
"species_0_contemp_ice_extrap",50.5745057396411,0.185706987977028
"species_0_contemp_ice_extrap",50.8233069698571,0.185706987977028
"species_0_contemp_ice_extrap",51.0721082000732,0.185706987977028
"species_0_contemp_ice_extrap",51.3209094302892,0.185706987977028
"species_0_contemp_ice_extrap",51.5697106605052,0.185706987977028
"species_0_contemp_ice_extrap",51.8185118907212,0.185706987977028
"species_0_contemp_ice_extrap",52.0673131209373,0.185706987977028
"species_0_contemp_ice_extrap",52.3161143511533,0.185706987977028
"species_0_contemp_ice_extrap",52.5649155813693,0.185706987977028
"species_0_contemp_ice_extrap",52.8137168115853,0.185706987977028
"species_0_contemp_ice_extrap",53.0625180418014,0.185706987977028
"species_0_contemp_ice_extrap",53.3113192720174,0.185706987977028
"species_0_contemp_ice_extrap",53.5601205022334,0.185706987977028
"species_0_contemp_ice_extrap",53.8089217324494,0.185706987977028
"species_0_contemp_ice_extrap",54.0577229626655,0.185706987977028
"species_0_contemp_ice_extrap",54.3065241928815,0.185706987977028
"species_0_contemp_ice_extrap",54.5553254230975,0.185706987977028
"species_0_contemp_ice_extrap",54.8041266533135,0.185706987977028
"species_0_contemp_ice_extrap",55.0529278835296,0.185706987977028
"species_0_contemp_ice_extrap",55.3017291137456,0.185706987977028
"species_0_contemp_ice_extrap",55.5505303439616,0.185706987977028
"species_0_contemp_ice_extrap",55.7993315741776,0.185706987977028
"species_0_contemp_ice_extrap",56.0481328043937,0.185706987977028
"species_0_contemp_ice_extrap",56.2969340346097,0.185706987977028
"species_0_contemp_ice_extrap",56.5457352648257,0.185706987977028
"species_0_contemp_ice_extrap",56.7945364950418,0.185706987977028
"species_0_contemp_ice_extrap",57.0433377252578,0.185706987977028
"species_0_contemp_ice_extrap",57.2921389554738,0.185706987977028
"species_0_contemp_ice_extrap",57.5409401856898,0.185706987977028
"species_0_contemp_ice_extrap",57.7897414159059,0.185706987977028
"species_0_contemp_ice_extrap",58.0385426461219,0.185706987977028
"species_0_contemp_ice_extrap",58.2873438763379,0.185706987977028
"species_0_contemp_ice_extrap",58.5361451065539,0.185706987977028
"species_0_contemp_ice_extrap",58.78494633677,0.185706987977028
"species_0_contemp_ice_extrap",59.033747566986,0.185706987977028
"species_0_contemp_ice_extrap",59.282548797202,0.185706987977028
"species_0_contemp_ice_extrap",59.531350027418,0.185706987977028
"species_0_contemp_ice_extrap",59.780151257634,0.185706987977028
"species_0_contemp_ice_extrap",60.0289524878501,0.185706987977028
"species_0_contemp_ice_extrap",60.2777537180661,0.185706987977028
"species_0_contemp_ice_extrap",60.5265549482821,0.185706987977028
"species_0_contemp_ice_extrap",60.7753561784982,0.185706987977028
"species_0_contemp_ice_extrap",61.0241574087142,0.185706987977028
"species_0_contemp_ice_extrap",61.2729586389302,0.185706987977028
"species_0_contemp_ice_extrap",61.5217598691462,0.185706987977028
"species_0_contemp_ice_extrap",61.7705610993623,0.185706987977028
"species_0_contemp_ice_extrap",62.0193623295783,0.185834228992462
"species_0_contemp_ice_extrap",62.2681635597943,0.186731085181236
"species_0_contemp_ice_extrap",62.5169647900103,0.187698498368263
"species_0_contemp_ice_extrap",62.7657660202264,0.18874803185463
"species_0_contemp_ice_extrap",63.0145672504424,0.189990222454071
"species_0_contemp_ice_extrap",63.2633684806584,0.191273912787437
"species_0_contemp_ice_extrap",63.5121697108744,0.192828044295311
"species_0_contemp_ice_extrap",63.7609709410905,0.194391772150993
"species_0_contemp_ice_extrap",64.0097721713065,0.195965096354485
"species_0_contemp_ice_extrap",64.2585734015225,0.197548031806946
"species_0_contemp_ice_extrap",64.5073746317385,0.199140593409538
"species_0_contemp_ice_extrap",64.7561758619546,0.200742721557617
"species_0_contemp_ice_extrap",65.0049770921706,0.202354550361633
"species_0_contemp_ice_extrap",65.2537783223866,0.203976005315781
"species_0_contemp_ice_extrap",65.5025795526027,0.20560710132122
"species_0_contemp_ice_extrap",65.7513807828187,0.207247853279114
"species_0_contemp_ice_extrap",66.0001820130347,0.2088982462883
"species_0_contemp_ice_extrap",66.2489832432507,0.210558295249939
"species_0_contemp_ice_extrap",66.4977844734668,0.212228000164032
"species_0_contemp_ice_extrap",66.7465857036828,0.213907301425934
"species_0_contemp_ice_extrap",66.9953869338988,0.215596318244934
"species_0_contemp_ice_extrap",67.2441881641148,0.217294976115227
"species_0_contemp_ice_extrap",67.4929893943309,0.219003275036812
"species_0_contemp_ice_extrap",67.7417906245469,0.220721215009689
"species_0_contemp_ice_extrap",67.9905918547629,0.22244881093502
"species_0_contemp_ice_extrap",68.2393930849789,0.224186018109322
"species_0_contemp_ice_extrap",68.488194315195,0.225932866334915
"species_0_contemp_ice_extrap",68.736995545411,0.227689266204834
"species_0_contemp_ice_extrap",68.985796775627,0.229455336928368
"species_0_contemp_ice_extrap",69.234598005843,0.231230989098549
"species_0_contemp_ice_extrap",69.4833992360591,0.233016237616539
"species_0_contemp_ice_extrap",69.7322004662751,0.234811067581177
"species_0_contemp_ice_extrap",69.9810016964911,0.23661544919014
"species_0_contemp_ice_extrap",70.2298029267072,0.238429367542267
"species_0_contemp_ice_extrap",70.4786041569232,0.240252822637558
"species_0_contemp_ice_extrap",70.7274053871392,0.242085739970207
"species_0_contemp_ice_extrap",70.9762066173552,0.243928208947182
"species_0_contemp_ice_extrap",71.2250078475712,0.245780140161514
"species_0_contemp_ice_extrap",71.4738090777873,0.247641533613205
"species_0_contemp_ice_extrap",71.7226103080033,0.249512359499931
"species_0_contemp_ice_extrap",71.9714115382193,0.251392602920532
"species_0_contemp_ice_extrap",72.2202127684353,0.253282219171524
"species_0_contemp_ice_extrap",72.4690139986514,0.255181193351746
"species_0_contemp_ice_extrap",72.7178152288674,0.257089465856552
"species_0_contemp_ice_extrap",72.9666164590834,0.259007096290588
"species_0_contemp_ice_extrap",73.2154176892994,0.260933995246887
"species_0_contemp_ice_extrap",73.4642189195155,0.262870162725449
"species_0_contemp_ice_extrap",73.7130201497315,0.264815539121628
"species_0_contemp_ice_extrap",73.9618213799475,0.266770094633102
"species_0_contemp_ice_extrap",74.2106226101636,0.268733829259872
"species_0_contemp_ice_extrap",74.4594238403796,0.270706653594971
"species_0_contemp_ice_extrap",74.7082250705956,0.272688508033752
"species_0_contemp_ice_extrap",74.9570263008116,0.274679481983185
"species_0_contemp_ice_extrap",75.2058275310277,0.276679456233978
"species_0_contemp_ice_extrap",75.4546287612437,0.278688371181488
"species_0_contemp_ice_extrap",75.7034299914597,0.280706256628036
"species_0_contemp_ice_extrap",75.9522312216757,0.282732993364334
"species_0_contemp_ice_extrap",76.2010324518918,0.284768581390381
"species_0_contemp_ice_extrap",76.4498336821078,0.286812961101532
"species_0_contemp_ice_extrap",76.6986349123238,0.288866013288498
"species_0_contemp_ice_extrap",76.9474361425398,0.290927857160568
"species_0_contemp_ice_extrap",77.1962373727559,0.292998343706131
"species_0_contemp_ice_extrap",77.4450386029719,0.295077443122864
"species_0_contemp_ice_extrap",77.6938398331879,0.297165066003799
"species_0_contemp_ice_extrap",77.9426410634039,0.299261212348938
"species_0_contemp_ice_extrap",78.19144229362,0.301365792751312
"species_0_contemp_ice_extrap",78.440243523836,0.3034787774086
"species_0_contemp_ice_extrap",78.689044754052,0.305600017309189
"species_0_contemp_ice_extrap",78.937845984268,0.307729601860046
"species_0_contemp_ice_extrap",79.1866472144841,0.309867411851883
"species_0_contemp_ice_extrap",79.4354484447001,0.312013387680054
"species_0_contemp_ice_extrap",79.6842496749161,0.314167439937592
"species_0_contemp_ice_extrap",79.9330509051321,0.316329538822174
"species_0_contemp_ice_extrap",80.1818521353482,0.318499594926834
"species_0_contemp_ice_extrap",80.4306533655642,0.320677548646927
"species_0_contemp_ice_extrap",80.6794545957802,0.322863280773163
"species_0_contemp_ice_extrap",80.9282558259963,0.325056880712509
"species_0_contemp_ice_extrap",81.1770570562123,0.327258139848709
"species_0_contemp_ice_extrap",81.4258582864283,0.329467058181763
"species_0_contemp_ice_extrap",81.6746595166443,0.33168351650238
"species_0_contemp_ice_extrap",81.9234607468604,0.333907455205917
"species_0_contemp_ice_extrap",82.1722619770764,0.336138814687729
"species_0_contemp_ice_extrap",82.4210632072924,0.338377505540848
"species_0_contemp_ice_extrap",82.6698644375084,0.340623408555984
"species_0_contemp_ice_extrap",82.9186656677245,0.342876553535461
"species_0_contemp_ice_extrap",83.1674668979405,0.345136791467667
"species_0_contemp_ice_extrap",83.4162681281565,0.347404032945633
"species_0_contemp_ice_extrap",83.6650693583725,0.349678248167038
"species_0_contemp_ice_extrap",83.9138705885886,0.351959317922592
"species_0_contemp_ice_extrap",84.1626718188046,0.354247152805328
"species_0_contemp_ice_extrap",84.4114730490206,0.356541663408279
"species_0_contemp_ice_extrap",84.6602742792366,0.358842730522156
"species_0_contemp_ice_extrap",84.9090755094527,0.36115038394928
"species_0_contemp_ice_extrap",85.1578767396687,0.363464444875717
"species_0_contemp_ice_extrap",85.4066779698847,0.365784853696823
"species_0_contemp_ice_extrap",85.6554792001007,0.36811152100563
"species_0_contemp_ice_extrap",85.9042804303168,0.37044432759285
"species_0_contemp_ice_extrap",86.1530816605328,0.372783213853836
"species_0_contemp_ice_extrap",86.4018828907488,0.3751280605793
"species_0_contemp_ice_extrap",86.6506841209648,0.377478688955307
"species_0_contemp_ice_extrap",86.8994853511809,0.379835188388824
"species_0_contemp_ice_extrap",87.1482865813969,0.382197350263596
"species_0_contemp_ice_extrap",87.3970878116129,0.384565114974976
"species_0_contemp_ice_extrap",87.645889041829,0.386938333511352
"species_0_contemp_ice_extrap",87.894690272045,0.389316946268082
"species_0_contemp_ice_extrap",88.143491502261,0.391700863838196
"species_0_contemp_ice_extrap",88.392292732477,0.394089937210083
"species_0_contemp_ice_extrap",88.641093962693,0.396483987569809
"species_0_contemp_ice_extrap",88.8898951929091,0.398883104324341
"species_0_contemp_ice_extrap",89.1386964231251,0.401287078857422
"species_0_contemp_ice_extrap",89.3874976533411,0.403695821762085
"species_0_contemp_ice_extrap",89.6362988835572,0.40610921382904
"species_0_contemp_ice_extrap",89.8851001137732,0.408527135848999
"species_0_contemp_ice_extrap",90.1339013439892,0.410949498414993
"species_0_contemp_ice_extrap",90.3827025742052,0.413376212120056
"species_0_contemp_ice_extrap",90.6315038044213,0.415807038545609
"species_0_contemp_ice_extrap",90.8803050346373,0.418242037296295
"species_0_contemp_ice_extrap",91.1291062648533,0.420681029558182
"species_0_contemp_ice_extrap",91.3779074950693,0.423123925924301
"species_0_contemp_ice_extrap",91.6267087252854,0.425570547580719
"species_0_contemp_ice_extrap",91.8755099555014,0.428020864725113
"species_0_contemp_ice_extrap",92.1243111857174,0.430474698543549
"species_0_contemp_ice_extrap",92.3731124159334,0.432931929826737
"species_0_contemp_ice_extrap",92.6219136461495,0.435392409563065
"species_0_contemp_ice_extrap",92.8707148763655,0.437856137752533
"species_0_contemp_ice_extrap",93.1195161065815,0.44032296538353
"species_0_contemp_ice_extrap",93.3683173367976,0.44279271364212
"species_0_contemp_ice_extrap",93.6171185670136,0.445265293121338
"species_0_contemp_ice_extrap",93.8659197972296,0.447740614414215
"species_0_contemp_ice_extrap",94.1147210274456,0.450218498706818
"species_0_contemp_ice_extrap",94.3635222576617,0.452698856592178
"species_0_contemp_ice_extrap",94.6123234878777,0.455181509256363
"species_0_contemp_ice_extrap",94.8611247180937,0.457666456699371
"species_0_contemp_ice_extrap",95.1099259483097,0.460153520107269
"species_0_contemp_ice_extrap",95.3587271785258,0.462642550468445
"species_0_contemp_ice_extrap",95.6075284087418,0.465133458375931
"species_0_contemp_ice_extrap",95.8563296389578,0.467626124620438
"species_0_contemp_ice_extrap",96.1051308691738,0.470120370388031
"species_0_contemp_ice_extrap",96.3539320993899,0.472616136074066
"species_0_contemp_ice_extrap",96.6027333296059,0.475113183259964
"species_0_contemp_ice_extrap",96.8515345598219,0.477611541748047
"species_0_contemp_ice_extrap",97.100335790038,0.480111062526703
"species_0_contemp_ice_extrap",97.349137020254,0.482611536979675
"species_0_contemp_ice_extrap",97.59793825047,0.485112905502319
"species_0_contemp_ice_extrap",97.846739480686,0.487614989280701
"species_0_contemp_ice_extrap",98.095540710902,0.490117728710175
"species_0_contemp_ice_extrap",98.3443419411181,0.492620944976807
"species_0_contemp_ice_extrap",98.5931431713341,0.495124459266663
"species_0_contemp_ice_extrap",98.8419444015501,0.497628301382065
"species_0_contemp_ice_extrap",99.0907456317662,0.500132262706757
"species_0_contemp_ice_extrap",99.3395468619822,0.502636194229126
"species_0_contemp_ice_extrap",99.5883480921982,0.505140006542206
"species_0_contemp_ice_extrap",99.8371493224142,0.507643580436707
"species_0_contemp_ice_extrap",100.08595055263,0.510146737098694
"species_0_contemp_ice_extrap",100.334751782846,0.512649416923523
"species_0_contemp_ice_extrap",100.583553013062,0.515151381492615
"species_0_contemp_ice_extrap",100.832354243278,0.517652630805969
"species_0_contemp_ice_extrap",101.081155473494,0.520153045654297
"species_0_contemp_ice_extrap",101.32995670371,0.522652387619019
"species_0_contemp_ice_extrap",101.578757933926,0.525150656700134
"species_0_contemp_ice_extrap",101.827559164142,0.52764767408371
"species_0_contemp_ice_extrap",102.076360394358,0.530143260955811
"species_0_contemp_ice_extrap",102.325161624574,0.532637357711792
"species_0_contemp_ice_extrap",102.573962854791,0.535129725933075
"species_0_contemp_ice_extrap",102.822764085007,0.537620484828949
"species_0_contemp_ice_extrap",103.071565315223,0.540109276771545
"species_0_contemp_ice_extrap",103.320366545439,0.542596161365509
"species_0_contemp_ice_extrap",103.569167775655,0.545080840587616
"species_0_contemp_ice_extrap",103.817969005871,0.547563314437866
"species_0_contemp_ice_extrap",104.066770236087,0.55004346370697
"species_0_contemp_ice_extrap",104.315571466303,0.550869584083557
"species_0_contemp_ice_extrap",104.564372696519,0.550869584083557
"species_0_contemp_ice_extrap",104.813173926735,0.550869584083557
"species_0_contemp_ice_extrap",105.061975156951,0.550869584083557
"species_0_contemp_ice_extrap",105.310776387167,0.550869584083557
"species_0_contemp_ice_extrap",105.559577617383,0.550869584083557
"species_0_contemp_ice_extrap",105.808378847599,0.550869584083557
"species_0_contemp_ice_extrap",106.057180077815,0.550869584083557
"species_0_contemp_ice_extrap",106.305981308031,0.550869584083557
"species_0_contemp_ice_extrap",106.554782538247,0.550869584083557
"species_0_contemp_ice_extrap",106.803583768463,0.550869584083557
"species_0_contemp_ice_extrap",107.052384998679,0.550869584083557
"species_0_contemp_ice_extrap",107.301186228895,0.550869584083557
"species_0_contemp_ice_extrap",107.549987459111,0.550869584083557
"species_0_contemp_ice_extrap",107.798788689327,0.550869584083557
"species_0_contemp_ice_extrap",108.047589919543,0.550869584083557
"species_0_contemp_ice_extrap",108.296391149759,0.550869584083557
"species_0_contemp_ice_extrap",108.545192379975,0.550869584083557
"species_0_contemp_ice_extrap",108.793993610191,0.550869584083557
"species_0_contemp_ice_extrap",109.042794840407,0.550869584083557
"species_0_contemp_ice_extrap",109.291596070623,0.550869584083557
"species_0_contemp_ice_extrap",109.540397300839,0.550869584083557
"species_0_contemp_ice_extrap",109.789198531055,0.550869584083557
"species_0_contemp_ice_extrap",110.037999761271,0.550869584083557
"species_0_contemp_ice_extrap",110.286800991487,0.550869584083557
"species_0_contemp_ice_extrap",110.535602221703,0.550869584083557
"species_0_contemp_ice_extrap",110.784403451919,0.550869584083557
"species_0_contemp_ice_extrap",111.033204682135,0.550869584083557
"species_0_contemp_ice_extrap",111.282005912351,0.550869584083557
"species_0_contemp_ice_extrap",111.530807142567,0.550869584083557
"species_0_contemp_ice_extrap",111.779608372783,0.550869584083557
"species_0_contemp_ice_extrap",112.028409602999,0.550869584083557
"species_0_contemp_ice_extrap",112.277210833216,0.550869584083557
"species_0_contemp_ice_extrap",112.526012063432,0.550869584083557
"species_0_contemp_ice_extrap",112.774813293648,0.550869584083557
"species_0_contemp_ice_extrap",113.023614523864,0.550869584083557
"species_0_contemp_ice_extrap",113.27241575408,0.550869584083557
"species_0_contemp_ice_extrap",113.521216984296,0.550869584083557
"species_0_contemp_ice_extrap",113.770018214512,0.550869584083557
"species_0_contemp_ice_extrap",114.018819444728,0.550869584083557
"species_0_contemp_ice_extrap",114.267620674944,0.550869584083557
"species_0_contemp_ice_extrap",114.51642190516,0.550869584083557
"species_0_fetch_only",-7213.11907348633,0.879725694656372
"species_0_fetch_only",-7024.74874550781,0.879725694656372
"species_0_fetch_only",-6836.3784175293,0.879725694656372
"species_0_fetch_only",-6648.00808955078,0.879725694656372
"species_0_fetch_only",-6459.63776157227,0.879725694656372
"species_0_fetch_only",-6271.26743359375,0.879725694656372
"species_0_fetch_only",-6082.89710561523,0.879725694656372
"species_0_fetch_only",-5894.52677763672,0.879725694656372
"species_0_fetch_only",-5706.1564496582,0.879725694656372
"species_0_fetch_only",-5517.78612167969,0.879725694656372
"species_0_fetch_only",-5329.41579370117,0.879725694656372
"species_0_fetch_only",-5141.04546572266,0.879725694656372
"species_0_fetch_only",-4952.67513774414,0.879725694656372
"species_0_fetch_only",-4764.30480976562,0.879725694656372
"species_0_fetch_only",-4575.93448178711,0.879725694656372
"species_0_fetch_only",-4387.56415380859,0.879725694656372
"species_0_fetch_only",-4199.19382583008,0.879725694656372
"species_0_fetch_only",-4010.82349785156,0.879725694656372
"species_0_fetch_only",-3822.45316987305,0.879725694656372
"species_0_fetch_only",-3634.08284189453,0.879725694656372
"species_0_fetch_only",-3445.71251391602,0.879725694656372
"species_0_fetch_only",-3257.3421859375,0.879725694656372
"species_0_fetch_only",-3068.97185795898,0.879725694656372
"species_0_fetch_only",-2880.60152998047,0.879725694656372
"species_0_fetch_only",-2692.23120200195,0.879725694656372
"species_0_fetch_only",-2503.86087402344,0.879725694656372
"species_0_fetch_only",-2315.49054604492,0.879725694656372
"species_0_fetch_only",-2127.12021806641,0.879725694656372
"species_0_fetch_only",-1938.74989008789,0.879725694656372
"species_0_fetch_only",-1750.37956210938,0.879725694656372
"species_0_fetch_only",-1562.00923413086,0.879725694656372
"species_0_fetch_only",-1373.63890615234,0.879725694656372
"species_0_fetch_only",-1185.26857817383,0.879725694656372
"species_0_fetch_only",-996.898250195311,0.879725694656372
"species_0_fetch_only",-808.527922216796,0.879725694656372
"species_0_fetch_only",-620.157594238281,0.879725694656372
"species_0_fetch_only",-431.787266259766,0.879725694656372
"species_0_fetch_only",-243.41693828125,0.879725694656372
"species_0_fetch_only",-55.0466103027338,0.879725694656372
"species_0_fetch_only",133.323717675781,0.879725694656372
"species_0_fetch_only",321.694045654297,0.879725694656372
"species_0_fetch_only",510.064373632814,0.879725694656372
"species_0_fetch_only",698.434701611329,0.901406407356262
"species_0_fetch_only",886.805029589845,0.922101676464081
"species_0_fetch_only",1075.17535756836,0.917710959911346
"species_0_fetch_only",1263.54568554688,0.913096070289612
"species_0_fetch_only",1451.91601352539,0.908248245716095
"species_0_fetch_only",1640.28634150391,0.903158664703369
"species_0_fetch_only",1828.65666948242,0.897818565368652
"species_0_fetch_only",2017.02699746094,0.892219066619873
"species_0_fetch_only",2205.39732543946,0.886351644992828
"species_0_fetch_only",2393.76765341797,0.880207657814026
"species_0_fetch_only",2582.13798139648,0.873778760433197
"species_0_fetch_only",2770.508309375,0.867057025432587
"species_0_fetch_only",2958.87863735352,0.860034644603729
"species_0_fetch_only",3147.24896533203,0.852704346179962
"species_0_fetch_only",3335.61929331055,0.845059275627136
"species_0_fetch_only",3523.98962128906,0.837093234062195
"species_0_fetch_only",3712.35994926758,0.828800618648529
"species_0_fetch_only",3900.7302772461,0.820176541805267
"species_0_fetch_only",4089.10060522461,0.81121701002121
"species_0_fetch_only",4277.47093320313,0.801918864250183
"species_0_fetch_only",4465.84126118164,0.79228001832962
"species_0_fetch_only",4654.21158916016,0.782299518585205
"species_0_fetch_only",4842.58191713867,0.771977424621582
"species_0_fetch_only",5030.95224511719,0.761315286159515
"species_0_fetch_only",5219.32257309571,0.75031578540802
"species_0_fetch_only",5407.69290107422,0.73898321390152
"species_0_fetch_only",5596.06322905274,0.727323234081268
"species_0_fetch_only",5784.43355703125,0.715342998504639
"species_0_fetch_only",5972.80388500977,0.703051328659058
"species_0_fetch_only",6161.17421298828,0.690458476543427
"species_0_fetch_only",6349.5445409668,0.67757660150528
"species_0_fetch_only",6537.91486894531,0.664419174194336
"species_0_fetch_only",6726.28519692383,0.651001334190369
"species_0_fetch_only",6914.65552490235,0.63733983039856
"species_0_fetch_only",7103.02585288086,0.623452961444855
"species_0_fetch_only",7291.39618085938,0.609360158443451
"species_0_fetch_only",7479.76650883789,0.595082521438599
"species_0_fetch_only",7668.13683681641,0.58064216375351
"species_0_fetch_only",7856.50716479492,0.566062331199646
"species_0_fetch_only",8044.87749277344,0.551367342472076
"species_0_fetch_only",8233.24782075196,0.536581993103027
"species_0_fetch_only",8421.61814873047,0.521732151508331
"species_0_fetch_only",8609.98847670899,0.506843745708466
"species_0_fetch_only",8798.3588046875,0.491943210363388
"species_0_fetch_only",8986.72913266602,0.47705689072609
"species_0_fetch_only",9175.09946064453,0.462211310863495
"species_0_fetch_only",9363.46978862305,0.447432428598404
"species_0_fetch_only",9551.84011660156,0.432745844125748
"species_0_fetch_only",9740.21044458008,0.418176531791687
"species_0_fetch_only",9928.5807725586,0.403748512268066
"species_0_fetch_only",10116.9511005371,0.389485120773315
"species_0_fetch_only",10305.3214285156,0.375408351421356
"species_0_fetch_only",10493.6917564941,0.362387895584107
"species_0_fetch_only",10682.0620844727,0.350431114435196
"species_0_fetch_only",10870.4324124512,0.33879941701889
"species_0_fetch_only",11058.8027404297,0.327823221683502
"species_0_fetch_only",11247.1730684082,0.319330900907516
"species_0_fetch_only",11435.5433963867,0.311246871948242
"species_0_fetch_only",11623.9137243652,0.303834706544876
"species_0_fetch_only",11812.2840523438,0.296926438808441
"species_0_fetch_only",12000.6543803223,0.291416376829147
"species_0_fetch_only",12189.0247083008,0.288023442029953
"species_0_fetch_only",12377.3950362793,0.284654170274734
"species_0_fetch_only",12565.7653642578,0.281308710575104
"species_0_fetch_only",12754.1356922363,0.277987331151962
"species_0_fetch_only",12942.5060202148,0.2746901512146
"species_0_fetch_only",13130.8763481934,0.271417379379272
"species_0_fetch_only",13319.2466761719,0.268169194459915
"species_0_fetch_only",13507.6170041504,0.26494574546814
"species_0_fetch_only",13695.9873321289,0.261747181415558
"species_0_fetch_only",13884.3576601074,0.258573651313782
"species_0_fetch_only",14072.7279880859,0.255425274372101
"species_0_fetch_only",14261.0983160645,0.252302169799805
"species_0_fetch_only",14449.468644043,0.249204501509666
"species_0_fetch_only",14637.8389720215,0.246132344007492
"species_0_fetch_only",14826.2093,0.24308580160141
"species_0_fetch_only",15014.5796279785,0.240064933896065
"species_0_fetch_only",15202.949955957,0.237069875001907
"species_0_fetch_only",15391.3202839355,0.23410065472126
"species_0_fetch_only",15579.6906119141,0.231157377362251
"species_0_fetch_only",15768.0609398926,0.228240057826042
"species_0_fetch_only",15956.4312678711,0.225348755717278
"species_0_fetch_only",16144.8015958496,0.222483545541763
"species_0_fetch_only",16333.1719238281,0.2196444272995
"species_0_fetch_only",16521.5422518066,0.216831415891647
"species_0_fetch_only",16709.9125797852,0.214044585824013
"species_0_fetch_only",16898.2829077637,0.211283877491951
"species_0_fetch_only",17086.6532357422,0.208549365401268
"species_0_fetch_only",17275.0235637207,0.205840975046158
"species_0_fetch_only",17463.3938916992,0.203158721327782
"species_0_fetch_only",17651.7642196777,0.200502634048462
"species_0_fetch_only",17840.1345476562,0.197872623801231
"species_0_fetch_only",18028.5048756348,0.195268705487251
"species_0_fetch_only",18216.8752036133,0.192690789699554
"species_0_fetch_only",18405.2455315918,0.190138876438141
"species_0_fetch_only",18593.6158595703,0.187612920999527
"species_0_fetch_only",18781.9861875488,0.185112833976746
"species_0_fetch_only",18970.3565155273,0.182638570666313
"species_0_fetch_only",19158.7268435059,0.180190101265907
"species_0_fetch_only",19347.0971714844,0.177767276763916
"species_0_fetch_only",19535.4674994629,0.175370097160339
"species_0_fetch_only",19723.8378274414,0.172998413443565
"species_0_fetch_only",19912.2081554199,0.170652166008949
"species_0_fetch_only",20100.5784833984,0.168331280350685
"species_0_fetch_only",20288.948811377,0.166035622358322
"species_0_fetch_only",20477.3191393555,0.163765132427216
"species_0_fetch_only",20665.689467334,0.161519646644592
"species_0_fetch_only",20854.0597953125,0.159299090504646
"species_0_fetch_only",21042.430123291,0.157103359699249
"species_0_fetch_only",21230.8004512695,0.154932305216789
"species_0_fetch_only",21419.170779248,0.152785822749138
"species_0_fetch_only",21607.5411072266,0.150663763284683
"species_0_fetch_only",21795.9114352051,0.148566007614136
"species_0_fetch_only",21984.2817631836,0.146492451429367
"species_0_fetch_only",22172.6520911621,0.144442901015282
"species_0_fetch_only",22361.0224191406,0.142417252063751
"species_0_fetch_only",22549.3927471191,0.140415340662003
"species_0_fetch_only",22737.7630750977,0.138437017798424
"species_0_fetch_only",22926.1334030762,0.136482164263725
"species_0_fetch_only",23114.5037310547,0.134550586342812
"species_0_fetch_only",23302.8740590332,0.132642135024071
"species_0_fetch_only",23491.2443870117,0.130756691098213
"species_0_fetch_only",23679.6147149902,0.128894045948982
"species_0_fetch_only",23867.9850429688,0.127054080367088
"species_0_fetch_only",24056.3553709473,0.125236585736275
"species_0_fetch_only",24244.7256989258,0.123441405594349
"species_0_fetch_only",24433.0960269043,0.12166839838028
"species_0_fetch_only",24621.4663548828,0.11991736292839
"species_0_fetch_only",24809.8366828613,0.118188142776489
"species_0_fetch_only",24998.2070108398,0.116480551660061
"species_0_fetch_only",25186.5773388184,0.114794410765171
"species_0_fetch_only",25374.9476667969,0.113129578530788
"species_0_fetch_only",25563.3179947754,0.111485831439495
"species_0_fetch_only",25751.6883227539,0.109863020479679
"species_0_fetch_only",25940.0586507324,0.108260937035084
"species_0_fetch_only",26128.4289787109,0.106679424643517
"species_0_fetch_only",26316.7993066895,0.105118297040462
"species_0_fetch_only",26505.169634668,0.103577360510826
"species_0_fetch_only",26693.5399626465,0.102056443691254
"species_0_fetch_only",26881.910290625,0.100555345416069
"species_0_fetch_only",27070.2806186035,0.0990738868713379
"species_0_fetch_only",27258.650946582,0.0976118966937065
"species_0_fetch_only",27447.0212745606,0.0961691737174988
"species_0_fetch_only",27635.3916025391,0.0947455242276192
"species_0_fetch_only",27823.7619305176,0.0933407917618752
"species_0_fetch_only",28012.1322584961,0.0919547602534294
"species_0_fetch_only",28200.5025864746,0.0905872657895088
"species_0_fetch_only",28388.8729144531,0.0892380923032761
"species_0_fetch_only",28577.2432424317,0.087907075881958
"species_0_fetch_only",28765.6135704102,0.0865940302610397
"species_0_fetch_only",28953.9838983887,0.0852987542748451
"species_0_fetch_only",29142.3542263672,0.084021084010601
"species_0_fetch_only",29330.7245543457,0.0827608108520508
"species_0_fetch_only",29519.0948823242,0.08151775598526
"species_0_fetch_only",29707.4652103027,0.080291748046875
"species_0_fetch_only",29895.8355382813,0.079082578420639
"species_0_fetch_only",30084.2058662598,0.0778900906443596
"species_0_fetch_only",30272.5761942383,0.0767140761017799
"species_0_fetch_only",30460.9465222168,0.0755543559789658
"species_0_fetch_only",30649.3168501953,0.0744107738137245
"species_0_fetch_only",30837.6871781738,0.0732831135392189
"species_0_fetch_only",31026.0575061523,0.072171226143837
"species_0_fetch_only",31214.4278341309,0.0710748955607414
"species_0_fetch_only",31402.7981621094,0.0699939653277397
"species_0_fetch_only",31591.1684900879,0.0689282715320587
"species_0_fetch_only",31779.5388180664,0.0678775981068611
"species_0_fetch_only",31967.9091460449,0.0668418109416962
"species_0_fetch_only",32156.2794740234,0.0658206939697266
"species_0_fetch_only",32344.649802002,0.0648140981793404
"species_0_fetch_only",32533.0201299805,0.0638218596577644
"species_0_fetch_only",32721.390457959,0.0628437697887421
"species_0_fetch_only",32909.7607859375,0.0618796870112419
"species_0_fetch_only",33098.131113916,0.0609294287860394
"species_0_fetch_only",33286.5014418945,0.0599928498268127
"species_0_fetch_only",33474.8717698731,0.0590697415173054
"species_0_fetch_only",33663.2420978516,0.0581599585711956
"species_0_fetch_only",33851.6124258301,0.0572633370757103
"species_0_fetch_only",34039.9827538086,0.056379709392786
"species_0_fetch_only",34228.3530817871,0.0555089339613914
"species_0_fetch_only",34416.7234097656,0.0546508096158504
"species_0_fetch_only",34605.0937377441,0.0538051947951317
"species_0_fetch_only",34793.4640657227,0.0529719330370426
"species_0_fetch_only",34981.8343937012,0.0521508641541004
"species_0_fetch_only",35170.2047216797,0.0513418465852737
"species_0_fetch_only",35358.5750496582,0.0505446940660477
"species_0_fetch_only",35546.9453776367,0.0497592687606812
"species_0_fetch_only",35735.3157056152,0.0489854216575623
"species_0_fetch_only",35923.6860335938,0.0482229962944985
"species_0_fetch_only",36112.0563615723,0.0474718622863293
"species_0_fetch_only",36300.4266895508,0.0467318370938301
"species_0_fetch_only",36488.7970175293,0.0460027903318405
"species_0_fetch_only",36677.1673455078,0.0452845767140388
"species_0_fetch_only",36865.5376734863,0.0445770546793938
"species_0_fetch_only",37053.9080014648,0.0438800901174545
"species_0_fetch_only",37242.2783294434,0.0431935153901577
"species_0_fetch_only",37430.6486574219,0.0425172075629234
"species_0_fetch_only",37619.0189854004,0.0418510288000107
"species_0_fetch_only",37807.3893133789,0.0411948338150978
"species_0_fetch_only",37995.7596413574,0.0405485071241856
"species_0_fetch_only",38184.129969336,0.0399118848145008
"species_0_fetch_only",38372.5002973145,0.0392848514020443
"species_0_fetch_only",38560.870625293,0.038667269051075
"species_0_fetch_only",38749.2409532715,0.038059014827013
"species_0_fetch_only",38937.61128125,0.0374599657952785
"species_0_fetch_only",39125.9816092285,0.0368699692189694
"species_0_fetch_only",39314.351937207,0.036288920789957
"species_0_fetch_only",39502.7222651855,0.0357166863977909
"species_0_fetch_only",39691.0925931641,0.0351531468331814
"species_0_fetch_only",39879.4629211426,0.0345981791615486
"species_0_fetch_only",40067.8332491211,0.034051675349474
"species_0_fetch_only",40256.2035770996,0.0335134901106358
"species_0_fetch_only",40444.5739050781,0.0329835265874863
"species_0_fetch_only",40632.9442330567,0.0324616581201553
"species_0_fetch_only",40821.3145610352,0.031947772949934
"species_0_fetch_only",41009.6848890137,0.0314417704939842
"species_0_fetch_only",41198.0552169922,0.0309435166418552
"species_0_fetch_only",41386.4255449707,0.030452910810709
"species_0_fetch_only",41574.7958729492,0.0299698412418365
"species_0_fetch_only",41763.1662009277,0.0294942017644644
"species_0_fetch_only",41951.5365289063,0.0290258955210447
"species_0_fetch_only",42139.9068568848,0.0285647958517075
"species_0_fetch_only",42328.2771848633,0.0281108096241951
"species_0_fetch_only",42516.6475128418,0.0276638325303793
"species_0_fetch_only",42705.0178408203,0.027223763987422
"species_0_fetch_only",42893.3881687988,0.0267905127257109
"species_0_fetch_only",43081.7584967774,0.0263639595359564
"species_0_fetch_only",43270.1288247559,0.0259440168738365
"species_0_fetch_only",43458.4991527344,0.0255305897444487
"species_0_fetch_only",43646.8694807129,0.0251235775649548
"species_0_fetch_only",43835.2398086914,0.0247229002416134
"species_0_fetch_only",44023.6101366699,0.0243284441530704
"species_0_fetch_only",44211.9804646484,0.0239401273429394
"species_0_fetch_only",44400.350792627,0.023557860404253
"species_0_fetch_only",44588.7211206055,0.0231815502047539
"species_0_fetch_only",44777.091448584,0.0228111203759909
"species_0_fetch_only",44965.4617765625,0.0224464647471905
"species_0_fetch_only",45153.832104541,0.0220875069499016
"species_0_fetch_only",45342.2024325195,0.0217341631650925
"species_0_fetch_only",45530.5727604981,0.0213863477110863
"species_0_fetch_only",45718.9430884766,0.0210439842194319
"species_0_fetch_only",45907.3134164551,0.0207069795578718
"species_0_fetch_only",46095.6837444336,0.0203752610832453
"species_0_fetch_only",46284.0540724121,0.0200487449765205
"species_0_fetch_only",46472.4244003906,0.0197273585945368
"species_0_fetch_only",46660.7947283691,0.019411027431488
"species_0_fetch_only",46849.1650563477,0.0190996620804071
"species_0_fetch_only",47037.5353843262,0.0187931973487139
"species_0_fetch_only",47225.9057123047,0.0184915568679571
"species_0_fetch_only",47414.2760402832,0.018194667994976
"species_0_fetch_only",47602.6463682617,0.0179024655371904
"species_0_fetch_only",47791.0166962402,0.0176148638129234
"species_0_fetch_only",47979.3870242188,0.0173318032175303
"species_0_fetch_only",48167.7573521973,0.0170532111078501
"species_0_fetch_only",48356.1276801758,0.0167790204286575
"species_0_fetch_only",48544.4980081543,0.0165091697126627
"species_0_fetch_only",48732.8683361328,0.0162435825914145
"species_0_fetch_only",48921.2386641113,0.0159821975976229
"species_0_fetch_only",49109.6089920899,0.0157249514013529
"species_0_fetch_only",49297.9793200684,0.015471781603992
"species_0_fetch_only",49486.3496480469,0.0152226248756051
"species_0_fetch_only",49674.7199760254,0.0149774234741926
"species_0_fetch_only",49863.0903040039,0.014736108481884
"species_0_fetch_only",50051.4606319824,0.0144986240193248
"species_0_fetch_only",50239.830959961,0.0142649114131927
"species_0_fetch_only",50428.2012879395,0.0140349129214883
"species_0_fetch_only",50616.571615918,0.0138085745275021
"species_0_fetch_only",50804.9419438965,0.0135858319699764
"species_0_fetch_only",50993.312271875,0.0133666340261698
"species_0_fetch_only",51181.6825998535,0.0131509248167276
"species_0_fetch_only",51370.052927832,0.0129386521875858
"species_0_fetch_only",51558.4232558106,0.0127297649160028
"species_0_fetch_only",51746.7935837891,0.0125242033973336
"species_0_fetch_only",51935.1639117676,0.0123219201341271
"species_0_fetch_only",52123.5342397461,0.0121228629723191
"species_0_fetch_only",52311.9045677246,0.0119269834831357
"species_0_fetch_only",52500.2748957031,0.0117342351004481
"species_0_fetch_only",52688.6452236817,0.0115445619449019
"species_0_fetch_only",52877.0155516602,0.0113672995939851
"species_0_fetch_only",53065.3858796387,0.0112024061381817
"species_0_fetch_only",53253.7562076172,0.0110583286732435
"species_0_fetch_only",53442.1265355957,0.0109366830438375
"species_0_fetch_only",53630.4968635742,0.010857286863029
"species_0_fetch_only",53818.8671915527,0.0107956882566214
"species_0_fetch_only",54007.2375195313,0.0107344361022115
"species_0_fetch_only",54195.6078475098,0.0106735276058316
"species_0_fetch_only",54383.9781754883,0.0106129618361592
"species_0_fetch_only",54572.3485034668,0.0105527341365814
"species_0_fetch_only",54760.7188314453,0.0104928454384208
"species_0_fetch_only",54949.0891594238,0.0104332929477096
"species_0_fetch_only",55137.4594874024,0.0103740748018026
"species_0_fetch_only",55325.8298153809,0.0103151910007
"species_0_fetch_only",55514.2001433594,0.0102566359564662
"species_0_fetch_only",55702.5704713379,0.0101984106004238
"species_0_fetch_only",55890.9407993164,0.0101405121386051
"species_0_fetch_only",56079.3111272949,0.010082938708365
"species_0_fetch_only",56267.6814552734,0.0100256903097034
"species_0_fetch_only",56456.051783252,0.0099687622860074
"species_0_fetch_only",56644.4221112305,0.00991215463727713
"species_0_fetch_only",56832.792439209,0.00985586550086737
"species_0_fetch_only",57021.1627671875,0.0097998920828104
"species_0_fetch_only",57209.533095166,0.00974423531442881
"species_0_fetch_only",57397.9034231445,0.00968888960778713
"species_0_fetch_only",57586.2737511231,0.00963385589420795
"species_0_fetch_only",57774.6440791016,0.00957913137972355
"species_0_fetch_only",57963.0144070801,0.00952471420168877
"species_0_fetch_only",58151.3847350586,0.00947060529142618
"species_0_fetch_only",58339.7550630371,0.00941679906100035
"species_0_fetch_only",58528.1253910156,0.00936329644173384
"species_0_fetch_only",58716.4957189942,0.00931009370833635
"species_0_fetch_only",58904.8660469727,0.00925719179213047
"species_0_fetch_only",59093.2363749512,0.00920458696782589
"species_0_fetch_only",59281.6067029297,0.00915227923542261
"species_0_fetch_only",59469.9770309082,0.00910026580095291
"species_0_fetch_only",59658.3473588867,0.00904854387044907
"species_0_fetch_only",59846.7176868652,0.00899711437523365
"species_0_fetch_only",60035.0880148438,0.00894597452133894
"species_0_fetch_only",60223.4583428223,0.00889512337744236
"species_0_fetch_only",60411.8286708008,0.00884455721825361
"species_0_fetch_only",60600.1989987793,0.00879427697509527
"species_0_fetch_only",60788.5693267578,0.00874427985399961
"species_0_fetch_only",60976.9396547363,0.00869456399232149
"species_0_fetch_only",61165.3099827148,0.0086451293900609
"species_0_fetch_only",61353.6803106934,0.00859597232192755
"species_0_fetch_only",61542.0506386719,0.00854709278792143
"species_0_fetch_only",61730.4209666504,0.0084984889253974
"species_0_fetch_only",61918.7912946289,0.0084501588717103
"species_0_fetch_only",62107.1616226074,0.00840210169553757
"species_0_fetch_only",62295.5319505859,0.00835431553423405
"species_0_fetch_only",62483.9022785645,0.00830679852515459
"species_0_fetch_only",62672.272606543,0.00825954880565405
"species_0_fetch_only",62860.6429345215,0.00821256637573242
"species_0_fetch_only",63049.0132625,0.00816585030406713
"species_0_fetch_only",63237.3835904785,0.00811939593404531
"species_0_fetch_only",63425.753918457,0.00807320419698954
"species_0_fetch_only",63614.1242464356,0.00802727323025465
"species_0_fetch_only",63802.4945744141,0.00798160117119551
"species_0_fetch_only",63990.8649023926,0.00793618801981211
"species_0_fetch_only",64179.2352303711,0.00789103005081415
"species_0_fetch_only",64367.6055583496,0.00784612726420164
"species_0_fetch_only",64555.9758863281,0.00780147826299071
"species_0_fetch_only",64744.3462143066,0.00775708071887493
"species_0_fetch_only",64932.7165422852,0.00771293509751558
"species_0_fetch_only",65121.0868702637,0.00766903767362237
"species_0_fetch_only",65309.4571982422,0.00762538844719529
"species_0_fetch_only",65497.8275262207,0.0075819855555892
"species_0_fetch_only",65686.1978541992,0.00753882899880409
"species_0_fetch_only",65874.5681821777,0.0074959141202271
"species_0_fetch_only",66062.9385101563,0.00745324371382594
"species_0_fetch_only",66251.3088381348,0.00741081219166517
"species_0_fetch_only",66439.6791661133,0.0073686228133738
"species_0_fetch_only",66628.0494940918,0.00732667138800025
"species_0_fetch_only",66816.4198220703,0.00728495558723807
"species_0_fetch_only",67004.7901500488,0.00724347680807114
"species_0_fetch_only",67193.1604780273,0.00720223132520914
"species_0_fetch_only",67381.5308060059,0.00716122053563595
"species_0_fetch_only",67569.9011339844,0.00712044164538383
"species_0_fetch_only",67758.2714619629,0.00707989139482379
"species_0_fetch_only",67946.6417899414,0.00703957211226225
"species_0_fetch_only",68135.0121179199,0.00699947960674763
"species_0_fetch_only",68323.3824458984,0.00695961527526379
"species_0_fetch_only",68511.752773877,0.006919976323843
"species_0_fetch_only",68700.1231018555,0.00688055995851755
"species_0_fetch_only",68888.493429834,0.00684136804193258
"species_0_fetch_only",69076.8637578125,0.00680239638313651
"species_0_fetch_only",69265.234085791,0.00675570452585816
"species_0_fetch_only",69453.6044137695,0.00670409947633743
"species_0_fetch_only",69641.974741748,0.00665288418531418
"species_0_fetch_only",69830.3450697266,0.00660205911844969
"species_0_fetch_only",70018.7153977051,0.00655161775648594
"species_0_fetch_only",70207.0857256836,0.00650156149640679
"species_0_fetch_only",70395.4560536621,0.00645188521593809
"species_0_fetch_only",70583.8263816406,0.00640258379280567
"species_0_fetch_only",70772.1967096191,0.00635365908965468
"species_0_fetch_only",70960.5670375977,0.00630510319024324
"species_0_fetch_only",71148.9373655762,0.00625691842287779
"species_0_fetch_only",71337.3076935547,0.00620909966528416
"species_0_fetch_only",71525.6780215332,0.00616164226084948
"species_0_fetch_only",71714.0483495117,0.00611454714089632
"species_0_fetch_only",71902.4186774902,0.00606780778616667
"species_0_fetch_only",72090.7890054687,0.00602142559364438
"species_0_fetch_only",72279.1593334473,0.0059753954410553
"species_0_fetch_only",72467.5296614258,0.00592971360310912
"species_0_fetch_only",72655.8999894043,0.00588438054546714
"species_0_fetch_only",72844.2703173828,0.00583939021453261
"species_0_fetch_only",73032.6406453613,0.00579474400728941
"species_0_fetch_only",73221.0109733399,0.00575043680146337
"species_0_fetch_only",73409.3813013184,0.00570646487176418
"species_0_fetch_only",73597.7516292969,0.00566282914951444
"species_0_fetch_only",73786.1219572754,0.0056195231154561
"species_0_fetch_only",73974.4922852539,0.00557654816657305
"species_0_fetch_only",74162.8626132324,0.00553390011191368
"species_0_fetch_only",74351.2329412109,0.00549157476052642
"species_0_fetch_only",74539.6032691895,0.00544957304373384
"species_0_fetch_only",74727.973597168,0.00540788937360048
"species_0_fetch_only",74916.3439251465,0.00536652421578765
"species_0_fetch_only",75104.714253125,0.00532547384500504
"species_0_fetch_only",75293.0845811035,0.00528473407030106
"species_0_fetch_only",75481.454909082,0.00524430582299829
"species_0_fetch_only",75669.8252370606,0.00520418398082256
"species_0_fetch_only",75858.1955650391,0.00516436854377389
"species_0_fetch_only",76046.5658930176,0.00512485671788454
"species_0_fetch_only",76234.9362209961,0.00508564384654164
"species_0_fetch_only",76423.3065489746,0.00504673132672906
"species_0_fetch_only",76611.6768769531,0.00500811310485005
"species_0_fetch_only",76800.0472049316,0.00496979057788849
"species_0_fetch_only",76988.4175329102,0.00493176002055407
"species_0_fetch_only",77176.7878608887,0.0048940172418952
"species_0_fetch_only",77365.1581888672,0.00485656363889575
"species_0_fetch_only",77553.5285168457,0.00481939362362027
"species_0_fetch_only",77741.8988448242,0.00478250812739134
"species_0_fetch_only",77930.2691728027,0.00474590389057994
"species_0_fetch_only",78118.6395007813,0.00470957672223449
"species_0_fetch_only",78307.0098287598,0.00467352801933885
"species_0_fetch_only",78495.3801567383,0.00463775219395757
"species_0_fetch_only",78683.7504847168,0.00460225064307451
"species_0_fetch_only",78872.1208126953,0.00456701964139938
"species_0_fetch_only",79060.4911406738,0.00453205592930317
"species_0_fetch_only",79248.8614686524,0.00452046096324921
"species_0_fetch_only",79437.2317966309,0.00452046096324921
"species_0_fetch_only",79625.6021246094,0.00452046096324921
"species_0_fetch_only",79813.9724525879,0.00452046096324921
"species_0_fetch_only",80002.3427805664,0.00452046096324921
"species_0_fetch_only",80190.7131085449,0.00452046096324921
"species_0_fetch_only",80379.0834365234,0.00452046096324921
"species_0_fetch_only",80567.453764502,0.00452046096324921
"species_0_fetch_only",80755.8240924805,0.00452046096324921
"species_0_fetch_only",80944.194420459,0.00452046096324921
"species_0_fetch_only",81132.5647484375,0.00452046096324921
"species_0_fetch_only",81320.935076416,0.00452046096324921
"species_0_fetch_only",81509.3054043945,0.00452046096324921
"species_0_fetch_only",81697.675732373,0.00452046096324921
"species_0_fetch_only",81886.0460603516,0.00452046096324921
"species_0_fetch_only",82074.4163883301,0.00452046096324921
"species_0_fetch_only",82262.7867163086,0.00452046096324921
"species_0_fetch_only",82451.1570442871,0.00452046096324921
"species_0_fetch_only",82639.5273722656,0.00452046096324921
"species_0_fetch_only",82827.8977002442,0.00452046096324921
"species_0_fetch_only",83016.2680282227,0.00452046096324921
"species_0_fetch_only",83204.6383562012,0.00452046096324921
"species_0_fetch_only",83393.0086841797,0.00452046096324921
"species_0_fetch_only",83581.3790121582,0.00452046096324921
"species_0_fetch_only",83769.7493401367,0.00452046096324921
"species_0_fetch_only",83958.1196681152,0.00452046096324921
"species_0_fetch_only",84146.4899960938,0.00452046096324921
"species_0_fetch_only",84334.8603240723,0.00452046096324921
"species_0_fetch_only",84523.2306520508,0.00452046096324921
"species_0_fetch_only",84711.6009800293,0.00452046096324921
"species_0_fetch_only",84899.9713080078,0.00452046096324921
"species_0_fetch_only",85088.3416359863,0.00452046096324921
"species_0_fetch_only",85276.7119639648,0.00452046096324921
"species_0_fetch_only",85465.0822919434,0.00452046096324921
"species_0_fetch_only",85653.4526199219,0.00452046096324921
"species_0_fetch_only",85841.8229479004,0.00452046096324921
"species_0_fetch_only",86030.1932758789,0.00452046096324921
"species_0_fetch_only",86218.5636038574,0.00452046096324921
"species_0_fetch_only",86406.9339318359,0.00452046096324921
"species_0_fetch_only",86595.3042598145,0.00452046096324921
"species_0_fetch_only",86783.674587793,0.00452046096324921
"species_0_fetch_only",86972.0449157715,0.00452046096324921
"species_0_fetch",-7213.11907348633,0.693764448165894
"species_0_fetch",-7024.74874550781,0.693764448165894
"species_0_fetch",-6836.3784175293,0.693764448165894
"species_0_fetch",-6648.00808955078,0.693764448165894
"species_0_fetch",-6459.63776157227,0.693764448165894
"species_0_fetch",-6271.26743359375,0.693764448165894
"species_0_fetch",-6082.89710561523,0.693764448165894
"species_0_fetch",-5894.52677763672,0.693764448165894
"species_0_fetch",-5706.1564496582,0.693764448165894
"species_0_fetch",-5517.78612167969,0.693764448165894
"species_0_fetch",-5329.41579370117,0.693764448165894
"species_0_fetch",-5141.04546572266,0.693764448165894
"species_0_fetch",-4952.67513774414,0.693764448165894
"species_0_fetch",-4764.30480976562,0.693764448165894
"species_0_fetch",-4575.93448178711,0.693764448165894
"species_0_fetch",-4387.56415380859,0.693764448165894
"species_0_fetch",-4199.19382583008,0.693764448165894
"species_0_fetch",-4010.82349785156,0.693764448165894
"species_0_fetch",-3822.45316987305,0.693764448165894
"species_0_fetch",-3634.08284189453,0.693764448165894
"species_0_fetch",-3445.71251391602,0.693764448165894
"species_0_fetch",-3257.3421859375,0.693764448165894
"species_0_fetch",-3068.97185795898,0.693764448165894
"species_0_fetch",-2880.60152998047,0.693764448165894
"species_0_fetch",-2692.23120200195,0.693764448165894
"species_0_fetch",-2503.86087402344,0.693764448165894
"species_0_fetch",-2315.49054604492,0.693764448165894
"species_0_fetch",-2127.12021806641,0.693764448165894
"species_0_fetch",-1938.74989008789,0.693764448165894
"species_0_fetch",-1750.37956210938,0.693764448165894
"species_0_fetch",-1562.00923413086,0.693764448165894
"species_0_fetch",-1373.63890615234,0.693764448165894
"species_0_fetch",-1185.26857817383,0.693764448165894
"species_0_fetch",-996.898250195311,0.693764448165894
"species_0_fetch",-808.527922216796,0.693764448165894
"species_0_fetch",-620.157594238281,0.693764448165894
"species_0_fetch",-431.787266259766,0.693764448165894
"species_0_fetch",-243.41693828125,0.693764448165894
"species_0_fetch",-55.0466103027338,0.693764448165894
"species_0_fetch",133.323717675781,0.693764448165894
"species_0_fetch",321.694045654297,0.693764448165894
"species_0_fetch",510.064373632814,0.693764448165894
"species_0_fetch",698.434701611329,0.723152101039886
"species_0_fetch",886.805029589845,0.764363944530487
"species_0_fetch",1075.17535756836,0.773913502693176
"species_0_fetch",1263.54568554688,0.783185839653015
"species_0_fetch",1451.91601352539,0.785341322422028
"species_0_fetch",1640.28634150391,0.778293609619141
"species_0_fetch",1828.65666948242,0.771081984043121
"species_0_fetch",2017.02699746094,0.763706982135773
"species_0_fetch",2205.39732543946,0.756169497966766
"species_0_fetch",2393.76765341797,0.748470783233643
"species_0_fetch",2582.13798139648,0.740612328052521
"species_0_fetch",2770.508309375,0.732596099376678
"species_0_fetch",2958.87863735352,0.724424302577972
"species_0_fetch",3147.24896533203,0.716099619865417
"species_0_fetch",3335.61929331055,0.707624852657318
"species_0_fetch",3523.98962128906,0.699003517627716
"species_0_fetch",3712.35994926758,0.690239250659943
"species_0_fetch",3900.7302772461,0.681336104869843
"species_0_fetch",4089.10060522461,0.672298550605774
"species_0_fetch",4277.47093320313,0.663131415843964
"species_0_fetch",4465.84126118164,0.653839826583862
"species_0_fetch",4654.21158916016,0.644429445266724
"species_0_fetch",4842.58191713867,0.634906053543091
"species_0_fetch",5030.95224511719,0.625275909900665
"species_0_fetch",5219.32257309571,0.615545570850372
"species_0_fetch",5407.69290107422,0.605721890926361
"species_0_fetch",5596.06322905274,0.595812022686005
"species_0_fetch",5784.43355703125,0.5858234167099
"species_0_fetch",5972.80388500977,0.575763702392578
"species_0_fetch",6161.17421298828,0.565640807151794
"species_0_fetch",6349.5445409668,0.555462837219238
"species_0_fetch",6537.91486894531,0.545238137245178
"species_0_fetch",6726.28519692383,0.534975171089172
"species_0_fetch",6914.65552490235,0.524682462215424
"species_0_fetch",7103.02585288086,0.514368772506714
"species_0_fetch",7291.39618085938,0.504042863845825
"species_0_fetch",7479.76650883789,0.493713438510895
"species_0_fetch",7668.13683681641,0.483389407396316
"species_0_fetch",7856.50716479492,0.473079532384872
"species_0_fetch",8044.87749277344,0.462792575359344
"species_0_fetch",8233.24782075196,0.452537149190903
"species_0_fetch",8421.61814873047,0.442321926355362
"species_0_fetch",8609.98847670899,0.432155251502991
"species_0_fetch",8798.3588046875,0.422045409679413
"species_0_fetch",8986.72913266602,0.412000417709351
"species_0_fetch",9175.09946064453,0.402028262615204
"species_0_fetch",9363.46978862305,0.392136514186859
"species_0_fetch",9551.84011660156,0.382332533597946
"species_0_fetch",9740.21044458008,0.372623383998871
"species_0_fetch",9928.5807725586,0.363015860319138
"species_0_fetch",10116.9511005371,0.353516519069672
"species_0_fetch",10305.3214285156,0.34413143992424
"species_0_fetch",10493.6917564941,0.334866493940353
"species_0_fetch",10682.0620844727,0.325727015733719
"species_0_fetch",10870.4324124512,0.316718280315399
"species_0_fetch",11058.8027404297,0.307848334312439
"species_0_fetch",11247.1730684082,0.299484491348267
"species_0_fetch",11435.5433963867,0.291252285242081
"species_0_fetch",11623.9137243652,0.283389449119568
"species_0_fetch",11812.2840523438,0.276799559593201
"species_0_fetch",12000.6543803223,0.271473973989487
"species_0_fetch",12189.0247083008,0.267332315444946
"species_0_fetch",12377.3950362793,0.264889478683472
"species_0_fetch",12565.7653642578,0.262835264205933
"species_0_fetch",12754.1356922363,0.260791331529617
"species_0_fetch",12942.5060202148,0.258757740259171
"species_0_fetch",13130.8763481934,0.25673446059227
"species_0_fetch",13319.2466761719,0.254721581935883
"species_0_fetch",13507.6170041504,0.252719104290009
"species_0_fetch",13695.9873321289,0.250727087259293
"species_0_fetch",13884.3576601074,0.248745545744896
"species_0_fetch",14072.7279880859,0.246774509549141
"species_0_fetch",14261.0983160645,0.244813993573189
"species_0_fetch",14449.468644043,0.242864027619362
"species_0_fetch",14637.8389720215,0.240924641489983
"species_0_fetch",14826.2093,0.238995864987373
"species_0_fetch",15014.5796279785,0.237077683210373
"species_0_fetch",15202.949955957,0.235170155763626
"species_0_fetch",15391.3202839355,0.233273297548294
"species_0_fetch",15579.6906119141,0.231387093663216
"species_0_fetch",15768.0609398926,0.229511573910713
"species_0_fetch",15956.4312678711,0.227646753191948
"species_0_fetch",16144.8015958496,0.225792646408081
"species_0_fetch",16333.1719238281,0.223949268460274
"species_0_fetch",16521.5422518066,0.222116604447365
"species_0_fetch",16709.9125797852,0.220294713973999
"species_0_fetch",16898.2829077637,0.218483537435532
"species_0_fetch",17086.6532357422,0.216683134436607
"species_0_fetch",17275.0235637207,0.214893475174904
"species_0_fetch",17463.3938916992,0.213114574551582
"species_0_fetch",17651.7642196777,0.211346447467804
"species_0_fetch",17840.1345476562,0.209589064121246
"species_0_fetch",18028.5048756348,0.207842469215393
"species_0_fetch",18216.8752036133,0.206106618046761
"species_0_fetch",18405.2455315918,0.204381510615349
"species_0_fetch",18593.6158595703,0.20266717672348
"species_0_fetch",18781.9861875488,0.200963586568832
"species_0_fetch",18970.3565155273,0.199270725250244
"species_0_fetch",19158.7268435059,0.197588622570038
"species_0_fetch",19347.0971714844,0.195917218923569
"species_0_fetch",19535.4674994629,0.19425655901432
"species_0_fetch",19723.8378274414,0.192606568336487
"species_0_fetch",19912.2081554199,0.190967291593552
"species_0_fetch",20100.5784833984,0.189338698983192
"species_0_fetch",20288.948811377,0.187720760703087
"species_0_fetch",20477.3191393555,0.186113491654396
"species_0_fetch",20665.689467334,0.184516832232475
"species_0_fetch",20854.0597953125,0.182930812239647
"species_0_fetch",21042.430123291,0.181355386972427
"species_0_fetch",21230.8004512695,0.179790541529655
"species_0_fetch",21419.170779248,0.178236275911331
"species_0_fetch",21607.5411072266,0.17669253051281
"species_0_fetch",21795.9114352051,0.175159305334091
"species_0_fetch",21984.2817631836,0.173636585474014
"species_0_fetch",22172.6520911621,0.172124341130257
"species_0_fetch",22361.0224191406,0.170622557401657
"species_0_fetch",22549.3927471191,0.169131174683571
"species_0_fetch",22737.7630750977,0.167650207877159
"species_0_fetch",22926.1334030762,0.1661796271801
"species_0_fetch",23114.5037310547,0.164719372987747
"species_0_fetch",23302.8740590332,0.163269445300102
"species_0_fetch",23491.2443870117,0.161829814314842
"species_0_fetch",23679.6147149902,0.160400435328484
"species_0_fetch",23867.9850429688,0.158981293439865
"species_0_fetch",24056.3553709473,0.157572343945503
"species_0_fetch",24244.7256989258,0.156173557043076
"species_0_fetch",24433.0960269043,0.154784932732582
"species_0_fetch",24621.4663548828,0.153406381607056
"species_0_fetch",24809.8366828613,0.152037918567657
"species_0_fetch",24998.2070108398,0.150679484009743
"species_0_fetch",25186.5773388184,0.149331033229828
"species_0_fetch",25374.9476667969,0.147992566227913
"species_0_fetch",25563.3179947754,0.146664023399353
"species_0_fetch",25751.6883227539,0.145345374941826
"species_0_fetch",25940.0586507324,0.144036576151848
"species_0_fetch",26128.4289787109,0.142737597227097
"species_0_fetch",26316.7993066895,0.14144840836525
"species_0_fetch",26505.169634668,0.140168935060501
"species_0_fetch",26693.5399626465,0.138899192214012
"species_0_fetch",26881.910290625,0.137639075517654
"species_0_fetch",27070.2806186035,0.136388599872589
"species_0_fetch",27258.650946582,0.135147705674171
"species_0_fetch",27447.0212745606,0.133916348218918
"species_0_fetch",27635.3916025391,0.132694482803345
"species_0_fetch",27823.7619305176,0.13148207962513
"species_0_fetch",28012.1322584961,0.130279093980789
"species_0_fetch",28200.5025864746,0.12908548116684
"species_0_fetch",28388.8729144531,0.127901181578636
"species_0_fetch",28577.2432424317,0.126726165413857
"species_0_fetch",28765.6135704102,0.125560402870178
"species_0_fetch",28953.9838983887,0.124403834342957
"species_0_fetch",29142.3542263672,0.123256422579288
"species_0_fetch",29330.7245543457,0.122118107974529
"species_0_fetch",29519.0948823242,0.120988853275776
"species_0_fetch",29707.4652103027,0.119868621230125
"species_0_fetch",29895.8355382813,0.118757359683514
"species_0_fetch",30084.2058662598,0.117655023932457
"species_0_fetch",30272.5761942383,0.116561561822891
"species_0_fetch",30460.9465222168,0.115476936101913
"species_0_fetch",30649.3168501953,0.11440110206604
"species_0_fetch",30837.6871781738,0.113333992660046
"species_0_fetch",31026.0575061523,0.112275585532188
"species_0_fetch",31214.4278341309,0.111225821077824
"species_0_fetch",31402.7981621094,0.110184647142887
"species_0_fetch",31591.1684900879,0.109152033925056
"species_0_fetch",31779.5388180664,0.108127906918526
"species_0_fetch",31967.9091460449,0.107112251222134
"species_0_fetch",32156.2794740234,0.106104984879494
"species_0_fetch",32344.649802002,0.105106078088284
"species_0_fetch",32533.0201299805,0.1041154935956
"species_0_fetch",32721.390457959,0.103133156895638
"species_0_fetch",32909.7607859375,0.102159030735493
"species_0_fetch",33098.131113916,0.101193070411682
"species_0_fetch",33286.5014418945,0.100235238671303
"species_0_fetch",33474.8717698731,0.0992854535579681
"species_0_fetch",33663.2420978516,0.0983436852693558
"species_0_fetch",33851.6124258301,0.0974098816514015
"species_0_fetch",34039.9827538086,0.0964839980006218
"species_0_fetch",34228.3530817871,0.0955660045146942
"species_0_fetch",34416.7234097656,0.0946558117866516
"species_0_fetch",34605.0937377441,0.093753382563591
"species_0_fetch",34793.4640657227,0.0928586795926094
"species_0_fetch",34981.8343937012,0.0919716507196426
"species_0_fetch",35170.2047216797,0.0910922586917877
"species_0_fetch",35358.5750496582,0.0902204215526581
"species_0_fetch",35546.9453776367,0.0893561094999313
"species_0_fetch",35735.3157056152,0.0884992703795433
"species_0_fetch",35923.6860335938,0.0876498594880104
"species_0_fetch",36112.0563615723,0.0868078395724297
"species_0_fetch",36300.4266895508,0.0859731286764145
"species_0_fetch",36488.7970175293,0.0851456969976425
"species_0_fetch",36677.1673455078,0.0843254923820496
"species_0_fetch",36865.5376734863,0.083512470126152
"species_0_fetch",37053.9080014648,0.082706592977047
"species_0_fetch",37242.2783294434,0.0819077864289284
"species_0_fetch",37430.6486574219,0.0811160057783127
"species_0_fetch",37619.0189854004,0.0803312137722969
"species_0_fetch",37807.3893133789,0.0795533508062363
"species_0_fetch",37995.7596413574,0.0787824019789696
"species_0_fetch",38184.129969336,0.0780182629823685
"species_0_fetch",38372.5002973145,0.0772609263658524
"species_0_fetch",38560.870625293,0.0765103176236153
"species_0_fetch",38749.2409532715,0.0757664144039154
"species_0_fetch",38937.61128125,0.0750291645526886
"species_0_fetch",39125.9816092285,0.0742985010147095
"species_0_fetch",39314.351937207,0.073574386537075
"species_0_fetch",39502.7222651855,0.0728567689657211
"species_0_fetch",39691.0925931641,0.0721456110477448
"species_0_fetch",39879.4629211426,0.0714408606290817
"species_0_fetch",40067.8332491211,0.0707424804568291
"species_0_fetch",40256.2035770996,0.0700503960251808
"species_0_fetch",40444.5739050781,0.0693645849823952
"species_0_fetch",40632.9442330567,0.0686849802732468
"species_0_fetch",40821.3145610352,0.0680115595459938
"species_0_fetch",41009.6848890137,0.0673442706465721
"species_0_fetch",41198.0552169922,0.0666830465197563
"species_0_fetch",41386.4255449707,0.066027857363224
"species_0_fetch",41574.7958729492,0.0653786584734917
"species_0_fetch",41763.1662009277,0.064735397696495
"species_0_fetch",41951.5365289063,0.0640980377793312
"species_0_fetch",42139.9068568848,0.0634665265679359
"species_0_fetch",42328.2771848633,0.0628408119082451
"species_0_fetch",42516.6475128418,0.0622208565473557
"species_0_fetch",42705.0178408203,0.0616066157817841
"species_0_fetch",42893.3881687988,0.0609980560839176
"species_0_fetch",43081.7584967774,0.060395110398531
"species_0_fetch",43270.1288247559,0.0597977451980114
"species_0_fetch",43458.4991527344,0.0592059157788754
"species_0_fetch",43646.8694807129,0.0586195774376392
"species_0_fetch",43835.2398086914,0.0580387003719807
"species_0_fetch",44023.6101366699,0.057463213801384
"species_0_fetch",44211.9804646484,0.0568930916488171
"species_0_fetch",44400.350792627,0.0563282892107964
"species_0_fetch",44588.7211206055,0.055768758058548
"species_0_fetch",44777.091448584,0.0552144758403301
"species_0_fetch",44965.4617765625,0.0546653680503368
"species_0_fetch",45153.832104541,0.0541214123368263
"species_0_fetch",45342.2024325195,0.0535825602710247
"species_0_fetch",45530.5727604981,0.0530487708747387
"species_0_fetch",45718.9430884766,0.0525200180709362
"species_0_fetch",45907.3134164551,0.0519962348043919
"species_0_fetch",46095.6837444336,0.0514773912727833
"species_0_fetch",46284.0540724121,0.0509634427726269
"species_0_fetch",46472.4244003906,0.05045435577631
"species_0_fetch",46660.7947283691,0.0499500967562199
"species_0_fetch",46849.1650563477,0.0494506061077118
"species_0_fetch",47037.5353843262,0.0489558503031731
"species_0_fetch",47225.9057123047,0.048465795814991
"species_0_fetch",47414.2760402832,0.047980397939682
"species_0_fetch",47602.6463682617,0.0474996268749237
"species_0_fetch",47791.0166962402,0.0470234267413616
"species_0_fetch",47979.3870242188,0.0465517677366734
"species_0_fetch",48167.7573521973,0.0460846088826656
"species_0_fetch",48356.1276801758,0.0456219129264355
"species_0_fetch",48544.4980081543,0.0451636537909508
"species_0_fetch",48732.8683361328,0.0447097755968571
"species_0_fetch",48921.2386641113,0.0442602448165417
"species_0_fetch",49109.6089920899,0.0438150241971016
"species_0_fetch",49297.9793200684,0.0433740802109241
"species_0_fetch",49486.3496480469,0.0429373756051064
"species_0_fetch",49674.7199760254,0.0425048843026161
"species_0_fetch",49863.0903040039,0.0420765429735184
"species_0_fetch",50051.4606319824,0.0416523329913616
"species_0_fetch",50239.830959961,0.0412322171032429
"species_0_fetch",50428.2012879395,0.0408161580562592
"species_0_fetch",50616.571615918,0.0404041260480881
"species_0_fetch",50804.9419438965,0.039996076375246
"species_0_fetch",50993.312271875,0.0395919717848301
"species_0_fetch",51181.6825998535,0.0391917861998081
"species_0_fetch",51370.052927832,0.0387954823672771
"species_0_fetch",51558.4232558106,0.0384030342102051
"species_0_fetch",51746.7935837891,0.038014393299818
"species_0_fetch",51935.1639117676,0.0376295261085033
"species_0_fetch",52123.5342397461,0.0372484065592289
"species_0_fetch",52311.9045677246,0.036871001124382
"species_0_fetch",52500.2748957031,0.0364972800016403
"species_0_fetch",52688.6452236817,0.0361271984875202
"species_0_fetch",52877.0155516602,0.0357615239918232
"species_0_fetch",53065.3858796387,0.0354297421872616
"species_0_fetch",53253.7562076172,0.0351369120180607
"species_0_fetch",53442.1265355957,0.0349079482257366
"species_0_fetch",53630.4968635742,0.0347457602620125
"species_0_fetch",53818.8671915527,0.0346445515751839
"species_0_fetch",54007.2375195313,0.0345537066459656
"species_0_fetch",54195.6078475098,0.0344630926847458
"species_0_fetch",54383.9781754883,0.0343727096915245
"species_0_fetch",54572.3485034668,0.0342825539410114
"species_0_fetch",54760.7188314453,0.0341926254332066
"species_0_fetch",54949.0891594238,0.0341029241681099
"species_0_fetch",55137.4594874024,0.0340134501457214
"species_0_fetch",55325.8298153809,0.0339242033660412
"species_0_fetch",55514.2001433594,0.0338351838290691
"species_0_fetch",55702.5704713379,0.033746387809515
"species_0_fetch",55890.9407993164,0.0336578153073788
"species_0_fetch",56079.3111272949,0.0335694700479507
"species_0_fetch",56267.6814552734,0.0334813483059406
"species_0_fetch",56456.051783252,0.0333934500813484
"species_0_fetch",56644.4221112305,0.0333057716488838
"species_0_fetch",56832.792439209,0.0332183167338371
"species_0_fetch",57021.1627671875,0.0331310853362083
"species_0_fetch",57209.533095166,0.0330440774559975
"species_0_fetch",57397.9034231445,0.0329572856426239
"species_0_fetch",57586.2737511231,0.0328707136213779
"species_0_fetch",57774.6440791016,0.0327843651175499
"species_0_fetch",57963.0144070801,0.0326982326805592
"species_0_fetch",58151.3847350586,0.032612320035696
"species_0_fetch",58339.7550630371,0.0325266271829605
"species_0_fetch",58528.1253910156,0.0324411503970623
"species_0_fetch",58716.4957189942,0.0323558896780014
"species_0_fetch",58904.8660469727,0.0322708450257778
"species_0_fetch",59093.2363749512,0.0321860201656818
"species_0_fetch",59281.6067029297,0.0321014076471329
"species_0_fetch",59469.9770309082,0.0320170111954212
"species_0_fetch",59658.3473588867,0.0319328308105469
"species_0_fetch",59846.7176868652,0.0318488627672195
"species_0_fetch",60035.0880148438,0.0317651070654392
"species_0_fetch",60223.4583428223,0.0316815674304962
"species_0_fetch",60411.8286708008,0.0315982401371002
"species_0_fetch",60600.1989987793,0.0315151214599609
"species_0_fetch",60788.5693267578,0.0314322151243687
"species_0_fetch",60976.9396547363,0.0313495211303234
"species_0_fetch",61165.3099827148,0.0312670394778252
"species_0_fetch",61353.6803106934,0.0311847664415836
"species_0_fetch",61542.0506386719,0.0311027020215988
"species_0_fetch",61730.4209666504,0.0310208480805159
"species_0_fetch",61918.7912946289,0.0309392008930445
"species_0_fetch",62107.1616226074,0.0308577641844749
"species_0_fetch",62295.5319505859,0.0307765323668718
"species_0_fetch",62483.9022785645,0.0306955091655254
"species_0_fetch",62672.272606543,0.0306146908551455
"species_0_fetch",62860.6429345215,0.030534079298377
"species_0_fetch",63049.0132625,0.0304536763578653
"species_0_fetch",63237.3835904785,0.0303734745830297
"species_0_fetch",63425.753918457,0.0302934795618057
"species_0_fetch",63614.1242464356,0.030213687568903
"species_0_fetch",63802.4945744141,0.0301340986043215
"species_0_fetch",63990.8649023926,0.0300547163933516
"species_0_fetch",64179.2352303711,0.0299755334854126
"species_0_fetch",64367.6055583496,0.0298965536057949
"species_0_fetch",64555.9758863281,0.0298177748918533
"species_0_fetch",64744.3462143066,0.0297391973435879
"species_0_fetch",64932.7165422852,0.0296608228236437
"species_0_fetch",65121.0868702637,0.0295826457440853
"species_0_fetch",65309.4571982422,0.0295046698302031
"species_0_fetch",65497.8275262207,0.0294268913567066
"species_0_fetch",65686.1978541992,0.0293493159115314
"species_0_fetch",65874.5681821777,0.0292719341814518
"species_0_fetch",66062.9385101563,0.0291947536170483
"species_0_fetch",66251.3088381348,0.0291177667677402
"species_0_fetch",66439.6791661133,0.0290409810841084
"species_0_fetch",66628.0494940918,0.0289643909782171
"species_0_fetch",66816.4198220703,0.0288879927247763
"species_0_fetch",67004.7901500488,0.0288117956370115
"species_0_fetch",67193.1604780273,0.028735788539052
"species_0_fetch",67381.5308060059,0.0286599807441235
"species_0_fetch",67569.9011339844,0.0285843648016453
"species_0_fetch",67758.2714619629,0.0285089407116175
"species_0_fetch",67946.6417899414,0.0284337140619755
"species_0_fetch",68135.0121179199,0.0283586755394936
"species_0_fetch",68323.3824458984,0.0282838325947523
"species_0_fetch",68511.752773877,0.0282091815024614
"species_0_fetch",68700.1231018555,0.0281347185373306
"species_0_fetch",68888.493429834,0.0280604492872953
"species_0_fetch",69076.8637578125,0.0279863681644201
"species_0_fetch",69265.234085791,0.0279124807566404
"species_0_fetch",69453.6044137695,0.0278387814760208
"species_0_fetch",69641.974741748,0.0277652684599161
"species_0_fetch",69830.3450697266,0.0276919472962618
"species_0_fetch",70018.7153977051,0.0276188105344772
"species_0_fetch",70207.0857256836,0.027545865625143
"species_0_fetch",70395.4560536621,0.0274731069803238
"species_0_fetch",70583.8263816406,0.0274005327373743
"species_0_fetch",70772.1967096191,0.0273281466215849
"species_0_fetch",70960.5670375977,0.0272559449076653
"species_0_fetch",71148.9373655762,0.0271839313209057
"species_0_fetch",71337.3076935547,0.0271121021360159
"species_0_fetch",71525.6780215332,0.0270404536277056
"species_0_fetch",71714.0483495117,0.0269689932465553
"species_0_fetch",71902.4186774902,0.0268977135419846
"species_0_fetch",72090.7890054687,0.0268266201019287
"species_0_fetch",72279.1593334473,0.0267557092010975
"species_0_fetch",72467.5296614258,0.0266849789768457
"species_0_fetch",72655.8999894043,0.0266144312918186
"species_0_fetch",72844.2703173828,0.026544064283371
"species_0_fetch",73032.6406453613,0.026473879814148
"species_0_fetch",73221.0109733399,0.0264038760215044
"species_0_fetch",73409.3813013184,0.02633404918015
"species_0_fetch",73597.7516292969,0.0262644048780203
"species_0_fetch",73786.1219572754,0.0261949375271797
"species_0_fetch",73974.4922852539,0.0261256527155638
"species_0_fetch",74162.8626132324,0.026056544855237
"species_0_fetch",74351.2329412109,0.0259876120835543
"species_0_fetch",74539.6032691895,0.025918859988451
"species_0_fetch",74727.973597168,0.0258502811193466
"species_0_fetch",74916.3439251465,0.0257818829268217
"species_0_fetch",75104.714253125,0.025713661685586
"species_0_fetch",75293.0845811035,0.025645611807704
"species_0_fetch",75481.454909082,0.0255777407437563
"species_0_fetch",75669.8252370606,0.0255100429058075
"species_0_fetch",75858.1955650391,0.0254425201565027
"species_0_fetch",76046.5658930176,0.025375172495842
"species_0_fetch",76234.9362209961,0.025307996198535
"species_0_fetch",76423.3065489746,0.025240994989872
"species_0_fetch",76611.6768769531,0.0251741651445627
"species_0_fetch",76800.0472049316,0.0251075085252523
"species_0_fetch",76988.4175329102,0.0250410251319408
"species_0_fetch",77176.7878608887,0.0249747112393379
"species_0_fetch",77365.1581888672,0.0249085705727339
"species_0_fetch",77553.5285168457,0.0248425975441933
"species_0_fetch",77741.8988448242,0.0247767958790064
"species_0_fetch",77930.2691728027,0.0247111674398184
"species_0_fetch",78118.6395007813,0.0246457029134035
"species_0_fetch",78307.0098287598,0.0245804116129875
"species_0_fetch",78495.3801567383,0.0245152860879898
"species_0_fetch",78683.7504847168,0.0244503319263458
"species_0_fetch",78872.1208126953,0.0243855435401201
"species_0_fetch",79060.4911406738,0.0243209227919579
"species_0_fetch",79248.8614686524,0.02429941855371
"species_0_fetch",79437.2317966309,0.02429941855371
"species_0_fetch",79625.6021246094,0.02429941855371
"species_0_fetch",79813.9724525879,0.02429941855371
"species_0_fetch",80002.3427805664,0.02429941855371
"species_0_fetch",80190.7131085449,0.02429941855371
"species_0_fetch",80379.0834365234,0.02429941855371
"species_0_fetch",80567.453764502,0.02429941855371
"species_0_fetch",80755.8240924805,0.02429941855371
"species_0_fetch",80944.194420459,0.02429941855371
"species_0_fetch",81132.5647484375,0.02429941855371
"species_0_fetch",81320.935076416,0.02429941855371
"species_0_fetch",81509.3054043945,0.02429941855371
"species_0_fetch",81697.675732373,0.02429941855371
"species_0_fetch",81886.0460603516,0.02429941855371
"species_0_fetch",82074.4163883301,0.02429941855371
"species_0_fetch",82262.7867163086,0.02429941855371
"species_0_fetch",82451.1570442871,0.02429941855371
"species_0_fetch",82639.5273722656,0.02429941855371
"species_0_fetch",82827.8977002442,0.02429941855371
"species_0_fetch",83016.2680282227,0.02429941855371
"species_0_fetch",83204.6383562012,0.02429941855371
"species_0_fetch",83393.0086841797,0.02429941855371
"species_0_fetch",83581.3790121582,0.02429941855371
"species_0_fetch",83769.7493401367,0.02429941855371
"species_0_fetch",83958.1196681152,0.02429941855371
"species_0_fetch",84146.4899960938,0.02429941855371
"species_0_fetch",84334.8603240723,0.02429941855371
"species_0_fetch",84523.2306520508,0.02429941855371
"species_0_fetch",84711.6009800293,0.02429941855371
"species_0_fetch",84899.9713080078,0.02429941855371
"species_0_fetch",85088.3416359863,0.02429941855371
"species_0_fetch",85276.7119639648,0.02429941855371
"species_0_fetch",85465.0822919434,0.02429941855371
"species_0_fetch",85653.4526199219,0.02429941855371
"species_0_fetch",85841.8229479004,0.02429941855371
"species_0_fetch",86030.1932758789,0.02429941855371
"species_0_fetch",86218.5636038574,0.02429941855371
"species_0_fetch",86406.9339318359,0.02429941855371
"species_0_fetch",86595.3042598145,0.02429941855371
"species_0_fetch",86783.674587793,0.02429941855371
"species_0_fetch",86972.0449157715,0.02429941855371
"species_1_contemp_ice_extrap_only",-9.82399422824378,0.000646938511636108
"species_1_contemp_ice_extrap_only",-9.57663777341838,0.000646938511636108
"species_1_contemp_ice_extrap_only",-9.32928131859298,0.000646938511636108
"species_1_contemp_ice_extrap_only",-9.08192486376758,0.000646938511636108
"species_1_contemp_ice_extrap_only",-8.83456840894218,0.000646938511636108
"species_1_contemp_ice_extrap_only",-8.58721195411678,0.000646938511636108
"species_1_contemp_ice_extrap_only",-8.33985549929138,0.000646938511636108
"species_1_contemp_ice_extrap_only",-8.09249904446598,0.000646938511636108
"species_1_contemp_ice_extrap_only",-7.84514258964058,0.000646938511636108
"species_1_contemp_ice_extrap_only",-7.59778613481518,0.000646938511636108
"species_1_contemp_ice_extrap_only",-7.35042967998978,0.000646938511636108
"species_1_contemp_ice_extrap_only",-7.10307322516438,0.000646938511636108
"species_1_contemp_ice_extrap_only",-6.85571677033898,0.000646938511636108
"species_1_contemp_ice_extrap_only",-6.60836031551358,0.000646938511636108
"species_1_contemp_ice_extrap_only",-6.36100386068818,0.000646938511636108
"species_1_contemp_ice_extrap_only",-6.11364740586278,0.000646938511636108
"species_1_contemp_ice_extrap_only",-5.86629095103738,0.000646938511636108
"species_1_contemp_ice_extrap_only",-5.61893449621198,0.000646938511636108
"species_1_contemp_ice_extrap_only",-5.37157804138658,0.000646938511636108
"species_1_contemp_ice_extrap_only",-5.12422158656118,0.000646938511636108
"species_1_contemp_ice_extrap_only",-4.87686513173578,0.000646938511636108
"species_1_contemp_ice_extrap_only",-4.62950867691038,0.000646938511636108
"species_1_contemp_ice_extrap_only",-4.38215222208498,0.000646938511636108
"species_1_contemp_ice_extrap_only",-4.13479576725958,0.000646938511636108
"species_1_contemp_ice_extrap_only",-3.88743931243418,0.000646938511636108
"species_1_contemp_ice_extrap_only",-3.64008285760878,0.000646938511636108
"species_1_contemp_ice_extrap_only",-3.39272640278338,0.000646938511636108
"species_1_contemp_ice_extrap_only",-3.14536994795798,0.000646938511636108
"species_1_contemp_ice_extrap_only",-2.89801349313258,0.000646938511636108
"species_1_contemp_ice_extrap_only",-2.65065703830718,0.000646938511636108
"species_1_contemp_ice_extrap_only",-2.40330058348178,0.000646938511636108
"species_1_contemp_ice_extrap_only",-2.15594412865638,0.000646938511636108
"species_1_contemp_ice_extrap_only",-1.90858767383098,0.000646938511636108
"species_1_contemp_ice_extrap_only",-1.66123121900558,0.000646938511636108
"species_1_contemp_ice_extrap_only",-1.41387476418018,0.000646938511636108
"species_1_contemp_ice_extrap_only",-1.16651830935477,0.000646938511636108
"species_1_contemp_ice_extrap_only",-0.919161854529374,0.000646938511636108
"species_1_contemp_ice_extrap_only",-0.671805399703974,0.000646938511636108
"species_1_contemp_ice_extrap_only",-0.424448944878575,0.000646938511636108
"species_1_contemp_ice_extrap_only",-0.177092490053173,0.000646938511636108
"species_1_contemp_ice_extrap_only",0.0702639647722272,0.000646938511636108
"species_1_contemp_ice_extrap_only",0.317620419597626,0.000646938511636108
"species_1_contemp_ice_extrap_only",0.564976874423026,0.000660400430206209
"species_1_contemp_ice_extrap_only",0.812333329248426,0.000702509423717856
"species_1_contemp_ice_extrap_only",1.05968978407383,0.000747333571780473
"species_1_contemp_ice_extrap_only",1.30704623889923,0.000795049709267914
"species_1_contemp_ice_extrap_only",1.55440269372463,0.000845846254378557
"species_1_contemp_ice_extrap_only",1.80175914855003,0.000899924081750214
"species_1_contemp_ice_extrap_only",2.04911560337543,0.000957497162744403
"species_1_contemp_ice_extrap_only",2.29647205820083,0.00101879355497658
"species_1_contemp_ice_extrap_only",2.54382851302623,0.00108405633363873
"species_1_contemp_ice_extrap_only",2.79118496785163,0.00115354463923723
"species_1_contemp_ice_extrap_only",3.03854142267703,0.00122753449250013
"species_1_contemp_ice_extrap_only",3.28589787750243,0.00130632007494569
"species_1_contemp_ice_extrap_only",3.53325433232783,0.00139021512586623
"species_1_contemp_ice_extrap_only",3.78061078715323,0.00147955364082009
"species_1_contemp_ice_extrap_only",4.02796724197863,0.00157469208352268
"species_1_contemp_ice_extrap_only",4.27532369680403,0.00167600985150784
"species_1_contemp_ice_extrap_only",4.52268015162943,0.00178391148801893
"species_1_contemp_ice_extrap_only",4.77003660645483,0.00189882831182331
"species_1_contemp_ice_extrap_only",5.01739306128023,0.00202121981419623
"species_1_contemp_ice_extrap_only",5.26474951610563,0.0021515756379813
"species_1_contemp_ice_extrap_only",5.51210597093103,0.0022904179058969
"species_1_contemp_ice_extrap_only",5.75946242575643,0.00243830238468945
"species_1_contemp_ice_extrap_only",6.00681888058183,0.00259582186117768
"species_1_contemp_ice_extrap_only",6.25417533540723,0.00276360823772848
"species_1_contemp_ice_extrap_only",6.50153179023263,0.0029423339292407
"species_1_contemp_ice_extrap_only",6.74888824505803,0.00313271628692746
"species_1_contemp_ice_extrap_only",6.99624469988343,0.00333551969379187
"species_1_contemp_ice_extrap_only",7.24360115470883,0.00355155719444156
"species_1_contemp_ice_extrap_only",7.49095760953423,0.00378169631585479
"species_1_contemp_ice_extrap_only",7.73831406435963,0.00402686093002558
"species_1_contemp_ice_extrap_only",7.98567051918504,0.00428803497925401
"species_1_contemp_ice_extrap_only",8.23302697401044,0.00456626527011395
"species_1_contemp_ice_extrap_only",8.48038342883584,0.00486267125234008
"species_1_contemp_ice_extrap_only",8.72773988366123,0.00517843756824732
"species_1_contemp_ice_extrap_only",8.97509633848663,0.00551483174785972
"species_1_contemp_ice_extrap_only",9.22245279331203,0.00587320048362017
"species_1_contemp_ice_extrap_only",9.46980924813744,0.00625497847795486
"species_1_contemp_ice_extrap_only",9.71716570296284,0.0066616921685636
"species_1_contemp_ice_extrap_only",9.96452215778824,0.00709496578201652
"species_1_contemp_ice_extrap_only",10.2118786126136,0.00755652785301208
"species_1_contemp_ice_extrap_only",10.459235067439,0.00804821774363518
"species_1_contemp_ice_extrap_only",10.7065915222644,0.00857198983430862
"species_1_contemp_ice_extrap_only",10.9539479770898,0.00912992469966412
"species_1_contemp_ice_extrap_only",11.2013044319152,0.00972423423081636
"species_1_contemp_ice_extrap_only",11.4486608867406,0.010357266291976
"species_1_contemp_ice_extrap_only",11.696017341566,0.0110315186902881
"species_1_contemp_ice_extrap_only",11.9433737963914,0.0117496438324451
"species_1_contemp_ice_extrap_only",12.1907302512168,0.0125144571065903
"species_1_contemp_ice_extrap_only",12.4380867060422,0.0133289499208331
"species_1_contemp_ice_extrap_only",12.6854431608676,0.0141962934285402
"species_1_contemp_ice_extrap_only",12.932799615693,0.0151198534294963
"species_1_contemp_ice_extrap_only",13.1801560705184,0.0161031987518072
"species_1_contemp_ice_extrap_only",13.4275125253438,0.0171501077711582
"species_1_contemp_ice_extrap_only",13.6748689801692,0.018264589831233
"species_1_contemp_ice_extrap_only",13.9222254349946,0.0194508843123913
"species_1_contemp_ice_extrap_only",14.16958188982,0.0207134746015072
"species_1_contemp_ice_extrap_only",14.4169383446454,0.0220571141690016
"species_1_contemp_ice_extrap_only",14.6642947994708,0.0234868060797453
"species_1_contemp_ice_extrap_only",14.9116512542962,0.0250078458338976
"species_1_contemp_ice_extrap_only",15.1590077091216,0.0266258213669062
"species_1_contemp_ice_extrap_only",15.406364163947,0.0283466205000877
"species_1_contemp_ice_extrap_only",15.6537206187724,0.0301764477044344
"species_1_contemp_ice_extrap_only",15.9010770735978,0.0321218259632587
"species_1_contemp_ice_extrap_only",16.1484335284232,0.0341896191239357
"species_1_contemp_ice_extrap_only",16.3957899832486,0.0353978835046291
"species_1_contemp_ice_extrap_only",16.643146438074,0.0354962311685085
"species_1_contemp_ice_extrap_only",16.8905028928994,0.0355963222682476
"species_1_contemp_ice_extrap_only",17.1378593477248,0.035698164254427
"species_1_contemp_ice_extrap_only",17.3852158025502,0.0358017757534981
"species_1_contemp_ice_extrap_only",17.6325722573756,0.0359071679413319
"species_1_contemp_ice_extrap_only",17.879928712201,0.0360143557190895
"species_1_contemp_ice_extrap_only",18.1272851670264,0.0361233502626419
"species_1_contemp_ice_extrap_only",18.3746416218518,0.03623416274786
"species_1_contemp_ice_extrap_only",18.6219980766772,0.0363468155264854
"species_1_contemp_ice_extrap_only",18.8693545315026,0.036461316049099
"species_1_contemp_ice_extrap_only",19.116710986328,0.036577682942152
"species_1_contemp_ice_extrap_only",19.3640674411534,0.0366959273815155
"species_1_contemp_ice_extrap_only",19.6114238959788,0.0368160679936409
"species_1_contemp_ice_extrap_only",19.8587803508042,0.0369381196796894
"species_1_contemp_ice_extrap_only",20.1061368056296,0.0370620936155319
"species_1_contemp_ice_extrap_only",20.353493260455,0.0371880158782005
"species_1_contemp_ice_extrap_only",20.6008497152804,0.0373158939182758
"species_1_contemp_ice_extrap_only",20.8482061701058,0.0374457463622093
"species_1_contemp_ice_extrap_only",21.0955626249312,0.0375775881111622
"species_1_contemp_ice_extrap_only",21.3429190797566,0.0377114415168762
"species_1_contemp_ice_extrap_only",21.590275534582,0.0378473252058029
"species_1_contemp_ice_extrap_only",21.8376319894074,0.0379852466285229
"species_1_contemp_ice_extrap_only",22.0849884442328,0.0381252355873585
"species_1_contemp_ice_extrap_only",22.3323448990582,0.0382672995328903
"species_1_contemp_ice_extrap_only",22.5797013538836,0.0384114682674408
"species_1_contemp_ice_extrap_only",22.827057808709,0.0385577529668808
"species_1_contemp_ice_extrap_only",23.0744142635345,0.0387061722576618
"species_1_contemp_ice_extrap_only",23.3217707183599,0.038856752216816
"species_1_contemp_ice_extrap_only",23.5691271731852,0.0390095077455044
"species_1_contemp_ice_extrap_only",23.8164836280106,0.0391644574701786
"species_1_contemp_ice_extrap_only",24.063840082836,0.0393216274678707
"species_1_contemp_ice_extrap_only",24.3111965376614,0.0394810326397419
"species_1_contemp_ice_extrap_only",24.5585529924868,0.0396426990628242
"species_1_contemp_ice_extrap_only",24.8059094473123,0.0398066453635693
"species_1_contemp_ice_extrap_only",25.0532659021377,0.039972897619009
"species_1_contemp_ice_extrap_only",25.3006223569631,0.0401414707303047
"species_1_contemp_ice_extrap_only",25.5479788117885,0.0403123944997787
"species_1_contemp_ice_extrap_only",25.7953352666139,0.0404856838285923
"species_1_contemp_ice_extrap_only",26.0426917214393,0.0406613685190678
"species_1_contemp_ice_extrap_only",26.2900481762647,0.0408394746482372
"species_1_contemp_ice_extrap_only",26.5374046310901,0.0410200171172619
"species_1_contemp_ice_extrap_only",26.7847610859155,0.0412030257284641
"species_1_contemp_ice_extrap_only",27.0321175407408,0.0413885228335857
"species_1_contemp_ice_extrap_only",27.2794739955662,0.0415765382349491
"species_1_contemp_ice_extrap_only",27.5268304503916,0.041767094284296
"species_1_contemp_ice_extrap_only",27.774186905217,0.0419602133333683
"species_1_contemp_ice_extrap_only",28.0215433600425,0.0421559289097786
"species_1_contemp_ice_extrap_only",28.2688998148679,0.0423542633652687
"species_1_contemp_ice_extrap_only",28.5162562696933,0.0425552427768707
"species_1_contemp_ice_extrap_only",28.7636127245187,0.042758896946907
"species_1_contemp_ice_extrap_only",29.0109691793441,0.0429652519524097
"species_1_contemp_ice_extrap_only",29.2583256341695,0.0431743413209915
"species_1_contemp_ice_extrap_only",29.5056820889949,0.0433861836791039
"species_1_contemp_ice_extrap_only",29.7530385438203,0.04360082000494
"species_1_contemp_ice_extrap_only",30.0003949986457,0.0438182689249516
"species_1_contemp_ice_extrap_only",30.2477514534711,0.0440385676920414
"species_1_contemp_ice_extrap_only",30.4951079082965,0.044261746108532
"species_1_contemp_ice_extrap_only",30.7424643631219,0.0444878339767456
"species_1_contemp_ice_extrap_only",30.9898208179473,0.0447168610990047
"species_1_contemp_ice_extrap_only",31.2371772727727,0.0449488572776318
"species_1_contemp_ice_extrap_only",31.484533727598,0.0451838634908199
"species_1_contemp_ice_extrap_only",31.7318901824235,0.0454219058156013
"species_1_contemp_ice_extrap_only",31.9792466372489,0.0456630177795887
"species_1_contemp_ice_extrap_only",32.2266030920743,0.0459072403609753
"species_1_contemp_ice_extrap_only",32.4739595468997,0.0461545959115028
"species_1_contemp_ice_extrap_only",32.7213160017251,0.046405129134655
"species_1_contemp_ice_extrap_only",32.9686724565505,0.0466588698327541
"species_1_contemp_ice_extrap_only",33.2160289113759,0.0469158552587032
"species_1_contemp_ice_extrap_only",33.4633853662013,0.047176118940115
"species_1_contemp_ice_extrap_only",33.7107418210267,0.047439705580473
"species_1_contemp_ice_extrap_only",33.9580982758521,0.0477066449820995
"species_1_contemp_ice_extrap_only",34.2054547306775,0.0479769818484783
"species_1_contemp_ice_extrap_only",34.4528111855029,0.0482507459819317
"species_1_contemp_ice_extrap_only",34.7001676403283,0.0485279858112335
"species_1_contemp_ice_extrap_only",34.9475240951537,0.0488087348639965
"species_1_contemp_ice_extrap_only",35.1948805499791,0.0490930341184139
"species_1_contemp_ice_extrap_only",35.4422370048045,0.0493809245526791
"species_1_contemp_ice_extrap_only",35.6895934596299,0.0496724508702755
"species_1_contemp_ice_extrap_only",35.9369499144553,0.0499676503241062
"species_1_contemp_ice_extrap_only",36.1843063692807,0.0502665676176548
"species_1_contemp_ice_extrap_only",36.4316628241061,0.0505692474544048
"species_1_contemp_ice_extrap_only",36.6790192789315,0.0508757308125496
"species_1_contemp_ice_extrap_only",36.9263757337569,0.0511860623955727
"species_1_contemp_ice_extrap_only",37.1737321885823,0.0515002906322479
"species_1_contemp_ice_extrap_only",37.4210886434077,0.0518184565007687
"species_1_contemp_ice_extrap_only",37.6684450982331,0.0521406084299088
"species_1_contemp_ice_extrap_only",37.9158015530585,0.0524667948484421
"species_1_contemp_ice_extrap_only",38.1631580078839,0.0527970604598522
"species_1_contemp_ice_extrap_only",38.4105144627093,0.0531314574182034
"species_1_contemp_ice_extrap_only",38.6578709175347,0.0534700304269791
"species_1_contemp_ice_extrap_only",38.9052273723601,0.0538128353655338
"species_1_contemp_ice_extrap_only",39.1525838271855,0.0541599132120609
"species_1_contemp_ice_extrap_only",39.3999402820109,0.0545113235712051
"species_1_contemp_ice_extrap_only",39.6472967368363,0.0548671148717403
"species_1_contemp_ice_extrap_only",39.8946531916617,0.0552273392677307
"species_1_contemp_ice_extrap_only",40.1420096464871,0.0555920526385307
"species_1_contemp_ice_extrap_only",40.3893661013125,0.0559613071382046
"species_1_contemp_ice_extrap_only",40.6367225561379,0.0563351549208164
"species_1_contemp_ice_extrap_only",40.8840790109633,0.056713655591011
"species_1_contemp_ice_extrap_only",41.1314354657887,0.0570968650281429
"species_1_contemp_ice_extrap_only",41.3787919206141,0.0574848391115665
"species_1_contemp_ice_extrap_only",41.6261483754395,0.0578776374459267
"species_1_contemp_ice_extrap_only",41.8735048302649,0.0582753159105778
"species_1_contemp_ice_extrap_only",42.1208612850903,0.0586779378354549
"species_1_contemp_ice_extrap_only",42.3682177399157,0.0590855590999126
"species_1_contemp_ice_extrap_only",42.6155741947411,0.059498243033886
"species_1_contemp_ice_extrap_only",42.8629306495665,0.05991605296731
"species_1_contemp_ice_extrap_only",43.1102871043919,0.0603390485048294
"species_1_contemp_ice_extrap_only",43.3576435592173,0.06076730042696
"species_1_contemp_ice_extrap_only",43.6050000140427,0.0612008646130562
"species_1_contemp_ice_extrap_only",43.8523564688681,0.0616398118436337
"species_1_contemp_ice_extrap_only",44.0997129236935,0.0620842054486275
"species_1_contemp_ice_extrap_only",44.3470693785189,0.0625341162085533
"species_1_contemp_ice_extrap_only",44.5944258333443,0.0629896074533463
"species_1_contemp_ice_extrap_only",44.8417822881697,0.0634507536888123
"species_1_contemp_ice_extrap_only",45.0891387429951,0.0639176219701767
"species_1_contemp_ice_extrap_only",45.3364951978205,0.0643902868032455
"species_1_contemp_ice_extrap_only",45.5838516526459,0.0648688152432442
"species_1_contemp_ice_extrap_only",45.8312081074713,0.0653532817959785
"species_1_contemp_ice_extrap_only",46.0785645622967,0.0658437609672546
"species_1_contemp_ice_extrap_only",46.3259210171221,0.0663403272628784
"species_1_contemp_ice_extrap_only",46.5732774719475,0.0668430551886559
"species_1_contemp_ice_extrap_only",46.8206339267729,0.0673520267009735
"species_1_contemp_ice_extrap_only",47.0679903815983,0.0678673163056374
"species_1_contemp_ice_extrap_only",47.3153468364237,0.068389005959034
"species_1_contemp_ice_extrap_only",47.5627032912491,0.0689171701669693
"species_1_contemp_ice_extrap_only",47.8100597460745,0.0694518908858299
"species_1_contemp_ice_extrap_only",48.0574162008999,0.069993257522583
"species_1_contemp_ice_extrap_only",48.3047726557253,0.0705413445830345
"species_1_contemp_ice_extrap_only",48.5521291105507,0.071096234023571
"species_1_contemp_ice_extrap_only",48.7994855653761,0.0716580227017403
"species_1_contemp_ice_extrap_only",49.0468420202015,0.0722267925739288
"species_1_contemp_ice_extrap_only",49.2941984750269,0.0728026330471039
"species_1_contemp_ice_extrap_only",49.5415549298523,0.073385626077652
"species_1_contemp_ice_extrap_only",49.7889113846777,0.0739758685231209
"species_1_contemp_ice_extrap_only",50.0362678395031,0.0745734423398972
"species_1_contemp_ice_extrap_only",50.2836242943285,0.0751784518361092
"species_1_contemp_ice_extrap_only",50.5309807491539,0.0757909789681435
"species_1_contemp_ice_extrap_only",50.7783372039793,0.0764111280441284
"species_1_contemp_ice_extrap_only",51.0256936588047,0.0770389959216118
"species_1_contemp_ice_extrap_only",51.2730501136301,0.0776746645569801
"species_1_contemp_ice_extrap_only",51.5204065684555,0.0783182457089424
"species_1_contemp_ice_extrap_only",51.7677630232809,0.078969843685627
"species_1_contemp_ice_extrap_only",52.0151194781063,0.0796295404434204
"species_1_contemp_ice_extrap_only",52.2624759329317,0.0802974551916122
"species_1_contemp_ice_extrap_only",52.5098323877571,0.0809736922383308
"species_1_contemp_ice_extrap_only",52.7571888425825,0.0816583335399628
"species_1_contemp_ice_extrap_only",53.0045452974079,0.0823515057563782
"species_1_contemp_ice_extrap_only",53.2519017522333,0.0830533057451248
"species_1_contemp_ice_extrap_only",53.4992582070587,0.0837638527154922
"species_1_contemp_ice_extrap_only",53.7466146618841,0.0844832435250282
"species_1_contemp_ice_extrap_only",53.9939711167095,0.0852422043681145
"species_1_contemp_ice_extrap_only",54.2413275715349,0.0860333368182182
"species_1_contemp_ice_extrap_only",54.4886840263603,0.0868345275521278
"species_1_contemp_ice_extrap_only",54.7360404811857,0.0876459181308746
"species_1_contemp_ice_extrap_only",54.9833969360111,0.0884676203131676
"species_1_contemp_ice_extrap_only",55.2307533908365,0.0893590375781059
"species_1_contemp_ice_extrap_only",55.4781098456619,0.0902789533138275
"species_1_contemp_ice_extrap_only",55.7254663004873,0.0912558734416962
"species_1_contemp_ice_extrap_only",55.9728227553127,0.0925164967775345
"species_1_contemp_ice_extrap_only",56.2201792101381,0.0938000455498695
"species_1_contemp_ice_extrap_only",56.4675356649635,0.0951708853244782
"species_1_contemp_ice_extrap_only",56.7148921197889,0.0972539484500885
"species_1_contemp_ice_extrap_only",56.9622485746143,0.0999034196138382
"species_1_contemp_ice_extrap_only",57.2096050294397,0.102667555212975
"species_1_contemp_ice_extrap_only",57.4569614842651,0.105559483170509
"species_1_contemp_ice_extrap_only",57.7043179390905,0.108527190983295
"species_1_contemp_ice_extrap_only",57.9516743939159,0.111572198569775
"species_1_contemp_ice_extrap_only",58.1990308487413,0.114696018397808
"species_1_contemp_ice_extrap_only",58.4463873035667,0.117900177836418
"species_1_contemp_ice_extrap_only",58.6937437583921,0.121186174452305
"species_1_contemp_ice_extrap_only",58.9411002132175,0.12455552816391
"species_1_contemp_ice_extrap_only",59.1884566680429,0.128009721636772
"species_1_contemp_ice_extrap_only",59.4358131228683,0.13155023753643
"species_1_contemp_ice_extrap_only",59.6831695776937,0.13517852127552
"species_1_contemp_ice_extrap_only",59.9305260325191,0.138896033167839
"species_1_contemp_ice_extrap_only",60.1778824873445,0.142704173922539
"species_1_contemp_ice_extrap_only",60.4252389421699,0.146604344248772
"species_1_contemp_ice_extrap_only",60.6725953969953,0.150597885251045
"species_1_contemp_ice_extrap_only",60.9199518518207,0.154686138033867
"species_1_contemp_ice_extrap_only",61.1673083066461,0.158870354294777
"species_1_contemp_ice_extrap_only",61.4146647614715,0.163151800632477
"species_1_contemp_ice_extrap_only",61.6620212162969,0.167531654238701
"species_1_contemp_ice_extrap_only",61.9093776711223,0.1720110476017
"species_1_contemp_ice_extrap_only",62.1567341259477,0.176591068506241
"species_1_contemp_ice_extrap_only",62.4040905807731,0.181272745132446
"species_1_contemp_ice_extrap_only",62.6514470355985,0.18605700135231
"species_1_contemp_ice_extrap_only",62.8988034904239,0.190944746136665
"species_1_contemp_ice_extrap_only",63.1461599452493,0.195936754345894
"species_1_contemp_ice_extrap_only",63.3935164000747,0.201033771038055
"species_1_contemp_ice_extrap_only",63.6408728549001,0.206236436963081
"species_1_contemp_ice_extrap_only",63.8882293097255,0.211545258760452
"species_1_contemp_ice_extrap_only",64.1355857645509,0.216960623860359
"species_1_contemp_ice_extrap_only",64.3829422193763,0.22248312830925
"species_1_contemp_ice_extrap_only",64.6302986742017,0.228112831711769
"species_1_contemp_ice_extrap_only",64.8776551290271,0.233849689364433
"species_1_contemp_ice_extrap_only",65.1250115838525,0.239694058895111
"species_1_contemp_ice_extrap_only",65.3723680386779,0.245645448565483
"species_1_contemp_ice_extrap_only",65.6197244935033,0.251703977584839
"species_1_contemp_ice_extrap_only",65.8670809483287,0.25786891579628
"species_1_contemp_ice_extrap_only",66.1144374031541,0.264140129089355
"species_1_contemp_ice_extrap_only",66.3617938579795,0.270516574382782
"species_1_contemp_ice_extrap_only",66.6091503128049,0.276997804641724
"species_1_contemp_ice_extrap_only",66.8565067676303,0.283582508563995
"species_1_contemp_ice_extrap_only",67.1038632224557,0.290270000696182
"species_1_contemp_ice_extrap_only",67.3512196772811,0.297058582305908
"species_1_contemp_ice_extrap_only",67.5985761321065,0.303947240114212
"species_1_contemp_ice_extrap_only",67.8459325869319,0.310934007167816
"species_1_contemp_ice_extrap_only",68.0932890417573,0.318017572164536
"species_1_contemp_ice_extrap_only",68.3406454965827,0.325195610523224
"species_1_contemp_ice_extrap_only",68.5880019514081,0.332466423511505
"species_1_contemp_ice_extrap_only",68.8353584062335,0.339827388525009
"species_1_contemp_ice_extrap_only",69.0827148610589,0.347276538610458
"species_1_contemp_ice_extrap_only",69.3300713158843,0.354810863733292
"species_1_contemp_ice_extrap_only",69.5774277707097,0.362428039312363
"species_1_contemp_ice_extrap_only",69.8247842255351,0.370124757289886
"species_1_contemp_ice_extrap_only",70.0721406803605,0.377898424863815
"species_1_contemp_ice_extrap_only",70.3194971351859,0.385745346546173
"species_1_contemp_ice_extrap_only",70.5668535900113,0.393662601709366
"species_1_contemp_ice_extrap_only",70.8142100448367,0.401646226644516
"species_1_contemp_ice_extrap_only",71.0615664996621,0.409693032503128
"species_1_contemp_ice_extrap_only",71.3089229544875,0.417798697948456
"species_1_contemp_ice_extrap_only",71.5562794093129,0.425959795713425
"species_1_contemp_ice_extrap_only",71.8036358641383,0.434171766042709
"species_1_contemp_ice_extrap_only",72.0509923189637,0.442430913448334
"species_1_contemp_ice_extrap_only",72.2983487737891,0.450732439756393
"species_1_contemp_ice_extrap_only",72.5457052286145,0.459072440862656
"species_1_contemp_ice_extrap_only",72.7930616834399,0.467445880174637
"species_1_contemp_ice_extrap_only",73.0404181382653,0.475848704576492
"species_1_contemp_ice_extrap_only",73.2877745930907,0.484275728464127
"species_1_contemp_ice_extrap_only",73.5351310479161,0.492722719907761
"species_1_contemp_ice_extrap_only",73.7824875027415,0.501184344291687
"species_1_contemp_ice_extrap_only",74.0298439575669,0.509656369686127
"species_1_contemp_ice_extrap_only",74.2772004123923,0.518133342266083
"species_1_contemp_ice_extrap_only",74.5245568672177,0.526610851287842
"species_1_contemp_ice_extrap_only",74.7719133220431,0.535083532333374
"species_1_contemp_ice_extrap_only",75.0192697768685,0.543546974658966
"species_1_contemp_ice_extrap_only",75.2666262316939,0.551995694637299
"species_1_contemp_ice_extrap_only",75.5139826865193,0.560425400733948
"species_1_contemp_ice_extrap_only",75.7613391413447,0.568830668926239
"species_1_contemp_ice_extrap_only",76.0086955961701,0.577207267284393
"species_1_contemp_ice_extrap_only",76.2560520509955,0.585549890995026
"species_1_contemp_ice_extrap_only",76.5034085058209,0.593854367733002
"species_1_contemp_ice_extrap_only",76.7507649606463,0.602115571498871
"species_1_contemp_ice_extrap_only",76.9981214154717,0.610329508781433
"species_1_contemp_ice_extrap_only",77.2454778702971,0.618491232395172
"species_1_contemp_ice_extrap_only",77.4928343251225,0.626596927642822
"species_1_contemp_ice_extrap_only",77.7401907799479,0.634641885757446
"species_1_contemp_ice_extrap_only",77.9875472347733,0.642622470855713
"species_1_contemp_ice_extrap_only",78.2349036895987,0.650534331798553
"species_1_contemp_ice_extrap_only",78.4822601444241,0.658374071121216
"species_1_contemp_ice_extrap_only",78.7296165992495,0.666137516498566
"species_1_contemp_ice_extrap_only",78.9769730540749,0.673821687698364
"species_1_contemp_ice_extrap_only",79.2243295089003,0.681422650814056
"species_1_contemp_ice_extrap_only",79.4716859637257,0.688937783241272
"species_1_contemp_ice_extrap_only",79.7190424185511,0.69636344909668
"species_1_contemp_ice_extrap_only",79.9663988733765,0.703697323799133
"species_1_contemp_ice_extrap_only",80.2137553282019,0.71093624830246
"species_1_contemp_ice_extrap_only",80.4611117830273,0.718078076839447
"species_1_contemp_ice_extrap_only",80.7084682378527,0.725120067596436
"species_1_contemp_ice_extrap_only",80.9558246926781,0.732060432434082
"species_1_contemp_ice_extrap_only",81.2031811475035,0.738896787166595
"species_1_contemp_ice_extrap_only",81.4505376023289,0.745627701282501
"species_1_contemp_ice_extrap_only",81.6978940571543,0.752251088619232
"species_1_contemp_ice_extrap_only",81.9452505119797,0.758765876293182
"species_1_contemp_ice_extrap_only",82.1926069668051,0.765170395374298
"species_1_contemp_ice_extrap_only",82.4399634216305,0.771463930606842
"species_1_contemp_ice_extrap_only",82.6873198764559,0.77764505147934
"species_1_contemp_ice_extrap_only",82.9346763312813,0.783713281154633
"species_1_contemp_ice_extrap_only",83.1820327861067,0.789667725563049
"species_1_contemp_ice_extrap_only",83.4293892409321,0.795508205890656
"species_1_contemp_ice_extrap_only",83.6767456957575,0.801234006881714
"species_1_contemp_ice_extrap_only",83.9241021505829,0.806845307350159
"species_1_contemp_ice_extrap_only",84.1714586054083,0.812341690063477
"species_1_contemp_ice_extrap_only",84.4188150602337,0.817723572254181
"species_1_contemp_ice_extrap_only",84.6661715150591,0.822990894317627
"species_1_contemp_ice_extrap_only",84.9135279698845,0.828144252300262
"species_1_contemp_ice_extrap_only",85.1608844247099,0.833183825016022
"species_1_contemp_ice_extrap_only",85.4082408795353,0.836471974849701
"species_1_contemp_ice_extrap_only",85.6555973343607,0.838404834270477
"species_1_contemp_ice_extrap_only",85.9029537891861,0.840324997901917
"species_1_contemp_ice_extrap_only",86.1503102440115,0.842232346534729
"species_1_contemp_ice_extrap_only",86.3976666988369,0.844126880168915
"species_1_contemp_ice_extrap_only",86.6450231536623,0.84600830078125
"species_1_contemp_ice_extrap_only",86.8923796084877,0.847876787185669
"species_1_contemp_ice_extrap_only",87.1397360633131,0.849732041358948
"species_1_contemp_ice_extrap_only",87.3870925181385,0.851574122905731
"species_1_contemp_ice_extrap_only",87.6344489729639,0.85340291261673
"species_1_contemp_ice_extrap_only",87.8818054277893,0.855218350887299
"species_1_contemp_ice_extrap_only",88.1291618826147,0.857020318508148
"species_1_contemp_ice_extrap_only",88.3765183374401,0.858808755874634
"species_1_contemp_ice_extrap_only",88.6238747922655,0.860583662986755
"species_1_contemp_ice_extrap_only",88.8712312470909,0.862344920635223
"species_1_contemp_ice_extrap_only",89.1185877019163,0.864092588424683
"species_1_contemp_ice_extrap_only",89.3659441567417,0.865826427936554
"species_1_contemp_ice_extrap_only",89.6133006115671,0.867546498775482
"species_1_contemp_ice_extrap_only",89.8606570663925,0.869252741336823
"species_1_contemp_ice_extrap_only",90.1080135212179,0.870945155620575
"species_1_contemp_ice_extrap_only",90.3553699760433,0.87262362241745
"species_1_contemp_ice_extrap_only",90.6027264308687,0.874288201332092
"species_1_contemp_ice_extrap_only",90.8500828856941,0.875938713550568
"species_1_contemp_ice_extrap_only",91.0974393405195,0.87757533788681
"species_1_contemp_ice_extrap_only",91.3447957953449,0.879197776317596
"species_1_contemp_ice_extrap_only",91.5921522501703,0.880806267261505
"species_1_contemp_ice_extrap_only",91.8395087049957,0.882400631904602
"species_1_contemp_ice_extrap_only",92.0868651598211,0.883980929851532
"species_1_contemp_ice_extrap_only",92.3342216146465,0.885547041893005
"species_1_contemp_ice_extrap_only",92.5815780694719,0.887099087238312
"species_1_contemp_ice_extrap_only",92.8289345242973,0.888637006282806
"species_1_contemp_ice_extrap_only",93.0762909791227,0.890160739421844
"species_1_contemp_ice_extrap_only",93.3236474339481,0.891670346260071
"species_1_contemp_ice_extrap_only",93.5710038887735,0.893165826797485
"species_1_contemp_ice_extrap_only",93.8183603435989,0.894647121429443
"species_1_contemp_ice_extrap_only",94.0657167984243,0.89611428976059
"species_1_contemp_ice_extrap_only",94.3130732532497,0.897567272186279
"species_1_contemp_ice_extrap_only",94.5604297080751,0.899006247520447
"species_1_contemp_ice_extrap_only",94.8077861629005,0.900431036949158
"species_1_contemp_ice_extrap_only",95.0551426177259,0.901841759681702
"species_1_contemp_ice_extrap_only",95.3024990725513,0.903238356113434
"species_1_contemp_ice_extrap_only",95.5498555273767,0.904621005058289
"species_1_contemp_ice_extrap_only",95.7972119822021,0.905989527702332
"species_1_contemp_ice_extrap_only",96.0445684370275,0.907344102859497
"species_1_contemp_ice_extrap_only",96.2919248918529,0.908684611320496
"species_1_contemp_ice_extrap_only",96.5392813466783,0.910011291503906
"species_1_contemp_ice_extrap_only",96.7866378015037,0.911323964595795
"species_1_contemp_ice_extrap_only",97.0339942563291,0.912622809410095
"species_1_contemp_ice_extrap_only",97.2813507111545,0.913907825946808
"species_1_contemp_ice_extrap_only",97.5287071659799,0.915179014205933
"species_1_contemp_ice_extrap_only",97.7760636208053,0.916436493396759
"species_1_contemp_ice_extrap_only",98.0234200756307,0.917680203914642
"species_1_contemp_ice_extrap_only",98.2707765304561,0.918910264968872
"species_1_contemp_ice_extrap_only",98.5181329852815,0.920126736164093
"species_1_contemp_ice_extrap_only",98.7654894401069,0.921329617500305
"species_1_contemp_ice_extrap_only",99.0128458949323,0.922519028186798
"species_1_contemp_ice_extrap_only",99.2602023497577,0.923694968223572
"species_1_contemp_ice_extrap_only",99.5075588045831,0.924857497215271
"species_1_contemp_ice_extrap_only",99.7549152594085,0.92600667476654
"species_1_contemp_ice_extrap_only",100.002271714234,0.927142560482025
"species_1_contemp_ice_extrap_only",100.249628169059,0.928265273571014
"species_1_contemp_ice_extrap_only",100.496984623885,0.929374814033508
"species_1_contemp_ice_extrap_only",100.74434107871,0.930471241474152
"species_1_contemp_ice_extrap_only",100.991697533536,0.931554675102234
"species_1_contemp_ice_extrap_only",101.239053988361,0.932625114917755
"species_1_contemp_ice_extrap_only",101.486410443186,0.93368273973465
"species_1_contemp_ice_extrap_only",101.733766898012,0.934727489948273
"species_1_contemp_ice_extrap_only",101.981123352837,0.935759544372559
"species_1_contemp_ice_extrap_only",102.228479807663,0.936778903007507
"species_1_contemp_ice_extrap_only",102.475836262488,0.937785685062408
"species_1_contemp_ice_extrap_only",102.723192717313,0.938779950141907
"species_1_contemp_ice_extrap_only",102.970549172139,0.939761817455292
"species_1_contemp_ice_extrap_only",103.217905626964,0.940731287002564
"species_1_contemp_ice_extrap_only",103.46526208179,0.941688537597656
"species_1_contemp_ice_extrap_only",103.712618536615,0.942004859447479
"species_1_contemp_ice_extrap_only",103.95997499144,0.942004859447479
"species_1_contemp_ice_extrap_only",104.207331446266,0.942004859447479
"species_1_contemp_ice_extrap_only",104.454687901091,0.942004859447479
"species_1_contemp_ice_extrap_only",104.702044355917,0.942004859447479
"species_1_contemp_ice_extrap_only",104.949400810742,0.942004859447479
"species_1_contemp_ice_extrap_only",105.196757265567,0.942004859447479
"species_1_contemp_ice_extrap_only",105.444113720393,0.942004859447479
"species_1_contemp_ice_extrap_only",105.691470175218,0.942004859447479
"species_1_contemp_ice_extrap_only",105.938826630044,0.942004859447479
"species_1_contemp_ice_extrap_only",106.186183084869,0.942004859447479
"species_1_contemp_ice_extrap_only",106.433539539694,0.942004859447479
"species_1_contemp_ice_extrap_only",106.68089599452,0.942004859447479
"species_1_contemp_ice_extrap_only",106.928252449345,0.942004859447479
"species_1_contemp_ice_extrap_only",107.175608904171,0.942004859447479
"species_1_contemp_ice_extrap_only",107.422965358996,0.942004859447479
"species_1_contemp_ice_extrap_only",107.670321813821,0.942004859447479
"species_1_contemp_ice_extrap_only",107.917678268647,0.942004859447479
"species_1_contemp_ice_extrap_only",108.165034723472,0.942004859447479
"species_1_contemp_ice_extrap_only",108.412391178298,0.942004859447479
"species_1_contemp_ice_extrap_only",108.659747633123,0.942004859447479
"species_1_contemp_ice_extrap_only",108.907104087948,0.942004859447479
"species_1_contemp_ice_extrap_only",109.154460542774,0.942004859447479
"species_1_contemp_ice_extrap_only",109.401816997599,0.942004859447479
"species_1_contemp_ice_extrap_only",109.649173452425,0.942004859447479
"species_1_contemp_ice_extrap_only",109.89652990725,0.942004859447479
"species_1_contemp_ice_extrap_only",110.143886362075,0.942004859447479
"species_1_contemp_ice_extrap_only",110.391242816901,0.942004859447479
"species_1_contemp_ice_extrap_only",110.638599271726,0.942004859447479
"species_1_contemp_ice_extrap_only",110.885955726552,0.942004859447479
"species_1_contemp_ice_extrap_only",111.133312181377,0.942004859447479
"species_1_contemp_ice_extrap_only",111.380668636202,0.942004859447479
"species_1_contemp_ice_extrap_only",111.628025091028,0.942004859447479
"species_1_contemp_ice_extrap_only",111.875381545853,0.942004859447479
"species_1_contemp_ice_extrap_only",112.122738000679,0.942004859447479
"species_1_contemp_ice_extrap_only",112.370094455504,0.942004859447479
"species_1_contemp_ice_extrap_only",112.617450910329,0.942004859447479
"species_1_contemp_ice_extrap_only",112.864807365155,0.942004859447479
"species_1_contemp_ice_extrap_only",113.11216381998,0.942004859447479
"species_1_contemp_ice_extrap_only",113.359520274806,0.942004859447479
"species_1_contemp_ice_extrap_only",113.606876729631,0.942004859447479
"species_1_contemp_ice_extrap_only",113.854233184456,0.942004859447479
"species_1_contemp_ice_extrap",-9.82399422824378,0.0035906929988414
"species_1_contemp_ice_extrap",-9.57663777341838,0.0035906929988414
"species_1_contemp_ice_extrap",-9.32928131859298,0.0035906929988414
"species_1_contemp_ice_extrap",-9.08192486376758,0.0035906929988414
"species_1_contemp_ice_extrap",-8.83456840894218,0.0035906929988414
"species_1_contemp_ice_extrap",-8.58721195411678,0.0035906929988414
"species_1_contemp_ice_extrap",-8.33985549929138,0.0035906929988414
"species_1_contemp_ice_extrap",-8.09249904446598,0.0035906929988414
"species_1_contemp_ice_extrap",-7.84514258964058,0.0035906929988414
"species_1_contemp_ice_extrap",-7.59778613481518,0.0035906929988414
"species_1_contemp_ice_extrap",-7.35042967998978,0.0035906929988414
"species_1_contemp_ice_extrap",-7.10307322516438,0.0035906929988414
"species_1_contemp_ice_extrap",-6.85571677033898,0.0035906929988414
"species_1_contemp_ice_extrap",-6.60836031551358,0.0035906929988414
"species_1_contemp_ice_extrap",-6.36100386068818,0.0035906929988414
"species_1_contemp_ice_extrap",-6.11364740586278,0.0035906929988414
"species_1_contemp_ice_extrap",-5.86629095103738,0.0035906929988414
"species_1_contemp_ice_extrap",-5.61893449621198,0.0035906929988414
"species_1_contemp_ice_extrap",-5.37157804138658,0.0035906929988414
"species_1_contemp_ice_extrap",-5.12422158656118,0.0035906929988414
"species_1_contemp_ice_extrap",-4.87686513173578,0.0035906929988414
"species_1_contemp_ice_extrap",-4.62950867691038,0.0035906929988414
"species_1_contemp_ice_extrap",-4.38215222208498,0.0035906929988414
"species_1_contemp_ice_extrap",-4.13479576725958,0.0035906929988414
"species_1_contemp_ice_extrap",-3.88743931243418,0.0035906929988414
"species_1_contemp_ice_extrap",-3.64008285760878,0.0035906929988414
"species_1_contemp_ice_extrap",-3.39272640278338,0.0035906929988414
"species_1_contemp_ice_extrap",-3.14536994795798,0.0035906929988414
"species_1_contemp_ice_extrap",-2.89801349313258,0.0035906929988414
"species_1_contemp_ice_extrap",-2.65065703830718,0.0035906929988414
"species_1_contemp_ice_extrap",-2.40330058348178,0.0035906929988414
"species_1_contemp_ice_extrap",-2.15594412865638,0.0035906929988414
"species_1_contemp_ice_extrap",-1.90858767383098,0.0035906929988414
"species_1_contemp_ice_extrap",-1.66123121900558,0.0035906929988414
"species_1_contemp_ice_extrap",-1.41387476418018,0.0035906929988414
"species_1_contemp_ice_extrap",-1.16651830935477,0.0035906929988414
"species_1_contemp_ice_extrap",-0.919161854529374,0.0035906929988414
"species_1_contemp_ice_extrap",-0.671805399703974,0.0035906929988414
"species_1_contemp_ice_extrap",-0.424448944878575,0.0035906929988414
"species_1_contemp_ice_extrap",-0.177092490053173,0.0035906929988414
"species_1_contemp_ice_extrap",0.0702639647722272,0.0035906929988414
"species_1_contemp_ice_extrap",0.317620419597626,0.0035906929988414
"species_1_contemp_ice_extrap",0.564976874423026,0.00366463279351592
"species_1_contemp_ice_extrap",0.812333329248426,0.00389567739330232
"species_1_contemp_ice_extrap",1.05968978407383,0.00414122780784965
"species_1_contemp_ice_extrap",1.30704623889923,0.00440218765288591
"species_1_contemp_ice_extrap",1.55440269372463,0.00467951456084847
"species_1_contemp_ice_extrap",1.80175914855003,0.00497422507032752
"species_1_contemp_ice_extrap",2.04911560337543,0.00528739765286446
"species_1_contemp_ice_extrap",2.29647205820083,0.00562017550691962
"species_1_contemp_ice_extrap",2.54382851302623,0.00597377214580774
"species_1_contemp_ice_extrap",2.79118496785163,0.00634947372600436
"species_1_contemp_ice_extrap",3.03854142267703,0.00674864277243614
"species_1_contemp_ice_extrap",3.28589787750243,0.00717272609472275
"species_1_contemp_ice_extrap",3.53325433232783,0.00762325339019299
"species_1_contemp_ice_extrap",3.78061078715323,0.00810184795409441
"species_1_contemp_ice_extrap",4.02796724197863,0.00861022900789976
"species_1_contemp_ice_extrap",4.27532369680403,0.00915021542459726
"species_1_contemp_ice_extrap",4.52268015162943,0.00972373504191637
"species_1_contemp_ice_extrap",4.77003660645483,0.0103328265249729
"species_1_contemp_ice_extrap",5.01739306128023,0.0109796486794949
"species_1_contemp_ice_extrap",5.26474951610563,0.01166648324579
"species_1_contemp_ice_extrap",5.51210597093103,0.0123957451432943
"species_1_contemp_ice_extrap",5.75946242575643,0.0131699843332171
"species_1_contemp_ice_extrap",6.00681888058183,0.0139918979257345
"species_1_contemp_ice_extrap",6.25417533540723,0.0148643329739571
"species_1_contemp_ice_extrap",6.50153179023263,0.0157902948558331
"species_1_contemp_ice_extrap",6.74888824505803,0.0167729575186968
"species_1_contemp_ice_extrap",6.99624469988343,0.0178156681358814
"species_1_contemp_ice_extrap",7.24360115470883,0.0189219508320093
"species_1_contemp_ice_extrap",7.49095760953423,0.0200955234467983
"species_1_contemp_ice_extrap",7.73831406435963,0.0213403012603521
"species_1_contemp_ice_extrap",7.98567051918504,0.0226603988558054
"species_1_contemp_ice_extrap",8.23302697401044,0.0240601487457752
"species_1_contemp_ice_extrap",8.48038342883584,0.0255441088229418
"species_1_contemp_ice_extrap",8.72773988366123,0.0271170474588871
"species_1_contemp_ice_extrap",8.97509633848663,0.0287839826196432
"species_1_contemp_ice_extrap",9.22245279331203,0.0305501688271761
"species_1_contemp_ice_extrap",9.46980924813744,0.0324211120605469
"species_1_contemp_ice_extrap",9.71716570296284,0.0344025678932667
"species_1_contemp_ice_extrap",9.96452215778824,0.0365005545318127
"species_1_contemp_ice_extrap",10.2118786126136,0.038721352815628
"species_1_contemp_ice_extrap",10.459235067439,0.0410715118050575
"species_1_contemp_ice_extrap",10.7065915222644,0.043557845056057
"species_1_contemp_ice_extrap",10.9539479770898,0.0461874455213547
"species_1_contemp_ice_extrap",11.2013044319152,0.0489676706492901
"species_1_contemp_ice_extrap",11.4486608867406,0.0519061386585236
"species_1_contemp_ice_extrap",11.696017341566,0.0550107397139072
"species_1_contemp_ice_extrap",11.9433737963914,0.0582896173000336
"species_1_contemp_ice_extrap",12.1907302512168,0.0617511607706547
"species_1_contemp_ice_extrap",12.4380867060422,0.0654039904475212
"species_1_contemp_ice_extrap",12.6854431608676,0.0692569464445114
"species_1_contemp_ice_extrap",12.932799615693,0.0733190774917603
"species_1_contemp_ice_extrap",13.1801560705184,0.0775996074080467
"species_1_contemp_ice_extrap",13.4275125253438,0.0821078941226006
"species_1_contemp_ice_extrap",13.6748689801692,0.0868534296751022
"species_1_contemp_ice_extrap",13.9222254349946,0.09184580296278
"species_1_contemp_ice_extrap",14.16958188982,0.0970946252346039
"species_1_contemp_ice_extrap",14.4169383446454,0.102609537541866
"species_1_contemp_ice_extrap",14.6642947994708,0.108400069177151
"species_1_contemp_ice_extrap",14.9116512542962,0.114475682377815
"species_1_contemp_ice_extrap",15.1590077091216,0.120845675468445
"species_1_contemp_ice_extrap",15.406364163947,0.127519086003304
"species_1_contemp_ice_extrap",15.6537206187724,0.13450463116169
"species_1_contemp_ice_extrap",15.9010770735978,0.141042396426201
"species_1_contemp_ice_extrap",16.1484335284232,0.147398963570595
"species_1_contemp_ice_extrap",16.3957899832486,0.150885045528412
"species_1_contemp_ice_extrap",16.643146438074,0.150885045528412
"species_1_contemp_ice_extrap",16.8905028928994,0.150885045528412
"species_1_contemp_ice_extrap",17.1378593477248,0.150885045528412
"species_1_contemp_ice_extrap",17.3852158025502,0.150885045528412
"species_1_contemp_ice_extrap",17.6325722573756,0.150885045528412
"species_1_contemp_ice_extrap",17.879928712201,0.150885045528412
"species_1_contemp_ice_extrap",18.1272851670264,0.150885045528412
"species_1_contemp_ice_extrap",18.3746416218518,0.150885045528412
"species_1_contemp_ice_extrap",18.6219980766772,0.150885045528412
"species_1_contemp_ice_extrap",18.8693545315026,0.150885045528412
"species_1_contemp_ice_extrap",19.116710986328,0.150885045528412
"species_1_contemp_ice_extrap",19.3640674411534,0.150885045528412
"species_1_contemp_ice_extrap",19.6114238959788,0.150885045528412
"species_1_contemp_ice_extrap",19.8587803508042,0.150885045528412
"species_1_contemp_ice_extrap",20.1061368056296,0.150885045528412
"species_1_contemp_ice_extrap",20.353493260455,0.150885045528412
"species_1_contemp_ice_extrap",20.6008497152804,0.150885045528412
"species_1_contemp_ice_extrap",20.8482061701058,0.150885045528412
"species_1_contemp_ice_extrap",21.0955626249312,0.150885045528412
"species_1_contemp_ice_extrap",21.3429190797566,0.150885045528412
"species_1_contemp_ice_extrap",21.590275534582,0.150885045528412
"species_1_contemp_ice_extrap",21.8376319894074,0.150885045528412
"species_1_contemp_ice_extrap",22.0849884442328,0.150885045528412
"species_1_contemp_ice_extrap",22.3323448990582,0.150885045528412
"species_1_contemp_ice_extrap",22.5797013538836,0.150885045528412
"species_1_contemp_ice_extrap",22.827057808709,0.150885045528412
"species_1_contemp_ice_extrap",23.0744142635345,0.150885045528412
"species_1_contemp_ice_extrap",23.3217707183599,0.150885045528412
"species_1_contemp_ice_extrap",23.5691271731852,0.150885045528412
"species_1_contemp_ice_extrap",23.8164836280106,0.150885045528412
"species_1_contemp_ice_extrap",24.063840082836,0.150885045528412
"species_1_contemp_ice_extrap",24.3111965376614,0.150885045528412
"species_1_contemp_ice_extrap",24.5585529924868,0.150885045528412
"species_1_contemp_ice_extrap",24.8059094473123,0.150885045528412
"species_1_contemp_ice_extrap",25.0532659021377,0.150885045528412
"species_1_contemp_ice_extrap",25.3006223569631,0.150885045528412
"species_1_contemp_ice_extrap",25.5479788117885,0.150885045528412
"species_1_contemp_ice_extrap",25.7953352666139,0.150885045528412
"species_1_contemp_ice_extrap",26.0426917214393,0.150885045528412
"species_1_contemp_ice_extrap",26.2900481762647,0.150885045528412
"species_1_contemp_ice_extrap",26.5374046310901,0.150885045528412
"species_1_contemp_ice_extrap",26.7847610859155,0.150885045528412
"species_1_contemp_ice_extrap",27.0321175407408,0.150885045528412
"species_1_contemp_ice_extrap",27.2794739955662,0.150885045528412
"species_1_contemp_ice_extrap",27.5268304503916,0.150885045528412
"species_1_contemp_ice_extrap",27.774186905217,0.150885045528412
"species_1_contemp_ice_extrap",28.0215433600425,0.150885045528412
"species_1_contemp_ice_extrap",28.2688998148679,0.150885045528412
"species_1_contemp_ice_extrap",28.5162562696933,0.150885045528412
"species_1_contemp_ice_extrap",28.7636127245187,0.150885045528412
"species_1_contemp_ice_extrap",29.0109691793441,0.150885045528412
"species_1_contemp_ice_extrap",29.2583256341695,0.150885045528412
"species_1_contemp_ice_extrap",29.5056820889949,0.150885045528412
"species_1_contemp_ice_extrap",29.7530385438203,0.150885045528412
"species_1_contemp_ice_extrap",30.0003949986457,0.150885045528412
"species_1_contemp_ice_extrap",30.2477514534711,0.150885045528412
"species_1_contemp_ice_extrap",30.4951079082965,0.150885045528412
"species_1_contemp_ice_extrap",30.7424643631219,0.150885045528412
"species_1_contemp_ice_extrap",30.9898208179473,0.150885045528412
"species_1_contemp_ice_extrap",31.2371772727727,0.150885045528412
"species_1_contemp_ice_extrap",31.484533727598,0.150885045528412
"species_1_contemp_ice_extrap",31.7318901824235,0.150885045528412
"species_1_contemp_ice_extrap",31.9792466372489,0.150885045528412
"species_1_contemp_ice_extrap",32.2266030920743,0.150885045528412
"species_1_contemp_ice_extrap",32.4739595468997,0.150885045528412
"species_1_contemp_ice_extrap",32.7213160017251,0.150885045528412
"species_1_contemp_ice_extrap",32.9686724565505,0.150885045528412
"species_1_contemp_ice_extrap",33.2160289113759,0.150885045528412
"species_1_contemp_ice_extrap",33.4633853662013,0.150885045528412
"species_1_contemp_ice_extrap",33.7107418210267,0.150885045528412
"species_1_contemp_ice_extrap",33.9580982758521,0.150885045528412
"species_1_contemp_ice_extrap",34.2054547306775,0.150885045528412
"species_1_contemp_ice_extrap",34.4528111855029,0.150885045528412
"species_1_contemp_ice_extrap",34.7001676403283,0.150885045528412
"species_1_contemp_ice_extrap",34.9475240951537,0.150885045528412
"species_1_contemp_ice_extrap",35.1948805499791,0.150885045528412
"species_1_contemp_ice_extrap",35.4422370048045,0.150885045528412
"species_1_contemp_ice_extrap",35.6895934596299,0.150885045528412
"species_1_contemp_ice_extrap",35.9369499144553,0.150885045528412
"species_1_contemp_ice_extrap",36.1843063692807,0.150885045528412
"species_1_contemp_ice_extrap",36.4316628241061,0.150885045528412
"species_1_contemp_ice_extrap",36.6790192789315,0.150885045528412
"species_1_contemp_ice_extrap",36.9263757337569,0.150885045528412
"species_1_contemp_ice_extrap",37.1737321885823,0.150885045528412
"species_1_contemp_ice_extrap",37.4210886434077,0.150885045528412
"species_1_contemp_ice_extrap",37.6684450982331,0.150885045528412
"species_1_contemp_ice_extrap",37.9158015530585,0.150885045528412
"species_1_contemp_ice_extrap",38.1631580078839,0.150885045528412
"species_1_contemp_ice_extrap",38.4105144627093,0.150885045528412
"species_1_contemp_ice_extrap",38.6578709175347,0.150885045528412
"species_1_contemp_ice_extrap",38.9052273723601,0.150885045528412
"species_1_contemp_ice_extrap",39.1525838271855,0.150885045528412
"species_1_contemp_ice_extrap",39.3999402820109,0.150885045528412
"species_1_contemp_ice_extrap",39.6472967368363,0.150885045528412
"species_1_contemp_ice_extrap",39.8946531916617,0.150885045528412
"species_1_contemp_ice_extrap",40.1420096464871,0.150885045528412
"species_1_contemp_ice_extrap",40.3893661013125,0.150885045528412
"species_1_contemp_ice_extrap",40.6367225561379,0.150885045528412
"species_1_contemp_ice_extrap",40.8840790109633,0.150885045528412
"species_1_contemp_ice_extrap",41.1314354657887,0.150885045528412
"species_1_contemp_ice_extrap",41.3787919206141,0.150885045528412
"species_1_contemp_ice_extrap",41.6261483754395,0.150885045528412
"species_1_contemp_ice_extrap",41.8735048302649,0.150885045528412
"species_1_contemp_ice_extrap",42.1208612850903,0.150885045528412
"species_1_contemp_ice_extrap",42.3682177399157,0.150885045528412
"species_1_contemp_ice_extrap",42.6155741947411,0.150885045528412
"species_1_contemp_ice_extrap",42.8629306495665,0.150885045528412
"species_1_contemp_ice_extrap",43.1102871043919,0.150885045528412
"species_1_contemp_ice_extrap",43.3576435592173,0.150885045528412
"species_1_contemp_ice_extrap",43.6050000140427,0.150885045528412
"species_1_contemp_ice_extrap",43.8523564688681,0.150885045528412
"species_1_contemp_ice_extrap",44.0997129236935,0.150885045528412
"species_1_contemp_ice_extrap",44.3470693785189,0.150885045528412
"species_1_contemp_ice_extrap",44.5944258333443,0.150885045528412
"species_1_contemp_ice_extrap",44.8417822881697,0.150885045528412
"species_1_contemp_ice_extrap",45.0891387429951,0.150885045528412
"species_1_contemp_ice_extrap",45.3364951978205,0.150885045528412
"species_1_contemp_ice_extrap",45.5838516526459,0.150885045528412
"species_1_contemp_ice_extrap",45.8312081074713,0.150885045528412
"species_1_contemp_ice_extrap",46.0785645622967,0.150885045528412
"species_1_contemp_ice_extrap",46.3259210171221,0.150885045528412
"species_1_contemp_ice_extrap",46.5732774719475,0.150885045528412
"species_1_contemp_ice_extrap",46.8206339267729,0.150885045528412
"species_1_contemp_ice_extrap",47.0679903815983,0.150885045528412
"species_1_contemp_ice_extrap",47.3153468364237,0.150885045528412
"species_1_contemp_ice_extrap",47.5627032912491,0.150885045528412
"species_1_contemp_ice_extrap",47.8100597460745,0.150885045528412
"species_1_contemp_ice_extrap",48.0574162008999,0.150885045528412
"species_1_contemp_ice_extrap",48.3047726557253,0.150885045528412
"species_1_contemp_ice_extrap",48.5521291105507,0.150885045528412
"species_1_contemp_ice_extrap",48.7994855653761,0.150885045528412
"species_1_contemp_ice_extrap",49.0468420202015,0.150885045528412
"species_1_contemp_ice_extrap",49.2941984750269,0.150885045528412
"species_1_contemp_ice_extrap",49.5415549298523,0.150885045528412
"species_1_contemp_ice_extrap",49.7889113846777,0.150885045528412
"species_1_contemp_ice_extrap",50.0362678395031,0.150885045528412
"species_1_contemp_ice_extrap",50.2836242943285,0.150885045528412
"species_1_contemp_ice_extrap",50.5309807491539,0.150885045528412
"species_1_contemp_ice_extrap",50.7783372039793,0.150885045528412
"species_1_contemp_ice_extrap",51.0256936588047,0.150885045528412
"species_1_contemp_ice_extrap",51.2730501136301,0.150885045528412
"species_1_contemp_ice_extrap",51.5204065684555,0.150885045528412
"species_1_contemp_ice_extrap",51.7677630232809,0.150885045528412
"species_1_contemp_ice_extrap",52.0151194781063,0.150885045528412
"species_1_contemp_ice_extrap",52.2624759329317,0.150885045528412
"species_1_contemp_ice_extrap",52.5098323877571,0.150885045528412
"species_1_contemp_ice_extrap",52.7571888425825,0.150885045528412
"species_1_contemp_ice_extrap",53.0045452974079,0.150885045528412
"species_1_contemp_ice_extrap",53.2519017522333,0.150885045528412
"species_1_contemp_ice_extrap",53.4992582070587,0.150885045528412
"species_1_contemp_ice_extrap",53.7466146618841,0.150885045528412
"species_1_contemp_ice_extrap",53.9939711167095,0.150970265269279
"species_1_contemp_ice_extrap",54.2413275715349,0.151074305176735
"species_1_contemp_ice_extrap",54.4886840263603,0.15124224126339
"species_1_contemp_ice_extrap",54.7360404811857,0.151562333106995
"species_1_contemp_ice_extrap",54.9833969360111,0.151882976293564
"species_1_contemp_ice_extrap",55.2307533908365,0.152204170823097
"species_1_contemp_ice_extrap",55.4781098456619,0.152525931596756
"species_1_contemp_ice_extrap",55.7254663004873,0.152848243713379
"species_1_contemp_ice_extrap",55.9728227553127,0.153171107172966
"species_1_contemp_ice_extrap",56.2201792101381,0.15359203517437
"species_1_contemp_ice_extrap",56.4675356649635,0.154226645827293
"species_1_contemp_ice_extrap",56.7148921197889,0.154864311218262
"species_1_contemp_ice_extrap",56.9622485746143,0.155584335327148
"species_1_contemp_ice_extrap",57.2096050294397,0.156461343169212
"species_1_contemp_ice_extrap",57.4569614842651,0.157517150044441
"species_1_contemp_ice_extrap",57.7043179390905,0.15866519510746
"species_1_contemp_ice_extrap",57.9516743939159,0.159820035099983
"species_1_contemp_ice_extrap",58.1990308487413,0.161108270287514
"species_1_contemp_ice_extrap",58.4463873035667,0.162540033459663
"species_1_contemp_ice_extrap",58.6937437583921,0.163982018828392
"species_1_contemp_ice_extrap",58.9411002132175,0.165434271097183
"species_1_contemp_ice_extrap",59.1884566680429,0.166896820068359
"species_1_contemp_ice_extrap",59.4358131228683,0.168369695544243
"species_1_contemp_ice_extrap",59.6831695776937,0.169852912425995
"species_1_contemp_ice_extrap",59.9305260325191,0.171346515417099
"species_1_contemp_ice_extrap",60.1778824873445,0.172850504517555
"species_1_contemp_ice_extrap",60.4252389421699,0.174364924430847
"species_1_contemp_ice_extrap",60.6725953969953,0.175889790058136
"species_1_contemp_ice_extrap",60.9199518518207,0.177425116300583
"species_1_contemp_ice_extrap",61.1673083066461,0.178970947861671
"species_1_contemp_ice_extrap",61.4146647614715,0.180527284741402
"species_1_contemp_ice_extrap",61.6620212162969,0.182094141840935
"species_1_contemp_ice_extrap",61.9093776711223,0.183671563863754
"species_1_contemp_ice_extrap",62.1567341259477,0.185259565711021
"species_1_contemp_ice_extrap",62.4040905807731,0.186858132481575
"species_1_contemp_ice_extrap",62.6514470355985,0.188467308878899
"species_1_contemp_ice_extrap",62.8988034904239,0.190087109804153
"species_1_contemp_ice_extrap",63.1461599452493,0.191717550158501
"species_1_contemp_ice_extrap",63.3935164000747,0.193358615040779
"species_1_contemp_ice_extrap",63.6408728549001,0.195010349154472
"species_1_contemp_ice_extrap",63.8882293097255,0.196672767400742
"species_1_contemp_ice_extrap",64.1355857645509,0.198345825076103
"species_1_contemp_ice_extrap",64.3829422193763,0.200029611587524
"species_1_contemp_ice_extrap",64.6302986742017,0.201724112033844
"species_1_contemp_ice_extrap",64.8776551290271,0.203429266810417
"species_1_contemp_ice_extrap",65.1250115838525,0.205145165324211
"species_1_contemp_ice_extrap",65.3723680386779,0.206871747970581
"species_1_contemp_ice_extrap",65.6197244935033,0.208609089255333
"species_1_contemp_ice_extrap",65.8670809483287,0.2103570997715
"species_1_contemp_ice_extrap",66.1144374031541,0.212115883827209
"species_1_contemp_ice_extrap",66.3617938579795,0.213885337114334
"species_1_contemp_ice_extrap",66.6091503128049,0.215665563941002
"species_1_contemp_ice_extrap",66.8565067676303,0.217456445097923
"species_1_contemp_ice_extrap",67.1038632224557,0.219258114695549
"species_1_contemp_ice_extrap",67.3512196772811,0.221070423722267
"species_1_contemp_ice_extrap",67.5985761321065,0.222893506288528
"species_1_contemp_ice_extrap",67.8459325869319,0.224727213382721
"species_1_contemp_ice_extrap",68.0932890417573,0.226571679115295
"species_1_contemp_ice_extrap",68.3406454965827,0.22842675447464
"species_1_contemp_ice_extrap",68.5880019514081,0.230292558670044
"species_1_contemp_ice_extrap",68.8353584062335,0.232168957591057
"species_1_contemp_ice_extrap",69.0827148610589,0.234056055545807
"species_1_contemp_ice_extrap",69.3300713158843,0.235953718423843
"species_1_contemp_ice_extrap",69.5774277707097,0.237862050533295
"species_1_contemp_ice_extrap",69.8247842255351,0.23978091776371
"species_1_contemp_ice_extrap",70.0721406803605,0.241710409522057
"species_1_contemp_ice_extrap",70.3194971351859,0.243650391697884
"species_1_contemp_ice_extrap",70.5668535900113,0.245600953698158
"species_1_contemp_ice_extrap",70.8142100448367,0.247561976313591
"species_1_contemp_ice_extrap",71.0615664996621,0.249533519148827
"species_1_contemp_ice_extrap",71.3089229544875,0.251515477895737
"species_1_contemp_ice_extrap",71.5562794093129,0.253507912158966
"species_1_contemp_ice_extrap",71.8036358641383,0.255510658025742
"species_1_contemp_ice_extrap",72.0509923189637,0.257523864507675
"species_1_contemp_ice_extrap",72.2983487737891,0.25954732298851
"species_1_contemp_ice_extrap",72.5457052286145,0.261581122875214
"species_1_contemp_ice_extrap",72.7930616834399,0.263625144958496
"species_1_contemp_ice_extrap",73.0404181382653,0.265679448843002
"species_1_contemp_ice_extrap",73.2877745930907,0.26774388551712
"species_1_contemp_ice_extrap",73.5351310479161,0.269818544387817
"species_1_contemp_ice_extrap",73.7824875027415,0.271903216838837
"species_1_contemp_ice_extrap",74.0298439575669,0.27399805188179
"species_1_contemp_ice_extrap",74.2772004123923,0.276102811098099
"species_1_contemp_ice_extrap",74.5245568672177,0.278217613697052
"species_1_contemp_ice_extrap",74.7719133220431,0.280342280864716
"species_1_contemp_ice_extrap",75.0192697768685,0.282476872205734
"species_1_contemp_ice_extrap",75.2666262316939,0.284621238708496
"species_1_contemp_ice_extrap",75.5139826865193,0.286775439977646
"species_1_contemp_ice_extrap",75.7613391413447,0.288939297199249
"species_1_contemp_ice_extrap",76.0086955961701,0.291112899780273
"species_1_contemp_ice_extrap",76.2560520509955,0.293296009302139
"species_1_contemp_ice_extrap",76.5034085058209,0.295488774776459
"species_1_contemp_ice_extrap",76.7507649606463,0.29769092798233
"species_1_contemp_ice_extrap",76.9981214154717,0.299902588129044
"species_1_contemp_ice_extrap",77.2454778702971,0.302123516798019
"species_1_contemp_ice_extrap",77.4928343251225,0.304353833198547
"species_1_contemp_ice_extrap",77.7401907799479,0.306593328714371
"species_1_contemp_ice_extrap",77.9875472347733,0.308842033147812
"species_1_contemp_ice_extrap",78.2349036895987,0.311099767684937
"species_1_contemp_ice_extrap",78.4822601444241,0.313366591930389
"species_1_contemp_ice_extrap",78.7296165992495,0.315642297267914
"species_1_contemp_ice_extrap",78.9769730540749,0.317926943302155
"species_1_contemp_ice_extrap",79.2243295089003,0.320220321416855
"species_1_contemp_ice_extrap",79.4716859637257,0.32252249121666
"species_1_contemp_ice_extrap",79.7190424185511,0.32483321428299
"species_1_contemp_ice_extrap",79.9663988733765,0.327152580022812
"species_1_contemp_ice_extrap",80.2137553282019,0.32948037981987
"species_1_contemp_ice_extrap",80.4611117830273,0.331816613674164
"species_1_contemp_ice_extrap",80.7084682378527,0.334161102771759
"species_1_contemp_ice_extrap",80.9558246926781,0.336513876914978
"species_1_contemp_ice_extrap",81.2031811475035,0.338874727487564
"species_1_contemp_ice_extrap",81.4505376023289,0.34124368429184
"species_1_contemp_ice_extrap",81.6978940571543,0.343620508909225
"species_1_contemp_ice_extrap",81.9452505119797,0.346005290746689
"species_1_contemp_ice_extrap",82.1926069668051,0.348397761583328
"species_1_contemp_ice_extrap",82.4399634216305,0.350797951221466
"species_1_contemp_ice_extrap",82.6873198764559,0.353205651044846
"species_1_contemp_ice_extrap",82.9346763312813,0.355620920658112
"species_1_contemp_ice_extrap",83.1820327861067,0.35804346203804
"species_1_contemp_ice_extrap",83.4293892409321,0.360473364591599
"species_1_contemp_ice_extrap",83.6767456957575,0.362910330295563
"species_1_contemp_ice_extrap",83.9241021505829,0.365354478359222
"species_1_contemp_ice_extrap",84.1714586054083,0.367805480957031
"species_1_contemp_ice_extrap",84.4188150602337,0.370263427495956
"species_1_contemp_ice_extrap",84.6661715150591,0.372728019952774
"species_1_contemp_ice_extrap",84.9135279698845,0.375199317932129
"species_1_contemp_ice_extrap",85.1608844247099,0.377677083015442
"species_1_contemp_ice_extrap",85.4082408795353,0.380161315202713
"species_1_contemp_ice_extrap",85.6555973343607,0.382651746273041
"species_1_contemp_ice_extrap",85.9029537891861,0.385148465633392
"species_1_contemp_ice_extrap",86.1503102440115,0.387651145458221
"species_1_contemp_ice_extrap",86.3976666988369,0.390159875154495
"species_1_contemp_ice_extrap",86.6450231536623,0.392674326896667
"species_1_contemp_ice_extrap",86.8923796084877,0.395194560289383
"species_1_contemp_ice_extrap",87.1397360633131,0.39772030711174
"species_1_contemp_ice_extrap",87.3870925181385,0.400251567363739
"species_1_contemp_ice_extrap",87.6344489729639,0.4027881026268
"species_1_contemp_ice_extrap",87.8818054277893,0.405329942703247
"species_1_contemp_ice_extrap",88.1291618826147,0.4078768491745
"species_1_contemp_ice_extrap",88.3765183374401,0.410428643226624
"species_1_contemp_ice_extrap",88.6238747922655,0.412985354661942
"species_1_contemp_ice_extrap",88.8712312470909,0.415546655654907
"species_1_contemp_ice_extrap",89.1185877019163,0.418112635612488
"species_1_contemp_ice_extrap",89.3659441567417,0.420682966709137
"species_1_contemp_ice_extrap",89.6133006115671,0.4232577085495
"species_1_contemp_ice_extrap",89.8606570663925,0.425836503505707
"species_1_contemp_ice_extrap",90.1080135212179,0.428419440984726
"species_1_contemp_ice_extrap",90.3553699760433,0.431006222963333
"species_1_contemp_ice_extrap",90.6027264308687,0.433596819639206
"species_1_contemp_ice_extrap",90.8500828856941,0.436190992593765
"species_1_contemp_ice_extrap",91.0974393405195,0.438788741827011
"species_1_contemp_ice_extrap",91.3447957953449,0.44138976931572
"species_1_contemp_ice_extrap",91.5921522501703,0.443994075059891
"species_1_contemp_ice_extrap",91.8395087049957,0.446601390838623
"species_1_contemp_ice_extrap",92.0868651598211,0.449211746454239
"species_1_contemp_ice_extrap",92.3342216146465,0.451824814081192
"species_1_contemp_ice_extrap",92.5815780694719,0.454440623521805
"species_1_contemp_ice_extrap",92.8289345242973,0.457058846950531
"species_1_contemp_ice_extrap",93.0762909791227,0.459679543972015
"species_1_contemp_ice_extrap",93.3236474339481,0.462302416563034
"species_1_contemp_ice_extrap",93.5710038887735,0.464927434921265
"species_1_contemp_ice_extrap",93.8183603435989,0.467554301023483
"species_1_contemp_ice_extrap",94.0657167984243,0.470183074474335
"species_1_contemp_ice_extrap",94.3130732532497,0.47281339764595
"species_1_contemp_ice_extrap",94.5604297080751,0.475445330142975
"species_1_contemp_ice_extrap",94.8077861629005,0.478078544139862
"species_1_contemp_ice_extrap",95.0551426177259,0.480713039636612
"species_1_contemp_ice_extrap",95.3024990725513,0.483348548412323
"species_1_contemp_ice_extrap",95.5498555273767,0.485985070466995
"species_1_contemp_ice_extrap",95.7972119822021,0.488622277975082
"species_1_contemp_ice_extrap",96.0445684370275,0.491260200738907
"species_1_contemp_ice_extrap",96.2919248918529,0.493898510932922
"species_1_contemp_ice_extrap",96.5392813466783,0.496537268161774
"species_1_contemp_ice_extrap",96.7866378015037,0.499176144599915
"species_1_contemp_ice_extrap",97.0339942563291,0.501815140247345
"species_1_contemp_ice_extrap",97.2813507111545,0.504453957080841
"species_1_contemp_ice_extrap",97.5287071659799,0.507092595100403
"species_1_contemp_ice_extrap",97.7760636208053,0.509730756282806
"species_1_contemp_ice_extrap",98.0234200756307,0.512368440628052
"species_1_contemp_ice_extrap",98.2707765304561,0.515005350112915
"species_1_contemp_ice_extrap",98.5181329852815,0.517641544342041
"species_1_contemp_ice_extrap",98.7654894401069,0.520276665687561
"species_1_contemp_ice_extrap",99.0128458949323,0.522910714149475
"species_1_contemp_ice_extrap",99.2602023497577,0.525543451309204
"species_1_contemp_ice_extrap",99.5075588045831,0.528174817562103
"species_1_contemp_ice_extrap",99.7549152594085,0.530804574489594
"species_1_contemp_ice_extrap",100.002271714234,0.53343266248703
"species_1_contemp_ice_extrap",100.249628169059,0.536058843135834
"species_1_contemp_ice_extrap",100.496984623885,0.53868305683136
"species_1_contemp_ice_extrap",100.74434107871,0.541305124759674
"species_1_contemp_ice_extrap",100.991697533536,0.543924927711487
"species_1_contemp_ice_extrap",101.239053988361,0.546542227268219
"species_1_contemp_ice_extrap",101.486410443186,0.549157083034515
"species_1_contemp_ice_extrap",101.733766898012,0.551769077777863
"species_1_contemp_ice_extrap",101.981123352837,0.55437833070755
"species_1_contemp_ice_extrap",102.228479807663,0.556984543800354
"species_1_contemp_ice_extrap",102.475836262488,0.55958765745163
"species_1_contemp_ice_extrap",102.723192717313,0.562187433242798
"species_1_contemp_ice_extrap",102.970549172139,0.564783871173859
"species_1_contemp_ice_extrap",103.217905626964,0.567376673221588
"species_1_contemp_ice_extrap",103.46526208179,0.569965898990631
"species_1_contemp_ice_extrap",103.712618536615,0.570828139781952
"species_1_contemp_ice_extrap",103.95997499144,0.570828139781952
"species_1_contemp_ice_extrap",104.207331446266,0.570828139781952
"species_1_contemp_ice_extrap",104.454687901091,0.570828139781952
"species_1_contemp_ice_extrap",104.702044355917,0.570828139781952
"species_1_contemp_ice_extrap",104.949400810742,0.570828139781952
"species_1_contemp_ice_extrap",105.196757265567,0.570828139781952
"species_1_contemp_ice_extrap",105.444113720393,0.570828139781952
"species_1_contemp_ice_extrap",105.691470175218,0.570828139781952
"species_1_contemp_ice_extrap",105.938826630044,0.570828139781952
"species_1_contemp_ice_extrap",106.186183084869,0.570828139781952
"species_1_contemp_ice_extrap",106.433539539694,0.570828139781952
"species_1_contemp_ice_extrap",106.68089599452,0.570828139781952
"species_1_contemp_ice_extrap",106.928252449345,0.570828139781952
"species_1_contemp_ice_extrap",107.175608904171,0.570828139781952
"species_1_contemp_ice_extrap",107.422965358996,0.570828139781952
"species_1_contemp_ice_extrap",107.670321813821,0.570828139781952
"species_1_contemp_ice_extrap",107.917678268647,0.570828139781952
"species_1_contemp_ice_extrap",108.165034723472,0.570828139781952
"species_1_contemp_ice_extrap",108.412391178298,0.570828139781952
"species_1_contemp_ice_extrap",108.659747633123,0.570828139781952
"species_1_contemp_ice_extrap",108.907104087948,0.570828139781952
"species_1_contemp_ice_extrap",109.154460542774,0.570828139781952
"species_1_contemp_ice_extrap",109.401816997599,0.570828139781952
"species_1_contemp_ice_extrap",109.649173452425,0.570828139781952
"species_1_contemp_ice_extrap",109.89652990725,0.570828139781952
"species_1_contemp_ice_extrap",110.143886362075,0.570828139781952
"species_1_contemp_ice_extrap",110.391242816901,0.570828139781952
"species_1_contemp_ice_extrap",110.638599271726,0.570828139781952
"species_1_contemp_ice_extrap",110.885955726552,0.570828139781952
"species_1_contemp_ice_extrap",111.133312181377,0.570828139781952
"species_1_contemp_ice_extrap",111.380668636202,0.570828139781952
"species_1_contemp_ice_extrap",111.628025091028,0.570828139781952
"species_1_contemp_ice_extrap",111.875381545853,0.570828139781952
"species_1_contemp_ice_extrap",112.122738000679,0.570828139781952
"species_1_contemp_ice_extrap",112.370094455504,0.570828139781952
"species_1_contemp_ice_extrap",112.617450910329,0.570828139781952
"species_1_contemp_ice_extrap",112.864807365155,0.570828139781952
"species_1_contemp_ice_extrap",113.11216381998,0.570828139781952
"species_1_contemp_ice_extrap",113.359520274806,0.570828139781952
"species_1_contemp_ice_extrap",113.606876729631,0.570828139781952
"species_1_contemp_ice_extrap",113.854233184456,0.570828139781952
"species_1_fetch_only",-7213.11907348633,0.871507048606873
"species_1_fetch_only",-7024.74874550781,0.871507048606873
"species_1_fetch_only",-6836.3784175293,0.871507048606873
"species_1_fetch_only",-6648.00808955078,0.871507048606873
"species_1_fetch_only",-6459.63776157227,0.871507048606873
"species_1_fetch_only",-6271.26743359375,0.871507048606873
"species_1_fetch_only",-6082.89710561523,0.871507048606873
"species_1_fetch_only",-5894.52677763672,0.871507048606873
"species_1_fetch_only",-5706.1564496582,0.871507048606873
"species_1_fetch_only",-5517.78612167969,0.871507048606873
"species_1_fetch_only",-5329.41579370117,0.871507048606873
"species_1_fetch_only",-5141.04546572266,0.871507048606873
"species_1_fetch_only",-4952.67513774414,0.871507048606873
"species_1_fetch_only",-4764.30480976562,0.871507048606873
"species_1_fetch_only",-4575.93448178711,0.871507048606873
"species_1_fetch_only",-4387.56415380859,0.871507048606873
"species_1_fetch_only",-4199.19382583008,0.871507048606873
"species_1_fetch_only",-4010.82349785156,0.871507048606873
"species_1_fetch_only",-3822.45316987305,0.871507048606873
"species_1_fetch_only",-3634.08284189453,0.871507048606873
"species_1_fetch_only",-3445.71251391602,0.871507048606873
"species_1_fetch_only",-3257.3421859375,0.871507048606873
"species_1_fetch_only",-3068.97185795898,0.871507048606873
"species_1_fetch_only",-2880.60152998047,0.871507048606873
"species_1_fetch_only",-2692.23120200195,0.871507048606873
"species_1_fetch_only",-2503.86087402344,0.871507048606873
"species_1_fetch_only",-2315.49054604492,0.871507048606873
"species_1_fetch_only",-2127.12021806641,0.871507048606873
"species_1_fetch_only",-1938.74989008789,0.871507048606873
"species_1_fetch_only",-1750.37956210938,0.871507048606873
"species_1_fetch_only",-1562.00923413086,0.871507048606873
"species_1_fetch_only",-1373.63890615234,0.871507048606873
"species_1_fetch_only",-1185.26857817383,0.871507048606873
"species_1_fetch_only",-996.898250195311,0.871507048606873
"species_1_fetch_only",-808.527922216796,0.871507048606873
"species_1_fetch_only",-620.157594238281,0.871507048606873
"species_1_fetch_only",-431.787266259766,0.871507048606873
"species_1_fetch_only",-243.41693828125,0.871507048606873
"species_1_fetch_only",-55.0466103027338,0.871507048606873
"species_1_fetch_only",133.323717675781,0.871507048606873
"species_1_fetch_only",321.694045654297,0.871507048606873
"species_1_fetch_only",510.064373632814,0.871507048606873
"species_1_fetch_only",698.434701611329,0.891701459884644
"species_1_fetch_only",886.805029589845,0.911568403244019
"species_1_fetch_only",1075.17535756836,0.907337069511414
"species_1_fetch_only",1263.54568554688,0.902924835681915
"species_1_fetch_only",1451.91601352539,0.898326098918915
"species_1_fetch_only",1640.28634150391,0.893535137176514
"species_1_fetch_only",1828.65666948242,0.888546466827393
"species_1_fetch_only",2017.02699746094,0.883354544639587
"species_1_fetch_only",2205.39732543946,0.877954006195068
"species_1_fetch_only",2393.76765341797,0.87233954668045
"species_1_fetch_only",2582.13798139648,0.866506040096283
"species_1_fetch_only",2770.508309375,0.860448658466339
"species_1_fetch_only",2958.87863735352,0.854162693023682
"species_1_fetch_only",3147.24896533203,0.847643673419952
"species_1_fetch_only",3335.61929331055,0.840887546539307
"species_1_fetch_only",3523.98962128906,0.833890557289124
"species_1_fetch_only",3712.35994926758,0.826649248600006
"species_1_fetch_only",3900.7302772461,0.819160759449005
"species_1_fetch_only",4089.10060522461,0.81142258644104
"species_1_fetch_only",4277.47093320313,0.803432762622833
"species_1_fetch_only",4465.84126118164,0.795189797878265
"species_1_fetch_only",4654.21158916016,0.786693036556244
"species_1_fetch_only",4842.58191713867,0.7779421210289
"species_1_fetch_only",5030.95224511719,0.768937706947327
"species_1_fetch_only",5219.32257309571,0.759680926799774
"species_1_fetch_only",5407.69290107422,0.750173807144165
"species_1_fetch_only",5596.06322905274,0.740419089794159
"species_1_fetch_only",5784.43355703125,0.730420351028442
"species_1_fetch_only",5972.80388500977,0.720182061195374
"species_1_fetch_only",6161.17421298828,0.709709405899048
"species_1_fetch_only",6349.5445409668,0.699008643627167
"species_1_fetch_only",6537.91486894531,0.688086748123169
"species_1_fetch_only",6726.28519692383,0.676951766014099
"species_1_fetch_only",6914.65552490235,0.665612399578094
"species_1_fetch_only",7103.02585288086,0.654078423976898
"species_1_fetch_only",7291.39618085938,0.642360389232635
"species_1_fetch_only",7479.76650883789,0.630469620227814
"species_1_fetch_only",7668.13683681641,0.618418395519257
"species_1_fetch_only",7856.50716479492,0.606219589710236
"species_1_fetch_only",8044.87749277344,0.593886971473694
"species_1_fetch_only",8233.24782075196,0.581434726715088
"species_1_fetch_only",8421.61814873047,0.568877875804901
"species_1_fetch_only",8609.98847670899,0.556231796741486
"species_1_fetch_only",8798.3588046875,0.543512463569641
"species_1_fetch_only",8986.72913266602,0.530736088752747
"species_1_fetch_only",9175.09946064453,0.517919301986694
"species_1_fetch_only",9363.46978862305,0.505078911781311
"species_1_fetch_only",9551.84011660156,0.492231845855713
"species_1_fetch_only",9740.21044458008,0.479395031929016
"species_1_fetch_only",9928.5807725586,0.466585278511047
"species_1_fetch_only",10116.9511005371,0.453819513320923
"species_1_fetch_only",10305.3214285156,0.441114187240601
"species_1_fetch_only",10493.6917564941,0.42848551273346
"species_1_fetch_only",10682.0620844727,0.41594922542572
"species_1_fetch_only",10870.4324124512,0.403520822525024
"species_1_fetch_only",11058.8027404297,0.391215056180954
"species_1_fetch_only",11247.1730684082,0.379046052694321
"species_1_fetch_only",11435.5433963867,0.367027372121811
"species_1_fetch_only",11623.9137243652,0.355171769857407
"species_1_fetch_only",11812.2840523438,0.343491345643997
"species_1_fetch_only",12000.6543803223,0.331997275352478
"species_1_fetch_only",12189.0247083008,0.32069993019104
"species_1_fetch_only",12377.3950362793,0.310675948858261
"species_1_fetch_only",12565.7653642578,0.302208870649338
"species_1_fetch_only",12754.1356922363,0.293938785791397
"species_1_fetch_only",12942.5060202148,0.286389946937561
"species_1_fetch_only",13130.8763481934,0.279596507549286
"species_1_fetch_only",13319.2466761719,0.273131489753723
"species_1_fetch_only",13507.6170041504,0.266910791397095
"species_1_fetch_only",13695.9873321289,0.261828631162643
"species_1_fetch_only",13884.3576601074,0.257925361394882
"species_1_fetch_only",14072.7279880859,0.254060298204422
"species_1_fetch_only",14261.0983160645,0.250233560800552
"species_1_fetch_only",14449.468644043,0.246445462107658
"species_1_fetch_only",14637.8389720215,0.242696136236191
"species_1_fetch_only",14826.2093,0.238985776901245
"species_1_fetch_only",15014.5796279785,0.235314473509789
"species_1_fetch_only",15202.949955957,0.231682434678078
"species_1_fetch_only",15391.3202839355,0.228089734911919
"species_1_fetch_only",15579.6906119141,0.224536448717117
"species_1_fetch_only",15768.0609398926,0.221022680401802
"species_1_fetch_only",15956.4312678711,0.217548459768295
"species_1_fetch_only",16144.8015958496,0.214113846421242
"species_1_fetch_only",16333.1719238281,0.210718855261803
"species_1_fetch_only",16521.5422518066,0.207363486289978
"species_1_fetch_only",16709.9125797852,0.204047754406929
"species_1_fetch_only",16898.2829077637,0.20077158510685
"species_1_fetch_only",17086.6532357422,0.197534993290901
"species_1_fetch_only",17275.0235637207,0.194337859749794
"species_1_fetch_only",17463.3938916992,0.191180139780045
"species_1_fetch_only",17651.7642196777,0.188061788678169
"species_1_fetch_only",17840.1345476562,0.184982642531395
"species_1_fetch_only",18028.5048756348,0.181942641735077
"species_1_fetch_only",18216.8752036133,0.17894159257412
"species_1_fetch_only",18405.2455315918,0.175979390740395
"species_1_fetch_only",18593.6158595703,0.173055931925774
"species_1_fetch_only",18781.9861875488,0.170170977711678
"species_1_fetch_only",18970.3565155273,0.167324393987656
"species_1_fetch_only",19158.7268435059,0.164516001939774
"species_1_fetch_only",19347.0971714844,0.161745563149452
"species_1_fetch_only",19535.4674994629,0.15901292860508
"species_1_fetch_only",19723.8378274414,0.156317830085754
"species_1_fetch_only",19912.2081554199,0.15366005897522
"species_1_fetch_only",20100.5784833984,0.15103942155838
"species_1_fetch_only",20288.948811377,0.148455604910851
"species_1_fetch_only",20477.3191393555,0.145908415317535
"species_1_fetch_only",20665.689467334,0.143397554755211
"species_1_fetch_only",20854.0597953125,0.140922769904137
"species_1_fetch_only",21042.430123291,0.138483807444572
"species_1_fetch_only",21230.8004512695,0.136080354452133
"species_1_fetch_only",21419.170779248,0.133712157607079
"species_1_fetch_only",21607.5411072266,0.131378889083862
"species_1_fetch_only",21795.9114352051,0.129080265760422
"species_1_fetch_only",21984.2817631836,0.126816019415855
"species_1_fetch_only",22172.6520911621,0.124585777521133
"species_1_fetch_only",22361.0224191406,0.122389279305935
"species_1_fetch_only",22549.3927471191,0.120226174592972
"species_1_fetch_only",22737.7630750977,0.118096150457859
"species_1_fetch_only",22926.1334030762,0.115998908877373
"species_1_fetch_only",23114.5037310547,0.113934084773064
"species_1_fetch_only",23302.8740590332,0.111901357769966
"species_1_fetch_only",23491.2443870117,0.109900422394276
"species_1_fetch_only",23679.6147149902,0.107930891215801
"species_1_fetch_only",23867.9850429688,0.10599248111248
"species_1_fetch_only",24056.3553709473,0.104084797203541
"species_1_fetch_only",24244.7256989258,0.102207526564598
"species_1_fetch_only",24433.0960269043,0.100360341370106
"species_1_fetch_only",24621.4663548828,0.0985428541898727
"species_1_fetch_only",24809.8366828613,0.0967547595500946
"species_1_fetch_only",24998.2070108398,0.0949956774711609
"species_1_fetch_only",25186.5773388184,0.0932652726769447
"species_1_fetch_only",25374.9476667969,0.0915632098913193
"species_1_fetch_only",25563.3179947754,0.0898891240358353
"species_1_fetch_only",25751.6883227539,0.0882426798343658
"species_1_fetch_only",25940.0586507324,0.0866235122084618
"species_1_fetch_only",26128.4289787109,0.0850312784314156
"species_1_fetch_only",26316.7993066895,0.0834656581282616
"species_1_fetch_only",26505.169634668,0.0819262638688087
"species_1_fetch_only",26693.5399626465,0.0804127901792526
"species_1_fetch_only",26881.910290625,0.0789248570799828
"species_1_fetch_only",27070.2806186035,0.0774621292948723
"species_1_fetch_only",27258.650946582,0.0760242938995361
"species_1_fetch_only",27447.0212745606,0.0746109783649445
"species_1_fetch_only",27635.3916025391,0.0732218474149704
"species_1_fetch_only",27823.7619305176,0.0718565881252289
"species_1_fetch_only",28012.1322584961,0.0705148354172707
"species_1_fetch_only",28200.5025864746,0.0691962763667107
"species_1_fetch_only",28388.8729144531,0.0679005682468414
"species_1_fetch_only",28577.2432424317,0.0666273757815361
"species_1_fetch_only",28765.6135704102,0.0653764009475708
"species_1_fetch_only",28953.9838983887,0.0641472861170769
"species_1_fetch_only",29142.3542263672,0.062939740717411
"species_1_fetch_only",29330.7245543457,0.0617534071207047
"species_1_fetch_only",29519.0948823242,0.0605879910290241
"species_1_fetch_only",29707.4652103027,0.059443186968565
"species_1_fetch_only",29895.8355382813,0.0583186596632004
"species_1_fetch_only",30084.2058662598,0.0572141222655773
"species_1_fetch_only",30272.5761942383,0.0561292469501495
"species_1_fetch_only",30460.9465222168,0.0550637431442738
"species_1_fetch_only",30649.3168501953,0.0540173165500164
"species_1_fetch_only",30837.6871781738,0.0529896542429924
"species_1_fetch_only",31026.0575061523,0.0519804731011391
"species_1_fetch_only",31214.4278341309,0.0509894713759422
"species_1_fetch_only",31402.7981621094,0.0500163659453392
"species_1_fetch_only",31591.1684900879,0.0490608774125576
"species_1_fetch_only",31779.5388180664,0.0481227114796638
"species_1_fetch_only",31967.9091460449,0.0472016036510468
"species_1_fetch_only",32156.2794740234,0.0462972596287727
"species_1_fetch_only",32344.649802002,0.0454094149172306
"species_1_fetch_only",32533.0201299805,0.0445378124713898
"species_1_fetch_only",32721.390457959,0.0436821654438972
"species_1_fetch_only",32909.7607859375,0.0428422167897224
"species_1_fetch_only",33098.131113916,0.0420177131891251
"species_1_fetch_only",33286.5014418945,0.0412084087729454
"species_1_fetch_only",33474.8717698731,0.0404140204191208
"species_1_fetch_only",33663.2420978516,0.0396343097090721
"species_1_fetch_only",33851.6124258301,0.03886903449893
"species_1_fetch_only",34039.9827538086,0.0381179489195347
"species_1_fetch_only",34228.3530817871,0.0373808294534683
"species_1_fetch_only",34416.7234097656,0.0366574041545391
"species_1_fetch_only",34605.0937377441,0.0359474569559097
"species_1_fetch_only",34793.4640657227,0.0352507531642914
"species_1_fetch_only",34981.8343937012,0.0345670729875565
"species_1_fetch_only",35170.2047216797,0.0338961966335773
"species_1_fetch_only",35358.5750496582,0.0332378819584846
"species_1_fetch_only",35546.9453776367,0.0325919203460217
"species_1_fetch_only",35735.3157056152,0.031958095729351
"species_1_fetch_only",35923.6860335938,0.0313361994922161
"species_1_fetch_only",36112.0563615723,0.030726034194231
"species_1_fetch_only",36300.4266895508,0.0301273670047522
"species_1_fetch_only",36488.7970175293,0.0295400097966194
"species_1_fetch_only",36677.1673455078,0.0289637614041567
"species_1_fetch_only",36865.5376734863,0.0283984243869781
"species_1_fetch_only",37053.9080014648,0.0278438180685043
"species_1_fetch_only",37242.2783294434,0.0272997263818979
"species_1_fetch_only",37430.6486574219,0.0267659742385149
"species_1_fetch_only",37619.0189854004,0.0262423772364855
"species_1_fetch_only",37807.3893133789,0.0257287509739399
"species_1_fetch_only",37995.7596413574,0.0252249278128147
"species_1_fetch_only",38184.129969336,0.0247307103127241
"species_1_fetch_only",38372.5002973145,0.024245934560895
"species_1_fetch_only",38560.870625293,0.0237704291939735
"species_1_fetch_only",38749.2409532715,0.0233040265738964
"species_1_fetch_only",38937.61128125,0.0228465721011162
"species_1_fetch_only",39125.9816092285,0.0223978813737631
"species_1_fetch_only",39314.351937207,0.02195780351758
"species_1_fetch_only",39502.7222651855,0.0215261839330196
"species_1_fetch_only",39691.0925931641,0.0211028642952442
"species_1_fetch_only",39879.4629211426,0.0206876937299967
"species_1_fetch_only",40067.8332491211,0.0202805306762457
"species_1_fetch_only",40256.2035770996,0.019881209358573
"species_1_fetch_only",40444.5739050781,0.0194895956665277
"species_1_fetch_only",40632.9442330567,0.0191055443137884
"species_1_fetch_only",40821.3145610352,0.0187428165227175
"species_1_fetch_only",41009.6848890137,0.0184371527284384
"species_1_fetch_only",41198.0552169922,0.0181417390704155
"species_1_fetch_only",41386.4255449707,0.0178514122962952
"species_1_fetch_only",41574.7958729492,0.0175699573010206
"species_1_fetch_only",41763.1662009277,0.017298175022006
"species_1_fetch_only",41951.5365289063,0.0170312449336052
"species_1_fetch_only",42139.9068568848,0.0167703777551651
"species_1_fetch_only",42328.2771848633,0.0165201146155596
"species_1_fetch_only",42516.6475128418,0.0162806939333677
"species_1_fetch_only",42705.0178408203,0.0160535927861929
"species_1_fetch_only",42893.3881687988,0.015832481905818
"species_1_fetch_only",43081.7584967774,0.0156227694824338
"species_1_fetch_only",43270.1288247559,0.0154414270073175
"species_1_fetch_only",43458.4991527344,0.0152694564312696
"species_1_fetch_only",43646.8694807129,0.0151245836168528
"species_1_fetch_only",43835.2398086914,0.0149812093004584
"species_1_fetch_only",44023.6101366699,0.0148540027439594
"species_1_fetch_only",44211.9804646484,0.0147404884919524
"species_1_fetch_only",44400.350792627,0.0146417049691081
"species_1_fetch_only",44588.7211206055,0.0145490001887083
"species_1_fetch_only",44777.091448584,0.0144568746909499
"species_1_fetch_only",44965.4617765625,0.0143653228878975
"species_1_fetch_only",45153.832104541,0.0142743429169059
"species_1_fetch_only",45342.2024325195,0.0141839301213622
"species_1_fetch_only",45530.5727604981,0.0140940817072988
"species_1_fetch_only",45718.9430884766,0.0140047967433929
"species_1_fetch_only",45907.3134164551,0.0139160668477416
"species_1_fetch_only",46095.6837444336,0.0138278920203447
"species_1_fetch_only",46284.0540724121,0.0137402676045895
"species_1_fetch_only",46472.4244003906,0.0136531908065081
"species_1_fetch_only",46660.7947283691,0.013566660694778
"species_1_fetch_only",46849.1650563477,0.013480668887496
"species_1_fetch_only",47037.5353843262,0.0133952153846622
"species_1_fetch_only",47225.9057123047,0.0133102955296636
"species_1_fetch_only",47414.2760402832,0.0132259074598551
"species_1_fetch_only",47602.6463682617,0.013142048381269
"species_1_fetch_only",47791.0166962402,0.0130587127059698
"species_1_fetch_only",47979.3870242188,0.0129758985713124
"species_1_fetch_only",48167.7573521973,0.0128936022520065
"species_1_fetch_only",48356.1276801758,0.012811821885407
"species_1_fetch_only",48544.4980081543,0.012730554677546
"species_1_fetch_only",48732.8683361328,0.0126497950404882
"species_1_fetch_only",48921.2386641113,0.0125695411115885
"species_1_fetch_only",49109.6089920899,0.0124897891655564
"species_1_fetch_only",49297.9793200684,0.012410537339747
"species_1_fetch_only",49486.3496480469,0.0123317828401923
"species_1_fetch_only",49674.7199760254,0.0122535228729248
"species_1_fetch_only",49863.0903040039,0.012175751850009
"species_1_fetch_only",50051.4606319824,0.0120984679087996
"species_1_fetch_only",50239.830959961,0.0120216691866517
"species_1_fetch_only",50428.2012879395,0.0119453519582748
"species_1_fetch_only",50616.571615918,0.0118695152923465
"species_1_fetch_only",50804.9419438965,0.011794151738286
"species_1_fetch_only",50993.312271875,0.011719262227416
"species_1_fetch_only",51181.6825998535,0.0116448421031237
"species_1_fetch_only",51370.052927832,0.0115708885714412
"species_1_fetch_only",51558.4232558106,0.0114974016323686
"species_1_fetch_only",51746.7935837891,0.0114243738353252
"species_1_fetch_only",51935.1639117676,0.0113518051803112
"species_1_fetch_only",52123.5342397461,0.0112796919420362
"species_1_fetch_only",52311.9045677246,0.0112080313265324
"species_1_fetch_only",52500.2748957031,0.0111368224024773
"species_1_fetch_only",52688.6452236817,0.0110660595819354
"species_1_fetch_only",52877.0155516602,0.0109957410022616
"species_1_fetch_only",53065.3858796387,0.0109258648008108
"species_1_fetch_only",53253.7562076172,0.0108663439750671
"species_1_fetch_only",53442.1265355957,0.0108332158997655
"species_1_fetch_only",53630.4968635742,0.0108019141480327
"species_1_fetch_only",53818.8671915527,0.0107707008719444
"species_1_fetch_only",54007.2375195313,0.0107395770028234
"species_1_fetch_only",54195.6078475098,0.0107085425406694
"species_1_fetch_only",54383.9781754883,0.0106775974854827
"species_1_fetch_only",54572.3485034668,0.0106467390432954
"species_1_fetch_only",54760.7188314453,0.0106159700080752
"species_1_fetch_only",54949.0891594238,0.0105852885171771
"species_1_fetch_only",55137.4594874024,0.0105546955019236
"species_1_fetch_only",55325.8298153809,0.010524190030992
"species_1_fetch_only",55514.2001433594,0.0104937702417374
"species_1_fetch_only",55702.5704713379,0.0104634389281273
"species_1_fetch_only",55890.9407993164,0.0104331932961941
"species_1_fetch_only",56079.3111272949,0.0104030352085829
"species_1_fetch_only",56267.6814552734,0.0103729628026485
"species_1_fetch_only",56456.051783252,0.0103429770097136
"species_1_fetch_only",56644.4221112305,0.010313075967133
"species_1_fetch_only",56832.792439209,0.0102832615375519
"species_1_fetch_only",57021.1627671875,0.0102535309270024
"species_1_fetch_only",57209.533095166,0.0102238869294524
"species_1_fetch_only",57397.9034231445,0.0101943276822567
"species_1_fetch_only",57586.2737511231,0.0101648522540927
"species_1_fetch_only",57774.6440791016,0.010135461576283
"species_1_fetch_only",57963.0144070801,0.010106154717505
"species_1_fetch_only",58151.3847350586,0.0100769316777587
"species_1_fetch_only",58339.7550630371,0.0100477924570441
"species_1_fetch_only",58528.1253910156,0.0100187370553613
"species_1_fetch_only",58716.4957189942,0.00998976454138756
"species_1_fetch_only",58904.8660469727,0.00996087398380041
"species_1_fetch_only",59093.2363749512,0.00993206724524498
"species_1_fetch_only",59281.6067029297,0.00990334339439869
"species_1_fetch_only",59469.9770309082,0.00987470056861639
"species_1_fetch_only",59658.3473588867,0.00984614063054323
"species_1_fetch_only",59846.7176868652,0.00981766171753406
"species_1_fetch_only",60035.0880148438,0.00978926476091146
"species_1_fetch_only",60223.4583428223,0.00976094976067543
"species_1_fetch_only",60411.8286708008,0.00973271578550339
"species_1_fetch_only",60600.1989987793,0.00970456190407276
"species_1_fetch_only",60788.5693267578,0.00967648904770613
"species_1_fetch_only",60976.9396547363,0.00964849628508091
"species_1_fetch_only",61165.3099827148,0.00962058454751968
"species_1_fetch_only",61353.6803106934,0.0095927519723773
"species_1_fetch_only",61542.0506386719,0.00956499855965376
"species_1_fetch_only",61730.4209666504,0.00953732617199421
"species_1_fetch_only",61918.7912946289,0.00950973201543093
"species_1_fetch_only",62107.1616226074,0.00948221795260906
"species_1_fetch_only",62295.5319505859,0.00945478118956089
"species_1_fetch_only",62483.9022785645,0.00942742452025414
"species_1_fetch_only",62672.272606543,0.00940014515072107
"species_1_fetch_only",62860.6429345215,0.00937294401228428
"species_1_fetch_only",63049.0132625,0.00934582203626633
"species_1_fetch_only",63237.3835904785,0.00931877736002207
"species_1_fetch_only",63425.753918457,0.0092918099835515
"species_1_fetch_only",63614.1242464356,0.00926491897553206
"species_1_fetch_only",63802.4945744141,0.00923810619860888
"species_1_fetch_only",63990.8649023926,0.00921137072145939
"species_1_fetch_only",64179.2352303711,0.00918471068143845
"species_1_fetch_only",64367.6055583496,0.0091581279411912
"species_1_fetch_only",64555.9758863281,0.00913162063807249
"species_1_fetch_only",64744.3462143066,0.0091051897034049
"species_1_fetch_only",64932.7165422852,0.00907883513718844
"species_1_fetch_only",65121.0868702637,0.00905255600810051
"species_1_fetch_only",65309.4571982422,0.00902635138481855
"species_1_fetch_only",65497.8275262207,0.00900022312998772
"species_1_fetch_only",65686.1978541992,0.00897416938096285
"species_1_fetch_only",65874.5681821777,0.00894818920642138
"species_1_fetch_only",66062.9385101563,0.00892228540033102
"species_1_fetch_only",66251.3088381348,0.00889645423740149
"species_1_fetch_only",66439.6791661133,0.0088706985116005
"species_1_fetch_only",66628.0494940918,0.0088450163602829
"species_1_fetch_only",66816.4198220703,0.00881940685212612
"species_1_fetch_only",67004.7901500488,0.00879387278109789
"species_1_fetch_only",67193.1604780273,0.0087684104219079
"species_1_fetch_only",67381.5308060059,0.00874302163720131
"species_1_fetch_only",67569.9011339844,0.00871770642697811
"species_1_fetch_only",67758.2714619629,0.00869246199727058
"species_1_fetch_only",67946.6417899414,0.00866729207336903
"species_1_fetch_only",68135.0121179199,0.00864219292998314
"species_1_fetch_only",68323.3824458984,0.00861716642975807
"species_1_fetch_only",68511.752773877,0.00859221257269382
"species_1_fetch_only",68700.1231018555,0.00856732856482267
"species_1_fetch_only",68888.493429834,0.00854251813143492
"species_1_fetch_only",69076.8637578125,0.00851777661591768
"species_1_fetch_only",69265.234085791,0.00842377170920372
"species_1_fetch_only",69453.6044137695,0.00828557182103395
"species_1_fetch_only",69641.974741748,0.00814961548894644
"species_1_fetch_only",69830.3450697266,0.00801587756723166
"species_1_fetch_only",70018.7153977051,0.00788431148976088
"species_1_fetch_only",70207.0857256836,0.00775489257648587
"species_1_fetch_only",70395.4560536621,0.00762758264318109
"species_1_fetch_only",70583.8263816406,0.00750234117731452
"species_1_fetch_only",70772.1967096191,0.00737914582714438
"species_1_fetch_only",70960.5670375977,0.00725795421749353
"species_1_fetch_only",71148.9373655762,0.0071387430652976
"species_1_fetch_only",71337.3076935547,0.00702147651463747
"species_1_fetch_only",71525.6780215332,0.00690611777827144
"species_1_fetch_only",71714.0483495117,0.00679264636710286
"species_1_fetch_only",71902.4186774902,0.00668102223426104
"species_1_fetch_only",72090.7890054687,0.00657122442498803
"species_1_fetch_only",72279.1593334473,0.00646321941167116
"species_1_fetch_only",72467.5296614258,0.00635697413235903
"species_1_fetch_only",72655.8999894043,0.00625246856361628
"species_1_fetch_only",72844.2703173828,0.00614966591820121
"species_1_fetch_only",73032.6406453613,0.00604854756966233
"species_1_fetch_only",73221.0109733399,0.00594908185303211
"species_1_fetch_only",73409.3813013184,0.00585123850032687
"species_1_fetch_only",73597.7516292969,0.00575499841943383
"species_1_fetch_only",73786.1219572754,0.00566032901406288
"species_1_fetch_only",73974.4922852539,0.00556721165776253
"species_1_fetch_only",74162.8626132324,0.00547561794519424
"species_1_fetch_only",74351.2329412109,0.00538551900535822
"species_1_fetch_only",74539.6032691895,0.0052968985401094
"species_1_fetch_only",74727.973597168,0.00520972488448024
"species_1_fetch_only",74916.3439251465,0.00512398220598698
"species_1_fetch_only",75104.714253125,0.00503964349627495
"species_1_fetch_only",75293.0845811035,0.00495668267831206
"species_1_fetch_only",75481.454909082,0.00487508438527584
"species_1_fetch_only",75669.8252370606,0.00479481928050518
"species_1_fetch_only",75858.1955650391,0.00471587292850018
"species_1_fetch_only",76046.5658930176,0.00463822018355131
"species_1_fetch_only",76234.9362209961,0.00456183729693294
"species_1_fetch_only",76423.3065489746,0.00448670983314514
"species_1_fetch_only",76611.6768769531,0.00441281078383327
"species_1_fetch_only",76800.0472049316,0.00434012664481997
"species_1_fetch_only",76988.4175329102,0.00426863459870219
"species_1_fetch_only",77176.7878608887,0.00419831229373813
"species_1_fetch_only",77365.1581888672,0.00412914669141173
"species_1_fetch_only",77553.5285168457,0.0040611126460135
"species_1_fetch_only",77741.8988448242,0.00399419851601124
"species_1_fetch_only",77930.2691728027,0.00392838194966316
"species_1_fetch_only",78118.6395007813,0.0038636433891952
"species_1_fetch_only",78307.0098287598,0.0037999702617526
"species_1_fetch_only",78495.3801567383,0.00373733974993229
"species_1_fetch_only",78683.7504847168,0.00367574044503272
"species_1_fetch_only",78872.1208126953,0.00361515255644917
"species_1_fetch_only",79060.4911406738,0.00355555745773017
"species_1_fetch_only",79248.8614686524,0.0035359114408493
"species_1_fetch_only",79437.2317966309,0.0035359114408493
"species_1_fetch_only",79625.6021246094,0.0035359114408493
"species_1_fetch_only",79813.9724525879,0.0035359114408493
"species_1_fetch_only",80002.3427805664,0.0035359114408493
"species_1_fetch_only",80190.7131085449,0.0035359114408493
"species_1_fetch_only",80379.0834365234,0.0035359114408493
"species_1_fetch_only",80567.453764502,0.0035359114408493
"species_1_fetch_only",80755.8240924805,0.0035359114408493
"species_1_fetch_only",80944.194420459,0.0035359114408493
"species_1_fetch_only",81132.5647484375,0.0035359114408493
"species_1_fetch_only",81320.935076416,0.0035359114408493
"species_1_fetch_only",81509.3054043945,0.0035359114408493
"species_1_fetch_only",81697.675732373,0.0035359114408493
"species_1_fetch_only",81886.0460603516,0.0035359114408493
"species_1_fetch_only",82074.4163883301,0.0035359114408493
"species_1_fetch_only",82262.7867163086,0.0035359114408493
"species_1_fetch_only",82451.1570442871,0.0035359114408493
"species_1_fetch_only",82639.5273722656,0.0035359114408493
"species_1_fetch_only",82827.8977002442,0.0035359114408493
"species_1_fetch_only",83016.2680282227,0.0035359114408493
"species_1_fetch_only",83204.6383562012,0.0035359114408493
"species_1_fetch_only",83393.0086841797,0.0035359114408493
"species_1_fetch_only",83581.3790121582,0.0035359114408493
"species_1_fetch_only",83769.7493401367,0.0035359114408493
"species_1_fetch_only",83958.1196681152,0.0035359114408493
"species_1_fetch_only",84146.4899960938,0.0035359114408493
"species_1_fetch_only",84334.8603240723,0.0035359114408493
"species_1_fetch_only",84523.2306520508,0.0035359114408493
"species_1_fetch_only",84711.6009800293,0.0035359114408493
"species_1_fetch_only",84899.9713080078,0.0035359114408493
"species_1_fetch_only",85088.3416359863,0.0035359114408493
"species_1_fetch_only",85276.7119639648,0.0035359114408493
"species_1_fetch_only",85465.0822919434,0.0035359114408493
"species_1_fetch_only",85653.4526199219,0.0035359114408493
"species_1_fetch_only",85841.8229479004,0.0035359114408493
"species_1_fetch_only",86030.1932758789,0.0035359114408493
"species_1_fetch_only",86218.5636038574,0.0035359114408493
"species_1_fetch_only",86406.9339318359,0.0035359114408493
"species_1_fetch_only",86595.3042598145,0.0035359114408493
"species_1_fetch_only",86783.674587793,0.0035359114408493
"species_1_fetch_only",86972.0449157715,0.0035359114408493
"species_1_fetch",-7213.11907348633,0.669792890548706
"species_1_fetch",-7024.74874550781,0.669792890548706
"species_1_fetch",-6836.3784175293,0.669792890548706
"species_1_fetch",-6648.00808955078,0.669792890548706
"species_1_fetch",-6459.63776157227,0.669792890548706
"species_1_fetch",-6271.26743359375,0.669792890548706
"species_1_fetch",-6082.89710561523,0.669792890548706
"species_1_fetch",-5894.52677763672,0.669792890548706
"species_1_fetch",-5706.1564496582,0.669792890548706
"species_1_fetch",-5517.78612167969,0.669792890548706
"species_1_fetch",-5329.41579370117,0.669792890548706
"species_1_fetch",-5141.04546572266,0.669792890548706
"species_1_fetch",-4952.67513774414,0.669792890548706
"species_1_fetch",-4764.30480976562,0.669792890548706
"species_1_fetch",-4575.93448178711,0.669792890548706
"species_1_fetch",-4387.56415380859,0.669792890548706
"species_1_fetch",-4199.19382583008,0.669792890548706
"species_1_fetch",-4010.82349785156,0.669792890548706
"species_1_fetch",-3822.45316987305,0.669792890548706
"species_1_fetch",-3634.08284189453,0.669792890548706
"species_1_fetch",-3445.71251391602,0.669792890548706
"species_1_fetch",-3257.3421859375,0.669792890548706
"species_1_fetch",-3068.97185795898,0.669792890548706
"species_1_fetch",-2880.60152998047,0.669792890548706
"species_1_fetch",-2692.23120200195,0.669792890548706
"species_1_fetch",-2503.86087402344,0.669792890548706
"species_1_fetch",-2315.49054604492,0.669792890548706
"species_1_fetch",-2127.12021806641,0.669792890548706
"species_1_fetch",-1938.74989008789,0.669792890548706
"species_1_fetch",-1750.37956210938,0.669792890548706
"species_1_fetch",-1562.00923413086,0.669792890548706
"species_1_fetch",-1373.63890615234,0.669792890548706
"species_1_fetch",-1185.26857817383,0.669792890548706
"species_1_fetch",-996.898250195311,0.669792890548706
"species_1_fetch",-808.527922216796,0.669792890548706
"species_1_fetch",-620.157594238281,0.669792890548706
"species_1_fetch",-431.787266259766,0.669792890548706
"species_1_fetch",-243.41693828125,0.669792890548706
"species_1_fetch",-55.0466103027338,0.669792890548706
"species_1_fetch",133.323717675781,0.669792890548706
"species_1_fetch",321.694045654297,0.669792890548706
"species_1_fetch",510.064373632814,0.669792890548706
"species_1_fetch",698.434701611329,0.695098578929901
"species_1_fetch",886.805029589845,0.739367604255676
"species_1_fetch",1075.17535756836,0.76121324300766
"species_1_fetch",1263.54568554688,0.781768321990967
"species_1_fetch",1451.91601352539,0.77919727563858
"species_1_fetch",1640.28634150391,0.77311247587204
"species_1_fetch",1828.65666948242,0.766910135746002
"species_1_fetch",2017.02699746094,0.760590732097626
"species_1_fetch",2205.39732543946,0.754154920578003
"species_1_fetch",2393.76765341797,0.747603535652161
"species_1_fetch",2582.13798139648,0.74093747138977
"species_1_fetch",2770.508309375,0.734158039093018
"species_1_fetch",2958.87863735352,0.727266430854797
"species_1_fetch",3147.24896533203,0.720264315605164
"species_1_fetch",3335.61929331055,0.713153302669525
"species_1_fetch",3523.98962128906,0.705935299396515
"species_1_fetch",3712.35994926758,0.698612451553345
"species_1_fetch",3900.7302772461,0.691187024116516
"species_1_fetch",4089.10060522461,0.683661460876465
"species_1_fetch",4277.47093320313,0.676038503646851
"species_1_fetch",4465.84126118164,0.668320894241333
"species_1_fetch",4654.21158916016,0.66051185131073
"species_1_fetch",4842.58191713867,0.65261447429657
"species_1_fetch",5030.95224511719,0.64463222026825
"species_1_fetch",5219.32257309571,0.6365687251091
"species_1_fetch",5407.69290107422,0.628427684307098
"species_1_fetch",5596.06322905274,0.620213091373444
"species_1_fetch",5784.43355703125,0.611929059028625
"species_1_fetch",5972.80388500977,0.603579819202423
"species_1_fetch",6161.17421298828,0.59516978263855
"species_1_fetch",6349.5445409668,0.586703479290009
"species_1_fetch",6537.91486894531,0.578185617923737
"species_1_fetch",6726.28519692383,0.569621026515961
"species_1_fetch",6914.65552490235,0.561014533042908
"species_1_fetch",7103.02585288086,0.552371144294739
"species_1_fetch",7291.39618085938,0.543696045875549
"species_1_fetch",7479.76650883789,0.534994304180145
"species_1_fetch",7668.13683681641,0.526271283626556
"species_1_fetch",7856.50716479492,0.517532110214233
"species_1_fetch",8044.87749277344,0.508782267570496
"species_1_fetch",8233.24782075196,0.500027000904083
"species_1_fetch",8421.61814873047,0.491271734237671
"species_1_fetch",8609.98847670899,0.482521831989288
"species_1_fetch",8798.3588046875,0.473782628774643
"species_1_fetch",8986.72913266602,0.465059399604797
"species_1_fetch",9175.09946064453,0.456357538700104
"species_1_fetch",9363.46978862305,0.44768226146698
"species_1_fetch",9551.84011660156,0.439038693904877
"species_1_fetch",9740.21044458008,0.430431962013245
"species_1_fetch",9928.5807725586,0.421867042779922
"species_1_fetch",10116.9511005371,0.413348883390427
"species_1_fetch",10305.3214285156,0.404882282018661
"species_1_fetch",10493.6917564941,0.39647188782692
"species_1_fetch",10682.0620844727,0.388122230768204
"species_1_fetch",10870.4324124512,0.379837781190872
"species_1_fetch",11058.8027404297,0.371622771024704
"species_1_fetch",11247.1730684082,0.363481283187866
"species_1_fetch",11435.5433963867,0.355417281389236
"species_1_fetch",11623.9137243652,0.347434490919113
"species_1_fetch",11812.2840523438,0.339536607265472
"species_1_fetch",12000.6543803223,0.331726968288422
"species_1_fetch",12189.0247083008,0.324008852243423
"species_1_fetch",12377.3950362793,0.316385239362717
"species_1_fetch",12565.7653642578,0.30885910987854
"species_1_fetch",12754.1356922363,0.301433056592941
"species_1_fetch",12942.5060202148,0.294109553098679
"species_1_fetch",13130.8763481934,0.286890923976898
"species_1_fetch",13319.2466761719,0.279891520738602
"species_1_fetch",13507.6170041504,0.273688137531281
"species_1_fetch",13695.9873321289,0.267857789993286
"species_1_fetch",13884.3576601074,0.262618631124496
"species_1_fetch",14072.7279880859,0.257720202207565
"species_1_fetch",14261.0983160645,0.253954887390137
"species_1_fetch",14449.468644043,0.251130074262619
"species_1_fetch",14637.8389720215,0.248760744929314
"species_1_fetch",14826.2093,0.24640642106533
"species_1_fetch",15014.5796279785,0.244067132472992
"species_1_fetch",15202.949955957,0.241742938756943
"species_1_fetch",15391.3202839355,0.239433869719505
"species_1_fetch",15579.6906119141,0.237139970064163
"species_1_fetch",15768.0609398926,0.234861239790916
"species_1_fetch",15956.4312678711,0.232597723603249
"species_1_fetch",16144.8015958496,0.230349481105804
"species_1_fetch",16333.1719238281,0.228116497397423
"species_1_fetch",16521.5422518066,0.225898787379265
"species_1_fetch",16709.9125797852,0.223696425557137
"species_1_fetch",16898.2829077637,0.221509367227554
"species_1_fetch",17086.6532357422,0.219337671995163
"species_1_fetch",17275.0235637207,0.217181295156479
"species_1_fetch",17463.3938916992,0.215040296316147
"species_1_fetch",17651.7642196777,0.212914675474167
"species_1_fetch",17840.1345476562,0.210804402828217
"species_1_fetch",18028.5048756348,0.208709508180618
"species_1_fetch",18216.8752036133,0.206629976630211
"species_1_fetch",18405.2455315918,0.204565808176994
"species_1_fetch",18593.6158595703,0.202517002820969
"species_1_fetch",18781.9861875488,0.200483545660973
"species_1_fetch",18970.3565155273,0.198465406894684
"species_1_fetch",19158.7268435059,0.196462616324425
"species_1_fetch",19347.0971714844,0.19447511434555
"species_1_fetch",19535.4674994629,0.192502930760384
"species_1_fetch",19723.8378274414,0.190545991063118
"species_1_fetch",19912.2081554199,0.188604295253754
"species_1_fetch",20100.5784833984,0.186677843332291
"species_1_fetch",20288.948811377,0.184766560792923
"species_1_fetch",20477.3191393555,0.182870477437973
"species_1_fetch",20665.689467334,0.180989503860474
"species_1_fetch",20854.0597953125,0.179123640060425
"species_1_fetch",21042.430123291,0.177272871136665
"species_1_fetch",21230.8004512695,0.175437122583389
"species_1_fetch",21419.170779248,0.173616379499435
"species_1_fetch",21607.5411072266,0.171810582280159
"species_1_fetch",21795.9114352051,0.170019701123238
"species_1_fetch",21984.2817631836,0.16824372112751
"species_1_fetch",22172.6520911621,0.166482552886009
"species_1_fetch",22361.0224191406,0.164736181497574
"species_1_fetch",22549.3927471191,0.163004532456398
"species_1_fetch",22737.7630750977,0.161287561058998
"species_1_fetch",22926.1334030762,0.159585252404213
"species_1_fetch",23114.5037310547,0.157897502183914
"species_1_fetch",23302.8740590332,0.156224295496941
"species_1_fetch",23491.2443870117,0.154565572738647
"species_1_fetch",23679.6147149902,0.152921259403229
"species_1_fetch",23867.9850429688,0.151291325688362
"species_1_fetch",24056.3553709473,0.14967568218708
"species_1_fetch",24244.7256989258,0.148074269294739
"species_1_fetch",24433.0960269043,0.146487072110176
"species_1_fetch",24621.4663548828,0.144913956522942
"species_1_fetch",24809.8366828613,0.143354922533035
"species_1_fetch",24998.2070108398,0.141809865832329
"species_1_fetch",25186.5773388184,0.140278741717339
"species_1_fetch",25374.9476667969,0.138761475682259
"species_1_fetch",25563.3179947754,0.137257993221283
"species_1_fetch",25751.6883227539,0.135768249630928
"species_1_fetch",25940.0586507324,0.134292140603065
"species_1_fetch",26128.4289787109,0.132829621434212
"species_1_fetch",26316.7993066895,0.131380617618561
"species_1_fetch",26505.169634668,0.129945039749146
"species_1_fetch",26693.5399626465,0.128522843122482
"species_1_fetch",26881.910290625,0.127113923430443
"species_1_fetch",27070.2806186035,0.125718221068382
"species_1_fetch",27258.650946582,0.124335676431656
"species_1_fetch",27447.0212745606,0.122966177761555
"species_1_fetch",27635.3916025391,0.121609672904015
"species_1_fetch",27823.7619305176,0.12026609480381
"species_1_fetch",28012.1322584961,0.118935331702232
"species_1_fetch",28200.5025864746,0.117617346346378
"species_1_fetch",28388.8729144531,0.116312019526958
"species_1_fetch",28577.2432424317,0.115019291639328
"species_1_fetch",28765.6135704102,0.113739095628262
"species_1_fetch",28953.9838983887,0.112471327185631
"species_1_fetch",29142.3542263672,0.111215926706791
"species_1_fetch",29330.7245543457,0.109972789883614
"species_1_fetch",29519.0948823242,0.108741849660873
"species_1_fetch",29707.4652103027,0.107523031532764
"species_1_fetch",29895.8355382813,0.106316238641739
"species_1_fetch",30084.2058662598,0.105121403932571
"species_1_fetch",30272.5761942383,0.103938423097134
"species_1_fetch",30460.9465222168,0.10276722162962
"species_1_fetch",30649.3168501953,0.101607739925385
"species_1_fetch",30837.6871781738,0.100459866225719
"species_1_fetch",31026.0575061523,0.099323533475399
"species_1_fetch",31214.4278341309,0.0981986373662949
"species_1_fetch",31402.7981621094,0.0970851108431816
"species_1_fetch",31591.1684900879,0.0959828794002533
"species_1_fetch",31779.5388180664,0.094891831278801
"species_1_fetch",31967.9091460449,0.0938119143247604
"species_1_fetch",32156.2794740234,0.0927430093288422
"species_1_fetch",32344.649802002,0.0916850566864014
"species_1_fetch",32533.0201299805,0.0906379818916321
"species_1_fetch",32721.390457959,0.0896016731858253
"species_1_fetch",32909.7607859375,0.0885760560631752
"species_1_fetch",33098.131113916,0.0875610485672951
"species_1_fetch",33286.5014418945,0.0865565910935402
"species_1_fetch",33474.8717698731,0.0855625495314598
"species_1_fetch",33663.2420978516,0.0845788717269897
"species_1_fetch",33851.6124258301,0.0836054682731628
"species_1_fetch",34039.9827538086,0.0826422572135925
"species_1_fetch",34228.3530817871,0.0816891714930534
"species_1_fetch",34416.7234097656,0.080746091902256
"species_1_fetch",34605.0937377441,0.0798129513859749
"species_1_fetch",34793.4640657227,0.0788896754384041
"species_1_fetch",34981.8343937012,0.0779761672019958
"species_1_fetch",35170.2047216797,0.077072374522686
"species_1_fetch",35358.5750496582,0.0761781707406044
"species_1_fetch",35546.9453776367,0.0752935037016869
"species_1_fetch",35735.3157056152,0.0744182765483856
"species_1_fetch",35923.6860335938,0.0735524073243141
"species_1_fetch",36112.0563615723,0.0726958513259888
"species_1_fetch",36300.4266895508,0.0718484744429588
"species_1_fetch",36488.7970175293,0.0710102170705795
"species_1_fetch",36677.1673455078,0.0701809972524643
"species_1_fetch",36865.5376734863,0.0693607404828072
"species_1_fetch",37053.9080014648,0.0685493871569633
"species_1_fetch",37242.2783294434,0.0677468106150627
"species_1_fetch",37430.6486574219,0.0669529512524605
"species_1_fetch",37619.0189854004,0.0661677420139313
"species_1_fetch",37807.3893133789,0.0653910934925079
"species_1_fetch",37995.7596413574,0.0646229460835457
"species_1_fetch",38184.129969336,0.0638631880283356
"species_1_fetch",38372.5002973145,0.0631117597222328
"species_1_fetch",38560.870625293,0.0623685866594315
"species_1_fetch",38749.2409532715,0.0616335868835449
"species_1_fetch",38937.61128125,0.0609067007899284
"species_1_fetch",39125.9816092285,0.0601878240704537
"species_1_fetch",39314.351937207,0.0594768933951855
"species_1_fetch",39502.7222651855,0.0587738379836082
"species_1_fetch",39691.0925931641,0.0580785758793354
"species_1_fetch",39879.4629211426,0.0573910400271416
"species_1_fetch",40067.8332491211,0.0567111670970917
"species_1_fetch",40256.2035770996,0.0560557320713997
"species_1_fetch",40444.5739050781,0.0554776377975941
"species_1_fetch",40632.9442330567,0.0549742318689823
"species_1_fetch",40821.3145610352,0.0545992255210876
"species_1_fetch",41009.6848890137,0.0542650818824768
"species_1_fetch",41198.0552169922,0.0539446175098419
"species_1_fetch",41386.4255449707,0.05362593755126
"species_1_fetch",41574.7958729492,0.0533090308308601
"species_1_fetch",41763.1662009277,0.052993893623352
"species_1_fetch",41951.5365289063,0.0526805222034454
"species_1_fetch",42139.9068568848,0.0523688979446888
"species_1_fetch",42328.2771848633,0.0520803816616535
"species_1_fetch",42516.6475128418,0.0518246702849865
"species_1_fetch",42705.0178408203,0.0515701435506344
"species_1_fetch",42893.3881687988,0.051331702619791
"species_1_fetch",43081.7584967774,0.0511202812194824
"species_1_fetch",43270.1288247559,0.0509457513689995
"species_1_fetch",43458.4991527344,0.0507906042039394
"species_1_fetch",43646.8694807129,0.0506596714258194
"species_1_fetch",43835.2398086914,0.0505359210073948
"species_1_fetch",44023.6101366699,0.0504124499857426
"species_1_fetch",44211.9804646484,0.0502892695367336
"species_1_fetch",44400.350792627,0.0501663722097874
"species_1_fetch",44588.7211206055,0.0500437580049038
"species_1_fetch",44777.091448584,0.0499214306473732
"species_1_fetch",44965.4617765625,0.0497993864119053
"species_1_fetch",45153.832104541,0.0496776215732098
"species_1_fetch",45342.2024325195,0.0495561435818672
"species_1_fetch",45530.5727604981,0.0494349412620068
"species_1_fetch",45718.9430884766,0.0493140257894993
"species_1_fetch",45907.3134164551,0.0491933897137642
"species_1_fetch",46095.6837444336,0.0490730330348015
"species_1_fetch",46284.0540724121,0.0489529520273209
"species_1_fetch",46472.4244003906,0.0488331541419029
"species_1_fetch",46660.7947283691,0.0487136356532574
"species_1_fetch",46849.1650563477,0.0485943891108036
"species_1_fetch",47037.5353843262,0.0484754219651222
"species_1_fetch",47225.9057123047,0.0483567342162132
"species_1_fetch",47414.2760402832,0.048238318413496
"species_1_fetch",47602.6463682617,0.0481201820075512
"species_1_fetch",47791.0166962402,0.0480023175477982
"species_1_fetch",47979.3870242188,0.0478847250342369
"species_1_fetch",48167.7573521973,0.0477674081921578
"species_1_fetch",48356.1276801758,0.0476503670215607
"species_1_fetch",48544.4980081543,0.0475335977971554
"species_1_fetch",48732.8683361328,0.0474170967936516
"species_1_fetch",48921.2386641113,0.0473008677363396
"species_1_fetch",49109.6089920899,0.0471849106252194
"species_1_fetch",49297.9793200684,0.0470692254602909
"species_1_fetch",49486.3496480469,0.046953808516264
"species_1_fetch",49674.7199760254,0.0468386635184288
"species_1_fetch",49863.0903040039,0.0467237830162048
"species_1_fetch",50051.4606319824,0.0466091707348824
"species_1_fetch",50239.830959961,0.0464948266744614
"species_1_fetch",50428.2012879395,0.0463807471096516
"species_1_fetch",50616.571615918,0.0462669394910336
"species_1_fetch",50804.9419438965,0.0461533926427364
"species_1_fetch",50993.312271875,0.0460401140153408
"species_1_fetch",51181.6825998535,0.0459270998835564
"species_1_fetch",51370.052927832,0.0458143465220928
"species_1_fetch",51558.4232558106,0.0457018613815308
"species_1_fetch",51746.7935837891,0.0455896370112896
"species_1_fetch",51935.1639117676,0.0454776734113693
"species_1_fetch",52123.5342397461,0.0453659743070602
"species_1_fetch",52311.9045677246,0.045254535973072
"species_1_fetch",52500.2748957031,0.0451433584094048
"species_1_fetch",52688.6452236817,0.0450348556041718
"species_1_fetch",52877.0155516602,0.0449907034635544
"species_1_fetch",53065.3858796387,0.0449515469372272
"species_1_fetch",53253.7562076172,0.0449124164879322
"species_1_fetch",53442.1265355957,0.0448733232915402
"species_1_fetch",53630.4968635742,0.0448342636227608
"species_1_fetch",53818.8671915527,0.0447952337563038
"species_1_fetch",54007.2375195313,0.0447562336921692
"species_1_fetch",54195.6078475098,0.0447172708809376
"species_1_fetch",54383.9781754883,0.0446783378720284
"species_1_fetch",54572.3485034668,0.0446394383907318
"species_1_fetch",54760.7188314453,0.0446005687117577
"species_1_fetch",54949.0891594238,0.0445617325603962
"species_1_fetch",55137.4594874024,0.0445229299366474
"species_1_fetch",55325.8298153809,0.0444841608405113
"species_1_fetch",55514.2001433594,0.0444454215466976
"species_1_fetch",55702.5704713379,0.0444067120552063
"species_1_fetch",55890.9407993164,0.044368039816618
"species_1_fetch",56079.3111272949,0.0443293936550617
"species_1_fetch",56267.6814552734,0.0442907847464085
"species_1_fetch",56456.051783252,0.0442522056400776
"species_1_fetch",56644.4221112305,0.0442136600613594
"species_1_fetch",56832.792439209,0.0441751442849636
"species_1_fetch",57021.1627671875,0.0441366620361805
"species_1_fetch",57209.533095166,0.0440982133150101
"species_1_fetch",57397.9034231445,0.044059794396162
"species_1_fetch",57586.2737511231,0.0440214090049267
"species_1_fetch",57774.6440791016,0.0439830534160137
"species_1_fetch",57963.0144070801,0.0439447313547134
"species_1_fetch",58151.3847350586,0.0439064390957355
"species_1_fetch",58339.7550630371,0.0438681803643703
"species_1_fetch",58528.1253910156,0.0438299551606178
"species_1_fetch",58716.4957189942,0.0437917560338974
"species_1_fetch",58904.8660469727,0.04375359416008
"species_1_fetch",59093.2363749512,0.0437154620885849
"species_1_fetch",59281.6067029297,0.0436773635447025
"species_1_fetch",59469.9770309082,0.0436392948031425
"species_1_fetch",59658.3473588867,0.043601255863905
"species_1_fetch",59846.7176868652,0.04356325045228
"species_1_fetch",60035.0880148438,0.0435252785682678
"species_1_fetch",60223.4583428223,0.043487336486578
"species_1_fetch",60411.8286708008,0.0434494242072105
"species_1_fetch",60600.1989987793,0.0434115454554558
"species_1_fetch",60788.5693267578,0.0433737002313137
"species_1_fetch",60976.9396547363,0.0433358810842037
"species_1_fetch",61165.3099827148,0.0432980991899967
"species_1_fetch",61353.6803106934,0.0432603470981121
"species_1_fetch",61542.0506386719,0.0432226248085499
"species_1_fetch",61730.4209666504,0.04318493232131
"species_1_fetch",61918.7912946289,0.0431472733616829
"species_1_fetch",62107.1616226074,0.0431096479296684
"species_1_fetch",62295.5319505859,0.0430720522999763
"species_1_fetch",62483.9022785645,0.0430344864726067
"species_1_fetch",62672.272606543,0.0429969541728497
"species_1_fetch",62860.6429345215,0.042959451675415
"species_1_fetch",63049.0132625,0.0429219827055931
"species_1_fetch",63237.3835904785,0.0428845398128033
"species_1_fetch",63425.753918457,0.0428471341729164
"species_1_fetch",63614.1242464356,0.0428097546100616
"species_1_fetch",63802.4945744141,0.0427724085748196
"species_1_fetch",63990.8649023926,0.0427350960671902
"species_1_fetch",64179.2352303711,0.0426978096365929
"species_1_fetch",64367.6055583496,0.0426605567336082
"species_1_fetch",64555.9758863281,0.042623333632946
"species_1_fetch",64744.3462143066,0.0425861440598965
"species_1_fetch",64932.7165422852,0.0425489842891693
"species_1_fetch",65121.0868702637,0.0425118580460548
"species_1_fetch",65309.4571982422,0.0424747578799725
"species_1_fetch",65497.8275262207,0.0424376912415028
"species_1_fetch",65686.1978541992,0.0424006544053554
"species_1_fetch",65874.5681821777,0.0423636510968208
"species_1_fetch",66062.9385101563,0.0423266775906086
"species_1_fetch",66251.3088381348,0.0422897338867188
"species_1_fetch",66439.6791661133,0.0422528199851513
"species_1_fetch",66628.0494940918,0.0422159396111965
"species_1_fetch",66816.4198220703,0.0421790853142738
"species_1_fetch",67004.7901500488,0.0421422682702541
"species_1_fetch",67193.1604780273,0.0421054773032665
"species_1_fetch",67381.5308060059,0.0420687198638916
"species_1_fetch",67569.9011339844,0.0420319922268391
"species_1_fetch",67758.2714619629,0.0419952943921089
"species_1_fetch",67946.6417899414,0.0419586263597012
"species_1_fetch",68135.0121179199,0.0419219881296158
"species_1_fetch",68323.3824458984,0.0418853834271431
"species_1_fetch",68511.752773877,0.0418488085269928
"species_1_fetch",68700.1231018555,0.0418122634291649
"species_1_fetch",68888.493429834,0.0417757518589497
"species_1_fetch",69076.8637578125,0.0417392663657665
"species_1_fetch",69265.234085791,0.0415701828896999
"species_1_fetch",69453.6044137695,0.0413142591714859
"species_1_fetch",69641.974741748,0.0410598367452622
"species_1_fetch",69830.3450697266,0.0408069230616093
"species_1_fetch",70018.7153977051,0.0405554883182049
"species_1_fetch",70207.0857256836,0.0403055511415005
"species_1_fetch",70395.4560536621,0.0400570891797543
"species_1_fetch",70583.8263816406,0.039810087531805
"species_1_fetch",70772.1967096191,0.0395645536482334
"species_1_fetch",70960.5670375977,0.0393204614520073
"species_1_fetch",71148.9373655762,0.0390778258442879
"species_1_fetch",71337.3076935547,0.0388366244733334
"species_1_fetch",71525.6780215332,0.0385968461632729
"species_1_fetch",71714.0483495117,0.0383584946393967
"species_1_fetch",71902.4186774902,0.038121547549963
"species_1_fetch",72090.7890054687,0.037886019796133
"species_1_fetch",72279.1593334473,0.0376518853008747
"species_1_fetch",72467.5296614258,0.0374191366136074
"species_1_fetch",72655.8999894043,0.0371877774596214
"species_1_fetch",72844.2703173828,0.036957785487175
"species_1_fetch",73032.6406453613,0.036729171872139
"species_1_fetch",73221.0109733399,0.0365019179880619
"species_1_fetch",73409.3813013184,0.0362760052084923
"species_1_fetch",73597.7516292969,0.0360514521598816
"species_1_fetch",73786.1219572754,0.0358282253146172
"species_1_fetch",73974.4922852539,0.0356063395738602
"species_1_fetch",74162.8626132324,0.0353857800364494
"species_1_fetch",74351.2329412109,0.0351665243506432
"species_1_fetch",74539.6032691895,0.0349485874176025
"species_1_fetch",74727.973597168,0.0347319431602955
"species_1_fetch",74916.3439251465,0.0345166064798832
"species_1_fetch",75104.714253125,0.0343025550246239
"species_1_fetch",75293.0845811035,0.0340897738933563
"species_1_fetch",75481.454909082,0.0338782742619514
"species_1_fetch",75669.8252370606,0.0336680375039577
"species_1_fetch",75858.1955650391,0.0334590636193752
"species_1_fetch",76046.5658930176,0.0332513451576233
"species_1_fetch",76234.9362209961,0.0330448634922504
"species_1_fetch",76423.3065489746,0.0328396260738373
"species_1_fetch",76611.6768769531,0.0326356142759323
"species_1_fetch",76800.0472049316,0.0324328355491161
"species_1_fetch",76988.4175329102,0.0322312749922276
"species_1_fetch",77176.7878608887,0.0320309177041054
"species_1_fetch",77365.1581888672,0.0318317711353302
"species_1_fetch",77553.5285168457,0.0316338166594505
"species_1_fetch",77741.8988448242,0.031437061727047
"species_1_fetch",77930.2691728027,0.0312414895743132
"species_1_fetch",78118.6395007813,0.0310470853000879
"species_1_fetch",78307.0098287598,0.0308538619428873
"species_1_fetch",78495.3801567383,0.0306617952883244
"species_1_fetch",78683.7504847168,0.0304708946496248
"species_1_fetch",78872.1208126953,0.0302811451256275
"species_1_fetch",79060.4911406738,0.0300925336778164
"species_1_fetch",79248.8614686524,0.0300299189984798
"species_1_fetch",79437.2317966309,0.0300299189984798
"species_1_fetch",79625.6021246094,0.0300299189984798
"species_1_fetch",79813.9724525879,0.0300299189984798
"species_1_fetch",80002.3427805664,0.0300299189984798
"species_1_fetch",80190.7131085449,0.0300299189984798
"species_1_fetch",80379.0834365234,0.0300299189984798
"species_1_fetch",80567.453764502,0.0300299189984798
"species_1_fetch",80755.8240924805,0.0300299189984798
"species_1_fetch",80944.194420459,0.0300299189984798
"species_1_fetch",81132.5647484375,0.0300299189984798
"species_1_fetch",81320.935076416,0.0300299189984798
"species_1_fetch",81509.3054043945,0.0300299189984798
"species_1_fetch",81697.675732373,0.0300299189984798
"species_1_fetch",81886.0460603516,0.0300299189984798
"species_1_fetch",82074.4163883301,0.0300299189984798
"species_1_fetch",82262.7867163086,0.0300299189984798
"species_1_fetch",82451.1570442871,0.0300299189984798
"species_1_fetch",82639.5273722656,0.0300299189984798
"species_1_fetch",82827.8977002442,0.0300299189984798
"species_1_fetch",83016.2680282227,0.0300299189984798
"species_1_fetch",83204.6383562012,0.0300299189984798
"species_1_fetch",83393.0086841797,0.0300299189984798
"species_1_fetch",83581.3790121582,0.0300299189984798
"species_1_fetch",83769.7493401367,0.0300299189984798
"species_1_fetch",83958.1196681152,0.0300299189984798
"species_1_fetch",84146.4899960938,0.0300299189984798
"species_1_fetch",84334.8603240723,0.0300299189984798
"species_1_fetch",84523.2306520508,0.0300299189984798
"species_1_fetch",84711.6009800293,0.0300299189984798
"species_1_fetch",84899.9713080078,0.0300299189984798
"species_1_fetch",85088.3416359863,0.0300299189984798
"species_1_fetch",85276.7119639648,0.0300299189984798
"species_1_fetch",85465.0822919434,0.0300299189984798
"species_1_fetch",85653.4526199219,0.0300299189984798
"species_1_fetch",85841.8229479004,0.0300299189984798
"species_1_fetch",86030.1932758789,0.0300299189984798
"species_1_fetch",86218.5636038574,0.0300299189984798
"species_1_fetch",86406.9339318359,0.0300299189984798
"species_1_fetch",86595.3042598145,0.0300299189984798
"species_1_fetch",86783.674587793,0.0300299189984798
"species_1_fetch",86972.0449157715,0.0300299189984798
"species_2_contemp_ice_extrap_only",-9.88419320285318,0.000654461036901921
"species_2_contemp_ice_extrap_only",-9.63539197263716,0.000654461036901921
"species_2_contemp_ice_extrap_only",-9.38659074242113,0.000654461036901921
"species_2_contemp_ice_extrap_only",-9.13778951220511,0.000654461036901921
"species_2_contemp_ice_extrap_only",-8.88898828198908,0.000654461036901921
"species_2_contemp_ice_extrap_only",-8.64018705177306,0.000654461036901921
"species_2_contemp_ice_extrap_only",-8.39138582155703,0.000654461036901921
"species_2_contemp_ice_extrap_only",-8.142584591341,0.000654461036901921
"species_2_contemp_ice_extrap_only",-7.89378336112498,0.000654461036901921
"species_2_contemp_ice_extrap_only",-7.64498213090895,0.000654461036901921
"species_2_contemp_ice_extrap_only",-7.39618090069293,0.000654461036901921
"species_2_contemp_ice_extrap_only",-7.1473796704769,0.000654461036901921
"species_2_contemp_ice_extrap_only",-6.89857844026087,0.000654461036901921
"species_2_contemp_ice_extrap_only",-6.64977721004485,0.000654461036901921
"species_2_contemp_ice_extrap_only",-6.40097597982882,0.000654461036901921
"species_2_contemp_ice_extrap_only",-6.1521747496128,0.000654461036901921
"species_2_contemp_ice_extrap_only",-5.90337351939677,0.000654461036901921
"species_2_contemp_ice_extrap_only",-5.65457228918075,0.000654461036901921
"species_2_contemp_ice_extrap_only",-5.40577105896472,0.000654461036901921
"species_2_contemp_ice_extrap_only",-5.15696982874869,0.000654461036901921
"species_2_contemp_ice_extrap_only",-4.90816859853267,0.000654461036901921
"species_2_contemp_ice_extrap_only",-4.65936736831664,0.000654461036901921
"species_2_contemp_ice_extrap_only",-4.41056613810062,0.000654461036901921
"species_2_contemp_ice_extrap_only",-4.16176490788459,0.000654461036901921
"species_2_contemp_ice_extrap_only",-3.91296367766856,0.000654461036901921
"species_2_contemp_ice_extrap_only",-3.66416244745254,0.000654461036901921
"species_2_contemp_ice_extrap_only",-3.41536121723651,0.000654461036901921
"species_2_contemp_ice_extrap_only",-3.16655998702049,0.000654461036901921
"species_2_contemp_ice_extrap_only",-2.91775875680446,0.000654461036901921
"species_2_contemp_ice_extrap_only",-2.66895752658843,0.000654461036901921
"species_2_contemp_ice_extrap_only",-2.42015629637241,0.000654461036901921
"species_2_contemp_ice_extrap_only",-2.17135506615638,0.000654461036901921
"species_2_contemp_ice_extrap_only",-1.92255383594036,0.000654461036901921
"species_2_contemp_ice_extrap_only",-1.67375260572433,0.000654461036901921
"species_2_contemp_ice_extrap_only",-1.42495137550831,0.000654461036901921
"species_2_contemp_ice_extrap_only",-1.17615014529228,0.000654461036901921
"species_2_contemp_ice_extrap_only",-0.927348915076255,0.000654461036901921
"species_2_contemp_ice_extrap_only",-0.678547684860229,0.000654461036901921
"species_2_contemp_ice_extrap_only",-0.429746454644203,0.000654461036901921
"species_2_contemp_ice_extrap_only",-0.180945224428177,0.000654461036901921
"species_2_contemp_ice_extrap_only",0.0678560057878492,0.000654461036901921
"species_2_contemp_ice_extrap_only",0.316657236003875,0.000654461036901921
"species_2_contemp_ice_extrap_only",0.565458466219901,0.000670635839924216
"species_2_contemp_ice_extrap_only",0.814259696435927,0.00072161719435826
"species_2_contemp_ice_extrap_only",1.06306092665195,0.000776504166424274
"species_2_contemp_ice_extrap_only",1.31186215686798,0.000835597922559828
"species_2_contemp_ice_extrap_only",1.56066338708401,0.000899223028682172
"species_2_contemp_ice_extrap_only",1.80946461730003,0.000967729196418077
"species_2_contemp_ice_extrap_only",2.05826584751606,0.00104149337857962
"species_2_contemp_ice_extrap_only",2.30706707773208,0.00112092134077102
"species_2_contemp_ice_extrap_only",2.55586830794811,0.00120645086281002
"species_2_contemp_ice_extrap_only",2.80466953816413,0.00129855319391936
"species_2_contemp_ice_extrap_only",3.05347076838016,0.00139773625414819
"species_2_contemp_ice_extrap_only",3.30227199859619,0.00150454742833972
"species_2_contemp_ice_extrap_only",3.55107322881221,0.00161957647651434
"species_2_contemp_ice_extrap_only",3.79987445902824,0.00174345867708325
"species_2_contemp_ice_extrap_only",4.04867568924426,0.00187687843572348
"species_2_contemp_ice_extrap_only",4.29747691946029,0.00202057347632945
"species_2_contemp_ice_extrap_only",4.54627814967631,0.00217533833347261
"species_2_contemp_ice_extrap_only",4.79507937989234,0.00234202900901437
"species_2_contemp_ice_extrap_only",5.04388061010837,0.00252156774513423
"species_2_contemp_ice_extrap_only",5.29268184032439,0.00271494733169675
"species_2_contemp_ice_extrap_only",5.54148307054042,0.00292323785834014
"species_2_contemp_ice_extrap_only",5.79028430075644,0.00314759160391986
"species_2_contemp_ice_extrap_only",6.03908553097247,0.00338924932293594
"species_2_contemp_ice_extrap_only",6.2878867611885,0.0036495472304523
"species_2_contemp_ice_extrap_only",6.53668799140452,0.00392992421984673
"species_2_contemp_ice_extrap_only",6.78548922162055,0.00423192884773016
"species_2_contemp_ice_extrap_only",7.03429045183657,0.00455722864717245
"species_2_contemp_ice_extrap_only",7.2830916820526,0.00490761827677488
"species_2_contemp_ice_extrap_only",7.53189291226862,0.00528502883389592
"species_2_contemp_ice_extrap_only",7.78069414248465,0.00569153809919953
"species_2_contemp_ice_extrap_only",8.02949537270067,0.00612938171252608
"species_2_contemp_ice_extrap_only",8.2782966029167,0.00660096341744065
"species_2_contemp_ice_extrap_only",8.52709783313273,0.00710886856541038
"species_2_contemp_ice_extrap_only",8.77589906334875,0.0076558762229979
"species_2_contemp_ice_extrap_only",9.02470029356478,0.00824497360736132
"species_2_contemp_ice_extrap_only",9.27350152378081,0.00887936819344759
"species_2_contemp_ice_extrap_only",9.52230275399683,0.00956250820308924
"species_2_contemp_ice_extrap_only",9.77110398421286,0.0102980937808752
"species_2_contemp_ice_extrap_only",10.0199052144289,0.0110900970175862
"species_2_contemp_ice_extrap_only",10.2687064446449,0.0119427777826786
"species_2_contemp_ice_extrap_only",10.5175076748609,0.0128607070073485
"species_2_contemp_ice_extrap_only",10.766308905077,0.0138487806543708
"species_2_contemp_ice_extrap_only",11.015110135293,0.0149122448638082
"species_2_contemp_ice_extrap_only",11.263911365509,0.0160567164421082
"species_2_contemp_ice_extrap_only",11.512712595725,0.0172882061451674
"species_2_contemp_ice_extrap_only",11.7615138259411,0.0186131354421377
"species_2_contemp_ice_extrap_only",12.0103150561571,0.0200383719056845
"species_2_contemp_ice_extrap_only",12.2591162863731,0.0215712375938892
"species_2_contemp_ice_extrap_only",12.5079175165891,0.0232195518910885
"species_2_contemp_ice_extrap_only",12.7567187468052,0.024991637095809
"species_2_contemp_ice_extrap_only",13.0055199770212,0.0268963538110256
"species_2_contemp_ice_extrap_only",13.2543212072372,0.0289431251585484
"species_2_contemp_ice_extrap_only",13.5031224374532,0.0311419535428286
"species_2_contemp_ice_extrap_only",13.7519236676693,0.0335034430027008
"species_2_contemp_ice_extrap_only",14.0007248978853,0.0360388197004795
"species_2_contemp_ice_extrap_only",14.2495261281013,0.0387599542737007
"species_2_contemp_ice_extrap_only",14.4983273583173,0.0416793674230576
"species_2_contemp_ice_extrap_only",14.7471285885334,0.044810239225626
"species_2_contemp_ice_extrap_only",14.9959298187494,0.0481664314866066
"species_2_contemp_ice_extrap_only",15.2447310489654,0.0517624616622925
"species_2_contemp_ice_extrap_only",15.4935322791815,0.0556135140359402
"species_2_contemp_ice_extrap_only",15.7423335093975,0.0597354210913181
"species_2_contemp_ice_extrap_only",15.9911347396135,0.0598886497318745
"species_2_contemp_ice_extrap_only",16.2399359698295,0.0600440464913845
"species_2_contemp_ice_extrap_only",16.4887372000456,0.0602022260427475
"species_2_contemp_ice_extrap_only",16.7375384302616,0.0603632107377052
"species_2_contemp_ice_extrap_only",16.9863396604776,0.0605270192027092
"species_2_contemp_ice_extrap_only",17.2351408906936,0.0606936700642109
"species_2_contemp_ice_extrap_only",17.4839421209097,0.0608631819486618
"species_2_contemp_ice_extrap_only",17.7327433511257,0.0610355734825134
"species_2_contemp_ice_extrap_only",17.9815445813417,0.0612108707427979
"species_2_contemp_ice_extrap_only",18.2303458115577,0.0613890886306763
"species_2_contemp_ice_extrap_only",18.4791470417738,0.0615702494978905
"species_2_contemp_ice_extrap_only",18.7279482719898,0.0617543794214725
"species_2_contemp_ice_extrap_only",18.9767495022058,0.0619414933025837
"species_2_contemp_ice_extrap_only",19.2255507324218,0.062131617218256
"species_2_contemp_ice_extrap_only",19.4743519626379,0.0623247735202312
"species_2_contemp_ice_extrap_only",19.7231531928539,0.0625209808349609
"species_2_contemp_ice_extrap_only",19.9719544230699,0.0627202689647675
"species_2_contemp_ice_extrap_only",20.220755653286,0.0629226639866829
"species_2_contemp_ice_extrap_only",20.469556883502,0.0631281808018684
"species_2_contemp_ice_extrap_only",20.718358113718,0.0633368492126465
"species_2_contemp_ice_extrap_only",20.967159343934,0.0635486915707588
"species_2_contemp_ice_extrap_only",21.21596057415,0.0637637376785278
"species_2_contemp_ice_extrap_only",21.4647618043661,0.0639820098876953
"species_2_contemp_ice_extrap_only",21.7135630345821,0.064203530550003
"species_2_contemp_ice_extrap_only",21.9623642647981,0.064428336918354
"species_2_contemp_ice_extrap_only",22.2111654950141,0.06465645134449
"species_2_contemp_ice_extrap_only",22.4599667252302,0.0648878887295723
"species_2_contemp_ice_extrap_only",22.7087679554462,0.065122701227665
"species_2_contemp_ice_extrap_only",22.9575691856622,0.0653608962893486
"species_2_contemp_ice_extrap_only",23.2063704158783,0.0656025111675262
"species_2_contemp_ice_extrap_only",23.4551716460943,0.0658475756645203
"species_2_contemp_ice_extrap_only",23.7039728763103,0.0660961121320724
"species_2_contemp_ice_extrap_only",23.9527741065263,0.0663481652736664
"species_2_contemp_ice_extrap_only",24.2015753367424,0.0666037499904633
"species_2_contemp_ice_extrap_only",24.4503765669584,0.0668629035353661
"species_2_contemp_ice_extrap_only",24.6991777971744,0.0671256631612778
"species_2_contemp_ice_extrap_only",24.9479790273904,0.0673920512199402
"species_2_contemp_ice_extrap_only",25.1967802576065,0.0676621124148369
"species_2_contemp_ice_extrap_only",25.4455814878225,0.0679358616471291
"species_2_contemp_ice_extrap_only",25.6943827180385,0.0682133510708809
"species_2_contemp_ice_extrap_only",25.9431839482545,0.0684946030378342
"species_2_contemp_ice_extrap_only",26.1919851784706,0.0687796548008919
"species_2_contemp_ice_extrap_only",26.4407864086866,0.0690685361623764
"species_2_contemp_ice_extrap_only",26.6895876389026,0.0693612918257713
"species_2_contemp_ice_extrap_only",26.9383888691186,0.069657951593399
"species_2_contemp_ice_extrap_only",27.1871900993347,0.0699585601687431
"species_2_contemp_ice_extrap_only",27.4359913295507,0.0702631399035454
"species_2_contemp_ice_extrap_only",27.6847925597667,0.07057174295187
"species_2_contemp_ice_extrap_only",27.9335937899827,0.0708843991160393
"species_2_contemp_ice_extrap_only",28.1823950201988,0.0712011530995369
"species_2_contemp_ice_extrap_only",28.4311962504148,0.0715220272541046
"species_2_contemp_ice_extrap_only",28.6799974806308,0.0718470886349678
"species_2_contemp_ice_extrap_only",28.9287987108468,0.0721763521432877
"species_2_contemp_ice_extrap_only",29.1775999410629,0.0725098699331284
"species_2_contemp_ice_extrap_only",29.4264011712789,0.0728476867079735
"species_2_contemp_ice_extrap_only",29.6752024014949,0.073189839720726
"species_2_contemp_ice_extrap_only",29.924003631711,0.0735363662242889
"species_2_contemp_ice_extrap_only",30.172804861927,0.0738873183727264
"species_2_contemp_ice_extrap_only",30.421606092143,0.0742427408695221
"species_2_contemp_ice_extrap_only",30.670407322359,0.0746026709675789
"species_2_contemp_ice_extrap_only",30.9192085525751,0.0749671533703804
"species_2_contemp_ice_extrap_only",31.1680097827911,0.0753362327814102
"species_2_contemp_ice_extrap_only",31.4168110130071,0.0757099613547325
"species_2_contemp_ice_extrap_only",31.6656122432231,0.0760883912444115
"species_2_contemp_ice_extrap_only",31.9144134734392,0.0764715522527695
"species_2_contemp_ice_extrap_only",32.1632147036552,0.0768595039844513
"species_2_contemp_ice_extrap_only",32.4120159338712,0.0772522985935211
"species_2_contemp_ice_extrap_only",32.6608171640872,0.0776499658823013
"species_2_contemp_ice_extrap_only",32.9096183943033,0.0780525878071785
"species_2_contemp_ice_extrap_only",33.1584196245193,0.0784601867198944
"species_2_contemp_ice_extrap_only",33.4072208547353,0.0788728296756744
"species_2_contemp_ice_extrap_only",33.6560220849513,0.0792905539274216
"species_2_contemp_ice_extrap_only",33.9048233151674,0.0797134265303612
"species_2_contemp_ice_extrap_only",34.1536245453834,0.0801414921879768
"species_2_contemp_ice_extrap_only",34.4024257755994,0.0805748179554939
"species_2_contemp_ice_extrap_only",34.6512270058154,0.0810134336352348
"species_2_contemp_ice_extrap_only",34.9000282360315,0.0814574211835861
"species_2_contemp_ice_extrap_only",35.1488294662475,0.0819068253040314
"species_2_contemp_ice_extrap_only",35.3976306964635,0.0823616981506348
"species_2_contemp_ice_extrap_only",35.6464319266795,0.0828220993280411
"species_2_contemp_ice_extrap_only",35.8952331568956,0.0832880958914757
"species_2_contemp_ice_extrap_only",36.1440343871116,0.0837597474455833
"species_2_contemp_ice_extrap_only",36.3928356173276,0.0842370986938477
"species_2_contemp_ice_extrap_only",36.6416368475437,0.084720216691494
"species_2_contemp_ice_extrap_only",36.8904380777597,0.0852091684937477
"species_2_contemp_ice_extrap_only",37.1392393079757,0.0857040137052536
"species_2_contemp_ice_extrap_only",37.3880405381917,0.0862048119306564
"species_2_contemp_ice_extrap_only",37.6368417684078,0.0867116302251816
"species_2_contemp_ice_extrap_only",37.8856429986238,0.0872245356440544
"species_2_contemp_ice_extrap_only",38.1344442288398,0.0877435877919197
"species_2_contemp_ice_extrap_only",38.3832454590558,0.0882688462734222
"species_2_contemp_ice_extrap_only",38.6320466892719,0.0888004004955292
"species_2_contemp_ice_extrap_only",38.8808479194879,0.0893383026123047
"species_2_contemp_ice_extrap_only",39.1296491497039,0.0898826196789742
"species_2_contemp_ice_extrap_only",39.3784503799199,0.0904334187507629
"species_2_contemp_ice_extrap_only",39.627251610136,0.0909907817840576
"species_2_contemp_ice_extrap_only",39.876052840352,0.0915547758340836
"species_2_contemp_ice_extrap_only",40.124854070568,0.0921254754066467
"species_2_contemp_ice_extrap_only",40.373655300784,0.0927029326558113
"species_2_contemp_ice_extrap_only",40.6224565310001,0.0932872518897057
"species_2_contemp_ice_extrap_only",40.8712577612161,0.0938784927129746
"species_2_contemp_ice_extrap_only",41.1200589914321,0.0944767221808434
"species_2_contemp_ice_extrap_only",41.3688602216481,0.0950820297002792
"species_2_contemp_ice_extrap_only",41.6176614518642,0.0956944897770882
"species_2_contemp_ice_extrap_only",41.8664626820802,0.0963141843676567
"species_2_contemp_ice_extrap_only",42.1152639122962,0.0969411805272102
"species_2_contemp_ice_extrap_only",42.3640651425122,0.0975755602121353
"species_2_contemp_ice_extrap_only",42.6128663727283,0.0982174202799797
"species_2_contemp_ice_extrap_only",42.8616676029443,0.0988668277859688
"species_2_contemp_ice_extrap_only",43.1104688331603,0.0995238721370697
"species_2_contemp_ice_extrap_only",43.3592700633763,0.100188620388508
"species_2_contemp_ice_extrap_only",43.6080712935924,0.100861184298992
"species_2_contemp_ice_extrap_only",43.8568725238084,0.101541638374329
"species_2_contemp_ice_extrap_only",44.1056737540244,0.102230064570904
"species_2_contemp_ice_extrap_only",44.3544749842404,0.102926537394524
"species_2_contemp_ice_extrap_only",44.6032762144565,0.103631183505058
"species_2_contemp_ice_extrap_only",44.8520774446725,0.104344062507153
"species_2_contemp_ice_extrap_only",45.1008786748885,0.105065271258354
"species_2_contemp_ice_extrap_only",45.3496799051046,0.10579489171505
"species_2_contemp_ice_extrap_only",45.5984811353206,0.106533035635948
"species_2_contemp_ice_extrap_only",45.8472823655366,0.107279792428017
"species_2_contemp_ice_extrap_only",46.0960835957526,0.108035251498222
"species_2_contemp_ice_extrap_only",46.3448848259687,0.108799494802952
"species_2_contemp_ice_extrap_only",46.5936860561847,0.109572649002075
"species_2_contemp_ice_extrap_only",46.8424872864007,0.110354796051979
"species_2_contemp_ice_extrap_only",47.0912885166167,0.111146025359631
"species_2_contemp_ice_extrap_only",47.3400897468328,0.111946441233158
"species_2_contemp_ice_extrap_only",47.5888909770488,0.112756155431271
"species_2_contemp_ice_extrap_only",47.8376922072648,0.113575257360935
"species_2_contemp_ice_extrap_only",48.0864934374808,0.114403866231441
"species_2_contemp_ice_extrap_only",48.3352946676969,0.115242049098015
"species_2_contemp_ice_extrap_only",48.5840958979129,0.116089954972267
"species_2_contemp_ice_extrap_only",48.8328971281289,0.116947665810585
"species_2_contemp_ice_extrap_only",49.0816983583449,0.117815300822258
"species_2_contemp_ice_extrap_only",49.330499588561,0.118692934513092
"species_2_contemp_ice_extrap_only",49.579300818777,0.11958072334528
"species_2_contemp_ice_extrap_only",49.828102048993,0.120478749275208
"species_2_contemp_ice_extrap_only",50.076903279209,0.121387131512165
"species_2_contemp_ice_extrap_only",50.3257045094251,0.12230595946312
"species_2_contemp_ice_extrap_only",50.5745057396411,0.123235389590263
"species_2_contemp_ice_extrap_only",50.8233069698571,0.124175503849983
"species_2_contemp_ice_extrap_only",51.0721082000732,0.125126421451569
"species_2_contemp_ice_extrap_only",51.3209094302892,0.126088261604309
"species_2_contemp_ice_extrap_only",51.5697106605052,0.127061143517494
"species_2_contemp_ice_extrap_only",51.8185118907212,0.128045186400414
"species_2_contemp_ice_extrap_only",52.0673131209373,0.129040509462357
"species_2_contemp_ice_extrap_only",52.3161143511533,0.130047217011452
"species_2_contemp_ice_extrap_only",52.5649155813693,0.131065458059311
"species_2_contemp_ice_extrap_only",52.8137168115853,0.132095336914062
"species_2_contemp_ice_extrap_only",53.0625180418014,0.133136987686157
"species_2_contemp_ice_extrap_only",53.3113192720174,0.134190499782562
"species_2_contemp_ice_extrap_only",53.5601205022334,0.135256052017212
"species_2_contemp_ice_extrap_only",53.8089217324494,0.136333748698235
"species_2_contemp_ice_extrap_only",54.0577229626655,0.137423694133759
"species_2_contemp_ice_extrap_only",54.3065241928815,0.138526037335396
"species_2_contemp_ice_extrap_only",54.5553254230975,0.139640912413597
"species_2_contemp_ice_extrap_only",54.8041266533135,0.140768438577652
"species_2_contemp_ice_extrap_only",55.0529278835296,0.141908749938011
"species_2_contemp_ice_extrap_only",55.3017291137456,0.143061965703964
"species_2_contemp_ice_extrap_only",55.5505303439616,0.144286438822746
"species_2_contemp_ice_extrap_only",55.7993315741776,0.14556422829628
"species_2_contemp_ice_extrap_only",56.0481328043937,0.146856710314751
"species_2_contemp_ice_extrap_only",56.2969340346097,0.148206487298012
"species_2_contemp_ice_extrap_only",56.5457352648257,0.149633541703224
"species_2_contemp_ice_extrap_only",56.7945364950418,0.151118978857994
"species_2_contemp_ice_extrap_only",57.0433377252578,0.152816087007523
"species_2_contemp_ice_extrap_only",57.2921389554738,0.154739066958427
"species_2_contemp_ice_extrap_only",57.5409401856898,0.157103031873703
"species_2_contemp_ice_extrap_only",57.7897414159059,0.160299301147461
"species_2_contemp_ice_extrap_only",58.0385426461219,0.163821890950203
"species_2_contemp_ice_extrap_only",58.2873438763379,0.167547225952148
"species_2_contemp_ice_extrap_only",58.5361451065539,0.171516761183739
"species_2_contemp_ice_extrap_only",58.78494633677,0.175713866949081
"species_2_contemp_ice_extrap_only",59.033747566986,0.179997637867928
"species_2_contemp_ice_extrap_only",59.282548797202,0.184368804097176
"species_2_contemp_ice_extrap_only",59.531350027418,0.18882828950882
"species_2_contemp_ice_extrap_only",59.780151257634,0.193376690149307
"species_2_contemp_ice_extrap_only",60.0289524878501,0.198014676570892
"species_2_contemp_ice_extrap_only",60.2777537180661,0.202742740511894
"species_2_contemp_ice_extrap_only",60.5265549482821,0.207561567425728
"species_2_contemp_ice_extrap_only",60.7753561784982,0.212471514940262
"species_2_contemp_ice_extrap_only",61.0241574087142,0.217472985386848
"species_2_contemp_ice_extrap_only",61.2729586389302,0.222566202282906
"species_2_contemp_ice_extrap_only",61.5217598691462,0.227751538157463
"species_2_contemp_ice_extrap_only",61.7705610993623,0.233029097318649
"species_2_contemp_ice_extrap_only",62.0193623295783,0.238398909568787
"species_2_contemp_ice_extrap_only",62.2681635597943,0.243860900402069
"species_2_contemp_ice_extrap_only",62.5169647900103,0.249415084719658
"species_2_contemp_ice_extrap_only",62.7657660202264,0.255061209201813
"species_2_contemp_ice_extrap_only",63.0145672504424,0.260798931121826
"species_2_contemp_ice_extrap_only",63.2633684806584,0.266627758741379
"species_2_contemp_ice_extrap_only",63.5121697108744,0.272547364234924
"species_2_contemp_ice_extrap_only",63.7609709410905,0.278557002544403
"species_2_contemp_ice_extrap_only",64.0097721713065,0.284656018018723
"species_2_contemp_ice_extrap_only",64.2585734015225,0.290843486785889
"species_2_contemp_ice_extrap_only",64.5073746317385,0.297118484973907
"species_2_contemp_ice_extrap_only",64.7561758619546,0.303479701280594
"species_2_contemp_ice_extrap_only",65.0049770921706,0.309926390647888
"species_2_contemp_ice_extrap_only",65.2537783223866,0.316457033157349
"species_2_contemp_ice_extrap_only",65.5025795526027,0.323070138692856
"species_2_contemp_ice_extrap_only",65.7513807828187,0.329764187335968
"species_2_contemp_ice_extrap_only",66.0001820130347,0.336537480354309
"species_2_contemp_ice_extrap_only",66.2489832432507,0.343388229608536
"species_2_contemp_ice_extrap_only",66.4977844734668,0.35031446814537
"species_2_contemp_ice_extrap_only",66.7465857036828,0.357313960790634
"species_2_contemp_ice_extrap_only",66.9953869338988,0.364384949207306
"species_2_contemp_ice_extrap_only",67.2441881641148,0.371524900197983
"species_2_contemp_ice_extrap_only",67.4929893943309,0.378731429576874
"species_2_contemp_ice_extrap_only",67.7417906245469,0.386001974344254
"species_2_contemp_ice_extrap_only",67.9905918547629,0.39333388209343
"species_2_contemp_ice_extrap_only",68.2393930849789,0.40072438120842
"species_2_contemp_ice_extrap_only",68.488194315195,0.408170610666275
"species_2_contemp_ice_extrap_only",68.736995545411,0.415669322013855
"species_2_contemp_ice_extrap_only",68.985796775627,0.423217922449112
"species_2_contemp_ice_extrap_only",69.234598005843,0.430812954902649
"species_2_contemp_ice_extrap_only",69.4833992360591,0.438451170921326
"species_2_contemp_ice_extrap_only",69.7322004662751,0.446129202842712
"species_2_contemp_ice_extrap_only",69.9810016964911,0.45384356379509
"species_2_contemp_ice_extrap_only",70.2298029267072,0.461590707302094
"species_2_contemp_ice_extrap_only",70.4786041569232,0.469367057085037
"species_2_contemp_ice_extrap_only",70.7274053871392,0.477168709039688
"species_2_contemp_ice_extrap_only",70.9762066173552,0.484992384910583
"species_2_contemp_ice_extrap_only",71.2250078475712,0.492834031581879
"species_2_contemp_ice_extrap_only",71.4738090777873,0.50068986415863
"species_2_contemp_ice_extrap_only",71.7226103080033,0.508556008338928
"species_2_contemp_ice_extrap_only",71.9714115382193,0.516428530216217
"species_2_contemp_ice_extrap_only",72.2202127684353,0.524303495883942
"species_2_contemp_ice_extrap_only",72.4690139986514,0.532177031040192
"species_2_contemp_ice_extrap_only",72.7178152288674,0.540044903755188
"species_2_contemp_ice_extrap_only",72.9666164590834,0.547903597354889
"species_2_contemp_ice_extrap_only",73.2154176892994,0.55574905872345
"species_2_contemp_ice_extrap_only",73.4642189195155,0.563577234745026
"species_2_contemp_ice_extrap_only",73.7130201497315,0.571384310722351
"species_2_contemp_ice_extrap_only",73.9618213799475,0.579166352748871
"species_2_contemp_ice_extrap_only",74.2106226101636,0.586919605731964
"species_2_contemp_ice_extrap_only",74.4594238403796,0.594640254974365
"species_2_contemp_ice_extrap_only",74.7082250705956,0.602324306964874
"species_2_contemp_ice_extrap_only",74.9570263008116,0.609968662261963
"species_2_contemp_ice_extrap_only",75.2058275310277,0.617569386959076
"species_2_contemp_ice_extrap_only",75.4546287612437,0.625122964382172
"species_2_contemp_ice_extrap_only",75.7034299914597,0.632626056671143
"species_2_contemp_ice_extrap_only",75.9522312216757,0.640075206756592
"species_2_contemp_ice_extrap_only",76.2010324518918,0.647467195987701
"species_2_contemp_ice_extrap_only",76.4498336821078,0.654798865318298
"species_2_contemp_ice_extrap_only",76.6986349123238,0.662066996097565
"species_2_contemp_ice_extrap_only",76.9474361425398,0.66926896572113
"species_2_contemp_ice_extrap_only",77.1962373727559,0.676401853561401
"species_2_contemp_ice_extrap_only",77.4450386029719,0.683462798595428
"species_2_contemp_ice_extrap_only",77.6938398331879,0.690449297428131
"species_2_contemp_ice_extrap_only",77.9426410634039,0.697358906269073
"species_2_contemp_ice_extrap_only",78.19144229362,0.70418918132782
"species_2_contemp_ice_extrap_only",78.440243523836,0.710937976837158
"species_2_contemp_ice_extrap_only",78.689044754052,0.717602968215942
"species_2_contemp_ice_extrap_only",78.937845984268,0.724182605743408
"species_2_contemp_ice_extrap_only",79.1866472144841,0.730674862861633
"species_2_contemp_ice_extrap_only",79.4354484447001,0.737078011035919
"species_2_contemp_ice_extrap_only",79.6842496749161,0.743390560150146
"species_2_contemp_ice_extrap_only",79.9330509051321,0.749610960483551
"species_2_contemp_ice_extrap_only",80.1818521353482,0.755738019943237
"species_2_contemp_ice_extrap_only",80.4306533655642,0.761770486831665
"species_2_contemp_ice_extrap_only",80.6794545957802,0.767707228660583
"species_2_contemp_ice_extrap_only",80.9282558259963,0.7735475897789
"species_2_contemp_ice_extrap_only",81.1770570562123,0.779290676116943
"species_2_contemp_ice_extrap_only",81.4258582864283,0.784935772418976
"species_2_contemp_ice_extrap_only",81.6746595166443,0.790482342243195
"species_2_contemp_ice_extrap_only",81.9234607468604,0.795930027961731
"species_2_contemp_ice_extrap_only",82.1722619770764,0.801278412342072
"species_2_contemp_ice_extrap_only",82.4210632072924,0.806527316570282
"species_2_contemp_ice_extrap_only",82.6698644375084,0.811676561832428
"species_2_contemp_ice_extrap_only",82.9186656677245,0.816726386547089
"species_2_contemp_ice_extrap_only",83.1674668979405,0.821676790714264
"species_2_contemp_ice_extrap_only",83.4162681281565,0.826528012752533
"species_2_contemp_ice_extrap_only",83.6650693583725,0.83128035068512
"species_2_contemp_ice_extrap_only",83.9138705885886,0.835934102535248
"species_2_contemp_ice_extrap_only",84.1626718188046,0.840489864349365
"species_2_contemp_ice_extrap_only",84.4114730490206,0.844948172569275
"species_2_contemp_ice_extrap_only",84.6602742792366,0.84930956363678
"species_2_contemp_ice_extrap_only",84.9090755094527,0.853574931621552
"species_2_contemp_ice_extrap_only",85.1578767396687,0.857744991779327
"species_2_contemp_ice_extrap_only",85.4066779698847,0.860864460468292
"species_2_contemp_ice_extrap_only",85.6554792001007,0.863141477108002
"species_2_contemp_ice_extrap_only",85.9042804303168,0.865365445613861
"species_2_contemp_ice_extrap_only",86.1530816605328,0.867218136787415
"species_2_contemp_ice_extrap_only",86.4018828907488,0.869054019451141
"species_2_contemp_ice_extrap_only",86.6506841209648,0.870873093605042
"species_2_contemp_ice_extrap_only",86.8994853511809,0.87267529964447
"species_2_contemp_ice_extrap_only",87.1482865813969,0.874460697174072
"species_2_contemp_ice_extrap_only",87.3970878116129,0.876229226589203
"species_2_contemp_ice_extrap_only",87.645889041829,0.877980887889862
"species_2_contemp_ice_extrap_only",87.894690272045,0.87971568107605
"species_2_contemp_ice_extrap_only",88.143491502261,0.881433546543121
"species_2_contemp_ice_extrap_only",88.392292732477,0.883134543895721
"species_2_contemp_ice_extrap_only",88.641093962693,0.884818613529205
"species_2_contemp_ice_extrap_only",88.8898951929091,0.886485874652863
"species_2_contemp_ice_extrap_only",89.1386964231251,0.888136267662048
"species_2_contemp_ice_extrap_only",89.3874976533411,0.889769852161407
"species_2_contemp_ice_extrap_only",89.6362988835572,0.891386568546295
"species_2_contemp_ice_extrap_only",89.8851001137732,0.892986536026001
"species_2_contemp_ice_extrap_only",90.1339013439892,0.89456969499588
"species_2_contemp_ice_extrap_only",90.3827025742052,0.896136164665222
"species_2_contemp_ice_extrap_only",90.6315038044213,0.897685885429382
"species_2_contemp_ice_extrap_only",90.8803050346373,0.899218916893005
"species_2_contemp_ice_extrap_only",91.1291062648533,0.900735378265381
"species_2_contemp_ice_extrap_only",91.3779074950693,0.902235269546509
"species_2_contemp_ice_extrap_only",91.6267087252854,0.903718590736389
"species_2_contemp_ice_extrap_only",91.8755099555014,0.905185461044312
"species_2_contemp_ice_extrap_only",92.1243111857174,0.906635880470276
"species_2_contemp_ice_extrap_only",92.3731124159334,0.908069908618927
"species_2_contemp_ice_extrap_only",92.6219136461495,0.909487545490265
"species_2_contemp_ice_extrap_only",92.8707148763655,0.910889029502869
"species_2_contemp_ice_extrap_only",93.1195161065815,0.912274241447449
"species_2_contemp_ice_extrap_only",93.3683173367976,0.91364336013794
"species_2_contemp_ice_extrap_only",93.6171185670136,0.914996385574341
"species_2_contemp_ice_extrap_only",93.8659197972296,0.916333436965942
"species_2_contemp_ice_extrap_only",94.1147210274456,0.917654573917389
"species_2_contemp_ice_extrap_only",94.3635222576617,0.918959856033325
"species_2_contemp_ice_extrap_only",94.6123234878777,0.920249342918396
"species_2_contemp_ice_extrap_only",94.8611247180937,0.921523153781891
"species_2_contemp_ice_extrap_only",95.1099259483097,0.922781348228455
"species_2_contemp_ice_extrap_only",95.3587271785258,0.924024045467377
"species_2_contemp_ice_extrap_only",95.6075284087418,0.925251305103302
"species_2_contemp_ice_extrap_only",95.8563296389578,0.92646324634552
"species_2_contemp_ice_extrap_only",96.1051308691738,0.927659869194031
"species_2_contemp_ice_extrap_only",96.3539320993899,0.928841412067413
"species_2_contemp_ice_extrap_only",96.6027333296059,0.930007755756378
"species_2_contemp_ice_extrap_only",96.8515345598219,0.931159198284149
"species_2_contemp_ice_extrap_only",97.100335790038,0.932295799255371
"species_2_contemp_ice_extrap_only",97.349137020254,0.933417558670044
"species_2_contemp_ice_extrap_only",97.59793825047,0.934524714946747
"species_2_contemp_ice_extrap_only",97.846739480686,0.93561726808548
"species_2_contemp_ice_extrap_only",98.095540710902,0.936695337295532
"species_2_contemp_ice_extrap_only",98.3443419411181,0.937759041786194
"species_2_contemp_ice_extrap_only",98.5931431713341,0.938808441162109
"species_2_contemp_ice_extrap_only",98.8419444015501,0.939843714237213
"species_2_contemp_ice_extrap_only",99.0907456317662,0.940864980220795
"species_2_contemp_ice_extrap_only",99.3395468619822,0.941872239112854
"species_2_contemp_ice_extrap_only",99.5883480921982,0.94286572933197
"species_2_contemp_ice_extrap_only",99.8371493224142,0.943845510482788
"species_2_contemp_ice_extrap_only",100.08595055263,0.944811701774597
"species_2_contemp_ice_extrap_only",100.334751782846,0.945764362812042
"species_2_contemp_ice_extrap_only",100.583553013062,0.946703672409058
"species_2_contemp_ice_extrap_only",100.832354243278,0.947629749774933
"species_2_contemp_ice_extrap_only",101.081155473494,0.948542654514313
"species_2_contemp_ice_extrap_only",101.32995670371,0.949442565441132
"species_2_contemp_ice_extrap_only",101.578757933926,0.950329542160034
"species_2_contemp_ice_extrap_only",101.827559164142,0.951203763484955
"species_2_contemp_ice_extrap_only",102.076360394358,0.952065348625183
"species_2_contemp_ice_extrap_only",102.325161624574,0.952914297580719
"species_2_contemp_ice_extrap_only",102.573962854791,0.953750848770142
"species_2_contemp_ice_extrap_only",102.822764085007,0.95457512140274
"species_2_contemp_ice_extrap_only",103.071565315223,0.95538717508316
"species_2_contemp_ice_extrap_only",103.320366545439,0.956187188625336
"species_2_contemp_ice_extrap_only",103.569167775655,0.956975221633911
"species_2_contemp_ice_extrap_only",103.817969005871,0.957751452922821
"species_2_contemp_ice_extrap_only",104.066770236087,0.958516001701355
"species_2_contemp_ice_extrap_only",104.315571466303,0.958768248558044
"species_2_contemp_ice_extrap_only",104.564372696519,0.958768248558044
"species_2_contemp_ice_extrap_only",104.813173926735,0.958768248558044
"species_2_contemp_ice_extrap_only",105.061975156951,0.958768248558044
"species_2_contemp_ice_extrap_only",105.310776387167,0.958768248558044
"species_2_contemp_ice_extrap_only",105.559577617383,0.958768248558044
"species_2_contemp_ice_extrap_only",105.808378847599,0.958768248558044
"species_2_contemp_ice_extrap_only",106.057180077815,0.958768248558044
"species_2_contemp_ice_extrap_only",106.305981308031,0.958768248558044
"species_2_contemp_ice_extrap_only",106.554782538247,0.958768248558044
"species_2_contemp_ice_extrap_only",106.803583768463,0.958768248558044
"species_2_contemp_ice_extrap_only",107.052384998679,0.958768248558044
"species_2_contemp_ice_extrap_only",107.301186228895,0.958768248558044
"species_2_contemp_ice_extrap_only",107.549987459111,0.958768248558044
"species_2_contemp_ice_extrap_only",107.798788689327,0.958768248558044
"species_2_contemp_ice_extrap_only",108.047589919543,0.958768248558044
"species_2_contemp_ice_extrap_only",108.296391149759,0.958768248558044
"species_2_contemp_ice_extrap_only",108.545192379975,0.958768248558044
"species_2_contemp_ice_extrap_only",108.793993610191,0.958768248558044
"species_2_contemp_ice_extrap_only",109.042794840407,0.958768248558044
"species_2_contemp_ice_extrap_only",109.291596070623,0.958768248558044
"species_2_contemp_ice_extrap_only",109.540397300839,0.958768248558044
"species_2_contemp_ice_extrap_only",109.789198531055,0.958768248558044
"species_2_contemp_ice_extrap_only",110.037999761271,0.958768248558044
"species_2_contemp_ice_extrap_only",110.286800991487,0.958768248558044
"species_2_contemp_ice_extrap_only",110.535602221703,0.958768248558044
"species_2_contemp_ice_extrap_only",110.784403451919,0.958768248558044
"species_2_contemp_ice_extrap_only",111.033204682135,0.958768248558044
"species_2_contemp_ice_extrap_only",111.282005912351,0.958768248558044
"species_2_contemp_ice_extrap_only",111.530807142567,0.958768248558044
"species_2_contemp_ice_extrap_only",111.779608372783,0.958768248558044
"species_2_contemp_ice_extrap_only",112.028409602999,0.958768248558044
"species_2_contemp_ice_extrap_only",112.277210833216,0.958768248558044
"species_2_contemp_ice_extrap_only",112.526012063432,0.958768248558044
"species_2_contemp_ice_extrap_only",112.774813293648,0.958768248558044
"species_2_contemp_ice_extrap_only",113.023614523864,0.958768248558044
"species_2_contemp_ice_extrap_only",113.27241575408,0.958768248558044
"species_2_contemp_ice_extrap_only",113.521216984296,0.958768248558044
"species_2_contemp_ice_extrap_only",113.770018214512,0.958768248558044
"species_2_contemp_ice_extrap_only",114.018819444728,0.958768248558044
"species_2_contemp_ice_extrap_only",114.267620674944,0.958768248558044
"species_2_contemp_ice_extrap_only",114.51642190516,0.958768248558044
"species_2_contemp_ice_extrap",-9.88419320285318,0.00496246246621013
"species_2_contemp_ice_extrap",-9.63539197263716,0.00496246246621013
"species_2_contemp_ice_extrap",-9.38659074242113,0.00496246246621013
"species_2_contemp_ice_extrap",-9.13778951220511,0.00496246246621013
"species_2_contemp_ice_extrap",-8.88898828198908,0.00496246246621013
"species_2_contemp_ice_extrap",-8.64018705177306,0.00496246246621013
"species_2_contemp_ice_extrap",-8.39138582155703,0.00496246246621013
"species_2_contemp_ice_extrap",-8.142584591341,0.00496246246621013
"species_2_contemp_ice_extrap",-7.89378336112498,0.00496246246621013
"species_2_contemp_ice_extrap",-7.64498213090895,0.00496246246621013
"species_2_contemp_ice_extrap",-7.39618090069293,0.00496246246621013
"species_2_contemp_ice_extrap",-7.1473796704769,0.00496246246621013
"species_2_contemp_ice_extrap",-6.89857844026087,0.00496246246621013
"species_2_contemp_ice_extrap",-6.64977721004485,0.00496246246621013
"species_2_contemp_ice_extrap",-6.40097597982882,0.00496246246621013
"species_2_contemp_ice_extrap",-6.1521747496128,0.00496246246621013
"species_2_contemp_ice_extrap",-5.90337351939677,0.00496246246621013
"species_2_contemp_ice_extrap",-5.65457228918075,0.00496246246621013
"species_2_contemp_ice_extrap",-5.40577105896472,0.00496246246621013
"species_2_contemp_ice_extrap",-5.15696982874869,0.00496246246621013
"species_2_contemp_ice_extrap",-4.90816859853267,0.00496246246621013
"species_2_contemp_ice_extrap",-4.65936736831664,0.00496246246621013
"species_2_contemp_ice_extrap",-4.41056613810062,0.00496246246621013
"species_2_contemp_ice_extrap",-4.16176490788459,0.00496246246621013
"species_2_contemp_ice_extrap",-3.91296367766856,0.00496246246621013
"species_2_contemp_ice_extrap",-3.66416244745254,0.00496246246621013
"species_2_contemp_ice_extrap",-3.41536121723651,0.00496246246621013
"species_2_contemp_ice_extrap",-3.16655998702049,0.00496246246621013
"species_2_contemp_ice_extrap",-2.91775875680446,0.00496246246621013
"species_2_contemp_ice_extrap",-2.66895752658843,0.00496246246621013
"species_2_contemp_ice_extrap",-2.42015629637241,0.00496246246621013
"species_2_contemp_ice_extrap",-2.17135506615638,0.00496246246621013
"species_2_contemp_ice_extrap",-1.92255383594036,0.00496246246621013
"species_2_contemp_ice_extrap",-1.67375260572433,0.00496246246621013
"species_2_contemp_ice_extrap",-1.42495137550831,0.00496246246621013
"species_2_contemp_ice_extrap",-1.17615014529228,0.00496246246621013
"species_2_contemp_ice_extrap",-0.927348915076255,0.00496246246621013
"species_2_contemp_ice_extrap",-0.678547684860229,0.00496246246621013
"species_2_contemp_ice_extrap",-0.429746454644203,0.00496246246621013
"species_2_contemp_ice_extrap",-0.180945224428177,0.00496246246621013
"species_2_contemp_ice_extrap",0.0678560057878492,0.00496246246621013
"species_2_contemp_ice_extrap",0.316657236003875,0.00496246246621013
"species_2_contemp_ice_extrap",0.565458466219901,0.00507991295307875
"species_2_contemp_ice_extrap",0.814259696435927,0.00544911390170455
"species_2_contemp_ice_extrap",1.06306092665195,0.00584499072283506
"species_2_contemp_ice_extrap",1.31186215686798,0.00626944657415152
"species_2_contemp_ice_extrap",1.56066338708401,0.00672451732680202
"species_2_contemp_ice_extrap",1.80946461730003,0.00721237994730473
"species_2_contemp_ice_extrap",2.05826584751606,0.00773536134511232
"species_2_contemp_ice_extrap",2.30706707773208,0.00829594768583775
"species_2_contemp_ice_extrap",2.55586830794811,0.00889679696410894
"species_2_contemp_ice_extrap",2.80466953816413,0.00954074412584305
"species_2_contemp_ice_extrap",3.05347076838016,0.0102308187633753
"species_2_contemp_ice_extrap",3.30227199859619,0.0109702534973621
"species_2_contemp_ice_extrap",3.55107322881221,0.0117624951526523
"species_2_contemp_ice_extrap",3.79987445902824,0.0126112215220928
"species_2_contemp_ice_extrap",4.04867568924426,0.0135203497484326
"species_2_contemp_ice_extrap",4.29747691946029,0.0144940540194511
"species_2_contemp_ice_extrap",4.54627814967631,0.0155367786064744
"species_2_contemp_ice_extrap",4.79507937989234,0.016653249040246
"species_2_contemp_ice_extrap",5.04388061010837,0.0178484972566366
"species_2_contemp_ice_extrap",5.29268184032439,0.0191278606653214
"species_2_contemp_ice_extrap",5.54148307054042,0.0204970147460699
"species_2_contemp_ice_extrap",5.79028430075644,0.0219619758427143
"species_2_contemp_ice_extrap",6.03908553097247,0.023529127240181
"species_2_contemp_ice_extrap",6.2878867611885,0.025205222889781
"species_2_contemp_ice_extrap",6.53668799140452,0.0269974153488874
"species_2_contemp_ice_extrap",6.78548922162055,0.0289132595062256
"species_2_contemp_ice_extrap",7.03429045183657,0.0309607330709696
"species_2_contemp_ice_extrap",7.2830916820526,0.0331482477486134
"species_2_contemp_ice_extrap",7.53189291226862,0.0354846641421318
"species_2_contemp_ice_extrap",7.78069414248465,0.0379792861640453
"species_2_contemp_ice_extrap",8.02949537270067,0.0406418964266777
"species_2_contemp_ice_extrap",8.2782966029167,0.0434827394783497
"species_2_contemp_ice_extrap",8.52709783313273,0.0465125218033791
"species_2_contemp_ice_extrap",8.77589906334875,0.049742441624403
"species_2_contemp_ice_extrap",9.02470029356478,0.0531841367483139
"species_2_contemp_ice_extrap",9.27350152378081,0.0568497180938721
"species_2_contemp_ice_extrap",9.52230275399683,0.0607517324388027
"species_2_contemp_ice_extrap",9.77110398421286,0.0649031400680542
"species_2_contemp_ice_extrap",10.0199052144289,0.0693172961473465
"species_2_contemp_ice_extrap",10.2687064446449,0.074007898569107
"species_2_contemp_ice_extrap",10.5175076748609,0.0789889693260193
"species_2_contemp_ice_extrap",10.766308905077,0.0842747837305069
"species_2_contemp_ice_extrap",11.015110135293,0.0898797959089279
"species_2_contemp_ice_extrap",11.263911365509,0.0958185791969299
"species_2_contemp_ice_extrap",11.512712595725,0.102105744183064
"species_2_contemp_ice_extrap",11.7615138259411,0.108755826950073
"species_2_contemp_ice_extrap",12.0103150561571,0.115783169865608
"species_2_contemp_ice_extrap",12.2591162863731,0.123201824724674
"species_2_contemp_ice_extrap",12.5079175165891,0.131025388836861
"species_2_contemp_ice_extrap",12.7567187468052,0.139266833662987
"species_2_contemp_ice_extrap",13.0055199770212,0.147938430309296
"species_2_contemp_ice_extrap",13.2543212072372,0.15705144405365
"species_2_contemp_ice_extrap",13.5031224374532,0.166616052389145
"species_2_contemp_ice_extrap",13.7519236676693,0.176641091704369
"species_2_contemp_ice_extrap",14.0007248978853,0.187133878469467
"species_2_contemp_ice_extrap",14.2495261281013,0.198099985718727
"species_2_contemp_ice_extrap",14.4983273583173,0.209543064236641
"species_2_contemp_ice_extrap",14.7471285885334,0.221464589238167
"species_2_contemp_ice_extrap",14.9959298187494,0.233863681554794
"species_2_contemp_ice_extrap",15.2447310489654,0.246736973524094
"species_2_contemp_ice_extrap",15.4935322791815,0.260078340768814
"species_2_contemp_ice_extrap",15.7423335093975,0.273878782987595
"species_2_contemp_ice_extrap",15.9911347396135,0.27627095580101
"species_2_contemp_ice_extrap",16.2399359698295,0.278674274682999
"species_2_contemp_ice_extrap",16.4887372000456,0.278780251741409
"species_2_contemp_ice_extrap",16.7375384302616,0.278439372777939
"species_2_contemp_ice_extrap",16.9863396604776,0.278098732233047
"species_2_contemp_ice_extrap",17.2351408906936,0.27775838971138
"species_2_contemp_ice_extrap",17.4839421209097,0.277418255805969
"species_2_contemp_ice_extrap",17.7327433511257,0.277078419923782
"species_2_contemp_ice_extrap",17.9815445813417,0.276738822460175
"species_2_contemp_ice_extrap",18.2303458115577,0.276399463415146
"species_2_contemp_ice_extrap",18.4791470417738,0.276060402393341
"species_2_contemp_ice_extrap",18.7279482719898,0.275721579790115
"species_2_contemp_ice_extrap",18.9767495022058,0.275382995605469
"species_2_contemp_ice_extrap",19.2255507324218,0.275044679641724
"species_2_contemp_ice_extrap",19.4743519626379,0.27470663189888
"species_2_contemp_ice_extrap",19.7231531928539,0.274368852376938
"species_2_contemp_ice_extrap",19.9719544230699,0.274031311273575
"species_2_contemp_ice_extrap",20.220755653286,0.273694038391113
"species_2_contemp_ice_extrap",20.469556883502,0.273357003927231
"species_2_contemp_ice_extrap",20.718358113718,0.273020267486572
"species_2_contemp_ice_extrap",20.967159343934,0.272683769464493
"species_2_contemp_ice_extrap",21.21596057415,0.272347509860992
"species_2_contemp_ice_extrap",21.4647618043661,0.272011548280716
"species_2_contemp_ice_extrap",21.7135630345821,0.271675825119018
"species_2_contemp_ice_extrap",21.9623642647981,0.271340370178223
"species_2_contemp_ice_extrap",22.2111654950141,0.271005153656006
"species_2_contemp_ice_extrap",22.4599667252302,0.27067020535469
"species_2_contemp_ice_extrap",22.7087679554462,0.270335525274277
"species_2_contemp_ice_extrap",22.9575691856622,0.270001113414764
"species_2_contemp_ice_extrap",23.2063704158783,0.269666969776154
"species_2_contemp_ice_extrap",23.4551716460943,0.269333064556122
"species_2_contemp_ice_extrap",23.7039728763103,0.268999427556992
"species_2_contemp_ice_extrap",23.9527741065263,0.268666058778763
"species_2_contemp_ice_extrap",24.2015753367424,0.268332928419113
"species_2_contemp_ice_extrap",24.4503765669584,0.268000096082687
"species_2_contemp_ice_extrap",24.6991777971744,0.267667502164841
"species_2_contemp_ice_extrap",24.9479790273904,0.267335176467896
"species_2_contemp_ice_extrap",25.1967802576065,0.267003089189529
"species_2_contemp_ice_extrap",25.4455814878225,0.266671299934387
"species_2_contemp_ice_extrap",25.6943827180385,0.266339749097824
"species_2_contemp_ice_extrap",25.9431839482545,0.266008466482162
"species_2_contemp_ice_extrap",26.1919851784706,0.265677452087402
"species_2_contemp_ice_extrap",26.4407864086866,0.265346705913544
"species_2_contemp_ice_extrap",26.6895876389026,0.265016227960586
"species_2_contemp_ice_extrap",26.9383888691186,0.264685988426208
"species_2_contemp_ice_extrap",27.1871900993347,0.264356017112732
"species_2_contemp_ice_extrap",27.4359913295507,0.264026343822479
"species_2_contemp_ice_extrap",27.6847925597667,0.263696908950806
"species_2_contemp_ice_extrap",27.9335937899827,0.263367712497711
"species_2_contemp_ice_extrap",28.1823950201988,0.263038814067841
"species_2_contemp_ice_extrap",28.4311962504148,0.262710183858871
"species_2_contemp_ice_extrap",28.6799974806308,0.262381792068481
"species_2_contemp_ice_extrap",28.9287987108468,0.262053698301315
"species_2_contemp_ice_extrap",29.1775999410629,0.261725842952728
"species_2_contemp_ice_extrap",29.4264011712789,0.261398255825043
"species_2_contemp_ice_extrap",29.6752024014949,0.261070936918259
"species_2_contemp_ice_extrap",29.924003631711,0.260743886232376
"species_2_contemp_ice_extrap",30.172804861927,0.260417073965073
"species_2_contemp_ice_extrap",30.421606092143,0.260090559720993
"species_2_contemp_ice_extrap",30.670407322359,0.259764313697815
"species_2_contemp_ice_extrap",30.9192085525751,0.259438306093216
"species_2_contemp_ice_extrap",31.1680097827911,0.259112596511841
"species_2_contemp_ice_extrap",31.4168110130071,0.258787125349045
"species_2_contemp_ice_extrap",31.6656122432231,0.25846192240715
"species_2_contemp_ice_extrap",31.9144134734392,0.25813701748848
"species_2_contemp_ice_extrap",32.1632147036552,0.257812350988388
"species_2_contemp_ice_extrap",32.4120159338712,0.257487952709198
"species_2_contemp_ice_extrap",32.6608171640872,0.257163822650909
"species_2_contemp_ice_extrap",32.9096183943033,0.256839960813522
"species_2_contemp_ice_extrap",33.1584196245193,0.256516367197037
"species_2_contemp_ice_extrap",33.4072208547353,0.256193041801453
"species_2_contemp_ice_extrap",33.6560220849513,0.25586998462677
"species_2_contemp_ice_extrap",33.9048233151674,0.255547195672989
"species_2_contemp_ice_extrap",34.1536245453834,0.255224674940109
"species_2_contemp_ice_extrap",34.4024257755994,0.254902422428131
"species_2_contemp_ice_extrap",34.6512270058154,0.254580438137054
"species_2_contemp_ice_extrap",34.9000282360315,0.254258692264557
"species_2_contemp_ice_extrap",35.1488294662475,0.253937244415283
"species_2_contemp_ice_extrap",35.3976306964635,0.253616064786911
"species_2_contemp_ice_extrap",35.6464319266795,0.25329515337944
"species_2_contemp_ice_extrap",35.8952331568956,0.252974510192871
"species_2_contemp_ice_extrap",36.1440343871116,0.252654135227203
"species_2_contemp_ice_extrap",36.3928356173276,0.252333998680115
"species_2_contemp_ice_extrap",36.6416368475437,0.25201416015625
"species_2_contemp_ice_extrap",36.8904380777597,0.251694589853287
"species_2_contemp_ice_extrap",37.1392393079757,0.251375287771225
"species_2_contemp_ice_extrap",37.3880405381917,0.251056253910065
"species_2_contemp_ice_extrap",37.6368417684078,0.250737488269806
"species_2_contemp_ice_extrap",37.8856429986238,0.250418990850449
"species_2_contemp_ice_extrap",38.1344442288398,0.250100761651993
"species_2_contemp_ice_extrap",38.3832454590558,0.2497828155756
"species_2_contemp_ice_extrap",38.6320466892719,0.249465122818947
"species_2_contemp_ice_extrap",38.8808479194879,0.249147713184357
"species_2_contemp_ice_extrap",39.1296491497039,0.248830556869507
"species_2_contemp_ice_extrap",39.3784503799199,0.24851368367672
"species_2_contemp_ice_extrap",39.627251610136,0.248197078704834
"species_2_contemp_ice_extrap",39.876052840352,0.24788074195385
"species_2_contemp_ice_extrap",40.124854070568,0.247564673423767
"species_2_contemp_ice_extrap",40.373655300784,0.247248888015747
"species_2_contemp_ice_extrap",40.6224565310001,0.246933355927467
"species_2_contemp_ice_extrap",40.8712577612161,0.24661810696125
"species_2_contemp_ice_extrap",41.1200589914321,0.246303111314774
"species_2_contemp_ice_extrap",41.3688602216481,0.245988413691521
"species_2_contemp_ice_extrap",41.6176614518642,0.245673969388008
"species_2_contemp_ice_extrap",41.8664626820802,0.245359793305397
"species_2_contemp_ice_extrap",42.1152639122962,0.245045885443687
"species_2_contemp_ice_extrap",42.3640651425122,0.244732275605202
"species_2_contemp_ice_extrap",42.6128663727283,0.244418904185295
"species_2_contemp_ice_extrap",42.8616676029443,0.244105830788612
"species_2_contemp_ice_extrap",43.1104688331603,0.24379301071167
"species_2_contemp_ice_extrap",43.3592700633763,0.24348047375679
"species_2_contemp_ice_extrap",43.6080712935924,0.243168205022812
"species_2_contemp_ice_extrap",43.8568725238084,0.242856204509735
"species_2_contemp_ice_extrap",44.1056737540244,0.24254447221756
"species_2_contemp_ice_extrap",44.3544749842404,0.242233023047447
"species_2_contemp_ice_extrap",44.6032762144565,0.241921842098236
"species_2_contemp_ice_extrap",44.8520774446725,0.241610929369926
"species_2_contemp_ice_extrap",45.1008786748885,0.24130029976368
"species_2_contemp_ice_extrap",45.3496799051046,0.240989938378334
"species_2_contemp_ice_extrap",45.5984811353206,0.24067984521389
"species_2_contemp_ice_extrap",45.8472823655366,0.240370020270348
"species_2_contemp_ice_extrap",46.0960835957526,0.240060478448868
"species_2_contemp_ice_extrap",46.3448848259687,0.23975120484829
"species_2_contemp_ice_extrap",46.5936860561847,0.239442199468613
"species_2_contemp_ice_extrap",46.8424872864007,0.239133477210999
"species_2_contemp_ice_extrap",47.0912885166167,0.238825023174286
"species_2_contemp_ice_extrap",47.3400897468328,0.238516837358475
"species_2_contemp_ice_extrap",47.5888909770488,0.238208934664726
"species_2_contemp_ice_extrap",47.8376922072648,0.237901300191879
"species_2_contemp_ice_extrap",48.0864934374808,0.237593933939934
"species_2_contemp_ice_extrap",48.3352946676969,0.237286850810051
"species_2_contemp_ice_extrap",48.5840958979129,0.23698003590107
"species_2_contemp_ice_extrap",48.8328971281289,0.23667348921299
"species_2_contemp_ice_extrap",49.0816983583449,0.236384868621826
"species_2_contemp_ice_extrap",49.330499588561,0.236144185066223
"species_2_contemp_ice_extrap",49.579300818777,0.236019089818001
"species_2_contemp_ice_extrap",49.828102048993,0.236016631126404
"species_2_contemp_ice_extrap",50.076903279209,0.236016631126404
"species_2_contemp_ice_extrap",50.3257045094251,0.236016631126404
"species_2_contemp_ice_extrap",50.5745057396411,0.236016631126404
"species_2_contemp_ice_extrap",50.8233069698571,0.236016631126404
"species_2_contemp_ice_extrap",51.0721082000732,0.236016631126404
"species_2_contemp_ice_extrap",51.3209094302892,0.236016631126404
"species_2_contemp_ice_extrap",51.5697106605052,0.236016631126404
"species_2_contemp_ice_extrap",51.8185118907212,0.236016631126404
"species_2_contemp_ice_extrap",52.0673131209373,0.236016631126404
"species_2_contemp_ice_extrap",52.3161143511533,0.236016631126404
"species_2_contemp_ice_extrap",52.5649155813693,0.236016631126404
"species_2_contemp_ice_extrap",52.8137168115853,0.236016631126404
"species_2_contemp_ice_extrap",53.0625180418014,0.236016631126404
"species_2_contemp_ice_extrap",53.3113192720174,0.236016631126404
"species_2_contemp_ice_extrap",53.5601205022334,0.236016631126404
"species_2_contemp_ice_extrap",53.8089217324494,0.236016631126404
"species_2_contemp_ice_extrap",54.0577229626655,0.236016631126404
"species_2_contemp_ice_extrap",54.3065241928815,0.236016631126404
"species_2_contemp_ice_extrap",54.5553254230975,0.236016631126404
"species_2_contemp_ice_extrap",54.8041266533135,0.236016631126404
"species_2_contemp_ice_extrap",55.0529278835296,0.236016631126404
"species_2_contemp_ice_extrap",55.3017291137456,0.236016631126404
"species_2_contemp_ice_extrap",55.5505303439616,0.236016631126404
"species_2_contemp_ice_extrap",55.7993315741776,0.236016631126404
"species_2_contemp_ice_extrap",56.0481328043937,0.236016631126404
"species_2_contemp_ice_extrap",56.2969340346097,0.236016631126404
"species_2_contemp_ice_extrap",56.5457352648257,0.236016631126404
"species_2_contemp_ice_extrap",56.7945364950418,0.236016631126404
"species_2_contemp_ice_extrap",57.0433377252578,0.236016631126404
"species_2_contemp_ice_extrap",57.2921389554738,0.236016631126404
"species_2_contemp_ice_extrap",57.5409401856898,0.236016631126404
"species_2_contemp_ice_extrap",57.7897414159059,0.236016631126404
"species_2_contemp_ice_extrap",58.0385426461219,0.236016631126404
"species_2_contemp_ice_extrap",58.2873438763379,0.236028805375099
"species_2_contemp_ice_extrap",58.5361451065539,0.236465036869049
"species_2_contemp_ice_extrap",58.78494633677,0.236966505646706
"species_2_contemp_ice_extrap",59.033747566986,0.2374686896801
"species_2_contemp_ice_extrap",59.282548797202,0.237971618771553
"species_2_contemp_ice_extrap",59.531350027418,0.238475263118744
"species_2_contemp_ice_extrap",59.780151257634,0.238979652523994
"species_2_contemp_ice_extrap",60.0289524878501,0.239484772086143
"species_2_contemp_ice_extrap",60.2777537180661,0.239990621805191
"species_2_contemp_ice_extrap",60.5265549482821,0.240497201681137
"species_2_contemp_ice_extrap",60.7753561784982,0.241004511713982
"species_2_contemp_ice_extrap",61.0241574087142,0.241512551903725
"species_2_contemp_ice_extrap",61.2729586389302,0.242021322250366
"species_2_contemp_ice_extrap",61.5217598691462,0.242530822753906
"species_2_contemp_ice_extrap",61.7705610993623,0.243041053414345
"species_2_contemp_ice_extrap",62.0193623295783,0.243551999330521
"species_2_contemp_ice_extrap",62.2681635597943,0.244063675403595
"species_2_contemp_ice_extrap",62.5169647900103,0.244576096534729
"species_2_contemp_ice_extrap",62.7657660202264,0.245147615671158
"species_2_contemp_ice_extrap",63.0145672504424,0.246040120720863
"species_2_contemp_ice_extrap",63.2633684806584,0.24756333231926
"species_2_contemp_ice_extrap",63.5121697108744,0.249746784567833
"species_2_contemp_ice_extrap",63.7609709410905,0.251943051815033
"species_2_contemp_ice_extrap",64.0097721713065,0.254152089357376
"species_2_contemp_ice_extrap",64.2585734015225,0.256373852491379
"species_2_contemp_ice_extrap",64.5073746317385,0.258608281612396
"species_2_contemp_ice_extrap",64.7561758619546,0.260855317115784
"species_2_contemp_ice_extrap",65.0049770921706,0.263114988803864
"species_2_contemp_ice_extrap",65.2537783223866,0.265387237071991
"species_2_contemp_ice_extrap",65.5025795526027,0.267671972513199
"species_2_contemp_ice_extrap",65.7513807828187,0.269969135522842
"species_2_contemp_ice_extrap",66.0001820130347,0.272278696298599
"species_2_contemp_ice_extrap",66.2489832432507,0.274600565433502
"species_2_contemp_ice_extrap",66.4977844734668,0.276934713125229
"species_2_contemp_ice_extrap",66.7465857036828,0.279280990362167
"species_2_contemp_ice_extrap",66.9953869338988,0.281639486551285
"species_2_contemp_ice_extrap",67.2441881641148,0.284010052680969
"species_2_contemp_ice_extrap",67.4929893943309,0.286392599344254
"species_2_contemp_ice_extrap",67.7417906245469,0.288787066936493
"species_2_contemp_ice_extrap",67.9905918547629,0.291193395853043
"species_2_contemp_ice_extrap",68.2393930849789,0.293611496686935
"species_2_contemp_ice_extrap",68.488194315195,0.296041280031204
"species_2_contemp_ice_extrap",68.736995545411,0.298482626676559
"species_2_contemp_ice_extrap",68.985796775627,0.300935566425323
"species_2_contemp_ice_extrap",69.234598005843,0.303399920463562
"species_2_contemp_ice_extrap",69.4833992360591,0.305875658988953
"species_2_contemp_ice_extrap",69.7322004662751,0.308362632989883
"species_2_contemp_ice_extrap",69.9810016964911,0.31086078286171
"species_2_contemp_ice_extrap",70.2298029267072,0.313369989395142
"species_2_contemp_ice_extrap",70.4786041569232,0.315890192985535
"species_2_contemp_ice_extrap",70.7274053871392,0.31842115521431
"species_2_contemp_ice_extrap",70.9762066173552,0.320962965488434
"species_2_contemp_ice_extrap",71.2250078475712,0.323515444993973
"species_2_contemp_ice_extrap",71.4738090777873,0.326078474521637
"species_2_contemp_ice_extrap",71.7226103080033,0.328651964664459
"species_2_contemp_ice_extrap",71.9714115382193,0.331235736608505
"species_2_contemp_ice_extrap",72.2202127684353,0.333829760551453
"species_2_contemp_ice_extrap",72.4690139986514,0.336433857679367
"species_2_contemp_ice_extrap",72.7178152288674,0.339047878980637
"species_2_contemp_ice_extrap",72.9666164590834,0.341671794652939
"species_2_contemp_ice_extrap",73.2154176892994,0.344305455684662
"species_2_contemp_ice_extrap",73.4642189195155,0.346948713064194
"species_2_contemp_ice_extrap",73.7130201497315,0.349601447582245
"species_2_contemp_ice_extrap",73.9618213799475,0.352263540029526
"species_2_contemp_ice_extrap",74.2106226101636,0.354934841394424
"species_2_contemp_ice_extrap",74.4594238403796,0.357615172863007
"species_2_contemp_ice_extrap",74.7082250705956,0.36030438542366
"species_2_contemp_ice_extrap",74.9570263008116,0.363002479076385
"species_2_contemp_ice_extrap",75.2058275310277,0.365709245204926
"species_2_contemp_ice_extrap",75.4546287612437,0.368424475193024
"species_2_contemp_ice_extrap",75.7034299914597,0.371148109436035
"species_2_contemp_ice_extrap",75.9522312216757,0.373879939317703
"species_2_contemp_ice_extrap",76.2010324518918,0.376619845628738
"species_2_contemp_ice_extrap",76.4498336821078,0.379367649555206
"species_2_contemp_ice_extrap",76.6986349123238,0.38212314248085
"species_2_contemp_ice_extrap",76.9474361425398,0.384886294603348
"species_2_contemp_ice_extrap",77.1962373727559,0.387656927108765
"species_2_contemp_ice_extrap",77.4450386029719,0.390434831380844
"species_2_contemp_ice_extrap",77.6938398331879,0.393219858407974
"species_2_contemp_ice_extrap",77.9426410634039,0.396011829376221
"species_2_contemp_ice_extrap",78.19144229362,0.398810625076294
"species_2_contemp_ice_extrap",78.440243523836,0.401616036891937
"species_2_contemp_ice_extrap",78.689044754052,0.404427796602249
"species_2_contemp_ice_extrap",78.937845984268,0.407245963811874
"species_2_contemp_ice_extrap",79.1866472144841,0.410070240497589
"species_2_contemp_ice_extrap",79.4354484447001,0.412900447845459
"species_2_contemp_ice_extrap",79.6842496749161,0.415736436843872
"species_2_contemp_ice_extrap",79.9330509051321,0.418577998876572
"species_2_contemp_ice_extrap",80.1818521353482,0.421424984931946
"species_2_contemp_ice_extrap",80.4306533655642,0.42427721619606
"species_2_contemp_ice_extrap",80.6794545957802,0.427134394645691
"species_2_contemp_ice_extrap",80.9282558259963,0.429996520280838
"species_2_contemp_ice_extrap",81.1770570562123,0.432863354682922
"species_2_contemp_ice_extrap",81.4258582864283,0.435734689235687
"species_2_contemp_ice_extrap",81.6746595166443,0.438610345125198
"species_2_contemp_ice_extrap",81.9234607468604,0.441490113735199
"species_2_contemp_ice_extrap",82.1722619770764,0.444373846054077
"species_2_contemp_ice_extrap",82.4210632072924,0.447261303663254
"species_2_contemp_ice_extrap",82.6698644375084,0.45015224814415
"species_2_contemp_ice_extrap",82.9186656677245,0.453046649694443
"species_2_contemp_ice_extrap",83.1674668979405,0.455944240093231
"species_2_contemp_ice_extrap",83.4162681281565,0.458844810724258
"species_2_contemp_ice_extrap",83.6650693583725,0.461748152971268
"species_2_contemp_ice_extrap",83.9138705885886,0.464654117822647
"species_2_contemp_ice_extrap",84.1626718188046,0.467562466859818
"species_2_contemp_ice_extrap",84.4114730490206,0.470473051071167
"species_2_contemp_ice_extrap",84.6602742792366,0.473385512828827
"species_2_contemp_ice_extrap",84.9090755094527,0.476299911737442
"species_2_contemp_ice_extrap",85.1578767396687,0.479215919971466
"species_2_contemp_ice_extrap",85.4066779698847,0.482133328914642
"species_2_contemp_ice_extrap",85.6554792001007,0.485051959753036
"species_2_contemp_ice_extrap",85.9042804303168,0.487971603870392
"species_2_contemp_ice_extrap",86.1530816605328,0.490892082452774
"species_2_contemp_ice_extrap",86.4018828907488,0.493813186883926
"species_2_contemp_ice_extrap",86.6506841209648,0.496734619140625
"species_2_contemp_ice_extrap",86.8994853511809,0.499656349420547
"species_2_contemp_ice_extrap",87.1482865813969,0.502578139305115
"species_2_contemp_ice_extrap",87.3970878116129,0.505499720573425
"species_2_contemp_ice_extrap",87.645889041829,0.508420944213867
"species_2_contemp_ice_extrap",87.894690272045,0.511341571807861
"species_2_contemp_ice_extrap",88.143491502261,0.514261424541473
"species_2_contemp_ice_extrap",88.392292732477,0.517180323600769
"species_2_contemp_ice_extrap",88.641093962693,0.520097970962524
"species_2_contemp_ice_extrap",88.8898951929091,0.523014307022095
"species_2_contemp_ice_extrap",89.1386964231251,0.525929093360901
"species_2_contemp_ice_extrap",89.3874976533411,0.528842091560364
"species_2_contemp_ice_extrap",89.6362988835572,0.531753182411194
"species_2_contemp_ice_extrap",89.8851001137732,0.534662067890167
"species_2_contemp_ice_extrap",90.1339013439892,0.537568628787994
"species_2_contemp_ice_extrap",90.3827025742052,0.540472567081451
"species_2_contemp_ice_extrap",90.6315038044213,0.543373763561249
"species_2_contemp_ice_extrap",90.8803050346373,0.546272039413452
"species_2_contemp_ice_extrap",91.1291062648533,0.549167215824127
"species_2_contemp_ice_extrap",91.3779074950693,0.552059054374695
"species_2_contemp_ice_extrap",91.6267087252854,0.554947376251221
"species_2_contemp_ice_extrap",91.8755099555014,0.55783200263977
"species_2_contemp_ice_extrap",92.1243111857174,0.560712695121765
"species_2_contemp_ice_extrap",92.3731124159334,0.563589334487915
"species_2_contemp_ice_extrap",92.6219136461495,0.566461622714996
"species_2_contemp_ice_extrap",92.8707148763655,0.569329559803009
"species_2_contemp_ice_extrap",93.1195161065815,0.572192788124084
"species_2_contemp_ice_extrap",93.3683173367976,0.575051248073578
"species_2_contemp_ice_extrap",93.6171185670136,0.577904641628265
"species_2_contemp_ice_extrap",93.8659197972296,0.580752909183502
"species_2_contemp_ice_extrap",94.1147210274456,0.583595752716064
"species_2_contemp_ice_extrap",94.3635222576617,0.586433053016663
"species_2_contemp_ice_extrap",94.6123234878777,0.589264571666718
"species_2_contemp_ice_extrap",94.8611247180937,0.592090249061584
"species_2_contemp_ice_extrap",95.1099259483097,0.594909846782684
"species_2_contemp_ice_extrap",95.3587271785258,0.597723245620728
"species_2_contemp_ice_extrap",95.6075284087418,0.60053014755249
"species_2_contemp_ice_extrap",95.8563296389578,0.603330492973328
"species_2_contemp_ice_extrap",96.1051308691738,0.606124103069305
"species_2_contemp_ice_extrap",96.3539320993899,0.608910799026489
"species_2_contemp_ice_extrap",96.6027333296059,0.611690282821655
"species_2_contemp_ice_extrap",96.8515345598219,0.614462614059448
"species_2_contemp_ice_extrap",97.100335790038,0.617227554321289
"species_2_contemp_ice_extrap",97.349137020254,0.619984924793243
"species_2_contemp_ice_extrap",97.59793825047,0.622734606266022
"species_2_contemp_ice_extrap",97.846739480686,0.625476360321045
"species_2_contemp_ice_extrap",98.095540710902,0.628210127353668
"species_2_contemp_ice_extrap",98.3443419411181,0.630935668945312
"species_2_contemp_ice_extrap",98.5931431713341,0.633652806282043
"species_2_contemp_ice_extrap",98.8419444015501,0.636361598968506
"species_2_contemp_ice_extrap",99.0907456317662,0.639061748981476
"species_2_contemp_ice_extrap",99.3395468619822,0.641753137111664
"species_2_contemp_ice_extrap",99.5883480921982,0.644435584545135
"species_2_contemp_ice_extrap",99.8371493224142,0.647109031677246
"species_2_contemp_ice_extrap",100.08595055263,0.649773299694061
"species_2_contemp_ice_extrap",100.334751782846,0.652428209781647
"species_2_contemp_ice_extrap",100.583553013062,0.655073642730713
"species_2_contemp_ice_extrap",100.832354243278,0.65770959854126
"species_2_contemp_ice_extrap",101.081155473494,0.660335779190063
"species_2_contemp_ice_extrap",101.32995670371,0.662952184677124
"species_2_contemp_ice_extrap",101.578757933926,0.665558695793152
"species_2_contemp_ice_extrap",101.827559164142,0.668155074119568
"species_2_contemp_ice_extrap",102.076360394358,0.670741260051727
"species_2_contemp_ice_extrap",102.325161624574,0.673317193984985
"species_2_contemp_ice_extrap",102.573962854791,0.675882577896118
"species_2_contemp_ice_extrap",102.822764085007,0.67843759059906
"species_2_contemp_ice_extrap",103.071565315223,0.680981934070587
"species_2_contemp_ice_extrap",103.320366545439,0.68351548910141
"species_2_contemp_ice_extrap",103.569167775655,0.686038255691528
"species_2_contemp_ice_extrap",103.817969005871,0.688550055027008
"species_2_contemp_ice_extrap",104.066770236087,0.691050827503204
"species_2_contemp_ice_extrap",104.315571466303,0.691881895065308
"species_2_contemp_ice_extrap",104.564372696519,0.691881895065308
"species_2_contemp_ice_extrap",104.813173926735,0.691881895065308
"species_2_contemp_ice_extrap",105.061975156951,0.691881895065308
"species_2_contemp_ice_extrap",105.310776387167,0.691881895065308
"species_2_contemp_ice_extrap",105.559577617383,0.691881895065308
"species_2_contemp_ice_extrap",105.808378847599,0.691881895065308
"species_2_contemp_ice_extrap",106.057180077815,0.691881895065308
"species_2_contemp_ice_extrap",106.305981308031,0.691881895065308
"species_2_contemp_ice_extrap",106.554782538247,0.691881895065308
"species_2_contemp_ice_extrap",106.803583768463,0.691881895065308
"species_2_contemp_ice_extrap",107.052384998679,0.691881895065308
"species_2_contemp_ice_extrap",107.301186228895,0.691881895065308
"species_2_contemp_ice_extrap",107.549987459111,0.691881895065308
"species_2_contemp_ice_extrap",107.798788689327,0.691881895065308
"species_2_contemp_ice_extrap",108.047589919543,0.691881895065308
"species_2_contemp_ice_extrap",108.296391149759,0.691881895065308
"species_2_contemp_ice_extrap",108.545192379975,0.691881895065308
"species_2_contemp_ice_extrap",108.793993610191,0.691881895065308
"species_2_contemp_ice_extrap",109.042794840407,0.691881895065308
"species_2_contemp_ice_extrap",109.291596070623,0.691881895065308
"species_2_contemp_ice_extrap",109.540397300839,0.691881895065308
"species_2_contemp_ice_extrap",109.789198531055,0.691881895065308
"species_2_contemp_ice_extrap",110.037999761271,0.691881895065308
"species_2_contemp_ice_extrap",110.286800991487,0.691881895065308
"species_2_contemp_ice_extrap",110.535602221703,0.691881895065308
"species_2_contemp_ice_extrap",110.784403451919,0.691881895065308
"species_2_contemp_ice_extrap",111.033204682135,0.691881895065308
"species_2_contemp_ice_extrap",111.282005912351,0.691881895065308
"species_2_contemp_ice_extrap",111.530807142567,0.691881895065308
"species_2_contemp_ice_extrap",111.779608372783,0.691881895065308
"species_2_contemp_ice_extrap",112.028409602999,0.691881895065308
"species_2_contemp_ice_extrap",112.277210833216,0.691881895065308
"species_2_contemp_ice_extrap",112.526012063432,0.691881895065308
"species_2_contemp_ice_extrap",112.774813293648,0.691881895065308
"species_2_contemp_ice_extrap",113.023614523864,0.691881895065308
"species_2_contemp_ice_extrap",113.27241575408,0.691881895065308
"species_2_contemp_ice_extrap",113.521216984296,0.691881895065308
"species_2_contemp_ice_extrap",113.770018214512,0.691881895065308
"species_2_contemp_ice_extrap",114.018819444728,0.691881895065308
"species_2_contemp_ice_extrap",114.267620674944,0.691881895065308
"species_2_contemp_ice_extrap",114.51642190516,0.691881895065308
"species_2_fetch_only",-7213.11907348633,0.898845732212067
"species_2_fetch_only",-7024.74874550781,0.898845732212067
"species_2_fetch_only",-6836.3784175293,0.898845732212067
"species_2_fetch_only",-6648.00808955078,0.898845732212067
"species_2_fetch_only",-6459.63776157227,0.898845732212067
"species_2_fetch_only",-6271.26743359375,0.898845732212067
"species_2_fetch_only",-6082.89710561523,0.898845732212067
"species_2_fetch_only",-5894.52677763672,0.898845732212067
"species_2_fetch_only",-5706.1564496582,0.898845732212067
"species_2_fetch_only",-5517.78612167969,0.898845732212067
"species_2_fetch_only",-5329.41579370117,0.898845732212067
"species_2_fetch_only",-5141.04546572266,0.898845732212067
"species_2_fetch_only",-4952.67513774414,0.898845732212067
"species_2_fetch_only",-4764.30480976562,0.898845732212067
"species_2_fetch_only",-4575.93448178711,0.898845732212067
"species_2_fetch_only",-4387.56415380859,0.898845732212067
"species_2_fetch_only",-4199.19382583008,0.898845732212067
"species_2_fetch_only",-4010.82349785156,0.898845732212067
"species_2_fetch_only",-3822.45316987305,0.898845732212067
"species_2_fetch_only",-3634.08284189453,0.898845732212067
"species_2_fetch_only",-3445.71251391602,0.898845732212067
"species_2_fetch_only",-3257.3421859375,0.898845732212067
"species_2_fetch_only",-3068.97185795898,0.898845732212067
"species_2_fetch_only",-2880.60152998047,0.898845732212067
"species_2_fetch_only",-2692.23120200195,0.898845732212067
"species_2_fetch_only",-2503.86087402344,0.898845732212067
"species_2_fetch_only",-2315.49054604492,0.898845732212067
"species_2_fetch_only",-2127.12021806641,0.898845732212067
"species_2_fetch_only",-1938.74989008789,0.898845732212067
"species_2_fetch_only",-1750.37956210938,0.898845732212067
"species_2_fetch_only",-1562.00923413086,0.898845732212067
"species_2_fetch_only",-1373.63890615234,0.898845732212067
"species_2_fetch_only",-1185.26857817383,0.898845732212067
"species_2_fetch_only",-996.898250195311,0.898845732212067
"species_2_fetch_only",-808.527922216796,0.898845732212067
"species_2_fetch_only",-620.157594238281,0.898845732212067
"species_2_fetch_only",-431.787266259766,0.898845732212067
"species_2_fetch_only",-243.41693828125,0.898845732212067
"species_2_fetch_only",-55.0466103027338,0.898845732212067
"species_2_fetch_only",133.323717675781,0.898845732212067
"species_2_fetch_only",321.694045654297,0.898845732212067
"species_2_fetch_only",510.064373632814,0.898845732212067
"species_2_fetch_only",698.434701611329,0.911068320274353
"species_2_fetch_only",886.805029589845,0.923232913017273
"species_2_fetch_only",1075.17535756836,0.919926404953003
"species_2_fetch_only",1263.54568554688,0.916490375995636
"species_2_fetch_only",1451.91601352539,0.912920892238617
"species_2_fetch_only",1640.28634150391,0.909213900566101
"species_2_fetch_only",1828.65666948242,0.905365467071533
"species_2_fetch_only",2017.02699746094,0.901371598243713
"species_2_fetch_only",2205.39732543946,0.897228300571442
"species_2_fetch_only",2393.76765341797,0.892931640148163
"species_2_fetch_only",2582.13798139648,0.888477683067322
"species_2_fetch_only",2770.508309375,0.883862495422363
"species_2_fetch_only",2958.87863735352,0.879082381725311
"species_2_fetch_only",3147.24896533203,0.874133467674255
"species_2_fetch_only",3335.61929331055,0.869012236595154
"species_2_fetch_only",3523.98962128906,0.86371511220932
"species_2_fetch_only",3712.35994926758,0.858238697052002
"species_2_fetch_only",3900.7302772461,0.852579772472382
"species_2_fetch_only",4089.10060522461,0.84673535823822
"species_2_fetch_only",4277.47093320313,0.840702474117279
"species_2_fetch_only",4465.84126118164,0.834478557109833
"species_2_fetch_only",4654.21158916016,0.828061163425446
"species_2_fetch_only",4842.58191713867,0.821448266506195
"species_2_fetch_only",5030.95224511719,0.814637899398804
"species_2_fetch_only",5219.32257309571,0.807628631591797
"species_2_fetch_only",5407.69290107422,0.800419270992279
"species_2_fetch_only",5596.06322905274,0.793008983135223
"species_2_fetch_only",5784.43355703125,0.785397291183472
"species_2_fetch_only",5972.80388500977,0.777584195137024
"species_2_fetch_only",6161.17421298828,0.769570112228394
"species_2_fetch_only",6349.5445409668,0.761355876922607
"species_2_fetch_only",6537.91486894531,0.752942860126495
"species_2_fetch_only",6726.28519692383,0.744332849979401
"species_2_fetch_only",6914.65552490235,0.735528111457825
"species_2_fetch_only",7103.02585288086,0.726531624794006
"species_2_fetch_only",7291.39618085938,0.717346727848053
"species_2_fetch_only",7479.76650883789,0.707977294921875
"species_2_fetch_only",7668.13683681641,0.698427855968475
"species_2_fetch_only",7856.50716479492,0.688703417778015
"species_2_fetch_only",8044.87749277344,0.678809642791748
"species_2_fetch_only",8233.24782075196,0.668752670288086
"species_2_fetch_only",8421.61814873047,0.658539175987244
"species_2_fetch_only",8609.98847670899,0.648176491260529
"species_2_fetch_only",8798.3588046875,0.637672305107117
"species_2_fetch_only",8986.72913266602,0.627034902572632
"species_2_fetch_only",9175.09946064453,0.61627322435379
"species_2_fetch_only",9363.46978862305,0.605396389961243
"species_2_fetch_only",9551.84011660156,0.594414234161377
"species_2_fetch_only",9740.21044458008,0.583336710929871
"species_2_fetch_only",9928.5807725586,0.572174370288849
"species_2_fetch_only",10116.9511005371,0.560938119888306
"species_2_fetch_only",10305.3214285156,0.549639046192169
"species_2_fetch_only",10493.6917564941,0.538288533687592
"species_2_fetch_only",10682.0620844727,0.526898145675659
"species_2_fetch_only",10870.4324124512,0.515479743480682
"species_2_fetch_only",11058.8027404297,0.504045188426971
"species_2_fetch_only",11247.1730684082,0.492606341838837
"species_2_fetch_only",11435.5433963867,0.481175243854523
"species_2_fetch_only",11623.9137243652,0.469763785600662
"species_2_fetch_only",11812.2840523438,0.45838388800621
"species_2_fetch_only",12000.6543803223,0.447047233581543
"species_2_fetch_only",12189.0247083008,0.435765415430069
"species_2_fetch_only",12377.3950362793,0.425695896148682
"species_2_fetch_only",12565.7653642578,0.4184829890728
"species_2_fetch_only",12754.1356922363,0.411486804485321
"species_2_fetch_only",12942.5060202148,0.404526233673096
"species_2_fetch_only",13130.8763481934,0.397603869438171
"species_2_fetch_only",13319.2466761719,0.391022056341171
"species_2_fetch_only",13507.6170041504,0.384766131639481
"species_2_fetch_only",13695.9873321289,0.378838956356049
"species_2_fetch_only",13884.3576601074,0.373333126306534
"species_2_fetch_only",14072.7279880859,0.368372648954391
"species_2_fetch_only",14261.0983160645,0.36406421661377
"species_2_fetch_only",14449.468644043,0.359777510166168
"species_2_fetch_only",14637.8389720215,0.355513036251068
"species_2_fetch_only",14826.2093,0.351271390914917
"species_2_fetch_only",15014.5796279785,0.347053050994873
"species_2_fetch_only",15202.949955957,0.342858642339706
"species_2_fetch_only",15391.3202839355,0.338688611984253
"species_2_fetch_only",15579.6906119141,0.334543496370316
"species_2_fetch_only",15768.0609398926,0.330423772335052
"species_2_fetch_only",15956.4312678711,0.326329857110977
"species_2_fetch_only",16144.8015958496,0.322262287139893
"species_2_fetch_only",16333.1719238281,0.318221479654312
"species_2_fetch_only",16521.5422518066,0.314207822084427
"species_2_fetch_only",16709.9125797852,0.310221791267395
"species_2_fetch_only",16898.2829077637,0.30626368522644
"species_2_fetch_only",17086.6532357422,0.302334010601044
"species_2_fetch_only",17275.0235637207,0.298433005809784
"species_2_fetch_only",17463.3938916992,0.294561117887497
"species_2_fetch_only",17651.7642196777,0.290718644857407
"species_2_fetch_only",17840.1345476562,0.286905914545059
"species_2_fetch_only",18028.5048756348,0.283123224973679
"species_2_fetch_only",18216.8752036133,0.279370844364166
"species_2_fetch_only",18405.2455315918,0.275649100542068
"species_2_fetch_only",18593.6158595703,0.271958231925964
"species_2_fetch_only",18781.9861875488,0.268298447132111
"species_2_fetch_only",18970.3565155273,0.264670014381409
"species_2_fetch_only",19158.7268435059,0.261073172092438
"species_2_fetch_only",19347.0971714844,0.25750806927681
"species_2_fetch_only",19535.4674994629,0.253974944353104
"species_2_fetch_only",19723.8378274414,0.250473916530609
"species_2_fetch_only",19912.2081554199,0.24700516462326
"species_2_fetch_only",20100.5784833984,0.243568867444992
"species_2_fetch_only",20288.948811377,0.24016509950161
"species_2_fetch_only",20477.3191393555,0.236794039607048
"species_2_fetch_only",20665.689467334,0.23345573246479
"species_2_fetch_only",20854.0597953125,0.230150282382965
"species_2_fetch_only",21042.430123291,0.226877823472023
"species_2_fetch_only",21230.8004512695,0.223638355731964
"species_2_fetch_only",21419.170779248,0.220431968569756
"species_2_fetch_only",21607.5411072266,0.217258676886559
"species_2_fetch_only",21795.9114352051,0.214118495583534
"species_2_fetch_only",21984.2817631836,0.21101151406765
"species_2_fetch_only",22172.6520911621,0.207937657833099
"species_2_fetch_only",22361.0224191406,0.204896971583366
"species_2_fetch_only",22549.3927471191,0.201889380812645
"species_2_fetch_only",22737.7630750977,0.198914900422096
"species_2_fetch_only",22926.1334030762,0.195973515510559
"species_2_fetch_only",23114.5037310547,0.193065121769905
"species_2_fetch_only",23302.8740590332,0.19018965959549
"species_2_fetch_only",23491.2443870117,0.187347128987312
"species_2_fetch_only",23679.6147149902,0.1845373660326
"species_2_fetch_only",23867.9850429688,0.181760340929031
"species_2_fetch_only",24056.3553709473,0.179015904664993
"species_2_fetch_only",24244.7256989258,0.17630398273468
"species_2_fetch_only",24433.0960269043,0.173624470829964
"species_2_fetch_only",24621.4663548828,0.170977219939232
"species_2_fetch_only",24809.8366828613,0.168362125754356
"species_2_fetch_only",24998.2070108398,0.165779009461403
"species_2_fetch_only",25186.5773388184,0.163227736949921
"species_2_fetch_only",25374.9476667969,0.160708203911781
"species_2_fetch_only",25563.3179947754,0.158220171928406
"species_2_fetch_only",25751.6883227539,0.155763536691666
"species_2_fetch_only",25940.0586507324,0.153338074684143
"species_2_fetch_only",26128.4289787109,0.150943621993065
"species_2_fetch_only",26316.7993066895,0.148580029606819
"species_2_fetch_only",26505.169634668,0.146247044205666
"species_2_fetch_only",26693.5399626465,0.143944531679153
"species_2_fetch_only",26881.910290625,0.141672223806381
"species_2_fetch_only",27070.2806186035,0.139429941773415
"species_2_fetch_only",27258.650946582,0.137217491865158
"species_2_fetch_only",27447.0212745606,0.135034635663033
"species_2_fetch_only",27635.3916025391,0.132881134748459
"species_2_fetch_only",27823.7619305176,0.130756825208664
"species_2_fetch_only",28012.1322584961,0.128661409020424
"species_2_fetch_only",28200.5025864746,0.126594707369804
"species_2_fetch_only",28388.8729144531,0.124556429684162
"species_2_fetch_only",28577.2432424317,0.12254636734724
"species_2_fetch_only",28765.6135704102,0.120564296841621
"species_2_fetch_only",28953.9838983887,0.118609935045242
"species_2_fetch_only",29142.3542263672,0.116683065891266
"species_2_fetch_only",29330.7245543457,0.114783406257629
"species_2_fetch_only",29519.0948823242,0.112910717725754
"species_2_fetch_only",29707.4652103027,0.111064769327641
"species_2_fetch_only",29895.8355382813,0.109245263040066
"species_2_fetch_only",30084.2058662598,0.107451975345612
"species_2_fetch_only",30272.5761942383,0.105684623122215
"species_2_fetch_only",30460.9465222168,0.103942953050137
"species_2_fetch_only",30649.3168501953,0.102226719260216
"species_2_fetch_only",30837.6871781738,0.100535623729229
"species_2_fetch_only",31026.0575061523,0.0988694429397583
"species_2_fetch_only",31214.4278341309,0.0972278714179993
"species_2_fetch_only",31402.7981621094,0.0956106707453728
"species_2_fetch_only",31591.1684900879,0.0940175801515579
"species_2_fetch_only",31779.5388180664,0.0924483016133308
"species_2_fetch_only",31967.9091460449,0.090902604162693
"species_2_fetch_only",32156.2794740234,0.0893801972270012
"species_2_fetch_only",32344.649802002,0.0878808125853539
"species_2_fetch_only",32533.0201299805,0.0864042118191719
"species_2_fetch_only",32721.390457959,0.0849501043558121
"species_2_fetch_only",32909.7607859375,0.0835182219743729
"species_2_fetch_only",33098.131113916,0.082108311355114
"species_2_fetch_only",33286.5014418945,0.0807201340794563
"species_2_fetch_only",33474.8717698731,0.0793533697724342
"species_2_fetch_only",33663.2420978516,0.0780077800154686
"species_2_fetch_only",33851.6124258301,0.0766831114888191
"species_2_fetch_only",34039.9827538086,0.0753790959715843
"species_2_fetch_only",34228.3530817871,0.0740955024957657
"species_2_fetch_only",34416.7234097656,0.0728320255875587
"species_2_fetch_only",34605.0937377441,0.0715884193778038
"species_2_fetch_only",34793.4640657227,0.0703644379973412
"species_2_fetch_only",34981.8343937012,0.0691598281264305
"species_2_fetch_only",35170.2047216797,0.0679743513464928
"species_2_fetch_only",35358.5750496582,0.0668077170848846
"species_2_fetch_only",35546.9453776367,0.0656596943736076
"species_2_fetch_only",35735.3157056152,0.064530037343502
"species_2_fetch_only",35923.6860335938,0.0634184926748276
"species_2_fetch_only",36112.0563615723,0.0623248405754566
"species_2_fetch_only",36300.4266895508,0.0612487979233265
"species_2_fetch_only",36488.7970175293,0.060190137475729
"species_2_fetch_only",36677.1673455078,0.059148620814085
"species_2_fetch_only",36865.5376734863,0.058124016970396
"species_2_fetch_only",37053.9080014648,0.0571161024272442
"species_2_fetch_only",37242.2783294434,0.0561246015131474
"species_2_fetch_only",37430.6486574219,0.0551493093371391
"species_2_fetch_only",37619.0189854004,0.0541899912059307
"species_2_fetch_only",37807.3893133789,0.0532464161515236
"species_2_fetch_only",37995.7596413574,0.052318386733532
"species_2_fetch_only",38184.129969336,0.051405631005764
"species_2_fetch_only",38372.5002973145,0.0505079515278339
"species_2_fetch_only",38560.870625293,0.0496251285076141
"species_2_fetch_only",38749.2409532715,0.0487569458782673
"species_2_fetch_only",38937.61128125,0.0479032024741173
"species_2_fetch_only",39125.9816092285,0.0470636487007141
"species_2_fetch_only",39314.351937207,0.0462380982935429
"species_2_fetch_only",39502.7222651855,0.0454263351857662
"species_2_fetch_only",39691.0925931641,0.0446281582117081
"species_2_fetch_only",39879.4629211426,0.043843362480402
"species_2_fetch_only",40067.8332491211,0.0430717617273331
"species_2_fetch_only",40256.2035770996,0.0423131212592125
"species_2_fetch_only",40444.5739050781,0.0415672659873962
"species_2_fetch_only",40632.9442330567,0.0408339947462082
"species_2_fetch_only",40821.3145610352,0.0401131175458431
"species_2_fetch_only",41009.6848890137,0.039404459297657
"species_2_fetch_only",41198.0552169922,0.0387078039348126
"species_2_fetch_only",41386.4255449707,0.0380229726433754
"species_2_fetch_only",41574.7958729492,0.0373497903347015
"species_2_fetch_only",41763.1662009277,0.036688070744276
"species_2_fetch_only",41951.5365289063,0.0360376499593258
"species_2_fetch_only",42139.9068568848,0.0353983193635941
"species_2_fetch_only",42328.2771848633,0.0347699262201786
"species_2_fetch_only",42516.6475128418,0.0341522917151451
"species_2_fetch_only",42705.0178408203,0.0335452482104301
"species_2_fetch_only",42893.3881687988,0.0329486392438412
"species_2_fetch_only",43081.7584967774,0.032371774315834
"species_2_fetch_only",43270.1288247559,0.0318093076348305
"species_2_fetch_only",43458.4991527344,0.0312563665211201
"species_2_fetch_only",43646.8694807129,0.0307127349078655
"species_2_fetch_only",43835.2398086914,0.0301782749593258
"species_2_fetch_only",44023.6101366699,0.0296528190374374
"species_2_fetch_only",44211.9804646484,0.0291362386196852
"species_2_fetch_only",44400.350792627,0.028628395870328
"species_2_fetch_only",44588.7211206055,0.0281292162835598
"species_2_fetch_only",44777.091448584,0.0276385024189949
"species_2_fetch_only",44965.4617765625,0.0271560996770859
"species_2_fetch_only",45153.832104541,0.026681886985898
"species_2_fetch_only",45342.2024325195,0.0262157302349806
"species_2_fetch_only",45530.5727604981,0.0257575027644634
"species_2_fetch_only",45718.9430884766,0.0253070872277021
"species_2_fetch_only",45907.3134164551,0.0248643364757299
"species_2_fetch_only",46095.6837444336,0.0244291368871927
"species_2_fetch_only",46284.0540724121,0.0240013692528009
"species_2_fetch_only",46472.4244003906,0.0235809087753296
"species_2_fetch_only",46660.7947283691,0.0231676492840052
"species_2_fetch_only",46849.1650563477,0.0227614548057318
"species_2_fetch_only",47037.5353843262,0.0223622191697359
"species_2_fetch_only",47225.9057123047,0.0219698268920183
"species_2_fetch_only",47414.2760402832,0.0215841699391603
"species_2_fetch_only",47602.6463682617,0.0212051421403885
"species_2_fetch_only",47791.0166962402,0.020832622423768
"species_2_fetch_only",47979.3870242188,0.020466510206461
"species_2_fetch_only",48167.7573521973,0.0201066993176937
"species_2_fetch_only",48356.1276801758,0.019753085449338
"species_2_fetch_only",48544.4980081543,0.0194055754691362
"species_2_fetch_only",48732.8683361328,0.0190640538930893
"species_2_fetch_only",48921.2386641113,0.0187284275889397
"species_2_fetch_only",49109.6089920899,0.0183985978364944
"species_2_fetch_only",49297.9793200684,0.0180744715034962
"species_2_fetch_only",49486.3496480469,0.0177559517323971
"species_2_fetch_only",49674.7199760254,0.0174429509788752
"species_2_fetch_only",49863.0903040039,0.0171353667974472
"species_2_fetch_only",50051.4606319824,0.0168331116437912
"species_2_fetch_only",50239.830959961,0.0165360998362303
"species_2_fetch_only",50428.2012879395,0.0162442401051521
"species_2_fetch_only",50616.571615918,0.0159574560821056
"species_2_fetch_only",50804.9419438965,0.0156756471842527
"species_2_fetch_only",50993.312271875,0.0153987379744649
"species_2_fetch_only",51181.6825998535,0.015126645565033
"species_2_fetch_only",51370.052927832,0.0148592879995704
"species_2_fetch_only",51558.4232558106,0.0145965907722712
"species_2_fetch_only",51746.7935837891,0.0143384654074907
"species_2_fetch_only",51935.1639117676,0.0140868909657001
"species_2_fetch_only",52123.5342397461,0.0138577334582806
"species_2_fetch_only",52311.9045677246,0.0136635778471828
"species_2_fetch_only",52500.2748957031,0.013563035055995
"species_2_fetch_only",52688.6452236817,0.0135287530720234
"species_2_fetch_only",52877.0155516602,0.0134945567697287
"species_2_fetch_only",53065.3858796387,0.0134604461491108
"species_2_fetch_only",53253.7562076172,0.0134264202788472
"species_2_fetch_only",53442.1265355957,0.0133924810215831
"species_2_fetch_only",53630.4968635742,0.0133586246520281
"species_2_fetch_only",53818.8671915527,0.0133248521015048
"species_2_fetch_only",54007.2375195313,0.0132911652326584
"species_2_fetch_only",54195.6078475098,0.0132575612515211
"species_2_fetch_only",54383.9781754883,0.0132240420207381
"species_2_fetch_only",54572.3485034668,0.0131906066089869
"species_2_fetch_only",54760.7188314453,0.0131572531536222
"species_2_fetch_only",54949.0891594238,0.0131239844486117
"species_2_fetch_only",55137.4594874024,0.0130907976999879
"species_2_fetch_only",55325.8298153809,0.0130576947703958
"species_2_fetch_only",55514.2001433594,0.0130246737971902
"species_2_fetch_only",55702.5704713379,0.0129917347803712
"species_2_fetch_only",55890.9407993164,0.0129588786512613
"species_2_fetch_only",56079.3111272949,0.012926104478538
"species_2_fetch_only",56267.6814552734,0.0128934122622013
"species_2_fetch_only",56456.051783252,0.0128608010709286
"species_2_fetch_only",56644.4221112305,0.0128282718360424
"species_2_fetch_only",56832.792439209,0.0127958226948977
"species_2_fetch_only",57021.1627671875,0.0127634555101395
"species_2_fetch_only",57209.533095166,0.0127311693504453
"species_2_fetch_only",57397.9034231445,0.0126989642158151
"species_2_fetch_only",57586.2737511231,0.0126668382436037
"species_2_fetch_only",57774.6440791016,0.0126347932964563
"species_2_fetch_only",57963.0144070801,0.0126028275117278
"species_2_fetch_only",58151.3847350586,0.0125709427520633
"species_2_fetch_only",58339.7550630371,0.0125391371548176
"species_2_fetch_only",58528.1253910156,0.0125074107199907
"species_2_fetch_only",58716.4957189942,0.0124757634475827
"species_2_fetch_only",58904.8660469727,0.0124441953375936
"species_2_fetch_only",59093.2363749512,0.0124127063900232
"species_2_fetch_only",59281.6067029297,0.0123812966048717
"species_2_fetch_only",59469.9770309082,0.0123499650508165
"species_2_fetch_only",59658.3473588867,0.012318710796535
"species_2_fetch_only",59846.7176868652,0.0122875357046723
"species_2_fetch_only",60035.0880148438,0.0122564379125834
"species_2_fetch_only",60223.4583428223,0.0122254192829132
"species_2_fetch_only",60411.8286708008,0.0121944760903716
"species_2_fetch_only",60600.1989987793,0.0121636111289263
"species_2_fetch_only",60788.5693267578,0.0121328234672546
"species_2_fetch_only",60976.9396547363,0.0121021131053567
"species_2_fetch_only",61165.3099827148,0.0120714791119099
"species_2_fetch_only",61353.6803106934,0.0120409214869142
"species_2_fetch_only",61542.0506386719,0.0120104411616921
"species_2_fetch_only",61730.4209666504,0.0119800362735987
"species_2_fetch_only",61918.7912946289,0.0119497068226337
"species_2_fetch_only",62107.1616226074,0.0119194546714425
"species_2_fetch_only",62295.5319505859,0.0118892770260572
"species_2_fetch_only",62483.9022785645,0.0118591757491231
"species_2_fetch_only",62672.272606543,0.0118291489779949
"species_2_fetch_only",62860.6429345215,0.0117991976439953
"species_2_fetch_only",63049.0132625,0.0117693217471242
"species_2_fetch_only",63237.3835904785,0.0117395203560591
"species_2_fetch_only",63425.753918457,0.0117097934707999
"species_2_fetch_only",63614.1242464356,0.0116801401600242
"species_2_fetch_only",63802.4945744141,0.0116505613550544
"species_2_fetch_only",63990.8649023926,0.0116210579872131
"species_2_fetch_only",64179.2352303711,0.0115916272625327
"species_2_fetch_only",64367.6055583496,0.0115622701123357
"species_2_fetch_only",64555.9758863281,0.011532986536622
"species_2_fetch_only",64744.3462143066,0.0115037765353918
"species_2_fetch_only",64932.7165422852,0.011474640108645
"species_2_fetch_only",65121.0868702637,0.0114455753937364
"species_2_fetch_only",65309.4571982422,0.0114165842533112
"species_2_fetch_only",65497.8275262207,0.0113876657560468
"species_2_fetch_only",65686.1978541992,0.0113588199019432
"species_2_fetch_only",65874.5681821777,0.0113300448283553
"species_2_fetch_only",66062.9385101563,0.0113013433292508
"species_2_fetch_only",66251.3088381348,0.011272712610662
"species_2_fetch_only",66439.6791661133,0.011244154535234
"species_2_fetch_only",66628.0494940918,0.0112156681716442
"species_2_fetch_only",66816.4198220703,0.0111872516572475
"species_2_fetch_only",67004.7901500488,0.0111589077860117
"species_2_fetch_only",67193.1604780273,0.0111306337639689
"species_2_fetch_only",67381.5308060059,0.011102432385087
"species_2_fetch_only",67569.9011339844,0.0110743008553982
"species_2_fetch_only",67758.2714619629,0.0110462382435799
"species_2_fetch_only",67946.6417899414,0.0110182482749224
"species_2_fetch_only",68135.0121179199,0.0109903262928128
"species_2_fetch_only",68323.3824458984,0.0109624760225415
"species_2_fetch_only",68511.752773877,0.0108272107318044
"species_2_fetch_only",68700.1231018555,0.0106515754014254
"species_2_fetch_only",68888.493429834,0.0104787666350603
"species_2_fetch_only",69076.8637578125,0.0103087248280644
"species_2_fetch_only",69265.234085791,0.0101414211094379
"species_2_fetch_only",69453.6044137695,0.00997680518776178
"species_2_fetch_only",69641.974741748,0.00981482770293951
"species_2_fetch_only",69830.3450697266,0.00965546164661646
"species_2_fetch_only",70018.7153977051,0.00949865207076073
"species_2_fetch_only",70207.0857256836,0.00934437103569508
"species_2_fetch_only",70395.4560536621,0.00919257290661335
"species_2_fetch_only",70583.8263816406,0.00904321111738682
"species_2_fetch_only",70772.1967096191,0.00889626145362854
"species_2_fetch_only",70960.5670375977,0.00875167269259691
"species_2_fetch_only",71148.9373655762,0.00860941875725985
"species_2_fetch_only",71337.3076935547,0.00846945773810148
"species_2_fetch_only",71525.6780215332,0.00833174679428339
"species_2_fetch_only",71714.0483495117,0.0081962626427412
"species_2_fetch_only",71902.4186774902,0.00806295778602362
"species_2_fetch_only",72090.7890054687,0.00793180987238884
"species_2_fetch_only",72279.1593334473,0.0078027774579823
"species_2_fetch_only",72467.5296614258,0.00767582282423973
"species_2_fetch_only",72655.8999894043,0.00755092315375805
"species_2_fetch_only",72844.2703173828,0.00742803607136011
"species_2_fetch_only",73032.6406453613,0.00730713875964284
"species_2_fetch_only",73221.0109733399,0.00718819489702582
"species_2_fetch_only",73409.3813013184,0.00707116862758994
"species_2_fetch_only",73597.7516292969,0.00695603899657726
"species_2_fetch_only",73786.1219572754,0.00684276595711708
"species_2_fetch_only",73974.4922852539,0.00673132995143533
"species_2_fetch_only",74162.8626132324,0.00662169652059674
"species_2_fetch_only",74351.2329412109,0.00651383260264993
"species_2_fetch_only",74539.6032691895,0.00640771863982081
"species_2_fetch_only",74727.973597168,0.00630331784486771
"species_2_fetch_only",74916.3439251465,0.0062006120570004
"species_2_fetch_only",75104.714253125,0.00609956961125135
"species_2_fetch_only",75293.0845811035,0.00600015930831432
"species_2_fetch_only",75481.454909082,0.00590236345306039
"species_2_fetch_only",75669.8252370606,0.00580614851787686
"species_2_fetch_only",75858.1955650391,0.00571149680763483
"species_2_fetch_only",76046.5658930176,0.00561837945133448
"species_2_fetch_only",76234.9362209961,0.00552676804363728
"species_2_fetch_only",76423.3065489746,0.00543664628639817
"species_2_fetch_only",76611.6768769531,0.00534798204898834
"species_2_fetch_only",76800.0472049316,0.0052607599645853
"species_2_fetch_only",76988.4175329102,0.00517495302483439
"species_2_fetch_only",77176.7878608887,0.00509053468704224
"species_2_fetch_only",77365.1581888672,0.00500749051570892
"species_2_fetch_only",77553.5285168457,0.00492579070851207
"species_2_fetch_only",77741.8988448242,0.00484542036429048
"species_2_fetch_only",77930.2691728027,0.0047663557343185
"species_2_fetch_only",78118.6395007813,0.00468857167288661
"species_2_fetch_only",78307.0098287598,0.0046120542101562
"species_2_fetch_only",78495.3801567383,0.00453677633777261
"species_2_fetch_only",78683.7504847168,0.00446272548288107
"species_2_fetch_only",78872.1208126953,0.00438987743109465
"species_2_fetch_only",79060.4911406738,0.00431821029633284
"species_2_fetch_only",79248.8614686524,0.00429458217695355
"species_2_fetch_only",79437.2317966309,0.00429458217695355
"species_2_fetch_only",79625.6021246094,0.00429458217695355
"species_2_fetch_only",79813.9724525879,0.00429458217695355
"species_2_fetch_only",80002.3427805664,0.00429458217695355
"species_2_fetch_only",80190.7131085449,0.00429458217695355
"species_2_fetch_only",80379.0834365234,0.00429458217695355
"species_2_fetch_only",80567.453764502,0.00429458217695355
"species_2_fetch_only",80755.8240924805,0.00429458217695355
"species_2_fetch_only",80944.194420459,0.00429458217695355
"species_2_fetch_only",81132.5647484375,0.00429458217695355
"species_2_fetch_only",81320.935076416,0.00429458217695355
"species_2_fetch_only",81509.3054043945,0.00429458217695355
"species_2_fetch_only",81697.675732373,0.00429458217695355
"species_2_fetch_only",81886.0460603516,0.00429458217695355
"species_2_fetch_only",82074.4163883301,0.00429458217695355
"species_2_fetch_only",82262.7867163086,0.00429458217695355
"species_2_fetch_only",82451.1570442871,0.00429458217695355
"species_2_fetch_only",82639.5273722656,0.00429458217695355
"species_2_fetch_only",82827.8977002442,0.00429458217695355
"species_2_fetch_only",83016.2680282227,0.00429458217695355
"species_2_fetch_only",83204.6383562012,0.00429458217695355
"species_2_fetch_only",83393.0086841797,0.00429458217695355
"species_2_fetch_only",83581.3790121582,0.00429458217695355
"species_2_fetch_only",83769.7493401367,0.00429458217695355
"species_2_fetch_only",83958.1196681152,0.00429458217695355
"species_2_fetch_only",84146.4899960938,0.00429458217695355
"species_2_fetch_only",84334.8603240723,0.00429458217695355
"species_2_fetch_only",84523.2306520508,0.00429458217695355
"species_2_fetch_only",84711.6009800293,0.00429458217695355
"species_2_fetch_only",84899.9713080078,0.00429458217695355
"species_2_fetch_only",85088.3416359863,0.00429458217695355
"species_2_fetch_only",85276.7119639648,0.00429458217695355
"species_2_fetch_only",85465.0822919434,0.00429458217695355
"species_2_fetch_only",85653.4526199219,0.00429458217695355
"species_2_fetch_only",85841.8229479004,0.00429458217695355
"species_2_fetch_only",86030.1932758789,0.00429458217695355
"species_2_fetch_only",86218.5636038574,0.00429458217695355
"species_2_fetch_only",86406.9339318359,0.00429458217695355
"species_2_fetch_only",86595.3042598145,0.00429458217695355
"species_2_fetch_only",86783.674587793,0.00429458217695355
"species_2_fetch_only",86972.0449157715,0.00429458217695355
"species_2_fetch",-7213.11907348633,0.660090267658234
"species_2_fetch",-7024.74874550781,0.660090267658234
"species_2_fetch",-6836.3784175293,0.660090267658234
"species_2_fetch",-6648.00808955078,0.660090267658234
"species_2_fetch",-6459.63776157227,0.660090267658234
"species_2_fetch",-6271.26743359375,0.660090267658234
"species_2_fetch",-6082.89710561523,0.660090267658234
"species_2_fetch",-5894.52677763672,0.660090267658234
"species_2_fetch",-5706.1564496582,0.660090267658234
"species_2_fetch",-5517.78612167969,0.660090267658234
"species_2_fetch",-5329.41579370117,0.660090267658234
"species_2_fetch",-5141.04546572266,0.660090267658234
"species_2_fetch",-4952.67513774414,0.660090267658234
"species_2_fetch",-4764.30480976562,0.660090267658234
"species_2_fetch",-4575.93448178711,0.660090267658234
"species_2_fetch",-4387.56415380859,0.660090267658234
"species_2_fetch",-4199.19382583008,0.660090267658234
"species_2_fetch",-4010.82349785156,0.660090267658234
"species_2_fetch",-3822.45316987305,0.660090267658234
"species_2_fetch",-3634.08284189453,0.660090267658234
"species_2_fetch",-3445.71251391602,0.660090267658234
"species_2_fetch",-3257.3421859375,0.660090267658234
"species_2_fetch",-3068.97185795898,0.660090267658234
"species_2_fetch",-2880.60152998047,0.660090267658234
"species_2_fetch",-2692.23120200195,0.660090267658234
"species_2_fetch",-2503.86087402344,0.660090267658234
"species_2_fetch",-2315.49054604492,0.660090267658234
"species_2_fetch",-2127.12021806641,0.660090267658234
"species_2_fetch",-1938.74989008789,0.660090267658234
"species_2_fetch",-1750.37956210938,0.660090267658234
"species_2_fetch",-1562.00923413086,0.660090267658234
"species_2_fetch",-1373.63890615234,0.660090267658234
"species_2_fetch",-1185.26857817383,0.660090267658234
"species_2_fetch",-996.898250195311,0.660090267658234
"species_2_fetch",-808.527922216796,0.660090267658234
"species_2_fetch",-620.157594238281,0.660090267658234
"species_2_fetch",-431.787266259766,0.660090267658234
"species_2_fetch",-243.41693828125,0.660090267658234
"species_2_fetch",-55.0466103027338,0.660090267658234
"species_2_fetch",133.323717675781,0.660090267658234
"species_2_fetch",321.694045654297,0.660090267658234
"species_2_fetch",510.064373632814,0.660090267658234
"species_2_fetch",698.434701611329,0.690197885036469
"species_2_fetch",886.805029589845,0.728366851806641
"species_2_fetch",1075.17535756836,0.730330169200897
"species_2_fetch",1263.54568554688,0.732284545898438
"species_2_fetch",1451.91601352539,0.732015371322632
"species_2_fetch",1640.28634150391,0.730079174041748
"species_2_fetch",1828.65666948242,0.728134214878082
"species_2_fetch",2017.02699746094,0.72618043422699
"species_2_fetch",2205.39732543946,0.72421795129776
"species_2_fetch",2393.76765341797,0.722246825695038
"species_2_fetch",2582.13798139648,0.720266997814178
"species_2_fetch",2770.508309375,0.718278586864471
"species_2_fetch",2958.87863735352,0.716281592845917
"species_2_fetch",3147.24896533203,0.713941335678101
"species_2_fetch",3335.61929331055,0.707862913608551
"species_2_fetch",3523.98962128906,0.701709270477295
"species_2_fetch",3712.35994926758,0.695481777191162
"species_2_fetch",3900.7302772461,0.689181864261627
"species_2_fetch",4089.10060522461,0.682811081409454
"species_2_fetch",4277.47093320313,0.676370978355408
"species_2_fetch",4465.84126118164,0.669863402843475
"species_2_fetch",4654.21158916016,0.663290083408356
"species_2_fetch",4842.58191713867,0.656652927398682
"species_2_fetch",5030.95224511719,0.64995402097702
"species_2_fetch",5219.32257309571,0.643195450305939
"species_2_fetch",5407.69290107422,0.636379361152649
"species_2_fetch",5596.06322905274,0.629508078098297
"species_2_fetch",5784.43355703125,0.622583985328674
"species_2_fetch",5972.80388500977,0.615609467029572
"species_2_fetch",6161.17421298828,0.608587086200714
"species_2_fetch",6349.5445409668,0.601519525051117
"species_2_fetch",6537.91486894531,0.594409286975861
"species_2_fetch",6726.28519692383,0.587259352207184
"species_2_fetch",6914.65552490235,0.580072343349457
"species_2_fetch",7103.02585288086,0.572851240634918
"species_2_fetch",7291.39618085938,0.565598905086517
"species_2_fetch",7479.76650883789,0.558318436145782
"species_2_fetch",7668.13683681641,0.551012814044952
"species_2_fetch",7856.50716479492,0.543685078620911
"species_2_fetch",8044.87749277344,0.53633838891983
"species_2_fetch",8233.24782075196,0.52897584438324
"species_2_fetch",8421.61814873047,0.521600782871246
"species_2_fetch",8609.98847670899,0.514216244220734
"species_2_fetch",8798.3588046875,0.50682544708252
"species_2_fetch",8986.72913266602,0.499431699514389
"species_2_fetch",9175.09946064453,0.492038190364838
"species_2_fetch",9363.46978862305,0.484648197889328
"species_2_fetch",9551.84011660156,0.477264881134033
"species_2_fetch",9740.21044458008,0.469891518354416
"species_2_fetch",9928.5807725586,0.462531208992004
"species_2_fetch",10116.9511005371,0.455187231302261
"species_2_fetch",10305.3214285156,0.447862714529037
"species_2_fetch",10493.6917564941,0.440560758113861
"species_2_fetch",10682.0620844727,0.433284372091293
"species_2_fetch",10870.4324124512,0.426036685705185
"species_2_fetch",11058.8027404297,0.41882061958313
"species_2_fetch",11247.1730684082,0.411639153957367
"species_2_fetch",11435.5433963867,0.404495090246201
"species_2_fetch",11623.9137243652,0.397391259670258
"species_2_fetch",11812.2840523438,0.39033043384552
"species_2_fetch",12000.6543803223,0.38331526517868
"species_2_fetch",12189.0247083008,0.376348346471786
"species_2_fetch",12377.3950362793,0.369432181119919
"species_2_fetch",12565.7653642578,0.362569242715836
"species_2_fetch",12754.1356922363,0.355761855840683
"species_2_fetch",12942.5060202148,0.349012315273285
"species_2_fetch",13130.8763481934,0.342322766780853
"species_2_fetch",13319.2466761719,0.335695296525955
"species_2_fetch",13507.6170041504,0.329695552587509
"species_2_fetch",13695.9873321289,0.323865354061127
"species_2_fetch",13884.3576601074,0.318089306354523
"species_2_fetch",14072.7279880859,0.312609791755676
"species_2_fetch",14261.0983160645,0.308560699224472
"species_2_fetch",14449.468644043,0.305240094661713
"species_2_fetch",14637.8389720215,0.302495121955872
"species_2_fetch",14826.2093,0.299794018268585
"species_2_fetch",15014.5796279785,0.297106713056564
"species_2_fetch",15202.949955957,0.294433414936066
"species_2_fetch",15391.3202839355,0.291774153709412
"species_2_fetch",15579.6906119141,0.289129078388214
"species_2_fetch",15768.0609398926,0.286498308181763
"species_2_fetch",15956.4312678711,0.28388187289238
"species_2_fetch",16144.8015958496,0.281279921531677
"species_2_fetch",16333.1719238281,0.278692573308945
"species_2_fetch",16521.5422518066,0.276119828224182
"species_2_fetch",16709.9125797852,0.273561865091324
"species_2_fetch",16898.2829077637,0.271018713712692
"species_2_fetch",17086.6532357422,0.268490493297577
"species_2_fetch",17275.0235637207,0.265977203845978
"species_2_fetch",17463.3938916992,0.263478964567184
"species_2_fetch",17651.7642196777,0.260995894670486
"species_2_fetch",17840.1345476562,0.258527994155884
"species_2_fetch",18028.5048756348,0.256075352430344
"species_2_fetch",18216.8752036133,0.253637999296188
"species_2_fetch",18405.2455315918,0.251215994358063
"species_2_fetch",18593.6158595703,0.248809441924095
"species_2_fetch",18781.9861875488,0.246418341994286
"species_2_fetch",18970.3565155273,0.244042739272118
"species_2_fetch",19158.7268435059,0.241682723164558
"species_2_fetch",19347.0971714844,0.239338293671608
"species_2_fetch",19535.4674994629,0.237009510397911
"species_2_fetch",19723.8378274414,0.234696373343468
"species_2_fetch",19912.2081554199,0.232398927211761
"species_2_fetch",20100.5784833984,0.230117246508598
"species_2_fetch",20288.948811377,0.227851286530495
"species_2_fetch",20477.3191393555,0.225601121783257
"species_2_fetch",20665.689467334,0.223366737365723
"species_2_fetch",20854.0597953125,0.221148148179054
"species_2_fetch",21042.430123291,0.218945413827896
"species_2_fetch",21230.8004512695,0.216758489608765
"species_2_fetch",21419.170779248,0.214587435126305
"species_2_fetch",21607.5411072266,0.212432205677032
"species_2_fetch",21795.9114352051,0.210292816162109
"species_2_fetch",21984.2817631836,0.208169311285019
"species_2_fetch",22172.6520911621,0.206061631441116
"species_2_fetch",22361.0224191406,0.203969806432724
"species_2_fetch",22549.3927471191,0.20189380645752
"species_2_fetch",22737.7630750977,0.199833631515503
"species_2_fetch",22926.1334030762,0.197789281606674
"species_2_fetch",23114.5037310547,0.19576071202755
"species_2_fetch",23302.8740590332,0.19374792277813
"species_2_fetch",23491.2443870117,0.191750913858414
"species_2_fetch",23679.6147149902,0.189769625663757
"species_2_fetch",23867.9850429688,0.187804073095322
"species_2_fetch",24056.3553709473,0.185854181647301
"species_2_fetch",24244.7256989258,0.183919951319694
"species_2_fetch",24433.0960269043,0.182001382112503
"species_2_fetch",24621.4663548828,0.180098384618759
"species_2_fetch",24809.8366828613,0.178210973739624
"species_2_fetch",24998.2070108398,0.17633906006813
"species_2_fetch",25186.5773388184,0.174482643604279
"species_2_fetch",25374.9476667969,0.172641679644585
"species_2_fetch",25563.3179947754,0.170816108584404
"species_2_fetch",25751.6883227539,0.169005915522575
"species_2_fetch",25940.0586507324,0.167211025953293
"species_2_fetch",26128.4289787109,0.165431395173073
"species_2_fetch",26316.7993066895,0.163667008280754
"species_2_fetch",26505.169634668,0.16191777586937
"species_2_fetch",26693.5399626465,0.160183653235435
"species_2_fetch",26881.910290625,0.158464595675468
"species_2_fetch",27070.2806186035,0.156760528683662
"species_2_fetch",27258.650946582,0.155071437358856
"species_2_fetch",27447.0212745606,0.153397217392921
"species_2_fetch",27635.3916025391,0.151737824082375
"species_2_fetch",27823.7619305176,0.150093212723732
"species_2_fetch",28012.1322584961,0.148463293910027
"species_2_fetch",28200.5025864746,0.146848022937775
"species_2_fetch",28388.8729144531,0.14524732530117
"species_2_fetch",28577.2432424317,0.143661141395569
"species_2_fetch",28765.6135704102,0.142089396715164
"species_2_fetch",28953.9838983887,0.140532031655312
"species_2_fetch",29142.3542263672,0.138988971710205
"species_2_fetch",29330.7245543457,0.137460127472878
"species_2_fetch",29519.0948823242,0.135945454239845
"species_2_fetch",29707.4652103027,0.134444892406464
"species_2_fetch",29895.8355382813,0.132958307862282
"species_2_fetch",30084.2058662598,0.1314857006073
"species_2_fetch",30272.5761942383,0.130026921629906
"species_2_fetch",30460.9465222168,0.128581941127777
"species_2_fetch",30649.3168501953,0.127150699496269
"species_2_fetch",30837.6871781738,0.125733062624931
"species_2_fetch",31026.0575061523,0.12432899326086
"species_2_fetch",31214.4278341309,0.122938387095928
"species_2_fetch",31402.7981621094,0.121561169624329
"species_2_fetch",31591.1684900879,0.120197288691998
"species_2_fetch",31779.5388180664,0.118846617639065
"species_2_fetch",31967.9091460449,0.117509119212627
"species_2_fetch",32156.2794740234,0.116184666752815
"species_2_fetch",32344.649802002,0.114873208105564
"species_2_fetch",32533.0201299805,0.113574653863907
"species_2_fetch",32721.390457959,0.112288914620876
"species_2_fetch",32909.7607859375,0.111015900969505
"species_2_fetch",33098.131113916,0.109755530953407
"species_2_fetch",33286.5014418945,0.108507752418518
"species_2_fetch",33474.8717698731,0.107272431254387
"species_2_fetch",33663.2420978516,0.106049492955208
"species_2_fetch",33851.6124258301,0.104838863015175
"species_2_fetch",34039.9827538086,0.103640452027321
"species_2_fetch",34228.3530817871,0.10245419293642
"species_2_fetch",34416.7234097656,0.101279959082603
"species_2_fetch",34605.0937377441,0.100117675960064
"species_2_fetch",34793.4640657227,0.0989672616124153
"species_2_fetch",34981.8343937012,0.097828634083271
"species_2_fetch",35170.2047216797,0.0967017188668251
"species_2_fetch",35358.5750496582,0.0955863893032074
"species_2_fetch",35546.9453776367,0.0944825783371925
"species_2_fetch",35735.3157056152,0.0933901965618134
"species_2_fetch",35923.6860335938,0.0923091620206833
"species_2_fetch",36112.0563615723,0.0912394002079964
"species_2_fetch",36300.4266895508,0.0901807770133018
"species_2_fetch",36488.7970175293,0.0891332402825356
"species_2_fetch",36677.1673455078,0.0880966857075691
"species_2_fetch",36865.5376734863,0.0870710387825966
"species_2_fetch",37053.9080014648,0.086056225001812
"species_2_fetch",37242.2783294434,0.0850521177053452
"species_2_fetch",37430.6486574219,0.0840586498379707
"species_2_fetch",37619.0189854004,0.0830757319927216
"species_2_fetch",37807.3893133789,0.0821032747626305
"species_2_fetch",37995.7596413574,0.0811412110924721
"species_2_fetch",38184.129969336,0.0801894217729568
"species_2_fetch",38372.5002973145,0.0792478322982788
"species_2_fetch",38560.870625293,0.0783163607120514
"species_2_fetch",38749.2409532715,0.0773949101567268
"species_2_fetch",38937.61128125,0.0764834210276604
"species_2_fetch",39125.9816092285,0.0755817741155624
"species_2_fetch",39314.351937207,0.0746898949146271
"species_2_fetch",39502.7222651855,0.0738077014684677
"species_2_fetch",39691.0925931641,0.0729351043701172
"species_2_fetch",39879.4629211426,0.0720720216631889
"species_2_fetch",40067.8332491211,0.071218378841877
"species_2_fetch",40256.2035770996,0.070374071598053
"species_2_fetch",40444.5739050781,0.0695390179753304
"species_2_fetch",40632.9442330567,0.0687131434679031
"species_2_fetch",40821.3145610352,0.0678963661193848
"species_2_fetch",41009.6848890137,0.0670886114239693
"species_2_fetch",41198.0552169922,0.0662897601723671
"species_2_fetch",41386.4255449707,0.0654997602105141
"species_2_fetch",41574.7958729492,0.064718522131443
"species_2_fetch",41763.1662009277,0.0639459639787674
"species_2_fetch",41951.5365289063,0.0631820186972618
"species_2_fetch",42139.9068568848,0.0624265782535076
"species_2_fetch",42328.2771848633,0.0616795755922794
"species_2_fetch",42516.6475128418,0.0609409287571907
"species_2_fetch",42705.0178408203,0.0602105632424355
"species_2_fetch",42893.3881687988,0.059488408267498
"species_2_fetch",43081.7584967774,0.05877435952425
"species_2_fetch",43270.1288247559,0.0580683536827564
"species_2_fetch",43458.4991527344,0.0573703087866306
"species_2_fetch",43646.8694807129,0.0566801503300667
"species_2_fetch",43835.2398086914,0.0559978187084198
"species_2_fetch",44023.6101366699,0.055323202162981
"species_2_fetch",44211.9804646484,0.0546562448143959
"species_2_fetch",44400.350792627,0.0539968647062778
"species_2_fetch",44588.7211206055,0.0533449947834015
"species_2_fetch",44777.091448584,0.0527005679905415
"species_2_fetch",44965.4617765625,0.0520634837448597
"species_2_fetch",45153.832104541,0.0514336824417114
"species_2_fetch",45342.2024325195,0.050811093300581
"species_2_fetch",45530.5727604981,0.0501956380903721
"species_2_fetch",45718.9430884766,0.0495872646570206
"species_2_fetch",45907.3134164551,0.0489858724176884
"species_2_fetch",46095.6837444336,0.0483913980424404
"species_2_fetch",46284.0540724121,0.0478037782013416
"species_2_fetch",46472.4244003906,0.0472229421138763
"species_2_fetch",46660.7947283691,0.0466488264501095
"species_2_fetch",46849.1650563477,0.0460813418030739
"species_2_fetch",47037.5353843262,0.0455204322934151
"species_2_fetch",47225.9057123047,0.0449660271406174
"species_2_fetch",47414.2760402832,0.0444180592894554
"species_2_fetch",47602.6463682617,0.0438764728605747
"species_2_fetch",47791.0166962402,0.0433411821722984
"species_2_fetch",47979.3870242188,0.0428121276199818
"species_2_fetch",48167.7573521973,0.0422892458736897
"species_2_fetch",48356.1276801758,0.041772473603487
"species_2_fetch",48544.4980081543,0.0412617512047291
"species_2_fetch",48732.8683361328,0.0407570004463196
"species_2_fetch",48921.2386641113,0.0402581617236137
"species_2_fetch",49109.6089920899,0.0397651791572571
"species_2_fetch",49297.9793200684,0.0392779856920242
"species_2_fetch",49486.3496480469,0.0387965179979801
"species_2_fetch",49674.7199760254,0.0383207276463509
"species_2_fetch",49863.0903040039,0.0378505326807499
"species_2_fetch",50051.4606319824,0.037385880947113
"species_2_fetch",50239.830959961,0.0369267165660858
"species_2_fetch",50428.2012879395,0.0364729762077332
"species_2_fetch",50616.571615918,0.0360246114432812
"species_2_fetch",50804.9419438965,0.0355815477669239
"species_2_fetch",50993.312271875,0.0351437330245972
"species_2_fetch",51181.6825998535,0.0347111150622368
"species_2_fetch",51370.052927832,0.0342836305499077
"species_2_fetch",51558.4232558106,0.0338612347841263
"species_2_fetch",51746.7935837891,0.0334438532590866
"species_2_fetch",51935.1639117676,0.0330758020281792
"species_2_fetch",52123.5342397461,0.0327652394771576
"species_2_fetch",52311.9045677246,0.0325273498892784
"species_2_fetch",52500.2748957031,0.0324364043772221
"species_2_fetch",52688.6452236817,0.032419603317976
"species_2_fetch",52877.0155516602,0.0324028097093105
"species_2_fetch",53065.3858796387,0.032386027276516
"species_2_fetch",53253.7562076172,0.0323692485690117
"species_2_fetch",53442.1265355957,0.0323524847626686
"species_2_fetch",53630.4968635742,0.0323357246816158
"species_2_fetch",53818.8671915527,0.0323189720511436
"species_2_fetch",54007.2375195313,0.0323022305965424
"species_2_fetch",54195.6078475098,0.0322854965925217
"species_2_fetch",54383.9781754883,0.0322687700390816
"species_2_fetch",54572.3485034668,0.0322520509362221
"species_2_fetch",54760.7188314453,0.0322353430092335
"species_2_fetch",54949.0891594238,0.0322186425328255
"species_2_fetch",55137.4594874024,0.0322019495069981
"species_2_fetch",55325.8298153809,0.0321852676570415
"species_2_fetch",55514.2001433594,0.0321685895323753
"species_2_fetch",55702.5704713379,0.03215192258358
"species_2_fetch",55890.9407993164,0.0321352630853653
"species_2_fetch",56079.3111272949,0.0321186147630215
"species_2_fetch",56267.6814552734,0.0321019738912582
"species_2_fetch",56456.051783252,0.0320853367447853
"species_2_fetch",56644.4221112305,0.0320687107741833
"species_2_fetch",56832.792439209,0.0320520959794521
"species_2_fetch",57021.1627671875,0.0320354849100113
"species_2_fetch",57209.533095166,0.0320188850164413
"species_2_fetch",57397.9034231445,0.032002292573452
"species_2_fetch",57586.2737511231,0.0319857113063335
"species_2_fetch",57774.6440791016,0.0319691337645054
"species_2_fetch",57963.0144070801,0.0319525673985481
"species_2_fetch",58151.3847350586,0.0319360084831715
"species_2_fetch",58339.7550630371,0.0319194570183754
"species_2_fetch",58528.1253910156,0.0319029130041599
"species_2_fetch",58716.4957189942,0.0318863801658154
"species_2_fetch",58904.8660469727,0.0318698547780514
"species_2_fetch",59093.2363749512,0.031853336840868
"species_2_fetch",59281.6067029297,0.0318368263542652
"species_2_fetch",59469.9770309082,0.0318203270435333
"species_2_fetch",59658.3473588867,0.031803835183382
"species_2_fetch",59846.7176868652,0.0317873507738113
"species_2_fetch",60035.0880148438,0.0317708738148212
"species_2_fetch",60223.4583428223,0.0317544043064117
"species_2_fetch",60411.8286708008,0.0317379459738731
"species_2_fetch",60600.1989987793,0.0317214950919151
"species_2_fetch",60788.5693267578,0.0317050516605377
"species_2_fetch",60976.9396547363,0.0316886156797409
"species_2_fetch",61165.3099827148,0.031672190874815
"species_2_fetch",61353.6803106934,0.0316557697951794
"species_2_fetch",61542.0506386719,0.0316393598914146
"species_2_fetch",61730.4209666504,0.0316229574382305
"species_2_fetch",61918.7912946289,0.0316065661609173
"species_2_fetch",62107.1616226074,0.0315901786088943
"species_2_fetch",62295.5319505859,0.0315738022327423
"species_2_fetch",62483.9022785645,0.0315574333071709
"species_2_fetch",62672.272606543,0.03154107183218
"species_2_fetch",62860.6429345215,0.0315247178077698
"species_2_fetch",63049.0132625,0.0315083749592304
"species_2_fetch",63237.3835904785,0.0314920395612717
"species_2_fetch",63425.753918457,0.0314757116138935
"species_2_fetch",63614.1242464356,0.031459391117096
"species_2_fetch",63802.4945744141,0.031443078070879
"species_2_fetch",63990.8649023926,0.0314267762005329
"species_2_fetch",64179.2352303711,0.0314104780554771
"species_2_fetch",64367.6055583496,0.0313941910862923
"species_2_fetch",64555.9758863281,0.0313779152929783
"species_2_fetch",64744.3462143066,0.0313616432249546
"species_2_fetch",64932.7165422852,0.0313453786075115
"species_2_fetch",65121.0868702637,0.0313291251659393
"species_2_fetch",65309.4571982422,0.0313128791749477
"species_2_fetch",65497.8275262207,0.0312966406345367
"species_2_fetch",65686.1978541992,0.0312804095447063
"species_2_fetch",65874.5681821777,0.0312641896307468
"species_2_fetch",66062.9385101563,0.0312479753047228
"species_2_fetch",66251.3088381348,0.0312317684292793
"species_2_fetch",66439.6791661133,0.0312155727297068
"species_2_fetch",66628.0494940918,0.0311993826180696
"species_2_fetch",66816.4198220703,0.0311832018196583
"species_2_fetch",67004.7901500488,0.0311670284718275
"species_2_fetch",67193.1604780273,0.0311508625745773
"species_2_fetch",67381.5308060059,0.0311347059905529
"species_2_fetch",67569.9011339844,0.0311185568571091
"species_2_fetch",67758.2714619629,0.031102417036891
"species_2_fetch",67946.6417899414,0.0310862846672535
"species_2_fetch",68135.0121179199,0.0310701597481966
"species_2_fetch",68323.3824458984,0.0310540441423655
"species_2_fetch",68511.752773877,0.0308642350137234
"species_2_fetch",68700.1231018555,0.030607471242547
"species_2_fetch",68888.493429834,0.0303527880460024
"species_2_fetch",69076.8637578125,0.0301001463085413
"species_2_fetch",69265.234085791,0.0298495534807444
"species_2_fetch",69453.6044137695,0.0296009816229343
"species_2_fetch",69641.974741748,0.0293544083833694
"species_2_fetch",69830.3450697266,0.02910983748734
"species_2_fetch",70018.7153977051,0.0288672335445881
"species_2_fetch",70207.0857256836,0.0286266021430492
"species_2_fetch",70395.4560536621,0.0283879190683365
"species_2_fetch",70583.8263816406,0.0281511563807726
"species_2_fetch",70772.1967096191,0.0279163233935833
"species_2_fetch",70960.5670375977,0.0276833828538656
"species_2_fetch",71148.9373655762,0.027452340349555
"species_2_fetch",71337.3076935547,0.0272231716662645
"species_2_fetch",71525.6780215332,0.0269958544522524
"species_2_fetch",71714.0483495117,0.0267703924328089
"species_2_fetch",71902.4186774902,0.0265467520803213
"species_2_fetch",72090.7890054687,0.0263249389827251
"species_2_fetch",72279.1593334473,0.0261049307882786
"species_2_fetch",72467.5296614258,0.0258867014199495
"species_2_fetch",72655.8999894043,0.0256702583283186
"species_2_fetch",72844.2703173828,0.0254555698484182
"species_2_fetch",73032.6406453613,0.0252426378428936
"species_2_fetch",73221.0109733399,0.025031441822648
"species_2_fetch",73409.3813013184,0.0248219575732946
"species_2_fetch",73597.7516292969,0.024614192545414
"species_2_fetch",73786.1219572754,0.0244081132113934
"species_2_fetch",73974.4922852539,0.0242037251591682
"species_2_fetch",74162.8626132324,0.024001007899642
"species_2_fetch",74351.2329412109,0.0237999372184277
"species_2_fetch",74539.6032691895,0.0236005187034607
"species_2_fetch",74727.973597168,0.0234027244150639
"species_2_fetch",74916.3439251465,0.0232065543532372
"species_2_fetch",75104.714253125,0.0230119917541742
"species_2_fetch",75293.0845811035,0.0228190142661333
"species_2_fetch",75481.454909082,0.0226276237517595
"species_2_fetch",75669.8252370606,0.0224377941340208
"species_2_fetch",75858.1955650391,0.0222495291382074
"species_2_fetch",76046.5658930176,0.0220628082752228
"species_2_fetch",76234.9362209961,0.0218776129186153
"species_2_fetch",76423.3065489746,0.0216939430683851
"species_2_fetch",76611.6768769531,0.0215117745101452
"species_2_fetch",76800.0472049316,0.0213311109691858
"species_2_fetch",76988.4175329102,0.0211519300937653
"species_2_fetch",77176.7878608887,0.0209742151200771
"species_2_fetch",77365.1581888672,0.0207979697734118
"species_2_fetch",77553.5285168457,0.0206231661140919
"species_2_fetch",77741.8988448242,0.0204498078674078
"species_2_fetch",77930.2691728027,0.020277876406908
"species_2_fetch",78118.6395007813,0.0201073549687862
"species_2_fetch",78307.0098287598,0.0199382454156876
"species_2_fetch",78495.3801567383,0.0197705216705799
"species_2_fetch",78683.7504847168,0.0196041874587536
"species_2_fetch",78872.1208126953,0.0194392260164022
"species_2_fetch",79060.4911406738,0.0192756168544292
"species_2_fetch",79248.8614686524,0.0192213840782642
"species_2_fetch",79437.2317966309,0.0192213840782642
"species_2_fetch",79625.6021246094,0.0192213840782642
"species_2_fetch",79813.9724525879,0.0192213840782642
"species_2_fetch",80002.3427805664,0.0192213840782642
"species_2_fetch",80190.7131085449,0.0192213840782642
"species_2_fetch",80379.0834365234,0.0192213840782642
"species_2_fetch",80567.453764502,0.0192213840782642
"species_2_fetch",80755.8240924805,0.0192213840782642
"species_2_fetch",80944.194420459,0.0192213840782642
"species_2_fetch",81132.5647484375,0.0192213840782642
"species_2_fetch",81320.935076416,0.0192213840782642
"species_2_fetch",81509.3054043945,0.0192213840782642
"species_2_fetch",81697.675732373,0.0192213840782642
"species_2_fetch",81886.0460603516,0.0192213840782642
"species_2_fetch",82074.4163883301,0.0192213840782642
"species_2_fetch",82262.7867163086,0.0192213840782642
"species_2_fetch",82451.1570442871,0.0192213840782642
"species_2_fetch",82639.5273722656,0.0192213840782642
"species_2_fetch",82827.8977002442,0.0192213840782642
"species_2_fetch",83016.2680282227,0.0192213840782642
"species_2_fetch",83204.6383562012,0.0192213840782642
"species_2_fetch",83393.0086841797,0.0192213840782642
"species_2_fetch",83581.3790121582,0.0192213840782642
"species_2_fetch",83769.7493401367,0.0192213840782642
"species_2_fetch",83958.1196681152,0.0192213840782642
"species_2_fetch",84146.4899960938,0.0192213840782642
"species_2_fetch",84334.8603240723,0.0192213840782642
"species_2_fetch",84523.2306520508,0.0192213840782642
"species_2_fetch",84711.6009800293,0.0192213840782642
"species_2_fetch",84899.9713080078,0.0192213840782642
"species_2_fetch",85088.3416359863,0.0192213840782642
"species_2_fetch",85276.7119639648,0.0192213840782642
"species_2_fetch",85465.0822919434,0.0192213840782642
"species_2_fetch",85653.4526199219,0.0192213840782642
"species_2_fetch",85841.8229479004,0.0192213840782642
"species_2_fetch",86030.1932758789,0.0192213840782642
"species_2_fetch",86218.5636038574,0.0192213840782642
"species_2_fetch",86406.9339318359,0.0192213840782642
"species_2_fetch",86595.3042598145,0.0192213840782642
"species_2_fetch",86783.674587793,0.0192213840782642
"species_2_fetch",86972.0449157715,0.0192213840782642
"species_3_contemp_ice_extrap_only",-9.88419320285318,0.000708043749909848
"species_3_contemp_ice_extrap_only",-9.63539197263716,0.000708043749909848
"species_3_contemp_ice_extrap_only",-9.38659074242113,0.000708043749909848
"species_3_contemp_ice_extrap_only",-9.13778951220511,0.000708043749909848
"species_3_contemp_ice_extrap_only",-8.88898828198908,0.000708043749909848
"species_3_contemp_ice_extrap_only",-8.64018705177306,0.000708043749909848
"species_3_contemp_ice_extrap_only",-8.39138582155703,0.000708043749909848
"species_3_contemp_ice_extrap_only",-8.142584591341,0.000708043749909848
"species_3_contemp_ice_extrap_only",-7.89378336112498,0.000708043749909848
"species_3_contemp_ice_extrap_only",-7.64498213090895,0.000708043749909848
"species_3_contemp_ice_extrap_only",-7.39618090069293,0.000708043749909848
"species_3_contemp_ice_extrap_only",-7.1473796704769,0.000708043749909848
"species_3_contemp_ice_extrap_only",-6.89857844026087,0.000708043749909848
"species_3_contemp_ice_extrap_only",-6.64977721004485,0.000708043749909848
"species_3_contemp_ice_extrap_only",-6.40097597982882,0.000708043749909848
"species_3_contemp_ice_extrap_only",-6.1521747496128,0.000708043749909848
"species_3_contemp_ice_extrap_only",-5.90337351939677,0.000708043749909848
"species_3_contemp_ice_extrap_only",-5.65457228918075,0.000708043749909848
"species_3_contemp_ice_extrap_only",-5.40577105896472,0.000708043749909848
"species_3_contemp_ice_extrap_only",-5.15696982874869,0.000708043749909848
"species_3_contemp_ice_extrap_only",-4.90816859853267,0.000708043749909848
"species_3_contemp_ice_extrap_only",-4.65936736831664,0.000708043749909848
"species_3_contemp_ice_extrap_only",-4.41056613810062,0.000708043749909848
"species_3_contemp_ice_extrap_only",-4.16176490788459,0.000708043749909848
"species_3_contemp_ice_extrap_only",-3.91296367766856,0.000708043749909848
"species_3_contemp_ice_extrap_only",-3.66416244745254,0.000708043749909848
"species_3_contemp_ice_extrap_only",-3.41536121723651,0.000708043749909848
"species_3_contemp_ice_extrap_only",-3.16655998702049,0.000708043749909848
"species_3_contemp_ice_extrap_only",-2.91775875680446,0.000708043749909848
"species_3_contemp_ice_extrap_only",-2.66895752658843,0.000708043749909848
"species_3_contemp_ice_extrap_only",-2.42015629637241,0.000708043749909848
"species_3_contemp_ice_extrap_only",-2.17135506615638,0.000708043749909848
"species_3_contemp_ice_extrap_only",-1.92255383594036,0.000708043749909848
"species_3_contemp_ice_extrap_only",-1.67375260572433,0.000708043749909848
"species_3_contemp_ice_extrap_only",-1.42495137550831,0.000708043749909848
"species_3_contemp_ice_extrap_only",-1.17615014529228,0.000708043749909848
"species_3_contemp_ice_extrap_only",-0.927348915076255,0.000708043749909848
"species_3_contemp_ice_extrap_only",-0.678547684860229,0.000708043749909848
"species_3_contemp_ice_extrap_only",-0.429746454644203,0.000708043749909848
"species_3_contemp_ice_extrap_only",-0.180945224428177,0.000708043749909848
"species_3_contemp_ice_extrap_only",0.0678560057878492,0.000708043749909848
"species_3_contemp_ice_extrap_only",0.316657236003875,0.000708043749909848
"species_3_contemp_ice_extrap_only",0.565458466219901,0.000721583201084286
"species_3_contemp_ice_extrap_only",0.814259696435927,0.000763813848607242
"species_3_contemp_ice_extrap_only",1.06306092665195,0.000808577984571457
"species_3_contemp_ice_extrap_only",1.31186215686798,0.000856030965223908
"species_3_contemp_ice_extrap_only",1.56066338708401,0.000906337983906269
"species_3_contemp_ice_extrap_only",1.80946461730003,0.000959674478508532
"species_3_contemp_ice_extrap_only",2.05826584751606,0.00101622694637626
"species_3_contemp_ice_extrap_only",2.30706707773208,0.00107619340997189
"species_3_contemp_ice_extrap_only",2.55586830794811,0.0011397844646126
"species_3_contemp_ice_extrap_only",2.80466953816413,0.00120722397696227
"species_3_contemp_ice_extrap_only",3.05347076838016,0.00127874966710806
"species_3_contemp_ice_extrap_only",3.30227199859619,0.0013546145055443
"species_3_contemp_ice_extrap_only",3.55107322881221,0.00143508706241846
"species_3_contemp_ice_extrap_only",3.79987445902824,0.00152045313734561
"species_3_contemp_ice_extrap_only",4.04867568924426,0.00161101610865444
"species_3_contemp_ice_extrap_only",4.29747691946029,0.00170709914527833
"species_3_contemp_ice_extrap_only",4.54627814967631,0.0018090452067554
"species_3_contemp_ice_extrap_only",4.79507937989234,0.00191721902228892
"species_3_contemp_ice_extrap_only",5.04388061010837,0.00203200848773122
"species_3_contemp_ice_extrap_only",5.29268184032439,0.00215382617898285
"species_3_contemp_ice_extrap_only",5.54148307054042,0.00228311028331518
"species_3_contemp_ice_extrap_only",5.79028430075644,0.0024203269276768
"species_3_contemp_ice_extrap_only",6.03908553097247,0.0025659715756774
"species_3_contemp_ice_extrap_only",6.2878867611885,0.00272057135589421
"species_3_contemp_ice_extrap_only",6.53668799140452,0.00288468669168651
"species_3_contemp_ice_extrap_only",6.78548922162055,0.00305891269817948
"species_3_contemp_ice_extrap_only",7.03429045183657,0.00324388337321579
"species_3_contemp_ice_extrap_only",7.2830916820526,0.0034402715973556
"species_3_contemp_ice_extrap_only",7.53189291226862,0.00364879379048944
"species_3_contemp_ice_extrap_only",7.78069414248465,0.00387021084316075
"species_3_contemp_ice_extrap_only",8.02949537270067,0.00410533230751753
"species_3_contemp_ice_extrap_only",8.2782966029167,0.00435501802712679
"species_3_contemp_ice_extrap_only",8.52709783313273,0.00462018372491002
"species_3_contemp_ice_extrap_only",8.77589906334875,0.00490180077031255
"species_3_contemp_ice_extrap_only",9.02470029356478,0.00520090339705348
"species_3_contemp_ice_extrap_only",9.27350152378081,0.00551858963444829
"species_3_contemp_ice_extrap_only",9.52230275399683,0.00585602782666683
"species_3_contemp_ice_extrap_only",9.77110398421286,0.00621445896103978
"species_3_contemp_ice_extrap_only",10.0199052144289,0.00659520132467151
"species_3_contemp_ice_extrap_only",10.2687064446449,0.0069996565580368
"species_3_contemp_ice_extrap_only",10.5175076748609,0.0074293133802712
"species_3_contemp_ice_extrap_only",10.766308905077,0.00788575317710638
"species_3_contemp_ice_extrap_only",11.015110135293,0.00837065652012825
"species_3_contemp_ice_extrap_only",11.263911365509,0.00888580642640591
"species_3_contemp_ice_extrap_only",11.512712595725,0.00943309813737869
"species_3_contemp_ice_extrap_only",11.7615138259411,0.0100145423784852
"species_3_contemp_ice_extrap_only",12.0103150561571,0.0106322737410665
"species_3_contemp_ice_extrap_only",12.2591162863731,0.0112885581329465
"species_3_contemp_ice_extrap_only",12.5079175165891,0.0119857974350452
"species_3_contemp_ice_extrap_only",12.7567187468052,0.0127265434712172
"species_3_contemp_ice_extrap_only",13.0055199770212,0.0135134970769286
"species_3_contemp_ice_extrap_only",13.2543212072372,0.0143495239317417
"species_3_contemp_ice_extrap_only",13.5031224374532,0.0152376620098948
"species_3_contemp_ice_extrap_only",13.7519236676693,0.0161811262369156
"species_3_contemp_ice_extrap_only",14.0007248978853,0.0171833243221045
"species_3_contemp_ice_extrap_only",14.2495261281013,0.0182478632777929
"species_3_contemp_ice_extrap_only",14.4983273583173,0.0193785540759563
"species_3_contemp_ice_extrap_only",14.7471285885334,0.0205794312059879
"species_3_contemp_ice_extrap_only",14.9959298187494,0.0218547601252794
"species_3_contemp_ice_extrap_only",15.2447310489654,0.0230939015746117
"species_3_contemp_ice_extrap_only",15.4935322791815,0.0232044495642185
"species_3_contemp_ice_extrap_only",15.7423335093975,0.0233173184096813
"species_3_contemp_ice_extrap_only",15.9911347396135,0.023432532325387
"species_3_contemp_ice_extrap_only",16.2399359698295,0.0235501229763031
"species_3_contemp_ice_extrap_only",16.4887372000456,0.0236701183021069
"species_3_contemp_ice_extrap_only",16.7375384302616,0.0237925481051207
"species_3_contemp_ice_extrap_only",16.9863396604776,0.0239174421876669
"species_3_contemp_ice_extrap_only",17.2351408906936,0.0240448322147131
"species_3_contemp_ice_extrap_only",17.4839421209097,0.024174751713872
"species_3_contemp_ice_extrap_only",17.7327433511257,0.0243072342127562
"species_3_contemp_ice_extrap_only",17.9815445813417,0.0244423095136881
"species_3_contemp_ice_extrap_only",18.2303458115577,0.0245800148695707
"species_3_contemp_ice_extrap_only",18.4791470417738,0.0247203838080168
"species_3_contemp_ice_extrap_only",18.7279482719898,0.0248634517192841
"species_3_contemp_ice_extrap_only",18.9767495022058,0.0250092577189207
"species_3_contemp_ice_extrap_only",19.2255507324218,0.0251578371971846
"species_3_contemp_ice_extrap_only",19.4743519626379,0.0253092274069786
"species_3_contemp_ice_extrap_only",19.7231531928539,0.0254634711891413
"species_3_contemp_ice_extrap_only",19.9719544230699,0.0256206039339304
"species_3_contemp_ice_extrap_only",20.220755653286,0.0257806684821844
"species_3_contemp_ice_extrap_only",20.469556883502,0.0259437058120966
"species_3_contemp_ice_extrap_only",20.718358113718,0.0261097606271505
"species_3_contemp_ice_extrap_only",20.967159343934,0.0262788720428944
"species_3_contemp_ice_extrap_only",21.21596057415,0.026451088488102
"species_3_contemp_ice_extrap_only",21.4647618043661,0.0266264528036118
"species_3_contemp_ice_extrap_only",21.7135630345821,0.0268050134181976
"species_3_contemp_ice_extrap_only",21.9623642647981,0.0269868150353432
"species_3_contemp_ice_extrap_only",22.2111654950141,0.0271719098091125
"species_3_contemp_ice_extrap_only",22.4599667252302,0.0273603405803442
"species_3_contemp_ice_extrap_only",22.7087679554462,0.0275521650910378
"species_3_contemp_ice_extrap_only",22.9575691856622,0.0277474280446768
"species_3_contemp_ice_extrap_only",23.2063704158783,0.0279461871832609
"species_3_contemp_ice_extrap_only",23.4551716460943,0.028148490935564
"species_3_contemp_ice_extrap_only",23.7039728763103,0.0283543989062309
"species_3_contemp_ice_extrap_only",23.9527741065263,0.0285639632493258
"species_3_contemp_ice_extrap_only",24.2015753367424,0.0287772454321384
"species_3_contemp_ice_extrap_only",24.4503765669584,0.0289942976087332
"species_3_contemp_ice_extrap_only",24.6991777971744,0.029215183109045
"species_3_contemp_ice_extrap_only",24.9479790273904,0.0294399615377188
"species_3_contemp_ice_extrap_only",25.1967802576065,0.0296686943620443
"species_3_contemp_ice_extrap_only",25.4455814878225,0.0299014449119568
"species_3_contemp_ice_extrap_only",25.6943827180385,0.0301382802426815
"species_3_contemp_ice_extrap_only",25.9431839482545,0.0303792599588633
"species_3_contemp_ice_extrap_only",26.1919851784706,0.030624458566308
"species_3_contemp_ice_extrap_only",26.4407864086866,0.0308739375323057
"species_3_contemp_ice_extrap_only",26.6895876389026,0.0311277732253075
"species_3_contemp_ice_extrap_only",26.9383888691186,0.0313860327005386
"species_3_contemp_ice_extrap_only",27.1871900993347,0.0316487923264503
"species_3_contemp_ice_extrap_only",27.4359913295507,0.031916119158268
"species_3_contemp_ice_extrap_only",27.6847925597667,0.0321880988776684
"species_3_contemp_ice_extrap_only",27.9335937899827,0.0324648022651672
"species_3_contemp_ice_extrap_only",28.1823950201988,0.0327463150024414
"species_3_contemp_ice_extrap_only",28.4311962504148,0.0330327078700066
"species_3_contemp_ice_extrap_only",28.6799974806308,0.0333240702748299
"species_3_contemp_ice_extrap_only",28.9287987108468,0.0336204841732979
"species_3_contemp_ice_extrap_only",29.1775999410629,0.0339220352470875
"species_3_contemp_ice_extrap_only",29.4264011712789,0.0342288129031658
"species_3_contemp_ice_extrap_only",29.6752024014949,0.0345409028232098
"species_3_contemp_ice_extrap_only",29.924003631711,0.0348583981394768
"species_3_contemp_ice_extrap_only",30.172804861927,0.0351813957095146
"species_3_contemp_ice_extrap_only",30.421606092143,0.0355099812150002
"species_3_contemp_ice_extrap_only",30.670407322359,0.0358442589640617
"species_3_contemp_ice_extrap_only",30.9192085525751,0.0361843258142471
"species_3_contemp_ice_extrap_only",31.1680097827911,0.0365302823483944
"species_3_contemp_ice_extrap_only",31.4168110130071,0.0368822291493416
"species_3_contemp_ice_extrap_only",31.6656122432231,0.0372402742505074
"species_3_contemp_ice_extrap_only",31.9144134734392,0.0376045219600201
"species_3_contemp_ice_extrap_only",32.1632147036552,0.0379750840365887
"species_3_contemp_ice_extrap_only",32.4120159338712,0.0383520722389221
"species_3_contemp_ice_extrap_only",32.6608171640872,0.0387355946004391
"species_3_contemp_ice_extrap_only",32.9096183943033,0.0391257740557194
"species_3_contemp_ice_extrap_only",33.1584196245193,0.0395227298140526
"species_3_contemp_ice_extrap_only",33.4072208547353,0.0399265773594379
"species_3_contemp_ice_extrap_only",33.6560220849513,0.040337435901165
"species_3_contemp_ice_extrap_only",33.9048233151674,0.0407554395496845
"species_3_contemp_ice_extrap_only",34.1536245453834,0.0411807186901569
"species_3_contemp_ice_extrap_only",34.4024257755994,0.0416133962571621
"species_3_contemp_ice_extrap_only",34.6512270058154,0.0420536026358604
"species_3_contemp_ice_extrap_only",34.9000282360315,0.0425014868378639
"species_3_contemp_ice_extrap_only",35.1488294662475,0.042957179248333
"species_3_contemp_ice_extrap_only",35.3976306964635,0.0434208251535892
"species_3_contemp_ice_extrap_only",35.6464319266795,0.0438925586640835
"species_3_contemp_ice_extrap_only",35.8952331568956,0.0443725436925888
"species_3_contemp_ice_extrap_only",36.1440343871116,0.0448609218001366
"species_3_contemp_ice_extrap_only",36.3928356173276,0.045357845723629
"species_3_contemp_ice_extrap_only",36.6416368475437,0.045863464474678
"species_3_contemp_ice_extrap_only",36.8904380777597,0.0463779531419277
"species_3_contemp_ice_extrap_only",37.1392393079757,0.0469014681875706
"species_3_contemp_ice_extrap_only",37.3880405381917,0.0474341660737991
"species_3_contemp_ice_extrap_only",37.6368417684078,0.0479762330651283
"species_3_contemp_ice_extrap_only",37.8856429986238,0.0485278330743313
"species_3_contemp_ice_extrap_only",38.1344442288398,0.0490891449153423
"species_3_contemp_ice_extrap_only",38.3832454590558,0.0496603325009346
"species_3_contemp_ice_extrap_only",38.6320466892719,0.0502416007220745
"species_3_contemp_ice_extrap_only",38.8808479194879,0.0508331283926964
"species_3_contemp_ice_extrap_only",39.1296491497039,0.0514351055026054
"species_3_contemp_ice_extrap_only",39.3784503799199,0.0520477145910263
"species_3_contemp_ice_extrap_only",39.627251610136,0.0526711717247963
"species_3_contemp_ice_extrap_only",39.876052840352,0.0533056706190109
"species_3_contemp_ice_extrap_only",40.124854070568,0.0539514198899269
"species_3_contemp_ice_extrap_only",40.373655300784,0.0546086132526398
"species_3_contemp_ice_extrap_only",40.6224565310001,0.0552774854004383
"species_3_contemp_ice_extrap_only",40.8712577612161,0.0559582486748695
"species_3_contemp_ice_extrap_only",41.1200589914321,0.0566511228680611
"species_3_contemp_ice_extrap_only",41.3688602216481,0.0573563240468502
"species_3_contemp_ice_extrap_only",41.6176614518642,0.058074101805687
"species_3_contemp_ice_extrap_only",41.8664626820802,0.0588046796619892
"species_3_contemp_ice_extrap_only",42.1152639122962,0.0595482997596264
"species_3_contemp_ice_extrap_only",42.3640651425122,0.0603051967918873
"species_3_contemp_ice_extrap_only",42.6128663727283,0.0610756389796734
"species_3_contemp_ice_extrap_only",42.8616676029443,0.0618598647415638
"species_3_contemp_ice_extrap_only",43.1104688331603,0.0626581385731697
"species_3_contemp_ice_extrap_only",43.3592700633763,0.0634707137942314
"species_3_contemp_ice_extrap_only",43.6080712935924,0.0642978698015213
"species_3_contemp_ice_extrap_only",43.8568725238084,0.0651398822665215
"species_3_contemp_ice_extrap_only",44.1056737540244,0.0659970119595528
"species_3_contemp_ice_extrap_only",44.3544749842404,0.0668695494532585
"species_3_contemp_ice_extrap_only",44.6032762144565,0.067757785320282
"species_3_contemp_ice_extrap_only",44.8520774446725,0.0686620250344276
"species_3_contemp_ice_extrap_only",45.1008786748885,0.0695825442671776
"species_3_contemp_ice_extrap_only",45.3496799051046,0.0705196484923363
"species_3_contemp_ice_extrap_only",45.5984811353206,0.0714736729860306
"species_3_contemp_ice_extrap_only",45.8472823655366,0.0724449083209038
"species_3_contemp_ice_extrap_only",46.0960835957526,0.0734336897730827
"species_3_contemp_ice_extrap_only",46.3448848259687,0.0744403153657913
"species_3_contemp_ice_extrap_only",46.5936860561847,0.0754651576280594
"species_3_contemp_ice_extrap_only",46.8424872864007,0.076508529484272
"species_3_contemp_ice_extrap_only",47.0912885166167,0.0775707885622978
"species_3_contemp_ice_extrap_only",47.3400897468328,0.0786522477865219
"species_3_contemp_ice_extrap_only",47.5888909770488,0.0797533094882965
"species_3_contemp_ice_extrap_only",47.8376922072648,0.0808743163943291
"species_3_contemp_ice_extrap_only",48.0864934374808,0.0820156335830688
"species_3_contemp_ice_extrap_only",48.3352946676969,0.0831776186823845
"species_3_contemp_ice_extrap_only",48.5840958979129,0.0843606814742088
"species_3_contemp_ice_extrap_only",48.8328971281289,0.0855651944875717
"species_3_contemp_ice_extrap_only",49.0816983583449,0.0867915451526642
"species_3_contemp_ice_extrap_only",49.330499588561,0.0880401134490967
"species_3_contemp_ice_extrap_only",49.579300818777,0.089311346411705
"species_3_contemp_ice_extrap_only",49.828102048993,0.0906056314706802
"species_3_contemp_ice_extrap_only",50.076903279209,0.0919233933091164
"species_3_contemp_ice_extrap_only",50.3257045094251,0.0932650193572044
"species_3_contemp_ice_extrap_only",50.5745057396411,0.0946309864521027
"species_3_contemp_ice_extrap_only",50.8233069698571,0.0960217118263245
"species_3_contemp_ice_extrap_only",51.0721082000732,0.0974376350641251
"species_3_contemp_ice_extrap_only",51.3209094302892,0.0988791882991791
"species_3_contemp_ice_extrap_only",51.5697106605052,0.100346855819225
"species_3_contemp_ice_extrap_only",51.8185118907212,0.10184109210968
"species_3_contemp_ice_extrap_only",52.0673131209373,0.10336235165596
"species_3_contemp_ice_extrap_only",52.3161143511533,0.104911088943481
"species_3_contemp_ice_extrap_only",52.5649155813693,0.106487832963467
"species_3_contemp_ice_extrap_only",52.8137168115853,0.108093045651913
"species_3_contemp_ice_extrap_only",53.0625180418014,0.109727211296558
"species_3_contemp_ice_extrap_only",53.3113192720174,0.111390799283981
"species_3_contemp_ice_extrap_only",53.5601205022334,0.113084375858307
"species_3_contemp_ice_extrap_only",53.8089217324494,0.114808417856693
"species_3_contemp_ice_extrap_only",54.0577229626655,0.116563439369202
"species_3_contemp_ice_extrap_only",54.3065241928815,0.118349924683571
"species_3_contemp_ice_extrap_only",54.5553254230975,0.120168469846249
"species_3_contemp_ice_extrap_only",54.8041266533135,0.122019566595554
"species_3_contemp_ice_extrap_only",55.0529278835296,0.123903751373291
"species_3_contemp_ice_extrap_only",55.3017291137456,0.125821530818939
"species_3_contemp_ice_extrap_only",55.5505303439616,0.127773523330688
"species_3_contemp_ice_extrap_only",55.7993315741776,0.129760250449181
"species_3_contemp_ice_extrap_only",56.0481328043937,0.131782233715057
"species_3_contemp_ice_extrap_only",56.2969340346097,0.133840039372444
"species_3_contemp_ice_extrap_only",56.5457352648257,0.135934263467789
"species_3_contemp_ice_extrap_only",56.7945364950418,0.138065457344055
"species_3_contemp_ice_extrap_only",57.0433377252578,0.140261650085449
"species_3_contemp_ice_extrap_only",57.2921389554738,0.142620071768761
"species_3_contemp_ice_extrap_only",57.5409401856898,0.145021319389343
"species_3_contemp_ice_extrap_only",57.7897414159059,0.147466003894806
"species_3_contemp_ice_extrap_only",58.0385426461219,0.150047913193703
"species_3_contemp_ice_extrap_only",58.2873438763379,0.152994588017464
"species_3_contemp_ice_extrap_only",58.5361451065539,0.155998960137367
"species_3_contemp_ice_extrap_only",58.78494633677,0.159061849117279
"species_3_contemp_ice_extrap_only",59.033747566986,0.162184074521065
"species_3_contemp_ice_extrap_only",59.282548797202,0.165366396307945
"species_3_contemp_ice_extrap_only",59.531350027418,0.168609753251076
"species_3_contemp_ice_extrap_only",59.780151257634,0.171914875507355
"species_3_contemp_ice_extrap_only",60.0289524878501,0.175282567739487
"species_3_contemp_ice_extrap_only",60.2777537180661,0.17871356010437
"species_3_contemp_ice_extrap_only",60.5265549482821,0.182208716869354
"species_3_contemp_ice_extrap_only",60.7753561784982,0.185768738389015
"species_3_contemp_ice_extrap_only",61.0241574087142,0.189394369721413
"species_3_contemp_ice_extrap_only",61.2729586389302,0.193086236715317
"species_3_contemp_ice_extrap_only",61.5217598691462,0.196845188736916
"species_3_contemp_ice_extrap_only",61.7705610993623,0.200671792030334
"species_3_contemp_ice_extrap_only",62.0193623295783,0.204566732048988
"species_3_contemp_ice_extrap_only",62.2681635597943,0.208530530333519
"species_3_contemp_ice_extrap_only",62.5169647900103,0.212563931941986
"species_3_contemp_ice_extrap_only",62.7657660202264,0.216667428612709
"species_3_contemp_ice_extrap_only",63.0145672504424,0.22084154188633
"species_3_contemp_ice_extrap_only",63.2633684806584,0.225086688995361
"species_3_contemp_ice_extrap_only",63.5121697108744,0.229403480887413
"species_3_contemp_ice_extrap_only",63.7609709410905,0.233792275190353
"species_3_contemp_ice_extrap_only",64.0097721713065,0.23825341463089
"species_3_contemp_ice_extrap_only",64.2585734015225,0.242787271738052
"species_3_contemp_ice_extrap_only",64.5073746317385,0.247394114732742
"species_3_contemp_ice_extrap_only",64.7561758619546,0.252074062824249
"species_3_contemp_ice_extrap_only",65.0049770921706,0.256827563047409
"species_3_contemp_ice_extrap_only",65.2537783223866,0.261654645204544
"species_3_contemp_ice_extrap_only",65.5025795526027,0.266555368900299
"species_3_contemp_ice_extrap_only",65.7513807828187,0.271529793739319
"species_3_contemp_ice_extrap_only",66.0001820130347,0.276577889919281
"species_3_contemp_ice_extrap_only",66.2489832432507,0.281699568033218
"species_3_contemp_ice_extrap_only",66.4977844734668,0.286894649267197
"species_3_contemp_ice_extrap_only",66.7465857036828,0.292162775993347
"species_3_contemp_ice_extrap_only",66.9953869338988,0.297503978013992
"species_3_contemp_ice_extrap_only",67.2441881641148,0.302917778491974
"species_3_contemp_ice_extrap_only",67.4929893943309,0.308403700590134
"species_3_contemp_ice_extrap_only",67.7417906245469,0.313961297273636
"species_3_contemp_ice_extrap_only",67.9905918547629,0.319589972496033
"species_3_contemp_ice_extrap_only",68.2393930849789,0.325289070606232
"species_3_contemp_ice_extrap_only",68.488194315195,0.331057876348495
"species_3_contemp_ice_extrap_only",68.736995545411,0.336895436048508
"species_3_contemp_ice_extrap_only",68.985796775627,0.342801183462143
"species_3_contemp_ice_extrap_only",69.234598005843,0.348773956298828
"species_3_contemp_ice_extrap_only",69.4833992360591,0.354812741279602
"species_3_contemp_ice_extrap_only",69.7322004662751,0.360916405916214
"species_3_contemp_ice_extrap_only",69.9810016964911,0.367083728313446
"species_3_contemp_ice_extrap_only",70.2298029267072,0.373313367366791
"species_3_contemp_ice_extrap_only",70.4786041569232,0.379603981971741
"species_3_contemp_ice_extrap_only",70.7274053871392,0.38595387339592
"species_3_contemp_ice_extrap_only",70.9762066173552,0.392361879348755
"species_3_contemp_ice_extrap_only",71.2250078475712,0.398826152086258
"species_3_contemp_ice_extrap_only",71.4738090777873,0.405344933271408
"species_3_contemp_ice_extrap_only",71.7226103080033,0.411916464567185
"species_3_contemp_ice_extrap_only",71.9714115382193,0.418538808822632
"species_3_contemp_ice_extrap_only",72.2202127684353,0.42520996928215
"species_3_contemp_ice_extrap_only",72.4690139986514,0.431927889585495
"species_3_contemp_ice_extrap_only",72.7178152288674,0.43869024515152
"species_3_contemp_ice_extrap_only",72.9666164590834,0.445495218038559
"species_3_contemp_ice_extrap_only",73.2154176892994,0.45234027504921
"species_3_contemp_ice_extrap_only",73.4642189195155,0.459223061800003
"species_3_contemp_ice_extrap_only",73.7130201497315,0.466141134500504
"species_3_contemp_ice_extrap_only",73.9618213799475,0.47309198975563
"species_3_contemp_ice_extrap_only",74.2106226101636,0.480073034763336
"species_3_contemp_ice_extrap_only",74.4594238403796,0.48708164691925
"species_3_contemp_ice_extrap_only",74.7082250705956,0.494114905595779
"species_3_contemp_ice_extrap_only",74.9570263008116,0.501170516014099
"species_3_contemp_ice_extrap_only",75.2058275310277,0.508245408535004
"species_3_contemp_ice_extrap_only",75.4546287612437,0.515336751937866
"species_3_contemp_ice_extrap_only",75.7034299914597,0.522441744804382
"species_3_contemp_ice_extrap_only",75.9522312216757,0.529557287693024
"species_3_contemp_ice_extrap_only",76.2010324518918,0.536680579185486
"species_3_contemp_ice_extrap_only",76.4498336821078,0.543808579444885
"species_3_contemp_ice_extrap_only",76.6986349123238,0.550938010215759
"species_3_contemp_ice_extrap_only",76.9474361425398,0.558066308498383
"species_3_contemp_ice_extrap_only",77.1962373727559,0.565190196037292
"species_3_contemp_ice_extrap_only",77.4450386029719,0.572306632995605
"species_3_contemp_ice_extrap_only",77.6938398331879,0.579412579536438
"species_3_contemp_ice_extrap_only",77.9426410634039,0.586504995822906
"species_3_contemp_ice_extrap_only",78.19144229362,0.593580722808838
"species_3_contemp_ice_extrap_only",78.440243523836,0.600636839866638
"species_3_contemp_ice_extrap_only",78.689044754052,0.607670068740845
"species_3_contemp_ice_extrap_only",78.937845984268,0.614677906036377
"species_3_contemp_ice_extrap_only",79.1866472144841,0.621657073497772
"species_3_contemp_ice_extrap_only",79.4354484447001,0.628604710102081
"species_3_contemp_ice_extrap_only",79.6842496749161,0.63551789522171
"species_3_contemp_ice_extrap_only",79.9330509051321,0.64239376783371
"species_3_contemp_ice_extrap_only",80.1818521353482,0.64922958612442
"species_3_contemp_ice_extrap_only",80.4306533655642,0.656022548675537
"species_3_contemp_ice_extrap_only",80.6794545957802,0.662769734859467
"species_3_contemp_ice_extrap_only",80.9282558259963,0.669469058513641
"species_3_contemp_ice_extrap_only",81.1770570562123,0.676117599010468
"species_3_contemp_ice_extrap_only",81.4258582864283,0.682712972164154
"species_3_contemp_ice_extrap_only",81.6746595166443,0.689252734184265
"species_3_contemp_ice_extrap_only",81.9234607468604,0.69573450088501
"species_3_contemp_ice_extrap_only",82.1722619770764,0.702156007289886
"species_3_contemp_ice_extrap_only",82.4210632072924,0.708515167236328
"species_3_contemp_ice_extrap_only",82.6698644375084,0.714809656143188
"species_3_contemp_ice_extrap_only",82.9186656677245,0.721037805080414
"species_3_contemp_ice_extrap_only",83.1674668979405,0.727197587490082
"species_3_contemp_ice_extrap_only",83.4162681281565,0.733287155628204
"species_3_contemp_ice_extrap_only",83.6650693583725,0.739304721355438
"species_3_contemp_ice_extrap_only",83.9138705885886,0.745248794555664
"species_3_contemp_ice_extrap_only",84.1626718188046,0.751117706298828
"species_3_contemp_ice_extrap_only",84.4114730490206,0.756910085678101
"species_3_contemp_ice_extrap_only",84.6602742792366,0.762624442577362
"species_3_contemp_ice_extrap_only",84.9090755094527,0.768259823322296
"species_3_contemp_ice_extrap_only",85.1578767396687,0.773814976215363
"species_3_contemp_ice_extrap_only",85.4066779698847,0.779288828372955
"species_3_contemp_ice_extrap_only",85.6554792001007,0.784680426120758
"species_3_contemp_ice_extrap_only",85.9042804303168,0.789988934993744
"species_3_contemp_ice_extrap_only",86.1530816605328,0.795213639736176
"species_3_contemp_ice_extrap_only",86.4018828907488,0.80035388469696
"species_3_contemp_ice_extrap_only",86.6506841209648,0.805408895015717
"species_3_contemp_ice_extrap_only",86.8994853511809,0.810378551483154
"species_3_contemp_ice_extrap_only",87.1482865813969,0.815262317657471
"species_3_contemp_ice_extrap_only",87.3970878116129,0.820059955120087
"species_3_contemp_ice_extrap_only",87.645889041829,0.824771165847778
"species_3_contemp_ice_extrap_only",87.894690272045,0.829395890235901
"species_3_contemp_ice_extrap_only",88.143491502261,0.833934128284454
"species_3_contemp_ice_extrap_only",88.392292732477,0.838385879993439
"species_3_contemp_ice_extrap_only",88.641093962693,0.842751145362854
"species_3_contemp_ice_extrap_only",88.8898951929091,0.847030401229858
"species_3_contemp_ice_extrap_only",89.1386964231251,0.851223826408386
"species_3_contemp_ice_extrap_only",89.3874976533411,0.855331659317017
"species_3_contemp_ice_extrap_only",89.6362988835572,0.859354436397552
"species_3_contemp_ice_extrap_only",89.8851001137732,0.862241983413696
"species_3_contemp_ice_extrap_only",90.1339013439892,0.864010572433472
"species_3_contemp_ice_extrap_only",90.3827025742052,0.86576908826828
"species_3_contemp_ice_extrap_only",90.6315038044213,0.867517471313477
"species_3_contemp_ice_extrap_only",90.8803050346373,0.869255542755127
"species_3_contemp_ice_extrap_only",91.1291062648533,0.870983123779297
"species_3_contemp_ice_extrap_only",91.3779074950693,0.872699975967407
"species_3_contemp_ice_extrap_only",91.6267087252854,0.874405980110168
"species_3_contemp_ice_extrap_only",91.8755099555014,0.876100957393646
"species_3_contemp_ice_extrap_only",92.1243111857174,0.877784729003906
"species_3_contemp_ice_extrap_only",92.3731124159334,0.879457175731659
"species_3_contemp_ice_extrap_only",92.6219136461495,0.881118059158325
"species_3_contemp_ice_extrap_only",92.8707148763655,0.882767379283905
"species_3_contemp_ice_extrap_only",93.1195161065815,0.884404897689819
"species_3_contemp_ice_extrap_only",93.3683173367976,0.886030495166779
"species_3_contemp_ice_extrap_only",93.6171185670136,0.887643992900848
"species_3_contemp_ice_extrap_only",93.8659197972296,0.889245331287384
"species_3_contemp_ice_extrap_only",94.1147210274456,0.890834391117096
"species_3_contemp_ice_extrap_only",94.3635222576617,0.892410933971405
"species_3_contemp_ice_extrap_only",94.6123234878777,0.893974900245667
"species_3_contemp_ice_extrap_only",94.8611247180937,0.895526230335236
"species_3_contemp_ice_extrap_only",95.1099259483097,0.897064805030823
"species_3_contemp_ice_extrap_only",95.3587271785258,0.898590505123138
"species_3_contemp_ice_extrap_only",95.6075284087418,0.900103211402893
"species_3_contemp_ice_extrap_only",95.8563296389578,0.901602864265442
"species_3_contemp_ice_extrap_only",96.1051308691738,0.903089344501495
"species_3_contemp_ice_extrap_only",96.3539320993899,0.904562592506409
"species_3_contemp_ice_extrap_only",96.6027333296059,0.906022429466248
"species_3_contemp_ice_extrap_only",96.8515345598219,0.907468914985657
"species_3_contemp_ice_extrap_only",97.100335790038,0.908901929855347
"species_3_contemp_ice_extrap_only",97.349137020254,0.910321414470673
"species_3_contemp_ice_extrap_only",97.59793825047,0.91172730922699
"species_3_contemp_ice_extrap_only",97.846739480686,0.913119554519653
"species_3_contemp_ice_extrap_only",98.095540710902,0.914498090744019
"species_3_contemp_ice_extrap_only",98.3443419411181,0.915862858295441
"species_3_contemp_ice_extrap_only",98.5931431713341,0.91721373796463
"species_3_contemp_ice_extrap_only",98.8419444015501,0.918550908565521
"species_3_contemp_ice_extrap_only",99.0907456317662,0.919874131679535
"species_3_contemp_ice_extrap_only",99.3395468619822,0.921183466911316
"species_3_contemp_ice_extrap_only",99.5883480921982,0.92247885465622
"species_3_contemp_ice_extrap_only",99.8371493224142,0.923760294914246
"species_3_contemp_ice_extrap_only",100.08595055263,0.925027787685394
"species_3_contemp_ice_extrap_only",100.334751782846,0.926281273365021
"species_3_contemp_ice_extrap_only",100.583553013062,0.927520751953125
"species_3_contemp_ice_extrap_only",100.832354243278,0.928746223449707
"species_3_contemp_ice_extrap_only",101.081155473494,0.929957747459412
"species_3_contemp_ice_extrap_only",101.32995670371,0.931155204772949
"species_3_contemp_ice_extrap_only",101.578757933926,0.932338714599609
"species_3_contemp_ice_extrap_only",101.827559164142,0.933508276939392
"species_3_contemp_ice_extrap_only",102.076360394358,0.934663832187653
"species_3_contemp_ice_extrap_only",102.325161624574,0.935805439949036
"species_3_contemp_ice_extrap_only",102.573962854791,0.936933100223541
"species_3_contemp_ice_extrap_only",102.822764085007,0.938046872615814
"species_3_contemp_ice_extrap_only",103.071565315223,0.939146816730499
"species_3_contemp_ice_extrap_only",103.320366545439,0.940232872962952
"species_3_contemp_ice_extrap_only",103.569167775655,0.941305160522461
"species_3_contemp_ice_extrap_only",103.817969005871,0.942363679409027
"species_3_contemp_ice_extrap_only",104.066770236087,0.943408489227295
"species_3_contemp_ice_extrap_only",104.315571466303,0.943753719329834
"species_3_contemp_ice_extrap_only",104.564372696519,0.943753719329834
"species_3_contemp_ice_extrap_only",104.813173926735,0.943753719329834
"species_3_contemp_ice_extrap_only",105.061975156951,0.943753719329834
"species_3_contemp_ice_extrap_only",105.310776387167,0.943753719329834
"species_3_contemp_ice_extrap_only",105.559577617383,0.943753719329834
"species_3_contemp_ice_extrap_only",105.808378847599,0.943753719329834
"species_3_contemp_ice_extrap_only",106.057180077815,0.943753719329834
"species_3_contemp_ice_extrap_only",106.305981308031,0.943753719329834
"species_3_contemp_ice_extrap_only",106.554782538247,0.943753719329834
"species_3_contemp_ice_extrap_only",106.803583768463,0.943753719329834
"species_3_contemp_ice_extrap_only",107.052384998679,0.943753719329834
"species_3_contemp_ice_extrap_only",107.301186228895,0.943753719329834
"species_3_contemp_ice_extrap_only",107.549987459111,0.943753719329834
"species_3_contemp_ice_extrap_only",107.798788689327,0.943753719329834
"species_3_contemp_ice_extrap_only",108.047589919543,0.943753719329834
"species_3_contemp_ice_extrap_only",108.296391149759,0.943753719329834
"species_3_contemp_ice_extrap_only",108.545192379975,0.943753719329834
"species_3_contemp_ice_extrap_only",108.793993610191,0.943753719329834
"species_3_contemp_ice_extrap_only",109.042794840407,0.943753719329834
"species_3_contemp_ice_extrap_only",109.291596070623,0.943753719329834
"species_3_contemp_ice_extrap_only",109.540397300839,0.943753719329834
"species_3_contemp_ice_extrap_only",109.789198531055,0.943753719329834
"species_3_contemp_ice_extrap_only",110.037999761271,0.943753719329834
"species_3_contemp_ice_extrap_only",110.286800991487,0.943753719329834
"species_3_contemp_ice_extrap_only",110.535602221703,0.943753719329834
"species_3_contemp_ice_extrap_only",110.784403451919,0.943753719329834
"species_3_contemp_ice_extrap_only",111.033204682135,0.943753719329834
"species_3_contemp_ice_extrap_only",111.282005912351,0.943753719329834
"species_3_contemp_ice_extrap_only",111.530807142567,0.943753719329834
"species_3_contemp_ice_extrap_only",111.779608372783,0.943753719329834
"species_3_contemp_ice_extrap_only",112.028409602999,0.943753719329834
"species_3_contemp_ice_extrap_only",112.277210833216,0.943753719329834
"species_3_contemp_ice_extrap_only",112.526012063432,0.943753719329834
"species_3_contemp_ice_extrap_only",112.774813293648,0.943753719329834
"species_3_contemp_ice_extrap_only",113.023614523864,0.943753719329834
"species_3_contemp_ice_extrap_only",113.27241575408,0.943753719329834
"species_3_contemp_ice_extrap_only",113.521216984296,0.943753719329834
"species_3_contemp_ice_extrap_only",113.770018214512,0.943753719329834
"species_3_contemp_ice_extrap_only",114.018819444728,0.943753719329834
"species_3_contemp_ice_extrap_only",114.267620674944,0.943753719329834
"species_3_contemp_ice_extrap_only",114.51642190516,0.943753719329834
"species_3_contemp_ice_extrap",-9.88419320285318,0.00355083262547851
"species_3_contemp_ice_extrap",-9.63539197263716,0.00355083262547851
"species_3_contemp_ice_extrap",-9.38659074242113,0.00355083262547851
"species_3_contemp_ice_extrap",-9.13778951220511,0.00355083262547851
"species_3_contemp_ice_extrap",-8.88898828198908,0.00355083262547851
"species_3_contemp_ice_extrap",-8.64018705177306,0.00355083262547851
"species_3_contemp_ice_extrap",-8.39138582155703,0.00355083262547851
"species_3_contemp_ice_extrap",-8.142584591341,0.00355083262547851
"species_3_contemp_ice_extrap",-7.89378336112498,0.00355083262547851
"species_3_contemp_ice_extrap",-7.64498213090895,0.00355083262547851
"species_3_contemp_ice_extrap",-7.39618090069293,0.00355083262547851
"species_3_contemp_ice_extrap",-7.1473796704769,0.00355083262547851
"species_3_contemp_ice_extrap",-6.89857844026087,0.00355083262547851
"species_3_contemp_ice_extrap",-6.64977721004485,0.00355083262547851
"species_3_contemp_ice_extrap",-6.40097597982882,0.00355083262547851
"species_3_contemp_ice_extrap",-6.1521747496128,0.00355083262547851
"species_3_contemp_ice_extrap",-5.90337351939677,0.00355083262547851
"species_3_contemp_ice_extrap",-5.65457228918075,0.00355083262547851
"species_3_contemp_ice_extrap",-5.40577105896472,0.00355083262547851
"species_3_contemp_ice_extrap",-5.15696982874869,0.00355083262547851
"species_3_contemp_ice_extrap",-4.90816859853267,0.00355083262547851
"species_3_contemp_ice_extrap",-4.65936736831664,0.00355083262547851
"species_3_contemp_ice_extrap",-4.41056613810062,0.00355083262547851
"species_3_contemp_ice_extrap",-4.16176490788459,0.00355083262547851
"species_3_contemp_ice_extrap",-3.91296367766856,0.00355083262547851
"species_3_contemp_ice_extrap",-3.66416244745254,0.00355083262547851
"species_3_contemp_ice_extrap",-3.41536121723651,0.00355083262547851
"species_3_contemp_ice_extrap",-3.16655998702049,0.00355083262547851
"species_3_contemp_ice_extrap",-2.91775875680446,0.00355083262547851
"species_3_contemp_ice_extrap",-2.66895752658843,0.00355083262547851
"species_3_contemp_ice_extrap",-2.42015629637241,0.00355083262547851
"species_3_contemp_ice_extrap",-2.17135506615638,0.00355083262547851
"species_3_contemp_ice_extrap",-1.92255383594036,0.00355083262547851
"species_3_contemp_ice_extrap",-1.67375260572433,0.00355083262547851
"species_3_contemp_ice_extrap",-1.42495137550831,0.00355083262547851
"species_3_contemp_ice_extrap",-1.17615014529228,0.00355083262547851
"species_3_contemp_ice_extrap",-0.927348915076255,0.00355083262547851
"species_3_contemp_ice_extrap",-0.678547684860229,0.00355083262547851
"species_3_contemp_ice_extrap",-0.429746454644203,0.00355083262547851
"species_3_contemp_ice_extrap",-0.180945224428177,0.00355083262547851
"species_3_contemp_ice_extrap",0.0678560057878492,0.00355083262547851
"species_3_contemp_ice_extrap",0.316657236003875,0.00355083262547851
"species_3_contemp_ice_extrap",0.565458466219901,0.00361795676872134
"species_3_contemp_ice_extrap",0.814259696435927,0.00382708106189966
"species_3_contemp_ice_extrap",1.06306092665195,0.00404835818335414
"species_3_contemp_ice_extrap",1.31186215686798,0.00428249454125762
"species_3_contemp_ice_extrap",1.56066338708401,0.0045302389189601
"species_3_contemp_ice_extrap",1.80946461730003,0.00479238107800484
"species_3_contemp_ice_extrap",2.05826584751606,0.00506975781172514
"species_3_contemp_ice_extrap",2.30706707773208,0.00536325294524431
"species_3_contemp_ice_extrap",2.55586830794811,0.00567380152642727
"species_3_contemp_ice_extrap",2.80466953816413,0.00600239261984825
"species_3_contemp_ice_extrap",3.05347076838016,0.00635007070377469
"species_3_contemp_ice_extrap",3.30227199859619,0.00671793986111879
"species_3_contemp_ice_extrap",3.55107322881221,0.00710716797038913
"species_3_contemp_ice_extrap",3.79987445902824,0.0075189876370132
"species_3_contemp_ice_extrap",4.04867568924426,0.00795470178127289
"species_3_contemp_ice_extrap",4.29747691946029,0.00841568782925606
"species_3_contemp_ice_extrap",4.54627814967631,0.00890339817851782
"species_3_contemp_ice_extrap",4.79507937989234,0.00941936764866114
"species_3_contemp_ice_extrap",5.04388061010837,0.00996521860361099
"species_3_contemp_ice_extrap",5.29268184032439,0.0105426590889692
"species_3_contemp_ice_extrap",5.54148307054042,0.011153494939208
"species_3_contemp_ice_extrap",5.79028430075644,0.0117996307089925
"species_3_contemp_ice_extrap",6.03908553097247,0.0124830743297935
"species_3_contemp_ice_extrap",6.2878867611885,0.013205942697823
"species_3_contemp_ice_extrap",6.53668799140452,0.0139704691246152
"species_3_contemp_ice_extrap",6.78548922162055,0.0147790061309934
"species_3_contemp_ice_extrap",7.03429045183657,0.0156340301036835
"species_3_contemp_ice_extrap",7.2830916820526,0.0165381487458944
"species_3_contemp_ice_extrap",7.53189291226862,0.0174941122531891
"species_3_contemp_ice_extrap",7.78069414248465,0.0185048077255487
"species_3_contemp_ice_extrap",8.02949537270067,0.019573274999857
"species_3_contemp_ice_extrap",8.2782966029167,0.0207027066498995
"species_3_contemp_ice_extrap",8.52709783313273,0.0218964610248804
"species_3_contemp_ice_extrap",8.77589906334875,0.0231580622494221
"species_3_contemp_ice_extrap",9.02470029356478,0.0244912095367908
"species_3_contemp_ice_extrap",9.27350152378081,0.0258997809141874
"species_3_contemp_ice_extrap",9.52230275399683,0.0273878443986177
"species_3_contemp_ice_extrap",9.77110398421286,0.0289596579968929
"species_3_contemp_ice_extrap",10.0199052144289,0.0306196790188551
"species_3_contemp_ice_extrap",10.2687064446449,0.0323725715279579
"species_3_contemp_ice_extrap",10.5175076748609,0.0342232026159763
"species_3_contemp_ice_extrap",10.766308905077,0.0361766628921032
"species_3_contemp_ice_extrap",11.015110135293,0.0382382497191429
"species_3_contemp_ice_extrap",11.263911365509,0.0404134914278984
"species_3_contemp_ice_extrap",11.512712595725,0.0427081398665905
"species_3_contemp_ice_extrap",11.7615138259411,0.0451281704008579
"species_3_contemp_ice_extrap",12.0103150561571,0.0476797819137573
"species_3_contemp_ice_extrap",12.2591162863731,0.0503694117069244
"species_3_contemp_ice_extrap",12.5079175165891,0.0532037131488323
"species_3_contemp_ice_extrap",12.7567187468052,0.0561895668506622
"species_3_contemp_ice_extrap",13.0055199770212,0.0593340657651424
"species_3_contemp_ice_extrap",13.2543212072372,0.0626445263624191
"species_3_contemp_ice_extrap",13.5031224374532,0.0661284476518631
"species_3_contemp_ice_extrap",13.7519236676693,0.0697935372591019
"species_3_contemp_ice_extrap",14.0007248978853,0.0736476704478264
"species_3_contemp_ice_extrap",14.2495261281013,0.0776988938450813
"species_3_contemp_ice_extrap",14.4983273583173,0.0819553732872009
"species_3_contemp_ice_extrap",14.7471285885334,0.0864254236221313
"species_3_contemp_ice_extrap",14.9959298187494,0.0911174193024635
"species_3_contemp_ice_extrap",15.2447310489654,0.0957245379686356
"species_3_contemp_ice_extrap",15.4935322791815,0.0978193208575249
"species_3_contemp_ice_extrap",15.7423335093975,0.0999574288725853
"species_3_contemp_ice_extrap",15.9911347396135,0.100120231509209
"species_3_contemp_ice_extrap",16.2399359698295,0.100285537540913
"species_3_contemp_ice_extrap",16.4887372000456,0.100453644990921
"species_3_contemp_ice_extrap",16.7375384302616,0.100624561309814
"species_3_contemp_ice_extrap",16.9863396604776,0.100798301398754
"species_3_contemp_ice_extrap",17.2351408906936,0.100974880158901
"species_3_contemp_ice_extrap",17.4839421209097,0.101154305040836
"species_3_contemp_ice_extrap",17.7327433511257,0.101336590945721
"species_3_contemp_ice_extrap",17.9815445813417,0.101521745324135
"species_3_contemp_ice_extrap",18.2303458115577,0.101709790527821
"species_3_contemp_ice_extrap",18.4791470417738,0.101900734007359
"species_3_contemp_ice_extrap",18.7279482719898,0.10209459066391
"species_3_contemp_ice_extrap",18.9767495022058,0.102291367948055
"species_3_contemp_ice_extrap",19.2255507324218,0.102491095662117
"species_3_contemp_ice_extrap",19.4743519626379,0.102693766355515
"species_3_contemp_ice_extrap",19.7231531928539,0.10289940983057
"species_3_contemp_ice_extrap",19.9719544230699,0.103108033537865
"species_3_contemp_ice_extrap",20.220755653286,0.10331965982914
"species_3_contemp_ice_extrap",20.469556883502,0.103534288704395
"species_3_contemp_ice_extrap",20.718358113718,0.103751949965954
"species_3_contemp_ice_extrap",20.967159343934,0.103972651064396
"species_3_contemp_ice_extrap",21.21596057415,0.104196406900883
"species_3_contemp_ice_extrap",21.4647618043661,0.104423239827156
"species_3_contemp_ice_extrap",21.7135630345821,0.104653157293797
"species_3_contemp_ice_extrap",21.9623642647981,0.104886181652546
"species_3_contemp_ice_extrap",22.2111654950141,0.105122320353985
"species_3_contemp_ice_extrap",22.4599667252302,0.105361603200436
"species_3_contemp_ice_extrap",22.7087679554462,0.105604037642479
"species_3_contemp_ice_extrap",22.9575691856622,0.105849638581276
"species_3_contemp_ice_extrap",23.2063704158783,0.106098435819149
"species_3_contemp_ice_extrap",23.4551716460943,0.106350436806679
"species_3_contemp_ice_extrap",23.7039728763103,0.106605656445026
"species_3_contemp_ice_extrap",23.9527741065263,0.106864117085934
"species_3_contemp_ice_extrap",24.2015753367424,0.107125841081142
"species_3_contemp_ice_extrap",24.4503765669584,0.107390835881233
"species_3_contemp_ice_extrap",24.6991777971744,0.107659131288528
"species_3_contemp_ice_extrap",24.9479790273904,0.107930734753609
"species_3_contemp_ice_extrap",25.1967802576065,0.108205683529377
"species_3_contemp_ice_extrap",25.4455814878225,0.108483977615833
"species_3_contemp_ice_extrap",25.6943827180385,0.108765639364719
"species_3_contemp_ice_extrap",25.9431839482545,0.109050698578358
"species_3_contemp_ice_extrap",26.1919851784706,0.109339170157909
"species_3_contemp_ice_extrap",26.4407864086866,0.109631076455116
"species_3_contemp_ice_extrap",26.6895876389026,0.10992643237114
"species_3_contemp_ice_extrap",26.9383888691186,0.110225260257721
"species_3_contemp_ice_extrap",27.1871900993347,0.110527582466602
"species_3_contemp_ice_extrap",27.4359913295507,0.110833421349525
"species_3_contemp_ice_extrap",27.6847925597667,0.111142791807652
"species_3_contemp_ice_extrap",27.9335937899827,0.111455723643303
"species_3_contemp_ice_extrap",28.1823950201988,0.111772239208221
"species_3_contemp_ice_extrap",28.4311962504148,0.112092353403568
"species_3_contemp_ice_extrap",28.6799974806308,0.112416096031666
"species_3_contemp_ice_extrap",28.9287987108468,0.112743489444256
"species_3_contemp_ice_extrap",29.1775999410629,0.1130745485425
"species_3_contemp_ice_extrap",29.4264011712789,0.113409303128719
"species_3_contemp_ice_extrap",29.6752024014949,0.113747775554657
"species_3_contemp_ice_extrap",29.924003631711,0.114089980721474
"species_3_contemp_ice_extrap",30.172804861927,0.114435963332653
"species_3_contemp_ice_extrap",30.421606092143,0.114785730838776
"species_3_contemp_ice_extrap",30.670407322359,0.115139305591583
"species_3_contemp_ice_extrap",30.9192085525751,0.115496724843979
"species_3_contemp_ice_extrap",31.1680097827911,0.115858010947704
"species_3_contemp_ice_extrap",31.4168110130071,0.116223178803921
"species_3_contemp_ice_extrap",31.6656122432231,0.116592265665531
"species_3_contemp_ice_extrap",31.9144134734392,0.116965293884277
"species_3_contemp_ice_extrap",32.1632147036552,0.117342285811901
"species_3_contemp_ice_extrap",32.4120159338712,0.117723278701305
"species_3_contemp_ice_extrap",32.6608171640872,0.118108280003071
"species_3_contemp_ice_extrap",32.9096183943033,0.1184973269701
"species_3_contemp_ice_extrap",33.1584196245193,0.118890456855297
"species_3_contemp_ice_extrap",33.4072208547353,0.119287684559822
"species_3_contemp_ice_extrap",33.6560220849513,0.119689039885998
"species_3_contemp_ice_extrap",33.9048233151674,0.120094552636147
"species_3_contemp_ice_extrap",34.1536245453834,0.120504260063171
"species_3_contemp_ice_extrap",34.4024257755994,0.120918169617653
"species_3_contemp_ice_extrap",34.6512270058154,0.121336326003075
"species_3_contemp_ice_extrap",34.9000282360315,0.121758759021759
"species_3_contemp_ice_extrap",35.1488294662475,0.122185491025448
"species_3_contemp_ice_extrap",35.3976306964635,0.122616559267044
"species_3_contemp_ice_extrap",35.6464319266795,0.123051978647709
"species_3_contemp_ice_extrap",35.8952331568956,0.123491801321507
"species_3_contemp_ice_extrap",36.1440343871116,0.123936042189598
"species_3_contemp_ice_extrap",36.3928356173276,0.124384738504887
"species_3_contemp_ice_extrap",36.6416368475437,0.124837912619114
"species_3_contemp_ice_extrap",36.8904380777597,0.125295609235764
"species_3_contemp_ice_extrap",37.1392393079757,0.125757858157158
"species_3_contemp_ice_extrap",37.3880405381917,0.126224681735039
"species_3_contemp_ice_extrap",37.6368417684078,0.12669612467289
"species_3_contemp_ice_extrap",37.8856429986238,0.127172216773033
"species_3_contemp_ice_extrap",38.1344442288398,0.127652987837791
"species_3_contemp_ice_extrap",38.3832454590558,0.128138467669487
"species_3_contemp_ice_extrap",38.6320466892719,0.128628700971603
"species_3_contemp_ice_extrap",38.8808479194879,0.129123702645302
"species_3_contemp_ice_extrap",39.1296491497039,0.129623532295227
"species_3_contemp_ice_extrap",39.3784503799199,0.130128189921379
"species_3_contemp_ice_extrap",39.627251610136,0.130637750029564
"species_3_contemp_ice_extrap",39.876052840352,0.131152227520943
"species_3_contemp_ice_extrap",40.124854070568,0.131671667098999
"species_3_contemp_ice_extrap",40.373655300784,0.132196083664894
"species_3_contemp_ice_extrap",40.6224565310001,0.132725536823273
"species_3_contemp_ice_extrap",40.8712577612161,0.133260056376457
"species_3_contemp_ice_extrap",41.1200589914321,0.13379967212677
"species_3_contemp_ice_extrap",41.3688602216481,0.134344428777695
"species_3_contemp_ice_extrap",41.6176614518642,0.134894356131554
"species_3_contemp_ice_extrap",41.8664626820802,0.13544949889183
"species_3_contemp_ice_extrap",42.1152639122962,0.136009901762009
"species_3_contemp_ice_extrap",42.3640651425122,0.13657557964325
"species_3_contemp_ice_extrap",42.6128663727283,0.137146592140198
"species_3_contemp_ice_extrap",42.8616676029443,0.137722983956337
"species_3_contemp_ice_extrap",43.1104688331603,0.138304769992828
"species_3_contemp_ice_extrap",43.3592700633763,0.138891994953156
"species_3_contemp_ice_extrap",43.6080712935924,0.139484733343124
"species_3_contemp_ice_extrap",43.8568725238084,0.140082985162735
"species_3_contemp_ice_extrap",44.1056737540244,0.140686810016632
"species_3_contemp_ice_extrap",44.3544749842404,0.141296222805977
"species_3_contemp_ice_extrap",44.6032762144565,0.141911312937737
"species_3_contemp_ice_extrap",44.8520774446725,0.142532080411911
"species_3_contemp_ice_extrap",45.1008786748885,0.143158599734306
"species_3_contemp_ice_extrap",45.3496799051046,0.143790870904922
"species_3_contemp_ice_extrap",45.5984811353206,0.144428983330727
"species_3_contemp_ice_extrap",45.8472823655366,0.14507295191288
"species_3_contemp_ice_extrap",46.0960835957526,0.145722821354866
"species_3_contemp_ice_extrap",46.3448848259687,0.146378636360168
"species_3_contemp_ice_extrap",46.5936860561847,0.147040456533432
"species_3_contemp_ice_extrap",46.8424872864007,0.147708311676979
"species_3_contemp_ice_extrap",47.0912885166167,0.148382246494293
"species_3_contemp_ice_extrap",47.3400897468328,0.149062305688858
"species_3_contemp_ice_extrap",47.5888909770488,0.149748533964157
"species_3_contemp_ice_extrap",47.8376922072648,0.150440990924835
"species_3_contemp_ice_extrap",48.0864934374808,0.151139706373215
"species_3_contemp_ice_extrap",48.3352946676969,0.15184473991394
"species_3_contemp_ice_extrap",48.5840958979129,0.152556121349335
"species_3_contemp_ice_extrap",48.8328971281289,0.153273910284042
"species_3_contemp_ice_extrap",49.0816983583449,0.153998151421547
"species_3_contemp_ice_extrap",49.330499588561,0.154728889465332
"species_3_contemp_ice_extrap",49.579300818777,0.155466184020042
"species_3_contemp_ice_extrap",49.828102048993,0.156210064888
"species_3_contemp_ice_extrap",50.076903279209,0.156960591673851
"species_3_contemp_ice_extrap",50.3257045094251,0.157717794179916
"species_3_contemp_ice_extrap",50.5745057396411,0.158481761813164
"species_3_contemp_ice_extrap",50.8233069698571,0.159252509474754
"species_3_contemp_ice_extrap",51.0721082000732,0.160030096769333
"species_3_contemp_ice_extrap",51.3209094302892,0.160814568400383
"species_3_contemp_ice_extrap",51.5697106605052,0.161605983972549
"species_3_contemp_ice_extrap",51.8185118907212,0.162404403090477
"species_3_contemp_ice_extrap",52.0673131209373,0.163209855556488
"species_3_contemp_ice_extrap",52.3161143511533,0.164022400975227
"species_3_contemp_ice_extrap",52.5649155813693,0.16484209895134
"species_3_contemp_ice_extrap",52.8137168115853,0.165668979287148
"species_3_contemp_ice_extrap",53.0625180418014,0.166503131389618
"species_3_contemp_ice_extrap",53.3113192720174,0.167344555258751
"species_3_contemp_ice_extrap",53.5601205022334,0.168193355202675
"species_3_contemp_ice_extrap",53.8089217324494,0.169049561023712
"species_3_contemp_ice_extrap",54.0577229626655,0.169913217425346
"species_3_contemp_ice_extrap",54.3065241928815,0.170784384012222
"species_3_contemp_ice_extrap",54.5553254230975,0.171663135290146
"species_3_contemp_ice_extrap",54.8041266533135,0.17254950106144
"species_3_contemp_ice_extrap",55.0529278835296,0.173443555831909
"species_3_contemp_ice_extrap",55.3017291137456,0.174345314502716
"species_3_contemp_ice_extrap",55.5505303439616,0.175254881381989
"species_3_contemp_ice_extrap",55.7993315741776,0.176172271370888
"species_3_contemp_ice_extrap",56.0481328043937,0.177097573876381
"species_3_contemp_ice_extrap",56.2969340346097,0.17803081870079
"species_3_contemp_ice_extrap",56.5457352648257,0.178972065448761
"species_3_contemp_ice_extrap",56.7945364950418,0.179921388626099
"species_3_contemp_ice_extrap",57.0433377252578,0.180878832936287
"species_3_contemp_ice_extrap",57.2921389554738,0.181844443082809
"species_3_contemp_ice_extrap",57.5409401856898,0.182818293571472
"species_3_contemp_ice_extrap",57.7897414159059,0.183819591999054
"species_3_contemp_ice_extrap",58.0385426461219,0.184942081570625
"species_3_contemp_ice_extrap",58.2873438763379,0.186246618628502
"species_3_contemp_ice_extrap",58.5361451065539,0.187562569975853
"species_3_contemp_ice_extrap",58.78494633677,0.188889995217323
"species_3_contemp_ice_extrap",59.033747566986,0.19022898375988
"species_3_contemp_ice_extrap",59.282548797202,0.191579580307007
"species_3_contemp_ice_extrap",59.531350027418,0.192941904067993
"species_3_contemp_ice_extrap",59.780151257634,0.194316029548645
"species_3_contemp_ice_extrap",60.0289524878501,0.195702016353607
"species_3_contemp_ice_extrap",60.2777537180661,0.197099938988686
"species_3_contemp_ice_extrap",60.5265549482821,0.198509901762009
"species_3_contemp_ice_extrap",60.7753561784982,0.199931964278221
"species_3_contemp_ice_extrap",61.0241574087142,0.201366201043129
"species_3_contemp_ice_extrap",61.2729586389302,0.202812686562538
"species_3_contemp_ice_extrap",61.5217598691462,0.204271510243416
"species_3_contemp_ice_extrap",61.7705610993623,0.205742761492729
"species_3_contemp_ice_extrap",62.0193623295783,0.207226485013962
"species_3_contemp_ice_extrap",62.2681635597943,0.208722770214081
"species_3_contemp_ice_extrap",62.5169647900103,0.210231691598892
"species_3_contemp_ice_extrap",62.7657660202264,0.211753338575363
"species_3_contemp_ice_extrap",63.0145672504424,0.2132877856493
"species_3_contemp_ice_extrap",63.2633684806584,0.214835062623024
"species_3_contemp_ice_extrap",63.5121697108744,0.216395288705826
"species_3_contemp_ice_extrap",63.7609709410905,0.217968538403511
"species_3_contemp_ice_extrap",64.0097721713065,0.219554871320724
"species_3_contemp_ice_extrap",64.2585734015225,0.221154361963272
"species_3_contemp_ice_extrap",64.5073746317385,0.222767069935799
"species_3_contemp_ice_extrap",64.7561758619546,0.224393025040627
"species_3_contemp_ice_extrap",65.0049770921706,0.22603240609169
"species_3_contemp_ice_extrap",65.2537783223866,0.22768522799015
"species_3_contemp_ice_extrap",65.5025795526027,0.229351550340652
"species_3_contemp_ice_extrap",65.7513807828187,0.231031462550163
"species_3_contemp_ice_extrap",66.0001820130347,0.232725009322166
"species_3_contemp_ice_extrap",66.2489832432507,0.234432250261307
"species_3_contemp_ice_extrap",66.4977844734668,0.236153289675713
"species_3_contemp_ice_extrap",66.7465857036828,0.237888097763062
"species_3_contemp_ice_extrap",66.9953869338988,0.23963688313961
"species_3_contemp_ice_extrap",67.2441881641148,0.241399616003036
"species_3_contemp_ice_extrap",67.4929893943309,0.243176385760307
"species_3_contemp_ice_extrap",67.7417906245469,0.244967252016068
"species_3_contemp_ice_extrap",67.9905918547629,0.246772259473801
"species_3_contemp_ice_extrap",68.2393930849789,0.248591482639313
"species_3_contemp_ice_extrap",68.488194315195,0.250424951314926
"species_3_contemp_ice_extrap",68.736995545411,0.252272725105286
"species_3_contemp_ice_extrap",68.985796775627,0.254134893417358
"species_3_contemp_ice_extrap",69.234598005843,0.256011515855789
"species_3_contemp_ice_extrap",69.4833992360591,0.2579026222229
"species_3_contemp_ice_extrap",69.7322004662751,0.259808242321014
"species_3_contemp_ice_extrap",69.9810016964911,0.261728465557098
"species_3_contemp_ice_extrap",70.2298029267072,0.263663321733475
"species_3_contemp_ice_extrap",70.4786041569232,0.265612840652466
"species_3_contemp_ice_extrap",70.7274053871392,0.267577022314072
"species_3_contemp_ice_extrap",70.9762066173552,0.269556045532227
"species_3_contemp_ice_extrap",71.2250078475712,0.271549880504608
"species_3_contemp_ice_extrap",71.4738090777873,0.273558557033539
"species_3_contemp_ice_extrap",71.7226103080033,0.275582104921341
"species_3_contemp_ice_extrap",71.9714115382193,0.277620613574982
"species_3_contemp_ice_extrap",72.2202127684353,0.279674053192139
"species_3_contemp_ice_extrap",72.4690139986514,0.281742513179779
"species_3_contemp_ice_extrap",72.7178152288674,0.283825904130936
"species_3_contemp_ice_extrap",72.9666164590834,0.285924434661865
"species_3_contemp_ice_extrap",73.2154176892994,0.288038015365601
"species_3_contemp_ice_extrap",73.4642189195155,0.290166735649109
"species_3_contemp_ice_extrap",73.7130201497315,0.292310565710068
"species_3_contemp_ice_extrap",73.9618213799475,0.2944695353508
"species_3_contemp_ice_extrap",74.2106226101636,0.296643704175949
"species_3_contemp_ice_extrap",74.4594238403796,0.298833042383194
"species_3_contemp_ice_extrap",74.7082250705956,0.301037490367889
"species_3_contemp_ice_extrap",74.9570263008116,0.30325722694397
"species_3_contemp_ice_extrap",75.2058275310277,0.30549219250679
"species_3_contemp_ice_extrap",75.4546287612437,0.307742387056351
"species_3_contemp_ice_extrap",75.7034299914597,0.310007810592651
"species_3_contemp_ice_extrap",75.9522312216757,0.312288463115692
"species_3_contemp_ice_extrap",76.2010324518918,0.314584344625473
"species_3_contemp_ice_extrap",76.4498336821078,0.316895455121994
"species_3_contemp_ice_extrap",76.6986349123238,0.31922173500061
"species_3_contemp_ice_extrap",76.9474361425398,0.321563273668289
"species_3_contemp_ice_extrap",77.1962373727559,0.323920011520386
"species_3_contemp_ice_extrap",77.4450386029719,0.326291978359222
"species_3_contemp_ice_extrap",77.6938398331879,0.328679084777832
"species_3_contemp_ice_extrap",77.9426410634039,0.331081330776215
"species_3_contemp_ice_extrap",78.19144229362,0.33349871635437
"species_3_contemp_ice_extrap",78.440243523836,0.335931211709976
"species_3_contemp_ice_extrap",78.689044754052,0.338378697633743
"species_3_contemp_ice_extrap",78.937845984268,0.340841293334961
"species_3_contemp_ice_extrap",79.1866472144841,0.343318909406662
"species_3_contemp_ice_extrap",79.4354484447001,0.345811456441879
"species_3_contemp_ice_extrap",79.6842496749161,0.348318964242935
"species_3_contemp_ice_extrap",79.9330509051321,0.35084131360054
"species_3_contemp_ice_extrap",80.1818521353482,0.353378534317017
"species_3_contemp_ice_extrap",80.4306533655642,0.355930507183075
"species_3_contemp_ice_extrap",80.6794545957802,0.358497112989426
"species_3_contemp_ice_extrap",80.9282558259963,0.361078470945358
"species_3_contemp_ice_extrap",81.1770570562123,0.363674432039261
"species_3_contemp_ice_extrap",81.4258582864283,0.366284936666489
"species_3_contemp_ice_extrap",81.6746595166443,0.368909895420074
"species_3_contemp_ice_extrap",81.9234607468604,0.371549248695374
"species_3_contemp_ice_extrap",82.1722619770764,0.374202907085419
"species_3_contemp_ice_extrap",82.4210632072924,0.376870810985565
"species_3_contemp_ice_extrap",82.6698644375084,0.379552781581879
"species_3_contemp_ice_extrap",82.9186656677245,0.382248878479004
"species_3_contemp_ice_extrap",83.1674668979405,0.384958982467651
"species_3_contemp_ice_extrap",83.4162681281565,0.387682944536209
"species_3_contemp_ice_extrap",83.6650693583725,0.39042067527771
"species_3_contemp_ice_extrap",83.9138705885886,0.393172085285187
"species_3_contemp_ice_extrap",84.1626718188046,0.39593705534935
"species_3_contemp_ice_extrap",84.4114730490206,0.39871546626091
"species_3_contemp_ice_extrap",84.6602742792366,0.401507169008255
"species_3_contemp_ice_extrap",84.9090755094527,0.404312133789062
"species_3_contemp_ice_extrap",85.1578767396687,0.407130241394043
"species_3_contemp_ice_extrap",85.4066779698847,0.40996128320694
"species_3_contemp_ice_extrap",85.6554792001007,0.412805199623108
"species_3_contemp_ice_extrap",85.9042804303168,0.415661811828613
"species_3_contemp_ice_extrap",86.1530816605328,0.418530970811844
"species_3_contemp_ice_extrap",86.4018828907488,0.42141255736351
"species_3_contemp_ice_extrap",86.6506841209648,0.424306333065033
"species_3_contemp_ice_extrap",86.8994853511809,0.427212357521057
"species_3_contemp_ice_extrap",87.1482865813969,0.430130302906036
"species_3_contemp_ice_extrap",87.3970878116129,0.433060079813004
"species_3_contemp_ice_extrap",87.645889041829,0.436001509428024
"species_3_contemp_ice_extrap",87.894690272045,0.438954442739487
"species_3_contemp_ice_extrap",88.143491502261,0.441918641328812
"species_3_contemp_ice_extrap",88.392292732477,0.444894015789032
"species_3_contemp_ice_extrap",88.641093962693,0.447880208492279
"species_3_contemp_ice_extrap",88.8898951929091,0.45087730884552
"species_3_contemp_ice_extrap",89.1386964231251,0.453884959220886
"species_3_contemp_ice_extrap",89.3874976533411,0.456903040409088
"species_3_contemp_ice_extrap",89.6362988835572,0.459931284189224
"species_3_contemp_ice_extrap",89.8851001137732,0.462969541549683
"species_3_contemp_ice_extrap",90.1339013439892,0.466017603874207
"species_3_contemp_ice_extrap",90.3827025742052,0.469075232744217
"species_3_contemp_ice_extrap",90.6315038044213,0.472142159938812
"species_3_contemp_ice_extrap",90.8803050346373,0.47521835565567
"species_3_contemp_ice_extrap",91.1291062648533,0.478303492069244
"species_3_contemp_ice_extrap",91.3779074950693,0.481397330760956
"species_3_contemp_ice_extrap",91.6267087252854,0.484499663114548
"species_3_contemp_ice_extrap",91.8755099555014,0.487610280513763
"species_3_contemp_ice_extrap",92.1243111857174,0.490728944540024
"species_3_contemp_ice_extrap",92.3731124159334,0.493855386972427
"species_3_contemp_ice_extrap",92.6219136461495,0.496989279985428
"species_3_contemp_ice_extrap",92.8707148763655,0.500130593776703
"species_3_contemp_ice_extrap",93.1195161065815,0.503278970718384
"species_3_contemp_ice_extrap",93.3683173367976,0.506434202194214
"species_3_contemp_ice_extrap",93.6171185670136,0.509595930576324
"species_3_contemp_ice_extrap",93.8659197972296,0.512763977050781
"species_3_contemp_ice_extrap",94.1147210274456,0.515938103199005
"species_3_contemp_ice_extrap",94.3635222576617,0.519118010997772
"species_3_contemp_ice_extrap",94.6123234878777,0.522303283214569
"species_3_contemp_ice_extrap",94.8611247180937,0.525493919849396
"species_3_contemp_ice_extrap",95.1099259483097,0.528689563274384
"species_3_contemp_ice_extrap",95.3587271785258,0.531889855861664
"species_3_contemp_ice_extrap",95.6075284087418,0.535094618797302
"species_3_contemp_ice_extrap",95.8563296389578,0.53830349445343
"species_3_contemp_ice_extrap",96.1051308691738,0.541516244411469
"species_3_contemp_ice_extrap",96.3539320993899,0.544732511043549
"species_3_contemp_ice_extrap",96.6027333296059,0.547951996326447
"species_3_contemp_ice_extrap",96.8515345598219,0.551174581050873
"species_3_contemp_ice_extrap",97.100335790038,0.554399907588959
"species_3_contemp_ice_extrap",97.349137020254,0.557627558708191
"species_3_contemp_ice_extrap",97.59793825047,0.560857355594635
"species_3_contemp_ice_extrap",97.846739480686,0.564089000225067
"species_3_contemp_ice_extrap",98.095540710902,0.567322134971619
"species_3_contemp_ice_extrap",98.3443419411181,0.570556461811066
"species_3_contemp_ice_extrap",98.5931431713341,0.57379162311554
"species_3_contemp_ice_extrap",98.8419444015501,0.577027440071106
"species_3_contemp_ice_extrap",99.0907456317662,0.580263614654541
"species_3_contemp_ice_extrap",99.3395468619822,0.583499729633331
"species_3_contemp_ice_extrap",99.5883480921982,0.586735606193542
"species_3_contemp_ice_extrap",99.8371493224142,0.589970767498016
"species_3_contemp_ice_extrap",100.08595055263,0.593205034732819
"species_3_contemp_ice_extrap",100.334751782846,0.596438050270081
"species_3_contemp_ice_extrap",100.583553013062,0.599669396877289
"species_3_contemp_ice_extrap",100.832354243278,0.602899014949799
"species_3_contemp_ice_extrap",101.081155473494,0.606126427650452
"species_3_contemp_ice_extrap",101.32995670371,0.609351336956024
"species_3_contemp_ice_extrap",101.578757933926,0.612573444843292
"species_3_contemp_ice_extrap",101.827559164142,0.615792393684387
"species_3_contemp_ice_extrap",102.076360394358,0.61900794506073
"species_3_contemp_ice_extrap",102.325161624574,0.622219741344452
"species_3_contemp_ice_extrap",102.573962854791,0.62542736530304
"species_3_contemp_ice_extrap",102.822764085007,0.628630757331848
"species_3_contemp_ice_extrap",103.071565315223,0.631829380989075
"species_3_contemp_ice_extrap",103.320366545439,0.63502311706543
"species_3_contemp_ice_extrap",103.569167775655,0.638211488723755
"species_3_contemp_ice_extrap",103.817969005871,0.641394257545471
"species_3_contemp_ice_extrap",104.066770236087,0.64457106590271
"species_3_contemp_ice_extrap",104.315571466303,0.64562863111496
"species_3_contemp_ice_extrap",104.564372696519,0.64562863111496
"species_3_contemp_ice_extrap",104.813173926735,0.64562863111496
"species_3_contemp_ice_extrap",105.061975156951,0.64562863111496
"species_3_contemp_ice_extrap",105.310776387167,0.64562863111496
"species_3_contemp_ice_extrap",105.559577617383,0.64562863111496
"species_3_contemp_ice_extrap",105.808378847599,0.64562863111496
"species_3_contemp_ice_extrap",106.057180077815,0.64562863111496
"species_3_contemp_ice_extrap",106.305981308031,0.64562863111496
"species_3_contemp_ice_extrap",106.554782538247,0.64562863111496
"species_3_contemp_ice_extrap",106.803583768463,0.64562863111496
"species_3_contemp_ice_extrap",107.052384998679,0.64562863111496
"species_3_contemp_ice_extrap",107.301186228895,0.64562863111496
"species_3_contemp_ice_extrap",107.549987459111,0.64562863111496
"species_3_contemp_ice_extrap",107.798788689327,0.64562863111496
"species_3_contemp_ice_extrap",108.047589919543,0.64562863111496
"species_3_contemp_ice_extrap",108.296391149759,0.64562863111496
"species_3_contemp_ice_extrap",108.545192379975,0.64562863111496
"species_3_contemp_ice_extrap",108.793993610191,0.64562863111496
"species_3_contemp_ice_extrap",109.042794840407,0.64562863111496
"species_3_contemp_ice_extrap",109.291596070623,0.64562863111496
"species_3_contemp_ice_extrap",109.540397300839,0.64562863111496
"species_3_contemp_ice_extrap",109.789198531055,0.64562863111496
"species_3_contemp_ice_extrap",110.037999761271,0.64562863111496
"species_3_contemp_ice_extrap",110.286800991487,0.64562863111496
"species_3_contemp_ice_extrap",110.535602221703,0.64562863111496
"species_3_contemp_ice_extrap",110.784403451919,0.64562863111496
"species_3_contemp_ice_extrap",111.033204682135,0.64562863111496
"species_3_contemp_ice_extrap",111.282005912351,0.64562863111496
"species_3_contemp_ice_extrap",111.530807142567,0.64562863111496
"species_3_contemp_ice_extrap",111.779608372783,0.64562863111496
"species_3_contemp_ice_extrap",112.028409602999,0.64562863111496
"species_3_contemp_ice_extrap",112.277210833216,0.64562863111496
"species_3_contemp_ice_extrap",112.526012063432,0.64562863111496
"species_3_contemp_ice_extrap",112.774813293648,0.64562863111496
"species_3_contemp_ice_extrap",113.023614523864,0.64562863111496
"species_3_contemp_ice_extrap",113.27241575408,0.64562863111496
"species_3_contemp_ice_extrap",113.521216984296,0.64562863111496
"species_3_contemp_ice_extrap",113.770018214512,0.64562863111496
"species_3_contemp_ice_extrap",114.018819444728,0.64562863111496
"species_3_contemp_ice_extrap",114.267620674944,0.64562863111496
"species_3_contemp_ice_extrap",114.51642190516,0.64562863111496
"species_3_fetch_only",-7213.11907348633,0.871726989746094
"species_3_fetch_only",-7024.74874550781,0.871726989746094
"species_3_fetch_only",-6836.3784175293,0.871726989746094
"species_3_fetch_only",-6648.00808955078,0.871726989746094
"species_3_fetch_only",-6459.63776157227,0.871726989746094
"species_3_fetch_only",-6271.26743359375,0.871726989746094
"species_3_fetch_only",-6082.89710561523,0.871726989746094
"species_3_fetch_only",-5894.52677763672,0.871726989746094
"species_3_fetch_only",-5706.1564496582,0.871726989746094
"species_3_fetch_only",-5517.78612167969,0.871726989746094
"species_3_fetch_only",-5329.41579370117,0.871726989746094
"species_3_fetch_only",-5141.04546572266,0.871726989746094
"species_3_fetch_only",-4952.67513774414,0.871726989746094
"species_3_fetch_only",-4764.30480976562,0.871726989746094
"species_3_fetch_only",-4575.93448178711,0.871726989746094
"species_3_fetch_only",-4387.56415380859,0.871726989746094
"species_3_fetch_only",-4199.19382583008,0.871726989746094
"species_3_fetch_only",-4010.82349785156,0.871726989746094
"species_3_fetch_only",-3822.45316987305,0.871726989746094
"species_3_fetch_only",-3634.08284189453,0.871726989746094
"species_3_fetch_only",-3445.71251391602,0.871726989746094
"species_3_fetch_only",-3257.3421859375,0.871726989746094
"species_3_fetch_only",-3068.97185795898,0.871726989746094
"species_3_fetch_only",-2880.60152998047,0.871726989746094
"species_3_fetch_only",-2692.23120200195,0.871726989746094
"species_3_fetch_only",-2503.86087402344,0.871726989746094
"species_3_fetch_only",-2315.49054604492,0.871726989746094
"species_3_fetch_only",-2127.12021806641,0.871726989746094
"species_3_fetch_only",-1938.74989008789,0.871726989746094
"species_3_fetch_only",-1750.37956210938,0.871726989746094
"species_3_fetch_only",-1562.00923413086,0.871726989746094
"species_3_fetch_only",-1373.63890615234,0.871726989746094
"species_3_fetch_only",-1185.26857817383,0.871726989746094
"species_3_fetch_only",-996.898250195311,0.871726989746094
"species_3_fetch_only",-808.527922216796,0.871726989746094
"species_3_fetch_only",-620.157594238281,0.871726989746094
"species_3_fetch_only",-431.787266259766,0.871726989746094
"species_3_fetch_only",-243.41693828125,0.871726989746094
"species_3_fetch_only",-55.0466103027338,0.871726989746094
"species_3_fetch_only",133.323717675781,0.871726989746094
"species_3_fetch_only",321.694045654297,0.871726989746094
"species_3_fetch_only",510.064373632814,0.871726989746094
"species_3_fetch_only",698.434701611329,0.89022958278656
"species_3_fetch_only",886.805029589845,0.90855073928833
"species_3_fetch_only",1075.17535756836,0.904294013977051
"species_3_fetch_only",1263.54568554688,0.899861037731171
"species_3_fetch_only",1451.91601352539,0.895246505737305
"species_3_fetch_only",1640.28634150391,0.890445172786713
"species_3_fetch_only",1828.65666948242,0.885451972484589
"species_3_fetch_only",2017.02699746094,0.880337595939636
"species_3_fetch_only",2205.39732543946,0.875068485736847
"species_3_fetch_only",2393.76765341797,0.869601666927338
"species_3_fetch_only",2582.13798139648,0.863932907581329
"species_3_fetch_only",2770.508309375,0.858057916164398
"species_3_fetch_only",2958.87863735352,0.851972699165344
"species_3_fetch_only",3147.24896533203,0.845673561096191
"species_3_fetch_only",3335.61929331055,0.839156925678253
"species_3_fetch_only",3523.98962128906,0.832419693470001
"species_3_fetch_only",3712.35994926758,0.825458943843842
"species_3_fetch_only",3900.7302772461,0.818272173404694
"species_3_fetch_only",4089.10060522461,0.81085729598999
"species_3_fetch_only",4277.47093320313,0.803212642669678
"species_3_fetch_only",4465.84126118164,0.795337021350861
"species_3_fetch_only",4654.21158916016,0.787229657173157
"species_3_fetch_only",4842.58191713867,0.778890430927277
"species_3_fetch_only",5030.95224511719,0.770319759845734
"species_3_fetch_only",5219.32257309571,0.7615185379982
"species_3_fetch_only",5407.69290107422,0.752488434314728
"species_3_fetch_only",5596.06322905274,0.74323171377182
"species_3_fetch_only",5784.43355703125,0.73375129699707
"species_3_fetch_only",5972.80388500977,0.724050760269165
"species_3_fetch_only",6161.17421298828,0.714134514331818
"species_3_fetch_only",6349.5445409668,0.704007625579834
"species_3_fetch_only",6537.91486894531,0.693675816059113
"species_3_fetch_only",6726.28519692383,0.683145761489868
"species_3_fetch_only",6914.65552490235,0.672424614429474
"species_3_fetch_only",7103.02585288086,0.661520421504974
"species_3_fetch_only",7291.39618085938,0.650442004203796
"species_3_fetch_only",7479.76650883789,0.63919872045517
"species_3_fetch_only",7668.13683681641,0.627800762653351
"species_3_fetch_only",7856.50716479492,0.616258859634399
"species_3_fetch_only",8044.87749277344,0.604584515094757
"species_3_fetch_only",8233.24782075196,0.592789649963379
"species_3_fetch_only",8421.61814873047,0.580886900424957
"species_3_fetch_only",8609.98847670899,0.568889200687408
"species_3_fetch_only",8798.3588046875,0.556810140609741
"species_3_fetch_only",8986.72913266602,0.544663488864899
"species_3_fetch_only",9175.09946064453,0.532463490962982
"species_3_fetch_only",9363.46978862305,0.520224511623383
"species_3_fetch_only",9551.84011660156,0.507961273193359
"species_3_fetch_only",9740.21044458008,0.495688438415527
"species_3_fetch_only",9928.5807725586,0.483420699834824
"species_3_fetch_only",10116.9511005371,0.471172988414764
"species_3_fetch_only",10305.3214285156,0.45895990729332
"species_3_fetch_only",10493.6917564941,0.446795910596848
"species_3_fetch_only",10682.0620844727,0.434695243835449
"species_3_fetch_only",10870.4324124512,0.422671943902969
"species_3_fetch_only",11058.8027404297,0.410739570856094
"species_3_fetch_only",11247.1730684082,0.39891129732132
"species_3_fetch_only",11435.5433963867,0.387199848890305
"species_3_fetch_only",11623.9137243652,0.375617295503616
"species_3_fetch_only",11812.2840523438,0.364175379276276
"species_3_fetch_only",12000.6543803223,0.352885007858276
"species_3_fetch_only",12189.0247083008,0.341756552457809
"species_3_fetch_only",12377.3950362793,0.330799549818039
"species_3_fetch_only",12565.7653642578,0.320023119449615
"species_3_fetch_only",12754.1356922363,0.309435427188873
"species_3_fetch_only",12942.5060202148,0.299727857112885
"species_3_fetch_only",13130.8763481934,0.292300552129745
"species_3_fetch_only",13319.2466761719,0.286853402853012
"species_3_fetch_only",13507.6170041504,0.281975299119949
"species_3_fetch_only",13695.9873321289,0.277771890163422
"species_3_fetch_only",13884.3576601074,0.274160832166672
"species_3_fetch_only",14072.7279880859,0.270579129457474
"species_3_fetch_only",14261.0983160645,0.267026990652084
"species_3_fetch_only",14449.468644043,0.263504683971405
"species_3_fetch_only",14637.8389720215,0.260012328624725
"species_3_fetch_only",14826.2093,0.256550133228302
"species_3_fetch_only",15014.5796279785,0.253118276596069
"species_3_fetch_only",15202.949955957,0.249716892838478
"species_3_fetch_only",15391.3202839355,0.246346160769463
"species_3_fetch_only",15579.6906119141,0.243006184697151
"species_3_fetch_only",15768.0609398926,0.239697098731995
"species_3_fetch_only",15956.4312678711,0.236418977379799
"species_3_fetch_only",16144.8015958496,0.233171954751015
"species_3_fetch_only",16333.1719238281,0.229956105351448
"species_3_fetch_only",16521.5422518066,0.226771458983421
"species_3_fetch_only",16709.9125797852,0.223618149757385
"species_3_fetch_only",16898.2829077637,0.220496162772179
"species_3_fetch_only",17086.6532357422,0.217405572533607
"species_3_fetch_only",17275.0235637207,0.214346364140511
"species_3_fetch_only",17463.3938916992,0.211318582296371
"species_3_fetch_only",17651.7642196777,0.208322256803513
"species_3_fetch_only",17840.1345476562,0.205357328057289
"species_3_fetch_only",18028.5048756348,0.202423840761185
"species_3_fetch_only",18216.8752036133,0.199521690607071
"species_3_fetch_only",18405.2455315918,0.19665090739727
"species_3_fetch_only",18593.6158595703,0.193811446428299
"species_3_fetch_only",18781.9861875488,0.19100321829319
"species_3_fetch_only",18970.3565155273,0.18822617828846
"species_3_fetch_only",19158.7268435059,0.185480281710625
"species_3_fetch_only",19347.0971714844,0.182765394449234
"species_3_fetch_only",19535.4674994629,0.180081486701965
"species_3_fetch_only",19723.8378274414,0.177428409457207
"species_3_fetch_only",19912.2081554199,0.174806088209152
"species_3_fetch_only",20100.5784833984,0.172214433550835
"species_3_fetch_only",20288.948811377,0.16965326666832
"species_3_fetch_only",20477.3191393555,0.167122542858124
"species_3_fetch_only",20665.689467334,0.16462205350399
"species_3_fetch_only",20854.0597953125,0.162151694297791
"species_3_fetch_only",21042.430123291,0.159711346030235
"species_3_fetch_only",21230.8004512695,0.157300800085068
"species_3_fetch_only",21419.170779248,0.15491995215416
"species_3_fetch_only",21607.5411072266,0.152568593621254
"species_3_fetch_only",21795.9114352051,0.150246575474739
"species_3_fetch_only",21984.2817631836,0.147953748703003
"species_3_fetch_only",22172.6520911621,0.145689889788628
"species_3_fetch_only",22361.0224191406,0.143454864621162
"species_3_fetch_only",22549.3927471191,0.141248434782028
"species_3_fetch_only",22737.7630750977,0.139070436358452
"species_3_fetch_only",22926.1334030762,0.136920690536499
"species_3_fetch_only",23114.5037310547,0.134798943996429
"species_3_fetch_only",23302.8740590332,0.132705017924309
"species_3_fetch_only",23491.2443870117,0.130638733506203
"species_3_fetch_only",23679.6147149902,0.128599837422371
"species_3_fetch_only",23867.9850429688,0.126588135957718
"species_3_fetch_only",24056.3553709473,0.124603390693665
"species_3_fetch_only",24244.7256989258,0.122645393013954
"species_3_fetch_only",24433.0960269043,0.120713941752911
"species_3_fetch_only",24621.4663548828,0.118808768689632
"species_3_fetch_only",24809.8366828613,0.116929680109024
"species_3_fetch_only",24998.2070108398,0.115076415240765
"species_3_fetch_only",25186.5773388184,0.113248758018017
"species_3_fetch_only",25374.9476667969,0.111446492373943
"species_3_fetch_only",25563.3179947754,0.109669335186481
"species_3_fetch_only",25751.6883227539,0.107917100191116
"species_3_fetch_only",25940.0586507324,0.106189504265785
"species_3_fetch_only",26128.4289787109,0.10448631644249
"species_3_fetch_only",26316.7993066895,0.102807328104973
"species_3_fetch_only",26505.169634668,0.101152256131172
"species_3_fetch_only",26693.5399626465,0.0995208919048309
"species_3_fetch_only",26881.910290625,0.0979129523038864
"species_3_fetch_only",27070.2806186035,0.0963282138109207
"species_3_fetch_only",27258.650946582,0.0947664380073547
"species_3_fetch_only",27447.0212745606,0.0932273641228676
"species_3_fetch_only",27635.3916025391,0.0917107537388802
"species_3_fetch_only",27823.7619305176,0.090216375887394
"species_3_fetch_only",28012.1322584961,0.0887439474463463
"species_3_fetch_only",28200.5025864746,0.087293267250061
"species_3_fetch_only",28388.8729144531,0.0858640447258949
"species_3_fetch_only",28577.2432424317,0.0844560638070107
"species_3_fetch_only",28765.6135704102,0.0830690860748291
"species_3_fetch_only",28953.9838983887,0.0817028358578682
"species_3_fetch_only",29142.3542263672,0.0803571045398712
"species_3_fetch_only",29330.7245543457,0.0790316164493561
"species_3_fetch_only",29519.0948823242,0.0777261406183243
"species_3_fetch_only",29707.4652103027,0.0764404535293579
"species_3_fetch_only",29895.8355382813,0.0751742944121361
"species_3_fetch_only",30084.2058662598,0.0739274322986603
"species_3_fetch_only",30272.5761942383,0.0726996213197708
"species_3_fetch_only",30460.9465222168,0.0714906230568886
"species_3_fetch_only",30649.3168501953,0.0703002139925957
"species_3_fetch_only",30837.6871781738,0.0691281482577324
"species_3_fetch_only",31026.0575061523,0.0679742023348808
"species_3_fetch_only",31214.4278341309,0.0668381229043007
"species_3_fetch_only",31402.7981621094,0.0657196938991547
"species_3_fetch_only",31591.1684900879,0.0646186918020248
"species_3_fetch_only",31779.5388180664,0.0635348781943321
"species_3_fetch_only",31967.9091460449,0.0624680295586586
"species_3_fetch_only",32156.2794740234,0.0614179149270058
"species_3_fetch_only",32344.649802002,0.060384314507246
"species_3_fetch_only",32533.0201299805,0.0593670196831226
"species_3_fetch_only",32721.390457959,0.0583657883107662
"species_3_fetch_only",32909.7607859375,0.0573804117739201
"species_3_fetch_only",33098.131113916,0.0564106777310371
"species_3_fetch_only",33286.5014418945,0.0554563850164414
"species_3_fetch_only",33474.8717698731,0.0545172840356827
"species_3_fetch_only",33663.2420978516,0.0535931810736656
"species_3_fetch_only",33851.6124258301,0.052683874964714
"species_3_fetch_only",34039.9827538086,0.0517891496419907
"species_3_fetch_only",34228.3530817871,0.0509088188409805
"species_3_fetch_only",34416.7234097656,0.0500426478683949
"species_3_fetch_only",34605.0937377441,0.0491904504597187
"species_3_fetch_only",34793.4640657227,0.048352025449276
"species_3_fetch_only",34981.8343937012,0.0475271753966808
"species_3_fetch_only",35170.2047216797,0.0467157252132893
"species_3_fetch_only",35358.5750496582,0.0459174402058124
"species_3_fetch_only",35546.9453776367,0.0451321564614773
"species_3_fetch_only",35735.3157056152,0.0443596765398979
"species_3_fetch_only",35923.6860335938,0.0435998141765594
"species_3_fetch_only",36112.0563615723,0.0428523980081081
"species_3_fetch_only",36300.4266895508,0.042117215692997
"species_3_fetch_only",36488.7970175293,0.0413941033184528
"species_3_fetch_only",36677.1673455078,0.0406828746199608
"species_3_fetch_only",36865.5376734863,0.0399833619594574
"species_3_fetch_only",37053.9080014648,0.0392953939735889
"species_3_fetch_only",37242.2783294434,0.0386187732219696
"species_3_fetch_only",37430.6486574219,0.0379533469676971
"species_3_fetch_only",37619.0189854004,0.0372989363968372
"species_3_fetch_only",37807.3893133789,0.036655381321907
"species_3_fetch_only",37995.7596413574,0.0360225290060043
"species_3_fetch_only",38184.129969336,0.0354001894593239
"species_3_fetch_only",38372.5002973145,0.0347882136702538
"species_3_fetch_only",38560.870625293,0.0341864377260208
"species_3_fetch_only",38749.2409532715,0.0335947126150131
"species_3_fetch_only",38937.61128125,0.033012893050909
"species_3_fetch_only",39125.9816092285,0.032440796494484
"species_3_fetch_only",39314.351937207,0.0318782888352871
"species_3_fetch_only",39502.7222651855,0.0313252210617065
"species_3_fetch_only",39691.0925931641,0.0307814404368401
"species_3_fetch_only",39879.4629211426,0.0302468053996563
"species_3_fetch_only",40067.8332491211,0.0297211818397045
"species_3_fetch_only",40256.2035770996,0.0292044077068567
"species_3_fetch_only",40444.5739050781,0.0286963526159525
"species_3_fetch_only",40632.9442330567,0.0281968805938959
"species_3_fetch_only",40821.3145610352,0.0277058519423008
"species_3_fetch_only",41009.6848890137,0.0272231455892324
"species_3_fetch_only",41198.0552169922,0.0267486087977886
"species_3_fetch_only",41386.4255449707,0.0262821204960346
"species_3_fetch_only",41574.7958729492,0.02582355029881
"species_3_fetch_only",41763.1662009277,0.0253727734088898
"species_3_fetch_only",41951.5365289063,0.0249296743422747
"species_3_fetch_only",42139.9068568848,0.024494107812643
"species_3_fetch_only",42328.2771848633,0.0240659639239311
"species_3_fetch_only",42516.6475128418,0.0236451234668493
"species_3_fetch_only",42705.0178408203,0.0232314672321081
"species_3_fetch_only",42893.3881687988,0.0228248853236437
"species_3_fetch_only",43081.7584967774,0.0224252492189407
"species_3_fetch_only",43270.1288247559,0.0220324508845806
"species_3_fetch_only",43458.4991527344,0.0216463804244995
"species_3_fetch_only",43646.8694807129,0.0212669298052788
"species_3_fetch_only",43835.2398086914,0.02089399471879
"species_3_fetch_only",44023.6101366699,0.0205274559557438
"species_3_fetch_only",44211.9804646484,0.0201672129333019
"species_3_fetch_only",44400.350792627,0.0198131650686264
"species_3_fetch_only",44588.7211206055,0.019465209916234
"species_3_fetch_only",44777.091448584,0.0191232524812222
"species_3_fetch_only",44965.4617765625,0.0187871810048819
"species_3_fetch_only",45153.832104541,0.0184569042176008
"species_3_fetch_only",45342.2024325195,0.0181323271244764
"species_3_fetch_only",45530.5727604981,0.0178133528679609
"species_3_fetch_only",45718.9430884766,0.0174998976290226
"species_3_fetch_only",45907.3134164551,0.0171918533742428
"species_3_fetch_only",46095.6837444336,0.0168891400098801
"species_3_fetch_only",46284.0540724121,0.0165916662663221
"species_3_fetch_only",46472.4244003906,0.0162993464618921
"species_3_fetch_only",46660.7947283691,0.0160120967775583
"species_3_fetch_only",46849.1650563477,0.0157298240810633
"species_3_fetch_only",47037.5353843262,0.0154524482786655
"species_3_fetch_only",47225.9057123047,0.0151798892766237
"species_3_fetch_only",47414.2760402832,0.0149120641872287
"species_3_fetch_only",47602.6463682617,0.0146489003673196
"species_3_fetch_only",47791.0166962402,0.0143903065472841
"species_3_fetch_only",47979.3870242188,0.0141362128779292
"species_3_fetch_only",48167.7573521973,0.0138865429908037
"species_3_fetch_only",48356.1276801758,0.0136412205174565
"species_3_fetch_only",48544.4980081543,0.0134001793339849
"species_3_fetch_only",48732.8683361328,0.0131633346900344
"species_3_fetch_only",48921.2386641113,0.0129306213930249
"species_3_fetch_only",49109.6089920899,0.0127019695937634
"species_3_fetch_only",49297.9793200684,0.0124773103743792
"species_3_fetch_only",49486.3496480469,0.0122565748170018
"species_3_fetch_only",49674.7199760254,0.0120397014543414
"species_3_fetch_only",49863.0903040039,0.0118266148492694
"species_3_fetch_only",50051.4606319824,0.011617255397141
"species_3_fetch_only",50239.830959961,0.0114115588366985
"species_3_fetch_only",50428.2012879395,0.0112094637006521
"species_3_fetch_only",50616.571615918,0.0110109113156796
"species_3_fetch_only",50804.9419438965,0.0108158336952329
"species_3_fetch_only",50993.312271875,0.0106241749599576
"species_3_fetch_only",51181.6825998535,0.0104358773678541
"species_3_fetch_only",51370.052927832,0.0102508813142776
"species_3_fetch_only",51558.4232558106,0.0100691355764866
"species_3_fetch_only",51746.7935837891,0.00996020156890154
"species_3_fetch_only",51935.1639117676,0.0098882932215929
"species_3_fetch_only",52123.5342397461,0.00982096791267395
"species_3_fetch_only",52311.9045677246,0.00975569896399975
"species_3_fetch_only",52500.2748957031,0.00969086121767759
"species_3_fetch_only",52688.6452236817,0.00962644908577204
"species_3_fetch_only",52877.0155516602,0.00956246070563793
"species_3_fetch_only",53065.3858796387,0.00949889328330755
"species_3_fetch_only",53253.7562076172,0.00943574495613575
"species_3_fetch_only",53442.1265355957,0.0093730129301548
"species_3_fetch_only",53630.4968635742,0.00931069348007441
"species_3_fetch_only",53818.8671915527,0.00924878381192684
"species_3_fetch_only",54007.2375195313,0.00918728299438953
"species_3_fetch_only",54195.6078475098,0.00912618637084961
"species_3_fetch_only",54383.9781754883,0.00906549487262964
"species_3_fetch_only",54572.3485034668,0.00900520104914904
"species_3_fetch_only",54760.7188314453,0.00894530490040779
"species_3_fetch_only",54949.0891594238,0.00888580363243818
"species_3_fetch_only",55137.4594874024,0.00882669445127249
"species_3_fetch_only",55325.8298153809,0.00876797642558813
"species_3_fetch_only",55514.2001433594,0.00870964396744967
"species_3_fetch_only",55702.5704713379,0.00865169614553452
"species_3_fetch_only",55890.9407993164,0.00859413109719753
"species_3_fetch_only",56079.3111272949,0.00853694509714842
"species_3_fetch_only",56267.6814552734,0.00848013814538717
"species_3_fetch_only",56456.051783252,0.00842370465397835
"species_3_fetch_only",56644.4221112305,0.00836764369159937
"species_3_fetch_only",56832.792439209,0.00831195246428251
"species_3_fetch_only",57021.1627671875,0.00825662910938263
"species_3_fetch_only",57209.533095166,0.00820167176425457
"species_3_fetch_only",57397.9034231445,0.00814707577228546
"species_3_fetch_only",57586.2737511231,0.00809284020215273
"species_3_fetch_only",57774.6440791016,0.00803896319121122
"species_3_fetch_only",57963.0144070801,0.00798544194549322
"species_3_fetch_only",58151.3847350586,0.00793227553367615
"species_3_fetch_only",58339.7550630371,0.00787945929914713
"species_3_fetch_only",58528.1253910156,0.00782699137926102
"species_3_fetch_only",58716.4957189942,0.00777487037703395
"species_3_fetch_only",58904.8660469727,0.0077230934984982
"species_3_fetch_only",59093.2363749512,0.00767165888100863
"species_3_fetch_only",59281.6067029297,0.00762056559324265
"species_3_fetch_only",59469.9770309082,0.0075698085129261
"species_3_fetch_only",59658.3473588867,0.00751938717439771
"species_3_fetch_only",59846.7176868652,0.00746929878368974
"species_3_fetch_only",60035.0880148438,0.00741954194381833
"species_3_fetch_only",60223.4583428223,0.00737011525779963
"species_3_fetch_only",60411.8286708008,0.00732101406902075
"species_3_fetch_only",60600.1989987793,0.00727223744615912
"species_3_fetch_only",60788.5693267578,0.00722378399223089
"species_3_fetch_only",60976.9396547363,0.00717565044760704
"species_3_fetch_only",61165.3099827148,0.00712783681228757
"species_3_fetch_only",61353.6803106934,0.00708033796399832
"species_3_fetch_only",61542.0506386719,0.00703315390273929
"species_3_fetch_only",61730.4209666504,0.00698628183454275
"species_3_fetch_only",61918.7912946289,0.00693971989676356
"species_3_fetch_only",62107.1616226074,0.00689346715807915
"species_3_fetch_only",62295.5319505859,0.0068475198931992
"species_3_fetch_only",62483.9022785645,0.00680187670513988
"species_3_fetch_only",62672.272606543,0.00675653526559472
"species_3_fetch_only",62860.6429345215,0.00671149464324117
"species_3_fetch_only",63049.0132625,0.00666675250977278
"species_3_fetch_only",63237.3835904785,0.00662230607122183
"species_3_fetch_only",63425.753918457,0.00657815393060446
"species_3_fetch_only",63614.1242464356,0.00653429422527552
"species_3_fetch_only",63802.4945744141,0.00649072555825114
"species_3_fetch_only",63990.8649023926,0.0064474456012249
"species_3_fetch_only",64179.2352303711,0.00640445202589035
"species_3_fetch_only",64367.6055583496,0.00636174296960235
"species_3_fetch_only",64555.9758863281,0.00631931703537703
"species_3_fetch_only",64744.3462143066,0.00627717236056924
"species_3_fetch_only",64932.7165422852,0.00623530754819512
"species_3_fetch_only",65121.0868702637,0.00619371980428696
"species_3_fetch_only",65309.4571982422,0.00615240726619959
"species_3_fetch_only",65497.8275262207,0.00611136900261045
"species_3_fetch_only",65686.1978541992,0.00607060361653566
"species_3_fetch_only",65874.5681821777,0.00603010645136237
"species_3_fetch_only",66062.9385101563,0.005989879835397
"species_3_fetch_only",66251.3088381348,0.00594991818070412
"species_3_fetch_only",66439.6791661133,0.00591022288426757
"species_3_fetch_only",66628.0494940918,0.00587079115211964
"species_3_fetch_only",66816.4198220703,0.00583161972463131
"species_3_fetch_only",67004.7901500488,0.00579270906746387
"species_3_fetch_only",67193.1604780273,0.00575405545532703
"species_3_fetch_only",67381.5308060059,0.00571565935388207
"species_3_fetch_only",67569.9011339844,0.00567751843482256
"species_3_fetch_only",67758.2714619629,0.00563962897285819
"species_3_fetch_only",67946.6417899414,0.00560199236497283
"species_3_fetch_only",68135.0121179199,0.0055646039545536
"species_3_fetch_only",68323.3824458984,0.00552746513858438
"species_3_fetch_only",68511.752773877,0.00549057312309742
"species_3_fetch_only",68700.1231018555,0.00545392418280244
"species_3_fetch_only",68888.493429834,0.00541752018034458
"species_3_fetch_only",69076.8637578125,0.00538135645911098
"species_3_fetch_only",69265.234085791,0.00534543441608548
"species_3_fetch_only",69453.6044137695,0.0053097503259778
"species_3_fetch_only",69641.974741748,0.00527430232614279
"species_3_fetch_only",69830.3450697266,0.00523909088224173
"species_3_fetch_only",70018.7153977051,0.00520411180332303
"species_3_fetch_only",70207.0857256836,0.00516936695203185
"species_3_fetch_only",70395.4560536621,0.0051348521374166
"species_3_fetch_only",70583.8263816406,0.00510056549683213
"species_3_fetch_only",70772.1967096191,0.00506650842726231
"species_3_fetch_only",70960.5670375977,0.00503267580643296
"species_3_fetch_only",71148.9373655762,0.00499906949698925
"species_3_fetch_only",71337.3076935547,0.00496568623930216
"species_3_fetch_only",71525.6780215332,0.00493252370506525
"species_3_fetch_only",71714.0483495117,0.0048995828256011
"species_3_fetch_only",71902.4186774902,0.00486685940995812
"species_3_fetch_only",72090.7890054687,0.00483435485512018
"species_3_fetch_only",72279.1593334473,0.00480206636711955
"species_3_fetch_only",72467.5296614258,0.00476999115198851
"species_3_fetch_only",72655.8999894043,0.00473813060671091
"species_3_fetch_only",72844.2703173828,0.00470648054033518
"species_3_fetch_only",73032.6406453613,0.00467504234984517
"species_3_fetch_only",73221.0109733399,0.00464381277561188
"species_3_fetch_only",73409.3813013184,0.00461278995499015
"species_3_fetch_only",73597.7516292969,0.00458197435364127
"species_3_fetch_only",73786.1219572754,0.00455136271193624
"species_3_fetch_only",73974.4922852539,0.00452095549553633
"species_3_fetch_only",74162.8626132324,0.0044907508417964
"species_3_fetch_only",74351.2329412109,0.00446074595674872
"species_3_fetch_only",74539.6032691895,0.00443094177171588
"species_3_fetch_only",74727.973597168,0.00440133456140757
"species_3_fetch_only",74916.3439251465,0.00437192525714636
"species_3_fetch_only",75104.714253125,0.00434271199628711
"species_3_fetch_only",75293.0845811035,0.0043136915192008
"species_3_fetch_only",75481.454909082,0.00428486568853259
"species_3_fetch_only",75669.8252370606,0.00425623031333089
"species_3_fetch_only",75858.1955650391,0.00422778679057956
"species_3_fetch_only",76046.5658930176,0.00419953279197216
"species_3_fetch_only",76234.9362209961,0.00417146505787969
"species_3_fetch_only",76423.3065489746,0.00414358545094728
"species_3_fetch_only",76611.6768769531,0.00411589071154594
"species_3_fetch_only",76800.0472049316,0.00408838083967566
"species_3_fetch_only",76988.4175329102,0.00406105443835258
"species_3_fetch_only",77176.7878608887,0.00403390871360898
"species_3_fetch_only",77365.1581888672,0.00400694506242871
"species_3_fetch_only",77553.5285168457,0.00398015975952148
"species_3_fetch_only",77741.8988448242,0.00395355373620987
"species_3_fetch_only",77930.2691728027,0.00392712466418743
"species_3_fetch_only",78118.6395007813,0.00390087091363966
"species_3_fetch_only",78307.0098287598,0.00387479295022786
"species_3_fetch_only",78495.3801567383,0.003848887514323
"species_3_fetch_only",78683.7504847168,0.00382315553724766
"species_3_fetch_only",78872.1208126953,0.00379759515635669
"species_3_fetch_only",79060.4911406738,0.00377220381051302
"species_3_fetch_only",79248.8614686524,0.00376377813518047
"species_3_fetch_only",79437.2317966309,0.00376377813518047
"species_3_fetch_only",79625.6021246094,0.00376377813518047
"species_3_fetch_only",79813.9724525879,0.00376377813518047
"species_3_fetch_only",80002.3427805664,0.00376377813518047
"species_3_fetch_only",80190.7131085449,0.00376377813518047
"species_3_fetch_only",80379.0834365234,0.00376377813518047
"species_3_fetch_only",80567.453764502,0.00376377813518047
"species_3_fetch_only",80755.8240924805,0.00376377813518047
"species_3_fetch_only",80944.194420459,0.00376377813518047
"species_3_fetch_only",81132.5647484375,0.00376377813518047
"species_3_fetch_only",81320.935076416,0.00376377813518047
"species_3_fetch_only",81509.3054043945,0.00376377813518047
"species_3_fetch_only",81697.675732373,0.00376377813518047
"species_3_fetch_only",81886.0460603516,0.00376377813518047
"species_3_fetch_only",82074.4163883301,0.00376377813518047
"species_3_fetch_only",82262.7867163086,0.00376377813518047
"species_3_fetch_only",82451.1570442871,0.00376377813518047
"species_3_fetch_only",82639.5273722656,0.00376377813518047
"species_3_fetch_only",82827.8977002442,0.00376377813518047
"species_3_fetch_only",83016.2680282227,0.00376377813518047
"species_3_fetch_only",83204.6383562012,0.00376377813518047
"species_3_fetch_only",83393.0086841797,0.00376377813518047
"species_3_fetch_only",83581.3790121582,0.00376377813518047
"species_3_fetch_only",83769.7493401367,0.00376377813518047
"species_3_fetch_only",83958.1196681152,0.00376377813518047
"species_3_fetch_only",84146.4899960938,0.00376377813518047
"species_3_fetch_only",84334.8603240723,0.00376377813518047
"species_3_fetch_only",84523.2306520508,0.00376377813518047
"species_3_fetch_only",84711.6009800293,0.00376377813518047
"species_3_fetch_only",84899.9713080078,0.00376377813518047
"species_3_fetch_only",85088.3416359863,0.00376377813518047
"species_3_fetch_only",85276.7119639648,0.00376377813518047
"species_3_fetch_only",85465.0822919434,0.00376377813518047
"species_3_fetch_only",85653.4526199219,0.00376377813518047
"species_3_fetch_only",85841.8229479004,0.00376377813518047
"species_3_fetch_only",86030.1932758789,0.00376377813518047
"species_3_fetch_only",86218.5636038574,0.00376377813518047
"species_3_fetch_only",86406.9339318359,0.00376377813518047
"species_3_fetch_only",86595.3042598145,0.00376377813518047
"species_3_fetch_only",86783.674587793,0.00376377813518047
"species_3_fetch_only",86972.0449157715,0.00376377813518047
"species_3_fetch",-7213.11907348633,0.669754445552826
"species_3_fetch",-7024.74874550781,0.669754445552826
"species_3_fetch",-6836.3784175293,0.669754445552826
"species_3_fetch",-6648.00808955078,0.669754445552826
"species_3_fetch",-6459.63776157227,0.669754445552826
"species_3_fetch",-6271.26743359375,0.669754445552826
"species_3_fetch",-6082.89710561523,0.669754445552826
"species_3_fetch",-5894.52677763672,0.669754445552826
"species_3_fetch",-5706.1564496582,0.669754445552826
"species_3_fetch",-5517.78612167969,0.669754445552826
"species_3_fetch",-5329.41579370117,0.669754445552826
"species_3_fetch",-5141.04546572266,0.669754445552826
"species_3_fetch",-4952.67513774414,0.669754445552826
"species_3_fetch",-4764.30480976562,0.669754445552826
"species_3_fetch",-4575.93448178711,0.669754445552826
"species_3_fetch",-4387.56415380859,0.669754445552826
"species_3_fetch",-4199.19382583008,0.669754445552826
"species_3_fetch",-4010.82349785156,0.669754445552826
"species_3_fetch",-3822.45316987305,0.669754445552826
"species_3_fetch",-3634.08284189453,0.669754445552826
"species_3_fetch",-3445.71251391602,0.669754445552826
"species_3_fetch",-3257.3421859375,0.669754445552826
"species_3_fetch",-3068.97185795898,0.669754445552826
"species_3_fetch",-2880.60152998047,0.669754445552826
"species_3_fetch",-2692.23120200195,0.669754445552826
"species_3_fetch",-2503.86087402344,0.669754445552826
"species_3_fetch",-2315.49054604492,0.669754445552826
"species_3_fetch",-2127.12021806641,0.669754445552826
"species_3_fetch",-1938.74989008789,0.669754445552826
"species_3_fetch",-1750.37956210938,0.669754445552826
"species_3_fetch",-1562.00923413086,0.669754445552826
"species_3_fetch",-1373.63890615234,0.669754445552826
"species_3_fetch",-1185.26857817383,0.669754445552826
"species_3_fetch",-996.898250195311,0.669754445552826
"species_3_fetch",-808.527922216796,0.669754445552826
"species_3_fetch",-620.157594238281,0.669754445552826
"species_3_fetch",-431.787266259766,0.669754445552826
"species_3_fetch",-243.41693828125,0.669754445552826
"species_3_fetch",-55.0466103027338,0.669754445552826
"species_3_fetch",133.323717675781,0.669754445552826
"species_3_fetch",321.694045654297,0.669754445552826
"species_3_fetch",510.064373632814,0.669754445552826
"species_3_fetch",698.434701611329,0.687766253948212
"species_3_fetch",886.805029589845,0.721060156822205
"species_3_fetch",1075.17535756836,0.739201188087463
"species_3_fetch",1263.54568554688,0.756560683250427
"species_3_fetch",1451.91601352539,0.763668477535248
"species_3_fetch",1640.28634150391,0.758034586906433
"species_3_fetch",1828.65666948242,0.752309918403625
"species_3_fetch",2017.02699746094,0.746495127677917
"species_3_fetch",2205.39732543946,0.740590929985046
"species_3_fetch",2393.76765341797,0.73459804058075
"species_3_fetch",2582.13798139648,0.728517472743988
"species_3_fetch",2770.508309375,0.722350299358368
"species_3_fetch",2958.87863735352,0.71609753370285
"species_3_fetch",3147.24896533203,0.70976060628891
"species_3_fetch",3335.61929331055,0.703340828418732
"species_3_fetch",3523.98962128906,0.696839690208435
"species_3_fetch",3712.35994926758,0.690258800983429
"species_3_fetch",3900.7302772461,0.683599948883057
"species_3_fetch",4089.10060522461,0.676864922046661
"species_3_fetch",4277.47093320313,0.670055747032166
"species_3_fetch",4465.84126118164,0.663174510002136
"species_3_fetch",4654.21158916016,0.656223356723785
"species_3_fetch",4842.58191713867,0.649204671382904
"species_3_fetch",5030.95224511719,0.642120778560638
"species_3_fetch",5219.32257309571,0.634974300861359
"species_3_fetch",5407.69290107422,0.627767860889435
"species_3_fetch",5596.06322905274,0.620504200458527
"species_3_fetch",5784.43355703125,0.613186061382294
"species_3_fetch",5972.80388500977,0.60581648349762
"species_3_fetch",6161.17421298828,0.598398447036743
"species_3_fetch",6349.5445409668,0.590935111045837
"species_3_fetch",6537.91486894531,0.583429634571075
"species_3_fetch",6726.28519692383,0.575885236263275
"species_3_fetch",6914.65552490235,0.568305313587189
"species_3_fetch",7103.02585288086,0.560693264007568
"species_3_fetch",7291.39618085938,0.553052604198456
"species_3_fetch",7479.76650883789,0.545386731624603
"species_3_fetch",7668.13683681641,0.537699282169342
"species_3_fetch",7856.50716479492,0.529993891716003
"species_3_fetch",8044.87749277344,0.522274196147919
"species_3_fetch",8233.24782075196,0.514543831348419
"species_3_fetch",8421.61814873047,0.506806492805481
"species_3_fetch",8609.98847670899,0.499065905809402
"species_3_fetch",8798.3588046875,0.49132576584816
"species_3_fetch",8986.72913266602,0.483589738607407
"species_3_fetch",9175.09946064453,0.475861608982086
"species_3_fetch",9363.46978862305,0.468145042657852
"species_3_fetch",9551.84011660156,0.460443645715714
"species_3_fetch",9740.21044458008,0.452761113643646
"species_3_fetch",9928.5807725586,0.445100992918015
"species_3_fetch",10116.9511005371,0.437466889619827
"species_3_fetch",10305.3214285156,0.429862290620804
"species_3_fetch",10493.6917564941,0.422290652990341
"species_3_fetch",10682.0620844727,0.414755314588547
"species_3_fetch",10870.4324124512,0.407259702682495
"species_3_fetch",11058.8027404297,0.399807006120682
"species_3_fetch",11247.1730684082,0.39240038394928
"species_3_fetch",11435.5433963867,0.385042995214462
"species_3_fetch",11623.9137243652,0.377737700939178
"species_3_fetch",11812.2840523438,0.370487570762634
"species_3_fetch",12000.6543803223,0.363295376300812
"species_3_fetch",12189.0247083008,0.356163769960403
"species_3_fetch",12377.3950362793,0.349095374345779
"species_3_fetch",12565.7653642578,0.342092782258987
"species_3_fetch",12754.1356922363,0.335158318281174
"species_3_fetch",12942.5060202148,0.32829424738884
"species_3_fetch",13130.8763481934,0.321502804756164
"species_3_fetch",13319.2466761719,0.314785987138748
"species_3_fetch",13507.6170041504,0.30814579129219
"species_3_fetch",13695.9873321289,0.301664084196091
"species_3_fetch",13884.3576601074,0.296177864074707
"species_3_fetch",14072.7279880859,0.291120052337646
"species_3_fetch",14261.0983160645,0.286471754312515
"species_3_fetch",14449.468644043,0.282412052154541
"species_3_fetch",14637.8389720215,0.279333561658859
"species_3_fetch",14826.2093,0.277464985847473
"species_3_fetch",15014.5796279785,0.275713056325912
"species_3_fetch",15202.949955957,0.273968011140823
"species_3_fetch",15391.3202839355,0.272229850292206
"species_3_fetch",15579.6906119141,0.270498603582382
"species_3_fetch",15768.0609398926,0.268774300813675
"species_3_fetch",15956.4312678711,0.267056971788406
"species_3_fetch",16144.8015958496,0.265346616506577
"species_3_fetch",16333.1719238281,0.26364329457283
"species_3_fetch",16521.5422518066,0.261947005987167
"species_3_fetch",16709.9125797852,0.26025778055191
"species_3_fetch",16898.2829077637,0.258575618267059
"species_3_fetch",17086.6532357422,0.256900578737259
"species_3_fetch",17275.0235637207,0.255232602357864
"species_3_fetch",17463.3938916992,0.253571808338165
"species_3_fetch",17651.7642196777,0.251918137073517
"species_3_fetch",17840.1345476562,0.250271648168564
"species_3_fetch",18028.5048756348,0.248632356524467
"species_3_fetch",18216.8752036133,0.247000232338905
"species_3_fetch",18405.2455315918,0.245375335216522
"species_3_fetch",18593.6158595703,0.24375769495964
"species_3_fetch",18781.9861875488,0.242147266864777
"species_3_fetch",18970.3565155273,0.240544095635414
"species_3_fetch",19158.7268435059,0.238948196172714
"species_3_fetch",19347.0971714844,0.237359583377838
"species_3_fetch",19535.4674994629,0.235778257250786
"species_3_fetch",19723.8378274414,0.234204217791557
"species_3_fetch",19912.2081554199,0.232637494802475
"species_3_fetch",20100.5784833984,0.2310781031847
"species_3_fetch",20288.948811377,0.229526028037071
"species_3_fetch",20477.3191393555,0.22798128426075
"species_3_fetch",20665.689467334,0.226443886756897
"species_3_fetch",20854.0597953125,0.224913820624352
"species_3_fetch",21042.430123291,0.223391130566597
"species_3_fetch",21230.8004512695,0.221875786781311
"species_3_fetch",21419.170779248,0.220367804169655
"species_3_fetch",21607.5411072266,0.21886719763279
"species_3_fetch",21795.9114352051,0.217373937368393
"species_3_fetch",21984.2817631836,0.21588808298111
"species_3_fetch",22172.6520911621,0.214409574866295
"species_3_fetch",22361.0224191406,0.212938457727432
"species_3_fetch",22549.3927471191,0.211474701762199
"species_3_fetch",22737.7630750977,0.210018336772919
"species_3_fetch",22926.1334030762,0.208569347858429
"species_3_fetch",23114.5037310547,0.207127720117569
"species_3_fetch",23302.8740590332,0.205693483352661
"species_3_fetch",23491.2443870117,0.204266622662544
"species_3_fetch",23679.6147149902,0.202847108244896
"species_3_fetch",23867.9850429688,0.2014349848032
"species_3_fetch",24056.3553709473,0.200030207633972
"species_3_fetch",24244.7256989258,0.198632806539536
"species_3_fetch",24433.0960269043,0.197242751717567
"species_3_fetch",24621.4663548828,0.195860043168068
"species_3_fetch",24809.8366828613,0.194484695792198
"species_3_fetch",24998.2070108398,0.193116679787636
"species_3_fetch",25186.5773388184,0.19175598025322
"species_3_fetch",25374.9476667969,0.190402626991272
"species_3_fetch",25563.3179947754,0.189056575298309
"species_3_fetch",25751.6883227539,0.187717854976654
"species_3_fetch",25940.0586507324,0.186386406421661
"species_3_fetch",26128.4289787109,0.185062259435654
"species_3_fetch",26316.7993066895,0.183745414018631
"species_3_fetch",26505.169634668,0.182435810565948
"species_3_fetch",26693.5399626465,0.18113349378109
"species_3_fetch",26881.910290625,0.179838418960571
"species_3_fetch",27070.2806186035,0.178550586104393
"species_3_fetch",27258.650946582,0.177269995212555
"species_3_fetch",27447.0212745606,0.175996601581573
"species_3_fetch",27635.3916025391,0.174730405211449
"species_3_fetch",27823.7619305176,0.173471421003342
"species_3_fetch",28012.1322584961,0.172219604253769
"species_3_fetch",28200.5025864746,0.170974969863892
"species_3_fetch",28388.8729144531,0.169737473130226
"species_3_fetch",28577.2432424317,0.168507099151611
"species_3_fetch",28765.6135704102,0.16728387773037
"species_3_fetch",28953.9838983887,0.166067734360695
"species_3_fetch",29142.3542263672,0.16485869884491
"species_3_fetch",29330.7245543457,0.16365672647953
"species_3_fetch",29519.0948823242,0.162461817264557
"species_3_fetch",29707.4652103027,0.161273956298828
"species_3_fetch",29895.8355382813,0.160093113780022
"species_3_fetch",30084.2058662598,0.158919289708138
"species_3_fetch",30272.5761942383,0.157752439379692
"species_3_fetch",30460.9465222168,0.156592562794685
"species_3_fetch",30649.3168501953,0.155439645051956
"species_3_fetch",30837.6871781738,0.154293671250343
"species_3_fetch",31026.0575061523,0.153154611587524
"species_3_fetch",31214.4278341309,0.152022436261177
"species_3_fetch",31402.7981621094,0.150897145271301
"species_3_fetch",31591.1684900879,0.149778723716736
"species_3_fetch",31779.5388180664,0.148667126893997
"species_3_fetch",31967.9091460449,0.147562354803085
"species_3_fetch",32156.2794740234,0.146464377641678
"species_3_fetch",32344.649802002,0.145373165607452
"species_3_fetch",32533.0201299805,0.14428873360157
"species_3_fetch",32721.390457959,0.143211007118225
"species_3_fetch",32909.7607859375,0.14214001595974
"species_3_fetch",33098.131113916,0.141075700521469
"species_3_fetch",33286.5014418945,0.140018075704575
"species_3_fetch",33474.8717698731,0.138967081904411
"species_3_fetch",33663.2420978516,0.137922704219818
"species_3_fetch",33851.6124258301,0.136884927749634
"species_3_fetch",34039.9827538086,0.135853737592697
"species_3_fetch",34228.3530817871,0.134829118847847
"species_3_fetch",34416.7234097656,0.133811011910439
"species_3_fetch",34605.0937377441,0.132799401879311
"species_3_fetch",34793.4640657227,0.131794288754463
"species_3_fetch",34981.8343937012,0.130795627832413
"species_3_fetch",35170.2047216797,0.12980343401432
"species_3_fetch",35358.5750496582,0.128817617893219
"species_3_fetch",35546.9453776367,0.12783819437027
"species_3_fetch",35735.3157056152,0.12686513364315
"species_3_fetch",35923.6860335938,0.125898420810699
"species_3_fetch",36112.0563615723,0.124938026070595
"species_3_fetch",36300.4266895508,0.123983904719353
"species_3_fetch",36488.7970175293,0.123036041855812
"species_3_fetch",36677.1673455078,0.122094415128231
"species_3_fetch",36865.5376734863,0.121159002184868
"species_3_fetch",37053.9080014648,0.120229795575142
"species_3_fetch",37242.2783294434,0.119306720793247
"species_3_fetch",37430.6486574219,0.118389785289764
"species_3_fetch",37619.0189854004,0.117478959262371
"species_3_fetch",37807.3893133789,0.116574205458164
"species_3_fetch",37995.7596413574,0.115675531327724
"species_3_fetch",38184.129969336,0.114782862365246
"species_3_fetch",38372.5002973145,0.113896198570728
"species_3_fetch",38560.870625293,0.11301551014185
"species_3_fetch",38749.2409532715,0.112140767276287
"species_3_fetch",38937.61128125,0.11127196252346
"species_3_fetch",39125.9816092285,0.110409036278725
"species_3_fetch",39314.351937207,0.109551981091499
"species_3_fetch",39502.7222651855,0.108700759708881
"species_3_fetch",39691.0925931641,0.107855349779129
"species_3_fetch",39879.4629211426,0.1070157289505
"species_3_fetch",40067.8332491211,0.106181882321835
"species_3_fetch",40256.2035770996,0.105353750288486
"species_3_fetch",40444.5739050781,0.104531325399876
"species_3_fetch",40632.9442330567,0.103714570403099
"species_3_fetch",40821.3145610352,0.102903470396996
"species_3_fetch",41009.6848890137,0.102098003029823
"species_3_fetch",41198.0552169922,0.101298108696938
"species_3_fetch",41386.4255449707,0.100503779947758
"species_3_fetch",41574.7958729492,0.099714994430542
"species_3_fetch",41763.1662009277,0.0989317148923874
"species_3_fetch",41951.5365289063,0.0981539338827133
"species_3_fetch",42139.9068568848,0.097381591796875
"species_3_fetch",42328.2771848633,0.0966146811842918
"species_3_fetch",42516.6475128418,0.0958531647920608
"species_3_fetch",42705.0178408203,0.0950970128178596
"species_3_fetch",42893.3881687988,0.0943462252616882
"species_3_fetch",43081.7584967774,0.0936007350683212
"species_3_fetch",43270.1288247559,0.0928605273365974
"species_3_fetch",43458.4991527344,0.0921255871653557
"species_3_fetch",43646.8694807129,0.0913958698511124
"species_3_fetch",43835.2398086914,0.0906713753938675
"species_3_fetch",44023.6101366699,0.0899520367383957
"species_3_fetch",44211.9804646484,0.0892378464341164
"species_3_fetch",44400.350792627,0.0885287746787071
"species_3_fetch",44588.7211206055,0.0878247991204262
"species_3_fetch",44777.091448584,0.0871258899569511
"species_3_fetch",44965.4617765625,0.086432009935379
"species_3_fetch",45153.832104541,0.085743136703968
"species_3_fetch",45342.2024325195,0.0850592404603958
"species_3_fetch",45530.5727604981,0.0843802914023399
"species_3_fetch",45718.9430884766,0.0837062895298004
"species_3_fetch",45907.3134164551,0.0830371603369713
"species_3_fetch",46095.6837444336,0.0823729038238525
"species_3_fetch",46284.0540724121,0.0817134827375412
"species_3_fetch",46472.4244003906,0.0810588821768761
"species_3_fetch",46660.7947283691,0.0804090723395348
"species_3_fetch",46849.1650563477,0.0797640085220337
"species_3_fetch",47037.5353843262,0.0791236758232117
"species_3_fetch",47225.9057123047,0.0784880444407463
"species_3_fetch",47414.2760402832,0.0778570920228958
"species_3_fetch",47602.6463682617,0.0772307962179184
"species_3_fetch",47791.0166962402,0.0766091048717499
"species_3_fetch",47979.3870242188,0.0759920030832291
"species_3_fetch",48167.7573521973,0.0753794759511948
"species_3_fetch",48356.1276801758,0.0747714787721634
"species_3_fetch",48544.4980081543,0.0741680040955544
"species_3_fetch",48732.8683361328,0.0735690072178841
"species_3_fetch",48921.2386641113,0.0729744583368301
"species_3_fetch",49109.6089920899,0.0723843425512314
"species_3_fetch",49297.9793200684,0.0717986300587654
"species_3_fetch",49486.3496480469,0.0712172985076904
"species_3_fetch",49674.7199760254,0.070640318095684
"species_3_fetch",49863.0903040039,0.0700676515698433
"species_3_fetch",50051.4606319824,0.069499284029007
"species_3_fetch",50239.830959961,0.0689351782202721
"species_3_fetch",50428.2012879395,0.0683753192424774
"species_3_fetch",50616.571615918,0.0678196847438812
"species_3_fetch",50804.9419438965,0.0672682300209999
"species_3_fetch",50993.312271875,0.0667209401726723
"species_3_fetch",51181.6825998535,0.0661777779459953
"species_3_fetch",51370.052927832,0.0656387358903885
"species_3_fetch",51558.4232558106,0.0651037842035294
"species_3_fetch",51746.7935837891,0.0647842139005661
"species_3_fetch",51935.1639117676,0.0645724684000015
"species_3_fetch",52123.5342397461,0.0643613710999489
"species_3_fetch",52311.9045677246,0.0641509145498276
"species_3_fetch",52500.2748957031,0.0639411062002182
"species_3_fetch",52688.6452236817,0.0637319311499596
"species_3_fetch",52877.0155516602,0.0635233893990517
"species_3_fetch",53065.3858796387,0.0633154883980751
"species_3_fetch",53253.7562076172,0.0631082206964493
"species_3_fetch",53442.1265355957,0.0629015937447548
"species_3_fetch",53630.4968635742,0.0626955926418304
"species_3_fetch",53818.8671915527,0.0624902173876762
"species_3_fetch",54007.2375195313,0.0622854717075825
"species_3_fetch",54195.6078475098,0.0620813518762589
"species_3_fetch",54383.9781754883,0.0618778616189957
"species_3_fetch",54572.3485034668,0.0616749934852123
"species_3_fetch",54760.7188314453,0.0614727437496185
"species_3_fetch",54949.0891594238,0.0612711124122143
"species_3_fetch",55137.4594874024,0.0610701031982899
"species_3_fetch",55325.8298153809,0.060869712382555
"species_3_fetch",55514.2001433594,0.0606699325144291
"species_3_fetch",55702.5704713379,0.0604707673192024
"species_3_fetch",55890.9407993164,0.0602722130715847
"species_3_fetch",56079.3111272949,0.0600742697715759
"species_3_fetch",56267.6814552734,0.0598769411444664
"species_3_fetch",56456.051783252,0.0596802122890949
"species_3_fetch",56644.4221112305,0.0594840906560421
"species_3_fetch",56832.792439209,0.0592885687947273
"species_3_fetch",57021.1627671875,0.0590936541557312
"species_3_fetch",57209.533095166,0.0588993430137634
"species_3_fetch",57397.9034231445,0.0587056241929531
"species_3_fetch",57586.2737511231,0.0585125051438809
"species_3_fetch",57774.6440791016,0.0583199821412563
"species_3_fetch",57963.0144070801,0.0581280551850796
"species_3_fetch",58151.3847350586,0.0579367242753506
"species_3_fetch",58339.7550630371,0.0577459782361984
"species_3_fetch",58528.1253910156,0.0575558245182037
"species_3_fetch",58716.4957189942,0.0573662556707859
"species_3_fetch",58904.8660469727,0.0571772754192352
"species_3_fetch",59093.2363749512,0.0569888800382614
"species_3_fetch",59281.6067029297,0.0568010695278645
"species_3_fetch",59469.9770309082,0.0566138401627541
"species_3_fetch",59658.3473588867,0.0564271882176399
"species_3_fetch",59846.7176868652,0.0562411174178123
"species_3_fetch",60035.0880148438,0.056055624037981
"species_3_fetch",60223.4583428223,0.055870708078146
"species_3_fetch",60411.8286708008,0.0556863620877266
"species_3_fetch",60600.1989987793,0.0555025897920132
"species_3_fetch",60788.5693267578,0.0553193911910057
"species_3_fetch",60976.9396547363,0.0551367588341236
"species_3_fetch",61165.3099827148,0.0549546964466572
"species_3_fetch",61353.6803106934,0.0547732003033161
"species_3_fetch",61542.0506386719,0.0545922666788101
"species_3_fetch",61730.4209666504,0.0544118955731392
"species_3_fetch",61918.7912946289,0.0542320869863033
"species_3_fetch",62107.1616226074,0.0540528446435928
"species_3_fetch",62295.5319505859,0.0538741536438465
"species_3_fetch",62483.9022785645,0.053696021437645
"species_3_fetch",62672.272606543,0.0535184480249882
"species_3_fetch",62860.6429345215,0.0533414259552956
"species_3_fetch",63049.0132625,0.0531649589538574
"species_3_fetch",63237.3835904785,0.0529890395700932
"species_3_fetch",63425.753918457,0.0528136715292931
"species_3_fetch",63614.1242464356,0.0526388511061668
"species_3_fetch",63802.4945744141,0.0524645745754242
"species_3_fetch",63990.8649023926,0.0522908493876457
"species_3_fetch",64179.2352303711,0.0521176643669605
"species_3_fetch",64367.6055583496,0.0519450232386589
"species_3_fetch",64555.9758863281,0.0517729185521603
"species_3_fetch",64744.3462143066,0.0516013577580452
"species_3_fetch",64932.7165422852,0.0514303334057331
"species_3_fetch",65121.0868702637,0.051259845495224
"species_3_fetch",65309.4571982422,0.0510898903012276
"species_3_fetch",65497.8275262207,0.0509204678237438
"species_3_fetch",65686.1978541992,0.050751581788063
"species_3_fetch",65874.5681821777,0.0505832210183144
"species_3_fetch",66062.9385101563,0.0504153929650784
"species_3_fetch",66251.3088381348,0.0502480864524841
"species_3_fetch",66439.6791661133,0.0500813126564026
"species_3_fetch",66628.0494940918,0.0499150641262531
"species_3_fetch",66816.4198220703,0.0497493296861649
"species_3_fetch",67004.7901500488,0.049584124237299
"species_3_fetch",67193.1604780273,0.0494194328784943
"species_3_fetch",67381.5308060059,0.0492552667856216
"species_3_fetch",67569.9011339844,0.0490916185081005
"species_3_fetch",67758.2714619629,0.04892847687006
"species_3_fetch",67946.6417899414,0.0487658604979515
"species_3_fetch",68135.0121179199,0.0486037470400333
"species_3_fetch",68323.3824458984,0.0484421513974667
"species_3_fetch",68511.752773877,0.0482810661196709
"species_3_fetch",68700.1231018555,0.0481204837560654
"species_3_fetch",68888.493429834,0.0479604154825211
"species_3_fetch",69076.8637578125,0.0478008463978767
"species_3_fetch",69265.234085791,0.0476417876780033
"species_3_fetch",69453.6044137695,0.0474832318723202
"species_3_fetch",69641.974741748,0.0473251715302467
"species_3_fetch",69830.3450697266,0.0471676178276539
"species_3_fetch",70018.7153977051,0.0470105558633804
"species_3_fetch",70207.0857256836,0.0468539968132973
"species_3_fetch",70395.4560536621,0.0466979332268238
"species_3_fetch",70583.8263816406,0.0465423576533794
"species_3_fetch",70772.1967096191,0.0463872849941254
"species_3_fetch",70960.5670375977,0.0462326928973198
"species_3_fetch",71148.9373655762,0.0460785999894142
"species_3_fetch",71337.3076935547,0.0459249950945377
"species_3_fetch",71525.6780215332,0.0457718707621098
"species_3_fetch",71714.0483495117,0.0456192418932915
"species_3_fetch",71902.4186774902,0.0454670898616314
"species_3_fetch",72090.7890054687,0.0453154258430004
"species_3_fetch",72279.1593334473,0.0451642461121082
"species_3_fetch",72467.5296614258,0.045013539493084
"species_3_fetch",72655.8999894043,0.0448633171617985
"species_3_fetch",72844.2703173828,0.0447135679423809
"species_3_fetch",73032.6406453613,0.0445643030107021
"species_3_fetch",73221.0109733399,0.0444155111908913
"species_3_fetch",73409.3813013184,0.044267188757658
"species_3_fetch",73597.7516292969,0.0441193431615829
"species_3_fetch",73786.1219572754,0.0439719632267952
"species_3_fetch",73974.4922852539,0.0438250564038754
"species_3_fetch",74162.8626132324,0.0436786226928234
"species_3_fetch",74351.2329412109,0.0435326471924782
"species_3_fetch",74539.6032691895,0.0433871410787106
"species_3_fetch",74727.973597168,0.0432420969009399
"species_3_fetch",74916.3439251465,0.0430975221097469
"species_3_fetch",75104.714253125,0.0429534055292606
"species_3_fetch",75293.0845811035,0.042809747159481
"species_3_fetch",75481.454909082,0.0426665507256985
"species_3_fetch",75669.8252370606,0.0425238087773323
"species_3_fetch",75858.1955650391,0.0423815287649632
"species_3_fetch",76046.5658930176,0.0422397032380104
"species_3_fetch",76234.9362209961,0.0420983247458935
"species_3_fetch",76423.3065489746,0.0419574044644833
"species_3_fetch",76611.6768769531,0.0418169312179089
"species_3_fetch",76800.0472049316,0.0416769124567509
"species_3_fetch",76988.4175329102,0.0415373407304287
"species_3_fetch",77176.7878608887,0.041398212313652
"species_3_fetch",77365.1581888672,0.0412595346570015
"species_3_fetch",77553.5285168457,0.0411212965846062
"species_3_fetch",77741.8988448242,0.040983509272337
"species_3_fetch",77930.2691728027,0.040846161544323
"species_3_fetch",78118.6395007813,0.0407092496752739
"species_3_fetch",78307.0098287598,0.0405727848410606
"species_3_fetch",78495.3801567383,0.0404367484152317
"species_3_fetch",78683.7504847168,0.0403011552989483
"species_3_fetch",78872.1208126953,0.0401660017669201
"species_3_fetch",79060.4911406738,0.0400312729179859
"species_3_fetch",79248.8614686524,0.0399864614009857
"species_3_fetch",79437.2317966309,0.0399864614009857
"species_3_fetch",79625.6021246094,0.0399864614009857
"species_3_fetch",79813.9724525879,0.0399864614009857
"species_3_fetch",80002.3427805664,0.0399864614009857
"species_3_fetch",80190.7131085449,0.0399864614009857
"species_3_fetch",80379.0834365234,0.0399864614009857
"species_3_fetch",80567.453764502,0.0399864614009857
"species_3_fetch",80755.8240924805,0.0399864614009857
"species_3_fetch",80944.194420459,0.0399864614009857
"species_3_fetch",81132.5647484375,0.0399864614009857
"species_3_fetch",81320.935076416,0.0399864614009857
"species_3_fetch",81509.3054043945,0.0399864614009857
"species_3_fetch",81697.675732373,0.0399864614009857
"species_3_fetch",81886.0460603516,0.0399864614009857
"species_3_fetch",82074.4163883301,0.0399864614009857
"species_3_fetch",82262.7867163086,0.0399864614009857
"species_3_fetch",82451.1570442871,0.0399864614009857
"species_3_fetch",82639.5273722656,0.0399864614009857
"species_3_fetch",82827.8977002442,0.0399864614009857
"species_3_fetch",83016.2680282227,0.0399864614009857
"species_3_fetch",83204.6383562012,0.0399864614009857
"species_3_fetch",83393.0086841797,0.0399864614009857
"species_3_fetch",83581.3790121582,0.0399864614009857
"species_3_fetch",83769.7493401367,0.0399864614009857
"species_3_fetch",83958.1196681152,0.0399864614009857
"species_3_fetch",84146.4899960938,0.0399864614009857
"species_3_fetch",84334.8603240723,0.0399864614009857
"species_3_fetch",84523.2306520508,0.0399864614009857
"species_3_fetch",84711.6009800293,0.0399864614009857
"species_3_fetch",84899.9713080078,0.0399864614009857
"species_3_fetch",85088.3416359863,0.0399864614009857
"species_3_fetch",85276.7119639648,0.0399864614009857
"species_3_fetch",85465.0822919434,0.0399864614009857
"species_3_fetch",85653.4526199219,0.0399864614009857
"species_3_fetch",85841.8229479004,0.0399864614009857
"species_3_fetch",86030.1932758789,0.0399864614009857
"species_3_fetch",86218.5636038574,0.0399864614009857
"species_3_fetch",86406.9339318359,0.0399864614009857
"species_3_fetch",86595.3042598145,0.0399864614009857
"species_3_fetch",86783.674587793,0.0399864614009857
"species_3_fetch",86972.0449157715,0.0399864614009857
"species_4_contemp_ice_extrap_only",-9.88419320285318,0.000253375445026904
"species_4_contemp_ice_extrap_only",-9.63539197263716,0.000253375445026904
"species_4_contemp_ice_extrap_only",-9.38659074242113,0.000253375445026904
"species_4_contemp_ice_extrap_only",-9.13778951220511,0.000253375445026904
"species_4_contemp_ice_extrap_only",-8.88898828198908,0.000253375445026904
"species_4_contemp_ice_extrap_only",-8.64018705177306,0.000253375445026904
"species_4_contemp_ice_extrap_only",-8.39138582155703,0.000253375445026904
"species_4_contemp_ice_extrap_only",-8.142584591341,0.000253375445026904
"species_4_contemp_ice_extrap_only",-7.89378336112498,0.000253375445026904
"species_4_contemp_ice_extrap_only",-7.64498213090895,0.000253375445026904
"species_4_contemp_ice_extrap_only",-7.39618090069293,0.000253375445026904
"species_4_contemp_ice_extrap_only",-7.1473796704769,0.000253375445026904
"species_4_contemp_ice_extrap_only",-6.89857844026087,0.000253375445026904
"species_4_contemp_ice_extrap_only",-6.64977721004485,0.000253375445026904
"species_4_contemp_ice_extrap_only",-6.40097597982882,0.000253375445026904
"species_4_contemp_ice_extrap_only",-6.1521747496128,0.000253375445026904
"species_4_contemp_ice_extrap_only",-5.90337351939677,0.000253375445026904
"species_4_contemp_ice_extrap_only",-5.65457228918075,0.000253375445026904
"species_4_contemp_ice_extrap_only",-5.40577105896472,0.000253375445026904
"species_4_contemp_ice_extrap_only",-5.15696982874869,0.000253375445026904
"species_4_contemp_ice_extrap_only",-4.90816859853267,0.000253375445026904
"species_4_contemp_ice_extrap_only",-4.65936736831664,0.000253375445026904
"species_4_contemp_ice_extrap_only",-4.41056613810062,0.000253375445026904
"species_4_contemp_ice_extrap_only",-4.16176490788459,0.000253375445026904
"species_4_contemp_ice_extrap_only",-3.91296367766856,0.000253375445026904
"species_4_contemp_ice_extrap_only",-3.66416244745254,0.000253375445026904
"species_4_contemp_ice_extrap_only",-3.41536121723651,0.000253375445026904
"species_4_contemp_ice_extrap_only",-3.16655998702049,0.000253375445026904
"species_4_contemp_ice_extrap_only",-2.91775875680446,0.000253375445026904
"species_4_contemp_ice_extrap_only",-2.66895752658843,0.000253375445026904
"species_4_contemp_ice_extrap_only",-2.42015629637241,0.000253375445026904
"species_4_contemp_ice_extrap_only",-2.17135506615638,0.000253375445026904
"species_4_contemp_ice_extrap_only",-1.92255383594036,0.000253375445026904
"species_4_contemp_ice_extrap_only",-1.67375260572433,0.000253375445026904
"species_4_contemp_ice_extrap_only",-1.42495137550831,0.000253375445026904
"species_4_contemp_ice_extrap_only",-1.17615014529228,0.000253375445026904
"species_4_contemp_ice_extrap_only",-0.927348915076255,0.000253375445026904
"species_4_contemp_ice_extrap_only",-0.678547684860229,0.000253375445026904
"species_4_contemp_ice_extrap_only",-0.429746454644203,0.000253375445026904
"species_4_contemp_ice_extrap_only",-0.180945224428177,0.000253375445026904
"species_4_contemp_ice_extrap_only",0.0678560057878492,0.000253375445026904
"species_4_contemp_ice_extrap_only",0.316657236003875,0.000253375445026904
"species_4_contemp_ice_extrap_only",0.565458466219901,0.000260496541159227
"species_4_contemp_ice_extrap_only",0.814259696435927,0.000283092551399022
"species_4_contemp_ice_extrap_only",1.06306092665195,0.000307663576677442
"species_4_contemp_ice_extrap_only",1.31186215686798,0.000334383454173803
"species_4_contemp_ice_extrap_only",1.56066338708401,0.000363441446097568
"species_4_contemp_ice_extrap_only",1.80946461730003,0.000395043607568368
"species_4_contemp_ice_extrap_only",2.05826584751606,0.000429414270911366
"species_4_contemp_ice_extrap_only",2.30706707773208,0.000466797529952601
"species_4_contemp_ice_extrap_only",2.55586830794811,0.000507459335494787
"species_4_contemp_ice_extrap_only",2.80466953816413,0.000551689066924155
"species_4_contemp_ice_extrap_only",3.05347076838016,0.000599801889620721
"species_4_contemp_ice_extrap_only",3.30227199859619,0.000652140937745571
"species_4_contemp_ice_extrap_only",3.55107322881221,0.000709079788066447
"species_4_contemp_ice_extrap_only",3.79987445902824,0.000771025253925472
"species_4_contemp_ice_extrap_only",4.04867568924426,0.000838420062791556
"species_4_contemp_ice_extrap_only",4.29747691946029,0.00091174675617367
"species_4_contemp_ice_extrap_only",4.54627814967631,0.000991530250757933
"species_4_contemp_ice_extrap_only",4.79507937989234,0.0010783423203975
"species_4_contemp_ice_extrap_only",5.04388061010837,0.00117280555423349
"species_4_contemp_ice_extrap_only",5.29268184032439,0.00127559783868492
"species_4_contemp_ice_extrap_only",5.54148307054042,0.00138745724689215
"species_4_contemp_ice_extrap_only",5.79028430075644,0.00150918716099113
"species_4_contemp_ice_extrap_only",6.03908553097247,0.00164166290778667
"species_4_contemp_ice_extrap_only",6.2878867611885,0.00178583664819598
"species_4_contemp_ice_extrap_only",6.53668799140452,0.00194274575915188
"species_4_contemp_ice_extrap_only",6.78548922162055,0.00211351900361478
"species_4_contemp_ice_extrap_only",7.03429045183657,0.00229938537813723
"species_4_contemp_ice_extrap_only",7.2830916820526,0.00250168261118233
"species_4_contemp_ice_extrap_only",7.53189291226862,0.0027218668255955
"species_4_contemp_ice_extrap_only",7.78069414248465,0.00296152266673744
"species_4_contemp_ice_extrap_only",8.02949537270067,0.00322237424552441
"species_4_contemp_ice_extrap_only",8.2782966029167,0.00350629794411361
"species_4_contemp_ice_extrap_only",8.52709783313273,0.00381533498875797
"species_4_contemp_ice_extrap_only",8.77589906334875,0.00415170611813664
"species_4_contemp_ice_extrap_only",9.02470029356478,0.00451782578602433
"species_4_contemp_ice_extrap_only",9.27350152378081,0.00491632055491209
"species_4_contemp_ice_extrap_only",9.52230275399683,0.0053500453941524
"species_4_contemp_ice_extrap_only",9.77110398421286,0.00582210347056389
"species_4_contemp_ice_extrap_only",10.0199052144289,0.00633586710318923
"species_4_contemp_ice_extrap_only",10.2687064446449,0.00689499964937568
"species_4_contemp_ice_extrap_only",10.5175076748609,0.00750347971916199
"species_4_contemp_ice_extrap_only",10.766308905077,0.00816562678664923
"species_4_contemp_ice_extrap_only",11.015110135293,0.00888612866401672
"species_4_contemp_ice_extrap_only",11.263911365509,0.0096700694411993
"species_4_contemp_ice_extrap_only",11.512712595725,0.0105229644104838
"species_4_contemp_ice_extrap_only",11.7615138259411,0.0114507880061865
"species_4_contemp_ice_extrap_only",12.0103150561571,0.0124600119888783
"species_4_contemp_ice_extrap_only",12.2591162863731,0.013557642698288
"species_4_contemp_ice_extrap_only",12.5079175165891,0.0147512583062053
"species_4_contemp_ice_extrap_only",12.7567187468052,0.0160490516573191
"species_4_contemp_ice_extrap_only",13.0055199770212,0.0174598675221205
"species_4_contemp_ice_extrap_only",13.2543212072372,0.018993254750967
"species_4_contemp_ice_extrap_only",13.5031224374532,0.0206595025956631
"species_4_contemp_ice_extrap_only",13.7519236676693,0.0224696937948465
"species_4_contemp_ice_extrap_only",14.0007248978853,0.024435743689537
"species_4_contemp_ice_extrap_only",14.2495261281013,0.0265704542398453
"species_4_contemp_ice_extrap_only",14.4983273583173,0.0288875550031662
"species_4_contemp_ice_extrap_only",14.7471285885334,0.0314017422497272
"species_4_contemp_ice_extrap_only",14.9959298187494,0.0341287292540073
"species_4_contemp_ice_extrap_only",15.2447310489654,0.0370852760970592
"species_4_contemp_ice_extrap_only",15.4935322791815,0.0402892231941223
"species_4_contemp_ice_extrap_only",15.7423335093975,0.0437595136463642
"species_4_contemp_ice_extrap_only",15.9911347396135,0.0438954569399357
"species_4_contemp_ice_extrap_only",16.2399359698295,0.0440334267914295
"species_4_contemp_ice_extrap_only",16.4887372000456,0.0441739521920681
"species_4_contemp_ice_extrap_only",16.7375384302616,0.0443170480430126
"species_4_contemp_ice_extrap_only",16.9863396604776,0.0444627404212952
"species_4_contemp_ice_extrap_only",17.2351408906936,0.0446110516786575
"species_4_contemp_ice_extrap_only",17.4839421209097,0.0447620004415512
"species_4_contemp_ice_extrap_only",17.7327433511257,0.044915609061718
"species_4_contemp_ice_extrap_only",17.9815445813417,0.0450718998908997
"species_4_contemp_ice_extrap_only",18.2303458115577,0.0452308990061283
"species_4_contemp_ice_extrap_only",18.4791470417738,0.0453926287591457
"species_4_contemp_ice_extrap_only",18.7279482719898,0.0455571115016937
"species_4_contemp_ice_extrap_only",18.9767495022058,0.0457243733108044
"species_4_contemp_ice_extrap_only",19.2255507324218,0.0458944365382195
"species_4_contemp_ice_extrap_only",19.4743519626379,0.0460673309862614
"species_4_contemp_ice_extrap_only",19.7231531928539,0.0462430790066719
"species_4_contemp_ice_extrap_only",19.9719544230699,0.0464217104017735
"species_4_contemp_ice_extrap_only",20.220755653286,0.0466032475233078
"species_4_contemp_ice_extrap_only",20.469556883502,0.0467877201735973
"species_4_contemp_ice_extrap_only",20.718358113718,0.0469751581549644
"species_4_contemp_ice_extrap_only",20.967159343934,0.0471655838191509
"species_4_contemp_ice_extrap_only",21.21596057415,0.0473590344190598
"species_4_contemp_ice_extrap_only",21.4647618043661,0.0475555285811424
"species_4_contemp_ice_extrap_only",21.7135630345821,0.0477551072835922
"species_4_contemp_ice_extrap_only",21.9623642647981,0.0479577891528606
"species_4_contemp_ice_extrap_only",22.2111654950141,0.048163615167141
"species_4_contemp_ice_extrap_only",22.4599667252302,0.0483726114034653
"species_4_contemp_ice_extrap_only",22.7087679554462,0.0485848113894463
"species_4_contemp_ice_extrap_only",22.9575691856622,0.0488002449274063
"species_4_contemp_ice_extrap_only",23.2063704158783,0.0490189492702484
"species_4_contemp_ice_extrap_only",23.4551716460943,0.0492409504950047
"species_4_contemp_ice_extrap_only",23.7039728763103,0.0494662933051586
"species_4_contemp_ice_extrap_only",23.9527741065263,0.0496950037777424
"species_4_contemp_ice_extrap_only",24.2015753367424,0.0499271228909492
"species_4_contemp_ice_extrap_only",24.4503765669584,0.0501626804471016
"species_4_contemp_ice_extrap_only",24.6991777971744,0.0504017174243927
"species_4_contemp_ice_extrap_only",24.9479790273904,0.0506442673504353
"species_4_contemp_ice_extrap_only",25.1967802576065,0.0508903712034226
"species_4_contemp_ice_extrap_only",25.4455814878225,0.0511400662362576
"species_4_contemp_ice_extrap_only",25.6943827180385,0.0513933897018433
"species_4_contemp_ice_extrap_only",25.9431839482545,0.051650382578373
"species_4_contemp_ice_extrap_only",26.1919851784706,0.0519110858440399
"species_4_contemp_ice_extrap_only",26.4407864086866,0.0521755367517471
"species_4_contemp_ice_extrap_only",26.6895876389026,0.0524437762796879
"species_4_contemp_ice_extrap_only",26.9383888691186,0.052715852856636
"species_4_contemp_ice_extrap_only",27.1871900993347,0.0529918037354946
"species_4_contemp_ice_extrap_only",27.4359913295507,0.0532716736197472
"species_4_contemp_ice_extrap_only",27.6847925597667,0.0535555072128773
"species_4_contemp_ice_extrap_only",27.9335937899827,0.0538433454930782
"species_4_contemp_ice_extrap_only",28.1823950201988,0.0541352443397045
"species_4_contemp_ice_extrap_only",28.4311962504148,0.0544312372803688
"species_4_contemp_ice_extrap_only",28.6799974806308,0.0547313764691353
"species_4_contemp_ice_extrap_only",28.9287987108468,0.0550357103347778
"species_4_contemp_ice_extrap_only",29.1775999410629,0.0553442910313606
"species_4_contemp_ice_extrap_only",29.4264011712789,0.055657159537077
"species_4_contemp_ice_extrap_only",29.6752024014949,0.0559743717312813
"species_4_contemp_ice_extrap_only",29.924003631711,0.0562959723174572
"species_4_contemp_ice_extrap_only",30.172804861927,0.0566220209002495
"species_4_contemp_ice_extrap_only",30.421606092143,0.056952565908432
"species_4_contemp_ice_extrap_only",30.670407322359,0.057287659496069
"species_4_contemp_ice_extrap_only",30.9192085525751,0.0576273538172245
"species_4_contemp_ice_extrap_only",31.1680097827911,0.0579717084765434
"species_4_contemp_ice_extrap_only",31.4168110130071,0.0583207756280899
"species_4_contemp_ice_extrap_only",31.6656122432231,0.0586746148765087
"species_4_contemp_ice_extrap_only",31.9144134734392,0.059033278375864
"species_4_contemp_ice_extrap_only",32.1632147036552,0.0593968294560909
"species_4_contemp_ice_extrap_only",32.4120159338712,0.0597653239965439
"species_4_contemp_ice_extrap_only",32.6608171640872,0.0601388178765774
"species_4_contemp_ice_extrap_only",32.9096183943033,0.0605173856019974
"species_4_contemp_ice_extrap_only",33.1584196245193,0.0609010756015778
"species_4_contemp_ice_extrap_only",33.4072208547353,0.0612899586558342
"species_4_contemp_ice_extrap_only",33.6560220849513,0.0616840869188309
"species_4_contemp_ice_extrap_only",33.9048233151674,0.0620835423469543
"species_4_contemp_ice_extrap_only",34.1536245453834,0.0624883770942688
"species_4_contemp_ice_extrap_only",34.4024257755994,0.0628986656665802
"species_4_contemp_ice_extrap_only",34.6512270058154,0.0633144602179527
"species_4_contemp_ice_extrap_only",34.9000282360315,0.0637358501553535
"species_4_contemp_ice_extrap_only",35.1488294662475,0.0641628950834274
"species_4_contemp_ice_extrap_only",35.3976306964635,0.0645956695079803
"species_4_contemp_ice_extrap_only",35.6464319266795,0.0650342255830765
"species_4_contemp_ice_extrap_only",35.8952331568956,0.0654786676168442
"species_4_contemp_ice_extrap_only",36.1440343871116,0.0659290477633476
"species_4_contemp_ice_extrap_only",36.3928356173276,0.0663854479789734
"species_4_contemp_ice_extrap_only",36.6416368475437,0.0668479353189468
"species_4_contemp_ice_extrap_only",36.8904380777597,0.0673166066408157
"species_4_contemp_ice_extrap_only",37.1392393079757,0.0677915215492249
"species_4_contemp_ice_extrap_only",37.3880405381917,0.0682727620005608
"species_4_contemp_ice_extrap_only",37.6368417684078,0.0687604174017906
"species_4_contemp_ice_extrap_only",37.8856429986238,0.0692545622587204
"species_4_contemp_ice_extrap_only",38.1344442288398,0.0697552785277367
"species_4_contemp_ice_extrap_only",38.3832454590558,0.070262648165226
"species_4_contemp_ice_extrap_only",38.6320466892719,0.0707767680287361
"species_4_contemp_ice_extrap_only",38.8808479194879,0.0712977200746536
"species_4_contemp_ice_extrap_only",39.1296491497039,0.0718255862593651
"species_4_contemp_ice_extrap_only",39.3784503799199,0.072360448539257
"species_4_contemp_ice_extrap_only",39.627251610136,0.0729024112224579
"species_4_contemp_ice_extrap_only",39.876052840352,0.0734515637159348
"species_4_contemp_ice_extrap_only",40.124854070568,0.0740079954266548
"species_4_contemp_ice_extrap_only",40.373655300784,0.0745717957615852
"species_4_contemp_ice_extrap_only",40.6224565310001,0.0751430690288544
"species_4_contemp_ice_extrap_only",40.8712577612161,0.0757219046354294
"species_4_contemp_ice_extrap_only",41.1200589914321,0.0763084068894386
"species_4_contemp_ice_extrap_only",41.3688602216481,0.0769026577472687
"species_4_contemp_ice_extrap_only",41.6176614518642,0.0775047838687897
"species_4_contemp_ice_extrap_only",41.8664626820802,0.0781148821115494
"species_4_contemp_ice_extrap_only",42.1152639122962,0.078733041882515
"species_4_contemp_ice_extrap_only",42.3640651425122,0.0793593600392342
"species_4_contemp_ice_extrap_only",42.6128663727283,0.0799939781427383
"species_4_contemp_ice_extrap_only",42.8616676029443,0.0806369781494141
"species_4_contemp_ice_extrap_only",43.1104688331603,0.0812884718179703
"species_4_contemp_ice_extrap_only",43.3592700633763,0.0819485634565353
"species_4_contemp_ice_extrap_only",43.6080712935924,0.08261738717556
"species_4_contemp_ice_extrap_only",43.8568725238084,0.0832950472831726
"species_4_contemp_ice_extrap_only",44.1056737540244,0.0839816480875015
"species_4_contemp_ice_extrap_only",44.3544749842404,0.0846773087978363
"species_4_contemp_ice_extrap_only",44.6032762144565,0.0853821560740471
"species_4_contemp_ice_extrap_only",44.8520774446725,0.0860963091254234
"species_4_contemp_ice_extrap_only",45.1008786748885,0.0868198871612549
"species_4_contemp_ice_extrap_only",45.3496799051046,0.0875530019402504
"species_4_contemp_ice_extrap_only",45.5984811353206,0.0882958024740219
"species_4_contemp_ice_extrap_only",45.8472823655366,0.0890483930706978
"species_4_contemp_ice_extrap_only",46.0960835957526,0.0898109152913094
"species_4_contemp_ice_extrap_only",46.3448848259687,0.0905834808945656
"species_4_contemp_ice_extrap_only",46.5936860561847,0.0913662388920784
"species_4_contemp_ice_extrap_only",46.8424872864007,0.092159315943718
"species_4_contemp_ice_extrap_only",47.0912885166167,0.0929628536105156
"species_4_contemp_ice_extrap_only",47.3400897468328,0.0937769636511803
"species_4_contemp_ice_extrap_only",47.5888909770488,0.0946018099784851
"species_4_contemp_ice_extrap_only",47.8376922072648,0.0954375267028809
"species_4_contemp_ice_extrap_only",48.0864934374808,0.0962842479348183
"species_4_contemp_ice_extrap_only",48.3352946676969,0.0971421003341675
"species_4_contemp_ice_extrap_only",48.5840958979129,0.0980112701654434
"species_4_contemp_ice_extrap_only",48.8328971281289,0.0988918766379356
"species_4_contemp_ice_extrap_only",49.0816983583449,0.0997840687632561
"species_4_contemp_ice_extrap_only",49.330499588561,0.100687995553017
"species_4_contemp_ice_extrap_only",49.579300818777,0.101603820919991
"species_4_contemp_ice_extrap_only",49.828102048993,0.102531686425209
"species_4_contemp_ice_extrap_only",50.076903279209,0.103471755981445
"species_4_contemp_ice_extrap_only",50.3257045094251,0.10442416369915
"species_4_contemp_ice_extrap_only",50.5745057396411,0.105389095842838
"species_4_contemp_ice_extrap_only",50.8233069698571,0.106366708874702
"species_4_contemp_ice_extrap_only",51.0721082000732,0.107357159256935
"species_4_contemp_ice_extrap_only",51.3209094302892,0.108360588550568
"species_4_contemp_ice_extrap_only",51.5697106605052,0.109377205371857
"species_4_contemp_ice_extrap_only",51.8185118907212,0.110407158732414
"species_4_contemp_ice_extrap_only",52.0673131209373,0.111450612545013
"species_4_contemp_ice_extrap_only",52.3161143511533,0.112507723271847
"species_4_contemp_ice_extrap_only",52.5649155813693,0.11357869207859
"species_4_contemp_ice_extrap_only",52.8137168115853,0.114663690328598
"species_4_contemp_ice_extrap_only",53.0625180418014,0.115762889385223
"species_4_contemp_ice_extrap_only",53.3113192720174,0.116876445710659
"species_4_contemp_ice_extrap_only",53.5601205022334,0.118004575371742
"species_4_contemp_ice_extrap_only",53.8089217324494,0.119147442281246
"species_4_contemp_ice_extrap_only",54.0577229626655,0.120305232703686
"species_4_contemp_ice_extrap_only",54.3065241928815,0.121478110551834
"species_4_contemp_ice_extrap_only",54.5553254230975,0.122666299343109
"species_4_contemp_ice_extrap_only",54.8041266533135,0.123869977891445
"species_4_contemp_ice_extrap_only",55.0529278835296,0.125089332461357
"species_4_contemp_ice_extrap_only",55.3017291137456,0.126324519515038
"species_4_contemp_ice_extrap_only",55.5505303439616,0.127575799822807
"species_4_contemp_ice_extrap_only",55.7993315741776,0.128897190093994
"species_4_contemp_ice_extrap_only",56.0481328043937,0.130270525813103
"species_4_contemp_ice_extrap_only",56.2969340346097,0.131662055850029
"species_4_contemp_ice_extrap_only",56.5457352648257,0.133150294423103
"species_4_contemp_ice_extrap_only",56.7945364950418,0.134678989648819
"species_4_contemp_ice_extrap_only",57.0433377252578,0.136323258280754
"species_4_contemp_ice_extrap_only",57.2921389554738,0.137990385293961
"species_4_contemp_ice_extrap_only",57.5409401856898,0.139680713415146
"species_4_contemp_ice_extrap_only",57.7897414159059,0.141455888748169
"species_4_contemp_ice_extrap_only",58.0385426461219,0.143408358097076
"species_4_contemp_ice_extrap_only",58.2873438763379,0.145974218845367
"species_4_contemp_ice_extrap_only",58.5361451065539,0.148604840040207
"species_4_contemp_ice_extrap_only",58.78494633677,0.151280984282494
"species_4_contemp_ice_extrap_only",59.033747566986,0.154003202915192
"species_4_contemp_ice_extrap_only",59.282548797202,0.156772017478943
"species_4_contemp_ice_extrap_only",59.531350027418,0.159588053822517
"species_4_contemp_ice_extrap_only",59.780151257634,0.162451833486557
"species_4_contemp_ice_extrap_only",60.0289524878501,0.165363892912865
"species_4_contemp_ice_extrap_only",60.2777537180661,0.168324694037437
"species_4_contemp_ice_extrap_only",60.5265549482821,0.171336486935616
"species_4_contemp_ice_extrap_only",60.7753561784982,0.174406453967094
"species_4_contemp_ice_extrap_only",61.0241574087142,0.17752705514431
"species_4_contemp_ice_extrap_only",61.2729586389302,0.180698707699776
"species_4_contemp_ice_extrap_only",61.5217598691462,0.183922007679939
"species_4_contemp_ice_extrap_only",61.7705610993623,0.187682658433914
"species_4_contemp_ice_extrap_only",62.0193623295783,0.192289590835571
"species_4_contemp_ice_extrap_only",62.2681635597943,0.196990132331848
"species_4_contemp_ice_extrap_only",62.5169647900103,0.20178510248661
"species_4_contemp_ice_extrap_only",62.7657660202264,0.206675052642822
"species_4_contemp_ice_extrap_only",63.0145672504424,0.211660549044609
"species_4_contemp_ice_extrap_only",63.2633684806584,0.216741979122162
"species_4_contemp_ice_extrap_only",63.5121697108744,0.221919894218445
"species_4_contemp_ice_extrap_only",63.7609709410905,0.227194517850876
"species_4_contemp_ice_extrap_only",64.0097721713065,0.232566088438034
"species_4_contemp_ice_extrap_only",64.2585734015225,0.238034725189209
"species_4_contemp_ice_extrap_only",64.5073746317385,0.243600487709045
"species_4_contemp_ice_extrap_only",64.7561758619546,0.249263122677803
"species_4_contemp_ice_extrap_only",65.0049770921706,0.255022823810577
"species_4_contemp_ice_extrap_only",65.2537783223866,0.260879129171371
"species_4_contemp_ice_extrap_only",65.5025795526027,0.266831666231155
"species_4_contemp_ice_extrap_only",65.7513807828187,0.272879928350449
"species_4_contemp_ice_extrap_only",66.0001820130347,0.279023319482803
"species_4_contemp_ice_extrap_only",66.2489832432507,0.28526109457016
"species_4_contemp_ice_extrap_only",66.4977844734668,0.291592389345169
"species_4_contemp_ice_extrap_only",66.7465857036828,0.298016011714935
"species_4_contemp_ice_extrap_only",66.9953869338988,0.304531246423721
"species_4_contemp_ice_extrap_only",67.2441881641148,0.311136662960052
"species_4_contemp_ice_extrap_only",67.4929893943309,0.317830860614777
"species_4_contemp_ice_extrap_only",67.7417906245469,0.324612319469452
"species_4_contemp_ice_extrap_only",67.9905918547629,0.331479400396347
"species_4_contemp_ice_extrap_only",68.2393930849789,0.338430315256119
"species_4_contemp_ice_extrap_only",68.488194315195,0.345463126897812
"species_4_contemp_ice_extrap_only",68.736995545411,0.352575540542603
"species_4_contemp_ice_extrap_only",68.985796775627,0.35976579785347
"species_4_contemp_ice_extrap_only",69.234598005843,0.367031335830688
"species_4_contemp_ice_extrap_only",69.4833992360591,0.3743696808815
"species_4_contemp_ice_extrap_only",69.7322004662751,0.381778210401535
"species_4_contemp_ice_extrap_only",69.9810016964911,0.389254182577133
"species_4_contemp_ice_extrap_only",70.2298029267072,0.396794736385346
"species_4_contemp_ice_extrap_only",70.4786041569232,0.404396831989288
"species_4_contemp_ice_extrap_only",70.7274053871392,0.412057131528854
"species_4_contemp_ice_extrap_only",70.9762066173552,0.419772863388062
"species_4_contemp_ice_extrap_only",71.2250078475712,0.427540421485901
"species_4_contemp_ice_extrap_only",71.4738090777873,0.435356318950653
"species_4_contemp_ice_extrap_only",71.7226103080033,0.443216979503632
"species_4_contemp_ice_extrap_only",71.9714115382193,0.451118737459183
"species_4_contemp_ice_extrap_only",72.2202127684353,0.459057778120041
"species_4_contemp_ice_extrap_only",72.4690139986514,0.467030316591263
"species_4_contemp_ice_extrap_only",72.7178152288674,0.475032091140747
"species_4_contemp_ice_extrap_only",72.9666164590834,0.483059614896774
"species_4_contemp_ice_extrap_only",73.2154176892994,0.491108566522598
"species_4_contemp_ice_extrap_only",73.4642189195155,0.499174773693085
"species_4_contemp_ice_extrap_only",73.7130201497315,0.507254123687744
"species_4_contemp_ice_extrap_only",73.9618213799475,0.51534229516983
"species_4_contemp_ice_extrap_only",74.2106226101636,0.523435115814209
"species_4_contemp_ice_extrap_only",74.4594238403796,0.531528234481812
"species_4_contemp_ice_extrap_only",74.7082250705956,0.53961718082428
"species_4_contemp_ice_extrap_only",74.9570263008116,0.547698080539703
"species_4_contemp_ice_extrap_only",75.2058275310277,0.555766463279724
"species_4_contemp_ice_extrap_only",75.4546287612437,0.563817977905273
"species_4_contemp_ice_extrap_only",75.7034299914597,0.571848392486572
"species_4_contemp_ice_extrap_only",75.9522312216757,0.579853475093842
"species_4_contemp_ice_extrap_only",76.2010324518918,0.587829053401947
"species_4_contemp_ice_extrap_only",76.4498336821078,0.595771014690399
"species_4_contemp_ice_extrap_only",76.6986349123238,0.603674948215485
"species_4_contemp_ice_extrap_only",76.9474361425398,0.611537456512451
"species_4_contemp_ice_extrap_only",77.1962373727559,0.619354248046875
"species_4_contemp_ice_extrap_only",77.4450386029719,0.62712150812149
"species_4_contemp_ice_extrap_only",77.6938398331879,0.634835481643677
"species_4_contemp_ice_extrap_only",77.9426410634039,0.642492473125458
"species_4_contemp_ice_extrap_only",78.19144229362,0.650088965892792
"species_4_contemp_ice_extrap_only",78.440243523836,0.657621443271637
"species_4_contemp_ice_extrap_only",78.689044754052,0.665086388587952
"species_4_contemp_ice_extrap_only",78.937845984268,0.672481000423431
"species_4_contemp_ice_extrap_only",79.1866472144841,0.679802060127258
"species_4_contemp_ice_extrap_only",79.4354484447001,0.687046468257904
"species_4_contemp_ice_extrap_only",79.6842496749161,0.694211423397064
"species_4_contemp_ice_extrap_only",79.9330509051321,0.701294302940369
"species_4_contemp_ice_extrap_only",80.1818521353482,0.708292603492737
"species_4_contemp_ice_extrap_only",80.4306533655642,0.715203762054443
"species_4_contemp_ice_extrap_only",80.6794545957802,0.722025454044342
"species_4_contemp_ice_extrap_only",80.9282558259963,0.728755950927734
"species_4_contemp_ice_extrap_only",81.1770570562123,0.735393047332764
"species_4_contemp_ice_extrap_only",81.4258582864283,0.741934955120087
"species_4_contemp_ice_extrap_only",81.6746595166443,0.74838000535965
"species_4_contemp_ice_extrap_only",81.9234607468604,0.754726707935333
"species_4_contemp_ice_extrap_only",82.1722619770764,0.760973632335663
"species_4_contemp_ice_extrap_only",82.4210632072924,0.767119646072388
"species_4_contemp_ice_extrap_only",82.6698644375084,0.773163437843323
"species_4_contemp_ice_extrap_only",82.9186656677245,0.779104471206665
"species_4_contemp_ice_extrap_only",83.1674668979405,0.784941673278809
"species_4_contemp_ice_extrap_only",83.4162681281565,0.79067450761795
"species_4_contemp_ice_extrap_only",83.6650693583725,0.796302378177643
"species_4_contemp_ice_extrap_only",83.9138705885886,0.801824927330017
"species_4_contemp_ice_extrap_only",84.1626718188046,0.807241916656494
"species_4_contemp_ice_extrap_only",84.4114730490206,0.812553107738495
"species_4_contemp_ice_extrap_only",84.6602742792366,0.817758440971375
"species_4_contemp_ice_extrap_only",84.9090755094527,0.822858273983002
"species_4_contemp_ice_extrap_only",85.1578767396687,0.827852666378021
"species_4_contemp_ice_extrap_only",85.4066779698847,0.831780016422272
"species_4_contemp_ice_extrap_only",85.6554792001007,0.834848642349243
"species_4_contemp_ice_extrap_only",85.9042804303168,0.837879121303558
"species_4_contemp_ice_extrap_only",86.1530816605328,0.840871393680573
"species_4_contemp_ice_extrap_only",86.4018828907488,0.843825340270996
"species_4_contemp_ice_extrap_only",86.6506841209648,0.846740961074829
"species_4_contemp_ice_extrap_only",86.8994853511809,0.849618434906006
"species_4_contemp_ice_extrap_only",87.1482865813969,0.852457702159882
"species_4_contemp_ice_extrap_only",87.3970878116129,0.855258703231812
"species_4_contemp_ice_extrap_only",87.645889041829,0.858021557331085
"species_4_contemp_ice_extrap_only",87.894690272045,0.860746383666992
"species_4_contemp_ice_extrap_only",88.143491502261,0.863433182239532
"species_4_contemp_ice_extrap_only",88.392292732477,0.86608213186264
"species_4_contemp_ice_extrap_only",88.641093962693,0.868649899959564
"species_4_contemp_ice_extrap_only",88.8898951929091,0.870425820350647
"species_4_contemp_ice_extrap_only",89.1386964231251,0.872186958789825
"species_4_contemp_ice_extrap_only",89.3874976533411,0.873933136463165
"species_4_contemp_ice_extrap_only",89.6362988835572,0.875664472579956
"species_4_contemp_ice_extrap_only",89.8851001137732,0.877380728721619
"species_4_contemp_ice_extrap_only",90.1339013439892,0.879082024097443
"species_4_contemp_ice_extrap_only",90.3827025742052,0.880768179893494
"species_4_contemp_ice_extrap_only",90.6315038044213,0.882439255714417
"species_4_contemp_ice_extrap_only",90.8803050346373,0.884095191955566
"species_4_contemp_ice_extrap_only",91.1291062648533,0.885735929012299
"species_4_contemp_ice_extrap_only",91.3779074950693,0.887361466884613
"species_4_contemp_ice_extrap_only",91.6267087252854,0.88897180557251
"species_4_contemp_ice_extrap_only",91.8755099555014,0.890566885471344
"species_4_contemp_ice_extrap_only",92.1243111857174,0.89214676618576
"species_4_contemp_ice_extrap_only",92.3731124159334,0.893711268901825
"species_4_contemp_ice_extrap_only",92.6219136461495,0.895260512828827
"species_4_contemp_ice_extrap_only",92.8707148763655,0.896794497966766
"species_4_contemp_ice_extrap_only",93.1195161065815,0.898313224315643
"species_4_contemp_ice_extrap_only",93.3683173367976,0.899816691875458
"species_4_contemp_ice_extrap_only",93.6171185670136,0.901304841041565
"species_4_contemp_ice_extrap_only",93.8659197972296,0.902777671813965
"species_4_contemp_ice_extrap_only",94.1147210274456,0.904235303401947
"species_4_contemp_ice_extrap_only",94.3635222576617,0.905677735805512
"species_4_contemp_ice_extrap_only",94.6123234878777,0.907104849815369
"species_4_contemp_ice_extrap_only",94.8611247180937,0.908516764640808
"species_4_contemp_ice_extrap_only",95.1099259483097,0.909913599491119
"species_4_contemp_ice_extrap_only",95.3587271785258,0.911295235157013
"species_4_contemp_ice_extrap_only",95.6075284087418,0.912661731243134
"species_4_contemp_ice_extrap_only",95.8563296389578,0.914013147354126
"species_4_contemp_ice_extrap_only",96.1051308691738,0.915349543094635
"species_4_contemp_ice_extrap_only",96.3539320993899,0.916670978069305
"species_4_contemp_ice_extrap_only",96.6027333296059,0.917977333068848
"species_4_contemp_ice_extrap_only",96.8515345598219,0.919268846511841
"species_4_contemp_ice_extrap_only",97.100335790038,0.920545518398285
"species_4_contemp_ice_extrap_only",97.349137020254,0.92180734872818
"species_4_contemp_ice_extrap_only",97.59793825047,0.923054397106171
"species_4_contemp_ice_extrap_only",97.846739480686,0.924286723136902
"species_4_contemp_ice_extrap_only",98.095540710902,0.925504446029663
"species_4_contemp_ice_extrap_only",98.3443419411181,0.926707565784454
"species_4_contemp_ice_extrap_only",98.5931431713341,0.927896082401276
"species_4_contemp_ice_extrap_only",98.8419444015501,0.929070234298706
"species_4_contemp_ice_extrap_only",99.0907456317662,0.930229961872101
"species_4_contemp_ice_extrap_only",99.3395468619822,0.93137538433075
"species_4_contemp_ice_extrap_only",99.5883480921982,0.932506501674652
"species_4_contemp_ice_extrap_only",99.8371493224142,0.933623492717743
"species_4_contemp_ice_extrap_only",100.08595055263,0.934726417064667
"species_4_contemp_ice_extrap_only",100.334751782846,0.935815274715424
"species_4_contemp_ice_extrap_only",100.583553013062,0.936890184879303
"species_4_contemp_ice_extrap_only",100.832354243278,0.93795120716095
"species_4_contemp_ice_extrap_only",101.081155473494,0.938998520374298
"species_4_contemp_ice_extrap_only",101.32995670371,0.940032124519348
"species_4_contemp_ice_extrap_only",101.578757933926,0.941052138805389
"species_4_contemp_ice_extrap_only",101.827559164142,0.942058622837067
"species_4_contemp_ice_extrap_only",102.076360394358,0.943051636219025
"species_4_contemp_ice_extrap_only",102.325161624574,0.944031417369842
"species_4_contemp_ice_extrap_only",102.573962854791,0.944997847080231
"species_4_contemp_ice_extrap_only",102.822764085007,0.945951223373413
"species_4_contemp_ice_extrap_only",103.071565315223,0.946891486644745
"species_4_contemp_ice_extrap_only",103.320366545439,0.947818875312805
"species_4_contemp_ice_extrap_only",103.569167775655,0.948733389377594
"species_4_contemp_ice_extrap_only",103.817969005871,0.949635088443756
"species_4_contemp_ice_extrap_only",104.066770236087,0.950524210929871
"species_4_contemp_ice_extrap_only",104.315571466303,0.950817763805389
"species_4_contemp_ice_extrap_only",104.564372696519,0.950817763805389
"species_4_contemp_ice_extrap_only",104.813173926735,0.950817763805389
"species_4_contemp_ice_extrap_only",105.061975156951,0.950817763805389
"species_4_contemp_ice_extrap_only",105.310776387167,0.950817763805389
"species_4_contemp_ice_extrap_only",105.559577617383,0.950817763805389
"species_4_contemp_ice_extrap_only",105.808378847599,0.950817763805389
"species_4_contemp_ice_extrap_only",106.057180077815,0.950817763805389
"species_4_contemp_ice_extrap_only",106.305981308031,0.950817763805389
"species_4_contemp_ice_extrap_only",106.554782538247,0.950817763805389
"species_4_contemp_ice_extrap_only",106.803583768463,0.950817763805389
"species_4_contemp_ice_extrap_only",107.052384998679,0.950817763805389
"species_4_contemp_ice_extrap_only",107.301186228895,0.950817763805389
"species_4_contemp_ice_extrap_only",107.549987459111,0.950817763805389
"species_4_contemp_ice_extrap_only",107.798788689327,0.950817763805389
"species_4_contemp_ice_extrap_only",108.047589919543,0.950817763805389
"species_4_contemp_ice_extrap_only",108.296391149759,0.950817763805389
"species_4_contemp_ice_extrap_only",108.545192379975,0.950817763805389
"species_4_contemp_ice_extrap_only",108.793993610191,0.950817763805389
"species_4_contemp_ice_extrap_only",109.042794840407,0.950817763805389
"species_4_contemp_ice_extrap_only",109.291596070623,0.950817763805389
"species_4_contemp_ice_extrap_only",109.540397300839,0.950817763805389
"species_4_contemp_ice_extrap_only",109.789198531055,0.950817763805389
"species_4_contemp_ice_extrap_only",110.037999761271,0.950817763805389
"species_4_contemp_ice_extrap_only",110.286800991487,0.950817763805389
"species_4_contemp_ice_extrap_only",110.535602221703,0.950817763805389
"species_4_contemp_ice_extrap_only",110.784403451919,0.950817763805389
"species_4_contemp_ice_extrap_only",111.033204682135,0.950817763805389
"species_4_contemp_ice_extrap_only",111.282005912351,0.950817763805389
"species_4_contemp_ice_extrap_only",111.530807142567,0.950817763805389
"species_4_contemp_ice_extrap_only",111.779608372783,0.950817763805389
"species_4_contemp_ice_extrap_only",112.028409602999,0.950817763805389
"species_4_contemp_ice_extrap_only",112.277210833216,0.950817763805389
"species_4_contemp_ice_extrap_only",112.526012063432,0.950817763805389
"species_4_contemp_ice_extrap_only",112.774813293648,0.950817763805389
"species_4_contemp_ice_extrap_only",113.023614523864,0.950817763805389
"species_4_contemp_ice_extrap_only",113.27241575408,0.950817763805389
"species_4_contemp_ice_extrap_only",113.521216984296,0.950817763805389
"species_4_contemp_ice_extrap_only",113.770018214512,0.950817763805389
"species_4_contemp_ice_extrap_only",114.018819444728,0.950817763805389
"species_4_contemp_ice_extrap_only",114.267620674944,0.950817763805389
"species_4_contemp_ice_extrap_only",114.51642190516,0.950817763805389
"species_4_contemp_ice_extrap",-9.88419320285318,0.000952326925471425
"species_4_contemp_ice_extrap",-9.63539197263716,0.000952326925471425
"species_4_contemp_ice_extrap",-9.38659074242113,0.000952326925471425
"species_4_contemp_ice_extrap",-9.13778951220511,0.000952326925471425
"species_4_contemp_ice_extrap",-8.88898828198908,0.000952326925471425
"species_4_contemp_ice_extrap",-8.64018705177306,0.000952326925471425
"species_4_contemp_ice_extrap",-8.39138582155703,0.000952326925471425
"species_4_contemp_ice_extrap",-8.142584591341,0.000952326925471425
"species_4_contemp_ice_extrap",-7.89378336112498,0.000952326925471425
"species_4_contemp_ice_extrap",-7.64498213090895,0.000952326925471425
"species_4_contemp_ice_extrap",-7.39618090069293,0.000952326925471425
"species_4_contemp_ice_extrap",-7.1473796704769,0.000952326925471425
"species_4_contemp_ice_extrap",-6.89857844026087,0.000952326925471425
"species_4_contemp_ice_extrap",-6.64977721004485,0.000952326925471425
"species_4_contemp_ice_extrap",-6.40097597982882,0.000952326925471425
"species_4_contemp_ice_extrap",-6.1521747496128,0.000952326925471425
"species_4_contemp_ice_extrap",-5.90337351939677,0.000952326925471425
"species_4_contemp_ice_extrap",-5.65457228918075,0.000952326925471425
"species_4_contemp_ice_extrap",-5.40577105896472,0.000952326925471425
"species_4_contemp_ice_extrap",-5.15696982874869,0.000952326925471425
"species_4_contemp_ice_extrap",-4.90816859853267,0.000952326925471425
"species_4_contemp_ice_extrap",-4.65936736831664,0.000952326925471425
"species_4_contemp_ice_extrap",-4.41056613810062,0.000952326925471425
"species_4_contemp_ice_extrap",-4.16176490788459,0.000952326925471425
"species_4_contemp_ice_extrap",-3.91296367766856,0.000952326925471425
"species_4_contemp_ice_extrap",-3.66416244745254,0.000952326925471425
"species_4_contemp_ice_extrap",-3.41536121723651,0.000952326925471425
"species_4_contemp_ice_extrap",-3.16655998702049,0.000952326925471425
"species_4_contemp_ice_extrap",-2.91775875680446,0.000952326925471425
"species_4_contemp_ice_extrap",-2.66895752658843,0.000952326925471425
"species_4_contemp_ice_extrap",-2.42015629637241,0.000952326925471425
"species_4_contemp_ice_extrap",-2.17135506615638,0.000952326925471425
"species_4_contemp_ice_extrap",-1.92255383594036,0.000952326925471425
"species_4_contemp_ice_extrap",-1.67375260572433,0.000952326925471425
"species_4_contemp_ice_extrap",-1.42495137550831,0.000952326925471425
"species_4_contemp_ice_extrap",-1.17615014529228,0.000952326925471425
"species_4_contemp_ice_extrap",-0.927348915076255,0.000952326925471425
"species_4_contemp_ice_extrap",-0.678547684860229,0.000952326925471425
"species_4_contemp_ice_extrap",-0.429746454644203,0.000952326925471425
"species_4_contemp_ice_extrap",-0.180945224428177,0.000952326925471425
"species_4_contemp_ice_extrap",0.0678560057878492,0.000952326925471425
"species_4_contemp_ice_extrap",0.316657236003875,0.000952326925471425
"species_4_contemp_ice_extrap",0.565458466219901,0.00097884179558605
"species_4_contemp_ice_extrap",0.814259696435927,0.0010629027383402
"species_4_contemp_ice_extrap",1.06306092665195,0.00115418853238225
"species_4_contemp_ice_extrap",1.31186215686798,0.00125332002062351
"species_4_contemp_ice_extrap",1.56066338708401,0.0013609710149467
"species_4_contemp_ice_extrap",1.80946461730003,0.00147787318564951
"species_4_contemp_ice_extrap",2.05826584751606,0.00160482060164213
"species_4_contemp_ice_extrap",2.30706707773208,0.00174267520196736
"species_4_contemp_ice_extrap",2.55586830794811,0.0018923725001514
"species_4_contemp_ice_extrap",2.80466953816413,0.00205492810346186
"species_4_contemp_ice_extrap",3.05347076838016,0.00223144353367388
"species_4_contemp_ice_extrap",3.30227199859619,0.00242311484180391
"species_4_contemp_ice_extrap",3.55107322881221,0.00263123889453709
"species_4_contemp_ice_extrap",3.79987445902824,0.00285722338594496
"species_4_contemp_ice_extrap",4.04867568924426,0.00310259428806603
"species_4_contemp_ice_extrap",4.29747691946029,0.0033690077252686
"species_4_contemp_ice_extrap",4.54627814967631,0.0036582590546459
"species_4_contemp_ice_extrap",4.79507937989234,0.00397229474037886
"species_4_contemp_ice_extrap",5.04388061010837,0.00431322446092963
"species_4_contemp_ice_extrap",5.29268184032439,0.00468333577737212
"species_4_contemp_ice_extrap",5.54148307054042,0.00508510647341609
"species_4_contemp_ice_extrap",5.79028430075644,0.00552122108638287
"species_4_contemp_ice_extrap",6.03908553097247,0.0059945872053504
"species_4_contemp_ice_extrap",6.2878867611885,0.0065083522349596
"species_4_contemp_ice_extrap",6.53668799140452,0.00706592341884971
"species_4_contemp_ice_extrap",6.78548922162055,0.00767098739743233
"species_4_contemp_ice_extrap",7.03429045183657,0.00832753255963326
"species_4_contemp_ice_extrap",7.2830916820526,0.0090398695319891
"species_4_contemp_ice_extrap",7.53189291226862,0.00981265679001808
"species_4_contemp_ice_extrap",7.78069414248465,0.0106509290635586
"species_4_contemp_ice_extrap",8.02949537270067,0.0115601178258657
"species_4_contemp_ice_extrap",8.2782966029167,0.0125460876151919
"species_4_contemp_ice_extrap",8.52709783313273,0.0136151602491736
"species_4_contemp_ice_extrap",8.77589906334875,0.0147741474211216
"species_4_contemp_ice_extrap",9.02470029356478,0.0160303860902786
"species_4_contemp_ice_extrap",9.27350152378081,0.0173917692154646
"species_4_contemp_ice_extrap",9.52230275399683,0.0188667811453342
"species_4_contemp_ice_extrap",9.77110398421286,0.0204645339399576
"species_4_contemp_ice_extrap",10.0199052144289,0.0221948027610779
"species_4_contemp_ice_extrap",10.2687064446449,0.0240680631250143
"species_4_contemp_ice_extrap",10.5175076748609,0.026095524430275
"species_4_contemp_ice_extrap",10.766308905077,0.0282891672104597
"species_4_contemp_ice_extrap",11.015110135293,0.0306617766618729
"species_4_contemp_ice_extrap",11.263911365509,0.0332269705832005
"species_4_contemp_ice_extrap",11.512712595725,0.035999234765768
"species_4_contemp_ice_extrap",11.7615138259411,0.0389939360320568
"species_4_contemp_ice_extrap",12.0103150561571,0.0422273501753807
"species_4_contemp_ice_extrap",12.2591162863731,0.0457166694104671
"species_4_contemp_ice_extrap",12.5079175165891,0.049480002373457
"species_4_contemp_ice_extrap",12.7567187468052,0.0535363852977753
"species_4_contemp_ice_extrap",13.0055199770212,0.0579057261347771
"species_4_contemp_ice_extrap",13.2543212072372,0.0626088082790375
"species_4_contemp_ice_extrap",13.5031224374532,0.0676672235131264
"species_4_contemp_ice_extrap",13.7519236676693,0.0731033012270927
"species_4_contemp_ice_extrap",14.0007248978853,0.0789400115609169
"species_4_contemp_ice_extrap",14.2495261281013,0.0852008759975433
"species_4_contemp_ice_extrap",14.4983273583173,0.0919097810983658
"species_4_contemp_ice_extrap",14.7471285885334,0.0990908518433571
"species_4_contemp_ice_extrap",14.9959298187494,0.106768205761909
"species_4_contemp_ice_extrap",15.2447310489654,0.114965751767159
"species_4_contemp_ice_extrap",15.4935322791815,0.123706877231598
"species_4_contemp_ice_extrap",15.7423335093975,0.133014157414436
"species_4_contemp_ice_extrap",15.9911347396135,0.136673703789711
"species_4_contemp_ice_extrap",16.2399359698295,0.140418246388435
"species_4_contemp_ice_extrap",16.4887372000456,0.141117855906487
"species_4_contemp_ice_extrap",16.7375384302616,0.141218468546867
"species_4_contemp_ice_extrap",16.9863396604776,0.141320660710335
"species_4_contemp_ice_extrap",17.2351408906936,0.141424432396889
"species_4_contemp_ice_extrap",17.4839421209097,0.141529753804207
"species_4_contemp_ice_extrap",17.7327433511257,0.141636669635773
"species_4_contemp_ice_extrap",17.9815445813417,0.141745164990425
"species_4_contemp_ice_extrap",18.2303458115577,0.141855239868164
"species_4_contemp_ice_extrap",18.4791470417738,0.14196689426899
"species_4_contemp_ice_extrap",18.7279482719898,0.142080143094063
"species_4_contemp_ice_extrap",18.9767495022058,0.142194986343384
"species_4_contemp_ice_extrap",19.2255507324218,0.142311424016953
"species_4_contemp_ice_extrap",19.4743519626379,0.142429456114769
"species_4_contemp_ice_extrap",19.7231531928539,0.142549082636833
"species_4_contemp_ice_extrap",19.9719544230699,0.142670318484306
"species_4_contemp_ice_extrap",20.220755653286,0.142793163657188
"species_4_contemp_ice_extrap",20.469556883502,0.142917618155479
"species_4_contemp_ice_extrap",20.718358113718,0.143043681979179
"species_4_contemp_ice_extrap",20.967159343934,0.143171370029449
"species_4_contemp_ice_extrap",21.21596057415,0.14330068230629
"species_4_contemp_ice_extrap",21.4647618043661,0.143431603908539
"species_4_contemp_ice_extrap",21.7135630345821,0.143564164638519
"species_4_contemp_ice_extrap",21.9623642647981,0.14369834959507
"species_4_contemp_ice_extrap",22.2111654950141,0.143834188580513
"species_4_contemp_ice_extrap",22.4599667252302,0.143971651792526
"species_4_contemp_ice_extrap",22.7087679554462,0.144110754132271
"species_4_contemp_ice_extrap",22.9575691856622,0.144251495599747
"species_4_contemp_ice_extrap",23.2063704158783,0.144393905997276
"species_4_contemp_ice_extrap",23.4551716460943,0.144537955522537
"species_4_contemp_ice_extrap",23.7039728763103,0.144683673977852
"species_4_contemp_ice_extrap",23.9527741065263,0.144831046462059
"species_4_contemp_ice_extrap",24.2015753367424,0.14498008787632
"species_4_contemp_ice_extrap",24.4503765669584,0.145130798220634
"species_4_contemp_ice_extrap",24.6991777971744,0.145283177495003
"species_4_contemp_ice_extrap",24.9479790273904,0.145437240600586
"species_4_contemp_ice_extrap",25.1967802576065,0.145592987537384
"species_4_contemp_ice_extrap",25.4455814878225,0.145750403404236
"species_4_contemp_ice_extrap",25.6943827180385,0.145909532904625
"species_4_contemp_ice_extrap",25.9431839482545,0.146070346236229
"species_4_contemp_ice_extrap",26.1919851784706,0.146232858300209
"species_4_contemp_ice_extrap",26.4407864086866,0.146397069096565
"species_4_contemp_ice_extrap",26.6895876389026,0.146562993526459
"species_4_contemp_ice_extrap",26.9383888691186,0.146730616688728
"species_4_contemp_ice_extrap",27.1871900993347,0.146899968385696
"species_4_contemp_ice_extrap",27.4359913295507,0.147071048617363
"species_4_contemp_ice_extrap",27.6847925597667,0.147243842482567
"species_4_contemp_ice_extrap",27.9335937899827,0.147418364882469
"species_4_contemp_ice_extrap",28.1823950201988,0.147594630718231
"species_4_contemp_ice_extrap",28.4311962504148,0.147772625088692
"species_4_contemp_ice_extrap",28.6799974806308,0.147952377796173
"species_4_contemp_ice_extrap",28.9287987108468,0.148133859038353
"species_4_contemp_ice_extrap",29.1775999410629,0.148317113518715
"species_4_contemp_ice_extrap",29.4264011712789,0.148502126336098
"species_4_contemp_ice_extrap",29.6752024014949,0.148688897490501
"species_4_contemp_ice_extrap",29.924003631711,0.148877426981926
"species_4_contemp_ice_extrap",30.172804861927,0.149067744612694
"species_4_contemp_ice_extrap",30.421606092143,0.149259835481644
"species_4_contemp_ice_extrap",30.670407322359,0.149453714489937
"species_4_contemp_ice_extrap",30.9192085525751,0.149649381637573
"species_4_contemp_ice_extrap",31.1680097827911,0.149846836924553
"species_4_contemp_ice_extrap",31.4168110130071,0.150046095252037
"species_4_contemp_ice_extrap",31.6656122432231,0.150247171521187
"species_4_contemp_ice_extrap",31.9144134734392,0.15045003592968
"species_4_contemp_ice_extrap",32.1632147036552,0.150654733181
"species_4_contemp_ice_extrap",32.4120159338712,0.150861248373985
"species_4_contemp_ice_extrap",32.6608171640872,0.151069581508636
"species_4_contemp_ice_extrap",32.9096183943033,0.151279747486115
"species_4_contemp_ice_extrap",33.1584196245193,0.151491761207581
"species_4_contemp_ice_extrap",33.4072208547353,0.151705622673035
"species_4_contemp_ice_extrap",33.6560220849513,0.151921316981316
"species_4_contemp_ice_extrap",33.9048233151674,0.152138873934746
"species_4_contemp_ice_extrap",34.1536245453834,0.152358293533325
"species_4_contemp_ice_extrap",34.4024257755994,0.152579575777054
"species_4_contemp_ice_extrap",34.6512270058154,0.152802735567093
"species_4_contemp_ice_extrap",34.9000282360315,0.153027772903442
"species_4_contemp_ice_extrap",35.1488294662475,0.153254687786102
"species_4_contemp_ice_extrap",35.3976306964635,0.153483495116234
"species_4_contemp_ice_extrap",35.6464319266795,0.153714209794998
"species_4_contemp_ice_extrap",35.8952331568956,0.153946816921234
"species_4_contemp_ice_extrap",36.1440343871116,0.154181331396103
"species_4_contemp_ice_extrap",36.3928356173276,0.154417768120766
"species_4_contemp_ice_extrap",36.6416368475437,0.154656112194061
"species_4_contemp_ice_extrap",36.8904380777597,0.154896393418312
"species_4_contemp_ice_extrap",37.1392393079757,0.155138611793518
"species_4_contemp_ice_extrap",37.3880405381917,0.155382767319679
"species_4_contemp_ice_extrap",37.6368417684078,0.155628874897957
"species_4_contemp_ice_extrap",37.8856429986238,0.155876934528351
"species_4_contemp_ice_extrap",38.1344442288398,0.156126946210861
"species_4_contemp_ice_extrap",38.3832454590558,0.156378924846649
"species_4_contemp_ice_extrap",38.6320466892719,0.156632885336876
"species_4_contemp_ice_extrap",38.8808479194879,0.15688881278038
"species_4_contemp_ice_extrap",39.1296491497039,0.157146736979485
"species_4_contemp_ice_extrap",39.3784503799199,0.157406657934189
"species_4_contemp_ice_extrap",39.627251610136,0.157668575644493
"species_4_contemp_ice_extrap",39.876052840352,0.157932490110397
"species_4_contemp_ice_extrap",40.124854070568,0.158198431134224
"species_4_contemp_ice_extrap",40.373655300784,0.158466383814812
"species_4_contemp_ice_extrap",40.6224565310001,0.158736377954483
"species_4_contemp_ice_extrap",40.8712577612161,0.159008398652077
"species_4_contemp_ice_extrap",41.1200589914321,0.159282460808754
"species_4_contemp_ice_extrap",41.3688602216481,0.159558564424515
"species_4_contemp_ice_extrap",41.6176614518642,0.159836739301682
"species_4_contemp_ice_extrap",41.8664626820802,0.160116970539093
"species_4_contemp_ice_extrap",42.1152639122962,0.160399287939072
"species_4_contemp_ice_extrap",42.3640651425122,0.160683661699295
"species_4_contemp_ice_extrap",42.6128663727283,0.160970136523247
"species_4_contemp_ice_extrap",42.8616676029443,0.161258697509766
"species_4_contemp_ice_extrap",43.1104688331603,0.161549359560013
"species_4_contemp_ice_extrap",43.3592700633763,0.16184213757515
"species_4_contemp_ice_extrap",43.6080712935924,0.162137031555176
"species_4_contemp_ice_extrap",43.8568725238084,0.162434041500092
"species_4_contemp_ice_extrap",44.1056737540244,0.162733197212219
"species_4_contemp_ice_extrap",44.3544749842404,0.163034468889236
"species_4_contemp_ice_extrap",44.6032762144565,0.163337901234627
"species_4_contemp_ice_extrap",44.8520774446725,0.16364349424839
"species_4_contemp_ice_extrap",45.1008786748885,0.163951247930527
"species_4_contemp_ice_extrap",45.3496799051046,0.164261177182198
"species_4_contemp_ice_extrap",45.5984811353206,0.164573282003403
"species_4_contemp_ice_extrap",45.8472823655366,0.164887577295303
"species_4_contemp_ice_extrap",46.0960835957526,0.165204063057899
"species_4_contemp_ice_extrap",46.3448848259687,0.165522739291191
"species_4_contemp_ice_extrap",46.5936860561847,0.165843650698662
"species_4_contemp_ice_extrap",46.8424872864007,0.166166767477989
"species_4_contemp_ice_extrap",47.0912885166167,0.166492119431496
"species_4_contemp_ice_extrap",47.3400897468328,0.166819706559181
"species_4_contemp_ice_extrap",47.5888909770488,0.167149543762207
"species_4_contemp_ice_extrap",47.8376922072648,0.167481631040573
"species_4_contemp_ice_extrap",48.0864934374808,0.167815983295441
"species_4_contemp_ice_extrap",48.3352946676969,0.168152615427971
"species_4_contemp_ice_extrap",48.5840958979129,0.168491512537003
"species_4_contemp_ice_extrap",48.8328971281289,0.168832704424858
"species_4_contemp_ice_extrap",49.0816983583449,0.169176191091537
"species_4_contemp_ice_extrap",49.330499588561,0.169521987438202
"species_4_contemp_ice_extrap",49.579300818777,0.169870093464851
"species_4_contemp_ice_extrap",49.828102048993,0.170220538973808
"species_4_contemp_ice_extrap",50.076903279209,0.17057329416275
"species_4_contemp_ice_extrap",50.3257045094251,0.170928403735161
"species_4_contemp_ice_extrap",50.5745057396411,0.17128586769104
"species_4_contemp_ice_extrap",50.8233069698571,0.171645686030388
"species_4_contemp_ice_extrap",51.0721082000732,0.172007873654366
"species_4_contemp_ice_extrap",51.3209094302892,0.172372430562973
"species_4_contemp_ice_extrap",51.5697106605052,0.172739386558533
"species_4_contemp_ice_extrap",51.8185118907212,0.173108741641045
"species_4_contemp_ice_extrap",52.0673131209373,0.17348051071167
"species_4_contemp_ice_extrap",52.3161143511533,0.173854678869247
"species_4_contemp_ice_extrap",52.5649155813693,0.1742312759161
"species_4_contemp_ice_extrap",52.8137168115853,0.174610316753387
"species_4_contemp_ice_extrap",53.0625180418014,0.17499178647995
"species_4_contemp_ice_extrap",53.3113192720174,0.175375714898109
"species_4_contemp_ice_extrap",53.5601205022334,0.175762116909027
"species_4_contemp_ice_extrap",53.8089217324494,0.176150977611542
"species_4_contemp_ice_extrap",54.0577229626655,0.176542341709137
"species_4_contemp_ice_extrap",54.3065241928815,0.17693617939949
"species_4_contemp_ice_extrap",54.5553254230975,0.177332520484924
"species_4_contemp_ice_extrap",54.8041266533135,0.1777313798666
"species_4_contemp_ice_extrap",55.0529278835296,0.178132772445679
"species_4_contemp_ice_extrap",55.3017291137456,0.178536683320999
"species_4_contemp_ice_extrap",55.5505303439616,0.178943142294884
"species_4_contemp_ice_extrap",55.7993315741776,0.179352149367332
"species_4_contemp_ice_extrap",56.0481328043937,0.179763719439507
"species_4_contemp_ice_extrap",56.2969340346097,0.180177867412567
"species_4_contemp_ice_extrap",56.5457352648257,0.180594593286514
"species_4_contemp_ice_extrap",56.7945364950418,0.181013911962509
"species_4_contemp_ice_extrap",57.0433377252578,0.181435853242874
"species_4_contemp_ice_extrap",57.2921389554738,0.181860387325287
"species_4_contemp_ice_extrap",57.5409401856898,0.182531997561455
"species_4_contemp_ice_extrap",57.7897414159059,0.183236762881279
"species_4_contemp_ice_extrap",58.0385426461219,0.183945506811142
"species_4_contemp_ice_extrap",58.2873438763379,0.184951394796371
"species_4_contemp_ice_extrap",58.5361451065539,0.186237558722496
"species_4_contemp_ice_extrap",58.78494633677,0.18756902217865
"species_4_contemp_ice_extrap",59.033747566986,0.188909724354744
"species_4_contemp_ice_extrap",59.282548797202,0.190259635448456
"species_4_contemp_ice_extrap",59.531350027418,0.191618874669075
"species_4_contemp_ice_extrap",59.780151257634,0.192987442016602
"species_4_contemp_ice_extrap",60.0289524878501,0.194365382194519
"species_4_contemp_ice_extrap",60.2777537180661,0.195752710103989
"species_4_contemp_ice_extrap",60.5265549482821,0.197149515151978
"species_4_contemp_ice_extrap",60.7753561784982,0.198555782437324
"species_4_contemp_ice_extrap",61.0241574087142,0.199971586465836
"species_4_contemp_ice_extrap",61.2729586389302,0.201396927237511
"species_4_contemp_ice_extrap",61.5217598691462,0.202831879258156
"species_4_contemp_ice_extrap",61.7705610993623,0.204276457428932
"species_4_contemp_ice_extrap",62.0193623295783,0.205730706453323
"species_4_contemp_ice_extrap",62.2681635597943,0.207194626331329
"species_4_contemp_ice_extrap",62.5169647900103,0.208668291568756
"species_4_contemp_ice_extrap",62.7657660202264,0.210151731967926
"species_4_contemp_ice_extrap",63.0145672504424,0.211798012256622
"species_4_contemp_ice_extrap",63.2633684806584,0.21356588602066
"species_4_contemp_ice_extrap",63.5121697108744,0.215461581945419
"species_4_contemp_ice_extrap",63.7609709410905,0.217741206288338
"species_4_contemp_ice_extrap",64.0097721713065,0.220040321350098
"species_4_contemp_ice_extrap",64.2585734015225,0.222358956933022
"species_4_contemp_ice_extrap",64.5073746317385,0.224697157740593
"species_4_contemp_ice_extrap",64.7561758619546,0.227054864168167
"species_4_contemp_ice_extrap",65.0049770921706,0.22943226993084
"species_4_contemp_ice_extrap",65.2537783223866,0.231829315423965
"species_4_contemp_ice_extrap",65.5025795526027,0.234246015548706
"species_4_contemp_ice_extrap",65.7513807828187,0.236682400107384
"species_4_contemp_ice_extrap",66.0001820130347,0.239138469099998
"species_4_contemp_ice_extrap",66.2489832432507,0.241614237427711
"species_4_contemp_ice_extrap",66.4977844734668,0.244109705090523
"species_4_contemp_ice_extrap",66.7465857036828,0.246624797582626
"species_4_contemp_ice_extrap",66.9953869338988,0.249159663915634
"species_4_contemp_ice_extrap",67.2441881641148,0.25171422958374
"species_4_contemp_ice_extrap",67.4929893943309,0.254288464784622
"species_4_contemp_ice_extrap",67.7417906245469,0.256882339715958
"species_4_contemp_ice_extrap",67.9905918547629,0.259495884180069
"species_4_contemp_ice_extrap",68.2393930849789,0.262129038572311
"species_4_contemp_ice_extrap",68.488194315195,0.264781773090362
"species_4_contemp_ice_extrap",68.736995545411,0.267453968524933
"species_4_contemp_ice_extrap",68.985796775627,0.270145773887634
"species_4_contemp_ice_extrap",69.234598005843,0.272857040166855
"species_4_contemp_ice_extrap",69.4833992360591,0.27558770775795
"species_4_contemp_ice_extrap",69.7322004662751,0.278337776660919
"species_4_contemp_ice_extrap",69.9810016964911,0.281107127666473
"species_4_contemp_ice_extrap",70.2298029267072,0.283895701169968
"species_4_contemp_ice_extrap",70.4786041569232,0.28670346736908
"species_4_contemp_ice_extrap",70.7274053871392,0.289530247449875
"species_4_contemp_ice_extrap",70.9762066173552,0.292376130819321
"species_4_contemp_ice_extrap",71.2250078475712,0.295240938663483
"species_4_contemp_ice_extrap",71.4738090777873,0.298124611377716
"species_4_contemp_ice_extrap",71.7226103080033,0.301027029752731
"species_4_contemp_ice_extrap",71.9714115382193,0.303948074579239
"species_4_contemp_ice_extrap",72.2202127684353,0.306887686252594
"species_4_contemp_ice_extrap",72.4690139986514,0.309845715761185
"species_4_contemp_ice_extrap",72.7178152288674,0.312821984291077
"species_4_contemp_ice_extrap",72.9666164590834,0.315816551446915
"species_4_contemp_ice_extrap",73.2154176892994,0.318829149007797
"species_4_contemp_ice_extrap",73.4642189195155,0.321859687566757
"species_4_contemp_ice_extrap",73.7130201497315,0.324908047914505
"species_4_contemp_ice_extrap",73.9618213799475,0.327974021434784
"species_4_contemp_ice_extrap",74.2106226101636,0.331057488918304
"species_4_contemp_ice_extrap",74.4594238403796,0.334158331155777
"species_4_contemp_ice_extrap",74.7082250705956,0.337276220321655
"species_4_contemp_ice_extrap",74.9570263008116,0.340411245822906
"species_4_contemp_ice_extrap",75.2058275310277,0.343563079833984
"species_4_contemp_ice_extrap",75.4546287612437,0.346731603145599
"species_4_contemp_ice_extrap",75.7034299914597,0.349916577339172
"species_4_contemp_ice_extrap",75.9522312216757,0.353117823600769
"species_4_contemp_ice_extrap",76.2010324518918,0.356335163116455
"species_4_contemp_ice_extrap",76.4498336821078,0.359568387269974
"species_4_contemp_ice_extrap",76.6986349123238,0.362817198038101
"species_4_contemp_ice_extrap",76.9474361425398,0.366081535816193
"species_4_contemp_ice_extrap",77.1962373727559,0.369361162185669
"species_4_contemp_ice_extrap",77.4450386029719,0.372655749320984
"species_4_contemp_ice_extrap",77.6938398331879,0.375965148210526
"species_4_contemp_ice_extrap",77.9426410634039,0.379289120435715
"species_4_contemp_ice_extrap",78.19144229362,0.382627367973328
"species_4_contemp_ice_extrap",78.440243523836,0.385979652404785
"species_4_contemp_ice_extrap",78.689044754052,0.389345675706863
"species_4_contemp_ice_extrap",78.937845984268,0.392725318670273
"species_4_contemp_ice_extrap",79.1866472144841,0.396118253469467
"species_4_contemp_ice_extrap",79.4354484447001,0.399524211883545
"species_4_contemp_ice_extrap",79.6842496749161,0.402942895889282
"species_4_contemp_ice_extrap",79.9330509051321,0.406374007463455
"species_4_contemp_ice_extrap",80.1818521353482,0.409817308187485
"species_4_contemp_ice_extrap",80.4306533655642,0.413272500038147
"species_4_contemp_ice_extrap",80.6794545957802,0.416739165782928
"species_4_contemp_ice_extrap",80.9282558259963,0.42021718621254
"species_4_contemp_ice_extrap",81.1770570562123,0.423706203699112
"species_4_contemp_ice_extrap",81.4258582864283,0.427205890417099
"species_4_contemp_ice_extrap",81.6746595166443,0.430715948343277
"species_4_contemp_ice_extrap",81.9234607468604,0.434235990047455
"species_4_contemp_ice_extrap",82.1722619770764,0.437765777111054
"species_4_contemp_ice_extrap",82.4210632072924,0.441304922103882
"species_4_contemp_ice_extrap",82.6698644375084,0.444853007793427
"species_4_contemp_ice_extrap",82.9186656677245,0.448409885168076
"species_4_contemp_ice_extrap",83.1674668979405,0.451975166797638
"species_4_contemp_ice_extrap",83.4162681281565,0.4555484354496
"species_4_contemp_ice_extrap",83.6650693583725,0.459129393100739
"species_4_contemp_ice_extrap",83.9138705885886,0.462717652320862
"species_4_contemp_ice_extrap",84.1626718188046,0.466312885284424
"species_4_contemp_ice_extrap",84.4114730490206,0.469914704561234
"species_4_contemp_ice_extrap",84.6602742792366,0.473522633314133
"species_4_contemp_ice_extrap",84.9090755094527,0.477136582136154
"species_4_contemp_ice_extrap",85.1578767396687,0.480755984783173
"species_4_contemp_ice_extrap",85.4066779698847,0.484380543231964
"species_4_contemp_ice_extrap",85.6554792001007,0.488009840250015
"species_4_contemp_ice_extrap",85.9042804303168,0.491643518209457
"species_4_contemp_ice_extrap",86.1530816605328,0.495281159877777
"species_4_contemp_ice_extrap",86.4018828907488,0.498922437429428
"species_4_contemp_ice_extrap",86.6506841209648,0.502566814422607
"species_4_contemp_ice_extrap",86.8994853511809,0.506214141845703
"species_4_contemp_ice_extrap",87.1482865813969,0.509863913059235
"species_4_contemp_ice_extrap",87.3970878116129,0.513515710830688
"species_4_contemp_ice_extrap",87.645889041829,0.517169177532196
"species_4_contemp_ice_extrap",87.894690272045,0.520823955535889
"species_4_contemp_ice_extrap",88.143491502261,0.524479568004608
"species_4_contemp_ice_extrap",88.392292732477,0.528135657310486
"species_4_contemp_ice_extrap",88.641093962693,0.531791746616364
"species_4_contemp_ice_extrap",88.8898951929091,0.535447597503662
"species_4_contemp_ice_extrap",89.1386964231251,0.539102733135223
"species_4_contemp_ice_extrap",89.3874976533411,0.542756736278534
"species_4_contemp_ice_extrap",89.6362988835572,0.546409249305725
"species_4_contemp_ice_extrap",89.8851001137732,0.550059854984283
"species_4_contemp_ice_extrap",90.1339013439892,0.553708136081696
"species_4_contemp_ice_extrap",90.3827025742052,0.557353734970093
"species_4_contemp_ice_extrap",90.6315038044213,0.560996115207672
"species_4_contemp_ice_extrap",90.8803050346373,0.564635038375854
"species_4_contemp_ice_extrap",91.1291062648533,0.568270146846771
"species_4_contemp_ice_extrap",91.3779074950693,0.571900904178619
"species_4_contemp_ice_extrap",91.6267087252854,0.57552695274353
"species_4_contemp_ice_extrap",91.8755099555014,0.57914799451828
"species_4_contemp_ice_extrap",92.1243111857174,0.582763493061066
"species_4_contemp_ice_extrap",92.3731124159334,0.586373150348663
"species_4_contemp_ice_extrap",92.6219136461495,0.58997642993927
"species_4_contemp_ice_extrap",92.8707148763655,0.593573212623596
"species_4_contemp_ice_extrap",93.1195161065815,0.597162961959839
"species_4_contemp_ice_extrap",93.3683173367976,0.600745320320129
"species_4_contemp_ice_extrap",93.6171185670136,0.604319930076599
"species_4_contemp_ice_extrap",93.8659197972296,0.607886373996735
"species_4_contemp_ice_extrap",94.1147210274456,0.611444294452667
"species_4_contemp_ice_extrap",94.3635222576617,0.614993274211884
"species_4_contemp_ice_extrap",94.6123234878777,0.61853289604187
"species_4_contemp_ice_extrap",94.8611247180937,0.622063040733337
"species_4_contemp_ice_extrap",95.1099259483097,0.625583231449127
"species_4_contemp_ice_extrap",95.3587271785258,0.629093050956726
"species_4_contemp_ice_extrap",95.6075284087418,0.632592141628265
"species_4_contemp_ice_extrap",95.8563296389578,0.636080205440521
"species_4_contemp_ice_extrap",96.1051308691738,0.63955694437027
"species_4_contemp_ice_extrap",96.3539320993899,0.643021941184998
"species_4_contemp_ice_extrap",96.6027333296059,0.646474778652191
"species_4_contemp_ice_extrap",96.8515345598219,0.649915277957916
"species_4_contemp_ice_extrap",97.100335790038,0.653343141078949
"species_4_contemp_ice_extrap",97.349137020254,0.656757891178131
"species_4_contemp_ice_extrap",97.59793825047,0.660159349441528
"species_4_contemp_ice_extrap",97.846739480686,0.663547158241272
"species_4_contemp_ice_extrap",98.095540710902,0.666920959949493
"species_4_contemp_ice_extrap",98.3443419411181,0.670280456542969
"species_4_contemp_ice_extrap",98.5931431713341,0.673625349998474
"species_4_contemp_ice_extrap",98.8419444015501,0.676955461502075
"species_4_contemp_ice_extrap",99.0907456317662,0.680270373821259
"species_4_contemp_ice_extrap",99.3395468619822,0.68356990814209
"species_4_contemp_ice_extrap",99.5883480921982,0.686853766441345
"species_4_contemp_ice_extrap",99.8371493224142,0.690121591091156
"species_4_contemp_ice_extrap",100.08595055263,0.693373203277588
"species_4_contemp_ice_extrap",100.334751782846,0.696608304977417
"species_4_contemp_ice_extrap",100.583553013062,0.699826598167419
"species_4_contemp_ice_extrap",100.832354243278,0.70302802324295
"species_4_contemp_ice_extrap",101.081155473494,0.706212162971497
"species_4_contemp_ice_extrap",101.32995670371,0.709378838539124
"species_4_contemp_ice_extrap",101.578757933926,0.712527871131897
"species_4_contemp_ice_extrap",101.827559164142,0.715658962726593
"species_4_contemp_ice_extrap",102.076360394358,0.718771874904633
"species_4_contemp_ice_extrap",102.325161624574,0.721866488456726
"species_4_contemp_ice_extrap",102.573962854791,0.72494250535965
"species_4_contemp_ice_extrap",102.822764085007,0.727999806404114
"species_4_contemp_ice_extrap",103.071565315223,0.731038212776184
"species_4_contemp_ice_extrap",103.320366545439,0.734057545661926
"species_4_contemp_ice_extrap",103.569167775655,0.737057507038116
"species_4_contemp_ice_extrap",103.817969005871,0.74003803730011
"species_4_contemp_ice_extrap",104.066770236087,0.742998957633972
"species_4_contemp_ice_extrap",104.315571466303,0.74398148059845
"species_4_contemp_ice_extrap",104.564372696519,0.74398148059845
"species_4_contemp_ice_extrap",104.813173926735,0.74398148059845
"species_4_contemp_ice_extrap",105.061975156951,0.74398148059845
"species_4_contemp_ice_extrap",105.310776387167,0.74398148059845
"species_4_contemp_ice_extrap",105.559577617383,0.74398148059845
"species_4_contemp_ice_extrap",105.808378847599,0.74398148059845
"species_4_contemp_ice_extrap",106.057180077815,0.74398148059845
"species_4_contemp_ice_extrap",106.305981308031,0.74398148059845
"species_4_contemp_ice_extrap",106.554782538247,0.74398148059845
"species_4_contemp_ice_extrap",106.803583768463,0.74398148059845
"species_4_contemp_ice_extrap",107.052384998679,0.74398148059845
"species_4_contemp_ice_extrap",107.301186228895,0.74398148059845
"species_4_contemp_ice_extrap",107.549987459111,0.74398148059845
"species_4_contemp_ice_extrap",107.798788689327,0.74398148059845
"species_4_contemp_ice_extrap",108.047589919543,0.74398148059845
"species_4_contemp_ice_extrap",108.296391149759,0.74398148059845
"species_4_contemp_ice_extrap",108.545192379975,0.74398148059845
"species_4_contemp_ice_extrap",108.793993610191,0.74398148059845
"species_4_contemp_ice_extrap",109.042794840407,0.74398148059845
"species_4_contemp_ice_extrap",109.291596070623,0.74398148059845
"species_4_contemp_ice_extrap",109.540397300839,0.74398148059845
"species_4_contemp_ice_extrap",109.789198531055,0.74398148059845
"species_4_contemp_ice_extrap",110.037999761271,0.74398148059845
"species_4_contemp_ice_extrap",110.286800991487,0.74398148059845
"species_4_contemp_ice_extrap",110.535602221703,0.74398148059845
"species_4_contemp_ice_extrap",110.784403451919,0.74398148059845
"species_4_contemp_ice_extrap",111.033204682135,0.74398148059845
"species_4_contemp_ice_extrap",111.282005912351,0.74398148059845
"species_4_contemp_ice_extrap",111.530807142567,0.74398148059845
"species_4_contemp_ice_extrap",111.779608372783,0.74398148059845
"species_4_contemp_ice_extrap",112.028409602999,0.74398148059845
"species_4_contemp_ice_extrap",112.277210833216,0.74398148059845
"species_4_contemp_ice_extrap",112.526012063432,0.74398148059845
"species_4_contemp_ice_extrap",112.774813293648,0.74398148059845
"species_4_contemp_ice_extrap",113.023614523864,0.74398148059845
"species_4_contemp_ice_extrap",113.27241575408,0.74398148059845
"species_4_contemp_ice_extrap",113.521216984296,0.74398148059845
"species_4_contemp_ice_extrap",113.770018214512,0.74398148059845
"species_4_contemp_ice_extrap",114.018819444728,0.74398148059845
"species_4_contemp_ice_extrap",114.267620674944,0.74398148059845
"species_4_contemp_ice_extrap",114.51642190516,0.74398148059845
"species_4_fetch_only",-7213.11907348633,0.901019811630249
"species_4_fetch_only",-7024.74874550781,0.901019811630249
"species_4_fetch_only",-6836.3784175293,0.901019811630249
"species_4_fetch_only",-6648.00808955078,0.901019811630249
"species_4_fetch_only",-6459.63776157227,0.901019811630249
"species_4_fetch_only",-6271.26743359375,0.901019811630249
"species_4_fetch_only",-6082.89710561523,0.901019811630249
"species_4_fetch_only",-5894.52677763672,0.901019811630249
"species_4_fetch_only",-5706.1564496582,0.901019811630249
"species_4_fetch_only",-5517.78612167969,0.901019811630249
"species_4_fetch_only",-5329.41579370117,0.901019811630249
"species_4_fetch_only",-5141.04546572266,0.901019811630249
"species_4_fetch_only",-4952.67513774414,0.901019811630249
"species_4_fetch_only",-4764.30480976562,0.901019811630249
"species_4_fetch_only",-4575.93448178711,0.901019811630249
"species_4_fetch_only",-4387.56415380859,0.901019811630249
"species_4_fetch_only",-4199.19382583008,0.901019811630249
"species_4_fetch_only",-4010.82349785156,0.901019811630249
"species_4_fetch_only",-3822.45316987305,0.901019811630249
"species_4_fetch_only",-3634.08284189453,0.901019811630249
"species_4_fetch_only",-3445.71251391602,0.901019811630249
"species_4_fetch_only",-3257.3421859375,0.901019811630249
"species_4_fetch_only",-3068.97185795898,0.901019811630249
"species_4_fetch_only",-2880.60152998047,0.901019811630249
"species_4_fetch_only",-2692.23120200195,0.901019811630249
"species_4_fetch_only",-2503.86087402344,0.901019811630249
"species_4_fetch_only",-2315.49054604492,0.901019811630249
"species_4_fetch_only",-2127.12021806641,0.901019811630249
"species_4_fetch_only",-1938.74989008789,0.901019811630249
"species_4_fetch_only",-1750.37956210938,0.901019811630249
"species_4_fetch_only",-1562.00923413086,0.901019811630249
"species_4_fetch_only",-1373.63890615234,0.901019811630249
"species_4_fetch_only",-1185.26857817383,0.901019811630249
"species_4_fetch_only",-996.898250195311,0.901019811630249
"species_4_fetch_only",-808.527922216796,0.901019811630249
"species_4_fetch_only",-620.157594238281,0.901019811630249
"species_4_fetch_only",-431.787266259766,0.901019811630249
"species_4_fetch_only",-243.41693828125,0.901019811630249
"species_4_fetch_only",-55.0466103027338,0.901019811630249
"species_4_fetch_only",133.323717675781,0.901019811630249
"species_4_fetch_only",321.694045654297,0.901019811630249
"species_4_fetch_only",510.064373632814,0.901019811630249
"species_4_fetch_only",698.434701611329,0.907451033592224
"species_4_fetch_only",886.805029589845,0.924546301364899
"species_4_fetch_only",1075.17535756836,0.925000429153442
"species_4_fetch_only",1263.54568554688,0.921574652194977
"species_4_fetch_only",1451.91601352539,0.918006241321564
"species_4_fetch_only",1640.28634150391,0.914290547370911
"species_4_fetch_only",1828.65666948242,0.91042298078537
"species_4_fetch_only",2017.02699746094,0.90639865398407
"species_4_fetch_only",2205.39732543946,0.902213037014008
"species_4_fetch_only",2393.76765341797,0.897861301898956
"species_4_fetch_only",2582.13798139648,0.893338799476624
"species_4_fetch_only",2770.508309375,0.888640880584717
"species_4_fetch_only",2958.87863735352,0.883762955665588
"species_4_fetch_only",3147.24896533203,0.87870055437088
"species_4_fetch_only",3335.61929331055,0.873449206352234
"species_4_fetch_only",3523.98962128906,0.868004739284515
"species_4_fetch_only",3712.35994926758,0.862362861633301
"species_4_fetch_only",3900.7302772461,0.856519758701324
"species_4_fetch_only",4089.10060522461,0.850471615791321
"species_4_fetch_only",4277.47093320313,0.844214856624603
"species_4_fetch_only",4465.84126118164,0.837746202945709
"species_4_fetch_only",4654.21158916016,0.83106279373169
"species_4_fetch_only",4842.58191713867,0.82416182756424
"species_4_fetch_only",5030.95224511719,0.817040979862213
"species_4_fetch_only",5219.32257309571,0.809698402881622
"species_4_fetch_only",5407.69290107422,0.802132487297058
"species_4_fetch_only",5596.06322905274,0.794342219829559
"species_4_fetch_only",5784.43355703125,0.786326885223389
"species_4_fetch_only",5972.80388500977,0.778086483478546
"species_4_fetch_only",6161.17421298828,0.7696213722229
"species_4_fetch_only",6349.5445409668,0.760932564735413
"species_4_fetch_only",6537.91486894531,0.752021610736847
"species_4_fetch_only",6726.28519692383,0.742890775203705
"species_4_fetch_only",6914.65552490235,0.733542799949646
"species_4_fetch_only",7103.02585288086,0.723981320858002
"species_4_fetch_only",7291.39618085938,0.714210391044617
"species_4_fetch_only",7479.76650883789,0.704234838485718
"species_4_fetch_only",7668.13683681641,0.694060266017914
"species_4_fetch_only",7856.50716479492,0.683692872524261
"species_4_fetch_only",8044.87749277344,0.6731396317482
"species_4_fetch_only",8233.24782075196,0.662408113479614
"species_4_fetch_only",8421.61814873047,0.651506721973419
"species_4_fetch_only",8609.98847670899,0.640444397926331
"species_4_fetch_only",8798.3588046875,0.629230678081512
"species_4_fetch_only",8986.72913266602,0.617875933647156
"species_4_fetch_only",9175.09946064453,0.606390953063965
"species_4_fetch_only",9363.46978862305,0.594787240028381
"species_4_fetch_only",9551.84011660156,0.583076596260071
"species_4_fetch_only",9740.21044458008,0.571271479129791
"species_4_fetch_only",9928.5807725586,0.559384644031525
"species_4_fetch_only",10116.9511005371,0.547429323196411
"species_4_fetch_only",10305.3214285156,0.53541910648346
"species_4_fetch_only",10493.6917564941,0.523367643356323
"species_4_fetch_only",10682.0620844727,0.511288821697235
"species_4_fetch_only",10870.4324124512,0.499196916818619
"species_4_fetch_only",11058.8027404297,0.487105906009674
"species_4_fetch_only",11247.1730684082,0.475029975175858
"species_4_fetch_only",11435.5433963867,0.462983191013336
"species_4_fetch_only",11623.9137243652,0.45097941160202
"species_4_fetch_only",11812.2840523438,0.439032465219498
"species_4_fetch_only",12000.6543803223,0.427155762910843
"species_4_fetch_only",12189.0247083008,0.415362447500229
"species_4_fetch_only",12377.3950362793,0.405422627925873
"species_4_fetch_only",12565.7653642578,0.395868241786957
"species_4_fetch_only",12754.1356922363,0.386772304773331
"species_4_fetch_only",12942.5060202148,0.378033459186554
"species_4_fetch_only",13130.8763481934,0.370144426822662
"species_4_fetch_only",13319.2466761719,0.362985759973526
"species_4_fetch_only",13507.6170041504,0.355934053659439
"species_4_fetch_only",13695.9873321289,0.349600911140442
"species_4_fetch_only",13884.3576601074,0.345379114151001
"species_4_fetch_only",14072.7279880859,0.341244995594025
"species_4_fetch_only",14261.0983160645,0.337134838104248
"species_4_fetch_only",14449.468644043,0.333049178123474
"species_4_fetch_only",14637.8389720215,0.328988432884216
"species_4_fetch_only",14826.2093,0.324953109025955
"species_4_fetch_only",15014.5796279785,0.320943564176559
"species_4_fetch_only",15202.949955957,0.31696030497551
"species_4_fetch_only",15391.3202839355,0.313003689050674
"species_4_fetch_only",15579.6906119141,0.309074103832245
"species_4_fetch_only",15768.0609398926,0.305171936750412
"species_4_fetch_only",15956.4312678711,0.301297545433044
"species_4_fetch_only",16144.8015958496,0.297451287508011
"species_4_fetch_only",16333.1719238281,0.29363352060318
"species_4_fetch_only",16521.5422518066,0.289844512939453
"species_4_fetch_only",16709.9125797852,0.286084622144699
"species_4_fetch_only",16898.2829077637,0.282354056835175
"species_4_fetch_only",17086.6532357422,0.278653234243393
"species_4_fetch_only",17275.0235637207,0.274982273578644
"species_4_fetch_only",17463.3938916992,0.271341472864151
"species_4_fetch_only",17651.7642196777,0.267731130123138
"species_4_fetch_only",17840.1345476562,0.264151334762573
"species_4_fetch_only",18028.5048756348,0.260602444410324
"species_4_fetch_only",18216.8752036133,0.257084548473358
"species_4_fetch_only",18405.2455315918,0.25359782576561
"species_4_fetch_only",18593.6158595703,0.250142514705658
"species_4_fetch_only",18781.9861875488,0.246718689799309
"species_4_fetch_only",18970.3565155273,0.243326514959335
"species_4_fetch_only",19158.7268435059,0.239966154098511
"species_4_fetch_only",19347.0971714844,0.236637651920319
"species_4_fetch_only",19535.4674994629,0.233341187238693
"species_4_fetch_only",19723.8378274414,0.230076774954796
"species_4_fetch_only",19912.2081554199,0.226844504475594
"species_4_fetch_only",20100.5784833984,0.223644495010376
"species_4_fetch_only",20288.948811377,0.220476716756821
"species_4_fetch_only",20477.3191393555,0.217341274023056
"species_4_fetch_only",20665.689467334,0.21423813700676
"species_4_fetch_only",20854.0597953125,0.211167365312576
"species_4_fetch_only",21042.430123291,0.208128973841667
"species_4_fetch_only",21230.8004512695,0.205122888088226
"species_4_fetch_only",21419.170779248,0.20214918255806
"species_4_fetch_only",21607.5411072266,0.199207752943039
"species_4_fetch_only",21795.9114352051,0.196298584342003
"species_4_fetch_only",21984.2817631836,0.193421676754951
"species_4_fetch_only",22172.6520911621,0.190576896071434
"species_4_fetch_only",22361.0224191406,0.18776424229145
"species_4_fetch_only",22549.3927471191,0.184983596205711
"species_4_fetch_only",22737.7630750977,0.182234883308411
"species_4_fetch_only",22926.1334030762,0.179518043994904
"species_4_fetch_only",23114.5037310547,0.176832929253578
"species_4_fetch_only",23302.8740590332,0.174179449677467
"species_4_fetch_only",23491.2443870117,0.171557515859604
"species_4_fetch_only",23679.6147149902,0.168966948986053
"species_4_fetch_only",23867.9850429688,0.166407659649849
"species_4_fetch_only",24056.3553709473,0.163879469037056
"species_4_fetch_only",24244.7256989258,0.161382257938385
"species_4_fetch_only",24433.0960269043,0.158915892243385
"species_4_fetch_only",24621.4663548828,0.156480148434639
"species_4_fetch_only",24809.8366828613,0.154074937105179
"species_4_fetch_only",24998.2070108398,0.151700019836426
"species_4_fetch_only",25186.5773388184,0.149355247616768
"species_4_fetch_only",25374.9476667969,0.147040456533432
"species_4_fetch_only",25563.3179947754,0.144755408167839
"species_4_fetch_only",25751.6883227539,0.142499968409538
"species_4_fetch_only",25940.0586507324,0.140273883938789
"species_4_fetch_only",26128.4289787109,0.138076961040497
"species_4_fetch_only",26316.7993066895,0.135909035801888
"species_4_fetch_only",26505.169634668,0.133769854903221
"species_4_fetch_only",26693.5399626465,0.131659224629402
"species_4_fetch_only",26881.910290625,0.129576906561852
"species_4_fetch_only",27070.2806186035,0.127522677183151
"species_4_fetch_only",27258.650946582,0.125496327877045
"species_4_fetch_only",27447.0212745606,0.123497612774372
"species_4_fetch_only",27635.3916025391,0.121526308357716
"species_4_fetch_only",27823.7619305176,0.119582191109657
"species_4_fetch_only",28012.1322584961,0.117664992809296
"species_4_fetch_only",28200.5025864746,0.115774504840374
"species_4_fetch_only",28388.8729144531,0.113910458981991
"species_4_fetch_only",28577.2432424317,0.112072609364986
"species_4_fetch_only",28765.6135704102,0.110260747373104
"species_4_fetch_only",28953.9838983887,0.108474582433701
"species_4_fetch_only",29142.3542263672,0.106713898479939
"species_4_fetch_only",29330.7245543457,0.104978412389755
"species_4_fetch_only",29519.0948823242,0.103267885744572
"species_4_fetch_only",29707.4652103027,0.101582080125809
"species_4_fetch_only",29895.8355382813,0.0999207124114037
"species_4_fetch_only",30084.2058662598,0.0982835665345192
"species_4_fetch_only",30272.5761942383,0.0966703444719315
"species_4_fetch_only",30460.9465222168,0.0950808078050613
"species_4_fetch_only",30649.3168501953,0.0935147181153297
"species_4_fetch_only",30837.6871781738,0.0919717848300934
"species_4_fetch_only",31026.0575061523,0.0904517844319344
"species_4_fetch_only",31214.4278341309,0.08895443379879
"species_4_fetch_only",31402.7981621094,0.08747947961092
"species_4_fetch_only",31591.1684900879,0.0860266909003258
"species_4_fetch_only",31779.5388180664,0.0845957770943642
"species_4_fetch_only",31967.9091460449,0.0831865146756172
"species_4_fetch_only",32156.2794740234,0.0817986130714417
"species_4_fetch_only",32344.649802002,0.080431841313839
"species_4_fetch_only",32533.0201299805,0.0790859460830688
"species_4_fetch_only",32721.390457959,0.0777606591582298
"species_4_fetch_only",32909.7607859375,0.0764557346701622
"species_4_fetch_only",33098.131113916,0.0751709267497063
"species_4_fetch_only",33286.5014418945,0.0739060044288635
"species_4_fetch_only",33474.8717698731,0.0726606696844101
"species_4_fetch_only",33663.2420978516,0.0714347064495087
"species_4_fetch_only",33851.6124258301,0.0702278539538383
"species_4_fetch_only",34039.9827538086,0.0690398812294006
"species_4_fetch_only",34228.3530817871,0.067870557308197
"species_4_fetch_only",34416.7234097656,0.0667195916175842
"species_4_fetch_only",34605.0937377441,0.0655867755413055
"species_4_fetch_only",34793.4640657227,0.0644718632102013
"species_4_fetch_only",34981.8343937012,0.0633746162056923
"species_4_fetch_only",35170.2047216797,0.0622948259115219
"species_4_fetch_only",35358.5750496582,0.0612322092056274
"species_4_fetch_only",35546.9453776367,0.0601865537464619
"species_4_fetch_only",35735.3157056152,0.0591576285660267
"species_4_fetch_only",35923.6860335938,0.0581452026963234
"species_4_fetch_only",36112.0563615723,0.0571490749716759
"species_4_fetch_only",36300.4266895508,0.0561689734458923
"species_4_fetch_only",36488.7970175293,0.0552046969532967
"species_4_fetch_only",36677.1673455078,0.0542560257017612
"species_4_fetch_only",36865.5376734863,0.0533227324485779
"species_4_fetch_only",37053.9080014648,0.052404623478651
"species_4_fetch_only",37242.2783294434,0.0515014454722404
"species_4_fetch_only",37430.6486574219,0.0506130009889603
"species_4_fetch_only",37619.0189854004,0.0497390814125538
"species_4_fetch_only",37807.3893133789,0.048879474401474
"species_4_fetch_only",37995.7596413574,0.0480339862406254
"species_4_fetch_only",38184.129969336,0.0472023822367191
"species_4_fetch_only",38372.5002973145,0.0463861748576164
"species_4_fetch_only",38560.870625293,0.045622780919075
"species_4_fetch_only",38749.2409532715,0.0448860973119736
"species_4_fetch_only",38937.61128125,0.0441607758402824
"species_4_fetch_only",39125.9816092285,0.0434466265141964
"species_4_fetch_only",39314.351937207,0.0427435077726841
"species_4_fetch_only",39502.7222651855,0.0420512706041336
"species_4_fetch_only",39691.0925931641,0.0413697585463524
"species_4_fetch_only",39879.4629211426,0.0406988188624382
"species_4_fetch_only",40067.8332491211,0.0400383248925209
"species_4_fetch_only",40256.2035770996,0.0393880940973759
"species_4_fetch_only",40444.5739050781,0.0387479960918427
"species_4_fetch_only",40632.9442330567,0.0381178893148899
"species_4_fetch_only",40821.3145610352,0.037497628480196
"species_4_fetch_only",41009.6848890137,0.0368870869278908
"species_4_fetch_only",41198.0552169922,0.0362860970199108
"species_4_fetch_only",41386.4255449707,0.0356945358216763
"species_4_fetch_only",41574.7958729492,0.0351122692227364
"species_4_fetch_only",41763.1662009277,0.0345391631126404
"species_4_fetch_only",41951.5365289063,0.0339750908315182
"species_4_fetch_only",42139.9068568848,0.0334198996424675
"species_4_fetch_only",42328.2771848633,0.0328734703361988
"species_4_fetch_only",42516.6475128418,0.0323356799781322
"species_4_fetch_only",42705.0178408203,0.0318063981831074
"species_4_fetch_only",42893.3881687988,0.0312855094671249
"species_4_fetch_only",43081.7584967774,0.0307753439992666
"species_4_fetch_only",43270.1288247559,0.0302924551069736
"species_4_fetch_only",43458.4991527344,0.0298494808375835
"species_4_fetch_only",43646.8694807129,0.0294154509902
"species_4_fetch_only",43835.2398086914,0.0289875529706478
"species_4_fetch_only",44023.6101366699,0.0285656861960888
"species_4_fetch_only",44211.9804646484,0.0281497817486525
"species_4_fetch_only",44400.350792627,0.0277397613972425
"species_4_fetch_only",44588.7211206055,0.0273355431854725
"species_4_fetch_only",44777.091448584,0.0269370619207621
"species_4_fetch_only",44965.4617765625,0.0265442207455635
"species_4_fetch_only",45153.832104541,0.0261569563299417
"species_4_fetch_only",45342.2024325195,0.0257751923054457
"species_4_fetch_only",45530.5727604981,0.0253988541662693
"species_4_fetch_only",45718.9430884766,0.0250278767198324
"species_4_fetch_only",45907.3134164551,0.0246621742844582
"species_4_fetch_only",46095.6837444336,0.0243016816675663
"species_4_fetch_only",46284.0540724121,0.0239463299512863
"species_4_fetch_only",46472.4244003906,0.0235960483551025
"species_4_fetch_only",46660.7947283691,0.023250775411725
"species_4_fetch_only",46849.1650563477,0.0229104291647673
"species_4_fetch_only",47037.5353843262,0.0225749481469393
"species_4_fetch_only",47225.9057123047,0.0222442708909512
"species_4_fetch_only",47414.2760402832,0.0219183266162872
"species_4_fetch_only",47602.6463682617,0.021597059443593
"species_4_fetch_only",47791.0166962402,0.0212803930044174
"species_4_fetch_only",47979.3870242188,0.0209682714194059
"species_4_fetch_only",48167.7573521973,0.0206606294959784
"species_4_fetch_only",48356.1276801758,0.0203574076294899
"species_4_fetch_only",48544.4980081543,0.0200585499405861
"species_4_fetch_only",48732.8683361328,0.0197639875113964
"species_4_fetch_only",48921.2386641113,0.0194736625999212
"species_4_fetch_only",49109.6089920899,0.0191875193268061
"species_4_fetch_only",49297.9793200684,0.0189054999500513
"species_4_fetch_only",49486.3496480469,0.0186275467276573
"species_4_fetch_only",49674.7199760254,0.0183536112308502
"species_4_fetch_only",49863.0903040039,0.0180836226791143
"species_4_fetch_only",50051.4606319824,0.0178175326436758
"species_4_fetch_only",50239.830959961,0.0175552889704704
"species_4_fetch_only",50428.2012879395,0.0172968376427889
"species_4_fetch_only",50616.571615918,0.0170421302318573
"species_4_fetch_only",50804.9419438965,0.0167911034077406
"species_4_fetch_only",50993.312271875,0.0165437124669552
"species_4_fetch_only",51181.6825998535,0.016299907118082
"species_4_fetch_only",51370.052927832,0.016059635207057
"species_4_fetch_only",51558.4232558106,0.0158228520303965
"species_4_fetch_only",51746.7935837891,0.0155895007774234
"species_4_fetch_only",51935.1639117676,0.0153595376759768
"species_4_fetch_only",52123.5342397461,0.0151329142972827
"species_4_fetch_only",52311.9045677246,0.0149095840752125
"species_4_fetch_only",52500.2748957031,0.0146895041689277
"species_4_fetch_only",52688.6452236817,0.0144726214930415
"species_4_fetch_only",52877.0155516602,0.0142588950693607
"species_4_fetch_only",53065.3858796387,0.0140486359596252
"species_4_fetch_only",53253.7562076172,0.0138571625575423
"species_4_fetch_only",53442.1265355957,0.0137014305219054
"species_4_fetch_only",53630.4968635742,0.0135656697675586
"species_4_fetch_only",53818.8671915527,0.0134757831692696
"species_4_fetch_only",54007.2375195313,0.013528267852962
"species_4_fetch_only",54195.6078475098,0.0135864680632949
"species_4_fetch_only",54383.9781754883,0.01364491507411
"species_4_fetch_only",54572.3485034668,0.0137036116793752
"species_4_fetch_only",54760.7188314453,0.0137625560164452
"species_4_fetch_only",54949.0891594238,0.0138217508792877
"species_4_fetch_only",55137.4594874024,0.0138811971992254
"species_4_fetch_only",55325.8298153809,0.0139408940449357
"species_4_fetch_only",55514.2001433594,0.0140008451417089
"species_4_fetch_only",55702.5704713379,0.0140610495582223
"species_4_fetch_only",55890.9407993164,0.0141215100884438
"species_4_fetch_only",56079.3111272949,0.0141822267323732
"species_4_fetch_only",56267.6814552734,0.0142431994900107
"species_4_fetch_only",56456.051783252,0.0143044320866466
"species_4_fetch_only",56644.4221112305,0.0143659235909581
"species_4_fetch_only",56832.792439209,0.0144276758655906
"species_4_fetch_only",57021.1627671875,0.0144896889105439
"species_4_fetch_only",57209.533095166,0.0145519645884633
"species_4_fetch_only",57397.9034231445,0.0146145038306713
"species_4_fetch_only",57586.2737511231,0.0146773084998131
"species_4_fetch_only",57774.6440791016,0.0147403795272112
"species_4_fetch_only",57963.0144070801,0.0148037169128656
"species_4_fetch_only",58151.3847350586,0.014867321588099
"species_4_fetch_only",58339.7550630371,0.014931196346879
"species_4_fetch_only",58528.1253910156,0.0149953411892056
"species_4_fetch_only",58716.4957189942,0.0150597570464015
"species_4_fetch_only",58904.8660469727,0.0151244457811117
"species_4_fetch_only",59093.2363749512,0.0151894083246589
"species_4_fetch_only",59281.6067029297,0.0152546437457204
"species_4_fetch_only",59469.9770309082,0.0153201567009091
"species_4_fetch_only",59658.3473588867,0.0153859471902251
"species_4_fetch_only",59846.7176868652,0.0154520152136683
"species_4_fetch_only",60035.0880148438,0.0155183617025614
"species_4_fetch_only",60223.4583428223,0.0155849885195494
"species_4_fetch_only",60411.8286708008,0.0156518965959549
"species_4_fetch_only",60600.1989987793,0.0157190896570683
"species_4_fetch_only",60788.5693267578,0.0157865639775991
"species_4_fetch_only",60976.9396547363,0.015854325145483
"species_4_fetch_only",61165.3099827148,0.0159223694354296
"species_4_fetch_only",61353.6803106934,0.0159907042980194
"species_4_fetch_only",61542.0506386719,0.0160593260079622
"species_4_fetch_only",61730.4209666504,0.0161282382905483
"species_4_fetch_only",61918.7912946289,0.0161974411457777
"species_4_fetch_only",62107.1616226074,0.0162669345736504
"species_4_fetch_only",62295.5319505859,0.0163367241621017
"species_4_fetch_only",62483.9022785645,0.0164068061858416
"species_4_fetch_only",62672.272606543,0.0164771843701601
"species_4_fetch_only",62860.6429345215,0.0165478587150574
"species_4_fetch_only",63049.0132625,0.0166188310831785
"species_4_fetch_only",63237.3835904785,0.0166901033371687
"species_4_fetch_only",63425.753918457,0.0167616754770279
"species_4_fetch_only",63614.1242464356,0.0168335493654013
"species_4_fetch_only",63802.4945744141,0.016905726864934
"species_4_fetch_only",63990.8649023926,0.016978207975626
"species_4_fetch_only",64179.2352303711,0.0170509945601225
"species_4_fetch_only",64367.6055583496,0.0171240884810686
"species_4_fetch_only",64555.9758863281,0.0171974897384644
"species_4_fetch_only",64744.3462143066,0.0172711983323097
"species_4_fetch_only",64932.7165422852,0.017345217987895
"species_4_fetch_only",65121.0868702637,0.0174195505678654
"species_4_fetch_only",65309.4571982422,0.0174941960722208
"species_4_fetch_only",65497.8275262207,0.0175691545009613
"species_4_fetch_only",65686.1978541992,0.017644427716732
"species_4_fetch_only",65874.5681821777,0.0177200213074684
"species_4_fetch_only",66062.9385101563,0.017795929685235
"species_4_fetch_only",66251.3088381348,0.0178721603006124
"species_4_fetch_only",66439.6791661133,0.0179487075656652
"species_4_fetch_only",66628.0494940918,0.0180255770683289
"species_4_fetch_only",66816.4198220703,0.0181027725338936
"species_4_fetch_only",67004.7901500488,0.0181802902370691
"species_4_fetch_only",67193.1604780273,0.0182581357657909
"species_4_fetch_only",67381.5308060059,0.0183363053947687
"species_4_fetch_only",67569.9011339844,0.0184148047119379
"species_4_fetch_only",67758.2714619629,0.0184936355799437
"species_4_fetch_only",67946.6417899414,0.0185727942734957
"species_4_fetch_only",68135.0121179199,0.0186522901058197
"species_4_fetch_only",68323.3824458984,0.01873211376369
"species_4_fetch_only",68511.752773877,0.0188122745603323
"species_4_fetch_only",68700.1231018555,0.0188927743583918
"species_4_fetch_only",68888.493429834,0.0189736094325781
"species_4_fetch_only",69076.8637578125,0.0190547872334719
"species_4_fetch_only",69265.234085791,0.0187213234603405
"species_4_fetch_only",69453.6044137695,0.0181276146322489
"species_4_fetch_only",69641.974741748,0.0175523739308119
"species_4_fetch_only",69830.3450697266,0.0169950947165489
"species_4_fetch_only",70018.7153977051,0.0164551883935928
"species_4_fetch_only",70207.0857256836,0.0159321781247854
"species_4_fetch_only",70395.4560536621,0.0154255321249366
"species_4_fetch_only",70583.8263816406,0.0149347316473722
"species_4_fetch_only",70772.1967096191,0.0144593371078372
"species_4_fetch_only",70960.5670375977,0.0139988418668509
"species_4_fetch_only",71148.9373655762,0.0135528286918998
"species_4_fetch_only",71337.3076935547,0.0131208365783095
"species_4_fetch_only",71525.6780215332,0.0127024194225669
"species_4_fetch_only",71714.0483495117,0.0122971953824162
"species_4_fetch_only",71902.4186774902,0.0119047276675701
"species_4_fetch_only",72090.7890054687,0.011524653993547
"species_4_fetch_only",72279.1593334473,0.0111565785482526
"species_4_fetch_only",72467.5296614258,0.0108001148328185
"species_4_fetch_only",72655.8999894043,0.0104549350216985
"species_4_fetch_only",72844.2703173828,0.0101206600666046
"species_4_fetch_only",73032.6406453613,0.00979698076844215
"species_4_fetch_only",73221.0109733399,0.00948355440050364
"species_4_fetch_only",73409.3813013184,0.0091800494119525
"species_4_fetch_only",73597.7516292969,0.00888618268072605
"species_4_fetch_only",73786.1219572754,0.00860163010656834
"species_4_fetch_only",73974.4922852539,0.00832612346857786
"species_4_fetch_only",74162.8626132324,0.0080593703314662
"species_4_fetch_only",74351.2329412109,0.00780108477920294
"species_4_fetch_only",74539.6032691895,0.0075510242022574
"species_4_fetch_only",74727.973597168,0.00730891060084105
"species_4_fetch_only",74916.3439251465,0.00707451393827796
"species_4_fetch_only",75104.714253125,0.0068475822918117
"species_4_fetch_only",75293.0845811035,0.00662787305191159
"species_4_fetch_only",75481.454909082,0.00641517620533705
"species_4_fetch_only",75669.8252370606,0.00620925379917026
"species_4_fetch_only",75858.1955650391,0.00600990979000926
"species_4_fetch_only",76046.5658930176,0.00581692811101675
"species_4_fetch_only",76234.9362209961,0.00563010014593601
"species_4_fetch_only",76423.3065489746,0.00544924754649401
"species_4_fetch_only",76611.6768769531,0.00527416635304689
"species_4_fetch_only",76800.0472049316,0.00510468846186996
"species_4_fetch_only",76988.4175329102,0.00494062947109342
"species_4_fetch_only",77176.7878608887,0.00478181103244424
"species_4_fetch_only",77365.1581888672,0.00462808087468147
"species_4_fetch_only",77553.5285168457,0.00447926437482238
"species_4_fetch_only",77741.8988448242,0.00433521810919046
"species_4_fetch_only",77930.2691728027,0.00419578468427062
"species_4_fetch_only",78118.6395007813,0.00406081229448318
"species_4_fetch_only",78307.0098287598,0.00393016962334514
"species_4_fetch_only",78495.3801567383,0.00380370882339776
"species_4_fetch_only",78683.7504847168,0.00368130719289184
"species_4_fetch_only",78872.1208126953,0.00356283015571535
"species_4_fetch_only",79060.4911406738,0.00344814825803041
"species_4_fetch_only",79248.8614686524,0.00341074611060321
"species_4_fetch_only",79437.2317966309,0.00341074611060321
"species_4_fetch_only",79625.6021246094,0.00341074611060321
"species_4_fetch_only",79813.9724525879,0.00341074611060321
"species_4_fetch_only",80002.3427805664,0.00341074611060321
"species_4_fetch_only",80190.7131085449,0.00341074611060321
"species_4_fetch_only",80379.0834365234,0.00341074611060321
"species_4_fetch_only",80567.453764502,0.00341074611060321
"species_4_fetch_only",80755.8240924805,0.00341074611060321
"species_4_fetch_only",80944.194420459,0.00341074611060321
"species_4_fetch_only",81132.5647484375,0.00341074611060321
"species_4_fetch_only",81320.935076416,0.00341074611060321
"species_4_fetch_only",81509.3054043945,0.00341074611060321
"species_4_fetch_only",81697.675732373,0.00341074611060321
"species_4_fetch_only",81886.0460603516,0.00341074611060321
"species_4_fetch_only",82074.4163883301,0.00341074611060321
"species_4_fetch_only",82262.7867163086,0.00341074611060321
"species_4_fetch_only",82451.1570442871,0.00341074611060321
"species_4_fetch_only",82639.5273722656,0.00341074611060321
"species_4_fetch_only",82827.8977002442,0.00341074611060321
"species_4_fetch_only",83016.2680282227,0.00341074611060321
"species_4_fetch_only",83204.6383562012,0.00341074611060321
"species_4_fetch_only",83393.0086841797,0.00341074611060321
"species_4_fetch_only",83581.3790121582,0.00341074611060321
"species_4_fetch_only",83769.7493401367,0.00341074611060321
"species_4_fetch_only",83958.1196681152,0.00341074611060321
"species_4_fetch_only",84146.4899960938,0.00341074611060321
"species_4_fetch_only",84334.8603240723,0.00341074611060321
"species_4_fetch_only",84523.2306520508,0.00341074611060321
"species_4_fetch_only",84711.6009800293,0.00341074611060321
"species_4_fetch_only",84899.9713080078,0.00341074611060321
"species_4_fetch_only",85088.3416359863,0.00341074611060321
"species_4_fetch_only",85276.7119639648,0.00341074611060321
"species_4_fetch_only",85465.0822919434,0.00341074611060321
"species_4_fetch_only",85653.4526199219,0.00341074611060321
"species_4_fetch_only",85841.8229479004,0.00341074611060321
"species_4_fetch_only",86030.1932758789,0.00341074611060321
"species_4_fetch_only",86218.5636038574,0.00341074611060321
"species_4_fetch_only",86406.9339318359,0.00341074611060321
"species_4_fetch_only",86595.3042598145,0.00341074611060321
"species_4_fetch_only",86783.674587793,0.00341074611060321
"species_4_fetch_only",86972.0449157715,0.00341074611060321
"species_4_fetch",-7213.11907348633,0.620482981204987
"species_4_fetch",-7024.74874550781,0.620482981204987
"species_4_fetch",-6836.3784175293,0.620482981204987
"species_4_fetch",-6648.00808955078,0.620482981204987
"species_4_fetch",-6459.63776157227,0.620482981204987
"species_4_fetch",-6271.26743359375,0.620482981204987
"species_4_fetch",-6082.89710561523,0.620482981204987
"species_4_fetch",-5894.52677763672,0.620482981204987
"species_4_fetch",-5706.1564496582,0.620482981204987
"species_4_fetch",-5517.78612167969,0.620482981204987
"species_4_fetch",-5329.41579370117,0.620482981204987
"species_4_fetch",-5141.04546572266,0.620482981204987
"species_4_fetch",-4952.67513774414,0.620482981204987
"species_4_fetch",-4764.30480976562,0.620482981204987
"species_4_fetch",-4575.93448178711,0.620482981204987
"species_4_fetch",-4387.56415380859,0.620482981204987
"species_4_fetch",-4199.19382583008,0.620482981204987
"species_4_fetch",-4010.82349785156,0.620482981204987
"species_4_fetch",-3822.45316987305,0.620482981204987
"species_4_fetch",-3634.08284189453,0.620482981204987
"species_4_fetch",-3445.71251391602,0.620482981204987
"species_4_fetch",-3257.3421859375,0.620482981204987
"species_4_fetch",-3068.97185795898,0.620482981204987
"species_4_fetch",-2880.60152998047,0.620482981204987
"species_4_fetch",-2692.23120200195,0.620482981204987
"species_4_fetch",-2503.86087402344,0.620482981204987
"species_4_fetch",-2315.49054604492,0.620482981204987
"species_4_fetch",-2127.12021806641,0.620482981204987
"species_4_fetch",-1938.74989008789,0.620482981204987
"species_4_fetch",-1750.37956210938,0.620482981204987
"species_4_fetch",-1562.00923413086,0.620482981204987
"species_4_fetch",-1373.63890615234,0.620482981204987
"species_4_fetch",-1185.26857817383,0.620482981204987
"species_4_fetch",-996.898250195311,0.620482981204987
"species_4_fetch",-808.527922216796,0.620482981204987
"species_4_fetch",-620.157594238281,0.620482981204987
"species_4_fetch",-431.787266259766,0.620482981204987
"species_4_fetch",-243.41693828125,0.620482981204987
"species_4_fetch",-55.0466103027338,0.620482981204987
"species_4_fetch",133.323717675781,0.620482981204987
"species_4_fetch",321.694045654297,0.620482981204987
"species_4_fetch",510.064373632814,0.620482981204987
"species_4_fetch",698.434701611329,0.631173551082611
"species_4_fetch",886.805029589845,0.662447929382324
"species_4_fetch",1075.17535756836,0.670657515525818
"species_4_fetch",1263.54568554688,0.67320442199707
"species_4_fetch",1451.91601352539,0.675741136074066
"species_4_fetch",1640.28634150391,0.678267598152161
"species_4_fetch",1828.65666948242,0.680783689022064
"species_4_fetch",2017.02699746094,0.683289289474487
"species_4_fetch",2205.39732543946,0.68578428030014
"species_4_fetch",2393.76765341797,0.688268542289734
"species_4_fetch",2582.13798139648,0.690742075443268
"species_4_fetch",2770.508309375,0.693204760551453
"species_4_fetch",2958.87863735352,0.690178036689758
"species_4_fetch",3147.24896533203,0.684398591518402
"species_4_fetch",3335.61929331055,0.678561508655548
"species_4_fetch",3523.98962128906,0.672668099403381
"species_4_fetch",3712.35994926758,0.666719675064087
"species_4_fetch",3900.7302772461,0.660717725753784
"species_4_fetch",4089.10060522461,0.654663681983948
"species_4_fetch",4277.47093320313,0.648559033870697
"species_4_fetch",4465.84126118164,0.642405450344086
"species_4_fetch",4654.21158916016,0.636204540729523
"species_4_fetch",4842.58191713867,0.629958033561707
"species_4_fetch",5030.95224511719,0.62366771697998
"species_4_fetch",5219.32257309571,0.617335438728333
"species_4_fetch",5407.69290107422,0.610963106155396
"species_4_fetch",5596.06322905274,0.604552626609802
"species_4_fetch",5784.43355703125,0.598105907440186
"species_4_fetch",5972.80388500977,0.591625154018402
"species_4_fetch",6161.17421298828,0.585112392902374
"species_4_fetch",6349.5445409668,0.578569769859314
"species_4_fetch",6537.91486894531,0.571999371051788
"species_4_fetch",6726.28519692383,0.565403580665588
"species_4_fetch",6914.65552490235,0.558784484863281
"species_4_fetch",7103.02585288086,0.552144408226013
"species_4_fetch",7291.39618085938,0.545485734939575
"species_4_fetch",7479.76650883789,0.538810729980469
"species_4_fetch",7668.13683681641,0.532121777534485
"species_4_fetch",7856.50716479492,0.525421261787415
"species_4_fetch",8044.87749277344,0.518711626529694
"species_4_fetch",8233.24782075196,0.511995136737823
"species_4_fetch",8421.61814873047,0.505274415016174
"species_4_fetch",8609.98847670899,0.498551726341248
"species_4_fetch",8798.3588046875,0.491829574108124
"species_4_fetch",8986.72913266602,0.485110372304916
"species_4_fetch",9175.09946064453,0.478396534919739
"species_4_fetch",9363.46978862305,0.471690535545349
"species_4_fetch",9551.84011660156,0.464994728565216
"species_4_fetch",9740.21044458008,0.458311498165131
"species_4_fetch",9928.5807725586,0.451643198728561
"species_4_fetch",10116.9511005371,0.444992274045944
"species_4_fetch",10305.3214285156,0.43836098909378
"species_4_fetch",10493.6917564941,0.431751638650894
"species_4_fetch",10682.0620844727,0.425166487693787
"species_4_fetch",10870.4324124512,0.418607801198959
"species_4_fetch",11058.8027404297,0.412077754735947
"species_4_fetch",11247.1730684082,0.405578523874283
"species_4_fetch",11435.5433963867,0.399112224578857
"species_4_fetch",11623.9137243652,0.392680883407593
"species_4_fetch",11812.2840523438,0.386286556720734
"species_4_fetch",12000.6543803223,0.37993124127388
"species_4_fetch",12189.0247083008,0.373616814613342
"species_4_fetch",12377.3950362793,0.367345154285431
"species_4_fetch",12565.7653642578,0.361118078231812
"species_4_fetch",12754.1356922363,0.354937344789505
"species_4_fetch",12942.5060202148,0.348804652690887
"species_4_fetch",13130.8763481934,0.34272164106369
"species_4_fetch",13319.2466761719,0.336689800024033
"species_4_fetch",13507.6170041504,0.330710768699646
"species_4_fetch",13695.9873321289,0.32478591799736
"species_4_fetch",13884.3576601074,0.318916618824005
"species_4_fetch",14072.7279880859,0.313163757324219
"species_4_fetch",14261.0983160645,0.308796972036362
"species_4_fetch",14449.468644043,0.305232107639313
"species_4_fetch",14637.8389720215,0.302620947360992
"species_4_fetch",14826.2093,0.300633579492569
"species_4_fetch",15014.5796279785,0.298740923404694
"species_4_fetch",15202.949955957,0.296855092048645
"species_4_fetch",15391.3202839355,0.294976204633713
"species_4_fetch",15579.6906119141,0.293104201555252
"species_4_fetch",15768.0609398926,0.291239202022552
"species_4_fetch",15956.4312678711,0.289381206035614
"species_4_fetch",16144.8015958496,0.287530243396759
"species_4_fetch",16333.1719238281,0.285686373710632
"species_4_fetch",16521.5422518066,0.283849596977234
"species_4_fetch",16709.9125797852,0.282020002603531
"species_4_fetch",16898.2829077637,0.280197560787201
"species_4_fetch",17086.6532357422,0.278382331132889
"species_4_fetch",17275.0235637207,0.276574343442917
"species_4_fetch",17463.3938916992,0.274773627519608
"species_4_fetch",17651.7642196777,0.272980242967606
"species_4_fetch",17840.1345476562,0.271194130182266
"species_4_fetch",18028.5048756348,0.269415408372879
"species_4_fetch",18216.8752036133,0.267644077539444
"species_4_fetch",18405.2455315918,0.265880107879639
"species_4_fetch",18593.6158595703,0.264123618602753
"species_4_fetch",18781.9861875488,0.262374579906464
"species_4_fetch",18970.3565155273,0.260632991790771
"species_4_fetch",19158.7268435059,0.258898943662643
"species_4_fetch",19347.0971714844,0.257172375917435
"species_4_fetch",19535.4674994629,0.255453407764435
"species_4_fetch",19723.8378274414,0.253741949796677
"species_4_fetch",19912.2081554199,0.25203812122345
"species_4_fetch",20100.5784833984,0.250341862440109
"species_4_fetch",20288.948811377,0.248653247952461
"species_4_fetch",20477.3191393555,0.246972262859344
"species_4_fetch",20665.689467334,0.24529892206192
"species_4_fetch",20854.0597953125,0.243633255362511
"species_4_fetch",21042.430123291,0.241975292563438
"species_4_fetch",21230.8004512695,0.240325003862381
"species_4_fetch",21419.170779248,0.238682448863983
"species_4_fetch",21607.5411072266,0.237047597765923
"species_4_fetch",21795.9114352051,0.23542046546936
"species_4_fetch",21984.2817631836,0.233801111578941
"species_4_fetch",22172.6520911621,0.232189506292343
"species_4_fetch",22361.0224191406,0.230585664510727
"species_4_fetch",22549.3927471191,0.228989601135254
"species_4_fetch",22737.7630750977,0.227401301264763
"species_4_fetch",22926.1334030762,0.225820809602737
"species_4_fetch",23114.5037310547,0.224248111248016
"species_4_fetch",23302.8740590332,0.2226832062006
"species_4_fetch",23491.2443870117,0.22112612426281
"species_4_fetch",23679.6147149902,0.219576835632324
"species_4_fetch",23867.9850429688,0.218035385012627
"species_4_fetch",24056.3553709473,0.216501742601395
"species_4_fetch",24244.7256989258,0.214975923299789
"species_4_fetch",24433.0960269043,0.213457927107811
"species_4_fetch",24621.4663548828,0.211947754025459
"species_4_fetch",24809.8366828613,0.210445418953896
"species_4_fetch",24998.2070108398,0.208950892090797
"species_4_fetch",25186.5773388184,0.207464188337326
"species_4_fetch",25374.9476667969,0.205985322594643
"species_4_fetch",25563.3179947754,0.204514265060425
"species_4_fetch",25751.6883227539,0.203051045536995
"species_4_fetch",25940.0586507324,0.201595619320869
"species_4_fetch",26128.4289787109,0.200148016214371
"species_4_fetch",26316.7993066895,0.198708221316338
"species_4_fetch",26505.169634668,0.197276219725609
"species_4_fetch",26693.5399626465,0.195852041244507
"species_4_fetch",26881.910290625,0.194435626268387
"species_4_fetch",27070.2806186035,0.193027004599571
"species_4_fetch",27258.650946582,0.19162617623806
"species_4_fetch",27447.0212745606,0.19023309648037
"species_4_fetch",27635.3916025391,0.188847780227661
"species_4_fetch",27823.7619305176,0.187470227479935
"species_4_fetch",28012.1322584961,0.186100408434868
"species_4_fetch",28200.5025864746,0.184738323092461
"species_4_fetch",28388.8729144531,0.183383971452713
"species_4_fetch",28577.2432424317,0.182037308812141
"species_4_fetch",28765.6135704102,0.180698379874229
"species_4_fetch",28953.9838983887,0.179367110133171
"species_4_fetch",29142.3542263672,0.17804354429245
"species_4_fetch",29330.7245543457,0.17672760784626
"species_4_fetch",29519.0948823242,0.175419345498085
"species_4_fetch",29707.4652103027,0.174118712544441
"species_4_fetch",29895.8355382813,0.172825708985329
"species_4_fetch",30084.2058662598,0.171540305018425
"species_4_fetch",30272.5761942383,0.17026250064373
"species_4_fetch",30460.9465222168,0.168992266058922
"species_4_fetch",30649.3168501953,0.167729601264
"species_4_fetch",30837.6871781738,0.166474461555481
"species_4_fetch",31026.0575061523,0.165226876735687
"species_4_fetch",31214.4278341309,0.163986772298813
"species_4_fetch",31402.7981621094,0.16275417804718
"species_4_fetch",31591.1684900879,0.161529064178467
"species_4_fetch",31779.5388180664,0.16031140089035
"species_4_fetch",31967.9091460449,0.15910117328167
"species_4_fetch",32156.2794740234,0.157898366451263
"species_4_fetch",32344.649802002,0.156702950596809
"species_4_fetch",32533.0201299805,0.155514925718307
"species_4_fetch",32721.390457959,0.154334247112274
"species_4_fetch",32909.7607859375,0.153160899877548
"species_4_fetch",33098.131113916,0.15199488401413
"species_4_fetch",33286.5014418945,0.150836169719696
"species_4_fetch",33474.8717698731,0.149684727191925
"species_4_fetch",33663.2420978516,0.148540526628494
"species_4_fetch",33851.6124258301,0.147403553128242
"species_4_fetch",34039.9827538086,0.146273791790009
"species_4_fetch",34228.3530817871,0.145151227712631
"species_4_fetch",34416.7234097656,0.144035816192627
"species_4_fetch",34605.0937377441,0.142927542328835
"species_4_fetch",34793.4640657227,0.141826376318932
"species_4_fetch",34981.8343937012,0.140732303261757
"species_4_fetch",35170.2047216797,0.13964532315731
"species_4_fetch",35358.5750496582,0.138565346598625
"species_4_fetch",35546.9453776367,0.137492403388023
"species_4_fetch",35735.3157056152,0.136426448822021
"species_4_fetch",35923.6860335938,0.135367467999458
"species_4_fetch",36112.0563615723,0.134315446019173
"species_4_fetch",36300.4266895508,0.133270308375359
"species_4_fetch",36488.7970175293,0.132232069969177
"species_4_fetch",36677.1673455078,0.131200686097145
"species_4_fetch",36865.5376734863,0.130176156759262
"species_4_fetch",37053.9080014648,0.129158452153206
"species_4_fetch",37242.2783294434,0.128147512674332
"species_4_fetch",37430.6486574219,0.127143323421478
"species_4_fetch",37619.0189854004,0.126145869493484
"species_4_fetch",37807.3893133789,0.125155106186867
"species_4_fetch",37995.7596413574,0.124207034707069
"species_4_fetch",38184.129969336,0.123287074267864
"species_4_fetch",38372.5002973145,0.122372977435589
"species_4_fetch",38560.870625293,0.121465772390366
"species_4_fetch",38749.2409532715,0.120600454509258
"species_4_fetch",38937.61128125,0.119749896228313
"species_4_fetch",39125.9816092285,0.118904508650303
"species_4_fetch",39314.351937207,0.118064284324646
"species_4_fetch",39502.7222651855,0.117229215800762
"species_4_fetch",39691.0925931641,0.116399273276329
"species_4_fetch",39879.4629211426,0.115574434399605
"species_4_fetch",40067.8332491211,0.114754699170589
"species_4_fetch",40256.2035770996,0.113940007984638
"species_4_fetch",40444.5739050781,0.113130368292332
"species_4_fetch",40632.9442330567,0.112325750291348
"species_4_fetch",40821.3145610352,0.111526131629944
"species_4_fetch",41009.6848890137,0.110731512308121
"species_4_fetch",41198.0552169922,0.109941840171814
"species_4_fetch",41386.4255449707,0.109157107770443
"species_4_fetch",41574.7958729492,0.108377292752266
"species_4_fetch",41763.1662009277,0.107602380216122
"species_4_fetch",41951.5365289063,0.106832355260849
"species_4_fetch",42139.9068568848,0.106067173182964
"species_4_fetch",42328.2771848633,0.105306826531887
"species_4_fetch",42516.6475128418,0.104551292955875
"species_4_fetch",42705.0178408203,0.103800550103188
"species_4_fetch",42893.3881687988,0.103054590523243
"species_4_fetch",43081.7584967774,0.102313369512558
"species_4_fetch",43270.1288247559,0.101576872169971
"species_4_fetch",43458.4991527344,0.100845076143742
"species_4_fetch",43646.8694807129,0.100117973983288
"species_4_fetch",43835.2398086914,0.0993955433368683
"species_4_fetch",44023.6101366699,0.09867774695158
"species_4_fetch",44211.9804646484,0.0979645624756813
"species_4_fetch",44400.350792627,0.0972559750080109
"species_4_fetch",44588.7211206055,0.0965519696474075
"species_4_fetch",44777.091448584,0.0958525314927101
"species_4_fetch",44965.4617765625,0.095157615840435
"species_4_fetch",45153.832104541,0.0944672077894211
"species_4_fetch",45342.2024325195,0.0937812924385071
"species_4_fetch",45530.5727604981,0.0930998399853706
"species_4_fetch",45718.9430884766,0.0924228578805924
"species_4_fetch",45907.3134164551,0.0917502790689468
"species_4_fetch",46095.6837444336,0.0910821035504341
"species_4_fetch",46284.0540724121,0.0904183089733124
"species_4_fetch",46472.4244003906,0.0897588804364204
"species_4_fetch",46660.7947283691,0.0891037955880165
"species_4_fetch",46849.1650563477,0.0884530171751976
"species_4_fetch",47037.5353843262,0.0878065377473831
"species_4_fetch",47225.9057123047,0.0871643275022507
"species_4_fetch",47414.2760402832,0.0865263715386391
"species_4_fetch",47602.6463682617,0.0858926549553871
"species_4_fetch",47791.0166962402,0.0852631330490112
"species_4_fetch",47979.3870242188,0.0846377983689308
"species_4_fetch",48167.7573521973,0.0840166285634041
"species_4_fetch",48356.1276801758,0.0833996087312698
"species_4_fetch",48544.4980081543,0.0827867165207863
"species_4_fetch",48732.8683361328,0.0821779146790504
"species_4_fetch",48921.2386641113,0.0815731883049011
"species_4_fetch",49109.6089920899,0.0809725224971771
"species_4_fetch",49297.9793200684,0.0803758949041367
"species_4_fetch",49486.3496480469,0.0797832757234573
"species_4_fetch",49674.7199760254,0.0791946649551392
"species_4_fetch",49863.0903040039,0.0786100178956985
"species_4_fetch",50051.4606319824,0.0780293121933937
"species_4_fetch",50239.830959961,0.077452540397644
"species_4_fetch",50428.2012879395,0.0768796801567078
"species_4_fetch",50616.571615918,0.0763107091188431
"species_4_fetch",50804.9419438965,0.0757455974817276
"species_4_fetch",50993.312271875,0.0751843303442001
"species_4_fetch",51181.6825998535,0.0746268853545189
"species_4_fetch",51370.052927832,0.0740732476115227
"species_4_fetch",51558.4232558106,0.0735233947634697
"species_4_fetch",51746.7935837891,0.0729772970080376
"species_4_fetch",51935.1639117676,0.0724349319934845
"species_4_fetch",52123.5342397461,0.0718962848186493
"species_4_fetch",52311.9045677246,0.0713613405823708
"species_4_fetch",52500.2748957031,0.0708300843834877
"species_4_fetch",52688.6452236817,0.0703031942248344
"species_4_fetch",52877.0155516602,0.0698470920324326
"species_4_fetch",53065.3858796387,0.06954625248909
"species_4_fetch",53253.7562076172,0.0694136917591095
"species_4_fetch",53442.1265355957,0.0694447979331017
"species_4_fetch",53630.4968635742,0.0696045011281967
"species_4_fetch",53818.8671915527,0.0699057206511497
"species_4_fetch",54007.2375195313,0.0702098831534386
"species_4_fetch",54195.6078475098,0.0705152675509453
"species_4_fetch",54383.9781754883,0.0708218738436699
"species_4_fetch",54572.3485034668,0.071129709482193
"species_4_fetch",54760.7188314453,0.0714387893676758
"species_4_fetch",54949.0891594238,0.0717491060495377
"species_4_fetch",55137.4594874024,0.0720606669783592
"species_4_fetch",55325.8298153809,0.0723734647035599
"species_4_fetch",55514.2001433594,0.0726875215768814
"species_4_fetch",55702.5704713379,0.0730028375983238
"species_4_fetch",55890.9407993164,0.0733194127678871
"species_4_fetch",56079.3111272949,0.0736372545361519
"species_4_fetch",56267.6814552734,0.0739563480019569
"species_4_fetch",56456.051783252,0.0742767304182053
"species_4_fetch",56644.4221112305,0.0745983794331551
"species_4_fetch",56832.792439209,0.0749213173985481
"species_4_fetch",57021.1627671875,0.0752455294132233
"species_4_fetch",57209.533095166,0.0755710303783417
"species_4_fetch",57397.9034231445,0.0758978351950645
"species_4_fetch",57586.2737511231,0.0762259289622307
"species_4_fetch",57774.6440791016,0.0765553265810013
"species_4_fetch",57963.0144070801,0.0768860280513763
"species_4_fetch",58151.3847350586,0.0772180259227753
"species_4_fetch",58339.7550630371,0.0775513499975204
"species_4_fetch",58528.1253910156,0.0778859928250313
"species_4_fetch",58716.4957189942,0.0782219544053078
"species_4_fetch",58904.8660469727,0.0785592421889305
"species_4_fetch",59093.2363749512,0.0788978636264801
"species_4_fetch",59281.6067029297,0.079237811267376
"species_4_fetch",59469.9770309082,0.0795791000127792
"species_4_fetch",59658.3473588867,0.07992172986269
"species_4_fetch",59846.7176868652,0.0802657082676888
"species_4_fetch",60035.0880148438,0.0806110426783562
"species_4_fetch",60223.4583428223,0.080957718193531
"species_4_fetch",60411.8286708008,0.0813057646155357
"species_4_fetch",60600.1989987793,0.0816551744937897
"species_4_fetch",60788.5693267578,0.0820059478282928
"species_4_fetch",60976.9396547363,0.0823580920696259
"species_4_fetch",61165.3099827148,0.0827116072177887
"species_4_fetch",61353.6803106934,0.0830665156245232
"species_4_fetch",61542.0506386719,0.0834228023886681
"species_4_fetch",61730.4209666504,0.083780474960804
"species_4_fetch",61918.7912946289,0.0841395482420921
"species_4_fetch",62107.1616226074,0.0844999998807907
"species_4_fetch",62295.5319505859,0.0848618671298027
"species_4_fetch",62483.9022785645,0.0852251425385475
"species_4_fetch",62672.272606543,0.0855898261070251
"species_4_fetch",62860.6429345215,0.0859559178352356
"species_4_fetch",63049.0132625,0.0863234251737595
"species_4_fetch",63237.3835904785,0.0866923630237579
"species_4_fetch",63425.753918457,0.0870627239346504
"species_4_fetch",63614.1242464356,0.0874345153570175
"species_4_fetch",63802.4945744141,0.0878077447414398
"species_4_fetch",63990.8649023926,0.0881824046373367
"species_4_fetch",64179.2352303711,0.08855851739645
"species_4_fetch",64367.6055583496,0.0889360755681992
"species_4_fetch",64555.9758863281,0.0893150866031647
"species_4_fetch",64744.3462143066,0.0896955505013466
"species_4_fetch",64932.7165422852,0.0900774747133255
"species_4_fetch",65121.0868702637,0.090460866689682
"species_4_fetch",65309.4571982422,0.0908457264304161
"species_4_fetch",65497.8275262207,0.0912320613861084
"species_4_fetch",65686.1978541992,0.0916198641061783
"species_4_fetch",65874.5681821777,0.0920091643929482
"species_4_fetch",66062.9385101563,0.0923999324440956
"species_4_fetch",66251.3088381348,0.0927922129631042
"species_4_fetch",66439.6791661133,0.0931859686970711
"species_4_fetch",66628.0494940918,0.0935812219977379
"species_4_fetch",66816.4198220703,0.0939779952168465
"species_4_fetch",67004.7901500488,0.0943762585520744
"species_4_fetch",67193.1604780273,0.0947760492563248
"species_4_fetch",67381.5308060059,0.0951773375272751
"species_4_fetch",67569.9011339844,0.0955801457166672
"species_4_fetch",67758.2714619629,0.0959844961762428
"species_4_fetch",67946.6417899414,0.0963903591036797
"species_4_fetch",68135.0121179199,0.0967977717518806
"species_4_fetch",68323.3824458984,0.0972067043185234
"species_4_fetch",68511.752773877,0.0976171717047691
"species_4_fetch",68700.1231018555,0.0980292111635208
"species_4_fetch",68888.493429834,0.0984427705407143
"species_4_fetch",69076.8637578125,0.0988579094409943
"species_4_fetch",69265.234085791,0.0981458723545074
"species_4_fetch",69453.6044137695,0.0967001393437386
"species_4_fetch",69641.974741748,0.0952733904123306
"species_4_fetch",69830.3450697266,0.0938655659556389
"species_4_fetch",70018.7153977051,0.0924763604998589
"species_4_fetch",70207.0857256836,0.0911057069897652
"species_4_fetch",70395.4560536621,0.0897533595561981
"species_4_fetch",70583.8263816406,0.088419072329998
"species_4_fetch",70772.1967096191,0.0871027857065201
"species_4_fetch",70960.5670375977,0.0858041867613792
"species_4_fetch",71148.9373655762,0.0845232158899307
"species_4_fetch",71337.3076935547,0.0832596272230148
"species_4_fetch",71525.6780215332,0.0820131823420525
"species_4_fetch",71714.0483495117,0.080783799290657
"species_4_fetch",71902.4186774902,0.0795712023973465
"species_4_fetch",72090.7890054687,0.0783753097057343
"species_4_fetch",72279.1593334473,0.0771958753466606
"species_4_fetch",72467.5296614258,0.0760326758027077
"species_4_fetch",72655.8999894043,0.0748856365680695
"species_4_fetch",72844.2703173828,0.0737544670701027
"species_4_fetch",73032.6406453613,0.0726390928030014
"species_4_fetch",73221.0109733399,0.0715392827987671
"species_4_fetch",73409.3813013184,0.0704548135399818
"species_4_fetch",73597.7516292969,0.0693855956196785
"species_4_fetch",73786.1219572754,0.0683313757181168
"species_4_fetch",73974.4922852539,0.0672920495271683
"species_4_fetch",74162.8626132324,0.0662674158811569
"species_4_fetch",74351.2329412109,0.0652572438120842
"species_4_fetch",74539.6032691895,0.0642614588141441
"species_4_fetch",74727.973597168,0.0632797926664352
"species_4_fetch",74916.3439251465,0.0623121671378613
"species_4_fetch",75104.714253125,0.0613583661615848
"species_4_fetch",75293.0845811035,0.0604181885719299
"species_4_fetch",75481.454909082,0.059491541236639
"species_4_fetch",75669.8252370606,0.0585781820118427
"species_4_fetch",75858.1955650391,0.0576780214905739
"species_4_fetch",76046.5658930176,0.0567908622324467
"species_4_fetch",76234.9362209961,0.0559164993464947
"species_4_fetch",76423.3065489746,0.0550548508763313
"species_4_fetch",76611.6768769531,0.0542056821286678
"species_4_fetch",76800.0472049316,0.053368903696537
"species_4_fetch",76988.4175329102,0.0525443255901337
"species_4_fetch",77176.7878608887,0.0517317615449429
"species_4_fetch",77365.1581888672,0.0509311184287071
"species_4_fetch",77553.5285168457,0.0501421764492989
"species_4_fetch",77741.8988448242,0.0493648536503315
"species_4_fetch",77930.2691728027,0.0485989674925804
"species_4_fetch",78118.6395007813,0.0478443317115307
"species_4_fetch",78307.0098287598,0.0471008643507958
"species_4_fetch",78495.3801567383,0.0463683567941189
"species_4_fetch",78683.7504847168,0.0456467270851135
"species_4_fetch",78872.1208126953,0.0449357964098454
"species_4_fetch",79060.4911406738,0.0442353971302509
"species_4_fetch",79248.8614686524,0.0440042652189732
"species_4_fetch",79437.2317966309,0.0440042652189732
"species_4_fetch",79625.6021246094,0.0440042652189732
"species_4_fetch",79813.9724525879,0.0440042652189732
"species_4_fetch",80002.3427805664,0.0440042652189732
"species_4_fetch",80190.7131085449,0.0440042652189732
"species_4_fetch",80379.0834365234,0.0440042652189732
"species_4_fetch",80567.453764502,0.0440042652189732
"species_4_fetch",80755.8240924805,0.0440042652189732
"species_4_fetch",80944.194420459,0.0440042652189732
"species_4_fetch",81132.5647484375,0.0440042652189732
"species_4_fetch",81320.935076416,0.0440042652189732
"species_4_fetch",81509.3054043945,0.0440042652189732
"species_4_fetch",81697.675732373,0.0440042652189732
"species_4_fetch",81886.0460603516,0.0440042652189732
"species_4_fetch",82074.4163883301,0.0440042652189732
"species_4_fetch",82262.7867163086,0.0440042652189732
"species_4_fetch",82451.1570442871,0.0440042652189732
"species_4_fetch",82639.5273722656,0.0440042652189732
"species_4_fetch",82827.8977002442,0.0440042652189732
"species_4_fetch",83016.2680282227,0.0440042652189732
"species_4_fetch",83204.6383562012,0.0440042652189732
"species_4_fetch",83393.0086841797,0.0440042652189732
"species_4_fetch",83581.3790121582,0.0440042652189732
"species_4_fetch",83769.7493401367,0.0440042652189732
"species_4_fetch",83958.1196681152,0.0440042652189732
"species_4_fetch",84146.4899960938,0.0440042652189732
"species_4_fetch",84334.8603240723,0.0440042652189732
"species_4_fetch",84523.2306520508,0.0440042652189732
"species_4_fetch",84711.6009800293,0.0440042652189732
"species_4_fetch",84899.9713080078,0.0440042652189732
"species_4_fetch",85088.3416359863,0.0440042652189732
"species_4_fetch",85276.7119639648,0.0440042652189732
"species_4_fetch",85465.0822919434,0.0440042652189732
"species_4_fetch",85653.4526199219,0.0440042652189732
"species_4_fetch",85841.8229479004,0.0440042652189732
"species_4_fetch",86030.1932758789,0.0440042652189732
"species_4_fetch",86218.5636038574,0.0440042652189732
"species_4_fetch",86406.9339318359,0.0440042652189732
"species_4_fetch",86595.3042598145,0.0440042652189732
"species_4_fetch",86783.674587793,0.0440042652189732
"species_4_fetch",86972.0449157715,0.0440042652189732
"species_contemp_ice_extrap_only",-9.88419320285318,0.00059783331817016
"species_contemp_ice_extrap_only",-9.75979258774517,0.00059783331817016
"species_contemp_ice_extrap_only",-9.63539197263716,0.00059783331817016
"species_contemp_ice_extrap_only",-9.51099135752915,0.00059783331817016
"species_contemp_ice_extrap_only",-9.38659074242113,0.00059783331817016
"species_contemp_ice_extrap_only",-9.26219012731312,0.00059783331817016
"species_contemp_ice_extrap_only",-9.13778951220511,0.00059783331817016
"species_contemp_ice_extrap_only",-9.01338889709709,0.00059783331817016
"species_contemp_ice_extrap_only",-8.88898828198908,0.00059783331817016
"species_contemp_ice_extrap_only",-8.76458766688107,0.00059783331817016
"species_contemp_ice_extrap_only",-8.64018705177306,0.00059783331817016
"species_contemp_ice_extrap_only",-8.51578643666504,0.00059783331817016
"species_contemp_ice_extrap_only",-8.39138582155703,0.00059783331817016
"species_contemp_ice_extrap_only",-8.26698520644902,0.00059783331817016
"species_contemp_ice_extrap_only",-8.142584591341,0.00059783331817016
"species_contemp_ice_extrap_only",-8.01818397623299,0.00059783331817016
"species_contemp_ice_extrap_only",-7.89378336112498,0.00059783331817016
"species_contemp_ice_extrap_only",-7.76938274601696,0.00059783331817016
"species_contemp_ice_extrap_only",-7.64498213090895,0.00059783331817016
"species_contemp_ice_extrap_only",-7.52058151580094,0.00059783331817016
"species_contemp_ice_extrap_only",-7.39618090069293,0.00059783331817016
"species_contemp_ice_extrap_only",-7.27178028558491,0.00059783331817016
"species_contemp_ice_extrap_only",-7.1473796704769,0.00059783331817016
"species_contemp_ice_extrap_only",-7.02297905536889,0.00059783331817016
"species_contemp_ice_extrap_only",-6.89857844026087,0.00059783331817016
"species_contemp_ice_extrap_only",-6.77417782515286,0.00059783331817016
"species_contemp_ice_extrap_only",-6.64977721004485,0.00059783331817016
"species_contemp_ice_extrap_only",-6.52537659493684,0.00059783331817016
"species_contemp_ice_extrap_only",-6.40097597982882,0.00059783331817016
"species_contemp_ice_extrap_only",-6.27657536472081,0.00059783331817016
"species_contemp_ice_extrap_only",-6.1521747496128,0.00059783331817016
"species_contemp_ice_extrap_only",-6.02777413450478,0.00059783331817016
"species_contemp_ice_extrap_only",-5.90337351939677,0.00059783331817016
"species_contemp_ice_extrap_only",-5.77897290428876,0.00059783331817016
"species_contemp_ice_extrap_only",-5.65457228918075,0.00059783331817016
"species_contemp_ice_extrap_only",-5.53017167407273,0.00059783331817016
"species_contemp_ice_extrap_only",-5.40577105896472,0.00059783331817016
"species_contemp_ice_extrap_only",-5.28137044385671,0.00059783331817016
"species_contemp_ice_extrap_only",-5.15696982874869,0.00059783331817016
"species_contemp_ice_extrap_only",-5.03256921364068,0.00059783331817016
"species_contemp_ice_extrap_only",-4.90816859853267,0.00059783331817016
"species_contemp_ice_extrap_only",-4.78376798342465,0.00059783331817016
"species_contemp_ice_extrap_only",-4.65936736831664,0.00059783331817016
"species_contemp_ice_extrap_only",-4.53496675320863,0.00059783331817016
"species_contemp_ice_extrap_only",-4.41056613810062,0.00059783331817016
"species_contemp_ice_extrap_only",-4.2861655229926,0.00059783331817016
"species_contemp_ice_extrap_only",-4.16176490788459,0.00059783331817016
"species_contemp_ice_extrap_only",-4.03736429277658,0.00059783331817016
"species_contemp_ice_extrap_only",-3.91296367766856,0.00059783331817016
"species_contemp_ice_extrap_only",-3.78856306256055,0.00059783331817016
"species_contemp_ice_extrap_only",-3.66416244745254,0.00059783331817016
"species_contemp_ice_extrap_only",-3.53976183234452,0.00059783331817016
"species_contemp_ice_extrap_only",-3.41536121723651,0.00059783331817016
"species_contemp_ice_extrap_only",-3.2909606021285,0.00059783331817016
"species_contemp_ice_extrap_only",-3.16655998702049,0.00059783331817016
"species_contemp_ice_extrap_only",-3.04215937191247,0.00059783331817016
"species_contemp_ice_extrap_only",-2.91775875680446,0.00059783331817016
"species_contemp_ice_extrap_only",-2.79335814169645,0.00059783331817016
"species_contemp_ice_extrap_only",-2.66895752658843,0.00059783331817016
"species_contemp_ice_extrap_only",-2.54455691148042,0.00059783331817016
"species_contemp_ice_extrap_only",-2.42015629637241,0.00059783331817016
"species_contemp_ice_extrap_only",-2.2957556812644,0.00059783331817016
"species_contemp_ice_extrap_only",-2.17135506615638,0.00059783331817016
"species_contemp_ice_extrap_only",-2.04695445104837,0.00059783331817016
"species_contemp_ice_extrap_only",-1.92255383594036,0.00059783331817016
"species_contemp_ice_extrap_only",-1.79815322083234,0.00059783331817016
"species_contemp_ice_extrap_only",-1.67375260572433,0.00059783331817016
"species_contemp_ice_extrap_only",-1.54935199061632,0.00059783331817016
"species_contemp_ice_extrap_only",-1.42495137550831,0.00059783331817016
"species_contemp_ice_extrap_only",-1.30055076040029,0.00059783331817016
"species_contemp_ice_extrap_only",-1.17615014529228,0.00059783331817016
"species_contemp_ice_extrap_only",-1.05174953018427,0.00059783331817016
"species_contemp_ice_extrap_only",-0.927348915076255,0.00059783331817016
"species_contemp_ice_extrap_only",-0.802948299968241,0.00059783331817016
"species_contemp_ice_extrap_only",-0.678547684860229,0.00059783331817016
"species_contemp_ice_extrap_only",-0.554147069752215,0.00059783331817016
"species_contemp_ice_extrap_only",-0.429746454644203,0.00059783331817016
"species_contemp_ice_extrap_only",-0.305345839536189,0.00059783331817016
"species_contemp_ice_extrap_only",-0.180945224428177,0.00059783331817016
"species_contemp_ice_extrap_only",-0.0565446093201629,0.00059783331817016
"species_contemp_ice_extrap_only",0.0678560057878492,0.00059783331817016
"species_contemp_ice_extrap_only",0.192256620895863,0.00059783331817016
"species_contemp_ice_extrap_only",0.316657236003875,0.00059783331817016
"species_contemp_ice_extrap_only",0.441057851111889,0.000604425243916998
"species_contemp_ice_extrap_only",0.565458466219901,0.000611038808472835
"species_contemp_ice_extrap_only",0.689859081327915,0.000631757440847364
"species_contemp_ice_extrap_only",0.814259696435927,0.000652480302248089
"species_contemp_ice_extrap_only",0.93866031154394,0.000674641611224421
"species_contemp_ice_extrap_only",1.06306092665195,0.000696810803001866
"species_contemp_ice_extrap_only",1.18746154175997,0.000720517846667087
"species_contemp_ice_extrap_only",1.31186215686798,0.000744236885160123
"species_contemp_ice_extrap_only",1.43626277197599,0.0007696002604383
"species_contemp_ice_extrap_only",1.56066338708401,0.000794980245836538
"species_contemp_ice_extrap_only",1.68506400219202,0.000822118650702627
"species_contemp_ice_extrap_only",1.80946461730003,0.000849278831889516
"species_contemp_ice_extrap_only",1.93386523240804,0.000878319679834162
"species_contemp_ice_extrap_only",2.05826584751606,0.000907388074427521
"species_contemp_ice_extrap_only",2.18266646262407,0.000938468045097428
"species_contemp_ice_extrap_only",2.30706707773208,0.000969581994214935
"species_contemp_ice_extrap_only",2.43146769284009,0.00100284793617558
"species_contemp_ice_extrap_only",2.55586830794811,0.00103615501268255
"species_contemp_ice_extrap_only",2.68026892305612,0.00107176447954064
"species_contemp_ice_extrap_only",2.80466953816413,0.0011074230265297
"species_contemp_ice_extrap_only",2.92907015327215,0.00114554520582132
"species_contemp_ice_extrap_only",3.05347076838016,0.00118372527492942
"species_contemp_ice_extrap_only",3.17787138348817,0.00122454185907256
"species_contemp_ice_extrap_only",3.30227199859619,0.00126542608895843
"species_contemp_ice_extrap_only",3.4266726137042,0.00130913216373574
"species_contemp_ice_extrap_only",3.55107322881221,0.00135291666502688
"species_contemp_ice_extrap_only",3.67547384392022,0.00139972171116543
"species_contemp_ice_extrap_only",3.79987445902824,0.00144661709487382
"species_contemp_ice_extrap_only",3.92427507413625,0.00149674606035801
"species_contemp_ice_extrap_only",4.04867568924426,0.00154697849128994
"species_contemp_ice_extrap_only",4.17307630435228,0.00160067311294736
"species_contemp_ice_extrap_only",4.29747691946029,0.0016544856647437
"species_contemp_ice_extrap_only",4.4218775345683,0.00171200545906734
"species_contemp_ice_extrap_only",4.54627814967631,0.00176965910425503
"species_contemp_ice_extrap_only",4.67067876478433,0.0018312828759336
"species_contemp_ice_extrap_only",4.79507937989234,0.00189305799735726
"species_contemp_ice_extrap_only",4.91947999500035,0.00195908526035812
"species_contemp_ice_extrap_only",5.04388061010837,0.00202528309125658
"species_contemp_ice_extrap_only",5.16828122521638,0.00209603554263549
"species_contemp_ice_extrap_only",5.29268184032439,0.00216697965758678
"species_contemp_ice_extrap_only",5.41708245543241,0.00224280304149297
"species_contemp_ice_extrap_only",5.54148307054042,0.00231884120364685
"species_contemp_ice_extrap_only",5.66588368564843,0.00240010675555298
"species_contemp_ice_extrap_only",5.79028430075644,0.00248161242142323
"species_contemp_ice_extrap_only",5.91468491586446,0.00256871915183761
"species_contemp_ice_extrap_only",6.03908553097247,0.00265609373738045
"species_contemp_ice_extrap_only",6.16348614608048,0.00274947034228225
"species_contemp_ice_extrap_only",6.2878867611885,0.00284314512408402
"species_contemp_ice_extrap_only",6.41228737629651,0.00294325212778116
"species_contemp_ice_extrap_only",6.53668799140452,0.00304369047848221
"species_contemp_ice_extrap_only",6.66108860651253,0.00315102269255851
"species_contemp_ice_extrap_only",6.78548922162055,0.00325872249156817
"species_contemp_ice_extrap_only",6.90988983672856,0.00337381167037662
"species_contemp_ice_extrap_only",7.03429045183657,0.00348930795483333
"species_contemp_ice_extrap_only",7.15869106694459,0.00361272515967908
"species_contemp_ice_extrap_only",7.2830916820526,0.00373659263006631
"species_contemp_ice_extrap_only",7.40749229716061,0.00386895171342466
"species_contemp_ice_extrap_only",7.53189291226862,0.00400180811398072
"species_contemp_ice_extrap_only",7.65629352737664,0.00414376833992974
"species_contemp_ice_extrap_only",7.78069414248465,0.00428627715161019
"species_contemp_ice_extrap_only",7.90509475759267,0.00443854694658002
"species_contemp_ice_extrap_only",8.02949537270067,0.00459142112221302
"species_contemp_ice_extrap_only",8.15389598780869,0.00475476110341616
"species_contemp_ice_extrap_only",8.2782966029167,0.00491876636485533
"species_contemp_ice_extrap_only",8.40269721802472,0.00509399442170636
"species_contemp_ice_extrap_only",8.52709783313273,0.00526995373617146
"species_contemp_ice_extrap_only",8.65149844824074,0.00545794726110944
"species_contemp_ice_extrap_only",8.77589906334875,0.00564674401634553
"species_contemp_ice_extrap_only",8.90029967845677,0.0058484460618985
"species_contemp_ice_extrap_only",9.02470029356478,0.00605102944680993
"species_contemp_ice_extrap_only",9.1491009086728,0.0062674521925956
"species_contemp_ice_extrap_only",9.27350152378081,0.00648484116578961
"species_contemp_ice_extrap_only",9.39790213888882,0.0067170718375814
"species_contemp_ice_extrap_only",9.52230275399683,0.00695036087036838
"species_contemp_ice_extrap_only",9.64670336910485,0.00719956618933671
"species_contemp_ice_extrap_only",9.77110398421286,0.00744992983392008
"species_contemp_ice_extrap_only",9.89550459932087,0.00771736226002934
"species_contemp_ice_extrap_only",10.0199052144289,0.00798606144204151
"species_contemp_ice_extrap_only",10.1443058295369,0.00827306457952887
"species_contemp_ice_extrap_only",10.2687064446449,0.00856145203397247
"species_contemp_ice_extrap_only",10.3931070597529,0.00886946794603786
"species_contemp_ice_extrap_only",10.5175076748609,0.00917899545273706
"species_contemp_ice_extrap_only",10.6419082899689,0.0095095699259636
"species_contemp_ice_extrap_only",10.766308905077,0.0098417939308307
"species_contemp_ice_extrap_only",10.890709520185,0.0101965850964462
"species_contemp_ice_extrap_only",11.015110135293,0.0105531750855981
"species_contemp_ice_extrap_only",11.139510750401,0.0109339596623283
"species_contemp_ice_extrap_only",11.263911365509,0.0113167044053023
"species_contemp_ice_extrap_only",11.388311980617,0.0117253865496548
"species_contemp_ice_extrap_only",11.512712595725,0.0121362034537745
"species_contemp_ice_extrap_only",11.6371132108331,0.0125748215202874
"species_contemp_ice_extrap_only",11.7615138259411,0.0130157629629854
"species_contemp_ice_extrap_only",11.8859144410491,0.0134864998446277
"species_contemp_ice_extrap_only",12.0103150561571,0.0139597637372377
"species_contemp_ice_extrap_only",12.1347156712651,0.0144649543208855
"species_contemp_ice_extrap_only",12.2591162863731,0.0149728918607653
"species_contemp_ice_extrap_only",12.3835169014811,0.0155150332793657
"species_contemp_ice_extrap_only",12.5079175165891,0.0160601587371457
"species_contemp_ice_extrap_only",12.6323181316972,0.0166419197782509
"species_contemp_ice_extrap_only",12.7567187468052,0.0172269205678386
"species_contemp_ice_extrap_only",12.8811193619132,0.0178511497848158
"species_contemp_ice_extrap_only",13.0055199770212,0.018478894260915
"species_contemp_ice_extrap_only",13.1299205921292,0.0191486332026227
"species_contemp_ice_extrap_only",13.2543212072372,0.0198221838178803
"species_contemp_ice_extrap_only",13.3787218223452,0.0205406741105275
"species_contemp_ice_extrap_only",13.5031224374532,0.0212632954388283
"species_contemp_ice_extrap_only",13.6275230525613,0.0220339908125474
"species_contemp_ice_extrap_only",13.7519236676693,0.0228091602831071
"species_contemp_ice_extrap_only",13.8763242827773,0.0236357347670484
"species_contemp_ice_extrap_only",14.0007248978853,0.0244671518009444
"species_contemp_ice_extrap_only",14.1251255129933,0.0253535120248936
"species_contemp_ice_extrap_only",14.2495261281013,0.0262451111845544
"species_contemp_ice_extrap_only",14.3739267432093,0.027195404310406
"species_contemp_ice_extrap_only",14.4983273583173,0.0281513602885541
"species_contemp_ice_extrap_only",14.6227279734254,0.0291699811695276
"species_contemp_ice_extrap_only",14.7471285885334,0.0301947200941945
"species_contemp_ice_extrap_only",14.8715292036414,0.0312863239658442
"species_contemp_ice_extrap_only",14.9959298187494,0.0323845333722408
"species_contemp_ice_extrap_only",15.1203304338574,0.0335425239603755
"species_contemp_ice_extrap_only",15.2447310489654,0.0347076414152239
"species_contemp_ice_extrap_only",15.3691316640734,0.0358274925619747
"species_contemp_ice_extrap_only",15.4935322791815,0.0369550279807836
"species_contemp_ice_extrap_only",15.6179328942895,0.0381547936618365
"species_contemp_ice_extrap_only",15.7423335093975,0.039362838336829
"species_contemp_ice_extrap_only",15.8667341245055,0.0398600573587389
"species_contemp_ice_extrap_only",15.9911347396135,0.0403661901568057
"species_contemp_ice_extrap_only",16.1155353547215,0.0408932265638336
"species_contemp_ice_extrap_only",16.2399359698295,0.0413566713561749
"species_contemp_ice_extrap_only",16.3643365849375,0.0415809112686708
"species_contemp_ice_extrap_only",16.4887372000456,0.0417217382216973
"species_contemp_ice_extrap_only",16.6131378151536,0.041789833808447
"species_contemp_ice_extrap_only",16.7375384302616,0.0418580624553055
"species_contemp_ice_extrap_only",16.8619390453696,0.0419274068463578
"species_contemp_ice_extrap_only",16.9863396604776,0.0419968869114898
"species_contemp_ice_extrap_only",17.1107402755856,0.0420674907282738
"species_contemp_ice_extrap_only",17.2351408906936,0.0421382337295756
"species_contemp_ice_extrap_only",17.3595415058017,0.0422101085313708
"species_contemp_ice_extrap_only",17.4839421209097,0.042282125476896
"species_contemp_ice_extrap_only",17.6083427360177,0.0423552824461009
"species_contemp_ice_extrap_only",17.7327433511257,0.0424285848460824
"species_contemp_ice_extrap_only",17.8571439662337,0.0425030355398006
"species_contemp_ice_extrap_only",17.9815445813417,0.0425776346800807
"species_contemp_ice_extrap_only",18.1059451964497,0.0426533913982977
"species_contemp_ice_extrap_only",18.2303458115577,0.0427292996049728
"species_contemp_ice_extrap_only",18.3547464266657,0.0428063735300872
"species_contemp_ice_extrap_only",18.4791470417738,0.0428836029560034
"species_contemp_ice_extrap_only",18.6035476568818,0.0429620076983802
"species_contemp_ice_extrap_only",18.7279482719898,0.043040570729601
"species_contemp_ice_extrap_only",18.8523488870978,0.0431203180282563
"species_contemp_ice_extrap_only",18.9767495022058,0.0432002273916525
"species_contemp_ice_extrap_only",19.1011501173138,0.0432813301097174
"species_contemp_ice_extrap_only",19.2255507324218,0.0433625980562692
"species_contemp_ice_extrap_only",19.3499513475299,0.0434450692387875
"species_contemp_ice_extrap_only",19.4743519626379,0.0435277095040215
"species_contemp_ice_extrap_only",19.5987525777459,0.0436115627591821
"species_contemp_ice_extrap_only",19.7231531928539,0.0436955886582673
"species_contemp_ice_extrap_only",19.8475538079619,0.0437808372195544
"species_contemp_ice_extrap_only",19.9719544230699,0.0438662616798995
"species_contemp_ice_extrap_only",20.0963550381779,0.0439529198962084
"species_contemp_ice_extrap_only",20.220755653286,0.0440397586737853
"species_contemp_ice_extrap_only",20.345156268394,0.0441278403439213
"species_contemp_ice_extrap_only",20.469556883502,0.0442161055504941
"species_contemp_ice_extrap_only",20.59395749861,0.0443056255799702
"species_contemp_ice_extrap_only",20.718358113718,0.044395333200294
"species_contemp_ice_extrap_only",20.842758728826,0.0444863044522412
"species_contemp_ice_extrap_only",20.967159343934,0.0445774670346681
"species_contemp_ice_extrap_only",21.091559959042,0.0446699062815964
"species_contemp_ice_extrap_only",21.21596057415,0.0447625413587476
"species_contemp_ice_extrap_only",21.3403611892581,0.0448564625835508
"species_contemp_ice_extrap_only",21.4647618043661,0.0449505838235414
"species_contemp_ice_extrap_only",21.5891624194741,0.0450460034283764
"species_contemp_ice_extrap_only",21.7135630345821,0.0451416261628246
"species_contemp_ice_extrap_only",21.8379636496901,0.0452385592351136
"species_contemp_ice_extrap_only",21.9623642647981,0.0453356997141956
"species_contemp_ice_extrap_only",22.0867648799061,0.0454341663967709
"species_contemp_ice_extrap_only",22.2111654950141,0.0455328388096079
"species_contemp_ice_extrap_only",22.3355661101222,0.0456328512896372
"species_contemp_ice_extrap_only",22.4599667252302,0.0457330699960041
"species_contemp_ice_extrap_only",22.5843673403382,0.0458346500831996
"species_contemp_ice_extrap_only",22.7087679554462,0.0459364350199272
"species_contemp_ice_extrap_only",22.8331685705542,0.0460395954497264
"species_contemp_ice_extrap_only",22.9575691856622,0.0461429600387393
"species_contemp_ice_extrap_only",23.0819698007702,0.0462477200963004
"species_contemp_ice_extrap_only",23.2063704158783,0.0463526842831328
"species_contemp_ice_extrap_only",23.3307710309863,0.0464590607270893
"species_contemp_ice_extrap_only",23.4551716460943,0.0465656401666641
"species_contemp_ice_extrap_only",23.5795722612023,0.0466736513259178
"species_contemp_ice_extrap_only",23.7039728763103,0.0467818646555659
"species_contemp_ice_extrap_only",23.8283734914183,0.046891528537534
"species_contemp_ice_extrap_only",23.9527741065263,0.0470013943989381
"species_contemp_ice_extrap_only",24.0771747216343,0.0471127297719977
"species_contemp_ice_extrap_only",24.2015753367424,0.0472242658689903
"species_contemp_ice_extrap_only",24.3259759518504,0.0473372904190741
"species_contemp_ice_extrap_only",24.4503765669584,0.047450515393338
"species_contemp_ice_extrap_only",24.5747771820664,0.0475652499604906
"species_contemp_ice_extrap_only",24.6991777971744,0.0476801839394728
"species_contemp_ice_extrap_only",24.8235784122824,0.0477966465659257
"species_contemp_ice_extrap_only",24.9479790273904,0.047913308191309
"species_contemp_ice_extrap_only",25.0723796424985,0.0480315205734502
"species_contemp_ice_extrap_only",25.1967802576065,0.0481499305292993
"species_contemp_ice_extrap_only",25.3211808727145,0.0482699104672067
"species_contemp_ice_extrap_only",25.4455814878225,0.0483900877699093
"species_contemp_ice_extrap_only",25.5699821029305,0.0485118581823156
"species_contemp_ice_extrap_only",25.6943827180385,0.0486338244472589
"species_contemp_ice_extrap_only",25.8187833331465,0.0487574035415854
"species_contemp_ice_extrap_only",25.9431839482545,0.048881178157686
"species_contemp_ice_extrap_only",26.0675845633626,0.049006589787847
"species_contemp_ice_extrap_only",26.1919851784706,0.0491321962396652
"species_contemp_ice_extrap_only",26.3163857935786,0.0492594601741267
"species_contemp_ice_extrap_only",26.4407864086866,0.049386917283082
"species_contemp_ice_extrap_only",26.5651870237946,0.0495160560655705
"species_contemp_ice_extrap_only",26.6895876389026,0.0496453875046635
"species_contemp_ice_extrap_only",26.8139882540106,0.0497764237704163
"species_contemp_ice_extrap_only",26.9383888691186,0.049907651531915
"species_contemp_ice_extrap_only",27.0627894842267,0.0500406088140459
"species_contemp_ice_extrap_only",27.1871900993347,0.05017375694348
"species_contemp_ice_extrap_only",27.3115907144427,0.050308655997174
"species_contemp_ice_extrap_only",27.4359913295507,0.0504437446241663
"species_contemp_ice_extrap_only",27.5603919446587,0.0505806119642614
"species_contemp_ice_extrap_only",27.6847925597667,0.0507176675514284
"species_contemp_ice_extrap_only",27.8091931748747,0.0508565247936812
"species_contemp_ice_extrap_only",27.9335937899827,0.0509955697123477
"species_contemp_ice_extrap_only",28.0579944050908,0.0511364438199119
"species_contemp_ice_extrap_only",28.1823950201988,0.0512775041601654
"species_contemp_ice_extrap_only",28.3067956353068,0.0514204158015596
"species_contemp_ice_extrap_only",28.4311962504148,0.051563512440257
"species_contemp_ice_extrap_only",28.5555968655228,0.051708491239928
"species_contemp_ice_extrap_only",28.6799974806308,0.0518536539967988
"species_contemp_ice_extrap_only",28.8043980957388,0.0520007218981461
"species_contemp_ice_extrap_only",28.9287987108468,0.0521479723951053
"species_contemp_ice_extrap_only",29.0531993259549,0.0522971580408926
"species_contemp_ice_extrap_only",29.1775999410629,0.0524465253547876
"species_contemp_ice_extrap_only",29.3020005561709,0.0525978547662814
"species_contemp_ice_extrap_only",29.4264011712789,0.0527493638674365
"species_contemp_ice_extrap_only",29.5508017863869,0.0529028632464336
"species_contemp_ice_extrap_only",29.6752024014949,0.0530565417259319
"species_contemp_ice_extrap_only",29.7996030166029,0.0532122379177183
"species_contemp_ice_extrap_only",29.924003631711,0.0533681111184134
"species_contemp_ice_extrap_only",30.048404246819,0.0535260343302188
"species_contemp_ice_extrap_only",30.172804861927,0.0536841335663079
"species_contemp_ice_extrap_only",30.297205477035,0.0538443104310979
"species_contemp_ice_extrap_only",30.421606092143,0.0540046617970204
"species_contemp_ice_extrap_only",30.546006707251,0.0541671218316239
"species_contemp_ice_extrap_only",30.670407322359,0.0543297547745802
"species_contemp_ice_extrap_only",30.794807937467,0.0544945260057103
"species_contemp_ice_extrap_only",30.9192085525751,0.0546594684827847
"species_contemp_ice_extrap_only",31.0436091676831,0.0548265815448573
"species_contemp_ice_extrap_only",31.1680097827911,0.0549938641208375
"species_contemp_ice_extrap_only",31.2924103978991,0.0551633494023109
"species_contemp_ice_extrap_only",31.4168110130071,0.0553330030210412
"species_contemp_ice_extrap_only",31.5412116281151,0.05550489274127
"species_contemp_ice_extrap_only",31.6656122432231,0.0556769487104201
"species_contemp_ice_extrap_only",31.7900128583312,0.0558512712353783
"species_contemp_ice_extrap_only",31.9144134734392,0.0560257582592665
"species_contemp_ice_extrap_only",32.0388140885472,0.0562025475733261
"species_contemp_ice_extrap_only",32.1632147036552,0.0563794999485579
"species_contemp_ice_extrap_only",32.2876153187632,0.0565587887801363
"species_contemp_ice_extrap_only",32.4120159338712,0.0567382381847347
"species_contemp_ice_extrap_only",32.5364165489792,0.0569200552950107
"species_contemp_ice_extrap_only",32.6608171640872,0.0571020315574087
"species_contemp_ice_extrap_only",32.7852177791953,0.0572864172852194
"species_contemp_ice_extrap_only",32.9096183943033,0.0574709599109014
"species_contemp_ice_extrap_only",33.0340190094113,0.0576579441667341
"species_contemp_ice_extrap_only",33.1584196245193,0.0578450833523103
"species_contemp_ice_extrap_only",33.2828202396273,0.0580347010615076
"species_contemp_ice_extrap_only",33.4072208547353,0.0582244714717608
"species_contemp_ice_extrap_only",33.5316214698433,0.0584167550138035
"species_contemp_ice_extrap_only",33.6560220849513,0.0586091894573991
"species_contemp_ice_extrap_only",33.7804227000594,0.0588041805916119
"species_contemp_ice_extrap_only",33.9048233151674,0.0589993200641504
"species_contemp_ice_extrap_only",34.0292239302754,0.0591970513994818
"species_contemp_ice_extrap_only",34.1536245453834,0.0593949290821574
"species_contemp_ice_extrap_only",34.2780251604914,0.0595954397354147
"species_contemp_ice_extrap_only",34.4024257755994,0.0597960940161246
"species_contemp_ice_extrap_only",34.5268263907074,0.0599994161089524
"species_contemp_ice_extrap_only",34.6512270058154,0.0602028797985379
"species_contemp_ice_extrap_only",34.7756276209235,0.060409058384273
"species_contemp_ice_extrap_only",34.9000282360315,0.0606153758332717
"species_contemp_ice_extrap_only",35.0244288511395,0.0608244472359031
"species_contemp_ice_extrap_only",35.1488294662475,0.0610336549760946
"species_contemp_ice_extrap_only",35.2732300813555,0.0612456573132573
"species_contemp_ice_extrap_only",35.3976306964635,0.0614577933665376
"species_contemp_ice_extrap_only",35.5220313115715,0.0616727646236847
"species_contemp_ice_extrap_only",35.6464319266795,0.0618878670141254
"species_contemp_ice_extrap_only",35.7708325417876,0.0621058552611867
"species_contemp_ice_extrap_only",35.8952331568956,0.0623239716942626
"species_contemp_ice_extrap_only",36.0196337720036,0.0625450133009207
"species_contemp_ice_extrap_only",36.1440343871116,0.0627661803105874
"species_contemp_ice_extrap_only",36.2684350022196,0.0629903175031762
"species_contemp_ice_extrap_only",36.3928356173276,0.0632145772113248
"species_contemp_ice_extrap_only",36.5172362324356,0.0634418508408367
"species_contemp_ice_extrap_only",36.6416368475437,0.0636692438770663
"species_contemp_ice_extrap_only",36.7660374626517,0.0638997020089973
"species_contemp_ice_extrap_only",36.8904380777597,0.0641302764556633
"species_contemp_ice_extrap_only",37.0148386928677,0.064363961955334
"species_contemp_ice_extrap_only",37.1392393079757,0.0645977606815615
"species_contemp_ice_extrap_only",37.2636399230837,0.064834714499508
"species_contemp_ice_extrap_only",37.3880405381917,0.0650717781348961
"species_contemp_ice_extrap_only",37.5124411532997,0.0653120519775922
"species_contemp_ice_extrap_only",37.6368417684078,0.0655524323319626
"species_contemp_ice_extrap_only",37.7612423835158,0.0657960691816797
"species_contemp_ice_extrap_only",37.8856429986238,0.0660398091241574
"species_contemp_ice_extrap_only",38.0100436137318,0.0662868568947084
"species_contemp_ice_extrap_only",38.1344442288398,0.0665340041351199
"species_contemp_ice_extrap_only",38.2588448439478,0.066784506746859
"species_contemp_ice_extrap_only",38.3832454590558,0.0670351052740924
"species_contemp_ice_extrap_only",38.5076460741639,0.0672891185460786
"species_contemp_ice_extrap_only",38.6320466892719,0.06754322389307
"species_contemp_ice_extrap_only",38.7564473043799,0.0678007942951592
"species_contemp_ice_extrap_only",38.8808479194879,0.0680584530606756
"species_contemp_ice_extrap_only",39.0052485345959,0.0683196294698616
"species_contemp_ice_extrap_only",39.1296491497039,0.0685808901066118
"species_contemp_ice_extrap_only",39.2540497648119,0.0688457211093453
"species_contemp_ice_extrap_only",39.3784503799199,0.0691106324534464
"species_contemp_ice_extrap_only",39.502850995028,0.0693791754084006
"species_contemp_ice_extrap_only",39.627251610136,0.0696477944850809
"species_contemp_ice_extrap_only",39.751652225244,0.0699201008844932
"species_contemp_ice_extrap_only",39.876052840352,0.0701924791332212
"species_contemp_ice_extrap_only",40.00045345546,0.0704686016021473
"species_contemp_ice_extrap_only",40.124854070568,0.0707447915821545
"species_contemp_ice_extrap_only",40.249254685676,0.0710247802521744
"species_contemp_ice_extrap_only",40.373655300784,0.0713048319128135
"species_contemp_ice_extrap_only",40.4980559158921,0.0715887484035295
"species_contemp_ice_extrap_only",40.6224565310001,0.0718727232425526
"species_contemp_ice_extrap_only",40.7468571461081,0.0721606223864555
"species_contemp_ice_extrap_only",40.8712577612161,0.0724485752004445
"species_contemp_ice_extrap_only",40.9956583763241,0.0727405115972865
"species_contemp_ice_extrap_only",41.1200589914321,0.073032496808118
"species_contemp_ice_extrap_only",41.2444596065401,0.0733285268729746
"species_contemp_ice_extrap_only",41.3688602216481,0.0736246007651706
"species_contemp_ice_extrap_only",41.4932608367561,0.0739247890810166
"species_contemp_ice_extrap_only",41.6176614518642,0.0742250161369134
"species_contemp_ice_extrap_only",41.7420620669722,0.0745294198981491
"species_contemp_ice_extrap_only",41.8664626820802,0.0748338571473266
"species_contemp_ice_extrap_only",41.9908632971882,0.0751425360837174
"species_contemp_ice_extrap_only",42.1152639122962,0.0754512431678106
"species_contemp_ice_extrap_only",42.2396645274042,0.0757642541180875
"species_contemp_ice_extrap_only",42.3640651425122,0.0760772876941473
"species_contemp_ice_extrap_only",42.4884657576203,0.0763947041890568
"species_contemp_ice_extrap_only",42.6128663727283,0.0767121376822923
"species_contemp_ice_extrap_only",42.7372669878363,0.0770340154136107
"species_contemp_ice_extrap_only",42.8616676029443,0.0773559043678374
"species_contemp_ice_extrap_only",42.9860682180523,0.0776823094597821
"species_contemp_ice_extrap_only",43.1104688331603,0.0780087206198087
"species_contemp_ice_extrap_only",43.2348694482683,0.078339714694613
"species_contemp_ice_extrap_only",43.3592700633763,0.0786707157556262
"species_contemp_ice_extrap_only",43.4836706784844,0.0790063665658923
"species_contemp_ice_extrap_only",43.6080712935924,0.0793420307437777
"species_contemp_ice_extrap_only",43.7324719087004,0.0796824035234279
"species_contemp_ice_extrap_only",43.8568725238084,0.0800227961902698
"species_contemp_ice_extrap_only",43.9812731389164,0.0803679561688745
"species_contemp_ice_extrap_only",44.1056737540244,0.0807131427381129
"species_contemp_ice_extrap_only",44.2300743691324,0.0810631573847684
"species_contemp_ice_extrap_only",44.3544749842404,0.0814132054462549
"species_contemp_ice_extrap_only",44.4788755993485,0.0817681519114605
"species_contemp_ice_extrap_only",44.6032762144565,0.0821231388436293
"species_contemp_ice_extrap_only",44.7276768295645,0.0824830872063605
"species_contemp_ice_extrap_only",44.8520774446725,0.0828430832002385
"species_contemp_ice_extrap_only",44.9764780597805,0.0832081027900609
"species_contemp_ice_extrap_only",45.1008786748885,0.0835731774026012
"species_contemp_ice_extrap_only",45.2252792899965,0.0839433397886063
"species_contemp_ice_extrap_only",45.3496799051046,0.084313564683545
"species_contemp_ice_extrap_only",45.4740805202126,0.0846889526063434
"species_contemp_ice_extrap_only",45.5984811353206,0.0850644107690857
"species_contemp_ice_extrap_only",45.7228817504286,0.085445094307653
"species_contemp_ice_extrap_only",45.8472823655366,0.0858258559912457
"species_contemp_ice_extrap_only",45.9716829806446,0.0862119156553701
"species_contemp_ice_extrap_only",46.0960835957526,0.0865980615436727
"species_contemp_ice_extrap_only",46.2204842108606,0.0869895659222135
"species_contemp_ice_extrap_only",46.3448848259687,0.0873811647781566
"species_contemp_ice_extrap_only",46.4692854410767,0.0877782063018312
"species_contemp_ice_extrap_only",46.5936860561847,0.0881753508531481
"species_contemp_ice_extrap_only",46.7180866712927,0.0885780033305738
"species_contemp_ice_extrap_only",46.8424872864007,0.0889807674457122
"species_contemp_ice_extrap_only",46.9668879015087,0.0893891128767935
"species_contemp_ice_extrap_only",47.0912885166167,0.0897975788700809
"species_contemp_ice_extrap_only",47.2156891317248,0.0902116947887255
"species_contemp_ice_extrap_only",47.3400897468328,0.0906259402364929
"species_contemp_ice_extrap_only",47.4644903619408,0.0910459198184762
"species_contemp_ice_extrap_only",47.5888909770488,0.0914660382283289
"species_contemp_ice_extrap_only",47.7132915921568,0.0918919612427329
"species_contemp_ice_extrap_only",47.8376922072648,0.0923180327416941
"species_contemp_ice_extrap_only",47.9620928223728,0.0927499879026492
"species_contemp_ice_extrap_only",48.0864934374808,0.0931821010634027
"species_contemp_ice_extrap_only",48.2108940525888,0.093620165900465
"species_contemp_ice_extrap_only",48.3352946676969,0.0940583986105078
"species_contemp_ice_extrap_only",48.4596952828049,0.0945026759895592
"species_contemp_ice_extrap_only",48.5840958979129,0.0949471316913979
"species_contemp_ice_extrap_only",48.7084965130209,0.0953977043704562
"species_contemp_ice_extrap_only",48.8328971281289,0.0958484656458479
"species_contemp_ice_extrap_only",48.9572977432369,0.096305425314924
"species_contemp_ice_extrap_only",49.0816983583449,0.0967625842553383
"species_contemp_ice_extrap_only",49.206098973453,0.0972260166483304
"species_contemp_ice_extrap_only",49.330499588561,0.0976896589778674
"species_contemp_ice_extrap_only",49.454900203669,0.0981596699408897
"species_contemp_ice_extrap_only",49.579300818777,0.0986299021519166
"species_contemp_ice_extrap_only",49.703701433885,0.0991065796583933
"species_contemp_ice_extrap_only",49.828102048993,0.0995834894784452
"species_contemp_ice_extrap_only",49.952502664101,0.100066929688736
"species_contemp_ice_extrap_only",50.076903279209,0.100550614204034
"species_contemp_ice_extrap_only",50.2013038943171,0.10104090658603
"species_contemp_ice_extrap_only",50.3257045094251,0.101531454747672
"species_contemp_ice_extrap_only",50.4501051245331,0.102028711107953
"species_contemp_ice_extrap_only",50.5745057396411,0.102526235700601
"species_contemp_ice_extrap_only",50.6989063547491,0.103030549977407
"species_contemp_ice_extrap_only",50.8233069698571,0.103535144912096
"species_contemp_ice_extrap_only",50.9477075849651,0.10404661699978
"species_contemp_ice_extrap_only",51.0721082000732,0.104558381837938
"species_contemp_ice_extrap_only",51.1965088151812,0.105077107151801
"species_contemp_ice_extrap_only",51.3209094302892,0.105596138653459
"species_contemp_ice_extrap_only",51.4453100453972,0.106122232742777
"species_contemp_ice_extrap_only",51.5697106605052,0.1066486464213
"species_contemp_ice_extrap_only",51.6941112756132,0.107182209929836
"species_contemp_ice_extrap_only",51.8185118907212,0.107716105755529
"species_contemp_ice_extrap_only",51.9429125058292,0.108257240804107
"species_contemp_ice_extrap_only",52.0673131209373,0.108798722661388
"species_contemp_ice_extrap_only",52.1917137360453,0.109347530647533
"species_contemp_ice_extrap_only",52.3161143511533,0.109896699566187
"species_contemp_ice_extrap_only",52.4405149662613,0.110453304230461
"species_contemp_ice_extrap_only",52.5649155813693,0.11101028319926
"species_contemp_ice_extrap_only",52.6893161964773,0.111574783682255
"species_contemp_ice_extrap_only",52.8137168115853,0.112139674076472
"species_contemp_ice_extrap_only",52.9381174266934,0.112712182955936
"species_contemp_ice_extrap_only",53.0625180418014,0.11328509625229
"species_contemp_ice_extrap_only",53.1869186569094,0.113865715657749
"species_contemp_ice_extrap_only",53.3113192720174,0.114446755285883
"species_contemp_ice_extrap_only",53.4357198871254,0.115035614927069
"species_contemp_ice_extrap_only",53.5601205022334,0.115624909775294
"species_contemp_ice_extrap_only",53.6845211173414,0.116222117742199
"species_contemp_ice_extrap_only",53.8089217324494,0.116821319182753
"species_contemp_ice_extrap_only",53.9333223475574,0.117430064389231
"species_contemp_ice_extrap_only",54.0577229626655,0.11804046793071
"species_contemp_ice_extrap_only",54.1821235777735,0.118660105305509
"species_contemp_ice_extrap_only",54.3065241928815,0.119280272899841
"species_contemp_ice_extrap_only",54.4309248079895,0.119908703364303
"species_contemp_ice_extrap_only",54.5553254230975,0.120537683425828
"species_contemp_ice_extrap_only",54.6797260382055,0.121175016586171
"species_contemp_ice_extrap_only",54.8041266533135,0.121812917411194
"species_contemp_ice_extrap_only",54.9285272684215,0.122459272541984
"species_contemp_ice_extrap_only",55.0529278835296,0.123109547001062
"species_contemp_ice_extrap_only",55.1773284986376,0.123770999729812
"species_contemp_ice_extrap_only",55.3017291137456,0.124434087911792
"species_contemp_ice_extrap_only",55.4261297288536,0.125112441046802
"species_contemp_ice_extrap_only",55.5505303439616,0.125794132106821
"species_contemp_ice_extrap_only",55.6749309590696,0.126495933476962
"species_contemp_ice_extrap_only",55.7993315741776,0.127214678666191
"species_contemp_ice_extrap_only",55.9237321892857,0.127960039415028
"species_contemp_ice_extrap_only",56.0481328043937,0.128706796137743
"species_contemp_ice_extrap_only",56.1725334195017,0.129479788834229
"species_contemp_ice_extrap_only",56.2969340346097,0.130258198818543
"species_contemp_ice_extrap_only",56.4213346497177,0.131091624985906
"species_contemp_ice_extrap_only",56.5457352648257,0.131970083801477
"species_contemp_ice_extrap_only",56.6701358799337,0.132911712773245
"species_contemp_ice_extrap_only",56.7945364950418,0.133889816406138
"species_contemp_ice_extrap_only",56.9189371101498,0.13495707709338
"species_contemp_ice_extrap_only",57.0433377252578,0.136031855709904
"species_contemp_ice_extrap_only",57.1677383403658,0.137179974486842
"species_contemp_ice_extrap_only",57.2921389554738,0.138336621203804
"species_contemp_ice_extrap_only",57.4165395705818,0.139565015652298
"species_contemp_ice_extrap_only",57.5409401856898,0.14079855562557
"species_contemp_ice_extrap_only",57.6653408007978,0.142136545437969
"species_contemp_ice_extrap_only",57.7897414159059,0.143479874278557
"species_contemp_ice_extrap_only",57.9141420310139,0.144895065218189
"species_contemp_ice_extrap_only",58.0385426461219,0.146315791717167
"species_contemp_ice_extrap_only",58.1629432612299,0.147862400307274
"species_contemp_ice_extrap_only",58.2873438763379,0.149414745585555
"species_contemp_ice_extrap_only",58.4117444914459,0.151011571075501
"species_contemp_ice_extrap_only",58.5361451065539,0.152614335788048
"species_contemp_ice_extrap_only",58.660545721662,0.154258083660743
"species_contemp_ice_extrap_only",58.78494633677,0.155907978437557
"species_contemp_ice_extrap_only",58.909346951878,0.157584903259563
"species_contemp_ice_extrap_only",59.033747566986,0.159268183427647
"species_contemp_ice_extrap_only",59.158148182094,0.160978693611728
"species_contemp_ice_extrap_only",59.282548797202,0.162695771047864
"species_contemp_ice_extrap_only",59.40694941231,0.164440328650964
"species_contemp_ice_extrap_only",59.531350027418,0.166191665998464
"species_contemp_ice_extrap_only",59.655750642526,0.167970653334555
"species_contemp_ice_extrap_only",59.780151257634,0.169756637452843
"species_contemp_ice_extrap_only",59.9045518727421,0.17157045621611
"species_contemp_ice_extrap_only",60.0289524878501,0.173391487467671
"species_contemp_ice_extrap_only",60.1533531029581,0.175240493123886
"species_contemp_ice_extrap_only",60.2777537180661,0.177096930247033
"species_contemp_ice_extrap_only",60.4021543331741,0.178981704759617
"species_contemp_ice_extrap_only",60.5265549482821,0.180874128107557
"species_contemp_ice_extrap_only",60.6509555633902,0.182795673617864
"species_contemp_ice_extrap_only",60.7753561784982,0.184725088465233
"species_contemp_ice_extrap_only",60.8997567936062,0.186682945310704
"species_contemp_ice_extrap_only",61.0241574087142,0.188648887595208
"species_contemp_ice_extrap_only",61.1485580238222,0.190643347079584
"species_contemp_ice_extrap_only",61.2729586389302,0.192646112302274
"species_contemp_ice_extrap_only",61.3973592540382,0.194677537263576
"species_contemp_ice_extrap_only",61.5217598691462,0.196717483479782
"species_contemp_ice_extrap_only",61.6461604842543,0.19883466100734
"species_contemp_ice_extrap_only",61.7705610993623,0.200960574133545
"species_contemp_ice_extrap_only",61.8949617144703,0.203194620003518
"species_contemp_ice_extrap_only",62.0193623295783,0.205437614486372
"species_contemp_ice_extrap_only",62.1437629446863,0.20771344089275
"species_contemp_ice_extrap_only",62.2681635597943,0.209998426097527
"species_contemp_ice_extrap_only",62.3925641749023,0.21231633911466
"species_contemp_ice_extrap_only",62.5169647900103,0.214643613998275
"species_contemp_ice_extrap_only",62.6413654051184,0.217003803410531
"species_contemp_ice_extrap_only",62.7657660202264,0.219373558538483
"species_contemp_ice_extrap_only",62.8901666353344,0.221776215611643
"species_contemp_ice_extrap_only",63.0145672504424,0.224188631820543
"species_contemp_ice_extrap_only",63.1389678655504,0.226633879196714
"species_contemp_ice_extrap_only",63.2633684806584,0.229089078114677
"species_contemp_ice_extrap_only",63.3877690957664,0.231577102493552
"species_contemp_ice_extrap_only",63.5121697108744,0.234075262553965
"species_contemp_ice_extrap_only",63.6365703259825,0.236606119444093
"species_contemp_ice_extrap_only",63.7609709410905,0.239147284629686
"species_contemp_ice_extrap_only",63.8853715561985,0.241721027971169
"species_contemp_ice_extrap_only",64.0097721713065,0.24430524169062
"species_contemp_ice_extrap_only",64.1341727864145,0.246921867239403
"species_contemp_ice_extrap_only",64.2585734015225,0.249549146898966
"species_contemp_ice_extrap_only",64.3829740166305,0.252208660739473
"species_contemp_ice_extrap_only",64.5073746317385,0.254878954332744
"species_contemp_ice_extrap_only",64.6317752468466,0.257581325435309
"species_contemp_ice_extrap_only",64.7561758619546,0.260294346620649
"species_contemp_ice_extrap_only",64.8805764770626,0.263039575805047
"species_contemp_ice_extrap_only",65.0049770921706,0.265795365024478
"species_contemp_ice_extrap_only",65.1293777072786,0.268583267052398
"species_contemp_ice_extrap_only",65.2537783223866,0.2713815557978
"species_contemp_ice_extrap_only",65.3781789374946,0.274211884744355
"species_contemp_ice_extrap_only",65.5025795526027,0.277052486820841
"species_contemp_ice_extrap_only",65.6269801677107,0.279925029435047
"species_contemp_ice_extrap_only",65.7513807828187,0.282807650863268
"species_contemp_ice_extrap_only",65.8757813979267,0.285722076909893
"species_contemp_ice_extrap_only",66.0001820130347,0.288646444920267
"species_contemp_ice_extrap_only",66.1245826281427,0.291602438097399
"species_contemp_ice_extrap_only",66.2489832432507,0.294568152729556
"species_contemp_ice_extrap_only",66.3733838583587,0.29756527152195
"species_contemp_ice_extrap_only",66.4977844734668,0.300571948064824
"species_contemp_ice_extrap_only",66.6221850885748,0.30360969926058
"species_contemp_ice_extrap_only",66.7465857036828,0.3066567677239
"species_contemp_ice_extrap_only",66.8709863187908,0.309734764410111
"species_contemp_ice_extrap_only",66.9953869338988,0.312821896567967
"species_contemp_ice_extrap_only",67.1197875490068,0.31593953957071
"species_contemp_ice_extrap_only",67.2441881641148,0.319066048977479
"species_contemp_ice_extrap_only",67.3685887792228,0.322222684330756
"species_contemp_ice_extrap_only",67.4929893943309,0.325387980308614
"species_contemp_ice_extrap_only",67.6173900094389,0.328582973637887
"species_contemp_ice_extrap_only",67.7417906245469,0.331786342762457
"species_contemp_ice_extrap_only",67.8661912396549,0.335018939103801
"species_contemp_ice_extrap_only",67.9905918547629,0.33825968621506
"species_contemp_ice_extrap_only",68.1149924698709,0.341529133800683
"species_contemp_ice_extrap_only",68.2393930849789,0.344806426056078
"species_contemp_ice_extrap_only",68.363793700087,0.3481118625633
"species_contemp_ice_extrap_only",68.488194315195,0.35142489430792
"species_contemp_ice_extrap_only",68.612594930303,0.354765369552614
"species_contemp_ice_extrap_only",68.736995545411,0.358113120015208
"species_contemp_ice_extrap_only",68.861396160519,0.361487823557908
"species_contemp_ice_extrap_only",68.985796775627,0.364869540571078
"species_contemp_ice_extrap_only",69.110197390735,0.368277409348542
"species_contemp_ice_extrap_only",69.234598005843,0.371691952705455
"species_contemp_ice_extrap_only",69.358998620951,0.375131912134962
"species_contemp_ice_extrap_only",69.4833992360591,0.3785782671989
"species_contemp_ice_extrap_only",69.6077998511671,0.382049228357656
"species_contemp_ice_extrap_only",69.7322004662751,0.385526236866318
"species_contemp_ice_extrap_only",69.8566010813831,0.389027007460093
"species_contemp_ice_extrap_only",69.9810016964911,0.392533538391041
"species_contemp_ice_extrap_only",70.1054023115991,0.396062921882106
"species_contemp_ice_extrap_only",70.2298029267072,0.399597703497921
"species_contemp_ice_extrap_only",70.3542035418152,0.40315441443685
"species_contemp_ice_extrap_only",70.4786041569232,0.406716226116649
"species_contemp_ice_extrap_only",70.6030047720312,0.41029887841968
"species_contemp_ice_extrap_only",70.7274053871392,0.413886266475214
"species_contemp_ice_extrap_only",70.8518060022472,0.417493650225751
"species_contemp_ice_extrap_only",70.9762066173552,0.421105468385276
"species_contemp_ice_extrap_only",71.1006072324632,0.424736093109318
"species_contemp_ice_extrap_only",71.2250078475712,0.428370780187341
"species_contemp_ice_extrap_only",71.3494084626793,0.43202317837603
"species_contemp_ice_extrap_only",71.4738090777873,0.435679337622042
"species_contemp_ice_extrap_only",71.5982096928953,0.43935203036037
"species_contemp_ice_extrap_only",71.7226103080033,0.44302811535078
"species_contemp_ice_extrap_only",71.8470109231113,0.446719540109834
"species_contemp_ice_extrap_only",71.9714115382193,0.450414055589807
"species_contemp_ice_extrap_only",72.0958121533273,0.454122644678648
"species_contemp_ice_extrap_only",72.2202127684353,0.457833960638834
"species_contemp_ice_extrap_only",72.3446133835434,0.461558103302364
"species_contemp_ice_extrap_only",72.4690139986514,0.46528467668236
"species_contemp_ice_extrap_only",72.5934146137594,0.46902264294219
"species_contemp_ice_extrap_only",72.7178152288674,0.472762682660848
"species_contemp_ice_extrap_only",72.8422158439754,0.476512956114773
"species_contemp_ice_extrap_only",72.9666164590834,0.48026501737232
"species_contemp_ice_extrap_only",73.0910170741914,0.484025835158564
"species_contemp_ice_extrap_only",73.2154176892994,0.487788096984493
"species_contemp_ice_extrap_only",73.3398183044075,0.491557704890756
"species_contemp_ice_extrap_only",73.4642189195155,0.49532848098204
"species_contemp_ice_extrap_only",73.5886195346235,0.499105153010361
"species_contemp_ice_extrap_only",73.7130201497315,0.50288266403271
"species_contemp_ice_extrap_only",73.8374207648395,0.50666462159971
"species_contemp_ice_extrap_only",73.9618213799475,0.510447163368702
"species_contemp_ice_extrap_only",74.0862219950556,0.514232648624217
"species_contemp_ice_extrap_only",74.2106226101636,0.518018405973146
"species_contemp_ice_extrap_only",74.3350232252716,0.521805612953146
"species_contemp_ice_extrap_only",74.4594238403796,0.525592848810593
"species_contemp_ice_extrap_only",74.5838244554876,0.529379898011071
"species_contemp_ice_extrap_only",74.7082250705956,0.533166692954425
"species_contemp_ice_extrap_only",74.8326256857036,0.536951967455424
"species_contemp_ice_extrap_only",74.9570263008116,0.540736766207431
"species_contemp_ice_extrap_only",75.0814269159196,0.544518378285713
"species_contemp_ice_extrap_only",75.2058275310277,0.548299249433204
"species_contemp_ice_extrap_only",75.3302281461357,0.552075381732809
"species_contemp_ice_extrap_only",75.4546287612437,0.555850579333297
"species_contemp_ice_extrap_only",75.5790293763517,0.559619472948141
"species_contemp_ice_extrap_only",75.7034299914597,0.563387193773256
"species_contemp_ice_extrap_only",75.8278306065677,0.567147037286822
"species_contemp_ice_extrap_only",75.9522312216757,0.570905538409123
"species_contemp_ice_extrap_only",76.0766318367838,0.574654591598981
"species_contemp_ice_extrap_only",76.2010324518918,0.578402093701585
"species_contemp_ice_extrap_only",76.3254330669998,0.58213861050591
"species_contemp_ice_extrap_only",76.4498336821078,0.585873430300836
"species_contemp_ice_extrap_only",76.5742342972158,0.589595561742475
"species_contemp_ice_extrap_only",76.6986349123238,0.593315818689386
"species_contemp_ice_extrap_only",76.8230355274318,0.597022066253657
"species_contemp_ice_extrap_only",76.9474361425398,0.600726321548059
"species_contemp_ice_extrap_only",77.0718367576479,0.604414906077484
"species_contemp_ice_extrap_only",77.1962373727559,0.608101350809056
"species_contemp_ice_extrap_only",77.3206379878639,0.611770621984974
"species_contemp_ice_extrap_only",77.4450386029719,0.615437662481588
"species_contemp_ice_extrap_only",77.5694392180799,0.619085998104544
"species_contemp_ice_extrap_only",77.6938398331879,0.622731986527677
"species_contemp_ice_extrap_only",77.8182404482959,0.626357825266672
"species_contemp_ice_extrap_only",77.9426410634039,0.629981251495142
"species_contemp_ice_extrap_only",78.067041678512,0.6335830287611
"species_contemp_ice_extrap_only",78.19144229362,0.637182310730378
"species_contemp_ice_extrap_only",78.315842908728,0.640758538427933
"species_contemp_ice_extrap_only",78.440243523836,0.644332231721204
"species_contemp_ice_extrap_only",78.564644138944,0.647881346276585
"species_contemp_ice_extrap_only",78.689044754052,0.651427868933764
"species_contemp_ice_extrap_only",78.81344536916,0.654948657461853
"species_contemp_ice_extrap_only",78.937845984268,0.658466845451653
"species_contemp_ice_extrap_only",79.0622465993761,0.66195782086496
"species_contemp_ice_extrap_only",79.1866472144841,0.665446163892127
"species_contemp_ice_extrap_only",79.3110478295921,0.668906023817549
"species_contemp_ice_extrap_only",79.4354484447001,0.672363268652715
"species_contemp_ice_extrap_only",79.5598490598081,0.675790735146925
"species_contemp_ice_extrap_only",79.6842496749161,0.679215580285165
"species_contemp_ice_extrap_only",79.8086502900241,0.682609438355576
"species_contemp_ice_extrap_only",79.9330509051321,0.686000714188096
"species_contemp_ice_extrap_only",80.0574515202402,0.689359816768046
"species_contemp_ice_extrap_only",80.1818521353482,0.692716359159116
"species_contemp_ice_extrap_only",80.3062527504562,0.696039580711814
"species_contemp_ice_extrap_only",80.4306533655642,0.699360297643122
"species_contemp_ice_extrap_only",80.5550539806722,0.702646507784066
"species_contemp_ice_extrap_only",80.6794545957802,0.70593025920544
"species_contemp_ice_extrap_only",80.8038552108882,0.709178629409919
"species_contemp_ice_extrap_only",80.9282558259963,0.712424615574692
"species_contemp_ice_extrap_only",81.0526564411043,0.715634110477491
"species_contemp_ice_extrap_only",81.1770570562123,0.718841286911808
"species_contemp_ice_extrap_only",81.3014576713203,0.722011051458435
"species_contemp_ice_extrap_only",81.4258582864283,0.725178588822192
"species_contemp_ice_extrap_only",81.5502589015363,0.728307761307323
"species_contemp_ice_extrap_only",81.6746595166443,0.731434788154207
"species_contemp_ice_extrap_only",81.7990601317523,0.734522646667102
"species_contemp_ice_extrap_only",81.9234607468604,0.737608464996113
"species_contemp_ice_extrap_only",82.0478613619684,0.740654247656639
"species_contemp_ice_extrap_only",82.1722619770764,0.743698087593059
"species_contemp_ice_extrap_only",82.2966625921844,0.746701196231312
"species_contemp_ice_extrap_only",82.4210632072924,0.749702479192315
"species_contemp_ice_extrap_only",82.5454638224004,0.752662224857693
"species_contemp_ice_extrap_only",82.6698644375084,0.755620252633395
"species_contemp_ice_extrap_only",82.7942650526165,0.758536236775718
"species_contemp_ice_extrap_only",82.9186656677245,0.761450627617877
"species_contemp_ice_extrap_only",83.0430662828325,0.764322293718465
"species_contemp_ice_extrap_only",83.1674668979405,0.767192486821206
"species_contemp_ice_extrap_only",83.2918675130485,0.770019448753755
"species_contemp_ice_extrap_only",83.4162681281565,0.772845068503374
"species_contemp_ice_extrap_only",83.5406687432645,0.775626901970049
"species_contemp_ice_extrap_only",83.6650693583725,0.778407518795332
"species_contemp_ice_extrap_only",83.7894699734805,0.781143951528233
"species_contemp_ice_extrap_only",83.9138705885886,0.783879303273186
"species_contemp_ice_extrap_only",84.0382712036966,0.786570042354089
"species_contemp_ice_extrap_only",84.1626718188046,0.789259830751788
"species_contemp_ice_extrap_only",84.2870724339126,0.791904678786229
"species_contemp_ice_extrap_only",84.4114730490206,0.794548713345511
"species_contemp_ice_extrap_only",84.5358736641286,0.797147447606512
"species_contemp_ice_extrap_only",84.6602742792366,0.799745501794912
"species_contemp_ice_extrap_only",84.7846748943446,0.802298125325542
"species_contemp_ice_extrap_only",84.9090755094527,0.804850205451667
"species_contemp_ice_extrap_only",85.0334761245607,0.807356590120773
"species_contemp_ice_extrap_only",85.1578767396687,0.809862565158847
"species_contemp_ice_extrap_only",85.2822773547767,0.811970076892141
"species_contemp_ice_extrap_only",85.4066779698847,0.814073329404946
"species_contemp_ice_extrap_only",85.5310785849927,0.815856883633578
"species_contemp_ice_extrap_only",85.6554792001007,0.817638725194984
"species_contemp_ice_extrap_only",85.7798798152088,0.81939503784473
"species_contemp_ice_extrap_only",85.9042804303168,0.821151335535729
"species_contemp_ice_extrap_only",86.0286810454248,0.822850138886923
"species_contemp_ice_extrap_only",86.1530816605328,0.824548913521909
"species_contemp_ice_extrap_only",86.2774822756408,0.826225512618324
"species_contemp_ice_extrap_only",86.4018828907488,0.827902067012434
"species_contemp_ice_extrap_only",86.5262835058568,0.829556276905598
"species_contemp_ice_extrap_only",86.6506841209648,0.831210427596645
"species_contemp_ice_extrap_only",86.7750847360729,0.832842254351465
"species_contemp_ice_extrap_only",86.8994853511809,0.834474005082532
"species_contemp_ice_extrap_only",87.0238859662889,0.836083299513325
"species_contemp_ice_extrap_only",87.1482865813969,0.837692502874911
"species_contemp_ice_extrap_only",87.2726871965049,0.839279193490919
"species_contemp_ice_extrap_only",87.3970878116129,0.840865776686402
"species_contemp_ice_extrap_only",87.521488426721,0.842429815734278
"species_contemp_ice_extrap_only",87.645889041829,0.843993731283135
"species_contemp_ice_extrap_only",87.770289656937,0.845535088925745
"species_contemp_ice_extrap_only",87.894690272045,0.847076306230618
"species_contemp_ice_extrap_only",88.019090887153,0.848594940675081
"species_contemp_ice_extrap_only",88.143491502261,0.850113418355169
"species_contemp_ice_extrap_only",88.267892117369,0.851609335527134
"species_contemp_ice_extrap_only",88.392292732477,0.853105080129051
"species_contemp_ice_extrap_only",88.516693347585,0.854573922928986
"species_contemp_ice_extrap_only",88.641093962693,0.8560425756935
"species_contemp_ice_extrap_only",88.7654945778011,0.857413354919849
"species_contemp_ice_extrap_only",88.8898951929091,0.858783929065323
"species_contemp_ice_extrap_only",89.0142958080171,0.860134351328294
"species_contemp_ice_extrap_only",89.1386964231251,0.861484548758662
"species_contemp_ice_extrap_only",89.2630970382331,0.862814619879462
"species_contemp_ice_extrap_only",89.3874976533411,0.864144451052577
"species_contemp_ice_extrap_only",89.5118982684491,0.865454242591595
"species_contemp_ice_extrap_only",89.6362988835572,0.866763776990374
"species_contemp_ice_extrap_only",89.7606994986652,0.867948283410095
"species_contemp_ice_extrap_only",89.8851001137732,0.869132516535759
"species_contemp_ice_extrap_only",90.0095007288812,0.870193388884842
"species_contemp_ice_extrap_only",90.1339013439892,0.871253969290811
"species_contemp_ice_extrap_only",90.2583019590972,0.87227801570428
"species_contemp_ice_extrap_only",90.3827025742052,0.873301755198808
"species_contemp_ice_extrap_only",90.5071031893133,0.874306779618869
"species_contemp_ice_extrap_only",90.6315038044213,0.875311476735914
"species_contemp_ice_extrap_only",90.7559044195293,0.876305054808477
"species_contemp_ice_extrap_only",90.8803050346373,0.877298293515209
"species_contemp_ice_extrap_only",91.0047056497453,0.87828044322611
"species_contemp_ice_extrap_only",91.1291062648533,0.879262229717063
"species_contemp_ice_extrap_only",91.2535068799613,0.880232927050373
"species_contemp_ice_extrap_only",91.3779074950693,0.881203250975196
"species_contemp_ice_extrap_only",91.5023081101774,0.882162537793424
"species_contemp_ice_extrap_only",91.6267087252854,0.883121429913916
"species_contemp_ice_extrap_only",91.7511093403934,0.884069312073083
"species_contemp_ice_extrap_only",91.8755099555014,0.885016784767574
"species_contemp_ice_extrap_only",91.9999105706094,0.885953292104815
"species_contemp_ice_extrap_only",92.1243111857174,0.886889369935754
"species_contemp_ice_extrap_only",92.2487118008254,0.887814508341907
"species_contemp_ice_extrap_only",92.3731124159334,0.888739204418722
"species_contemp_ice_extrap_only",92.4975130310415,0.889653003765738
"species_contemp_ice_extrap_only",92.6219136461495,0.890566342407178
"species_contemp_ice_extrap_only",92.7463142612575,0.891468886106744
"species_contemp_ice_extrap_only",92.8707148763655,0.892370950585241
"species_contemp_ice_extrap_only",92.9951154914735,0.893262238602545
"species_contemp_ice_extrap_only",93.1195161065815,0.894153032910352
"species_contemp_ice_extrap_only",93.2439167216895,0.895033112963922
"species_contemp_ice_extrap_only",93.3683173367976,0.895912682806035
"species_contemp_ice_extrap_only",93.4927179519056,0.896781590658659
"species_contemp_ice_extrap_only",93.6171185670136,0.897649969575446
"species_contemp_ice_extrap_only",93.7415191821216,0.898507752876025
"species_contemp_ice_extrap_only",93.8659197972296,0.899364992961227
"species_contemp_ice_extrap_only",93.9903204123376,0.900211717309684
"species_contemp_ice_extrap_only",94.1147210274456,0.901057879579128
"species_contemp_ice_extrap_only",94.2391216425536,0.901893580703436
"species_contemp_ice_extrap_only",94.3635222576617,0.902728710471058
"species_contemp_ice_extrap_only",94.4879228727697,0.90355344211984
"species_contemp_ice_extrap_only",94.6123234878777,0.904377578546432
"species_contemp_ice_extrap_only",94.7367241029857,0.90519141214082
"species_contemp_ice_extrap_only",94.8611247180937,0.906004639082553
"species_contemp_ice_extrap_only",94.9855253332017,0.906807640257283
"species_contemp_ice_extrap_only",95.1099259483097,0.907610015706837
"species_contemp_ice_extrap_only",95.2343265634177,0.908402238071277
"species_contemp_ice_extrap_only",95.3587271785258,0.909193826338037
"species_contemp_ice_extrap_only",95.4831277936338,0.909975335561737
"species_contemp_ice_extrap_only",95.6075284087418,0.910756186056341
"species_contemp_ice_extrap_only",95.7319290238498,0.911527053560434
"species_contemp_ice_extrap_only",95.8563296389578,0.912297254380698
"species_contemp_ice_extrap_only",95.9807302540658,0.913057545834734
"species_contemp_ice_extrap_only",96.1051308691738,0.913817148474458
"species_contemp_ice_extrap_only",96.2295314842818,0.914566947255313
"species_contemp_ice_extrap_only",96.3539320993899,0.915316052742857
"species_contemp_ice_extrap_only",96.4783327144979,0.916055394752574
"species_contemp_ice_extrap_only",96.6027333296059,0.916794018141277
"species_contemp_ice_extrap_only",96.7271339447139,0.917523022484703
"species_contemp_ice_extrap_only",96.8515345598219,0.918251301227182
"species_contemp_ice_extrap_only",96.9759351749299,0.918970045494798
"species_contemp_ice_extrap_only",97.100335790038,0.91968804800765
"species_contemp_ice_extrap_only",97.224736405146,0.920396585843636
"species_contemp_ice_extrap_only",97.349137020254,0.921104365771041
"species_contemp_ice_extrap_only",97.473537635362,0.921802798503293
"species_contemp_ice_extrap_only",97.59793825047,0.922500463846098
"species_contemp_ice_extrap_only",97.722338865578,0.923188863069819
"species_contemp_ice_extrap_only",97.846739480686,0.923876475483428
"species_contemp_ice_extrap_only",97.971140095794,0.924554924610306
"species_contemp_ice_extrap_only",98.095540710902,0.925232577794348
"species_contemp_ice_extrap_only",98.21994132601,0.92590115438005
"species_contemp_ice_extrap_only",98.3443419411181,0.926568922623346
"species_contemp_ice_extrap_only",98.4687425562261,0.927227704188723
"species_contemp_ice_extrap_only",98.5931431713341,0.927885661536392
"species_contemp_ice_extrap_only",98.7175437864421,0.928503510615015
"species_contemp_ice_extrap_only",98.8419444015501,0.929120526969863
"species_contemp_ice_extrap_only",98.9663450166581,0.929724051144788
"species_contemp_ice_extrap_only",99.0907456317662,0.930326726859891
"species_contemp_ice_extrap_only",99.2151462468742,0.930922375353682
"species_contemp_ice_extrap_only",99.3395468619822,0.931517163475481
"species_contemp_ice_extrap_only",99.4639474770902,0.932104966125275
"species_contemp_ice_extrap_only",99.5883480921982,0.932691896630163
"species_contemp_ice_extrap_only",99.7127487073062,0.933271919035885
"species_contemp_ice_extrap_only",99.8371493224142,0.933851057663042
"species_contemp_ice_extrap_only",99.9615499375222,0.934402664731483
"species_contemp_ice_extrap_only",100.08595055263,0.934953380559722
"species_contemp_ice_extrap_only",100.210351167738,0.935468746270652
"species_contemp_ice_extrap_only",100.334751782846,0.935983205353477
"species_contemp_ice_extrap_only",100.459152397954,0.936492525419939
"species_contemp_ice_extrap_only",100.583553013062,0.93700092764241
"species_contemp_ice_extrap_only",100.70795362817,0.937504231901542
"species_contemp_ice_extrap_only",100.832354243278,0.9380066114817
"species_contemp_ice_extrap_only",100.956754858386,0.938503935765916
"species_contemp_ice_extrap_only",101.081155473494,0.93900032019214
"species_contemp_ice_extrap_only",101.205556088602,0.93949166450144
"species_contemp_ice_extrap_only",101.32995670371,0.939982066916442
"species_contemp_ice_extrap_only",101.454357318818,0.94046748499945
"species_contemp_ice_extrap_only",101.578757933926,0.940951941767494
"species_contemp_ice_extrap_only",101.703158549034,0.941431445510324
"species_contemp_ice_extrap_only",101.827559164142,0.941909986458912
"species_contemp_ice_extrap_only",101.95195977925,0.942383611728794
"species_contemp_ice_extrap_only",102.076360394358,0.942856259373558
"species_contemp_ice_extrap_only",102.200761009466,0.94332403001235
"species_contemp_ice_extrap_only",102.325161624574,0.943790817513984
"species_contemp_ice_extrap_only",102.449562239682,0.944252751472707
"species_contemp_ice_extrap_only",102.573962854791,0.9447136923317
"species_contemp_ice_extrap_only",102.698363469899,0.945169861170744
"species_contemp_ice_extrap_only",102.822764085007,0.945625031885416
"species_contemp_ice_extrap_only",102.947164700115,0.946075435674408
"species_contemp_ice_extrap_only",103.071565315223,0.946524826856296
"species_contemp_ice_extrap_only",103.195965930331,0.946969507318487
"species_contemp_ice_extrap_only",103.320366545439,0.947413175504637
"species_contemp_ice_extrap_only",103.444767160547,0.947852168507257
"species_contemp_ice_extrap_only",103.569167775655,0.948237315212604
"species_contemp_ice_extrap_only",103.693568390763,0.948607412357832
"species_contemp_ice_extrap_only",103.817969005871,0.948950564861298
"species_contemp_ice_extrap_only",103.942369620979,0.949284446239471
"species_contemp_ice_extrap_only",104.066770236087,0.949618327617645
"species_contemp_ice_extrap_only",104.191170851195,0.949728643894196
"species_contemp_ice_extrap_only",104.315571466303,0.949838960170746
"species_contemp_ice_extrap_only",104.439972081411,0.949838960170746
"species_contemp_ice_extrap_only",104.564372696519,0.949838960170746
"species_contemp_ice_extrap_only",104.688773311627,0.949838960170746
"species_contemp_ice_extrap_only",104.813173926735,0.949838960170746
"species_contemp_ice_extrap_only",104.937574541843,0.949838960170746
"species_contemp_ice_extrap_only",105.061975156951,0.949838960170746
"species_contemp_ice_extrap_only",105.186375772059,0.949838960170746
"species_contemp_ice_extrap_only",105.310776387167,0.949838960170746
"species_contemp_ice_extrap_only",105.435177002275,0.949838960170746
"species_contemp_ice_extrap_only",105.559577617383,0.949838960170746
"species_contemp_ice_extrap_only",105.683978232491,0.949838960170746
"species_contemp_ice_extrap_only",105.808378847599,0.949838960170746
"species_contemp_ice_extrap_only",105.932779462707,0.949838960170746
"species_contemp_ice_extrap_only",106.057180077815,0.949838960170746
"species_contemp_ice_extrap_only",106.181580692923,0.949838960170746
"species_contemp_ice_extrap_only",106.305981308031,0.949838960170746
"species_contemp_ice_extrap_only",106.430381923139,0.949838960170746
"species_contemp_ice_extrap_only",106.554782538247,0.949838960170746
"species_contemp_ice_extrap_only",106.679183153355,0.949838960170746
"species_contemp_ice_extrap_only",106.803583768463,0.949838960170746
"species_contemp_ice_extrap_only",106.927984383571,0.949838960170746
"species_contemp_ice_extrap_only",107.052384998679,0.949838960170746
"species_contemp_ice_extrap_only",107.176785613787,0.949838960170746
"species_contemp_ice_extrap_only",107.301186228895,0.949838960170746
"species_contemp_ice_extrap_only",107.425586844003,0.949838960170746
"species_contemp_ice_extrap_only",107.549987459111,0.949838960170746
"species_contemp_ice_extrap_only",107.674388074219,0.949838960170746
"species_contemp_ice_extrap_only",107.798788689327,0.949838960170746
"species_contemp_ice_extrap_only",107.923189304435,0.949838960170746
"species_contemp_ice_extrap_only",108.047589919543,0.949838960170746
"species_contemp_ice_extrap_only",108.171990534651,0.949838960170746
"species_contemp_ice_extrap_only",108.296391149759,0.949838960170746
"species_contemp_ice_extrap_only",108.420791764867,0.949838960170746
"species_contemp_ice_extrap_only",108.545192379975,0.949838960170746
"species_contemp_ice_extrap_only",108.669592995083,0.949838960170746
"species_contemp_ice_extrap_only",108.793993610191,0.949838960170746
"species_contemp_ice_extrap_only",108.918394225299,0.949838960170746
"species_contemp_ice_extrap_only",109.042794840407,0.949838960170746
"species_contemp_ice_extrap_only",109.167195455515,0.949838960170746
"species_contemp_ice_extrap_only",109.291596070623,0.949838960170746
"species_contemp_ice_extrap_only",109.415996685731,0.949838960170746
"species_contemp_ice_extrap_only",109.540397300839,0.949838960170746
"species_contemp_ice_extrap_only",109.664797915947,0.949838960170746
"species_contemp_ice_extrap_only",109.789198531055,0.949838960170746
"species_contemp_ice_extrap_only",109.913599146163,0.949838960170746
"species_contemp_ice_extrap_only",110.037999761271,0.949838960170746
"species_contemp_ice_extrap_only",110.162400376379,0.949838960170746
"species_contemp_ice_extrap_only",110.286800991487,0.949838960170746
"species_contemp_ice_extrap_only",110.411201606595,0.949838960170746
"species_contemp_ice_extrap_only",110.535602221703,0.949838960170746
"species_contemp_ice_extrap_only",110.660002836811,0.949838960170746
"species_contemp_ice_extrap_only",110.784403451919,0.949838960170746
"species_contemp_ice_extrap_only",110.908804067027,0.949838960170746
"species_contemp_ice_extrap_only",111.033204682135,0.949838960170746
"species_contemp_ice_extrap_only",111.157605297243,0.949838960170746
"species_contemp_ice_extrap_only",111.282005912351,0.949838960170746
"species_contemp_ice_extrap_only",111.406406527459,0.949838960170746
"species_contemp_ice_extrap_only",111.530807142567,0.949838960170746
"species_contemp_ice_extrap_only",111.655207757675,0.949838960170746
"species_contemp_ice_extrap_only",111.779608372783,0.949838960170746
"species_contemp_ice_extrap_only",111.904008987891,0.949838960170746
"species_contemp_ice_extrap_only",112.028409602999,0.949838960170746
"species_contemp_ice_extrap_only",112.152810218108,0.949838960170746
"species_contemp_ice_extrap_only",112.277210833216,0.949838960170746
"species_contemp_ice_extrap_only",112.401611448324,0.949838960170746
"species_contemp_ice_extrap_only",112.526012063432,0.949838960170746
"species_contemp_ice_extrap_only",112.65041267854,0.949838960170746
"species_contemp_ice_extrap_only",112.774813293648,0.949838960170746
"species_contemp_ice_extrap_only",112.899213908756,0.949838960170746
"species_contemp_ice_extrap_only",113.023614523864,0.949838960170746
"species_contemp_ice_extrap_only",113.148015138972,0.949838960170746
"species_contemp_ice_extrap_only",113.27241575408,0.949838960170746
"species_contemp_ice_extrap_only",113.396816369188,0.949838960170746
"species_contemp_ice_extrap_only",113.521216984296,0.949838960170746
"species_contemp_ice_extrap_only",113.645617599404,0.949838960170746
"species_contemp_ice_extrap_only",113.770018214512,0.949838960170746
"species_contemp_ice_extrap_only",113.89441882962,0.949838960170746
"species_contemp_ice_extrap_only",114.018819444728,0.949838960170746
"species_contemp_ice_extrap_only",114.143220059836,0.949838960170746
"species_contemp_ice_extrap_only",114.267620674944,0.949838960170746
"species_contemp_ice_extrap_only",114.392021290052,0.949838960170746
"species_contemp_ice_extrap_only",114.51642190516,0.949838960170746
"species_contemp_ice_extrap",-9.88419320285318,0.00344935869798064
"species_contemp_ice_extrap",-9.75979258774517,0.00344935869798064
"species_contemp_ice_extrap",-9.63539197263716,0.00344935869798064
"species_contemp_ice_extrap",-9.51099135752915,0.00344935869798064
"species_contemp_ice_extrap",-9.38659074242113,0.00344935869798064
"species_contemp_ice_extrap",-9.26219012731312,0.00344935869798064
"species_contemp_ice_extrap",-9.13778951220511,0.00344935869798064
"species_contemp_ice_extrap",-9.01338889709709,0.00344935869798064
"species_contemp_ice_extrap",-8.88898828198908,0.00344935869798064
"species_contemp_ice_extrap",-8.76458766688107,0.00344935869798064
"species_contemp_ice_extrap",-8.64018705177306,0.00344935869798064
"species_contemp_ice_extrap",-8.51578643666504,0.00344935869798064
"species_contemp_ice_extrap",-8.39138582155703,0.00344935869798064
"species_contemp_ice_extrap",-8.26698520644902,0.00344935869798064
"species_contemp_ice_extrap",-8.142584591341,0.00344935869798064
"species_contemp_ice_extrap",-8.01818397623299,0.00344935869798064
"species_contemp_ice_extrap",-7.89378336112498,0.00344935869798064
"species_contemp_ice_extrap",-7.76938274601696,0.00344935869798064
"species_contemp_ice_extrap",-7.64498213090895,0.00344935869798064
"species_contemp_ice_extrap",-7.52058151580094,0.00344935869798064
"species_contemp_ice_extrap",-7.39618090069293,0.00344935869798064
"species_contemp_ice_extrap",-7.27178028558491,0.00344935869798064
"species_contemp_ice_extrap",-7.1473796704769,0.00344935869798064
"species_contemp_ice_extrap",-7.02297905536889,0.00344935869798064
"species_contemp_ice_extrap",-6.89857844026087,0.00344935869798064
"species_contemp_ice_extrap",-6.77417782515286,0.00344935869798064
"species_contemp_ice_extrap",-6.64977721004485,0.00344935869798064
"species_contemp_ice_extrap",-6.52537659493684,0.00344935869798064
"species_contemp_ice_extrap",-6.40097597982882,0.00344935869798064
"species_contemp_ice_extrap",-6.27657536472081,0.00344935869798064
"species_contemp_ice_extrap",-6.1521747496128,0.00344935869798064
"species_contemp_ice_extrap",-6.02777413450478,0.00344935869798064
"species_contemp_ice_extrap",-5.90337351939677,0.00344935869798064
"species_contemp_ice_extrap",-5.77897290428876,0.00344935869798064
"species_contemp_ice_extrap",-5.65457228918075,0.00344935869798064
"species_contemp_ice_extrap",-5.53017167407273,0.00344935869798064
"species_contemp_ice_extrap",-5.40577105896472,0.00344935869798064
"species_contemp_ice_extrap",-5.28137044385671,0.00344935869798064
"species_contemp_ice_extrap",-5.15696982874869,0.00344935869798064
"species_contemp_ice_extrap",-5.03256921364068,0.00344935869798064
"species_contemp_ice_extrap",-4.90816859853267,0.00344935869798064
"species_contemp_ice_extrap",-4.78376798342465,0.00344935869798064
"species_contemp_ice_extrap",-4.65936736831664,0.00344935869798064
"species_contemp_ice_extrap",-4.53496675320863,0.00344935869798064
"species_contemp_ice_extrap",-4.41056613810062,0.00344935869798064
"species_contemp_ice_extrap",-4.2861655229926,0.00344935869798064
"species_contemp_ice_extrap",-4.16176490788459,0.00344935869798064
"species_contemp_ice_extrap",-4.03736429277658,0.00344935869798064
"species_contemp_ice_extrap",-3.91296367766856,0.00344935869798064
"species_contemp_ice_extrap",-3.78856306256055,0.00344935869798064
"species_contemp_ice_extrap",-3.66416244745254,0.00344935869798064
"species_contemp_ice_extrap",-3.53976183234452,0.00344935869798064
"species_contemp_ice_extrap",-3.41536121723651,0.00344935869798064
"species_contemp_ice_extrap",-3.2909606021285,0.00344935869798064
"species_contemp_ice_extrap",-3.16655998702049,0.00344935869798064
"species_contemp_ice_extrap",-3.04215937191247,0.00344935869798064
"species_contemp_ice_extrap",-2.91775875680446,0.00344935869798064
"species_contemp_ice_extrap",-2.79335814169645,0.00344935869798064
"species_contemp_ice_extrap",-2.66895752658843,0.00344935869798064
"species_contemp_ice_extrap",-2.54455691148042,0.00344935869798064
"species_contemp_ice_extrap",-2.42015629637241,0.00344935869798064
"species_contemp_ice_extrap",-2.2957556812644,0.00344935869798064
"species_contemp_ice_extrap",-2.17135506615638,0.00344935869798064
"species_contemp_ice_extrap",-2.04695445104837,0.00344935869798064
"species_contemp_ice_extrap",-1.92255383594036,0.00344935869798064
"species_contemp_ice_extrap",-1.79815322083234,0.00344935869798064
"species_contemp_ice_extrap",-1.67375260572433,0.00344935869798064
"species_contemp_ice_extrap",-1.54935199061632,0.00344935869798064
"species_contemp_ice_extrap",-1.42495137550831,0.00344935869798064
"species_contemp_ice_extrap",-1.30055076040029,0.00344935869798064
"species_contemp_ice_extrap",-1.17615014529228,0.00344935869798064
"species_contemp_ice_extrap",-1.05174953018427,0.00344935869798064
"species_contemp_ice_extrap",-0.927348915076255,0.00344935869798064
"species_contemp_ice_extrap",-0.802948299968241,0.00344935869798064
"species_contemp_ice_extrap",-0.678547684860229,0.00344935869798064
"species_contemp_ice_extrap",-0.554147069752215,0.00344935869798064
"species_contemp_ice_extrap",-0.429746454644203,0.00344935869798064
"species_contemp_ice_extrap",-0.305345839536189,0.00344935869798064
"species_contemp_ice_extrap",-0.180945224428177,0.00344935869798064
"species_contemp_ice_extrap",-0.0565446093201629,0.00344935869798064
"species_contemp_ice_extrap",0.0678560057878492,0.00344935869798064
"species_contemp_ice_extrap",0.192256620895863,0.00344935869798064
"species_contemp_ice_extrap",0.316657236003875,0.00344935869798064
"species_contemp_ice_extrap",0.441057851111889,0.00348668511043216
"species_contemp_ice_extrap",0.565458466219901,0.00352413028103992
"species_contemp_ice_extrap",0.689859081327915,0.00364125103451645
"species_contemp_ice_extrap",0.814259696435927,0.00375839438172364
"species_contemp_ice_extrap",0.93866031154394,0.00388335660113676
"species_contemp_ice_extrap",1.06306092665195,0.0040083608225969
"species_contemp_ice_extrap",1.18746154175997,0.00414169159387842
"species_contemp_ice_extrap",1.31186215686798,0.00427508609701807
"species_contemp_ice_extrap",1.43626277197599,0.00441734768343587
"species_contemp_ice_extrap",1.56066338708401,0.00455969726707101
"species_contemp_ice_extrap",1.68506400219202,0.00471148939382524
"species_contemp_ice_extrap",1.80946461730003,0.0048633965439995
"species_contemp_ice_extrap",1.93386523240804,0.00502535892620293
"species_contemp_ice_extrap",2.05826584751606,0.00518746635658872
"species_contemp_ice_extrap",2.18266646262407,0.00536028101756361
"species_contemp_ice_extrap",2.30706707773208,0.0055332740247491
"species_contemp_ice_extrap",2.43146769284009,0.00571766857056155
"species_contemp_ice_extrap",2.55586830794811,0.00590227830296398
"species_contemp_ice_extrap",2.68026892305612,0.00609902811239192
"species_contemp_ice_extrap",2.80466953816413,0.0062960337863363
"species_contemp_ice_extrap",2.92907015327215,0.00650596548222197
"species_contemp_ice_extrap",3.05347076838016,0.00671619792129015
"species_contemp_ice_extrap",3.17787138348817,0.00694019270464208
"species_contemp_ice_extrap",3.30227199859619,0.00716453758746437
"species_contemp_ice_extrap",3.4266726137042,0.00740353391419383
"species_contemp_ice_extrap",3.55107322881221,0.00764293461909173
"species_contemp_ice_extrap",3.67547384392022,0.00789793265333368
"species_contemp_ice_extrap",3.79987445902824,0.00815339463113289
"species_contemp_ice_extrap",3.92427507413625,0.00842545927340431
"species_contemp_ice_extrap",4.04867568924426,0.00869805310986329
"species_contemp_ice_extrap",4.17307630435228,0.00898831867913499
"species_contemp_ice_extrap",4.29747691946029,0.00927918489451497
"species_contemp_ice_extrap",4.4218775345683,0.00958885832343116
"species_contemp_ice_extrap",4.54627814967631,0.00989921046907522
"species_contemp_ice_extrap",4.67067876478433,0.010229575845239
"species_contemp_ice_extrap",4.79507937989234,0.0105607052044229
"species_contemp_ice_extrap",4.91947999500035,0.0109131297828666
"species_contemp_ice_extrap",5.04388061010837,0.0112664112871675
"species_contemp_ice_extrap",5.16828122521638,0.0116423472382143
"species_contemp_ice_extrap",5.29268184032439,0.0120192413966964
"species_contemp_ice_extrap",5.41708245543241,0.0124202334720724
"species_contemp_ice_extrap",5.54148307054042,0.0128222938861748
"species_contemp_ice_extrap",5.66588368564843,0.0132499829358396
"species_contemp_ice_extrap",5.79028430075644,0.0136788600802145
"species_contemp_ice_extrap",5.91468491586446,0.0141349889733313
"species_contemp_ice_extrap",6.03908553097247,0.0145924359304134
"species_contemp_ice_extrap",6.16348614608048,0.015078854027329
"species_contemp_ice_extrap",6.2878867611885,0.0155667311246829
"species_contemp_ice_extrap",6.41228737629651,0.0160854013133092
"species_contemp_ice_extrap",6.53668799140452,0.0166056832521236
"species_contemp_ice_extrap",6.66108860651253,0.0171586861448727
"species_contemp_ice_extrap",6.78548922162055,0.0177134660793977
"species_contemp_ice_extrap",6.90988983672856,0.0183030065351599
"species_contemp_ice_extrap",7.03429045183657,0.018894502587794
"species_contemp_ice_extrap",7.15869106694459,0.0195229147432555
"species_contemp_ice_extrap",7.2830916820526,0.0201534754695918
"species_contemp_ice_extrap",7.40749229716061,0.0208232301530407
"species_contemp_ice_extrap",7.53189291226862,0.0214953416024528
"species_contemp_ice_extrap",7.65629352737664,0.0222090501078114
"species_contemp_ice_extrap",7.78069414248465,0.0229253395510666
"species_contemp_ice_extrap",7.90509475759267,0.0236857606238988
"species_contemp_ice_extrap",8.02949537270067,0.0244490041418875
"species_contemp_ice_extrap",8.15389598780869,0.0252590500438748
"species_contemp_ice_extrap",8.2782966029167,0.0260721782700546
"species_contemp_ice_extrap",8.40269721802472,0.0269349186949028
"species_contemp_ice_extrap",8.52709783313273,0.0278010199217737
"species_contemp_ice_extrap",8.65149844824074,0.0287196882263706
"species_contemp_ice_extrap",8.77589906334875,0.0296420166703656
"species_contemp_ice_extrap",8.90029967845677,0.0306200138091826
"species_contemp_ice_extrap",9.02470029356478,0.0316019916360873
"species_contemp_ice_extrap",9.1491009086728,0.0326428910895736
"species_contemp_ice_extrap",9.27350152378081,0.0336881144352181
"species_contemp_ice_extrap",9.39790213888882,0.0347956668751167
"species_contemp_ice_extrap",9.52230275399683,0.0359079098688037
"species_contemp_ice_extrap",9.64670336910485,0.0370860432501963
"species_contemp_ice_extrap",9.77110398421286,0.0382692587479082
"species_contemp_ice_extrap",9.89550459932087,0.0395220829734432
"species_contemp_ice_extrap",10.0199052144289,0.0407804066991315
"species_contemp_ice_extrap",10.1443058295369,0.0421122128739663
"species_contemp_ice_extrap",10.2687064446449,0.0434499629312482
"species_contemp_ice_extrap",10.3931070597529,0.0448652242976354
"species_contemp_ice_extrap",10.5175076748609,0.0462869016916868
"species_contemp_ice_extrap",10.6419082899689,0.0477902734405338
"species_contemp_ice_extrap",10.766308905077,0.04930056277161
"species_contemp_ice_extrap",10.890709520185,0.0508968744143376
"species_contemp_ice_extrap",11.015110135293,0.0525006348454562
"species_contemp_ice_extrap",11.139510750401,0.054194889460237
"species_contemp_ice_extrap",11.263911365509,0.0558971544595198
"species_contemp_ice_extrap",11.388311980617,0.0576945191896115
"species_contemp_ice_extrap",11.512712595725,0.0595004877829275
"species_contemp_ice_extrap",11.6371132108331,0.0614062869514145
"species_contemp_ice_extrap",11.7615138259411,0.063321315311095
"species_contemp_ice_extrap",11.8859144410491,0.065341014204995
"species_contemp_ice_extrap",12.0103150561571,0.0673705999518038
"species_contemp_ice_extrap",12.1347156712651,0.0695097962495495
"species_contemp_ice_extrap",12.2591162863731,0.07165956943338
"species_contemp_ice_extrap",12.3835169014811,0.0739239682366696
"species_contemp_ice_extrap",12.5079175165891,0.0761996665091046
"species_contemp_ice_extrap",12.6323181316972,0.0785950643176263
"species_contemp_ice_extrap",12.7567187468052,0.0810025168544398
"species_contemp_ice_extrap",12.8811193619132,0.0835347777174861
"species_contemp_ice_extrap",13.0055199770212,0.0860798800037985
"species_contemp_ice_extrap",13.1299205921292,0.0887549023455997
"species_contemp_ice_extrap",13.2543212072372,0.0914435823977638
"species_contemp_ice_extrap",13.3787218223452,0.0942672699362883
"species_contemp_ice_extrap",13.5031224374532,0.097105461534388
"species_contemp_ice_extrap",13.6275230525613,0.100083686773498
"species_contemp_ice_extrap",13.7519236676693,0.103077290632553
"species_contemp_ice_extrap",13.8763242827773,0.106215853489523
"species_contemp_ice_extrap",14.0007248978853,0.109370693348465
"species_contemp_ice_extrap",14.1251255129933,0.112675275289395
"species_contemp_ice_extrap",14.2495261281013,0.115997056995911
"species_contemp_ice_extrap",14.3739267432093,0.119473175591532
"species_contemp_ice_extrap",14.4983273583173,0.12296743188667
"species_contemp_ice_extrap",14.6227279734254,0.126620378889845
"species_contemp_ice_extrap",14.7471285885334,0.130292419299149
"species_contemp_ice_extrap",14.8715292036414,0.134127207771863
"species_contemp_ice_extrap",14.9959298187494,0.137982056294796
"species_contemp_ice_extrap",15.1203304338574,0.141971839775602
"species_contemp_ice_extrap",15.2447310489654,0.145982653600414
"species_contemp_ice_extrap",15.3691316640734,0.149888106837857
"species_contemp_ice_extrap",15.4935322791815,0.153815559247992
"species_contemp_ice_extrap",15.6179328942895,0.157895194913224
"species_contemp_ice_extrap",15.7423335093975,0.161942748075665
"species_contemp_ice_extrap",15.8667341245055,0.164110771859103
"species_contemp_ice_extrap",15.9911347396135,0.166265601501481
"species_contemp_ice_extrap",16.1155353547215,0.168462359156938
"species_contemp_ice_extrap",16.2399359698295,0.170446746043434
"species_contemp_ice_extrap",16.3643365849375,0.171048745434438
"species_contemp_ice_extrap",16.4887372000456,0.171388757228851
"species_contemp_ice_extrap",16.6131378151536,0.171381822228432
"species_contemp_ice_extrap",16.7375384302616,0.171374887228012
"species_contemp_ice_extrap",16.8619390453696,0.171368416398764
"species_contemp_ice_extrap",16.9863396604776,0.171361945569515
"species_contemp_ice_extrap",17.1107402755856,0.171355946362019
"species_contemp_ice_extrap",17.2351408906936,0.171349947154522
"species_contemp_ice_extrap",17.3595415058017,0.171344408392906
"species_contemp_ice_extrap",17.4839421209097,0.17133886963129
"species_contemp_ice_extrap",17.6083427360177,0.171333806216717
"species_contemp_ice_extrap",17.7327433511257,0.171328742802143
"species_contemp_ice_extrap",17.8571439662337,0.171324148029089
"species_contemp_ice_extrap",17.9815445813417,0.171319553256035
"species_contemp_ice_extrap",18.1059451964497,0.171315429359674
"species_contemp_ice_extrap",18.2303458115577,0.171311305463314
"species_contemp_ice_extrap",18.3547464266657,0.17130765914917
"species_contemp_ice_extrap",18.4791470417738,0.171304012835026
"species_contemp_ice_extrap",18.6035476568818,0.171300841122866
"species_contemp_ice_extrap",18.7279482719898,0.171297669410706
"species_contemp_ice_extrap",18.8523488870978,0.171294973045588
"species_contemp_ice_extrap",18.9767495022058,0.17129227668047
"species_contemp_ice_extrap",19.1011501173138,0.171290061622858
"species_contemp_ice_extrap",19.2255507324218,0.171287846565247
"species_contemp_ice_extrap",19.3499513475299,0.171286112070084
"species_contemp_ice_extrap",19.4743519626379,0.171284377574921
"species_contemp_ice_extrap",19.5987525777459,0.171283126622438
"species_contemp_ice_extrap",19.7231531928539,0.171281875669956
"species_contemp_ice_extrap",19.8475538079619,0.171281107515097
"species_contemp_ice_extrap",19.9719544230699,0.171280339360237
"species_contemp_ice_extrap",20.0963550381779,0.171280059218407
"species_contemp_ice_extrap",20.220755653286,0.171279779076576
"species_contemp_ice_extrap",20.345156268394,0.171279983967543
"species_contemp_ice_extrap",20.469556883502,0.171280188858509
"species_contemp_ice_extrap",20.59395749861,0.171280887722969
"species_contemp_ice_extrap",20.718358113718,0.171281586587429
"species_contemp_ice_extrap",20.842758728826,0.171282775700092
"species_contemp_ice_extrap",20.967159343934,0.171283964812756
"species_contemp_ice_extrap",21.091559959042,0.171285645663738
"species_contemp_ice_extrap",21.21596057415,0.171287326514721
"species_contemp_ice_extrap",21.3403611892581,0.171289505809546
"species_contemp_ice_extrap",21.4647618043661,0.17129168510437
"species_contemp_ice_extrap",21.5891624194741,0.171294360607862
"species_contemp_ice_extrap",21.7135630345821,0.171297036111355
"species_contemp_ice_extrap",21.8379636496901,0.171300211548805
"species_contemp_ice_extrap",21.9623642647981,0.171303386986256
"species_contemp_ice_extrap",22.0867648799061,0.171307063102722
"species_contemp_ice_extrap",22.2111654950141,0.171310739219189
"species_contemp_ice_extrap",22.3355661101222,0.171314918994904
"species_contemp_ice_extrap",22.4599667252302,0.171319098770618
"species_contemp_ice_extrap",22.5843673403382,0.171323784440756
"species_contemp_ice_extrap",22.7087679554462,0.171328470110893
"species_contemp_ice_extrap",22.8331685705542,0.171333663165569
"species_contemp_ice_extrap",22.9575691856622,0.171338856220245
"species_contemp_ice_extrap",23.0819698007702,0.171344562619925
"species_contemp_ice_extrap",23.2063704158783,0.171350269019604
"species_contemp_ice_extrap",23.3307710309863,0.17135648354888
"species_contemp_ice_extrap",23.4551716460943,0.171362698078156
"species_contemp_ice_extrap",23.5795722612023,0.171369428187609
"species_contemp_ice_extrap",23.7039728763103,0.171376158297062
"species_contemp_ice_extrap",23.8283734914183,0.17138340473175
"species_contemp_ice_extrap",23.9527741065263,0.171390651166439
"species_contemp_ice_extrap",24.0771747216343,0.171398414671421
"species_contemp_ice_extrap",24.2015753367424,0.171406178176403
"species_contemp_ice_extrap",24.3259759518504,0.171414465457201
"species_contemp_ice_extrap",24.4503765669584,0.171422752737999
"species_contemp_ice_extrap",24.5747771820664,0.171431560814381
"species_contemp_ice_extrap",24.6991777971744,0.171440368890762
"species_contemp_ice_extrap",24.8235784122824,0.171449702978134
"species_contemp_ice_extrap",24.9479790273904,0.171459037065506
"species_contemp_ice_extrap",25.0723796424985,0.171468897908926
"species_contemp_ice_extrap",25.1967802576065,0.171478758752346
"species_contemp_ice_extrap",25.3211808727145,0.171489150822163
"species_contemp_ice_extrap",25.4455814878225,0.171499542891979
"species_contemp_ice_extrap",25.5699821029305,0.17151046693325
"species_contemp_ice_extrap",25.6943827180385,0.171521390974522
"species_contemp_ice_extrap",25.8187833331465,0.17153284996748
"species_contemp_ice_extrap",25.9431839482545,0.171544308960438
"species_contemp_ice_extrap",26.0675845633626,0.171556305885315
"species_contemp_ice_extrap",26.1919851784706,0.171568302810192
"species_contemp_ice_extrap",26.3163857935786,0.171580839902163
"species_contemp_ice_extrap",26.4407864086866,0.171593376994133
"species_contemp_ice_extrap",26.5651870237946,0.171606457233429
"species_contemp_ice_extrap",26.6895876389026,0.171619537472725
"species_contemp_ice_extrap",26.8139882540106,0.171633158624172
"species_contemp_ice_extrap",26.9383888691186,0.17164677977562
"species_contemp_ice_extrap",27.0627894842267,0.171660950034857
"species_contemp_ice_extrap",27.1871900993347,0.171675120294094
"species_contemp_ice_extrap",27.3115907144427,0.171689844876528
"species_contemp_ice_extrap",27.4359913295507,0.171704569458961
"species_contemp_ice_extrap",27.5603919446587,0.171719842404127
"species_contemp_ice_extrap",27.6847925597667,0.171735115349293
"species_contemp_ice_extrap",27.8091931748747,0.171750941127539
"species_contemp_ice_extrap",27.9335937899827,0.171766766905785
"species_contemp_ice_extrap",28.0579944050908,0.171783155202866
"species_contemp_ice_extrap",28.1823950201988,0.171799543499947
"species_contemp_ice_extrap",28.3067956353068,0.17181649133563
"species_contemp_ice_extrap",28.4311962504148,0.171833439171314
"species_contemp_ice_extrap",28.5555968655228,0.171850949525833
"species_contemp_ice_extrap",28.6799974806308,0.171868459880352
"species_contemp_ice_extrap",28.8043980957388,0.171886537969112
"species_contemp_ice_extrap",28.9287987108468,0.171904616057873
"species_contemp_ice_extrap",29.0531993259549,0.171923261880875
"species_contemp_ice_extrap",29.1775999410629,0.171941907703876
"species_contemp_ice_extrap",29.3020005561709,0.171961125731468
"species_contemp_ice_extrap",29.4264011712789,0.17198034375906
"species_contemp_ice_extrap",29.5508017863869,0.172000136226416
"species_contemp_ice_extrap",29.6752024014949,0.172019928693771
"species_contemp_ice_extrap",29.7996030166029,0.172040297091007
"species_contemp_ice_extrap",29.924003631711,0.172060665488243
"species_contemp_ice_extrap",30.048404246819,0.172081614285707
"species_contemp_ice_extrap",30.172804861927,0.172102563083172
"species_contemp_ice_extrap",30.297205477035,0.172124097496271
"species_contemp_ice_extrap",30.421606092143,0.17214563190937
"species_contemp_ice_extrap",30.546006707251,0.172167752683163
"species_contemp_ice_extrap",30.670407322359,0.172189873456955
"species_contemp_ice_extrap",30.794807937467,0.172212581336498
"species_contemp_ice_extrap",30.9192085525751,0.172235289216042
"species_contemp_ice_extrap",31.0436091676831,0.172258592396975
"species_contemp_ice_extrap",31.1680097827911,0.172281895577908
"species_contemp_ice_extrap",31.2924103978991,0.172305791079998
"species_contemp_ice_extrap",31.4168110130071,0.172329686582088
"species_contemp_ice_extrap",31.5412116281151,0.172354182600975
"species_contemp_ice_extrap",31.6656122432231,0.172378678619862
"species_contemp_ice_extrap",31.7900128583312,0.172403777390718
"species_contemp_ice_extrap",31.9144134734392,0.172428876161575
"species_contemp_ice_extrap",32.0388140885472,0.172454578429461
"species_contemp_ice_extrap",32.1632147036552,0.172480280697346
"species_contemp_ice_extrap",32.2876153187632,0.172506591677666
"species_contemp_ice_extrap",32.4120159338712,0.172532902657986
"species_contemp_ice_extrap",32.5364165489792,0.172559823095798
"species_contemp_ice_extrap",32.6608171640872,0.172586743533611
"species_contemp_ice_extrap",32.7852177791953,0.172614278644323
"species_contemp_ice_extrap",32.9096183943033,0.172641813755035
"species_contemp_ice_extrap",33.0340190094113,0.172669968754053
"species_contemp_ice_extrap",33.1584196245193,0.172698123753071
"species_contemp_ice_extrap",33.2828202396273,0.17272690013051
"species_contemp_ice_extrap",33.4072208547353,0.17275567650795
"species_contemp_ice_extrap",33.5316214698433,0.172785075753927
"species_contemp_ice_extrap",33.6560220849513,0.172814474999905
"species_contemp_ice_extrap",33.7804227000594,0.172844503074884
"species_contemp_ice_extrap",33.9048233151674,0.172874531149864
"species_contemp_ice_extrap",34.0292239302754,0.172905191779137
"species_contemp_ice_extrap",34.1536245453834,0.172935852408409
"species_contemp_ice_extrap",34.2780251604914,0.172967146337032
"species_contemp_ice_extrap",34.4024257755994,0.172998440265656
"species_contemp_ice_extrap",34.5268263907074,0.173030373454094
"species_contemp_ice_extrap",34.6512270058154,0.173062306642532
"species_contemp_ice_extrap",34.7756276209235,0.173094879090786
"species_contemp_ice_extrap",34.9000282360315,0.17312745153904
"species_contemp_ice_extrap",35.0244288511395,0.173160671442747
"species_contemp_ice_extrap",35.1488294662475,0.173193891346455
"species_contemp_ice_extrap",35.2732300813555,0.17322776094079
"species_contemp_ice_extrap",35.3976306964635,0.173261630535126
"species_contemp_ice_extrap",35.5220313115715,0.173296152800322
"species_contemp_ice_extrap",35.6464319266795,0.173330675065517
"species_contemp_ice_extrap",35.7708325417876,0.173365853726864
"species_contemp_ice_extrap",35.8952331568956,0.17340103238821
"species_contemp_ice_extrap",36.0196337720036,0.17343687042594
"species_contemp_ice_extrap",36.1440343871116,0.173472708463669
"species_contemp_ice_extrap",36.2684350022196,0.173509208112955
"species_contemp_ice_extrap",36.3928356173276,0.173545707762241
"species_contemp_ice_extrap",36.5172362324356,0.173582875728607
"species_contemp_ice_extrap",36.6416368475437,0.173620043694973
"species_contemp_ice_extrap",36.7660374626517,0.173657884448767
"species_contemp_ice_extrap",36.8904380777597,0.17369572520256
"species_contemp_ice_extrap",37.0148386928677,0.173734241724014
"species_contemp_ice_extrap",37.1392393079757,0.173772758245468
"species_contemp_ice_extrap",37.2636399230837,0.173811952769756
"species_contemp_ice_extrap",37.3880405381917,0.173851147294044
"species_contemp_ice_extrap",37.5124411532997,0.173891025781631
"species_contemp_ice_extrap",37.6368417684078,0.173930904269218
"species_contemp_ice_extrap",37.7612423835158,0.173971469700336
"species_contemp_ice_extrap",37.8856429986238,0.174012035131454
"species_contemp_ice_extrap",38.0100436137318,0.174053290486336
"species_contemp_ice_extrap",38.1344442288398,0.174094545841217
"species_contemp_ice_extrap",38.2588448439478,0.174136497080326
"species_contemp_ice_extrap",38.3832454590558,0.174178448319435
"species_contemp_ice_extrap",38.5076460741639,0.174221098423004
"species_contemp_ice_extrap",38.6320466892719,0.174263748526573
"species_contemp_ice_extrap",38.7564473043799,0.174307100474834
"species_contemp_ice_extrap",38.8808479194879,0.174350452423096
"species_contemp_ice_extrap",39.0052485345959,0.174394512176514
"species_contemp_ice_extrap",39.1296491497039,0.174438571929932
"species_contemp_ice_extrap",39.2540497648119,0.174483342468739
"species_contemp_ice_extrap",39.3784503799199,0.174528113007545
"species_contemp_ice_extrap",39.502850995028,0.174573600292206
"species_contemp_ice_extrap",39.627251610136,0.174619087576866
"species_contemp_ice_extrap",39.751652225244,0.174665293097496
"species_contemp_ice_extrap",39.876052840352,0.174711498618126
"species_contemp_ice_extrap",40.00045345546,0.174758429825306
"species_contemp_ice_extrap",40.124854070568,0.174805361032486
"species_contemp_ice_extrap",40.249254685676,0.174853019416332
"species_contemp_ice_extrap",40.373655300784,0.174900677800179
"species_contemp_ice_extrap",40.4980559158921,0.174949069321156
"species_contemp_ice_extrap",40.6224565310001,0.174997460842133
"species_contemp_ice_extrap",40.7468571461081,0.175046589970589
"species_contemp_ice_extrap",40.8712577612161,0.175095719099045
"species_contemp_ice_extrap",40.9956583763241,0.175145587325096
"species_contemp_ice_extrap",41.1200589914321,0.175195455551147
"species_contemp_ice_extrap",41.2444596065401,0.175246071815491
"species_contemp_ice_extrap",41.3688602216481,0.175296688079834
"species_contemp_ice_extrap",41.4932608367561,0.175348053872585
"species_contemp_ice_extrap",41.6176614518642,0.175399419665337
"species_contemp_ice_extrap",41.7420620669722,0.175451539456844
"species_contemp_ice_extrap",41.8664626820802,0.175503659248352
"species_contemp_ice_extrap",41.9908632971882,0.175556540489197
"species_contemp_ice_extrap",42.1152639122962,0.175609421730042
"species_contemp_ice_extrap",42.2396645274042,0.175663065910339
"species_contemp_ice_extrap",42.3640651425122,0.175716710090637
"species_contemp_ice_extrap",42.4884657576203,0.175771121680737
"species_contemp_ice_extrap",42.6128663727283,0.175825533270836
"species_contemp_ice_extrap",42.7372669878363,0.175880721211433
"species_contemp_ice_extrap",42.8616676029443,0.175935909152031
"species_contemp_ice_extrap",42.9860682180523,0.175991871953011
"species_contemp_ice_extrap",43.1104688331603,0.17604783475399
"species_contemp_ice_extrap",43.2348694482683,0.176104581356049
"species_contemp_ice_extrap",43.3592700633763,0.176161327958107
"species_contemp_ice_extrap",43.4836706784844,0.176218864321709
"species_contemp_ice_extrap",43.6080712935924,0.17627640068531
"species_contemp_ice_extrap",43.7324719087004,0.176334726810455
"species_contemp_ice_extrap",43.8568725238084,0.1763930529356
"species_contemp_ice_extrap",43.9812731389164,0.176452177762985
"species_contemp_ice_extrap",44.1056737540244,0.17651130259037
"species_contemp_ice_extrap",44.2300743691324,0.176571226119995
"species_contemp_ice_extrap",44.3544749842404,0.17663114964962
"species_contemp_ice_extrap",44.4788755993485,0.176691883802414
"species_contemp_ice_extrap",44.6032762144565,0.176752617955208
"species_contemp_ice_extrap",44.7276768295645,0.176814162731171
"species_contemp_ice_extrap",44.8520774446725,0.176875707507133
"species_contemp_ice_extrap",44.9764780597805,0.176938071846962
"species_contemp_ice_extrap",45.1008786748885,0.17700043618679
"species_contemp_ice_extrap",45.2252792899965,0.177063620090485
"species_contemp_ice_extrap",45.3496799051046,0.177126803994179
"species_contemp_ice_extrap",45.4740805202126,0.177190816402435
"species_contemp_ice_extrap",45.5984811353206,0.177254828810692
"species_contemp_ice_extrap",45.7228817504286,0.177319672703743
"species_contemp_ice_extrap",45.8472823655366,0.177384516596794
"species_contemp_ice_extrap",45.9716829806446,0.177450197935104
"species_contemp_ice_extrap",46.0960835957526,0.177515879273415
"species_contemp_ice_extrap",46.2204842108606,0.177582401037216
"species_contemp_ice_extrap",46.3448848259687,0.177648922801018
"species_contemp_ice_extrap",46.4692854410767,0.177716295421123
"species_contemp_ice_extrap",46.5936860561847,0.177783668041229
"species_contemp_ice_extrap",46.7180866712927,0.177851893007755
"species_contemp_ice_extrap",46.8424872864007,0.177920117974281
"species_contemp_ice_extrap",46.9668879015087,0.177989201247692
"species_contemp_ice_extrap",47.0912885166167,0.178058284521103
"species_contemp_ice_extrap",47.2156891317248,0.178128230571747
"species_contemp_ice_extrap",47.3400897468328,0.178198176622391
"species_contemp_ice_extrap",47.4644903619408,0.178268992900848
"species_contemp_ice_extrap",47.5888909770488,0.178339809179306
"species_contemp_ice_extrap",47.7132915921568,0.178411500155926
"species_contemp_ice_extrap",47.8376922072648,0.178483191132545
"species_contemp_ice_extrap",47.9620928223728,0.178555761277676
"species_contemp_ice_extrap",48.0864934374808,0.178628331422806
"species_contemp_ice_extrap",48.2108940525888,0.178701789677143
"species_contemp_ice_extrap",48.3352946676969,0.17877524793148
"species_contemp_ice_extrap",48.4596952828049,0.178849594295025
"species_contemp_ice_extrap",48.5840958979129,0.178923940658569
"species_contemp_ice_extrap",48.7084965130209,0.178999184072018
"species_contemp_ice_extrap",48.8328971281289,0.179074427485466
"species_contemp_ice_extrap",48.9572977432369,0.179152338206768
"species_contemp_ice_extrap",49.0816983583449,0.17923024892807
"species_contemp_ice_extrap",49.206098973453,0.179313834011555
"species_contemp_ice_extrap",49.330499588561,0.179397419095039
"species_contemp_ice_extrap",49.454900203669,0.179493449628353
"species_contemp_ice_extrap",49.579300818777,0.179589480161667
"species_contemp_ice_extrap",49.703701433885,0.179698666930199
"species_contemp_ice_extrap",49.828102048993,0.17980785369873
"species_contemp_ice_extrap",49.952502664101,0.17991818189621
"species_contemp_ice_extrap",50.076903279209,0.180028510093689
"species_contemp_ice_extrap",50.2013038943171,0.180139741301537
"species_contemp_ice_extrap",50.3257045094251,0.180250972509384
"species_contemp_ice_extrap",50.4501051245331,0.180363115668297
"species_contemp_ice_extrap",50.5745057396411,0.180475258827209
"species_contemp_ice_extrap",50.6989063547491,0.180588315427303
"species_contemp_ice_extrap",50.8233069698571,0.180701372027397
"species_contemp_ice_extrap",50.9477075849651,0.180815349519253
"species_contemp_ice_extrap",51.0721082000732,0.180929327011108
"species_contemp_ice_extrap",51.1965088151812,0.181044229865074
"species_contemp_ice_extrap",51.3209094302892,0.18115913271904
"species_contemp_ice_extrap",51.4453100453972,0.181274969875813
"species_contemp_ice_extrap",51.5697106605052,0.181390807032585
"species_contemp_ice_extrap",51.6941112756132,0.181507584452629
"species_contemp_ice_extrap",51.8185118907212,0.181624361872673
"species_contemp_ice_extrap",51.9429125058292,0.181742084026337
"species_contemp_ice_extrap",52.0673131209373,0.18185980618
"species_contemp_ice_extrap",52.1917137360453,0.181978477537632
"species_contemp_ice_extrap",52.3161143511533,0.182097148895264
"species_contemp_ice_extrap",52.4405149662613,0.18221677839756
"species_contemp_ice_extrap",52.5649155813693,0.182336407899857
"species_contemp_ice_extrap",52.6893161964773,0.182457000017166
"species_contemp_ice_extrap",52.8137168115853,0.182577592134476
"species_contemp_ice_extrap",52.9381174266934,0.182699154317379
"species_contemp_ice_extrap",53.0625180418014,0.182820716500282
"species_contemp_ice_extrap",53.1869186569094,0.182943251729012
"species_contemp_ice_extrap",53.3113192720174,0.183065786957741
"species_contemp_ice_extrap",53.4357198871254,0.183189307153225
"species_contemp_ice_extrap",53.5601205022334,0.183312827348709
"species_contemp_ice_extrap",53.6845211173414,0.183437334001064
"species_contemp_ice_extrap",53.8089217324494,0.18356613388475
"species_contemp_ice_extrap",53.9333223475574,0.18370020768445
"species_contemp_ice_extrap",54.0577229626655,0.183835251598605
"species_contemp_ice_extrap",54.1821235777735,0.183972216785368
"species_contemp_ice_extrap",54.3065241928815,0.184112550240813
"species_contemp_ice_extrap",54.4309248079895,0.184256951174997
"species_contemp_ice_extrap",54.5553254230975,0.184409550700297
"species_contemp_ice_extrap",54.6797260382055,0.184570269361244
"species_contemp_ice_extrap",54.8041266533135,0.184731018374204
"species_contemp_ice_extrap",54.9285272684215,0.184892814711138
"species_contemp_ice_extrap",55.0529278835296,0.185054642044148
"species_contemp_ice_extrap",55.1773284986376,0.185217516057068
"species_contemp_ice_extrap",55.3017291137456,0.185380422565268
"species_contemp_ice_extrap",55.4261297288536,0.185544389164038
"species_contemp_ice_extrap",55.5505303439616,0.185708388047014
"species_contemp_ice_extrap",55.6749309590696,0.185873447222932
"species_contemp_ice_extrap",55.7993315741776,0.186038539327119
"species_contemp_ice_extrap",55.9237321892857,0.186204701510997
"species_contemp_ice_extrap",56.0481328043937,0.186376835033253
"species_contemp_ice_extrap",56.1725334195017,0.186553912971457
"species_contemp_ice_extrap",56.2969340346097,0.18674425207515
"species_contemp_ice_extrap",56.4213346497177,0.18694388107008
"species_contemp_ice_extrap",56.5457352648257,0.187143703210804
"species_contemp_ice_extrap",56.6701358799337,0.187344706386911
"species_contemp_ice_extrap",56.7945364950418,0.187551013171238
"species_contemp_ice_extrap",56.9189371101498,0.187761374697465
"species_contemp_ice_extrap",57.0433377252578,0.187982028801339
"species_contemp_ice_extrap",57.1677383403658,0.188209256256784
"species_contemp_ice_extrap",57.2921389554738,0.188448415469732
"species_contemp_ice_extrap",57.4165395705818,0.188719158912166
"species_contemp_ice_extrap",57.5409401856898,0.188996165415928
"species_contemp_ice_extrap",57.6653408007978,0.189282246854468
"species_contemp_ice_extrap",57.7897414159059,0.189568797612884
"species_contemp_ice_extrap",57.9141420310139,0.189868079488604
"species_contemp_ice_extrap",58.0385426461219,0.190176730683148
"species_contemp_ice_extrap",58.1629432612299,0.190538566571723
"species_contemp_ice_extrap",58.2873438763379,0.190910651144429
"species_contemp_ice_extrap",58.4117444914459,0.191358498411771
"species_contemp_ice_extrap",58.5361451065539,0.191807087541222
"species_contemp_ice_extrap",58.660545721662,0.192268164069653
"species_contemp_ice_extrap",58.78494633677,0.192729997698002
"species_contemp_ice_extrap",58.909346951878,0.193194258640873
"species_contemp_ice_extrap",59.033747566986,0.193659290909666
"species_contemp_ice_extrap",59.158148182094,0.194126743734963
"species_contemp_ice_extrap",59.282548797202,0.194594982181817
"species_contemp_ice_extrap",59.40694941231,0.195065650748806
"species_contemp_ice_extrap",59.531350027418,0.195537118151554
"species_contemp_ice_extrap",59.655750642526,0.196011014389868
"species_contemp_ice_extrap",59.780151257634,0.19648572504989
"species_contemp_ice_extrap",59.9045518727421,0.196962862396685
"species_contemp_ice_extrap",60.0289524878501,0.197440826297958
"species_contemp_ice_extrap",60.1533531029581,0.19792121369393
"species_contemp_ice_extrap",60.2777537180661,0.198402443386995
"species_contemp_ice_extrap",60.4021543331741,0.198886104700112
"species_contemp_ice_extrap",60.5265549482821,0.199370621716003
"species_contemp_ice_extrap",60.6509555633902,0.199857562915434
"species_contemp_ice_extrap",60.7753561784982,0.200345373258134
"species_contemp_ice_extrap",60.8997567936062,0.200835610743859
"species_contemp_ice_extrap",61.0241574087142,0.201326733359168
"species_contemp_ice_extrap",61.1485580238222,0.201820279078227
"species_contemp_ice_extrap",61.2729586389302,0.202314722198898
"species_contemp_ice_extrap",61.3973592540382,0.202811592542569
"species_contemp_ice_extrap",61.5217598691462,0.203309373850196
"species_contemp_ice_extrap",61.6461604842543,0.203809580748111
"species_contemp_ice_extrap",61.7705610993623,0.204310714822589
"species_contemp_ice_extrap",61.8949617144703,0.204826994323331
"species_contemp_ice_extrap",62.0193623295783,0.205344214667423
"species_contemp_ice_extrap",62.1437629446863,0.205940816116416
"species_contemp_ice_extrap",62.2681635597943,0.206538369425283
"species_contemp_ice_extrap",62.3925641749023,0.207145401897474
"species_contemp_ice_extrap",62.5169647900103,0.207753402651034
"species_contemp_ice_extrap",62.6413654051184,0.208377874188645
"species_contemp_ice_extrap",62.7657660202264,0.209003327778853
"species_contemp_ice_extrap",62.8901666353344,0.209697796276234
"species_contemp_ice_extrap",63.0145672504424,0.210393260632256
"species_contemp_ice_extrap",63.1389678655504,0.211169462252666
"species_contemp_ice_extrap",63.2633684806584,0.211946670748243
"species_contemp_ice_extrap",63.3877690957664,0.212831086336536
"species_contemp_ice_extrap",63.5121697108744,0.213716525500004
"species_contemp_ice_extrap",63.6365703259825,0.21464395058114
"species_contemp_ice_extrap",63.7609709410905,0.215572413147936
"species_contemp_ice_extrap",63.8853715561985,0.216506406940918
"species_contemp_ice_extrap",64.0097721713065,0.217441446307308
"species_contemp_ice_extrap",64.1341727864145,0.218382011766258
"species_contemp_ice_extrap",64.2585734015225,0.219323644118081
"species_contemp_ice_extrap",64.3829740166305,0.220270796471833
"species_contemp_ice_extrap",64.5073746317385,0.221219026201487
"species_contemp_ice_extrap",64.6317752468466,0.222172761219174
"species_contemp_ice_extrap",64.7561758619546,0.223127555172918
"species_contemp_ice_extrap",64.8805764770626,0.224087920716159
"species_contemp_ice_extrap",65.0049770921706,0.225049341531093
"species_contemp_ice_extrap",65.1293777072786,0.226016328394253
"species_contemp_ice_extrap",65.2537783223866,0.226984352193703
"species_contemp_ice_extrap",65.3781789374946,0.227957954872352
"species_contemp_ice_extrap",65.5025795526027,0.228932589150417
"species_contemp_ice_extrap",65.6269801677107,0.229912821801698
"species_contemp_ice_extrap",65.7513807828187,0.230894065016041
"species_contemp_ice_extrap",65.8757813979267,0.231880919800886
"species_contemp_ice_extrap",66.0001820130347,0.232868782443245
"species_contemp_ice_extrap",66.1245826281427,0.233862268385831
"species_contemp_ice_extrap",66.2489832432507,0.234856739964468
"species_contemp_ice_extrap",66.3733838583587,0.235856855734898
"species_contemp_ice_extrap",66.4977844734668,0.236857954192132
"species_contemp_ice_extrap",66.6221850885748,0.237864676877698
"species_contemp_ice_extrap",66.7465857036828,0.238872358930531
"species_contemp_ice_extrap",66.8709863187908,0.239885735852298
"species_contemp_ice_extrap",66.9953869338988,0.240900071614522
"species_contemp_ice_extrap",67.1197875490068,0.241920080147271
"species_contemp_ice_extrap",67.2441881641148,0.242941021848133
"species_contemp_ice_extrap",67.3685887792228,0.243967647651399
"species_contemp_ice_extrap",67.4929893943309,0.244995205800044
"species_contemp_ice_extrap",67.6173900094389,0.246028455389458
"species_contemp_ice_extrap",67.7417906245469,0.247062612017458
"species_contemp_ice_extrap",67.8661912396549,0.24810247767449
"species_contemp_ice_extrap",67.9905918547629,0.249143249251453
"species_contemp_ice_extrap",68.1149924698709,0.250189727889568
"species_contemp_ice_extrap",68.2393930849789,0.251237087506369
"species_contemp_ice_extrap",68.363793700087,0.252290162848911
"species_contemp_ice_extrap",68.488194315195,0.253344116535644
"species_contemp_ice_extrap",68.612594930303,0.254403768992422
"species_contemp_ice_extrap",68.736995545411,0.255464276437619
"species_contemp_ice_extrap",68.861396160519,0.25653053596833
"species_contemp_ice_extrap",68.985796775627,0.257597646406747
"species_contemp_ice_extrap",69.110197390735,0.258670482686145
"species_contemp_ice_extrap",69.234598005843,0.259744146865618
"species_contemp_ice_extrap",69.358998620951,0.26082354719706
"species_contemp_ice_extrap",69.4833992360591,0.261903771138979
"species_contemp_ice_extrap",69.6077998511671,0.262989726991932
"species_contemp_ice_extrap",69.7322004662751,0.264076483795875
"species_contemp_ice_extrap",69.8566010813831,0.265168975196804
"species_contemp_ice_extrap",69.9810016964911,0.266262261934759
"species_contemp_ice_extrap",70.1054023115991,0.267361275682984
"species_contemp_ice_extrap",70.2298029267072,0.268461062474298
"species_contemp_ice_extrap",70.3542035418152,0.269566585078963
"species_contemp_ice_extrap",70.4786041569232,0.270672874956089
"species_contemp_ice_extrap",70.6030047720312,0.271784860347305
"species_contemp_ice_extrap",70.7274053871392,0.272897592145854
"species_contemp_ice_extrap",70.8518060022472,0.274016078193656
"species_contemp_ice_extrap",70.9762066173552,0.27513530261239
"species_contemp_ice_extrap",71.1006072324632,0.276260242593467
"species_contemp_ice_extrap",71.2250078475712,0.277385901456931
"species_contemp_ice_extrap",71.3494084626793,0.278517275100294
"species_contemp_ice_extrap",71.4738090777873,0.279649359502607
"species_contemp_ice_extrap",71.5982096928953,0.280787144503317
"species_contemp_ice_extrap",71.7226103080033,0.281925617095837
"species_contemp_ice_extrap",71.8470109231113,0.283069785206716
"species_contemp_ice_extrap",71.9714115382193,0.284214638625898
"species_contemp_ice_extrap",72.0958121533273,0.28536517583191
"species_contemp_ice_extrap",72.2202127684353,0.286516372703
"species_contemp_ice_extrap",72.3446133835434,0.287673243349521
"species_contemp_ice_extrap",72.4690139986514,0.288830767333464
"species_contemp_ice_extrap",72.5934146137594,0.289993924891122
"species_contemp_ice_extrap",72.7178152288674,0.291157716313646
"species_contemp_ice_extrap",72.8422158439754,0.2923271854224
"species_contemp_ice_extrap",72.9666164590834,0.293497280081104
"species_contemp_ice_extrap",73.0910170741914,0.294672998735988
"species_contemp_ice_extrap",73.2154176892994,0.295849322038031
"species_contemp_ice_extrap",73.3398183044075,0.297031270034181
"species_contemp_ice_extrap",73.4642189195155,0.29821381607132
"species_contemp_ice_extrap",73.5886195346235,0.299401956939045
"species_contemp_ice_extrap",73.7130201497315,0.30059067194525
"species_contemp_ice_extrap",73.8374207648395,0.301784967315619
"species_contemp_ice_extrap",73.9618213799475,0.302979833496532
"species_contemp_ice_extrap",74.0862219950556,0.304180260183468
"species_contemp_ice_extrap",74.2106226101636,0.305381232696348
"species_contemp_ice_extrap",74.3350232252716,0.306587741158496
"species_contemp_ice_extrap",74.4594238403796,0.307794790270649
"species_contemp_ice_extrap",74.5838244554876,0.309007318890926
"species_contemp_ice_extrap",74.7082250705956,0.310220367011872
"species_contemp_ice_extrap",74.8326256857036,0.31143894485318
"species_contemp_ice_extrap",74.9570263008116,0.312658033740984
"species_contemp_ice_extrap",75.0814269159196,0.313882584927828
"species_contemp_ice_extrap",75.2058275310277,0.315107628068719
"species_contemp_ice_extrap",75.3302281461357,0.316338109249897
"species_contemp_ice_extrap",75.4546287612437,0.317569073896136
"species_contemp_ice_extrap",75.5790293763517,0.318805451844829
"species_contemp_ice_extrap",75.7034299914597,0.320042293188488
"species_contemp_ice_extrap",75.8278306065677,0.321284513257142
"species_contemp_ice_extrap",75.9522312216757,0.322527189627192
"species_contemp_ice_extrap",76.0766318367838,0.323775213207886
"species_contemp_ice_extrap",76.2010324518918,0.325023670820889
"species_contemp_ice_extrap",76.3254330669998,0.326277450406056
"species_contemp_ice_extrap",76.4498336821078,0.327531659546727
"species_contemp_ice_extrap",76.5742342972158,0.328791118034054
"species_contemp_ice_extrap",76.6986349123238,0.330050983178296
"species_contemp_ice_extrap",76.8230355274318,0.331316127522533
"species_contemp_ice_extrap",76.9474361425398,0.332581672581832
"species_contemp_ice_extrap",77.0718367576479,0.333852431151651
"species_contemp_ice_extrap",77.1962373727559,0.335123569560015
"species_contemp_ice_extrap",77.3206379878639,0.336399885906386
"species_contemp_ice_extrap",77.4450386029719,0.337676576010193
"species_contemp_ice_extrap",77.5694392180799,0.338958394413328
"species_contemp_ice_extrap",77.6938398331879,0.340240567545386
"species_contemp_ice_extrap",77.8182404482959,0.34152783985705
"species_contemp_ice_extrap",77.9426410634039,0.342815457291747
"species_contemp_ice_extrap",78.067041678512,0.344108122506406
"species_contemp_ice_extrap",78.19144229362,0.345401115593958
"species_contemp_ice_extrap",78.315842908728,0.346699120246974
"species_contemp_ice_extrap",78.440243523836,0.347997444318712
"species_contemp_ice_extrap",78.564644138944,0.349300693231507
"species_contemp_ice_extrap",78.689044754052,0.350604243857453
"species_contemp_ice_extrap",78.81344536916,0.351912748640253
"species_contemp_ice_extrap",78.937845984268,0.353221546716846
"species_contemp_ice_extrap",79.0622465993761,0.354535211564416
"species_contemp_ice_extrap",79.1866472144841,0.355849152661677
"species_contemp_ice_extrap",79.3110478295921,0.357167915305094
"species_contemp_ice_extrap",79.4354484447001,0.358486945813659
"species_contemp_ice_extrap",79.5598490598081,0.359810740479148
"species_contemp_ice_extrap",79.6842496749161,0.361134785753953
"species_contemp_ice_extrap",79.8086502900241,0.362463546090018
"species_contemp_ice_extrap",79.9330509051321,0.363792549558871
"species_contemp_ice_extrap",80.0574515202402,0.365126218123184
"species_contemp_ice_extrap",80.1818521353482,0.366460114099127
"species_contemp_ice_extrap",80.3062527504562,0.367798619457856
"species_contemp_ice_extrap",80.4306533655642,0.36913734237578
"species_contemp_ice_extrap",80.5550539806722,0.370480575579335
"species_contemp_ice_extrap",80.6794545957802,0.37182401208597
"species_contemp_ice_extrap",80.8038552108882,0.373171979760993
"species_contemp_ice_extrap",80.9282558259963,0.374520141794677
"species_contemp_ice_extrap",81.0526564411043,0.375872732974429
"species_contemp_ice_extrap",81.1770570562123,0.377225504184255
"species_contemp_ice_extrap",81.3014576713203,0.378582656738304
"species_contemp_ice_extrap",81.4258582864283,0.379939980517266
"species_contemp_ice_extrap",81.5502589015363,0.381301607340987
"species_contemp_ice_extrap",81.6746595166443,0.382663391162628
"species_contemp_ice_extrap",81.7990601317523,0.384029423007713
"species_contemp_ice_extrap",81.9234607468604,0.385395604339379
"species_contemp_ice_extrap",82.0478613619684,0.386765967092506
"species_contemp_ice_extrap",82.1722619770764,0.388136465311261
"species_contemp_ice_extrap",82.2966625921844,0.389511078954912
"species_contemp_ice_extrap",82.4210632072924,0.390885819572357
"species_contemp_ice_extrap",82.5454638224004,0.39226457146871
"species_contemp_ice_extrap",82.6698644375084,0.393643438133938
"species_contemp_ice_extrap",82.7942650526165,0.395026321064615
"species_contemp_ice_extrap",82.9186656677245,0.396409310832208
"species_contemp_ice_extrap",83.0430662828325,0.397796207202514
"species_contemp_ice_extrap",83.1674668979405,0.39918319770888
"species_contemp_ice_extrap",83.2918675130485,0.400574024825854
"species_contemp_ice_extrap",83.4162681281565,0.401964938637174
"species_contemp_ice_extrap",83.5406687432645,0.403359608258706
"species_contemp_ice_extrap",83.6650693583725,0.404754352813711
"species_contemp_ice_extrap",83.7894699734805,0.406152797789215
"species_contemp_ice_extrap",83.9138705885886,0.407551310572657
"species_contemp_ice_extrap",84.0382712036966,0.408953424418774
"species_contemp_ice_extrap",84.1626718188046,0.410355594970581
"species_contemp_ice_extrap",84.2870724339126,0.411761308444259
"species_contemp_ice_extrap",84.4114730490206,0.413167071251542
"species_contemp_ice_extrap",84.5358736641286,0.414576246616613
"species_contemp_ice_extrap",84.6602742792366,0.415985461434387
"species_contemp_ice_extrap",84.7846748943446,0.417398099304368
"species_contemp_ice_extrap",84.9090755094527,0.418810769147679
"species_contemp_ice_extrap",85.0334761245607,0.420226727544317
"species_contemp_ice_extrap",85.1578767396687,0.42164270922276
"species_contemp_ice_extrap",85.2822773547767,0.423061909523187
"species_contemp_ice_extrap",85.4066779698847,0.424481125550724
"species_contemp_ice_extrap",85.5310785849927,0.425903466609328
"species_contemp_ice_extrap",85.6554792001007,0.4273258155014
"species_contemp_ice_extrap",85.7798798152088,0.428751219223547
"species_contemp_ice_extrap",85.9042804303168,0.43017662993986
"species_contemp_ice_extrap",86.0286810454248,0.431604976253062
"species_contemp_ice_extrap",86.1530816605328,0.433033336122986
"species_contemp_ice_extrap",86.2774822756408,0.434464555933482
"species_contemp_ice_extrap",86.4018828907488,0.435895795250438
"species_contemp_ice_extrap",86.5262835058568,0.43732973041444
"species_contemp_ice_extrap",86.6506841209648,0.438763692042061
"species_contemp_ice_extrap",86.7750847360729,0.440200345574616
"species_contemp_ice_extrap",86.8994853511809,0.441637030783735
"species_contemp_ice_extrap",87.0238859662889,0.443076247556102
"species_contemp_ice_extrap",87.1482865813969,0.444515502445671
"species_contemp_ice_extrap",87.2726871965049,0.445957199011349
"species_contemp_ice_extrap",87.3970878116129,0.447398938208041
"species_contemp_ice_extrap",87.521488426721,0.44884300713941
"species_contemp_ice_extrap",87.645889041829,0.450287125139585
"species_contemp_ice_extrap",87.770289656937,0.451733488968015
"species_contemp_ice_extrap",87.894690272045,0.453179905578337
"species_contemp_ice_extrap",88.019090887153,0.454628441975049
"species_contemp_ice_extrap",88.143491502261,0.456077035000302
"species_contemp_ice_extrap",88.267892117369,0.457527648493421
"species_contemp_ice_extrap",88.392292732477,0.458978324704731
"species_contemp_ice_extrap",88.516693347585,0.460430887161679
"species_contemp_ice_extrap",88.641093962693,0.461883513517
"species_contemp_ice_extrap",88.7654945778011,0.463337980042815
"species_contemp_ice_extrap",88.8898951929091,0.464792517177615
"species_contemp_ice_extrap",89.0142958080171,0.466248768615229
"species_contemp_ice_extrap",89.1386964231251,0.467705090797583
"species_contemp_ice_extrap",89.2630970382331,0.469163007746227
"species_contemp_ice_extrap",89.3874976533411,0.470621001561229
"species_contemp_ice_extrap",89.5118982684491,0.472080503589446
"species_contemp_ice_extrap",89.6362988835572,0.473540080986354
"species_contemp_ice_extrap",89.7606994986652,0.47500103377481
"species_contemp_ice_extrap",89.8851001137732,0.476462068433683
"species_contemp_ice_extrap",90.0095007288812,0.477924397528792
"species_contemp_ice_extrap",90.1339013439892,0.4793868070954
"species_contemp_ice_extrap",90.2583019590972,0.480850384173104
"species_contemp_ice_extrap",90.3827025742052,0.482314045554724
"species_contemp_ice_extrap",90.5071031893133,0.483778751388327
"species_contemp_ice_extrap",90.6315038044213,0.485243540434562
"species_contemp_ice_extrap",90.7559044195293,0.48670931229993
"species_contemp_ice_extrap",90.8803050346373,0.488175171555642
"species_contemp_ice_extrap",91.0047056497453,0.489641905144647
"species_contemp_ice_extrap",91.1291062648533,0.491108722671035
"species_contemp_ice_extrap",91.2535068799613,0.49257627773869
"species_contemp_ice_extrap",91.3779074950693,0.494043920573297
"species_contemp_ice_extrap",91.5023081101774,0.495512204732403
"species_contemp_ice_extrap",91.6267087252854,0.496980572993768
"species_contemp_ice_extrap",91.7511093403934,0.498449487739997
"species_contemp_ice_extrap",91.8755099555014,0.499918490972236
"species_contemp_ice_extrap",91.9999105706094,0.501387920093936
"species_contemp_ice_extrap",92.1243111857174,0.502857431327136
"species_contemp_ice_extrap",92.2487118008254,0.504327261384006
"species_contemp_ice_extrap",92.3731124159334,0.505797177657611
"species_contemp_ice_extrap",92.4975130310415,0.50726728051707
"species_contemp_ice_extrap",92.6219136461495,0.508737462104698
"species_contemp_ice_extrap",92.7463142612575,0.510207789891553
"species_contemp_ice_extrap",92.8707148763655,0.511678201240065
"species_contemp_ice_extrap",92.9951154914735,0.513148619878679
"species_contemp_ice_extrap",93.1195161065815,0.514619114552721
"species_contemp_ice_extrap",93.2439167216895,0.51608951360043
"species_contemp_ice_extrap",93.3683173367976,0.517559990148613
"species_contemp_ice_extrap",93.4927179519056,0.519030256339185
"species_contemp_ice_extrap",93.6171185670136,0.52050059142476
"species_contemp_ice_extrap",93.7415191821216,0.521970620275995
"species_contemp_ice_extrap",93.8659197972296,0.523440722472765
"species_contemp_ice_extrap",93.9903204123376,0.524910412691581
"species_contemp_ice_extrap",94.1147210274456,0.526380164313987
"species_contemp_ice_extrap",94.2391216425536,0.527849387541512
"species_contemp_ice_extrap",94.3635222576617,0.529318676414273
"species_contemp_ice_extrap",94.4879228727697,0.530787313476032
"species_contemp_ice_extrap",94.6123234878777,0.532256004307863
"species_contemp_ice_extrap",94.7367241029857,0.53372400434843
"species_contemp_ice_extrap",94.8611247180937,0.535192059656081
"species_contemp_ice_extrap",94.9855253332017,0.536659297505701
"species_contemp_ice_extrap",95.1099259483097,0.538126580238562
"species_contemp_ice_extrap",95.2343265634177,0.539592924610353
"species_contemp_ice_extrap",95.3587271785258,0.541059315049069
"species_contemp_ice_extrap",95.4831277936338,0.542524673555831
"species_contemp_ice_extrap",95.6075284087418,0.543990064026242
"species_contemp_ice_extrap",95.7319290238498,0.54545432024744
"species_contemp_ice_extrap",95.8563296389578,0.546918610657552
"species_contemp_ice_extrap",95.9807302540658,0.548381678183858
"species_contemp_ice_extrap",96.1051308691738,0.549844764681745
"species_contemp_ice_extrap",96.2295314842818,0.551306509211229
"species_contemp_ice_extrap",96.3539320993899,0.552768276153213
"species_contemp_ice_extrap",96.4783327144979,0.554228578511401
"species_contemp_ice_extrap",96.6027333296059,0.555688886985513
"species_contemp_ice_extrap",96.7271339447139,0.557147693336745
"species_contemp_ice_extrap",96.8515345598219,0.558606505943159
"species_contemp_ice_extrap",96.9759351749299,0.560063711979308
"species_contemp_ice_extrap",97.100335790038,0.5615209084238
"species_contemp_ice_extrap",97.224736405146,0.562976356018485
"species_contemp_ice_extrap",97.349137020254,0.564431793812629
"species_contemp_ice_extrap",97.473537635362,0.56588542932167
"species_contemp_ice_extrap",97.59793825047,0.567339038138904
"species_contemp_ice_extrap",97.722338865578,0.568790724297548
"species_contemp_ice_extrap",97.846739480686,0.570242383207355
"species_contemp_ice_extrap",97.971140095794,0.571692036569098
"species_contemp_ice_extrap",98.095540710902,0.573141644746312
"species_contemp_ice_extrap",98.21994132601,0.574589134006863
"species_contemp_ice_extrap",98.3443419411181,0.576036580723078
"species_contemp_ice_extrap",98.4687425562261,0.577481810549821
"species_contemp_ice_extrap",98.5931431713341,0.578926975306745
"species_contemp_ice_extrap",98.7175437864421,0.580369882905918
"species_contemp_ice_extrap",98.8419444015501,0.581812724181958
"species_contemp_ice_extrap",98.9663450166581,0.583253187364038
"species_contemp_ice_extrap",99.0907456317662,0.584693567952684
"species_contemp_ice_extrap",99.2151462468742,0.586131476309821
"species_contemp_ice_extrap",99.3395468619822,0.587569296717822
"species_contemp_ice_extrap",99.4639474770902,0.589004569748932
"species_contemp_ice_extrap",99.5883480921982,0.590439737655434
"species_contemp_ice_extrap",99.7127487073062,0.591872250051506
"species_contemp_ice_extrap",99.8371493224142,0.593304651479867
"species_contemp_ice_extrap",99.9615499375222,0.594734325720048
"species_contemp_ice_extrap",100.08595055263,0.596163870911875
"species_contemp_ice_extrap",100.210351167738,0.597590593608084
"species_contemp_ice_extrap",100.334751782846,0.599017180925436
"species_contemp_ice_extrap",100.459152397954,0.600440838794032
"species_contemp_ice_extrap",100.583553013062,0.601864346469976
"species_contemp_ice_extrap",100.70795362817,0.603284909604196
"species_contemp_ice_extrap",100.832354243278,0.604705311555842
"species_contemp_ice_extrap",100.956754858386,0.606122636834908
"species_contemp_ice_extrap",101.081155473494,0.607539781040417
"species_contemp_ice_extrap",101.205556088602,0.608953772957641
"species_contemp_ice_extrap",101.32995670371,0.610367585257813
"species_contemp_ice_extrap",101.454357318818,0.61177819020383
"species_contemp_ice_extrap",101.578757933926,0.613188581524299
"species_contemp_ice_extrap",101.703158549034,0.614595650243796
"species_contemp_ice_extrap",101.827559164142,0.616002511035897
"species_contemp_ice_extrap",101.95195977925,0.617405983993858
"species_contemp_ice_extrap",102.076360394358,0.618809222872565
"species_contemp_ice_extrap",102.200761009466,0.620209010487951
"species_contemp_ice_extrap",102.325161624574,0.621608555813612
"species_contemp_ice_extrap",102.449562239682,0.62300452692139
"species_contemp_ice_extrap",102.573962854791,0.624400233202575
"species_contemp_ice_extrap",102.698363469899,0.62579237574256
"species_contemp_ice_extrap",102.822764085007,0.627184249556754
"species_contemp_ice_extrap",102.947164700115,0.628572426438264
"species_contemp_ice_extrap",103.071565315223,0.629960306353267
"species_contemp_ice_extrap",103.195965930331,0.63134445183712
"species_contemp_ice_extrap",103.320366545439,0.632728301045058
"species_contemp_ice_extrap",103.444767160547,0.634108313838172
"species_contemp_ice_extrap",103.569167775655,0.635343237575469
"species_contemp_ice_extrap",103.693568390763,0.636545722504657
"species_contemp_ice_extrap",103.817969005871,0.637674760818481
"species_contemp_ice_extrap",103.942369620979,0.638786625862122
"species_contemp_ice_extrap",104.066770236087,0.639898490905762
"species_contemp_ice_extrap",104.191170851195,0.640268218517303
"species_contemp_ice_extrap",104.315571466303,0.640637946128845
"species_contemp_ice_extrap",104.439972081411,0.640637946128845
"species_contemp_ice_extrap",104.564372696519,0.640637946128845
"species_contemp_ice_extrap",104.688773311627,0.640637946128845
"species_contemp_ice_extrap",104.813173926735,0.640637946128845
"species_contemp_ice_extrap",104.937574541843,0.640637946128845
"species_contemp_ice_extrap",105.061975156951,0.640637946128845
"species_contemp_ice_extrap",105.186375772059,0.640637946128845
"species_contemp_ice_extrap",105.310776387167,0.640637946128845
"species_contemp_ice_extrap",105.435177002275,0.640637946128845
"species_contemp_ice_extrap",105.559577617383,0.640637946128845
"species_contemp_ice_extrap",105.683978232491,0.640637946128845
"species_contemp_ice_extrap",105.808378847599,0.640637946128845
"species_contemp_ice_extrap",105.932779462707,0.640637946128845
"species_contemp_ice_extrap",106.057180077815,0.640637946128845
"species_contemp_ice_extrap",106.181580692923,0.640637946128845
"species_contemp_ice_extrap",106.305981308031,0.640637946128845
"species_contemp_ice_extrap",106.430381923139,0.640637946128845
"species_contemp_ice_extrap",106.554782538247,0.640637946128845
"species_contemp_ice_extrap",106.679183153355,0.640637946128845
"species_contemp_ice_extrap",106.803583768463,0.640637946128845
"species_contemp_ice_extrap",106.927984383571,0.640637946128845
"species_contemp_ice_extrap",107.052384998679,0.640637946128845
"species_contemp_ice_extrap",107.176785613787,0.640637946128845
"species_contemp_ice_extrap",107.301186228895,0.640637946128845
"species_contemp_ice_extrap",107.425586844003,0.640637946128845
"species_contemp_ice_extrap",107.549987459111,0.640637946128845
"species_contemp_ice_extrap",107.674388074219,0.640637946128845
"species_contemp_ice_extrap",107.798788689327,0.640637946128845
"species_contemp_ice_extrap",107.923189304435,0.640637946128845
"species_contemp_ice_extrap",108.047589919543,0.640637946128845
"species_contemp_ice_extrap",108.171990534651,0.640637946128845
"species_contemp_ice_extrap",108.296391149759,0.640637946128845
"species_contemp_ice_extrap",108.420791764867,0.640637946128845
"species_contemp_ice_extrap",108.545192379975,0.640637946128845
"species_contemp_ice_extrap",108.669592995083,0.640637946128845
"species_contemp_ice_extrap",108.793993610191,0.640637946128845
"species_contemp_ice_extrap",108.918394225299,0.640637946128845
"species_contemp_ice_extrap",109.042794840407,0.640637946128845
"species_contemp_ice_extrap",109.167195455515,0.640637946128845
"species_contemp_ice_extrap",109.291596070623,0.640637946128845
"species_contemp_ice_extrap",109.415996685731,0.640637946128845
"species_contemp_ice_extrap",109.540397300839,0.640637946128845
"species_contemp_ice_extrap",109.664797915947,0.640637946128845
"species_contemp_ice_extrap",109.789198531055,0.640637946128845
"species_contemp_ice_extrap",109.913599146163,0.640637946128845
"species_contemp_ice_extrap",110.037999761271,0.640637946128845
"species_contemp_ice_extrap",110.162400376379,0.640637946128845
"species_contemp_ice_extrap",110.286800991487,0.640637946128845
"species_contemp_ice_extrap",110.411201606595,0.640637946128845
"species_contemp_ice_extrap",110.535602221703,0.640637946128845
"species_contemp_ice_extrap",110.660002836811,0.640637946128845
"species_contemp_ice_extrap",110.784403451919,0.640637946128845
"species_contemp_ice_extrap",110.908804067027,0.640637946128845
"species_contemp_ice_extrap",111.033204682135,0.640637946128845
"species_contemp_ice_extrap",111.157605297243,0.640637946128845
"species_contemp_ice_extrap",111.282005912351,0.640637946128845
"species_contemp_ice_extrap",111.406406527459,0.640637946128845
"species_contemp_ice_extrap",111.530807142567,0.640637946128845
"species_contemp_ice_extrap",111.655207757675,0.640637946128845
"species_contemp_ice_extrap",111.779608372783,0.640637946128845
"species_contemp_ice_extrap",111.904008987891,0.640637946128845
"species_contemp_ice_extrap",112.028409602999,0.640637946128845
"species_contemp_ice_extrap",112.152810218108,0.640637946128845
"species_contemp_ice_extrap",112.277210833216,0.640637946128845
"species_contemp_ice_extrap",112.401611448324,0.640637946128845
"species_contemp_ice_extrap",112.526012063432,0.640637946128845
"species_contemp_ice_extrap",112.65041267854,0.640637946128845
"species_contemp_ice_extrap",112.774813293648,0.640637946128845
"species_contemp_ice_extrap",112.899213908756,0.640637946128845
"species_contemp_ice_extrap",113.023614523864,0.640637946128845
"species_contemp_ice_extrap",113.148015138972,0.640637946128845
"species_contemp_ice_extrap",113.27241575408,0.640637946128845
"species_contemp_ice_extrap",113.396816369188,0.640637946128845
"species_contemp_ice_extrap",113.521216984296,0.640637946128845
"species_contemp_ice_extrap",113.645617599404,0.640637946128845
"species_contemp_ice_extrap",113.770018214512,0.640637946128845
"species_contemp_ice_extrap",113.89441882962,0.640637946128845
"species_contemp_ice_extrap",114.018819444728,0.640637946128845
"species_contemp_ice_extrap",114.143220059836,0.640637946128845
"species_contemp_ice_extrap",114.267620674944,0.640637946128845
"species_contemp_ice_extrap",114.392021290052,0.640637946128845
"species_contemp_ice_extrap",114.51642190516,0.640637946128845
"species_fetch_only",-7213.11907348633,0.884565055370331
"species_fetch_only",-7118.93390949707,0.884565055370331
"species_fetch_only",-7024.74874550781,0.884565055370331
"species_fetch_only",-6930.56358151856,0.884565055370331
"species_fetch_only",-6836.3784175293,0.884565055370331
"species_fetch_only",-6742.19325354004,0.884565055370331
"species_fetch_only",-6648.00808955078,0.884565055370331
"species_fetch_only",-6553.82292556152,0.884565055370331
"species_fetch_only",-6459.63776157227,0.884565055370331
"species_fetch_only",-6365.45259758301,0.884565055370331
"species_fetch_only",-6271.26743359375,0.884565055370331
"species_fetch_only",-6177.08226960449,0.884565055370331
"species_fetch_only",-6082.89710561523,0.884565055370331
"species_fetch_only",-5988.71194162598,0.884565055370331
"species_fetch_only",-5894.52677763672,0.884565055370331
"species_fetch_only",-5800.34161364746,0.884565055370331
"species_fetch_only",-5706.1564496582,0.884565055370331
"species_fetch_only",-5611.97128566895,0.884565055370331
"species_fetch_only",-5517.78612167969,0.884565055370331
"species_fetch_only",-5423.60095769043,0.884565055370331
"species_fetch_only",-5329.41579370117,0.884565055370331
"species_fetch_only",-5235.23062971191,0.884565055370331
"species_fetch_only",-5141.04546572266,0.884565055370331
"species_fetch_only",-5046.8603017334,0.884565055370331
"species_fetch_only",-4952.67513774414,0.884565055370331
"species_fetch_only",-4858.48997375488,0.884565055370331
"species_fetch_only",-4764.30480976562,0.884565055370331
"species_fetch_only",-4670.11964577637,0.884565055370331
"species_fetch_only",-4575.93448178711,0.884565055370331
"species_fetch_only",-4481.74931779785,0.884565055370331
"species_fetch_only",-4387.56415380859,0.884565055370331
"species_fetch_only",-4293.37898981934,0.884565055370331
"species_fetch_only",-4199.19382583008,0.884565055370331
"species_fetch_only",-4105.00866184082,0.884565055370331
"species_fetch_only",-4010.82349785156,0.884565055370331
"species_fetch_only",-3916.6383338623,0.884565055370331
"species_fetch_only",-3822.45316987305,0.884565055370331
"species_fetch_only",-3728.26800588379,0.884565055370331
"species_fetch_only",-3634.08284189453,0.884565055370331
"species_fetch_only",-3539.89767790527,0.884565055370331
"species_fetch_only",-3445.71251391602,0.884565055370331
"species_fetch_only",-3351.52734992676,0.884565055370331
"species_fetch_only",-3257.3421859375,0.884565055370331
"species_fetch_only",-3163.15702194824,0.884565055370331
"species_fetch_only",-3068.97185795898,0.884565055370331
"species_fetch_only",-2974.78669396973,0.884565055370331
"species_fetch_only",-2880.60152998047,0.884565055370331
"species_fetch_only",-2786.41636599121,0.884565055370331
"species_fetch_only",-2692.23120200195,0.884565055370331
"species_fetch_only",-2598.0460380127,0.884565055370331
"species_fetch_only",-2503.86087402344,0.884565055370331
"species_fetch_only",-2409.67571003418,0.884565055370331
"species_fetch_only",-2315.49054604492,0.884565055370331
"species_fetch_only",-2221.30538205566,0.884565055370331
"species_fetch_only",-2127.12021806641,0.884565055370331
"species_fetch_only",-2032.93505407715,0.884565055370331
"species_fetch_only",-1938.74989008789,0.884565055370331
"species_fetch_only",-1844.56472609863,0.884565055370331
"species_fetch_only",-1750.37956210938,0.884565055370331
"species_fetch_only",-1656.19439812012,0.884565055370331
"species_fetch_only",-1562.00923413086,0.884565055370331
"species_fetch_only",-1467.8240701416,0.884565055370331
"species_fetch_only",-1373.63890615234,0.884565055370331
"species_fetch_only",-1279.45374216309,0.884565055370331
"species_fetch_only",-1185.26857817383,0.884565055370331
"species_fetch_only",-1091.08341418457,0.884565055370331
"species_fetch_only",-996.898250195311,0.884565055370331
"species_fetch_only",-902.713086206055,0.884565055370331
"species_fetch_only",-808.527922216796,0.884565055370331
"species_fetch_only",-714.342758227539,0.884565055370331
"species_fetch_only",-620.157594238281,0.884565055370331
"species_fetch_only",-525.972430249023,0.884565055370331
"species_fetch_only",-431.787266259766,0.884565055370331
"species_fetch_only",-337.602102270507,0.884565055370331
"species_fetch_only",-243.41693828125,0.884565055370331
"species_fetch_only",-149.231774291991,0.884565055370331
"species_fetch_only",-55.0466103027338,0.884565055370331
"species_fetch_only",39.1385536865246,0.884565055370331
"species_fetch_only",133.323717675781,0.884565055370331
"species_fetch_only",227.50888166504,0.884565055370331
"species_fetch_only",321.694045654297,0.884565055370331
"species_fetch_only",415.879209643555,0.884565055370331
"species_fetch_only",510.064373632814,0.884565055370331
"species_fetch_only",604.24953762207,0.89246820807457
"species_fetch_only",698.434701611329,0.900371360778809
"species_fetch_only",792.619865600586,0.909185683727264
"species_fetch_only",886.805029589845,0.91800000667572
"species_fetch_only",980.990193579102,0.916426891088486
"species_fetch_only",1075.17535756836,0.914853775501251
"species_fetch_only",1169.36052155762,0.912821584939957
"species_fetch_only",1263.54568554688,0.910789394378662
"species_fetch_only",1357.73084953613,0.908669495582581
"species_fetch_only",1451.91601352539,0.906549596786499
"species_fetch_only",1546.10117751465,0.90433914065361
"species_fetch_only",1640.28634150391,0.902128684520722
"species_fetch_only",1734.47150549317,0.899824887514114
"species_fetch_only",1828.65666948242,0.897521090507507
"species_fetch_only",1922.84183347168,0.895128691196442
"species_fetch_only",2017.02699746094,0.892736291885376
"species_fetch_only",2111.2121614502,0.890249693393707
"species_fetch_only",2205.39732543946,0.887763094902039
"species_fetch_only",2299.58248942871,0.885175728797913
"species_fetch_only",2393.76765341797,0.882588362693787
"species_fetch_only",2487.95281740723,0.879897600412369
"species_fetch_only",2582.13798139648,0.877206838130951
"species_fetch_only",2676.32314538574,0.874410116672516
"species_fetch_only",2770.508309375,0.871613395214081
"species_fetch_only",2864.69347336426,0.868708235025406
"species_fetch_only",2958.87863735352,0.865803074836731
"species_fetch_only",3053.06380134277,0.86278709769249
"species_fetch_only",3147.24896533203,0.859771120548248
"species_fetch_only",3241.43412932129,0.856642079353332
"species_fetch_only",3335.61929331055,0.853513038158417
"species_fetch_only",3429.80445729981,0.850268852710724
"species_fetch_only",3523.98962128906,0.847024667263031
"species_fetch_only",3618.17478527832,0.843663370609283
"species_fetch_only",3712.35994926758,0.840302073955536
"species_fetch_only",3806.54511325684,0.836821937561035
"species_fetch_only",3900.7302772461,0.833341801166534
"species_fetch_only",3994.91544123535,0.829741287231445
"species_fetch_only",4089.10060522461,0.826140773296356
"species_fetch_only",4183.28576921387,0.822418546676636
"species_fetch_only",4277.47093320313,0.818696320056915
"species_fetch_only",4371.65609719238,0.814851319789886
"species_fetch_only",4465.84126118164,0.811006319522858
"species_fetch_only",4560.0264251709,0.807037776708603
"species_fetch_only",4654.21158916016,0.803069233894348
"species_fetch_only",4748.39675314942,0.798976624011993
"species_fetch_only",4842.58191713867,0.794884014129639
"species_fetch_only",4936.76708112793,0.790667170286179
"species_fetch_only",5030.95224511719,0.786450326442719
"species_fetch_only",5125.13740910645,0.7821093916893
"species_fetch_only",5219.32257309571,0.777768456935883
"species_fetch_only",5313.50773708496,0.773303949832916
"species_fetch_only",5407.69290107422,0.76883944272995
"species_fetch_only",5501.87806506348,0.764252245426178
"species_fetch_only",5596.06322905274,0.759665048122406
"species_fetch_only",5690.248393042,0.754956406354904
"species_fetch_only",5784.43355703125,0.750247764587402
"species_fetch_only",5878.61872102051,0.745419365167618
"species_fetch_only",5972.80388500977,0.740590965747833
"species_fetch_only",6066.98904899902,0.735644870996475
"species_fetch_only",6161.17421298828,0.730698776245117
"species_fetch_only",6255.35937697754,0.725637519359589
"species_fetch_only",6349.5445409668,0.72057626247406
"species_fetch_only",6443.72970495606,0.715402752161026
"species_fetch_only",6537.91486894531,0.710229241847992
"species_fetch_only",6632.10003293457,0.70494686961174
"species_fetch_only",6726.28519692383,0.699664497375488
"species_fetch_only",6820.47036091309,0.694277024269104
"species_fetch_only",6914.65552490235,0.68888955116272
"species_fetch_only",7008.8406888916,0.683401250839234
"species_fetch_only",7103.02585288086,0.677912950515747
"species_fetch_only",7197.21101687012,0.672328442335129
"species_fetch_only",7291.39618085938,0.66674393415451
"species_fetch_only",7385.58134484864,0.661068266630173
"species_fetch_only",7479.76650883789,0.655392599105835
"species_fetch_only",7573.95167282715,0.649631243944168
"species_fetch_only",7668.13683681641,0.643869888782501
"species_fetch_only",7762.32200080567,0.638028651475906
"species_fetch_only",7856.50716479492,0.632187414169312
"species_fetch_only",7950.69232878418,0.626272517442703
"species_fetch_only",8044.87749277344,0.620357620716095
"species_fetch_only",8139.0626567627,0.614375525712967
"species_fetch_only",8233.24782075196,0.608393430709839
"species_fetch_only",8327.43298474121,0.602350997924805
"species_fetch_only",8421.61814873047,0.59630856513977
"species_fetch_only",8515.80331271973,0.590212845802307
"species_fetch_only",8609.98847670899,0.584117126464844
"species_fetch_only",8704.17364069824,0.577975443005562
"species_fetch_only",8798.3588046875,0.57183375954628
"species_fetch_only",8892.54396867676,0.565653610229492
"species_fetch_only",8986.72913266602,0.559473460912704
"species_fetch_only",9080.91429665528,0.553262558579445
"species_fetch_only",9175.09946064453,0.547051656246185
"species_fetch_only",9269.28462463379,0.540817776322365
"species_fetch_only",9363.46978862305,0.534583896398544
"species_fetch_only",9457.65495261231,0.528334927558899
"species_fetch_only",9551.84011660156,0.522085958719254
"species_fetch_only",9646.02528059082,0.515829798579216
"species_fetch_only",9740.21044458008,0.509573638439178
"species_fetch_only",9834.39560856934,0.50331816971302
"species_fetch_only",9928.5807725586,0.497062700986862
"species_fetch_only",10022.7659365479,0.490815857052803
"species_fetch_only",10116.9511005371,0.484569013118744
"species_fetch_only",10211.1362645264,0.478338566422462
"species_fetch_only",10305.3214285156,0.472108119726181
"species_fetch_only",10399.5065925049,0.465986609458923
"species_fetch_only",10493.6917564941,0.459865099191666
"species_fetch_only",10587.8769204834,0.453858804702759
"species_fetch_only",10682.0620844727,0.447852510213852
"species_fetch_only",10776.2472484619,0.441893139481545
"species_fetch_only",10870.4324124512,0.435933768749237
"species_fetch_only",10964.6175764404,0.430059778690338
"species_fetch_only",11058.8027404297,0.424185788631439
"species_fetch_only",11152.987904419,0.418585351109505
"species_fetch_only",11247.1730684082,0.41298491358757
"species_fetch_only",11341.3582323975,0.407455709576607
"species_fetch_only",11435.5433963867,0.401926505565643
"species_fetch_only",11529.728560376,0.39649994969368
"species_fetch_only",11623.9137243652,0.391073393821716
"species_fetch_only",11718.0988883545,0.3857376486063
"species_fetch_only",11812.2840523438,0.380401903390884
"species_fetch_only",11906.469216333,0.375251117348671
"species_fetch_only",12000.6543803223,0.370100331306458
"species_fetch_only",12094.8395443115,0.365210944414139
"species_fetch_only",12189.0247083008,0.36032155752182
"species_fetch_only",12283.20987229,0.355885598063469
"species_fetch_only",12377.3950362793,0.351449638605118
"species_fetch_only",12471.5802002686,0.34751401245594
"species_fetch_only",12565.7653642578,0.343578386306763
"species_fetch_only",12659.9505282471,0.33975125849247
"species_fetch_only",12754.1356922363,0.335924130678177
"species_fetch_only",12848.3208562256,0.332298830151558
"species_fetch_only",12942.5060202148,0.328673529624939
"species_fetch_only",13036.6911842041,0.325443038344383
"species_fetch_only",13130.8763481934,0.322212547063828
"species_fetch_only",13225.0615121826,0.319322463870049
"species_fetch_only",13319.2466761719,0.31643238067627
"species_fetch_only",13413.4318401611,0.313669392466545
"species_fetch_only",13507.6170041504,0.310906404256821
"species_fetch_only",13601.8021681397,0.308431959152222
"species_fetch_only",13695.9873321289,0.305957514047623
"species_fetch_only",13790.1724961182,0.303915965557098
"species_fetch_only",13884.3576601074,0.301874417066574
"species_fetch_only",13978.5428240967,0.299905443191528
"species_fetch_only",14072.7279880859,0.297936469316483
"species_fetch_only",14166.9131520752,0.296044412255287
"species_fetch_only",14261.0983160645,0.294152355194092
"species_fetch_only",14355.2834800537,0.292274311184883
"species_fetch_only",14449.468644043,0.290396267175674
"species_fetch_only",14543.6538080322,0.288532361388206
"species_fetch_only",14637.8389720215,0.286668455600739
"species_fetch_only",14732.0241360107,0.284818848967552
"species_fetch_only",14826.2093,0.282969242334366
"species_fetch_only",14920.3944639893,0.281134051084518
"species_fetch_only",15014.5796279785,0.279298859834671
"species_fetch_only",15108.7647919678,0.277478244900703
"species_fetch_only",15202.949955957,0.275657629966736
"species_fetch_only",15297.1351199463,0.273851700127125
"species_fetch_only",15391.3202839355,0.272045770287514
"species_fetch_only",15485.5054479248,0.270254646241665
"species_fetch_only",15579.6906119141,0.268463522195816
"species_fetch_only",15673.8757759033,0.266687315702438
"species_fetch_only",15768.0609398926,0.264911109209061
"species_fetch_only",15862.2461038818,0.26314991414547
"species_fetch_only",15956.4312678711,0.261388719081879
"species_fetch_only",16050.6164318604,0.259642651677132
"species_fetch_only",16144.8015958496,0.257896584272385
"species_fetch_only",16238.9867598389,0.256165730953216
"species_fetch_only",16333.1719238281,0.254434877634048
"species_fetch_only",16427.3570878174,0.252719308435917
"species_fetch_only",16521.5422518066,0.251003739237785
"species_fetch_only",16615.7274157959,0.249303559958935
"species_fetch_only",16709.9125797852,0.247603380680084
"species_fetch_only",16804.0977437744,0.245918627083302
"species_fetch_only",16898.2829077637,0.244233873486519
"species_fetch_only",16992.4680717529,0.242564654350281
"species_fetch_only",17086.6532357422,0.240895435214043
"species_fetch_only",17180.8383997315,0.23924176543951
"species_fetch_only",17275.0235637207,0.237588095664978
"species_fetch_only",17369.20872771,0.235950051248074
"species_fetch_only",17463.3938916992,0.234312006831169
"species_fetch_only",17557.5790556885,0.232689648866653
"species_fetch_only",17651.7642196777,0.231067290902138
"species_fetch_only",17745.949383667,0.229460629820824
"species_fetch_only",17840.1345476562,0.22785396873951
"species_fetch_only",17934.3197116455,0.226263070106506
"species_fetch_only",18028.5048756348,0.224672171473503
"species_fetch_only",18122.690039624,0.223097032308578
"species_fetch_only",18216.8752036133,0.221521893143654
"species_fetch_only",18311.0603676025,0.219962556660175
"species_fetch_only",18405.2455315918,0.218403220176697
"species_fetch_only",18499.4306955811,0.216859714686871
"species_fetch_only",18593.6158595703,0.215316209197044
"species_fetch_only",18687.8010235596,0.213788521289825
"species_fetch_only",18781.9861875488,0.212260833382607
"species_fetch_only",18876.1713515381,0.21074898391962
"species_fetch_only",18970.3565155273,0.209237134456635
"species_fetch_only",19064.5416795166,0.207741138339043
"species_fetch_only",19158.7268435059,0.206245142221451
"species_fetch_only",19252.9120074951,0.204764966666698
"species_fetch_only",19347.0971714844,0.203284791111946
"species_fetch_only",19441.2823354736,0.201820459961891
"species_fetch_only",19535.4674994629,0.200356128811836
"species_fetch_only",19629.6526634522,0.198907598853111
"species_fetch_only",19723.8378274414,0.197459068894386
"species_fetch_only",19818.0229914307,0.196026332676411
"species_fetch_only",19912.2081554199,0.194593596458435
"species_fetch_only",20006.3933194092,0.193176648020744
"species_fetch_only",20100.5784833984,0.191759699583054
"species_fetch_only",20194.7636473877,0.190358480811119
"species_fetch_only",20288.948811377,0.188957262039185
"species_fetch_only",20383.1339753662,0.18757177144289
"species_fetch_only",20477.3191393555,0.186186280846596
"species_fetch_only",20571.5043033447,0.184816452860832
"species_fetch_only",20665.689467334,0.183446624875069
"species_fetch_only",20759.8746313232,0.182092432677746
"species_fetch_only",20854.0597953125,0.180738240480423
"species_fetch_only",20948.2449593018,0.179399651288986
"species_fetch_only",21042.430123291,0.178061062097549
"species_fetch_only",21136.6152872803,0.176738001406193
"species_fetch_only",21230.8004512695,0.175414940714836
"species_fetch_only",21324.9856152588,0.174107378721237
"species_fetch_only",21419.170779248,0.172799816727638
"species_fetch_only",21513.3559432373,0.171507675945759
"species_fetch_only",21607.5411072266,0.170215535163879
"species_fetch_only",21701.7262712158,0.168938760459423
"species_fetch_only",21795.9114352051,0.167661985754967
"species_fetch_only",21890.0965991943,0.166400533914566
"species_fetch_only",21984.2817631836,0.165139082074165
"species_fetch_only",22078.4669271729,0.16389285326004
"species_fetch_only",22172.6520911621,0.162646624445915
"species_fetch_only",22266.8372551514,0.161415573209524
"species_fetch_only",22361.0224191406,0.160184521973133
"species_fetch_only",22455.2075831299,0.158968553692102
"species_fetch_only",22549.3927471191,0.157752585411072
"species_fetch_only",22643.5779111084,0.15655163154006
"species_fetch_only",22737.7630750977,0.155350677669048
"species_fetch_only",22831.9482390869,0.15416467115283
"species_fetch_only",22926.1334030762,0.152978664636612
"species_fetch_only",23020.3185670654,0.151807498931885
"species_fetch_only",23114.5037310547,0.150636333227158
"species_fetch_only",23208.688895044,0.149479928612709
"species_fetch_only",23302.8740590332,0.14832352399826
"species_fetch_only",23397.0592230225,0.147181811183691
"species_fetch_only",23491.2443870117,0.146040098369122
"species_fetch_only",23585.429551001,0.144912958145142
"species_fetch_only",23679.6147149902,0.143785817921162
"species_fetch_only",23773.7998789795,0.142673178762197
"species_fetch_only",23867.9850429688,0.141560539603233
"species_fetch_only",23962.170206958,0.14046228453517
"species_fetch_only",24056.3553709473,0.139364029467106
"species_fetch_only",24150.5405349365,0.13828007131815
"species_fetch_only",24244.7256989258,0.137196113169193
"species_fetch_only",24338.910862915,0.136126361042261
"species_fetch_only",24433.0960269043,0.135056608915329
"species_fetch_only",24527.2811908936,0.134000939875841
"species_fetch_only",24621.4663548828,0.132945270836353
"species_fetch_only",24715.6515188721,0.131903599947691
"species_fetch_only",24809.8366828613,0.130861929059029
"species_fetch_only",24904.0218468506,0.129834131896496
"species_fetch_only",24998.2070108398,0.128806334733963
"species_fetch_only",25092.3921748291,0.127792309969664
"species_fetch_only",25186.5773388184,0.126778285205364
"species_fetch_only",25280.7625028076,0.125777936726809
"species_fetch_only",25374.9476667969,0.124777588248253
"species_fetch_only",25469.1328307861,0.123790781199932
"species_fetch_only",25563.3179947754,0.122803974151611
"species_fetch_only",25657.5031587647,0.121830617636442
"species_fetch_only",25751.6883227539,0.120857261121273
"species_fetch_only",25845.8734867432,0.119897221773863
"species_fetch_only",25940.0586507324,0.118937182426453
"species_fetch_only",26034.2438147217,0.117990351468325
"species_fetch_only",26128.4289787109,0.117043520510197
"species_fetch_only",26222.6141427002,0.116109795123339
"species_fetch_only",26316.7993066895,0.115176069736481
"species_fetch_only",26410.9844706787,0.11425531283021
"species_fetch_only",26505.169634668,0.113334555923939
"species_fetch_only",26599.3547986572,0.112426666170359
"species_fetch_only",26693.5399626465,0.111518776416779
"species_fetch_only",26787.7251266357,0.110623616725206
"species_fetch_only",26881.910290625,0.109728457033634
"species_fetch_only",26976.0954546143,0.108845913410187
"species_fetch_only",27070.2806186035,0.107963369786739
"species_fetch_only",27164.4657825928,0.10709332972765
"species_fetch_only",27258.650946582,0.10622328966856
"species_fetch_only",27352.8361105713,0.105365621298552
"species_fetch_only",27447.0212745606,0.104507952928543
"species_fetch_only",27541.2064385498,0.103662533313036
"species_fetch_only",27635.3916025391,0.102817113697529
"species_fetch_only",27729.5767665283,0.101983834058046
"species_fetch_only",27823.7619305176,0.101150554418564
"species_fetch_only",27917.9470945068,0.100329271703959
"species_fetch_only",28012.1322584961,0.0995079889893532
"species_fetch_only",28106.3174224854,0.0986985966563225
"species_fetch_only",28200.5025864746,0.0978892043232918
"species_fetch_only",28294.6877504639,0.0970915615558624
"species_fetch_only",28388.8729144531,0.0962939187884331
"species_fetch_only",28483.0580784424,0.0955079086124897
"species_fetch_only",28577.2432424317,0.0947218984365463
"species_fetch_only",28671.4284064209,0.0939474053680897
"species_fetch_only",28765.6135704102,0.093172912299633
"species_fetch_only",28859.7987343994,0.0924097955226898
"species_fetch_only",28953.9838983887,0.0916466787457466
"species_fetch_only",29048.1690623779,0.0908948287367821
"species_fetch_only",29142.3542263672,0.0901429787278175
"species_fetch_only",29236.5393903565,0.0894022546708583
"species_fetch_only",29330.7245543457,0.0886615306138992
"species_fetch_only",29424.909718335,0.087931814417243
"species_fetch_only",29519.0948823242,0.0872020982205868
"species_fetch_only",29613.2800463135,0.0864832729101181
"species_fetch_only",29707.4652103027,0.0857644475996494
"species_fetch_only",29801.650374292,0.0850563745945692
"species_fetch_only",29895.8355382813,0.084348301589489
"species_fetch_only",29990.0207022705,0.0836508695036173
"species_fetch_only",30084.2058662598,0.0829534374177456
"species_fetch_only",30178.391030249,0.0822665099054574
"species_fetch_only",30272.5761942383,0.0815795823931694
"species_fetch_only",30366.7613582275,0.0809030395001173
"species_fetch_only",30460.9465222168,0.0802264966070652
"species_fetch_only",30555.1316862061,0.0795602224767209
"species_fetch_only",30649.3168501953,0.0788939483463764
"species_fetch_only",30743.5020141846,0.0782378066331148
"species_fetch_only",30837.6871781738,0.0775816649198532
"species_fetch_only",30931.8723421631,0.0769355453550816
"species_fetch_only",31026.0575061523,0.0762894257903099
"species_fetch_only",31120.2426701416,0.0756531924009323
"species_fetch_only",31214.4278341309,0.0750169590115547
"species_fetch_only",31308.6129981201,0.07439049705863
"species_fetch_only",31402.7981621094,0.0737640351057053
"species_fetch_only",31496.9833260986,0.0731472287327052
"species_fetch_only",31591.1684900879,0.072530422359705
"species_fetch_only",31685.3536540772,0.0719231378287077
"species_fetch_only",31779.5388180664,0.0713158532977104
"species_fetch_only",31873.7239820557,0.0707179829478264
"species_fetch_only",31967.9091460449,0.0701201125979423
"species_fetch_only",32062.0943100342,0.0695315241813659
"species_fetch_only",32156.2794740234,0.0689429357647896
"species_fetch_only",32250.4646380127,0.0683635160326958
"species_fetch_only",32344.649802002,0.067784096300602
"species_fetch_only",32438.8349659912,0.0672137331217528
"species_fetch_only",32533.0201299805,0.0666433699429035
"species_fetch_only",32627.2052939697,0.0660819336771965
"species_fetch_only",32721.390457959,0.0655204974114895
"species_fetch_only",32815.5756219483,0.0649678759276867
"species_fetch_only",32909.7607859375,0.0644152544438839
"species_fetch_only",33003.9459499268,0.0638713330030441
"species_fetch_only",33098.131113916,0.0633274115622044
"species_fetch_only",33192.3162779053,0.0627920839935541
"species_fetch_only",33286.5014418945,0.0622567564249039
"species_fetch_only",33380.6866058838,0.0617298867553473
"species_fetch_only",33474.8717698731,0.0612030170857906
"species_fetch_only",33569.0569338623,0.0606845021247864
"species_fetch_only",33663.2420978516,0.0601659871637821
"species_fetch_only",33757.4272618408,0.0596557147800922
"species_fetch_only",33851.6124258301,0.0591454423964024
"species_fetch_only",33945.7975898193,0.0586432997137308
"species_fetch_only",34039.9827538086,0.0581411570310593
"species_fetch_only",34134.1679177979,0.0576470427215099
"species_fetch_only",34228.3530817871,0.0571529284119606
"species_fetch_only",34322.5382457764,0.0566667120903731
"species_fetch_only",34416.7234097656,0.0561804957687855
"species_fetch_only",34510.9085737549,0.0557020775973797
"species_fetch_only",34605.0937377441,0.0552236594259739
"species_fetch_only",34699.2789017334,0.0547529309988022
"species_fetch_only",34793.4640657227,0.0542822025716305
"species_fetch_only",34887.6492297119,0.0538190569728613
"species_fetch_only",34981.8343937012,0.0533559113740921
"species_fetch_only",35076.0195576904,0.0529002502560616
"species_fetch_only",35170.2047216797,0.052444589138031
"species_fetch_only",35264.389885669,0.0519962888211012
"species_fetch_only",35358.5750496582,0.0515479885041714
"species_fetch_only",35452.7602136475,0.0511069536209106
"species_fetch_only",35546.9453776367,0.0506659187376499
"species_fetch_only",35641.130541626,0.0502320453524589
"species_fetch_only",35735.3157056152,0.049798171967268
"species_fetch_only",35829.5008696045,0.0493713565170765
"species_fetch_only",35923.6860335938,0.048944541066885
"species_fetch_only",36017.871197583,0.0485246915370226
"species_fetch_only",36112.0563615723,0.0481048420071602
"species_fetch_only",36206.2415255615,0.0476918401196599
"species_fetch_only",36300.4266895508,0.0472788382321596
"species_fetch_only",36394.61185354,0.0468725929036736
"species_fetch_only",36488.7970175293,0.0464663475751877
"species_fetch_only",36582.9821815186,0.0460667597129941
"species_fetch_only",36677.1673455078,0.0456671718508005
"species_fetch_only",36771.3525094971,0.0452741449698806
"species_fetch_only",36865.5376734863,0.0448811180889606
"species_fetch_only",36959.7228374756,0.0444945618510246
"species_fetch_only",37053.9080014648,0.0441080056130886
"species_fetch_only",37148.0931654541,0.0437278090044856
"species_fetch_only",37242.2783294434,0.0433476123958826
"species_fetch_only",37336.4634934326,0.0429736901074648
"species_fetch_only",37430.6486574219,0.042599767819047
"species_fetch_only",37524.8338214111,0.0422320254147053
"species_fetch_only",37619.0189854004,0.0418642830103636
"species_fetch_only",37713.2041493896,0.041502627171576
"species_fetch_only",37807.3893133789,0.0411409713327885
"species_fetch_only",37901.5744773682,0.0407853193581104
"species_fetch_only",37995.7596413574,0.0404296673834324
"species_fetch_only",38089.9448053467,0.0400799134746194
"species_fetch_only",38184.129969336,0.0397301595658064
"species_fetch_only",38278.3151333252,0.0393863923847675
"species_fetch_only",38372.5002973145,0.0390426252037287
"species_fetch_only",38466.6854613037,0.0387085171416402
"species_fetch_only",38560.870625293,0.0383744090795517
"species_fetch_only",38655.0557892822,0.0380472842603922
"species_fetch_only",38749.2409532715,0.0377201594412327
"species_fetch_only",38843.4261172608,0.0373984206467867
"species_fetch_only",38937.61128125,0.0370766818523407
"species_fetch_only",39031.7964452393,0.036760233156383
"species_fetch_only",39125.9816092285,0.0364437844604254
"species_fetch_only",39220.1667732178,0.0361325541511178
"species_fetch_only",39314.351937207,0.0358213238418102
"species_fetch_only",39408.5371011963,0.0355152316391468
"species_fetch_only",39502.7222651855,0.0352091394364834
"species_fetch_only",39596.9074291748,0.0349081065505743
"species_fetch_only",39691.0925931641,0.0346070736646652
"species_fetch_only",39785.2777571533,0.0343110227957368
"species_fetch_only",39879.4629211426,0.0340149719268084
"species_fetch_only",39973.6480851318,0.033723833411932
"species_fetch_only",40067.8332491211,0.0334326948970556
"species_fetch_only",40162.0184131104,0.0331463797017932
"species_fetch_only",40256.2035770996,0.0328600645065308
"species_fetch_only",40350.3887410889,0.0325785059481859
"species_fetch_only",40444.5739050781,0.0322969473898411
"species_fetch_only",40538.7590690674,0.0320200704038143
"species_fetch_only",40632.9442330567,0.0317431934177876
"species_fetch_only",40727.1293970459,0.0314723154529929
"species_fetch_only",40821.3145610352,0.0312014374881983
"species_fetch_only",40915.4997250244,0.0309400802478194
"species_fetch_only",41009.6848890137,0.0306787230074406
"species_fetch_only",41103.8700530029,0.0304221380501986
"species_fetch_only",41198.0552169922,0.0301655530929565
"species_fetch_only",41292.2403809815,0.0299131717532873
"species_fetch_only",41386.4255449707,0.0296607904136181
"species_fetch_only",41480.61070896,0.0294129360467196
"species_fetch_only",41574.7958729492,0.029165081679821
"species_fetch_only",41668.9810369385,0.0289217792451382
"species_fetch_only",41763.1662009277,0.0286784768104553
"species_fetch_only",41857.351364917,0.0284391939640045
"species_fetch_only",41951.5365289063,0.0281999111175537
"species_fetch_only",42045.7216928955,0.0279647056013346
"species_fetch_only",42139.9068568848,0.0277295000851154
"species_fetch_only",42234.092020874,0.027498778514564
"species_fetch_only",42328.2771848633,0.0272680569440126
"species_fetch_only",42422.4623488525,0.0270417906343937
"species_fetch_only",42516.6475128418,0.0268155243247747
"species_fetch_only",42610.8326768311,0.0265938092023134
"species_fetch_only",42705.0178408203,0.0263720940798521
"species_fetch_only",42799.2030048096,0.0261542499065399
"species_fetch_only",42893.3881687988,0.0259364057332277
"species_fetch_only",42987.5733327881,0.025724112521857
"species_fetch_only",43081.7584967774,0.0255118193104863
"species_fetch_only",43175.9436607666,0.025307875405997
"species_fetch_only",43270.1288247559,0.0251039315015078
"species_fetch_only",43364.3139887451,0.024907193146646
"species_fetch_only",43458.4991527344,0.0247104547917843
"species_fetch_only",43552.6843167236,0.0245195550844073
"species_fetch_only",43646.8694807129,0.0243286553770304
"species_fetch_only",43741.0546447022,0.0241407209075987
"species_fetch_only",43835.2398086914,0.0239527864381671
"species_fetch_only",43929.4249726807,0.0237692340277135
"species_fetch_only",44023.6101366699,0.02358568161726
"species_fetch_only",44117.7953006592,0.0234062257222831
"species_fetch_only",44211.9804646484,0.0232267698273063
"species_fetch_only",44306.1656286377,0.0230514736846089
"species_fetch_only",44400.350792627,0.0228761775419116
"species_fetch_only",44494.5359566162,0.0227041407488287
"species_fetch_only",44588.7211206055,0.0225321039557457
"species_fetch_only",44682.9062845947,0.0223627331666648
"species_fetch_only",44777.091448584,0.022193362377584
"species_fetch_only",44871.2766125733,0.0220266100950539
"species_fetch_only",44965.4617765625,0.0218598578125238
"species_fetch_only",45059.6469405518,0.0216956886462867
"species_fetch_only",45153.832104541,0.0215315194800496
"species_fetch_only",45248.0172685303,0.0213698940351605
"species_fetch_only",45342.2024325195,0.0212082685902715
"species_fetch_only",45436.3875965088,0.0210491482168436
"species_fetch_only",45530.5727604981,0.0208900278434157
"species_fetch_only",45624.7579244873,0.0207333781756461
"species_fetch_only",45718.9430884766,0.0205767285078764
"species_fetch_only",45813.1282524658,0.0204225053079426
"species_fetch_only",45907.3134164551,0.0202682821080089
"species_fetch_only",46001.4985804443,0.0201164522208273
"species_fetch_only",46095.6837444336,0.0199646223336458
"species_fetch_only",46189.8689084229,0.0198151489719748
"species_fetch_only",46284.0540724121,0.0196656756103039
"species_fetch_only",46378.2392364014,0.0195185231044889
"species_fetch_only",46472.4244003906,0.0193713705986738
"species_fetch_only",46566.6095643799,0.0192265062592924
"species_fetch_only",46660.7947283691,0.0190816419199109
"species_fetch_only",46754.9798923584,0.018939024861902
"species_fetch_only",46849.1650563477,0.0187964078038931
"species_fetch_only",46943.3502203369,0.0186560067348182
"species_fetch_only",47037.5353843262,0.0185156056657434
"species_fetch_only",47131.7205483154,0.0183773867785931
"species_fetch_only",47225.9057123047,0.0182391678914428
"species_fetch_only",47320.090876294,0.0181030975654721
"species_fetch_only",47414.2760402832,0.0179670272395015
"species_fetch_only",47508.4612042725,0.0178330752067268
"species_fetch_only",47602.6463682617,0.0176991231739521
"species_fetch_only",47696.831532251,0.0175672514364123
"species_fetch_only",47791.0166962402,0.0174353796988726
"species_fetch_only",47885.2018602295,0.0173055594787002
"species_fetch_only",47979.3870242188,0.0171757392585278
"species_fetch_only",48073.572188208,0.0170479381456971
"species_fetch_only",48167.7573521973,0.0169201370328665
"species_fetch_only",48261.9425161865,0.0167943241074681
"species_fetch_only",48356.1276801758,0.0166685111820698
"species_fetch_only",48450.312844165,0.0165446585044265
"species_fetch_only",48544.4980081543,0.0164208058267832
"species_fetch_only",48638.6831721436,0.0162988782860339
"species_fetch_only",48732.8683361328,0.0161769507452846
"species_fetch_only",48827.0535001221,0.016056920401752
"species_fetch_only",48921.2386641113,0.0159368900582194
"species_fetch_only",49015.4238281006,0.015818727761507
"species_fetch_only",49109.6089920899,0.0157005654647946
"species_fetch_only",49203.7941560791,0.0155842428095639
"species_fetch_only",49297.9793200684,0.0154679201543331
"species_fetch_only",49392.1644840576,0.0153534081764519
"species_fetch_only",49486.3496480469,0.0152388961985707
"species_fetch_only",49580.5348120362,0.0151261691004038
"species_fetch_only",49674.7199760254,0.0150134420022368
"species_fetch_only",49768.9051400147,0.0149024674668908
"species_fetch_only",49863.0903040039,0.0147914929315448
"species_fetch_only",49957.2754679932,0.0146822456270456
"species_fetch_only",50051.4606319824,0.0145729983225465
"species_fetch_only",50145.6457959717,0.0144654519855976
"species_fetch_only",50239.830959961,0.0143579056486487
"species_fetch_only",50334.0161239502,0.01425203345716
"species_fetch_only",50428.2012879395,0.0141461612656713
"species_fetch_only",50522.3864519287,0.0140419393777847
"species_fetch_only",50616.571615918,0.0139377174898982
"species_fetch_only",50710.7567799072,0.013835115544498
"species_fetch_only",50804.9419438965,0.0137325135990977
"species_fetch_only",50899.1271078858,0.0136315089650452
"species_fetch_only",50993.312271875,0.0135305043309927
"species_fetch_only",51087.4974358643,0.0134310718625784
"species_fetch_only",51181.6825998535,0.0133316393941641
"species_fetch_only",51275.8677638428,0.0132337542250752
"species_fetch_only",51370.052927832,0.0131358690559864
"species_fetch_only",51464.2380918213,0.0130395090207457
"species_fetch_only",51558.4232558106,0.0129431489855051
"species_fetch_only",51652.6084197998,0.0128552489914
"species_fetch_only",51746.7935837891,0.0127673489972949
"species_fetch_only",51840.9787477783,0.0126845192164183
"species_fetch_only",51935.1639117676,0.0126016894355416
"species_fetch_only",52029.3490757568,0.0125222617760301
"species_fetch_only",52123.5342397461,0.0124428341165185
"species_fetch_only",52217.7194037354,0.0123678046278656
"species_fetch_only",52311.9045677246,0.0122927751392126
"species_fetch_only",52406.0897317139,0.0122278333641589
"species_fetch_only",52500.2748957031,0.0121628915891051
"species_fetch_only",52594.4600596924,0.01210529031232
"species_fetch_only",52688.6452236817,0.0120476890355349
"species_fetch_only",52782.8303876709,0.0119917398318648
"species_fetch_only",52877.0155516602,0.0119357906281948
"species_fetch_only",52971.2007156494,0.011881519947201
"species_fetch_only",53065.3858796387,0.0118272492662072
"species_fetch_only",53159.5710436279,0.0117780246771872
"species_fetch_only",53253.7562076172,0.0117288000881672
"species_fetch_only",53347.9413716065,0.0116880823858082
"species_fetch_only",53442.1265355957,0.0116473646834493
"species_fetch_only",53536.311699585,0.0116131012327969
"species_fetch_only",53630.4968635742,0.0115788377821445
"species_fetch_only",53724.6820275635,0.011550999712199
"species_fetch_only",53818.8671915527,0.0115231616422534
"species_fetch_only",53913.052355542,0.0115096537396312
"species_fetch_only",54007.2375195313,0.011496145837009
"species_fetch_only",54101.4226835205,0.0114833015017211
"species_fetch_only",54195.6078475098,0.0114704571664333
"species_fetch_only",54289.793011499,0.0114577297121286
"species_fetch_only",54383.9781754883,0.0114450022578239
"species_fetch_only",54478.1633394775,0.0114323903806508
"species_fetch_only",54572.3485034668,0.0114197785034776
"species_fetch_only",54666.5336674561,0.0114072822034359
"species_fetch_only",54760.7188314453,0.0113947859033942
"species_fetch_only",54854.9039954346,0.0113824049942195
"species_fetch_only",54949.0891594238,0.0113700240850449
"species_fetch_only",55043.2743234131,0.0113577580079436
"species_fetch_only",55137.4594874024,0.0113454919308424
"species_fetch_only",55231.6446513916,0.0113333405926824
"species_fetch_only",55325.8298153809,0.0113211892545223
"species_fetch_only",55420.0149793701,0.0113091515377164
"species_fetch_only",55514.2001433594,0.0112971138209105
"species_fetch_only",55608.3853073486,0.0112851899117231
"species_fetch_only",55702.5704713379,0.0112732660025358
"species_fetch_only",55796.7556353272,0.0112614555284381
"species_fetch_only",55890.9407993164,0.0112496450543404
"species_fetch_only",55985.1259633057,0.0112379475496709
"species_fetch_only",56079.3111272949,0.0112262500450015
"species_fetch_only",56173.4962912842,0.0112146653234959
"species_fetch_only",56267.6814552734,0.0112030806019902
"species_fetch_only",56361.8666192627,0.0111916080117226
"species_fetch_only",56456.051783252,0.0111801354214549
"species_fetch_only",56550.2369472412,0.0111687746830285
"species_fetch_only",56644.4221112305,0.011157413944602
"species_fetch_only",56738.6072752197,0.01114616477862
"species_fetch_only",56832.792439209,0.011134915612638
"species_fetch_only",56926.9776031983,0.0111237774603069
"species_fetch_only",57021.1627671875,0.0111126393079758
"species_fetch_only",57115.3479311768,0.0111016124486923
"species_fetch_only",57209.533095166,0.0110905855894089
"species_fetch_only",57303.7182591553,0.011079668905586
"species_fetch_only",57397.9034231445,0.0110687522217631
"species_fetch_only",57492.0885871338,0.0110579456202686
"species_fetch_only",57586.2737511231,0.011047139018774
"species_fetch_only",57680.4589151123,0.0110364424064755
"species_fetch_only",57774.6440791016,0.0110257457941771
"species_fetch_only",57868.8292430908,0.0110151584260166
"species_fetch_only",57963.0144070801,0.0110045710578561
"species_fetch_only",58057.1995710694,0.0109940932132304
"species_fetch_only",58151.3847350586,0.0109836153686047
"species_fetch_only",58245.5698990479,0.0109732461161911
"species_fetch_only",58339.7550630371,0.0109628768637776
"species_fetch_only",58433.9402270264,0.0109526161104441
"species_fetch_only",58528.1253910156,0.0109423553571105
"species_fetch_only",58622.3105550049,0.0109322025906295
"species_fetch_only",58716.4957189942,0.0109220498241484
"species_fetch_only",58810.6808829834,0.0109120049513876
"species_fetch_only",58904.8660469727,0.0109019600786269
"species_fetch_only",58999.0512109619,0.0108920228201896
"species_fetch_only",59093.2363749512,0.0108820855617523
"species_fetch_only",59187.4215389404,0.0108722556382418
"species_fetch_only",59281.6067029297,0.0108624257147312
"species_fetch_only",59375.791866919,0.0108527025207877
"species_fetch_only",59469.9770309082,0.0108429793268442
"species_fetch_only",59564.1621948975,0.0108333626296371
"species_fetch_only",59658.3473588867,0.01082374593243
"species_fetch_only",59752.532522876,0.0108142355456948
"species_fetch_only",59846.7176868652,0.0108047251589596
"species_fetch_only",59940.9028508545,0.0107953206636012
"species_fetch_only",60035.0880148438,0.0107859161682427
"species_fetch_only",60129.273178833,0.0107766177039593
"species_fetch_only",60223.4583428223,0.010767319239676
"species_fetch_only",60317.6435068115,0.0107581255957484
"species_fetch_only",60411.8286708008,0.0107489319518209
"species_fetch_only",60506.0138347901,0.0107398436870426
"species_fetch_only",60600.1989987793,0.0107307554222643
"species_fetch_only",60694.3841627686,0.0107217717450112
"species_fetch_only",60788.5693267578,0.0107127880677581
"species_fetch_only",60882.7544907471,0.010703908931464
"species_fetch_only",60976.9396547363,0.0106950297951698
"species_fetch_only",61071.1248187256,0.0106862548273057
"species_fetch_only",61165.3099827148,0.0106774798594415
"species_fetch_only",61259.4951467041,0.0106688087340444
"species_fetch_only",61353.6803106934,0.0106601376086473
"species_fetch_only",61447.8654746826,0.0106515700463206
"species_fetch_only",61542.0506386719,0.0106430024839938
"species_fetch_only",61636.2358026611,0.010634538391605
"species_fetch_only",61730.4209666504,0.0106260742992163
"species_fetch_only",61824.6061306397,0.0106177130248398
"species_fetch_only",61918.7912946289,0.0106093517504632
"species_fetch_only",62012.9764586182,0.0106010934803635
"species_fetch_only",62107.1616226074,0.0105928352102637
"species_fetch_only",62201.3467865967,0.0105846793856472
"species_fetch_only",62295.5319505859,0.0105765235610306
"species_fetch_only",62389.7171145752,0.0105684699490666
"species_fetch_only",62483.9022785645,0.0105604163371027
"species_fetch_only",62578.0874425537,0.0105524644255638
"species_fetch_only",62672.272606543,0.010544512514025
"species_fetch_only",62766.4577705322,0.0105366623960435
"species_fetch_only",62860.6429345215,0.0105288122780621
"species_fetch_only",62954.8280985108,0.0105210639070719
"species_fetch_only",63049.0132625,0.0105133155360818
"species_fetch_only",63143.1984264893,0.0105056680738926
"species_fetch_only",63237.3835904785,0.0104980206117034
"species_fetch_only",63331.5687544678,0.010490474011749
"species_fetch_only",63425.753918457,0.0104829274117947
"species_fetch_only",63519.9390824463,0.0104754813015461
"species_fetch_only",63614.1242464356,0.0104680351912975
"species_fetch_only",63708.3094104248,0.0104606897104532
"species_fetch_only",63802.4945744141,0.0104533442296088
"species_fetch_only",63896.6797384033,0.0104460991453379
"species_fetch_only",63990.8649023926,0.0104388540610671
"species_fetch_only",64085.0500663818,0.0104317084886134
"species_fetch_only",64179.2352303711,0.0104245629161596
"species_fetch_only",64273.4203943604,0.0104175171349198
"species_fetch_only",64367.6055583496,0.0104104713536799
"species_fetch_only",64461.7907223389,0.0104035248979926
"species_fetch_only",64555.9758863281,0.0103965784423053
"species_fetch_only",64650.1610503174,0.0103897309862077
"species_fetch_only",64744.3462143066,0.0103828835301101
"species_fetch_only",64838.5313782959,0.010376135352999
"species_fetch_only",64932.7165422852,0.0103693871758878
"species_fetch_only",65026.9017062744,0.0103627375327051
"species_fetch_only",65121.0868702637,0.0103560878895223
"species_fetch_only",65215.2720342529,0.0103495366871357
"species_fetch_only",65309.4571982422,0.0103429854847491
"species_fetch_only",65403.6423622315,0.0103365325368941
"species_fetch_only",65497.8275262207,0.0103300795890391
"species_fetch_only",65592.01269021,0.0103237247560173
"species_fetch_only",65686.1978541992,0.0103173699229956
"species_fetch_only",65780.3830181885,0.0103111125528812
"species_fetch_only",65874.5681821777,0.0103048551827669
"species_fetch_only",65968.753346167,0.0102986957877874
"species_fetch_only",66062.9385101563,0.010292536392808
"species_fetch_only",66157.1236741455,0.0102864739485085
"species_fetch_only",66251.3088381348,0.010280411504209
"species_fetch_only",66345.494002124,0.0102744463831186
"species_fetch_only",66439.6791661133,0.0102684812620282
"species_fetch_only",66533.8643301025,0.0102626130450517
"species_fetch_only",66628.0494940918,0.0102567448280752
"species_fetch_only",66722.2346580811,0.0102509730495512
"species_fetch_only",66816.4198220703,0.0102452012710273
"species_fetch_only",66910.6049860596,0.010239526303485
"species_fetch_only",67004.7901500488,0.0102338513359427
"species_fetch_only",67098.9753140381,0.0102282723411918
"species_fetch_only",67193.1604780273,0.0102226933464408
"species_fetch_only",67287.3456420166,0.0102172106038779
"species_fetch_only",67381.5308060059,0.010211727861315
"species_fetch_only",67475.7159699951,0.0102063411381096
"species_fetch_only",67569.9011339844,0.0102009544149041
"species_fetch_only",67664.0862979736,0.0101956628262997
"species_fetch_only",67758.2714619629,0.0101903712376952
"species_fetch_only",67852.4566259522,0.0101851755287498
"species_fetch_only",67946.6417899414,0.0101799798198044
"species_fetch_only",68040.8269539307,0.0101748791988939
"species_fetch_only",68135.0121179199,0.0101697785779834
"species_fetch_only",68229.1972819092,0.0101647729519755
"species_fetch_only",68323.3824458984,0.0101597673259675
"species_fetch_only",68417.5676098877,0.0101441083941609
"species_fetch_only",68511.752773877,0.0101284494623542
"species_fetch_only",68605.9379378662,0.0101088409777731
"species_fetch_only",68700.1231018555,0.010089232493192
"species_fetch_only",68794.3082658447,0.010069994488731
"species_fetch_only",68888.493429834,0.0100507564842701
"species_fetch_only",68982.6785938232,0.0100318823941052
"species_fetch_only",69076.8637578125,0.0100130083039403
"species_fetch_only",69171.0489218018,0.00994526967406273
"species_fetch_only",69265.234085791,0.00987753104418516
"species_fetch_only",69359.4192497803,0.00977914966642858
"species_fetch_only",69453.6044137695,0.00968076828867197
"species_fetch_only",69547.7895777588,0.00958478450775146
"species_fetch_only",69641.974741748,0.00948880072683096
"species_fetch_only",69736.1599057373,0.00939515875652432
"species_fetch_only",69830.3450697266,0.00930151678621769
"species_fetch_only",69924.5302337158,0.00921014654450119
"species_fetch_only",70018.7153977051,0.00911877630278468
"species_fetch_only",70112.9005616943,0.00902962516993285
"species_fetch_only",70207.0857256836,0.008940474037081
"species_fetch_only",70301.2708896729,0.00885347952134907
"species_fetch_only",70395.4560536621,0.00876648500561714
"species_fetch_only",70489.6412176514,0.00868158582597971
"species_fetch_only",70583.8263816406,0.00859668664634228
"species_fetch_only",70678.0115456299,0.00851383451372385
"species_fetch_only",70772.1967096191,0.00843098238110542
"species_fetch_only",70866.3818736084,0.00835011596791446
"species_fetch_only",70960.5670375977,0.0082692495547235
"species_fetch_only",71054.7522015869,0.00819032262079418
"species_fetch_only",71148.9373655762,0.00811139568686485
"species_fetch_only",71243.1225295654,0.00803435351699591
"species_fetch_only",71337.3076935547,0.00795731134712696
"species_fetch_only",71431.492857544,0.00788210066966712
"species_fetch_only",71525.6780215332,0.00780688999220729
"species_fetch_only",71619.8631855225,0.00773346843197941
"species_fetch_only",71714.0483495117,0.00766004687175155
"species_fetch_only",71808.233513501,0.00758836092427373
"species_fetch_only",71902.4186774902,0.00751667497679591
"species_fetch_only",71996.6038414795,0.0074466843623668
"species_fetch_only",72090.7890054687,0.00737669374793768
"species_fetch_only",72184.974169458,0.00730835059657692
"species_fetch_only",72279.1593334473,0.00724000744521618
"species_fetch_only",72373.3444974365,0.00717326537705958
"species_fetch_only",72467.5296614258,0.00710652330890298
"species_fetch_only",72561.714825415,0.00704134544357657
"species_fetch_only",72655.8999894043,0.00697616757825017
"species_fetch_only",72750.0851533936,0.00691250707022845
"species_fetch_only",72844.2703173828,0.00684884656220675
"species_fetch_only",72938.4554813721,0.00678666862659157
"species_fetch_only",73032.6406453613,0.00672449069097638
"species_fetch_only",73126.8258093506,0.00666375341825188
"species_fetch_only",73221.0109733399,0.00660301614552736
"species_fetch_only",73315.1961373291,0.00654367920942604
"species_fetch_only",73409.3813013184,0.00648434227332473
"species_fetch_only",73503.5664653076,0.00642637349665165
"species_fetch_only",73597.7516292969,0.00636840471997857
"species_fetch_only",73691.9367932861,0.00631176345050335
"species_fetch_only",73786.1219572754,0.00625512218102813
"species_fetch_only",73880.3071212646,0.00619977796450258
"species_fetch_only",73974.4922852539,0.00614443374797702
"species_fetch_only",74068.6774492432,0.00609035044908523
"species_fetch_only",74162.8626132324,0.00603626715019345
"species_fetch_only",74257.0477772217,0.00598340928554535
"species_fetch_only",74351.2329412109,0.00593055142089725
"species_fetch_only",74445.4181052002,0.00587889133021235
"species_fetch_only",74539.6032691895,0.00582723123952746
"species_fetch_only",74633.7884331787,0.00577673334628343
"species_fetch_only",74727.973597168,0.00572623545303941
"species_fetch_only",74822.1587611572,0.00567687349393965
"species_fetch_only",74916.3439251465,0.00562751153483987
"species_fetch_only",75010.5290891357,0.00557925389148295
"species_fetch_only",75104.714253125,0.00553099624812603
"species_fetch_only",75198.8994171143,0.00548381218686699
"species_fetch_only",75293.0845811035,0.00543662812560797
"species_fetch_only",75387.2697450928,0.0053904936183244
"species_fetch_only",75481.454909082,0.00534435911104083
"species_fetch_only",75575.6400730713,0.00529924314469099
"species_fetch_only",75669.8252370606,0.00525412717834115
"species_fetch_only",75764.0104010498,0.00521000707522035
"species_fetch_only",75858.1955650391,0.00516588697209954
"species_fetch_only",75952.3807290283,0.00512273521162569
"species_fetch_only",76046.5658930176,0.00507958345115185
"species_fetch_only",76140.7510570068,0.00503737316466868
"species_fetch_only",76234.9362209961,0.00499516287818551
"species_fetch_only",76329.1213849854,0.00495387348346412
"species_fetch_only",76423.3065489746,0.00491258408874273
"species_fetch_only",76517.4917129639,0.00487218834459781
"species_fetch_only",76611.6768769531,0.0048317926004529
"species_fetch_only",76705.8620409424,0.00479227094911039
"species_fetch_only",76800.0472049316,0.00475274929776788
"species_fetch_only",76894.2323689209,0.0047140778042376
"species_fetch_only",76988.4175329102,0.00467540631070733
"species_fetch_only",77082.6026968994,0.00463756155222654
"species_fetch_only",77176.7878608887,0.00459971679374576
"species_fetch_only",77270.9730248779,0.00456268107518554
"species_fetch_only",77365.1581888672,0.00452564535662532
"species_fetch_only",77459.3433528564,0.00448939478956163
"species_fetch_only",77553.5285168457,0.00445314422249794
"species_fetch_only",77647.713680835,0.00441766199655831
"species_fetch_only",77741.8988448242,0.00438217977061868
"species_fetch_only",77836.0840088135,0.0043474449776113
"species_fetch_only",77930.2691728027,0.00431271018460393
"species_fetch_only",78024.454336792,0.00427870259154588
"species_fetch_only",78118.6395007813,0.00424469499848783
"species_fetch_only",78212.8246647705,0.00421139900572598
"species_fetch_only",78307.0098287598,0.00417810301296413
"species_fetch_only",78401.194992749,0.00414549796842038
"species_fetch_only",78495.3801567383,0.00411289292387664
"species_fetch_only",78589.5653207275,0.0040809643920511
"species_fetch_only",78683.7504847168,0.00404903586022556
"species_fetch_only",78777.9356487061,0.0040177654242143
"species_fetch_only",78872.1208126953,0.00398649498820305
"species_fetch_only",78966.3059766846,0.00395586506929248
"species_fetch_only",79060.4911406738,0.00392523515038192
"species_fetch_only",79154.6763046631,0.00391516545787454
"species_fetch_only",79248.8614686524,0.00390509576536715
"species_fetch_only",79343.0466326416,0.00390509576536715
"species_fetch_only",79437.2317966309,0.00390509576536715
"species_fetch_only",79531.4169606201,0.00390509576536715
"species_fetch_only",79625.6021246094,0.00390509576536715
"species_fetch_only",79719.7872885986,0.00390509576536715
"species_fetch_only",79813.9724525879,0.00390509576536715
"species_fetch_only",79908.1576165772,0.00390509576536715
"species_fetch_only",80002.3427805664,0.00390509576536715
"species_fetch_only",80096.5279445557,0.00390509576536715
"species_fetch_only",80190.7131085449,0.00390509576536715
"species_fetch_only",80284.8982725342,0.00390509576536715
"species_fetch_only",80379.0834365234,0.00390509576536715
"species_fetch_only",80473.2686005127,0.00390509576536715
"species_fetch_only",80567.453764502,0.00390509576536715
"species_fetch_only",80661.6389284912,0.00390509576536715
"species_fetch_only",80755.8240924805,0.00390509576536715
"species_fetch_only",80850.0092564697,0.00390509576536715
"species_fetch_only",80944.194420459,0.00390509576536715
"species_fetch_only",81038.3795844482,0.00390509576536715
"species_fetch_only",81132.5647484375,0.00390509576536715
"species_fetch_only",81226.7499124268,0.00390509576536715
"species_fetch_only",81320.935076416,0.00390509576536715
"species_fetch_only",81415.1202404053,0.00390509576536715
"species_fetch_only",81509.3054043945,0.00390509576536715
"species_fetch_only",81603.4905683838,0.00390509576536715
"species_fetch_only",81697.675732373,0.00390509576536715
"species_fetch_only",81791.8608963623,0.00390509576536715
"species_fetch_only",81886.0460603516,0.00390509576536715
"species_fetch_only",81980.2312243408,0.00390509576536715
"species_fetch_only",82074.4163883301,0.00390509576536715
"species_fetch_only",82168.6015523193,0.00390509576536715
"species_fetch_only",82262.7867163086,0.00390509576536715
"species_fetch_only",82356.9718802979,0.00390509576536715
"species_fetch_only",82451.1570442871,0.00390509576536715
"species_fetch_only",82545.3422082764,0.00390509576536715
"species_fetch_only",82639.5273722656,0.00390509576536715
"species_fetch_only",82733.7125362549,0.00390509576536715
"species_fetch_only",82827.8977002442,0.00390509576536715
"species_fetch_only",82922.0828642334,0.00390509576536715
"species_fetch_only",83016.2680282227,0.00390509576536715
"species_fetch_only",83110.4531922119,0.00390509576536715
"species_fetch_only",83204.6383562012,0.00390509576536715
"species_fetch_only",83298.8235201904,0.00390509576536715
"species_fetch_only",83393.0086841797,0.00390509576536715
"species_fetch_only",83487.1938481689,0.00390509576536715
"species_fetch_only",83581.3790121582,0.00390509576536715
"species_fetch_only",83675.5641761475,0.00390509576536715
"species_fetch_only",83769.7493401367,0.00390509576536715
"species_fetch_only",83863.934504126,0.00390509576536715
"species_fetch_only",83958.1196681152,0.00390509576536715
"species_fetch_only",84052.3048321045,0.00390509576536715
"species_fetch_only",84146.4899960938,0.00390509576536715
"species_fetch_only",84240.675160083,0.00390509576536715
"species_fetch_only",84334.8603240723,0.00390509576536715
"species_fetch_only",84429.0454880615,0.00390509576536715
"species_fetch_only",84523.2306520508,0.00390509576536715
"species_fetch_only",84617.41581604,0.00390509576536715
"species_fetch_only",84711.6009800293,0.00390509576536715
"species_fetch_only",84805.7861440186,0.00390509576536715
"species_fetch_only",84899.9713080078,0.00390509576536715
"species_fetch_only",84994.1564719971,0.00390509576536715
"species_fetch_only",85088.3416359863,0.00390509576536715
"species_fetch_only",85182.5267999756,0.00390509576536715
"species_fetch_only",85276.7119639648,0.00390509576536715
"species_fetch_only",85370.8971279541,0.00390509576536715
"species_fetch_only",85465.0822919434,0.00390509576536715
"species_fetch_only",85559.2674559326,0.00390509576536715
"species_fetch_only",85653.4526199219,0.00390509576536715
"species_fetch_only",85747.6377839111,0.00390509576536715
"species_fetch_only",85841.8229479004,0.00390509576536715
"species_fetch_only",85936.0081118896,0.00390509576536715
"species_fetch_only",86030.1932758789,0.00390509576536715
"species_fetch_only",86124.3784398682,0.00390509576536715
"species_fetch_only",86218.5636038574,0.00390509576536715
"species_fetch_only",86312.7487678467,0.00390509576536715
"species_fetch_only",86406.9339318359,0.00390509576536715
"species_fetch_only",86501.1190958252,0.00390509576536715
"species_fetch_only",86595.3042598145,0.00390509576536715
"species_fetch_only",86689.4894238037,0.00390509576536715
"species_fetch_only",86783.674587793,0.00390509576536715
"species_fetch_only",86877.8597517822,0.00390509576536715
"species_fetch_only",86972.0449157715,0.00390509576536715
"species_fetch",-7213.11907348633,0.662777006626129
"species_fetch",-7118.93390949707,0.662777006626129
"species_fetch",-7024.74874550781,0.662777006626129
"species_fetch",-6930.56358151856,0.662777006626129
"species_fetch",-6836.3784175293,0.662777006626129
"species_fetch",-6742.19325354004,0.662777006626129
"species_fetch",-6648.00808955078,0.662777006626129
"species_fetch",-6553.82292556152,0.662777006626129
"species_fetch",-6459.63776157227,0.662777006626129
"species_fetch",-6365.45259758301,0.662777006626129
"species_fetch",-6271.26743359375,0.662777006626129
"species_fetch",-6177.08226960449,0.662777006626129
"species_fetch",-6082.89710561523,0.662777006626129
"species_fetch",-5988.71194162598,0.662777006626129
"species_fetch",-5894.52677763672,0.662777006626129
"species_fetch",-5800.34161364746,0.662777006626129
"species_fetch",-5706.1564496582,0.662777006626129
"species_fetch",-5611.97128566895,0.662777006626129
"species_fetch",-5517.78612167969,0.662777006626129
"species_fetch",-5423.60095769043,0.662777006626129
"species_fetch",-5329.41579370117,0.662777006626129
"species_fetch",-5235.23062971191,0.662777006626129
"species_fetch",-5141.04546572266,0.662777006626129
"species_fetch",-5046.8603017334,0.662777006626129
"species_fetch",-4952.67513774414,0.662777006626129
"species_fetch",-4858.48997375488,0.662777006626129
"species_fetch",-4764.30480976562,0.662777006626129
"species_fetch",-4670.11964577637,0.662777006626129
"species_fetch",-4575.93448178711,0.662777006626129
"species_fetch",-4481.74931779785,0.662777006626129
"species_fetch",-4387.56415380859,0.662777006626129
"species_fetch",-4293.37898981934,0.662777006626129
"species_fetch",-4199.19382583008,0.662777006626129
"species_fetch",-4105.00866184082,0.662777006626129
"species_fetch",-4010.82349785156,0.662777006626129
"species_fetch",-3916.6383338623,0.662777006626129
"species_fetch",-3822.45316987305,0.662777006626129
"species_fetch",-3728.26800588379,0.662777006626129
"species_fetch",-3634.08284189453,0.662777006626129
"species_fetch",-3539.89767790527,0.662777006626129
"species_fetch",-3445.71251391602,0.662777006626129
"species_fetch",-3351.52734992676,0.662777006626129
"species_fetch",-3257.3421859375,0.662777006626129
"species_fetch",-3163.15702194824,0.662777006626129
"species_fetch",-3068.97185795898,0.662777006626129
"species_fetch",-2974.78669396973,0.662777006626129
"species_fetch",-2880.60152998047,0.662777006626129
"species_fetch",-2786.41636599121,0.662777006626129
"species_fetch",-2692.23120200195,0.662777006626129
"species_fetch",-2598.0460380127,0.662777006626129
"species_fetch",-2503.86087402344,0.662777006626129
"species_fetch",-2409.67571003418,0.662777006626129
"species_fetch",-2315.49054604492,0.662777006626129
"species_fetch",-2221.30538205566,0.662777006626129
"species_fetch",-2127.12021806641,0.662777006626129
"species_fetch",-2032.93505407715,0.662777006626129
"species_fetch",-1938.74989008789,0.662777006626129
"species_fetch",-1844.56472609863,0.662777006626129
"species_fetch",-1750.37956210938,0.662777006626129
"species_fetch",-1656.19439812012,0.662777006626129
"species_fetch",-1562.00923413086,0.662777006626129
"species_fetch",-1467.8240701416,0.662777006626129
"species_fetch",-1373.63890615234,0.662777006626129
"species_fetch",-1279.45374216309,0.662777006626129
"species_fetch",-1185.26857817383,0.662777006626129
"species_fetch",-1091.08341418457,0.662777006626129
"species_fetch",-996.898250195311,0.662777006626129
"species_fetch",-902.713086206055,0.662777006626129
"species_fetch",-808.527922216796,0.662777006626129
"species_fetch",-714.342758227539,0.662777006626129
"species_fetch",-620.157594238281,0.662777006626129
"species_fetch",-525.972430249023,0.662777006626129
"species_fetch",-431.787266259766,0.662777006626129
"species_fetch",-337.602102270507,0.662777006626129
"species_fetch",-243.41693828125,0.662777006626129
"species_fetch",-149.231774291991,0.662777006626129
"species_fetch",-55.0466103027338,0.662777006626129
"species_fetch",39.1385536865246,0.662777006626129
"species_fetch",133.323717675781,0.662777006626129
"species_fetch",227.50888166504,0.662777006626129
"species_fetch",321.694045654297,0.662777006626129
"species_fetch",415.879209643555,0.662777006626129
"species_fetch",510.064373632814,0.662777006626129
"species_fetch",604.24953762207,0.674127340316772
"species_fetch",698.434701611329,0.685477674007416
"species_fetch",792.619865600586,0.704299485683441
"species_fetch",886.805029589845,0.723121297359467
"species_fetch",980.990193579102,0.729092210531235
"species_fetch",1075.17535756836,0.735063123703003
"species_fetch",1169.36052155762,0.740231943130493
"species_fetch",1263.54568554688,0.745400762557983
"species_fetch",1357.73084953613,0.746296739578247
"species_fetch",1451.91601352539,0.747192716598511
"species_fetch",1546.10117751465,0.745375102758408
"species_fetch",1640.28634150391,0.743557488918304
"species_fetch",1734.47150549317,0.741700738668442
"species_fetch",1828.65666948242,0.739843988418579
"species_fetch",1922.84183347168,0.737948250770569
"species_fetch",2017.02699746094,0.736052513122559
"species_fetch",2111.2121614502,0.734118014574051
"species_fetch",2205.39732543946,0.732183516025543
"species_fetch",2299.58248942871,0.730210530757904
"species_fetch",2393.76765341797,0.728237545490265
"species_fetch",2487.95281740723,0.726226407289505
"species_fetch",2582.13798139648,0.724215269088745
"species_fetch",2676.32314538574,0.722166413068771
"species_fetch",2770.508309375,0.720117557048798
"species_fetch",2864.69347336426,0.717483568191528
"species_fetch",2958.87863735352,0.714849579334259
"species_fetch",3053.06380134277,0.711871236562729
"species_fetch",3147.24896533203,0.708892893791199
"species_fetch",3241.43412932129,0.705500787496567
"species_fetch",3335.61929331055,0.702108681201935
"species_fetch",3429.80445729981,0.698669928312302
"species_fetch",3523.98962128906,0.695231175422668
"species_fetch",3618.17478527832,0.691746783256531
"species_fetch",3712.35994926758,0.688262391090393
"species_fetch",3806.54511325684,0.684733462333679
"species_fetch",3900.7302772461,0.681204533576965
"species_fetch",3994.91544123535,0.677632236480713
"species_fetch",4089.10060522461,0.67405993938446
"species_fetch",4183.28576921387,0.670445537567139
"species_fetch",4277.47093320313,0.666831135749817
"species_fetch",4371.65609719238,0.663175976276398
"species_fetch",4465.84126118164,0.659520816802978
"species_fetch",4560.0264251709,0.655826336145401
"species_fetch",4654.21158916016,0.652131855487823
"species_fetch",4748.39675314942,0.648399543762207
"species_fetch",4842.58191713867,0.644667232036591
"species_fetch",4936.76708112793,0.640898680686951
"species_fetch",5030.95224511719,0.637130129337311
"species_fetch",5125.13740910645,0.633327013254166
"species_fetch",5219.32257309571,0.62952389717102
"species_fetch",5313.50773708496,0.625687938928604
"species_fetch",5407.69290107422,0.621851980686188
"species_fetch",5501.87806506348,0.617984992265701
"species_fetch",5596.06322905274,0.614118003845215
"species_fetch",5690.248393042,0.610221844911575
"species_fetch",5784.43355703125,0.606325685977936
"species_fetch",5878.61872102051,0.602402305603027
"species_fetch",5972.80388500977,0.598478925228119
"species_fetch",6066.98904899902,0.594530314207077
"species_fetch",6161.17421298828,0.590581703186035
"species_fetch",6255.35937697754,0.586609923839569
"species_fetch",6349.5445409668,0.582638144493103
"species_fetch",6443.72970495606,0.578645277023315
"species_fetch",6537.91486894531,0.574652409553528
"species_fetch",6632.10003293457,0.570640641450882
"species_fetch",6726.28519692383,0.566628873348236
"species_fetch",6820.47036091309,0.562600350379944
"species_fetch",6914.65552490235,0.558571827411652
"species_fetch",7008.8406888916,0.554528796672821
"species_fetch",7103.02585288086,0.55048576593399
"species_fetch",7197.21101687012,0.546430498361588
"species_fetch",7291.39618085938,0.542375230789185
"species_fetch",7385.58134484864,0.538309979438782
"species_fetch",7479.76650883789,0.534244728088379
"species_fetch",7573.95167282715,0.530171820521355
"species_fetch",7668.13683681641,0.52609891295433
"species_fetch",7762.32200080567,0.522020643949509
"species_fetch",7856.50716479492,0.517942374944687
"species_fetch",7950.69232878418,0.513861092925072
"species_fetch",8044.87749277344,0.509779810905457
"species_fetch",8139.0626567627,0.505697801709175
"species_fetch",8233.24782075196,0.501615792512894
"species_fetch",8327.43298474121,0.49753543138504
"species_fetch",8421.61814873047,0.493455070257187
"species_fetch",8515.80331271973,0.48937863111496
"species_fetch",8609.98847670899,0.485302191972733
"species_fetch",8704.17364069824,0.481231978535652
"species_fetch",8798.3588046875,0.477161765098572
"species_fetch",8892.54396867676,0.473100045323372
"species_fetch",8986.72913266602,0.469038325548172
"species_fetch",9080.91429665528,0.464987376332283
"species_fetch",9175.09946064453,0.460936427116394
"species_fetch",9269.28462463379,0.456898468732834
"species_fetch",9363.46978862305,0.452860510349274
"species_fetch",9457.65495261231,0.448837703466415
"species_fetch",9551.84011660156,0.444814896583557
"species_fetch",9646.02528059082,0.440809395909309
"species_fetch",9740.21044458008,0.436803895235062
"species_fetch",9834.39560856934,0.432817777991295
"species_fetch",9928.5807725586,0.428831660747528
"species_fetch",10022.7659365479,0.424867010116577
"species_fetch",10116.9511005371,0.420902359485626
"species_fetch",10211.1362645264,0.416961151361465
"species_fetch",10305.3214285156,0.413019943237305
"species_fetch",10399.5065925049,0.409104114770889
"species_fetch",10493.6917564941,0.405188286304474
"species_fetch",10587.8769204834,0.401299685239792
"species_fetch",10682.0620844727,0.39741108417511
"species_fetch",10776.2472484619,0.393551567196846
"species_fetch",10870.4324124512,0.389692050218582
"species_fetch",10964.6175764404,0.385863673686981
"species_fetch",11058.8027404297,0.38203529715538
"species_fetch",11152.987904419,0.378276032209396
"species_fetch",11247.1730684082,0.374516767263412
"species_fetch",11341.3582323975,0.37079037129879
"species_fetch",11435.5433963867,0.367063975334167
"species_fetch",11529.728560376,0.363395366072655
"species_fetch",11623.9137243652,0.359726756811142
"species_fetch",11718.0988883545,0.356207451224327
"species_fetch",11812.2840523438,0.352688145637512
"species_fetch",11906.469216333,0.349318355321884
"species_fetch",12000.6543803223,0.345948565006256
"species_fetch",12094.8395443115,0.342721292376518
"species_fetch",12189.0247083008,0.33949401974678
"species_fetch",12283.20987229,0.336461752653122
"species_fetch",12377.3950362793,0.333429485559464
"species_fetch",12471.5802002686,0.330462190508843
"species_fetch",12565.7653642578,0.327494895458221
"species_fetch",12659.9505282471,0.324555638432503
"species_fetch",12754.1356922363,0.321616381406784
"species_fetch",12848.3208562256,0.318706041574478
"species_fetch",12942.5060202148,0.315795701742172
"species_fetch",13036.6911842041,0.312915110588074
"species_fetch",13130.8763481934,0.310034519433975
"species_fetch",13225.0615121826,0.30719567835331
"species_fetch",13319.2466761719,0.304356837272644
"species_fetch",13413.4318401611,0.301674354076386
"species_fetch",13507.6170041504,0.298991870880127
"species_fetch",13601.8021681397,0.296385958790779
"species_fetch",13695.9873321289,0.293780046701431
"species_fetch",13790.1724961182,0.291344819962978
"species_fetch",13884.3576601074,0.288909593224525
"species_fetch",13978.5428240967,0.286593627929687
"species_fetch",14072.7279880859,0.28427766263485
"species_fetch",14166.9131520752,0.282398661971092
"species_fetch",14261.0983160645,0.280519661307335
"species_fetch",14355.2834800537,0.278947666287422
"species_fetch",14449.468644043,0.277375671267509
"species_fetch",14543.6538080322,0.276101337373257
"species_fetch",14637.8389720215,0.274827003479004
"species_fetch",14732.0241360107,0.273742988705635
"species_fetch",14826.2093,0.272658973932266
"species_fetch",14920.3944639893,0.271600037813187
"species_fetch",15014.5796279785,0.270541101694107
"species_fetch",15108.7647919678,0.269487512111664
"species_fetch",15202.949955957,0.268433922529221
"species_fetch",15297.1351199463,0.267385698854923
"species_fetch",15391.3202839355,0.266337475180626
"species_fetch",15485.5054479248,0.265294632315636
"species_fetch",15579.6906119141,0.264251789450645
"species_fetch",15673.8757759033,0.263214357197285
"species_fetch",15768.0609398926,0.262176924943924
"species_fetch",15862.2461038818,0.261144915223122
"species_fetch",15956.4312678711,0.260112905502319
"species_fetch",16050.6164318604,0.25908634364605
"species_fetch",16144.8015958496,0.25805978178978
"species_fetch",16238.9867598389,0.2570386916399
"species_fetch",16333.1719238281,0.256017601490021
"species_fetch",16427.3570878174,0.255001983046532
"species_fetch",16521.5422518066,0.253986364603043
"species_fetch",16615.7274157959,0.252976261079311
"species_fetch",16709.9125797852,0.25196615755558
"species_fetch",16804.0977437744,0.250961558520794
"species_fetch",16898.2829077637,0.249956959486008
"species_fetch",16992.4680717529,0.248957900702953
"species_fetch",17086.6532357422,0.247958841919899
"species_fetch",17180.8383997315,0.246965312957764
"species_fetch",17275.0235637207,0.245971783995628
"species_fetch",17369.20872771,0.244983819127083
"species_fetch",17463.3938916992,0.243995854258537
"species_fetch",17557.5790556885,0.243013466894627
"species_fetch",17651.7642196777,0.242031079530716
"species_fetch",17745.949383667,0.241054263710976
"species_fetch",17840.1345476562,0.240077447891235
"species_fetch",17934.3197116455,0.239106233417988
"species_fetch",18028.5048756348,0.23813501894474
"species_fetch",18122.690039624,0.237169399857521
"species_fetch",18216.8752036133,0.236203780770302
"species_fetch",18311.0603676025,0.235243766009808
"species_fetch",18405.2455315918,0.234283751249313
"species_fetch",18499.4306955811,0.23332936912775
"species_fetch",18593.6158595703,0.232374987006187
"species_fetch",18687.8010235596,0.231426225602627
"species_fetch",18781.9861875488,0.230477464199066
"species_fetch",18876.1713515381,0.229534327983856
"species_fetch",18970.3565155273,0.228591191768646
"species_fetch",19064.5416795166,0.227653706073761
"species_fetch",19158.7268435059,0.226716220378876
"species_fetch",19252.9120074951,0.225784368813038
"species_fetch",19347.0971714844,0.2248525172472
"species_fetch",19441.2823354736,0.223926325142384
"species_fetch",19535.4674994629,0.223000133037567
"species_fetch",19629.6526634522,0.222079576551914
"species_fetch",19723.8378274414,0.221159020066261
"species_fetch",19818.0229914307,0.22024412304163
"species_fetch",19912.2081554199,0.219329226016998
"species_fetch",20006.3933194092,0.218419988453388
"species_fetch",20100.5784833984,0.217510750889778
"species_fetch",20194.7636473877,0.216607163846493
"species_fetch",20288.948811377,0.215703576803207
"species_fetch",20383.1339753662,0.214805652201176
"species_fetch",20477.3191393555,0.213907727599144
"species_fetch",20571.5043033447,0.213015452027321
"species_fetch",20665.689467334,0.212123176455498
"species_fetch",20759.8746313232,0.211236555874348
"species_fetch",20854.0597953125,0.210349935293198
"species_fetch",20948.2449593018,0.209468977153301
"species_fetch",21042.430123291,0.208588019013405
"species_fetch",21136.6152872803,0.207712703943253
"species_fetch",21230.8004512695,0.2068373888731
"species_fetch",21324.9856152588,0.205967728793621
"species_fetch",21419.170779248,0.205098068714142
"species_fetch",21513.3559432373,0.204234045743942
"species_fetch",21607.5411072266,0.203370022773743
"species_fetch",21701.7262712158,0.202511633932591
"species_fetch",21795.9114352051,0.201653245091438
"species_fetch",21890.0965991943,0.200800503790379
"species_fetch",21984.2817631836,0.199947762489319
"species_fetch",22078.4669271729,0.199100641906261
"species_fetch",22172.6520911621,0.198253521323204
"species_fetch",22266.8372551514,0.197412027418613
"species_fetch",22361.0224191406,0.196570533514023
"species_fetch",22455.2075831299,0.195734648406506
"species_fetch",22549.3927471191,0.194898763298988
"species_fetch",22643.5779111084,0.194068485498428
"species_fetch",22737.7630750977,0.193238207697868
"species_fetch",22831.9482390869,0.19241353571415
"species_fetch",22926.1334030762,0.191588863730431
"species_fetch",23020.3185670654,0.190769773721695
"species_fetch",23114.5037310547,0.189950683712959
"species_fetch",23208.688895044,0.189137177169323
"species_fetch",23302.8740590332,0.188323670625687
"species_fetch",23397.0592230225,0.187515740096569
"species_fetch",23491.2443870117,0.186707809567451
"species_fetch",23585.429551001,0.185905431210995
"species_fetch",23679.6147149902,0.185103052854538
"species_fetch",23773.7998789795,0.184306232631206
"species_fetch",23867.9850429688,0.183509412407875
"species_fetch",23962.170206958,0.182718122005463
"species_fetch",24056.3553709473,0.18192683160305
"species_fetch",24150.5405349365,0.181141066551208
"species_fetch",24244.7256989258,0.180355301499367
"species_fetch",24338.910862915,0.179575057327747
"species_fetch",24433.0960269043,0.178794813156128
"species_fetch",24527.2811908936,0.178020058572292
"species_fetch",24621.4663548828,0.177245303988457
"species_fetch",24715.6515188721,0.176476044952869
"species_fetch",24809.8366828613,0.175706785917282
"species_fetch",24904.0218468506,0.174942991137505
"species_fetch",24998.2070108398,0.174179196357727
"species_fetch",25092.3921748291,0.173420856893063
"species_fetch",25186.5773388184,0.172662517428398
"species_fetch",25280.7625028076,0.171909625828266
"species_fetch",25374.9476667969,0.171156734228134
"species_fetch",25469.1328307861,0.170409263670445
"species_fetch",25563.3179947754,0.169661793112755
"species_fetch",25657.5031587647,0.168919740617275
"species_fetch",25751.6883227539,0.168177688121796
"species_fetch",25845.8734867432,0.167441020905972
"species_fetch",25940.0586507324,0.166704353690147
"species_fetch",26034.2438147217,0.165973065793514
"species_fetch",26128.4289787109,0.165241777896881
"species_fetch",26222.6141427002,0.164515855908394
"species_fetch",26316.7993066895,0.163789933919907
"species_fetch",26410.9844706787,0.163069345057011
"species_fetch",26505.169634668,0.162348756194115
"species_fetch",26599.3547986572,0.16163350045681
"species_fetch",26693.5399626465,0.160918244719505
"species_fetch",26787.7251266357,0.160208286345005
"species_fetch",26881.910290625,0.159498327970505
"species_fetch",26976.0954546143,0.158793658018112
"species_fetch",27070.2806186035,0.15808898806572
"species_fetch",27164.4657825928,0.15738959312439
"species_fetch",27258.650946582,0.15669019818306
"species_fetch",27352.8361105713,0.155996043235064
"species_fetch",27447.0212745606,0.155301888287067
"species_fetch",27541.2064385498,0.154612960666418
"species_fetch",27635.3916025391,0.153924033045769
"species_fetch",27729.5767665283,0.153240320086479
"species_fetch",27823.7619305176,0.15255660712719
"species_fetch",27917.9470945068,0.151878076791763
"species_fetch",28012.1322584961,0.151199546456337
"species_fetch",28106.3174224854,0.150526187568903
"species_fetch",28200.5025864746,0.149852828681469
"species_fetch",28294.6877504639,0.149184611439705
"species_fetch",28388.8729144531,0.148516394197941
"species_fetch",28483.0580784424,0.147853297740221
"species_fetch",28577.2432424317,0.147190201282501
"species_fetch",28671.4284064209,0.146532215923071
"species_fetch",28765.6135704102,0.145874230563641
"species_fetch",28859.7987343994,0.145221319049597
"species_fetch",28953.9838983887,0.144568407535553
"species_fetch",29048.1690623779,0.143920560181141
"species_fetch",29142.3542263672,0.143272712826729
"species_fetch",29236.5393903565,0.142629892379045
"species_fetch",29330.7245543457,0.141987071931362
"species_fetch",29424.909718335,0.141349267959595
"species_fetch",29519.0948823242,0.140711463987827
"species_fetch",29613.2800463135,0.140078653395176
"species_fetch",29707.4652103027,0.139445842802525
"species_fetch",29801.650374292,0.138817994296551
"species_fetch",29895.8355382813,0.138190145790577
"species_fetch",29990.0207022705,0.137567245215178
"species_fetch",30084.2058662598,0.136944344639778
"species_fetch",30178.391030249,0.136326356977224
"species_fetch",30272.5761942383,0.135708369314671
"species_fetch",30366.7613582275,0.135095277428627
"species_fetch",30460.9465222168,0.134482185542583
"species_fetch",30555.1316862061,0.133873971551657
"species_fetch",30649.3168501953,0.13326575756073
"species_fetch",30743.5020141846,0.132662384212017
"species_fetch",30837.6871781738,0.132059010863304
"species_fetch",30931.8723421631,0.131460465490818
"species_fetch",31026.0575061523,0.130861920118332
"species_fetch",31120.2426701416,0.13026816546917
"species_fetch",31214.4278341309,0.129674410820007
"species_fetch",31308.6129981201,0.129085430502892
"species_fetch",31402.7981621094,0.128496450185776
"species_fetch",31496.9833260986,0.127912224084139
"species_fetch",31591.1684900879,0.127327997982502
"species_fetch",31685.3536540772,0.126748487353325
"species_fetch",31779.5388180664,0.126168976724148
"species_fetch",31873.7239820557,0.125594169646502
"species_fetch",31967.9091460449,0.125019362568855
"species_fetch",32062.0943100342,0.124449221789837
"species_fetch",32156.2794740234,0.123879081010818
"species_fetch",32250.4646380127,0.12331358641386
"species_fetch",32344.649802002,0.122748091816902
"species_fetch",32438.8349659912,0.122187224775553
"species_fetch",32533.0201299805,0.121626357734203
"species_fetch",32627.2052939697,0.121070078760386
"species_fetch",32721.390457959,0.120513799786568
"species_fetch",32815.5756219483,0.11996209025383
"species_fetch",32909.7607859375,0.119410380721092
"species_fetch",33003.9459499268,0.118863213807344
"species_fetch",33098.131113916,0.118316046893597
"species_fetch",33192.3162779053,0.117773406207561
"species_fetch",33286.5014418945,0.117230765521526
"species_fetch",33380.6866058838,0.116692607104778
"species_fetch",33474.8717698731,0.11615444868803
"species_fetch",33569.0569338623,0.115620752424002
"species_fetch",33663.2420978516,0.115087056159973
"species_fetch",33757.4272618408,0.114557797461748
"species_fetch",33851.6124258301,0.114028538763523
"species_fetch",33945.7975898193,0.113503693044186
"species_fetch",34039.9827538086,0.112978847324848
"species_fetch",34134.1679177979,0.112458395212889
"species_fetch",34228.3530817871,0.111937943100929
"species_fetch",34322.5382457764,0.111421840637922
"species_fetch",34416.7234097656,0.110905738174915
"species_fetch",34510.9085737549,0.110393964499235
"species_fetch",34605.0937377441,0.109882190823555
"species_fetch",34699.2789017334,0.10937472358346
"species_fetch",34793.4640657227,0.108867256343365
"species_fetch",34887.6492297119,0.10836406648159
"species_fetch",34981.8343937012,0.107860876619816
"species_fetch",35076.0195576904,0.107361949235201
"species_fetch",35170.2047216797,0.106863021850586
"species_fetch",35264.389885669,0.106368305534124
"species_fetch",35358.5750496582,0.105873589217663
"species_fetch",35452.7602136475,0.105383073538542
"species_fetch",35546.9453776367,0.104892557859421
"species_fetch",35641.130541626,0.104406211525202
"species_fetch",35735.3157056152,0.103919865190983
"species_fetch",35829.5008696045,0.103437664359808
"species_fetch",35923.6860335938,0.102955463528633
"species_fetch",36017.871197583,0.102477388083935
"species_fetch",36112.0563615723,0.101999312639236
"species_fetch",36206.2415255615,0.101525315642357
"species_fetch",36300.4266895508,0.101051318645477
"species_fetch",36394.61185354,0.100581385940313
"species_fetch",36488.7970175293,0.100111453235149
"species_fetch",36582.9821815186,0.0996455542743206
"species_fetch",36677.1673455078,0.0991796553134918
"species_fetch",36771.3525094971,0.0987177684903145
"species_fetch",36865.5376734863,0.0982558816671371
"species_fetch",36959.7228374756,0.0977979861199856
"species_fetch",37053.9080014648,0.097340090572834
"species_fetch",37148.0931654541,0.0968861401081086
"species_fetch",37242.2783294434,0.096432189643383
"species_fetch",37336.4634934326,0.0959821663796902
"species_fetch",37430.6486574219,0.0955321431159973
"species_fetch",37524.8338214111,0.0950860232114792
"species_fetch",37619.0189854004,0.0946399033069611
"species_fetch",37713.2041493896,0.0941976547241211
"species_fetch",37807.3893133789,0.0937554061412811
"species_fetch",37901.5744773682,0.0933206155896187
"species_fetch",37995.7596413574,0.0928858250379562
"species_fetch",38089.9448053467,0.0924569934606552
"species_fetch",38184.129969336,0.0920281618833542
"species_fetch",38278.3151333252,0.0916030503809452
"species_fetch",38372.5002973145,0.0911779388785362
"species_fetch",38466.6854613037,0.0907566241919994
"species_fetch",38560.870625293,0.0903353095054626
"species_fetch",38655.0557892822,0.0899212680757046
"species_fetch",38749.2409532715,0.0895072266459465
"species_fetch",38843.4261172608,0.0890977278351784
"species_fetch",38937.61128125,0.0886882290244102
"species_fetch",39031.7964452393,0.0882822789251805
"species_fetch",39125.9816092285,0.0878763288259506
"species_fetch",39220.1667732178,0.0874739084392786
"species_fetch",39314.351937207,0.0870714880526066
"species_fetch",39408.5371011963,0.0866725724190473
"species_fetch",39502.7222651855,0.0862736567854881
"species_fetch",39596.9074291748,0.0858782198280096
"species_fetch",39691.0925931641,0.0854827828705311
"species_fetch",39785.2777571533,0.0850908000022173
"species_fetch",39879.4629211426,0.0846988171339035
"species_fetch",39973.6480851318,0.0843102693557739
"species_fetch",40067.8332491211,0.0839217215776444
"species_fetch",40162.0184131104,0.083538256585598
"species_fetch",40256.2035770996,0.0831547915935516
"species_fetch",40350.3887410889,0.0827816892415285
"species_fetch",40444.5739050781,0.0824085868895054
"species_fetch",40538.7590690674,0.0820455610752106
"species_fetch",40632.9442330567,0.0816825352609158
"species_fetch",40727.1293970459,0.0813349429517985
"species_fetch",40821.3145610352,0.0809873506426811
"species_fetch",40915.4997250244,0.0806464232504368
"species_fetch",41009.6848890137,0.0803054958581924
"species_fetch",41103.8700530029,0.0799684852361679
"species_fetch",41198.0552169922,0.0796314746141434
"species_fetch",41292.2403809815,0.0792971815913915
"species_fetch",41386.4255449707,0.0789628885686398
"species_fetch",41480.61070896,0.0786312941461802
"species_fetch",41574.7958729492,0.0782996997237206
"species_fetch",41668.9810369385,0.0779707849025727
"species_fetch",41763.1662009277,0.0776418700814247
"species_fetch",41857.351364917,0.0773156218230724
"species_fetch",41951.5365289063,0.0769893735647202
"species_fetch",42045.7216928955,0.0766657635569572
"species_fetch",42139.9068568848,0.0763421535491943
"species_fetch",42234.092020874,0.0760233044624328
"species_fetch",42328.2771848633,0.0757044553756714
"species_fetch",42422.4623488525,0.0753913190215826
"species_fetch",42516.6475128418,0.0750781826674938
"species_fetch",42610.8326768311,0.074767579883337
"species_fetch",42705.0178408203,0.0744569770991802
"species_fetch",42799.2030048096,0.0741503868252039
"species_fetch",42893.3881687988,0.0738437965512276
"species_fetch",42987.5733327881,0.073542283847928
"species_fetch",43081.7584967774,0.0732407711446285
"species_fetch",43175.9436607666,0.0729453105479479
"species_fetch",43270.1288247559,0.0726498499512672
"species_fetch",43364.3139887451,0.0723586741834879
"species_fetch",43458.4991527344,0.0720674984157085
"species_fetch",43552.6843167236,0.0717810735106468
"species_fetch",43646.8694807129,0.0714946486055851
"species_fetch",43741.0546447022,0.0712112601846457
"species_fetch",43835.2398086914,0.0709278717637062
"species_fetch",43929.4249726807,0.0706468008458614
"species_fetch",44023.6101366699,0.0703657299280167
"species_fetch",44117.7953006592,0.0700869664549828
"species_fetch",44211.9804646484,0.0698082029819489
"species_fetch",44306.1656286377,0.0695317290723324
"species_fetch",44400.350792627,0.0692552551627159
"species_fetch",44494.5359566162,0.0689810555428267
"species_fetch",44588.7211206055,0.0687068559229374
"species_fetch",44682.9062845947,0.0684349175542593
"species_fetch",44777.091448584,0.0681629791855812
"species_fetch",44871.2766125733,0.0678932759910822
"species_fetch",44965.4617765625,0.0676235727965832
"species_fetch",45059.6469405518,0.0673560924828052
"species_fetch",45153.832104541,0.0670886121690273
"species_fetch",45248.0172685303,0.0668233390897512
"species_fetch",45342.2024325195,0.0665580660104752
"species_fetch",45436.3875965088,0.0662949811667204
"species_fetch",45530.5727604981,0.0660318963229656
"species_fetch",45624.7579244873,0.0657709937542677
"species_fetch",45718.9430884766,0.0655100911855698
"species_fetch",45813.1282524658,0.0652513392269611
"species_fetch",45907.3134164551,0.0649925872683525
"species_fetch",46001.4985804443,0.0647359766066074
"species_fetch",46095.6837444336,0.0644793659448624
"species_fetch",46189.8689084229,0.0642248794436455
"species_fetch",46284.0540724121,0.0639703929424286
"species_fetch",46378.2392364014,0.0637180179357529
"species_fetch",46472.4244003906,0.0634656429290772
"species_fetch",46566.6095643799,0.0632153641432524
"species_fetch",46660.7947283691,0.0629650853574276
"species_fetch",46754.9798923584,0.0627168789505959
"species_fetch",46849.1650563477,0.0624686725437641
"species_fetch",46943.3502203369,0.0622225280851126
"species_fetch",47037.5353843262,0.061976383626461
"species_fetch",47131.7205483154,0.0617322847247124
"species_fetch",47225.9057123047,0.0614881858229637
"species_fetch",47320.090876294,0.0612461168318987
"species_fetch",47414.2760402832,0.0610040478408337
"species_fetch",47508.4612042725,0.0607639972120523
"species_fetch",47602.6463682617,0.060523946583271
"species_fetch",47696.831532251,0.0602858897298574
"species_fetch",47791.0166962402,0.0600478328764439
"species_fetch",47885.2018602295,0.0598117586225271
"species_fetch",47979.3870242188,0.0595756843686104
"species_fetch",48073.572188208,0.0593415789306164
"species_fetch",48167.7573521973,0.0591074734926224
"species_fetch",48261.9425161865,0.0588753208518028
"species_fetch",48356.1276801758,0.0586431682109833
"species_fetch",48450.312844165,0.0584129564464092
"species_fetch",48544.4980081543,0.0581827446818352
"species_fetch",48638.6831721436,0.0579544518142938
"species_fetch",48732.8683361328,0.0577261589467526
"species_fetch",48827.0535001221,0.0574997715651989
"species_fetch",48921.2386641113,0.0572733841836452
"species_fetch",49015.4238281006,0.0570488899946213
"species_fetch",49109.6089920899,0.0568243958055973
"species_fetch",49203.7941560791,0.0566017795354128
"species_fetch",49297.9793200684,0.0563791632652283
"species_fetch",49392.1644840576,0.056158409267664
"species_fetch",49486.3496480469,0.0559376552700996
"species_fetch",49580.5348120362,0.0557187534868717
"species_fetch",49674.7199760254,0.0554998517036438
"species_fetch",49768.9051400147,0.0552827786654234
"species_fetch",49863.0903040039,0.055065705627203
"species_fetch",49957.2754679932,0.0548504509031773
"species_fetch",50051.4606319824,0.0546351961791515
"species_fetch",50145.6457959717,0.0544217459857464
"species_fetch",50239.830959961,0.0542082957923412
"species_fetch",50334.0161239502,0.0539966359734535
"species_fetch",50428.2012879395,0.0537849761545658
"species_fetch",50522.3864519287,0.0535750951617956
"species_fetch",50616.571615918,0.0533652141690254
"species_fetch",50710.7567799072,0.0531570915132761
"species_fetch",50804.9419438965,0.0529489688575268
"species_fetch",50899.1271078858,0.0527425933629275
"species_fetch",50993.312271875,0.0525362178683281
"species_fetch",51087.4974358643,0.0523315753787756
"species_fetch",51181.6825998535,0.0521269328892231
"species_fetch",51275.8677638428,0.0519240107387304
"species_fetch",51370.052927832,0.0517210885882378
"species_fetch",51464.2380918213,0.051519875228405
"species_fetch",51558.4232558106,0.0513186618685722
"species_fetch",51652.6084197998,0.0511402703821659
"species_fetch",51746.7935837891,0.0509618788957596
"species_fetch",51840.9787477783,0.0507999796420336
"species_fetch",51935.1639117676,0.0506380803883076
"species_fetch",52029.3490757568,0.0504827678203583
"species_fetch",52123.5342397461,0.050327455252409
"species_fetch",52217.7194037354,0.0501802418380976
"species_fetch",52311.9045677246,0.0500330284237862
"species_fetch",52406.0897317139,0.0499013375490904
"species_fetch",52500.2748957031,0.0497696466743946
"species_fetch",52594.4600596924,0.0496465016156435
"species_fetch",52688.6452236817,0.0495233565568924
"species_fetch",52782.8303876709,0.0494142301380634
"species_fetch",52877.0155516602,0.0493051037192345
"species_fetch",52971.2007156494,0.0492154575884342
"species_fetch",53065.3858796387,0.049125811457634
"species_fetch",53159.5710436279,0.0490569546818733
"species_fetch",53253.7562076172,0.0489880979061127
"species_fetch",53347.9413716065,0.0489420637488365
"species_fetch",53442.1265355957,0.0488960295915604
"species_fetch",53536.311699585,0.0488695990294218
"species_fetch",53630.4968635742,0.0488431684672832
"species_fetch",53724.6820275635,0.0488370537757874
"species_fetch",53818.8671915527,0.0488309390842915
"species_fetch",53913.052355542,0.0488262221217155
"species_fetch",54007.2375195313,0.0488215051591396
"species_fetch",54101.4226835205,0.0488170005381107
"species_fetch",54195.6078475098,0.0488124959170818
"species_fetch",54289.793011499,0.0488082032650709
"species_fetch",54383.9781754883,0.04880391061306
"species_fetch",54478.1633394775,0.0487998299300671
"species_fetch",54572.3485034668,0.0487957492470741
"species_fetch",54666.5336674561,0.0487918816506863
"species_fetch",54760.7188314453,0.0487880140542984
"species_fetch",54854.9039954346,0.0487843587994575
"species_fetch",54949.0891594238,0.0487807035446167
"species_fetch",55043.2743234131,0.04877726174891
"species_fetch",55137.4594874024,0.0487738199532032
"species_fetch",55231.6446513916,0.0487705908715725
"species_fetch",55325.8298153809,0.0487673617899418
"species_fetch",55420.0149793701,0.0487643457949162
"species_fetch",55514.2001433594,0.0487613297998905
"species_fetch",55608.3853073486,0.048758527636528
"species_fetch",55702.5704713379,0.0487557254731655
"species_fetch",55796.7556353272,0.0487531371414661
"species_fetch",55890.9407993164,0.0487505488097668
"species_fetch",55985.1259633057,0.0487481746822596
"species_fetch",56079.3111272949,0.0487458005547523
"species_fetch",56173.4962912842,0.0487436398863792
"species_fetch",56267.6814552734,0.0487414792180061
"species_fetch",56361.8666192627,0.0487395331263542
"species_fetch",56456.051783252,0.0487375870347023
"species_fetch",56550.2369472412,0.0487358547747135
"species_fetch",56644.4221112305,0.0487341225147247
"species_fetch",56738.6072752197,0.0487326055765152
"species_fetch",56832.792439209,0.0487310886383057
"species_fetch",56926.9776031983,0.0487297859042883
"species_fetch",57021.1627671875,0.0487284831702709
"species_fetch",57115.3479311768,0.0487273965030909
"species_fetch",57209.533095166,0.0487263098359108
"species_fetch",57303.7182591553,0.048725438117981
"species_fetch",57397.9034231445,0.0487245664000511
"species_fetch",57492.0885871338,0.0487239100039005
"species_fetch",57586.2737511231,0.0487232536077499
"species_fetch",57680.4589151123,0.0487228129059076
"species_fetch",57774.6440791016,0.0487223722040653
"species_fetch",57868.8292430908,0.0487221475690603
"species_fetch",57963.0144070801,0.0487219229340553
"species_fetch",58057.1995710694,0.0487219132483006
"species_fetch",58151.3847350586,0.0487219035625458
"species_fetch",58245.5698990479,0.0487221110612154
"species_fetch",58339.7550630371,0.048722318559885
"species_fetch",58433.9402270264,0.04872274287045
"species_fetch",58528.1253910156,0.048723167181015
"species_fetch",58622.3105550049,0.0487238071858883
"species_fetch",58716.4957189942,0.0487244471907616
"species_fetch",58810.6808829834,0.0487253047525883
"species_fetch",58904.8660469727,0.048726162314415
"species_fetch",58999.0512109619,0.0487272374331951
"species_fetch",59093.2363749512,0.0487283125519753
"species_fetch",59187.4215389404,0.0487296041101217
"species_fetch",59281.6067029297,0.0487308956682682
"species_fetch",59375.791866919,0.0487324051558971
"species_fetch",59469.9770309082,0.0487339146435261
"species_fetch",59564.1621948975,0.0487356413155794
"species_fetch",59658.3473588867,0.0487373679876328
"species_fetch",59752.532522876,0.0487393129616976
"species_fetch",59846.7176868652,0.0487412579357624
"species_fetch",59940.9028508545,0.0487434215843678
"species_fetch",60035.0880148438,0.0487455852329731
"species_fetch",60129.273178833,0.0487479660660028
"species_fetch",60223.4583428223,0.0487503468990326
"species_fetch",60317.6435068115,0.0487529471516609
"species_fetch",60411.8286708008,0.0487555474042893
"species_fetch",60506.0138347901,0.0487583663314581
"species_fetch",60600.1989987793,0.0487611852586269
"species_fetch",60694.3841627686,0.0487642232328653
"species_fetch",60788.5693267578,0.0487672612071037
"species_fetch",60882.7544907471,0.0487705174833536
"species_fetch",60976.9396547363,0.0487737737596035
"species_fetch",61071.1248187256,0.04877725020051
"species_fetch",61165.3099827148,0.0487807266414165
"species_fetch",61259.4951467041,0.0487844232469797
"species_fetch",61353.6803106934,0.0487881198525429
"species_fetch",61447.8654746826,0.0487920355051756
"species_fetch",61542.0506386719,0.0487959511578083
"species_fetch",61636.2358026611,0.0488000864163041
"species_fetch",61730.4209666504,0.0488042216747999
"species_fetch",61824.6061306397,0.048808578401804
"species_fetch",61918.7912946289,0.048812935128808
"species_fetch",62012.9764586182,0.0488175110891461
"species_fetch",62107.1616226074,0.0488220870494843
"species_fetch",62201.3467865967,0.0488268842920661
"species_fetch",62295.5319505859,0.0488316815346479
"species_fetch",62389.7171145752,0.0488367000594735
"species_fetch",62483.9022785645,0.0488417185842991
"species_fetch",62578.0874425537,0.0488469583913684
"species_fetch",62672.272606543,0.0488521981984377
"species_fetch",62766.4577705322,0.0488576583564281
"species_fetch",62860.6429345215,0.0488631185144186
"species_fetch",62954.8280985108,0.0488688010722399
"species_fetch",63049.0132625,0.0488744836300612
"species_fetch",63143.1984264893,0.0488803874701262
"species_fetch",63237.3835904785,0.0488862913101912
"species_fetch",63331.5687544678,0.0488924177363515
"species_fetch",63425.753918457,0.0488985441625118
"species_fetch",63519.9390824463,0.0489048920571804
"species_fetch",63614.1242464356,0.048911239951849
"species_fetch",63708.3094104248,0.0489178104326129
"species_fetch",63802.4945744141,0.0489243809133768
"species_fetch",63896.6797384033,0.0489311747252941
"species_fetch",63990.8649023926,0.0489379685372114
"species_fetch",64085.0500663818,0.048944984562695
"species_fetch",64179.2352303711,0.0489520005881786
"species_fetch",64273.4203943604,0.0489592403173447
"species_fetch",64367.6055583496,0.0489664800465107
"species_fetch",64461.7907223389,0.0489739429205656
"species_fetch",64555.9758863281,0.0489814057946205
"species_fetch",64650.1610503174,0.0489890921860933
"species_fetch",64744.3462143066,0.0489967785775662
"species_fetch",64838.5313782959,0.0490046886727214
"species_fetch",64932.7165422852,0.0490125987678766
"species_fetch",65026.9017062744,0.0490207334980369
"species_fetch",65121.0868702637,0.0490288682281971
"species_fetch",65215.2720342529,0.0490372264757752
"species_fetch",65309.4571982422,0.0490455847233534
"species_fetch",65403.6423622315,0.0490541676059365
"species_fetch",65497.8275262207,0.0490627504885197
"species_fetch",65592.01269021,0.0490715578198433
"species_fetch",65686.1978541992,0.0490803651511669
"species_fetch",65780.3830181885,0.0490893986076117
"species_fetch",65874.5681821777,0.0490984320640564
"species_fetch",65968.753346167,0.0491076892241836
"species_fetch",66062.9385101563,0.0491169463843107
"species_fetch",66157.1236741455,0.049126430042088
"species_fetch",66251.3088381348,0.0491359136998653
"species_fetch",66345.494002124,0.0491456223651767
"species_fetch",66439.6791661133,0.049155331030488
"species_fetch",66533.8643301025,0.0491652654483914
"species_fetch",66628.0494940918,0.0491751998662949
"species_fetch",66722.2346580811,0.0491853604093194
"species_fetch",66816.4198220703,0.0491955209523439
"species_fetch",66910.6049860596,0.0492059079930186
"species_fetch",67004.7901500488,0.0492162950336933
"species_fetch",67098.9753140381,0.0492269085720181
"species_fetch",67193.1604780273,0.049237522110343
"species_fetch",67287.3456420166,0.049248362146318
"species_fetch",67381.5308060059,0.0492592021822929
"species_fetch",67475.7159699951,0.0492702689021826
"species_fetch",67569.9011339844,0.0492813356220722
"species_fetch",67664.0862979736,0.0492926303297281
"species_fetch",67758.2714619629,0.049303925037384
"species_fetch",67852.4566259522,0.0493154469877482
"species_fetch",67946.6417899414,0.0493269689381123
"species_fetch",68040.8269539307,0.0493387186899781
"species_fetch",68135.0121179199,0.049350468441844
"species_fetch",68229.1972819092,0.0493624458089471
"species_fetch",68323.3824458984,0.0493744231760502
"species_fetch",68417.5676098877,0.0493692578747868
"species_fetch",68511.752773877,0.0493640925735235
"species_fetch",68605.9379378662,0.0493524610996246
"species_fetch",68700.1231018555,0.0493408296257258
"species_fetch",68794.3082658447,0.0493296323344111
"species_fetch",68888.493429834,0.0493184350430965
"species_fetch",68982.6785938232,0.0493076711893082
"species_fetch",69076.8637578125,0.0492969073355198
"species_fetch",69171.0489218018,0.0491604413837194
"species_fetch",69265.234085791,0.0490239754319191
"species_fetch",69359.4192497803,0.0488057270646095
"species_fetch",69453.6044137695,0.0485874786973
"species_fetch",69547.7895777588,0.0483715469017625
"species_fetch",69641.974741748,0.048155615106225
"species_fetch",69736.1599057373,0.0479419967159629
"species_fetch",69830.3450697266,0.0477283783257008
"species_fetch",69924.5302337158,0.0475170340389013
"species_fetch",70018.7153977051,0.0473056897521019
"species_fetch",70112.9005616943,0.0470966171473265
"species_fetch",70207.0857256836,0.046887544542551
"species_fetch",70301.2708896729,0.0466807130724192
"species_fetch",70395.4560536621,0.0464738816022873
"species_fetch",70489.6412176514,0.0462692614644766
"species_fetch",70583.8263816406,0.0460646413266659
"species_fetch",70678.0115456299,0.0458622300997376
"species_fetch",70772.1967096191,0.0456598188728094
"species_fetch",70866.3818736084,0.0454595763236284
"species_fetch",70960.5670375977,0.0452593337744474
"species_fetch",71054.7522015869,0.0450612582266331
"species_fetch",71148.9373655762,0.0448631826788187
"species_fetch",71243.1225295654,0.044667243398726
"species_fetch",71337.3076935547,0.0444713041186333
"species_fetch",71431.492857544,0.0442774727940559
"species_fetch",71525.6780215332,0.0440836414694786
"species_fetch",71619.8631855225,0.0438919128850102
"species_fetch",71714.0483495117,0.0437001843005419
"species_fetch",71808.233513501,0.0435105226933956
"species_fetch",71902.4186774902,0.0433208610862494
"species_fetch",71996.6038414795,0.0431332619860769
"species_fetch",72090.7890054687,0.0429456628859043
"species_fetch",72184.974169458,0.0427600961178541
"species_fetch",72279.1593334473,0.0425745293498039
"species_fetch",72373.3444974365,0.0423909679055214
"species_fetch",72467.5296614258,0.0422074064612389
"species_fetch",72561.714825415,0.0420258453115821
"species_fetch",72655.8999894043,0.0418442841619253
"species_fetch",72750.0851533936,0.0416646875441074
"species_fetch",72844.2703173828,0.0414850909262896
"species_fetch",72938.4554813721,0.0413074539974332
"species_fetch",73032.6406453613,0.0411298170685768
"species_fetch",73126.8258093506,0.0409541115164757
"species_fetch",73221.0109733399,0.0407784059643745
"species_fetch",73315.1961373291,0.0406046044081449
"species_fetch",73409.3813013184,0.0404308028519154
"species_fetch",73503.5664653076,0.0402589002624154
"species_fetch",73597.7516292969,0.0400869976729155
"species_fetch",73691.9367932861,0.039916960336268
"species_fetch",73786.1219572754,0.0397469229996204
"species_fetch",73880.3071212646,0.0395787438377738
"species_fetch",73974.4922852539,0.0394105646759272
"species_fetch",74068.6774492432,0.0392442194744944
"species_fetch",74162.8626132324,0.0390778742730618
"species_fetch",74257.0477772217,0.0389133336022496
"species_fetch",74351.2329412109,0.0387487929314375
"species_fetch",74445.4181052002,0.0385860530659556
"species_fetch",74539.6032691895,0.0384233132004738
"species_fetch",74633.7884331787,0.038262340426445
"species_fetch",74727.973597168,0.0381013676524162
"species_fetch",74822.1587611572,0.0379421571269632
"species_fetch",74916.3439251465,0.03778294660151
"species_fetch",75010.5290891357,0.037625471316278
"species_fetch",75104.714253125,0.0374679960310459
"species_fetch",75198.8994171143,0.0373122315853834
"species_fetch",75293.0845811035,0.0371564671397209
"species_fetch",75387.2697450928,0.0370024066418409
"species_fetch",75481.454909082,0.036848346143961
"species_fetch",75575.6400730713,0.0366959596052766
"species_fetch",75669.8252370606,0.0365435730665922
"species_fetch",75764.0104010498,0.0363928528502584
"species_fetch",75858.1955650391,0.0362421326339245
"species_fetch",75952.3807290283,0.0360930554568767
"species_fetch",76046.5658930176,0.035943978279829
"species_fetch",76140.7510570068,0.0357965188100934
"species_fetch",76234.9362209961,0.0356490593403578
"species_fetch",76329.1213849854,0.0355032116174698
"species_fetch",76423.3065489746,0.0353573638945818
"species_fetch",76517.4917129639,0.0352130986750126
"species_fetch",76611.6768769531,0.0350688334554434
"species_fetch",76705.8620409424,0.0349261438474059
"species_fetch",76800.0472049316,0.0347834542393684
"species_fetch",76894.2323689209,0.0346423167735338
"species_fetch",76988.4175329102,0.0345011793076992
"species_fetch",77082.6026968994,0.0343615714460611
"species_fetch",77176.7878608887,0.0342219635844231
"species_fetch",77270.9730248779,0.03408387824893
"species_fetch",77365.1581888672,0.0339457929134369
"species_fetch",77459.3433528564,0.0338092017918825
"species_fetch",77553.5285168457,0.0336726106703281
"species_fetch",77647.713680835,0.033537508174777
"species_fetch",77741.8988448242,0.0334024056792259
"species_fetch",77836.0840088135,0.0332687690854072
"species_fetch",77930.2691728027,0.0331351324915886
"species_fetch",78024.454336792,0.0330029387027025
"species_fetch",78118.6395007813,0.0328707449138165
"species_fetch",78212.8246647705,0.0327399892732501
"species_fetch",78307.0098287598,0.0326092336326838
"species_fetch",78401.194992749,0.0324798876419663
"species_fetch",78495.3801567383,0.0323505416512489
"species_fetch",78589.5653207275,0.0322226004675031
"species_fetch",78683.7504847168,0.0320946592837572
"species_fetch",78777.9356487061,0.0319681009277701
"species_fetch",78872.1208126953,0.0318415425717831
"species_fetch",78966.3059766846,0.0317163456231356
"species_fetch",79060.4911406738,0.0315911486744881
"species_fetch",79154.6763046631,0.0315497191622853
"species_fetch",79248.8614686524,0.0315082896500826
"species_fetch",79343.0466326416,0.0315082896500826
"species_fetch",79437.2317966309,0.0315082896500826
"species_fetch",79531.4169606201,0.0315082896500826
"species_fetch",79625.6021246094,0.0315082896500826
"species_fetch",79719.7872885986,0.0315082896500826
"species_fetch",79813.9724525879,0.0315082896500826
"species_fetch",79908.1576165772,0.0315082896500826
"species_fetch",80002.3427805664,0.0315082896500826
"species_fetch",80096.5279445557,0.0315082896500826
"species_fetch",80190.7131085449,0.0315082896500826
"species_fetch",80284.8982725342,0.0315082896500826
"species_fetch",80379.0834365234,0.0315082896500826
"species_fetch",80473.2686005127,0.0315082896500826
"species_fetch",80567.453764502,0.0315082896500826
"species_fetch",80661.6389284912,0.0315082896500826
"species_fetch",80755.8240924805,0.0315082896500826
"species_fetch",80850.0092564697,0.0315082896500826
"species_fetch",80944.194420459,0.0315082896500826
"species_fetch",81038.3795844482,0.0315082896500826
"species_fetch",81132.5647484375,0.0315082896500826
"species_fetch",81226.7499124268,0.0315082896500826
"species_fetch",81320.935076416,0.0315082896500826
"species_fetch",81415.1202404053,0.0315082896500826
"species_fetch",81509.3054043945,0.0315082896500826
"species_fetch",81603.4905683838,0.0315082896500826
"species_fetch",81697.675732373,0.0315082896500826
"species_fetch",81791.8608963623,0.0315082896500826
"species_fetch",81886.0460603516,0.0315082896500826
"species_fetch",81980.2312243408,0.0315082896500826
"species_fetch",82074.4163883301,0.0315082896500826
"species_fetch",82168.6015523193,0.0315082896500826
"species_fetch",82262.7867163086,0.0315082896500826
"species_fetch",82356.9718802979,0.0315082896500826
"species_fetch",82451.1570442871,0.0315082896500826
"species_fetch",82545.3422082764,0.0315082896500826
"species_fetch",82639.5273722656,0.0315082896500826
"species_fetch",82733.7125362549,0.0315082896500826
"species_fetch",82827.8977002442,0.0315082896500826
"species_fetch",82922.0828642334,0.0315082896500826
"species_fetch",83016.2680282227,0.0315082896500826
"species_fetch",83110.4531922119,0.0315082896500826
"species_fetch",83204.6383562012,0.0315082896500826
"species_fetch",83298.8235201904,0.0315082896500826
"species_fetch",83393.0086841797,0.0315082896500826
"species_fetch",83487.1938481689,0.0315082896500826
"species_fetch",83581.3790121582,0.0315082896500826
"species_fetch",83675.5641761475,0.0315082896500826
"species_fetch",83769.7493401367,0.0315082896500826
"species_fetch",83863.934504126,0.0315082896500826
"species_fetch",83958.1196681152,0.0315082896500826
"species_fetch",84052.3048321045,0.0315082896500826
"species_fetch",84146.4899960938,0.0315082896500826
"species_fetch",84240.675160083,0.0315082896500826
"species_fetch",84334.8603240723,0.0315082896500826
"species_fetch",84429.0454880615,0.0315082896500826
"species_fetch",84523.2306520508,0.0315082896500826
"species_fetch",84617.41581604,0.0315082896500826
"species_fetch",84711.6009800293,0.0315082896500826
"species_fetch",84805.7861440186,0.0315082896500826
"species_fetch",84899.9713080078,0.0315082896500826
"species_fetch",84994.1564719971,0.0315082896500826
"species_fetch",85088.3416359863,0.0315082896500826
"species_fetch",85182.5267999756,0.0315082896500826
"species_fetch",85276.7119639648,0.0315082896500826
"species_fetch",85370.8971279541,0.0315082896500826
"species_fetch",85465.0822919434,0.0315082896500826
"species_fetch",85559.2674559326,0.0315082896500826
"species_fetch",85653.4526199219,0.0315082896500826
"species_fetch",85747.6377839111,0.0315082896500826
"species_fetch",85841.8229479004,0.0315082896500826
"species_fetch",85936.0081118896,0.0315082896500826
"species_fetch",86030.1932758789,0.0315082896500826
"species_fetch",86124.3784398682,0.0315082896500826
"species_fetch",86218.5636038574,0.0315082896500826
"species_fetch",86312.7487678467,0.0315082896500826
"species_fetch",86406.9339318359,0.0315082896500826
"species_fetch",86501.1190958252,0.0315082896500826
"species_fetch",86595.3042598145,0.0315082896500826
"species_fetch",86689.4894238037,0.0315082896500826
"species_fetch",86783.674587793,0.0315082896500826
"species_fetch",86877.8597517822,0.0315082896500826
"species_fetch",86972.0449157715,0.0315082896500826
